block_seconds,replicate,direction,source_rows,target_rows,source_positive,target_positive,ap_qscore,ap_hcrd_8_q,delta_hcrd_qscore,direction_index
30,0,falkor_to_mesoscope,1878,2360,221,212,0.7866161477483016,0.885193166067716,0.09857701831941446,0
30,0,mesoscope_to_falkor,2142,2066,267,260,0.8120772896006189,0.8890100331354703,0.07693274353485147,1
30,1,falkor_to_mesoscope,1791,2290,405,323,0.7873609665418102,0.888241802405865,0.10088083586405483,0
30,1,mesoscope_to_falkor,2096,1849,251,279,0.8300458127406452,0.833633723881304,0.003587911140658817,1
30,2,falkor_to_mesoscope,1871,2317,205,328,0.8165708911727781,0.9152466408689518,0.09867574969617365,0
30,2,mesoscope_to_falkor,2039,1956,173,277,0.7974029075587679,0.8105086167535326,0.013105709194764725,1
30,3,falkor_to_mesoscope,1795,2127,369,259,0.7546502854964275,0.915295286212548,0.16064500071612042,0
30,3,mesoscope_to_falkor,2276,1763,248,275,0.8203708481619365,0.8429937438590415,0.02262289569710496,1
30,4,falkor_to_mesoscope,2253,2467,257,277,0.8154004288555481,0.8885621309494205,0.0731617020938724,0
30,4,mesoscope_to_falkor,2169,1686,229,206,0.7499758498187975,0.8618438792411554,0.11186802942235785,1
30,5,falkor_to_mesoscope,1736,2229,299,204,0.6785036381402179,0.855309862558183,0.17680622441796512,0
30,5,mesoscope_to_falkor,2194,1931,215,214,0.7653677037312886,0.8705900182419876,0.10522231451069897,1
30,6,falkor_to_mesoscope,1410,2419,244,311,0.7066026450687632,0.8939699423009716,0.18736729723220835,0
30,6,mesoscope_to_falkor,1951,1799,294,217,0.7360784212430689,0.8808357813682486,0.1447573601251797,1
30,7,falkor_to_mesoscope,2001,1970,230,258,0.8398623082493454,0.93388219165913,0.09401988340978462,0
30,7,mesoscope_to_falkor,1895,1820,212,185,0.6908452848200349,0.6690848158427958,-0.021760468977239156,1
30,8,falkor_to_mesoscope,1928,1839,212,229,0.8651530567509201,0.9408906793072025,0.07573762255628236,0
30,8,mesoscope_to_falkor,1975,1597,171,246,0.7687198828135092,0.9116937246789811,0.1429738418654719,1
30,9,falkor_to_mesoscope,1252,2319,218,245,0.7694519045220561,0.7609453807488767,-0.008506523773179397,0
30,9,mesoscope_to_falkor,2200,2088,253,301,0.8237815368061997,0.9049612534610434,0.08117971665484369,1
30,10,falkor_to_mesoscope,1621,2256,242,313,0.8337910040494788,0.8991049958629594,0.06531399181348063,0
30,10,mesoscope_to_falkor,2335,1685,239,310,0.8847784888874539,0.9147691376137793,0.029990648726325397,1
30,11,falkor_to_mesoscope,1831,2231,202,292,0.8204160982973452,0.9058098386107152,0.08539374031336999,0
30,11,mesoscope_to_falkor,2538,1762,322,307,0.869675244995405,0.9377840259580666,0.0681087809626616,1
30,12,falkor_to_mesoscope,1922,2268,192,240,0.7865288810634908,0.9068562969685181,0.12032741590502727,0
30,12,mesoscope_to_falkor,2284,1813,279,202,0.7626465567027545,0.8868326383318081,0.12418608162905365,1
30,13,falkor_to_mesoscope,2054,2169,200,318,0.8027768043409795,0.8836200300759484,0.08084322573496883,0
30,13,mesoscope_to_falkor,1873,1739,124,177,0.6848037154103457,0.7821125869212727,0.09730887151092704,1
30,14,falkor_to_mesoscope,1576,2331,301,306,0.8266182203603162,0.8305974801114874,0.003979259751171194,0
30,14,mesoscope_to_falkor,2042,1814,290,213,0.8017500309578156,0.8868358315766226,0.085085800618807,1
30,15,falkor_to_mesoscope,1628,2017,266,275,0.8059800596055323,0.8884079357986767,0.0824278761931444,0
30,15,mesoscope_to_falkor,2442,1739,305,192,0.8091514689197803,0.8827046653061974,0.07355319638641711,1
30,16,falkor_to_mesoscope,1715,2306,297,218,0.8380744778774747,0.8709226949309381,0.03284821705346341,0
30,16,mesoscope_to_falkor,2040,1988,200,188,0.7215416652942528,0.7814518159624876,0.059910150668234796,1
30,17,falkor_to_mesoscope,2110,1732,229,223,0.7459808013726463,0.8766803543704004,0.13069955299775404,0
30,17,mesoscope_to_falkor,2378,1897,335,207,0.7526275284294347,0.7901941102680683,0.037566581838633595,1
30,18,falkor_to_mesoscope,2182,2383,246,283,0.7843450491766242,0.8949168062522709,0.1105717570756467,0
30,18,mesoscope_to_falkor,2693,2006,363,245,0.8084792264860378,0.9070894435574219,0.09861021707138418,1
30,19,falkor_to_mesoscope,1405,2318,113,225,0.7938907154371457,0.805147609843822,0.011256894406676321,0
30,19,mesoscope_to_falkor,2146,1719,308,265,0.8307101121664676,0.8939798337673371,0.06326972160086952,1
30,20,falkor_to_mesoscope,1875,1999,301,238,0.7453441502216507,0.848593022733024,0.10324887251137327,0
30,20,mesoscope_to_falkor,2186,2648,206,276,0.7806935934171482,0.8267207422799004,0.046027148862752276,1
30,21,falkor_to_mesoscope,1672,2357,230,301,0.765354498445084,0.8930916550699339,0.12773715662484997,0
30,21,mesoscope_to_falkor,1888,1597,209,283,0.8327128330650345,0.8761374157048868,0.04342458263985227,1
30,22,falkor_to_mesoscope,2032,2017,232,239,0.7947245831505273,0.9176652052162366,0.12294062206570933,0
30,22,mesoscope_to_falkor,2235,1435,219,202,0.7681513480802405,0.8975971951342666,0.12944584705402606,1
30,23,falkor_to_mesoscope,1836,2357,261,285,0.7812245242493656,0.8816133188606575,0.10038879461129191,0
30,23,mesoscope_to_falkor,2296,1692,266,283,0.876307573169661,0.908872351593594,0.032564778423933016,1
30,24,falkor_to_mesoscope,1840,2663,339,255,0.8205896392868895,0.814021865286007,-0.006567774000882598,0
30,24,mesoscope_to_falkor,2293,1407,305,240,0.8474504609865149,0.8806421733262826,0.0331917123397677,1
30,25,falkor_to_mesoscope,2099,2151,288,241,0.732220647109699,0.8424287141039887,0.11020806699428964,0
30,25,mesoscope_to_falkor,1803,1912,229,245,0.7660615455870181,0.7963618811112314,0.030300335524213295,1
30,26,falkor_to_mesoscope,1282,2088,235,202,0.7536939890076562,0.8916861468101902,0.13799215780253404,0
30,26,mesoscope_to_falkor,2197,2060,275,331,0.7957491904300116,0.8957381733761864,0.09998898294617486,1
30,27,falkor_to_mesoscope,1840,1907,257,184,0.7696648046023703,0.9001520790056263,0.13048727440325603,0
30,27,mesoscope_to_falkor,2208,2098,213,284,0.7877898465543207,0.831046104849055,0.04325625829473423,1
30,28,falkor_to_mesoscope,1838,2067,226,248,0.8123149501227829,0.887158390767975,0.0748434406451921,0
30,28,mesoscope_to_falkor,2122,1700,228,250,0.7908420387726681,0.883760636577287,0.09291859780461886,1
30,29,falkor_to_mesoscope,1506,2626,194,291,0.8227180341920195,0.8305467076206369,0.007828673428617372,0
30,29,mesoscope_to_falkor,2096,1968,235,308,0.8002937254084227,0.8849858991185221,0.0846921737100994,1
30,30,falkor_to_mesoscope,1989,2401,272,270,0.7944537253370659,0.8783479917521232,0.08389426641505726,0
30,30,mesoscope_to_falkor,2258,1629,271,282,0.7931041183624615,0.9092085234986058,0.11610440513614428,1
30,31,falkor_to_mesoscope,2031,2140,254,216,0.7802413368285058,0.8840465012042179,0.10380516437571208,0
30,31,mesoscope_to_falkor,2174,1865,178,326,0.8020081968542796,0.8646272127950034,0.06261901594072383,1
30,32,falkor_to_mesoscope,1857,2029,242,288,0.6716825429268889,0.8295460399901186,0.15786349706322966,0
30,32,mesoscope_to_falkor,2445,1604,234,218,0.8277805664667766,0.843500784548725,0.015720218081948456,1
30,33,falkor_to_mesoscope,1302,2567,194,224,0.7757542990661683,0.904737967520193,0.12898366845402465,0
30,33,mesoscope_to_falkor,2250,1437,283,186,0.7771397575842608,0.8046881997871409,0.027548442202880108,1
30,34,falkor_to_mesoscope,1739,2194,257,273,0.7200290915424317,0.8564126160077651,0.13638352446533342,0
30,34,mesoscope_to_falkor,2030,2134,235,224,0.75382808318863,0.8024610271948466,0.04863294400621654,1
30,35,falkor_to_mesoscope,1789,2189,311,262,0.7387471134392101,0.829979694325702,0.09123258088649189,0
30,35,mesoscope_to_falkor,1946,1550,201,215,0.8497743541390913,0.8961488103498414,0.04637445621075009,1
30,36,falkor_to_mesoscope,1941,2008,314,135,0.7154002773283835,0.76349109860951,0.04809082128112652,0
30,36,mesoscope_to_falkor,2065,1701,215,195,0.7670020970267541,0.6953080264662609,-0.07169407056049326,1
30,37,falkor_to_mesoscope,1856,2253,255,266,0.7838482848992926,0.8891243254272113,0.10527604052791872,0
30,37,mesoscope_to_falkor,2396,2033,330,263,0.7547553449609922,0.833776349908917,0.07902100494792486,1
30,38,falkor_to_mesoscope,1672,2192,287,295,0.7659498955382461,0.9061200756182702,0.14017018008002413,0
30,38,mesoscope_to_falkor,2340,2248,296,263,0.8562666496270565,0.935886347066304,0.07961969743924757,1
30,39,falkor_to_mesoscope,1700,2465,205,338,0.821265792475198,0.9278183037466653,0.10655251127146725,0
30,39,mesoscope_to_falkor,2399,1920,234,308,0.8056008316178435,0.9295650601167604,0.12396422849891697,1
30,40,falkor_to_mesoscope,2301,1936,264,227,0.7079434276471718,0.9000378063144187,0.19209437866724688,0
30,40,mesoscope_to_falkor,2092,1927,248,196,0.7990458820329235,0.9072711003900041,0.10822521835708065,1
30,41,falkor_to_mesoscope,1988,2584,269,295,0.8046914087021418,0.9368082720260973,0.13211686332395545,0
30,41,mesoscope_to_falkor,2254,1404,168,119,0.6891140479531829,0.6469821560818474,-0.04213189187133548,1
30,42,falkor_to_mesoscope,1867,1699,211,224,0.8030367561383609,0.8738531510173485,0.07081639487898761,0
30,42,mesoscope_to_falkor,2252,1717,222,274,0.8348420142935148,0.9039794008835894,0.06913738659007462,1
30,43,falkor_to_mesoscope,1675,1932,170,160,0.6991662113481657,0.8664498221030851,0.16728361075491938,0
30,43,mesoscope_to_falkor,2061,1790,290,246,0.8331478256504167,0.861277560619865,0.028129734969448372,1
30,44,falkor_to_mesoscope,2166,2651,247,281,0.7920632965120394,0.8402556713324029,0.048192374820363426,0
30,44,mesoscope_to_falkor,1967,1729,177,261,0.8153786633074539,0.9271232036853039,0.11174454037784998,1
30,45,falkor_to_mesoscope,1504,2148,272,134,0.7120473315784838,0.8429041674147465,0.13085683583626273,0
30,45,mesoscope_to_falkor,2572,1994,267,286,0.8042865851799974,0.8752543347815963,0.0709677496015989,1
30,46,falkor_to_mesoscope,1687,2108,202,179,0.7763067668849589,0.8739440139683363,0.0976372470833774,0
30,46,mesoscope_to_falkor,1911,1519,247,268,0.7597466158372161,0.8299930380822991,0.07024642224508293,1
30,47,falkor_to_mesoscope,1514,2907,212,320,0.7617425553892311,0.8704553693479093,0.10871281395867827,0
30,47,mesoscope_to_falkor,2244,1503,240,223,0.7789827411842061,0.8947511664398655,0.11576842525565945,1
30,48,falkor_to_mesoscope,1975,2593,301,213,0.7779724714240583,0.8654848925956209,0.08751242117156255,0
30,48,mesoscope_to_falkor,1925,1717,149,213,0.8245431699002523,0.7839382897507262,-0.040604880149526124,1
30,49,falkor_to_mesoscope,2047,2017,269,194,0.768052235806238,0.9028014332815767,0.13474919747533864,0
30,49,mesoscope_to_falkor,2378,1665,205,217,0.7993399668088298,0.8647941700703917,0.06545420326156193,1
30,50,falkor_to_mesoscope,1639,2391,177,193,0.825740707807439,0.7836818894801406,-0.04205881832729841,0
30,50,mesoscope_to_falkor,2493,1672,307,245,0.8323846429903549,0.8503742720388205,0.017989629048465683,1
30,51,falkor_to_mesoscope,1638,2191,217,293,0.7959902310539747,0.8969740232370681,0.10098379218309339,0
30,51,mesoscope_to_falkor,2278,1872,270,365,0.8822628724705552,0.9394647614750712,0.05720188900451595,1
30,52,falkor_to_mesoscope,1890,2428,229,267,0.745644953299868,0.9426291302387386,0.1969841769388706,0
30,52,mesoscope_to_falkor,1663,1714,96,302,0.8781523009560345,0.9356263522724719,0.05747405131643746,1
30,53,falkor_to_mesoscope,1736,2233,268,319,0.816713417248318,0.9404972317152889,0.12378381446697084,0
30,53,mesoscope_to_falkor,2019,1885,254,239,0.7740218057122712,0.8021204350375899,0.028098629325318702,1
30,54,falkor_to_mesoscope,2049,2079,238,328,0.8300818794580479,0.9126253093564596,0.08254342989841168,0
30,54,mesoscope_to_falkor,2103,1673,271,270,0.7397270614333196,0.8287279172034113,0.08900085577009176,1
30,55,falkor_to_mesoscope,1793,2122,305,206,0.7343629387892566,0.8319728029535587,0.09760986416430206,0
30,55,mesoscope_to_falkor,1921,1428,210,184,0.7978380692824997,0.8416683832853369,0.04383031400283721,1
30,56,falkor_to_mesoscope,1670,1841,223,213,0.8936747960133081,0.9319992848507576,0.03832448883744943,0
30,56,mesoscope_to_falkor,2154,1859,266,258,0.8877728666238373,0.7821088035304213,-0.10566406309341592,1
30,57,falkor_to_mesoscope,2041,2297,233,265,0.7455741541646039,0.9162333977836239,0.17065924361901996,0
30,57,mesoscope_to_falkor,2196,1756,232,168,0.7992329910186659,0.8225410357544876,0.02330804473582171,1
30,58,falkor_to_mesoscope,1930,2297,274,240,0.7452391785047175,0.880835244305897,0.13559606580117944,0
30,58,mesoscope_to_falkor,1973,2214,181,200,0.6617090037984263,0.8395370661335091,0.17782806233508275,1
30,59,falkor_to_mesoscope,2317,2185,266,209,0.8297545705097662,0.8699183108982756,0.04016374038850945,0
30,59,mesoscope_to_falkor,2116,1920,246,267,0.7452609359701359,0.9328449213866641,0.1875839854165282,1
30,60,falkor_to_mesoscope,1851,2184,215,202,0.7613613455850092,0.9123797502765756,0.15101840469156635,0
30,60,mesoscope_to_falkor,2390,1709,339,255,0.8245871607813349,0.8921174087847625,0.06753024800342766,1
30,61,falkor_to_mesoscope,1720,2468,207,277,0.7881642424012745,0.8908411166395942,0.10267687423831973,0
30,61,mesoscope_to_falkor,2261,1844,287,234,0.7188065181323983,0.7476137053106433,0.02880718717824504,1
30,62,falkor_to_mesoscope,2258,2165,248,287,0.8275268918429146,0.9525837334206346,0.12505684157772,0
30,62,mesoscope_to_falkor,2600,2031,312,247,0.8303283345549658,0.8908212300983057,0.06049289554333992,1
30,63,falkor_to_mesoscope,1526,2619,205,363,0.8208700952044816,0.8959526128236873,0.0750825176192057,0
30,63,mesoscope_to_falkor,2145,2151,215,284,0.7818591528428301,0.8739663520376362,0.09210719919480603,1
30,64,falkor_to_mesoscope,1663,2064,298,207,0.7866747358096086,0.8602704172218335,0.07359568141222494,0
30,64,mesoscope_to_falkor,2032,1749,208,267,0.8580131649443972,0.9165772727387721,0.05856410779437493,1
30,65,falkor_to_mesoscope,2103,1869,265,243,0.6846184271577169,0.8649578209783805,0.18033939382066355,0
30,65,mesoscope_to_falkor,2444,1563,269,380,0.8464287826715983,0.844156434163252,-0.0022723485083462336,1
30,66,falkor_to_mesoscope,1824,2103,157,225,0.6886169910493732,0.868078651171462,0.17946166012208875,0
30,66,mesoscope_to_falkor,1942,2063,167,246,0.7748866915168623,0.8129476674556367,0.038060975938774444,1
30,67,falkor_to_mesoscope,2030,2299,306,374,0.8388946805250258,0.9232212665834195,0.08432658605839372,0
30,67,mesoscope_to_falkor,2422,1602,307,214,0.7470638809405633,0.655905099272019,-0.0911587816685443,1
30,68,falkor_to_mesoscope,1547,2252,231,253,0.7062337960873925,0.9121045503669154,0.20587075427952295,0
30,68,mesoscope_to_falkor,2431,1680,214,265,0.8774340350192882,0.8707909893486776,-0.006643045670610581,1
30,69,falkor_to_mesoscope,1777,2229,268,292,0.8370373060367882,0.905828730080716,0.0687914240439278,0
30,69,mesoscope_to_falkor,2256,1548,257,304,0.8367533878897974,0.8380224059194097,0.0012690180296123232,1
30,70,falkor_to_mesoscope,1507,2079,214,210,0.7058009288732855,0.8876744233032556,0.18187349442997014,0
30,70,mesoscope_to_falkor,2131,1688,269,197,0.8403759856484475,0.6918323311115571,-0.14854365453689045,1
30,71,falkor_to_mesoscope,1494,2183,232,198,0.7711355943759908,0.7415597088867909,-0.02957588548919987,0
30,71,mesoscope_to_falkor,2409,1882,266,283,0.8423673528424804,0.8627909102061917,0.020423557363711264,1
30,72,falkor_to_mesoscope,1904,2148,224,258,0.7921629982867681,0.8374327472246261,0.04526974893785807,0
30,72,mesoscope_to_falkor,2137,1887,215,226,0.8146838407473995,0.7672749256033085,-0.04740891514409107,1
30,73,falkor_to_mesoscope,1636,2429,273,344,0.7578491723817299,0.9060162993803681,0.1481671269986382,0
30,73,mesoscope_to_falkor,2606,1934,266,164,0.7798351899938764,0.8689545412119074,0.08911935121803105,1
30,74,falkor_to_mesoscope,1673,1881,165,230,0.7918209972760969,0.9050047587346173,0.11318376145852038,0
30,74,mesoscope_to_falkor,2557,1726,370,194,0.8533074580477992,0.8450226856428313,-0.008284772404967833,1
30,75,falkor_to_mesoscope,1614,2040,165,242,0.7212891953037304,0.8662166638129487,0.14492746850921834,0
30,75,mesoscope_to_falkor,2174,1633,244,237,0.7884885534115742,0.7926399635206485,0.004151410109074272,1
30,76,falkor_to_mesoscope,1832,2127,257,245,0.7114024073313192,0.9061286521372981,0.1947262448059789,0
30,76,mesoscope_to_falkor,1948,1779,248,241,0.7654201271543508,0.8379217082186042,0.07250158106425342,1
30,77,falkor_to_mesoscope,2066,2069,230,234,0.7919714686807943,0.9370679367609288,0.14509646808013454,0
30,77,mesoscope_to_falkor,2093,1573,225,125,0.7581187051772785,0.9070267130515758,0.14890800787429725,1
30,78,falkor_to_mesoscope,1646,2401,292,220,0.6793007215845062,0.8667453052507202,0.18744458366621408,0
30,78,mesoscope_to_falkor,2093,1987,238,269,0.8042912050169385,0.7950793855457889,-0.009211819471149574,1
30,79,falkor_to_mesoscope,1932,2305,185,202,0.7577943070570379,0.9039328540831564,0.1461385470261185,0
30,79,mesoscope_to_falkor,2228,2445,217,216,0.7507400095271057,0.8322647631165012,0.08152475358939548,1
30,80,falkor_to_mesoscope,1839,1702,274,238,0.7715341413637259,0.9622835856347255,0.1907494442709996,0
30,80,mesoscope_to_falkor,2010,1902,190,236,0.8516622802008339,0.8987122143942005,0.04704993419336656,1
30,81,falkor_to_mesoscope,2041,2316,195,310,0.7499394711523538,0.915898102280727,0.16595863112837317,0
30,81,mesoscope_to_falkor,2061,1675,264,209,0.821455563988043,0.8897143913456058,0.06825882735756283,1
30,82,falkor_to_mesoscope,1584,2126,174,127,0.6743180198689446,0.7310686386277399,0.05675061875879528,0
30,82,mesoscope_to_falkor,2422,1634,247,222,0.85028733005569,0.9080866820068022,0.05779935195111219,1
30,83,falkor_to_mesoscope,1953,2237,230,218,0.7816342258923364,0.8777819296029988,0.09614770371066239,0
30,83,mesoscope_to_falkor,2257,2053,195,200,0.728226392692586,0.8312548172441829,0.10302842455159689,1
30,84,falkor_to_mesoscope,1969,2267,206,240,0.780342956227652,0.8443591072098348,0.06401615098218272,0
30,84,mesoscope_to_falkor,2092,2098,215,265,0.7762878131989839,0.8202317445687656,0.0439439313697817,1
30,85,falkor_to_mesoscope,1915,2251,211,297,0.7757320488940831,0.892867396450594,0.1171353475565109,0
30,85,mesoscope_to_falkor,2159,1529,260,258,0.7883502553041677,0.8562571812366407,0.06790692593247305,1
30,86,falkor_to_mesoscope,2149,2073,324,154,0.7945594034150393,0.8881089861248617,0.09354958270982239,0
30,86,mesoscope_to_falkor,2324,1764,237,330,0.8635921413384872,0.9227972389802955,0.05920509764180837,1
30,87,falkor_to_mesoscope,2082,2062,215,230,0.7652487084204104,0.9011305217518502,0.13588181333143978,0
30,87,mesoscope_to_falkor,2129,1737,240,188,0.7761512983927455,0.9164472097118073,0.14029591131906172,1
30,88,falkor_to_mesoscope,1813,2433,269,286,0.748500912881724,0.8225122145807671,0.07401130169904302,0
30,88,mesoscope_to_falkor,2475,1903,120,216,0.7598518013671083,0.8402599378746614,0.08040813650755307,1
30,89,falkor_to_mesoscope,1929,2412,234,321,0.7576160145979288,0.9249375873363672,0.1673215727384384,0
30,89,mesoscope_to_falkor,2034,1225,266,194,0.7988758013055035,0.8537424426455119,0.054866641340008404,1
30,90,falkor_to_mesoscope,1742,2679,285,283,0.7907012492726881,0.8405271124831789,0.04982586321049076,0
30,90,mesoscope_to_falkor,1896,2341,273,230,0.8672926787521293,0.8870504292117253,0.019757750459595935,1
30,91,falkor_to_mesoscope,1956,2058,187,273,0.8034187590065183,0.9310554746040796,0.1276367155975613,0
30,91,mesoscope_to_falkor,2431,1563,176,256,0.792601000207442,0.8225571837730676,0.029956183565625683,1
30,92,falkor_to_mesoscope,2047,2329,272,280,0.7426037756680478,0.8651481716062447,0.12254439593819688,0
30,92,mesoscope_to_falkor,2594,1779,330,204,0.7961746460398746,0.9211547196104094,0.12498007357053476,1
30,93,falkor_to_mesoscope,2272,2328,290,217,0.7836804636917917,0.9117742808815845,0.12809381718979285,0
30,93,mesoscope_to_falkor,1968,1655,170,226,0.882776794616076,0.9035057934113881,0.020728998795312092,1
30,94,falkor_to_mesoscope,1867,2050,178,180,0.8439263443229883,0.8957505146526905,0.05182417032970221,0
30,94,mesoscope_to_falkor,2494,2009,385,255,0.8220681829571355,0.9327855508542293,0.11071736789709385,1
30,95,falkor_to_mesoscope,1565,2649,245,323,0.8615784402348258,0.962537187926705,0.10095874769187918,0
30,95,mesoscope_to_falkor,2254,1617,177,278,0.7786403172411568,0.9042710126311884,0.12563069539003158,1
30,96,falkor_to_mesoscope,2003,2283,263,254,0.7288027697710985,0.9046648599759994,0.17586209020490096,0
30,96,mesoscope_to_falkor,2225,1686,334,265,0.8070027927748815,0.8062155433781076,-0.0007872493967738814,1
30,97,falkor_to_mesoscope,1831,2113,171,270,0.7829029138848719,0.8652458962405062,0.08234298235563431,0
30,97,mesoscope_to_falkor,2053,1875,130,253,0.825686696715451,0.8228736324696144,-0.002813064245836605,1
30,98,falkor_to_mesoscope,1907,2218,235,238,0.8172499084278559,0.86444826873488,0.04719836030702407,0
30,98,mesoscope_to_falkor,2120,1781,275,191,0.8162365537919724,0.8145425177330938,-0.001694036058878523,1
30,99,falkor_to_mesoscope,1944,2491,292,265,0.8556006666008231,0.9190969004492804,0.06349623384845726,0
30,99,mesoscope_to_falkor,2199,1941,217,267,0.7714275628739585,0.7772744305086533,0.0058468676346947746,1
30,100,falkor_to_mesoscope,1706,2182,246,239,0.7845508694104085,0.926923958899632,0.14237308948922345,0
30,100,mesoscope_to_falkor,2556,2192,330,208,0.72669001965497,0.9051866466649543,0.17849662700998425,1
30,101,falkor_to_mesoscope,1840,1904,275,182,0.8227669893806079,0.8771577333850508,0.05439074400444288,0
30,101,mesoscope_to_falkor,2216,1531,257,206,0.7264422266719488,0.8895151076712852,0.16307288099933637,1
30,102,falkor_to_mesoscope,1669,2367,179,242,0.686236618144227,0.8678814231334345,0.18164480498920754,0
30,102,mesoscope_to_falkor,2242,1548,277,223,0.8401256174763043,0.8350591795415138,-0.0050664379347905575,1
30,103,falkor_to_mesoscope,2026,2369,265,245,0.7260677924080876,0.8794970207785014,0.15342922837041384,0
30,103,mesoscope_to_falkor,2153,2005,291,274,0.797794748815416,0.8786282938577362,0.08083354504232021,1
30,104,falkor_to_mesoscope,2027,2223,200,193,0.8508658269879908,0.8174719776414919,-0.033393849346498916,0
30,104,mesoscope_to_falkor,2157,1656,208,148,0.7590611528552548,0.6970674059920562,-0.061993746863198584,1
30,105,falkor_to_mesoscope,2111,2048,236,155,0.7588218747296794,0.9192949522598972,0.16047307753021778,0
30,105,mesoscope_to_falkor,2750,1600,348,221,0.7238053138003695,0.8487099791713749,0.12490466537100542,1
30,106,falkor_to_mesoscope,1844,1918,337,248,0.7886891598011827,0.9004014851156081,0.11171232531442543,0
30,106,mesoscope_to_falkor,2309,1945,253,252,0.8218408307445267,0.7764477692528928,-0.04539306149163391,1
30,107,falkor_to_mesoscope,2067,2085,213,298,0.8678002726912853,0.9141068457303015,0.0463065730390162,0
30,107,mesoscope_to_falkor,2178,1713,198,280,0.827499978383883,0.9123185781971833,0.08481859981330031,1
30,108,falkor_to_mesoscope,1927,2029,225,189,0.6396692230157213,0.8048130083329947,0.16514378531727347,0
30,108,mesoscope_to_falkor,1993,1504,286,254,0.8273511320017936,0.7251980703840926,-0.10215306161770099,1
30,109,falkor_to_mesoscope,1572,2012,266,201,0.7978923401707652,0.8845676265290796,0.08667528635831445,0
30,109,mesoscope_to_falkor,2048,1472,323,227,0.8123281898794144,0.8865755835444378,0.07424739366502342,1
30,110,falkor_to_mesoscope,1704,2541,243,386,0.7881259089755932,0.9149946972349892,0.12686878825939596,0
30,110,mesoscope_to_falkor,2108,1746,271,265,0.7950043910136404,0.9094472492071557,0.1144428581935153,1
30,111,falkor_to_mesoscope,1672,2367,257,308,0.7211007155878111,0.9381503184236561,0.21704960283584507,0
30,111,mesoscope_to_falkor,2000,1987,187,222,0.7981704855892074,0.9289218877175893,0.13075140212838188,1
30,112,falkor_to_mesoscope,1765,2221,254,326,0.7388236299816923,0.8877055450919082,0.14888191511021598,0
30,112,mesoscope_to_falkor,2248,1632,189,181,0.7553237671850898,0.8157091511986292,0.060385384013539434,1
30,113,falkor_to_mesoscope,1558,2179,240,268,0.7504922079557922,0.8183876956960449,0.06789548774025267,0
30,113,mesoscope_to_falkor,2376,1512,302,170,0.7685020560747943,0.828030666887833,0.05952861081303873,1
30,114,falkor_to_mesoscope,1525,1904,201,105,0.7837239646405709,0.7940926790570777,0.010368714416506775,0
30,114,mesoscope_to_falkor,2468,1905,305,223,0.8435101900584066,0.9425665147175184,0.09905632465911185,1
30,115,falkor_to_mesoscope,1851,2593,256,358,0.8186435972782342,0.9488189790521216,0.13017538177388743,0
30,115,mesoscope_to_falkor,2313,1831,223,162,0.6760913719614783,0.8832862420360718,0.20719487007459347,1
30,116,falkor_to_mesoscope,1494,2263,174,290,0.8204546047006598,0.9285043428688591,0.1080497381681993,0
30,116,mesoscope_to_falkor,1890,2156,296,249,0.7387227061367722,0.8244989641073421,0.08577625797056998,1
30,117,falkor_to_mesoscope,1973,2189,208,252,0.743466558376162,0.9150859592269012,0.17161940085073912,0
30,117,mesoscope_to_falkor,2269,1674,270,248,0.7947756904223362,0.932168455081639,0.13739276465930284,1
30,118,falkor_to_mesoscope,1812,2169,229,237,0.8622158622734764,0.9524637873174544,0.09024792504397805,0
30,118,mesoscope_to_falkor,2068,1861,225,222,0.8176717118622868,0.8709576032768935,0.05328589141460671,1
30,119,falkor_to_mesoscope,2007,2136,310,215,0.6998367854050286,0.8995888186621112,0.19975203325708257,0
30,119,mesoscope_to_falkor,1784,1726,186,246,0.8612689913680961,0.927782731065968,0.06651373969787189,1
30,120,falkor_to_mesoscope,1821,2038,197,167,0.8286966157501413,0.8164190424648647,-0.012277573285276566,0
30,120,mesoscope_to_falkor,2393,1654,248,250,0.8497472409776167,0.8172175615353122,-0.03252967944230445,1
30,121,falkor_to_mesoscope,1746,2097,206,275,0.810572515969432,0.8964620263394433,0.08588951037001125,0
30,121,mesoscope_to_falkor,2571,1811,237,269,0.824561137086806,0.8681914951832054,0.04363035809639937,1
30,122,falkor_to_mesoscope,1645,2329,281,322,0.7867237299202763,0.9422783916900721,0.15555466176979582,0
30,122,mesoscope_to_falkor,2360,1605,319,234,0.7924853825545456,0.8706566002812461,0.07817121772670055,1
30,123,falkor_to_mesoscope,1733,2239,225,313,0.7618055751424679,0.9113857069344953,0.14958013179202734,0
30,123,mesoscope_to_falkor,2192,1889,242,284,0.8100058349272338,0.8268173328281059,0.016811497900872108,1
30,124,falkor_to_mesoscope,1516,2207,240,191,0.7057647561506124,0.8710583802490797,0.16529362409846726,0
30,124,mesoscope_to_falkor,1970,1695,281,222,0.6944729523986557,0.8566642389803781,0.16219128658172244,1
30,125,falkor_to_mesoscope,2062,2115,212,188,0.8345206058698883,0.930011819302696,0.09549121343280775,0
30,125,mesoscope_to_falkor,2023,1968,288,227,0.8110765161260792,0.8521400889848932,0.04106357285881401,1
30,126,falkor_to_mesoscope,2136,2439,314,314,0.8307411396628495,0.8912907299490437,0.06054959028619422,0
30,126,mesoscope_to_falkor,2164,2048,253,321,0.877884055103761,0.8687364603796127,-0.009147594724148278,1
30,127,falkor_to_mesoscope,1666,2011,224,180,0.7872840573425984,0.8530303119364759,0.0657462545938775,0
30,127,mesoscope_to_falkor,2031,1918,251,209,0.7354503852440488,0.8389531337525263,0.10350274850847752,1
30,128,falkor_to_mesoscope,1640,2072,251,214,0.8441753436784284,0.904400377556811,0.06022503387838263,0
30,128,mesoscope_to_falkor,2125,1916,257,239,0.7527089943986462,0.8529276350279652,0.10021864062931896,1
30,129,falkor_to_mesoscope,1689,2113,328,318,0.8209917818347173,0.8686006990110033,0.047608917176286014,0
30,129,mesoscope_to_falkor,2459,1413,387,253,0.8558783137655755,0.8721949921553264,0.016316678389750816,1
30,130,falkor_to_mesoscope,1669,2136,274,275,0.8021267211920777,0.879291144644765,0.07716442345268726,0
30,130,mesoscope_to_falkor,1878,1648,260,289,0.8067960688117813,0.8768400914890173,0.07004402267723597,1
30,131,falkor_to_mesoscope,1803,2072,301,276,0.7406328667341044,0.9225328771561464,0.18190001042204196,0
30,131,mesoscope_to_falkor,1882,1310,141,173,0.7523791207690882,0.6804857949299803,-0.0718933258391079,1
30,132,falkor_to_mesoscope,1973,2414,162,316,0.7579722689372356,0.8858221737115022,0.1278499047742666,0
30,132,mesoscope_to_falkor,2351,1508,247,188,0.7767949143103389,0.853063672971501,0.07626875866116212,1
30,133,falkor_to_mesoscope,1873,2140,283,299,0.8644040257123041,0.9506316241565675,0.08622759844426342,0
30,133,mesoscope_to_falkor,2110,1756,243,239,0.793680553871694,0.8258072846139539,0.03212673074225991,1
30,134,falkor_to_mesoscope,1376,2013,196,291,0.6911485827639441,0.920356119892536,0.22920753712859188,0
30,134,mesoscope_to_falkor,2149,1773,273,302,0.8588879897899565,0.8656011046010418,0.0067131148110852745,1
30,135,falkor_to_mesoscope,1953,2211,257,233,0.8101413125067819,0.8620558766926009,0.05191456418581897,0
30,135,mesoscope_to_falkor,2017,1906,263,190,0.8106174612427387,0.8243342586003484,0.013716797357609667,1
30,136,falkor_to_mesoscope,1734,2264,265,246,0.8104959071802337,0.8741186506495457,0.06362274346931207,0
30,136,mesoscope_to_falkor,2309,1933,289,239,0.8245522867827735,0.9173408458176954,0.09278855903492189,1
30,137,falkor_to_mesoscope,1799,2120,218,246,0.773804119550995,0.8659960594705816,0.09219193991958652,0
30,137,mesoscope_to_falkor,2379,1767,215,226,0.8333681449163426,0.8678894835323595,0.03452133861601692,1
30,138,falkor_to_mesoscope,1962,2211,237,237,0.7757103891301652,0.9037109042226978,0.12800051509253263,0
30,138,mesoscope_to_falkor,1942,2100,166,164,0.7406121457707124,0.6328060693199619,-0.10780607645075058,1
30,139,falkor_to_mesoscope,1900,1930,206,201,0.8047691486876432,0.9283281445680043,0.12355899588036112,0
30,139,mesoscope_to_falkor,2421,1394,242,190,0.7687605043572109,0.8139914909174546,0.04523098656024371,1
30,140,falkor_to_mesoscope,1617,1725,203,137,0.7109065192099115,0.8392739365823786,0.12836741737246704,0
30,140,mesoscope_to_falkor,2094,1983,298,237,0.7919766433210883,0.8478027618911989,0.05582611857011055,1
30,141,falkor_to_mesoscope,2131,2528,226,272,0.8453259258428305,0.9094896857293465,0.06416375988651601,0
30,141,mesoscope_to_falkor,2300,1839,262,183,0.8044777138956043,0.9051695509516335,0.10069183705602924,1
30,142,falkor_to_mesoscope,1931,2033,202,187,0.7821837337521352,0.8511965582629786,0.06901282451084334,0
30,142,mesoscope_to_falkor,2171,1784,211,323,0.8471893289910986,0.8991389779242475,0.051949648933148906,1
30,143,falkor_to_mesoscope,1583,2390,190,255,0.7217971929927591,0.868893229138279,0.14709603614551992,0
30,143,mesoscope_to_falkor,2395,1625,217,185,0.8197686764789598,0.8634194827919325,0.04365080631297269,1
30,144,falkor_to_mesoscope,1996,2180,227,246,0.8320520858988381,0.9214493313430078,0.08939724544416972,0
30,144,mesoscope_to_falkor,1918,2040,159,302,0.79805330612268,0.8526205393694662,0.05456723324678625,1
30,145,falkor_to_mesoscope,2261,2050,187,292,0.8256998774559062,0.8885996443372638,0.06289976688135757,0
30,145,mesoscope_to_falkor,2118,2129,178,206,0.746468306446743,0.9006408461212858,0.1541725396745428,1
30,146,falkor_to_mesoscope,2037,2338,288,370,0.8031444831160951,0.9211777556355261,0.11803327251943097,0
30,146,mesoscope_to_falkor,2216,1739,204,223,0.8358939047308462,0.8682478346877861,0.032353929956939864,1
30,147,falkor_to_mesoscope,1820,2084,228,481,0.8236009246975936,0.9475016538992089,0.12390072920161532,0
30,147,mesoscope_to_falkor,2231,1631,298,257,0.7834076355348536,0.85330135482983,0.06989371929497645,1
30,148,falkor_to_mesoscope,1770,2208,231,267,0.7591741643713681,0.9231239421587527,0.16394977778738462,0
30,148,mesoscope_to_falkor,2162,1462,280,287,0.8001967818113778,0.9059969533803851,0.10580017156900734,1
30,149,falkor_to_mesoscope,2047,2289,272,277,0.7977614511726083,0.9073225282000719,0.10956107702746354,0
30,149,mesoscope_to_falkor,2596,1744,242,227,0.8075338199863574,0.87831644204146,0.07078262205510255,1
30,150,falkor_to_mesoscope,2063,2314,338,242,0.7548804008797748,0.8161137663316145,0.06123336545183966,0
30,150,mesoscope_to_falkor,2798,1595,297,201,0.7597252360303963,0.7419716505997446,-0.017753585430651753,1
30,151,falkor_to_mesoscope,1856,2421,279,236,0.7738195017797208,0.8954791596892446,0.12165965790952382,0
30,151,mesoscope_to_falkor,2125,1935,209,228,0.7333893310419296,0.783304131314441,0.049914800272511384,1
30,152,falkor_to_mesoscope,1802,2187,206,278,0.8502307905248758,0.8888252938937885,0.03859450336891268,0
30,152,mesoscope_to_falkor,2276,2044,260,246,0.8245019466827446,0.8585710240633744,0.03406907738062981,1
30,153,falkor_to_mesoscope,1912,2233,296,215,0.6711916361456498,0.8800233583930369,0.2088317222473871,0
30,153,mesoscope_to_falkor,2169,2117,265,198,0.7160495340286396,0.813472299195994,0.09742276516735437,1
30,154,falkor_to_mesoscope,1825,2087,217,298,0.8373654572550622,0.8924248657324643,0.055059408477402094,0
30,154,mesoscope_to_falkor,1934,1846,197,227,0.8108575444271477,0.8779281173060555,0.06707057287890772,1
30,155,falkor_to_mesoscope,1848,2099,304,238,0.8070300184482755,0.9156539708246431,0.10862395237636757,0
30,155,mesoscope_to_falkor,2110,2039,266,174,0.7364434355495517,0.7974549768514807,0.061011541301928984,1
30,156,falkor_to_mesoscope,1631,2463,231,250,0.7250146442910872,0.844354580207037,0.11933993591594982,0
30,156,mesoscope_to_falkor,2424,2136,278,322,0.7628841920105107,0.8117637556685692,0.048879563658058456,1
30,157,falkor_to_mesoscope,2117,2099,185,218,0.7754859841407402,0.8622575636382624,0.08677157949752223,0
30,157,mesoscope_to_falkor,2052,1789,269,191,0.8130417038497095,0.8291660659219976,0.016124362072288068,1
30,158,falkor_to_mesoscope,2098,2192,257,278,0.8442912828868625,0.9336868866076165,0.08939560372075395,0
30,158,mesoscope_to_falkor,2114,1875,286,269,0.7676029648562446,0.8704064495888636,0.10280348473261902,1
30,159,falkor_to_mesoscope,2059,2210,291,308,0.7964669058041856,0.8840906189700072,0.08762371316582163,0
30,159,mesoscope_to_falkor,2121,1733,293,213,0.8249152390473908,0.9048805333808609,0.0799652943334701,1
30,160,falkor_to_mesoscope,1890,1757,202,241,0.6675506292186221,0.8649695416382313,0.19741891241960918,0
30,160,mesoscope_to_falkor,2469,1748,295,248,0.810986638470646,0.8899876115634179,0.07900097309277188,1
30,161,falkor_to_mesoscope,2065,2243,342,373,0.7716342004296927,0.9445492161413426,0.1729150157116499,0
30,161,mesoscope_to_falkor,2087,2047,315,258,0.7944612557205577,0.7445485814687378,-0.04991267425181989,1
30,162,falkor_to_mesoscope,1822,2287,263,195,0.713525696054023,0.838161937898457,0.124636241844434,0
30,162,mesoscope_to_falkor,2172,1558,236,181,0.790880534936202,0.9100200947834965,0.11913955984729452,1
30,163,falkor_to_mesoscope,1951,2634,286,266,0.7939135107273506,0.8628641030253658,0.06895059229801515,0
30,163,mesoscope_to_falkor,1877,1429,260,297,0.8604364737636736,0.8737311610387173,0.013294687275043682,1
30,164,falkor_to_mesoscope,2142,2500,212,281,0.7746433362120373,0.9241867245637286,0.14954338835169134,0
30,164,mesoscope_to_falkor,2460,1689,195,228,0.7304873135770258,0.8733262500259378,0.142838936448912,1
30,165,falkor_to_mesoscope,1503,2441,219,295,0.7670895513704289,0.8691531945433375,0.10206364317290861,0
30,165,mesoscope_to_falkor,1846,1753,193,234,0.7923368075300915,0.832305786448748,0.03996897891865647,1
30,166,falkor_to_mesoscope,1609,2066,222,244,0.8217211879246767,0.9064342586043967,0.08471307067972,0
30,166,mesoscope_to_falkor,2190,1610,226,150,0.8259565399977062,0.9110924055470372,0.08513586554933095,1
30,167,falkor_to_mesoscope,1973,1820,269,229,0.7608145668165264,0.8665573752120046,0.10574280839547823,0
30,167,mesoscope_to_falkor,2358,2097,238,245,0.7619443474335378,0.8649734567766106,0.10302910934307286,1
30,168,falkor_to_mesoscope,1330,2202,244,225,0.7866865012242004,0.7429837067293016,-0.04370279449489878,0
30,168,mesoscope_to_falkor,2266,1309,194,197,0.675812624765969,0.8461960052860772,0.17038338052010815,1
30,169,falkor_to_mesoscope,1721,2327,256,262,0.6860513329855709,0.8108779790467981,0.12482664606122729,0
30,169,mesoscope_to_falkor,2339,2180,265,292,0.7825452102475278,0.8126458945602701,0.030100684312742376,1
30,170,falkor_to_mesoscope,1681,2294,173,222,0.7528014722219183,0.7613835465445812,0.008582074322662891,0
30,170,mesoscope_to_falkor,2484,2133,279,243,0.8136949626312839,0.8962526322406725,0.0825576696093886,1
30,171,falkor_to_mesoscope,2051,2082,195,201,0.7532624760840286,0.860570755615664,0.10730827953163535,0
30,171,mesoscope_to_falkor,1989,1551,258,254,0.8632659422613167,0.8555101436628049,-0.007755798598511832,1
30,172,falkor_to_mesoscope,1944,2197,223,273,0.7172200003629956,0.8710129223802501,0.15379292201725447,0
30,172,mesoscope_to_falkor,1967,1382,208,246,0.8077040295444302,0.8038957260218349,-0.0038083035225953132,1
30,173,falkor_to_mesoscope,1500,2070,220,186,0.8101840054146855,0.9015802536961441,0.09139624828145865,0
30,173,mesoscope_to_falkor,2186,2119,209,264,0.7730130108777968,0.8737518272370232,0.10073881635922632,1
30,174,falkor_to_mesoscope,1747,2262,191,290,0.8666061122226624,0.91292559043247,0.04631947820980764,0
30,174,mesoscope_to_falkor,2127,1461,318,242,0.8117926834885967,0.8547704047505923,0.042977721261995616,1
30,175,falkor_to_mesoscope,1856,1918,222,272,0.8050971084777785,0.9359367014666714,0.13083959298889292,0
30,175,mesoscope_to_falkor,1951,1909,144,191,0.8497524205788759,0.8212030772286374,-0.02854934335023851,1
30,176,falkor_to_mesoscope,1650,2133,243,239,0.8600860929331408,0.8602212750810012,0.00013518214786045757,0
30,176,mesoscope_to_falkor,2561,1730,318,212,0.8306566152647196,0.8667928479311476,0.03613623266642807,1
30,177,falkor_to_mesoscope,1638,2084,280,394,0.8276019623723976,0.9453339505067836,0.11773198813438601,0
30,177,mesoscope_to_falkor,2349,1620,297,314,0.8686392655923089,0.9148893447210235,0.046250079128714594,1
30,178,falkor_to_mesoscope,1872,2250,235,247,0.8192847175459631,0.8541369105414437,0.03485219299548059,0
30,178,mesoscope_to_falkor,2146,1976,217,240,0.8421121962941848,0.8757117271073868,0.033599530813201994,1
30,179,falkor_to_mesoscope,1567,2178,178,173,0.7786824499037571,0.8471464885236528,0.0684640386198957,0
30,179,mesoscope_to_falkor,2385,1988,220,195,0.6967347710269557,0.8546820691182789,0.15794729809132324,1
30,180,falkor_to_mesoscope,1871,2391,330,360,0.7617317532861644,0.9499866946941443,0.18825494140797994,0
30,180,mesoscope_to_falkor,2223,1941,250,300,0.8130115195281309,0.8865847449923803,0.07357322546424938,1
30,181,falkor_to_mesoscope,1972,1842,193,177,0.731392552857895,0.8521433736675755,0.12075082080968058,0
30,181,mesoscope_to_falkor,2593,2126,236,317,0.7908534298774486,0.9139374733561966,0.12308404347874802,1
30,182,falkor_to_mesoscope,1963,2363,232,250,0.7792131206407438,0.8446034221806964,0.06539030153995262,0
30,182,mesoscope_to_falkor,2344,1453,261,215,0.794139651585381,0.9080759426377816,0.11393629105240055,1
30,183,falkor_to_mesoscope,2026,2220,401,247,0.7666195810671494,0.8801737127871344,0.11355413171998496,0
30,183,mesoscope_to_falkor,2184,1835,280,203,0.8023777647992123,0.8374998290147362,0.035122064215523885,1
30,184,falkor_to_mesoscope,1564,2198,217,240,0.7908793638822214,0.9029130179750926,0.11203365409287125,0
30,184,mesoscope_to_falkor,2102,1534,256,180,0.7904954558832943,0.6150415840167486,-0.1754538718665457,1
30,185,falkor_to_mesoscope,1877,1924,238,217,0.8500493474830764,0.8935021458387421,0.043452798355665734,0
30,185,mesoscope_to_falkor,2042,1612,190,301,0.8330417466335872,0.8677319133509201,0.03469016671733294,1
30,186,falkor_to_mesoscope,1883,2397,254,334,0.8578361423608442,0.9285499998958588,0.07071385753501469,0
30,186,mesoscope_to_falkor,2390,1695,217,314,0.8354800618867085,0.8459807123171806,0.010500650430472103,1
30,187,falkor_to_mesoscope,2089,2203,301,286,0.7537919847367093,0.8742961962135416,0.12050421147683232,0
30,187,mesoscope_to_falkor,2315,1939,275,162,0.709376968585115,0.8600190002330269,0.1506420316479119,1
30,188,falkor_to_mesoscope,1659,2653,201,289,0.7917610546163977,0.8257127455781178,0.03395169096172013,0
30,188,mesoscope_to_falkor,2412,2017,296,238,0.8051606391643193,0.9228468223687136,0.11768618320439428,1
30,189,falkor_to_mesoscope,1639,1933,385,237,0.7838392239240232,0.8876225699146754,0.1037833459906522,0
30,189,mesoscope_to_falkor,1916,1491,300,304,0.8769733085818897,0.9162069777680045,0.03923366918611482,1
30,190,falkor_to_mesoscope,1872,2216,247,218,0.7492775008663892,0.7843883146557159,0.03511081378932668,0
30,190,mesoscope_to_falkor,2161,1789,232,221,0.7645593817442397,0.8901676208912875,0.12560823914704788,1
30,191,falkor_to_mesoscope,1602,2128,195,213,0.819106892128277,0.8694348221879001,0.050327930059623105,0
30,191,mesoscope_to_falkor,2134,1853,281,340,0.841476362765969,0.7961388219358183,-0.045337540830150735,1
30,192,falkor_to_mesoscope,1396,2251,182,281,0.7140226921953181,0.8795584422016993,0.1655357500063812,0
30,192,mesoscope_to_falkor,1927,1584,224,240,0.7441407097983598,0.8629126040880001,0.1187718942896403,1
30,193,falkor_to_mesoscope,1732,2304,274,197,0.7512421519177519,0.8823116483426051,0.13106949642485322,0
30,193,mesoscope_to_falkor,2058,1964,186,261,0.7964022929537087,0.9249556076258737,0.12855331467216502,1
30,194,falkor_to_mesoscope,2003,1883,370,187,0.7110857592979171,0.9038859119564714,0.19280015265855432,0
30,194,mesoscope_to_falkor,1934,1653,222,273,0.7883573589830698,0.8288416344450567,0.04048427546198685,1
30,195,falkor_to_mesoscope,1878,2253,164,272,0.7979441007951575,0.8923688397612668,0.09442473896610926,0
30,195,mesoscope_to_falkor,2137,1854,268,268,0.7599840595278585,0.858564974188556,0.09858091466069752,1
30,196,falkor_to_mesoscope,1632,1961,246,274,0.8270851682293673,0.948981710075119,0.12189654184575172,0
30,196,mesoscope_to_falkor,1977,1655,252,224,0.8484683208897644,0.8867439447527161,0.03827562386295169,1
30,197,falkor_to_mesoscope,2157,2598,331,301,0.8101035795921071,0.9113677103079619,0.10126413071585483,0
30,197,mesoscope_to_falkor,1949,1839,195,246,0.8157366427369978,0.8389943323558037,0.02325768961880592,1
30,198,falkor_to_mesoscope,1716,2026,248,276,0.8026198627050319,0.9530252182064056,0.15040535550137368,0
30,198,mesoscope_to_falkor,2035,1486,235,248,0.7295485541554306,0.7886122195721821,0.059063665416751454,1
30,199,falkor_to_mesoscope,1714,1877,219,186,0.5934576303702765,0.8090909915223864,0.21563336115210985,0
30,199,mesoscope_to_falkor,2455,1766,237,216,0.8197726906793852,0.8316507747243979,0.011878084045012671,1
30,200,falkor_to_mesoscope,1949,1923,362,258,0.76424933825734,0.9123911305327842,0.14814179227544422,0
30,200,mesoscope_to_falkor,2212,1643,225,224,0.782648043228052,0.8343039189892489,0.0516558757611969,1
30,201,falkor_to_mesoscope,1724,2212,271,226,0.71643161324769,0.8611955728966937,0.14476395964900368,0
30,201,mesoscope_to_falkor,2293,1581,291,230,0.8913052392389611,0.9405082233477174,0.04920298410875634,1
30,202,falkor_to_mesoscope,1994,2050,251,228,0.8542763891706148,0.8971029097922325,0.042826520621617736,0
30,202,mesoscope_to_falkor,1991,1889,228,189,0.7670349341765876,0.812181359254483,0.04514642507789535,1
30,203,falkor_to_mesoscope,1807,2196,285,131,0.764176854252552,0.7049683216987515,-0.05920853255380054,0
30,203,mesoscope_to_falkor,2250,2023,167,253,0.7123053308676265,0.8389463161259179,0.12664098525829137,1
30,204,falkor_to_mesoscope,1474,2183,271,301,0.7541443088246302,0.910033856660862,0.15588954783623177,0
30,204,mesoscope_to_falkor,1894,1578,189,195,0.7693820904091494,0.907486687520734,0.13810459711158463,1
30,205,falkor_to_mesoscope,1502,2658,233,346,0.7864481323556385,0.8792826689597307,0.09283453660409224,0
30,205,mesoscope_to_falkor,2100,2331,256,189,0.7908897471523204,0.8143387528401569,0.023449005687836477,1
30,206,falkor_to_mesoscope,1812,2117,346,280,0.7754851775359458,0.9009735226992981,0.12548834516335228,0
30,206,mesoscope_to_falkor,2416,1982,210,277,0.7954410587530538,0.8826502063931344,0.08720914764008059,1
30,207,falkor_to_mesoscope,1431,1996,219,216,0.7950012256822706,0.8415046431055563,0.046503417423285676,0
30,207,mesoscope_to_falkor,2041,1825,239,314,0.7927497709597733,0.8537129467962175,0.06096317583644417,1
30,208,falkor_to_mesoscope,1856,1968,246,224,0.8339985394226749,0.8915436330487368,0.05754509362606197,0
30,208,mesoscope_to_falkor,2332,1926,253,265,0.8532348122842566,0.8885201846178782,0.03528537233362161,1
30,209,falkor_to_mesoscope,1729,2085,200,259,0.7723649155876959,0.9077263671536522,0.13536145156595625,0
30,209,mesoscope_to_falkor,2376,1957,305,267,0.8231099471699621,0.8942749513412168,0.07116500417125471,1
30,210,falkor_to_mesoscope,2146,2159,178,246,0.7402347594763995,0.9051914117912075,0.16495665231480805,0
30,210,mesoscope_to_falkor,2284,1791,259,234,0.8260153267563125,0.8952563739635637,0.06924104720725122,1
30,211,falkor_to_mesoscope,1768,2174,240,223,0.7771573025300295,0.8589238724851336,0.08176656995510412,0
30,211,mesoscope_to_falkor,2420,1911,274,281,0.8497163588583975,0.8275025319009631,-0.022213826957434346,1
30,212,falkor_to_mesoscope,1869,2318,257,213,0.7178642470715976,0.9014543806580083,0.18359013358641074,0
30,212,mesoscope_to_falkor,2011,2057,260,262,0.7646276342713847,0.8404684578106612,0.07584082353927646,1
30,213,falkor_to_mesoscope,1829,2080,199,163,0.7036096398864559,0.7659729173492226,0.06236327746276671,0
30,213,mesoscope_to_falkor,2340,1691,294,235,0.8175224642854562,0.7679352175696205,-0.0495872467158357,1
30,214,falkor_to_mesoscope,1954,2522,317,278,0.7851991450433714,0.8526469023016087,0.06744775725823726,0
30,214,mesoscope_to_falkor,2022,1747,240,200,0.8269393297320056,0.8420320107764555,0.01509268104444994,1
30,215,falkor_to_mesoscope,1609,2336,257,272,0.7706406707093105,0.8555701450340356,0.08492947432472508,0
30,215,mesoscope_to_falkor,2332,1746,329,205,0.8362150544312557,0.926743264686761,0.09052821025550539,1
30,216,falkor_to_mesoscope,2063,2327,237,265,0.76521674830327,0.8997290324518312,0.1345122841485612,0
30,216,mesoscope_to_falkor,2223,1817,227,216,0.7872933638727476,0.8991976542137419,0.11190429034099425,1
30,217,falkor_to_mesoscope,1508,2167,244,259,0.7134255704235556,0.845738013970633,0.13231244354707739,0
30,217,mesoscope_to_falkor,2199,1683,157,251,0.7938059196212263,0.8795765444248689,0.08577062480364261,1
30,218,falkor_to_mesoscope,2451,2468,287,291,0.8534230224908014,0.9349049347664432,0.08148191227564183,0
30,218,mesoscope_to_falkor,2528,1632,261,206,0.8168593195215701,0.8493758444084152,0.03251652488684509,1
30,219,falkor_to_mesoscope,1721,2344,221,225,0.7351005319903237,0.8396136273131122,0.10451309532278852,0
30,219,mesoscope_to_falkor,2265,1438,254,211,0.7489983664207874,0.8338955051963238,0.0848971387755364,1
30,220,falkor_to_mesoscope,1826,2273,262,269,0.7955655536148922,0.9020727208441311,0.10650716722923892,0
30,220,mesoscope_to_falkor,2090,1922,197,183,0.6404163182969442,0.730127009323269,0.08971069102632478,1
30,221,falkor_to_mesoscope,1713,2209,319,216,0.8187590418594173,0.8202583835084868,0.0014993416490695077,0
30,221,mesoscope_to_falkor,2146,1692,286,270,0.8012901554080452,0.8437622912939905,0.04247213588594534,1
30,222,falkor_to_mesoscope,1890,1740,212,209,0.8660643752663393,0.9283750116292854,0.06231063636294609,0
30,222,mesoscope_to_falkor,2237,1739,255,236,0.7844911934687265,0.899192757147322,0.11470156367859552,1
30,223,falkor_to_mesoscope,1754,2008,274,164,0.8378203772674577,0.9234666443030961,0.08564626703563838,0
30,223,mesoscope_to_falkor,2471,1625,262,251,0.8500355335351342,0.9201215014819927,0.07008596794685851,1
30,224,falkor_to_mesoscope,1853,2350,241,291,0.7944624394242985,0.8561979608446773,0.06173552142037875,0
30,224,mesoscope_to_falkor,2218,1690,200,236,0.7521036259759404,0.7993206422234924,0.047217016247552035,1
30,225,falkor_to_mesoscope,1848,1844,219,147,0.7423157616509742,0.7783478116225517,0.036032049971577496,0
30,225,mesoscope_to_falkor,1960,1983,277,204,0.7430152329439234,0.7875869865281158,0.04457175358419241,1
30,226,falkor_to_mesoscope,1838,1957,194,224,0.7349091325281388,0.865265717744889,0.1303565852167502,0
30,226,mesoscope_to_falkor,1891,1851,204,234,0.8351105473789714,0.8862830149912794,0.05117246761230798,1
30,227,falkor_to_mesoscope,1788,2282,302,213,0.7604322643600819,0.8434029120707875,0.08297064771070561,0
30,227,mesoscope_to_falkor,2010,1748,211,298,0.7530408457008999,0.8000637257228221,0.04702288002192223,1
30,228,falkor_to_mesoscope,1833,2276,249,287,0.7540698737864728,0.8418760423358936,0.0878061685494208,0
30,228,mesoscope_to_falkor,2424,1686,247,265,0.8600526110145024,0.9166667713517599,0.056614160337257524,1
30,229,falkor_to_mesoscope,1805,1997,236,236,0.7797105517420131,0.8317574295430239,0.052046877801010805,0
30,229,mesoscope_to_falkor,2134,1722,309,289,0.8110579722511772,0.8353631836863756,0.02430521143519848,1
30,230,falkor_to_mesoscope,2000,2104,292,253,0.8085976372682662,0.9020678638229853,0.09347022655471915,0
30,230,mesoscope_to_falkor,2165,1643,238,255,0.7532622023380467,0.8462682788983364,0.0930060765602897,1
30,231,falkor_to_mesoscope,1689,1852,249,165,0.6706760287114072,0.664737380934809,-0.005938647776598138,0
30,231,mesoscope_to_falkor,1954,1642,193,234,0.8034472491307683,0.8904090030250529,0.08696175389428462,1
30,232,falkor_to_mesoscope,1723,2012,306,252,0.670129595865456,0.9122869985206519,0.24215740265519592,0
30,232,mesoscope_to_falkor,2249,1775,259,252,0.8264191076129448,0.9069497679956223,0.08053066038267753,1
30,233,falkor_to_mesoscope,1713,1915,252,182,0.7329816174357344,0.8653499376410188,0.13236832020528433,0
30,233,mesoscope_to_falkor,2077,2107,263,233,0.8014643370387585,0.8673492243914127,0.06588488735265419,1
30,234,falkor_to_mesoscope,1624,2019,288,227,0.7709068578853745,0.9041112777083826,0.13320441982300812,0
30,234,mesoscope_to_falkor,2278,2116,245,185,0.7631560034158344,0.8619311144194985,0.0987751110036641,1
30,235,falkor_to_mesoscope,1974,2617,257,315,0.7826380318020335,0.9421010268740027,0.15946299507196915,0
30,235,mesoscope_to_falkor,2312,1953,367,294,0.7450984641535939,0.8450699839911124,0.09997151983751851,1
30,236,falkor_to_mesoscope,1726,2075,246,265,0.7111248394265196,0.8897467795271242,0.17862194010060461,0
30,236,mesoscope_to_falkor,2309,1838,320,218,0.8050498160053696,0.7496202706091587,-0.05542954539621092,1
30,237,falkor_to_mesoscope,1692,2271,204,279,0.7728476172123934,0.9174481466399934,0.14460052942760004,0
30,237,mesoscope_to_falkor,2151,2110,272,191,0.7347218043576302,0.8311761153546576,0.09645431099702739,1
30,238,falkor_to_mesoscope,1899,2044,226,268,0.7982596091081283,0.9019536191091195,0.10369401000099121,0
30,238,mesoscope_to_falkor,2038,1737,213,248,0.7431478905954937,0.8028396895698733,0.059691798974379595,1
30,239,falkor_to_mesoscope,1791,2458,285,302,0.7332529229657055,0.8995411414795945,0.16628821851388897,0
30,239,mesoscope_to_falkor,2412,1929,307,233,0.7492492742771804,0.7635311572264172,0.014281882949236824,1
30,240,falkor_to_mesoscope,1317,2167,194,296,0.8191766351558839,0.8716421675572323,0.052465532401348436,0
30,240,mesoscope_to_falkor,2154,1572,180,275,0.7553228923750893,0.8898427227545739,0.13451983037948456,1
30,241,falkor_to_mesoscope,2233,2027,298,185,0.7915234700730908,0.8877308726604217,0.09620740258733096,0
30,241,mesoscope_to_falkor,2336,1519,254,192,0.8024743535226461,0.7783523655487359,-0.024121987973910186,1
30,242,falkor_to_mesoscope,2041,1797,287,179,0.7433586996337599,0.9219038288974278,0.17854512926366795,0
30,242,mesoscope_to_falkor,2213,1501,315,223,0.7961058801097646,0.7832205862502097,-0.012885293859554836,1
30,243,falkor_to_mesoscope,2347,2232,222,238,0.7719848511409331,0.8972005842673313,0.12521573312639822,0
30,243,mesoscope_to_falkor,2283,1637,286,273,0.7825363132064475,0.8508229025897985,0.06828658938335108,1
30,244,falkor_to_mesoscope,1492,2519,212,227,0.7193517254918094,0.9150269541916829,0.19567522869987353,0
30,244,mesoscope_to_falkor,2246,1520,290,182,0.7908843046150815,0.8352483739747207,0.04436406935963921,1
30,245,falkor_to_mesoscope,1918,2634,204,308,0.7709251538060202,0.8891029397591087,0.11817778595308848,0
30,245,mesoscope_to_falkor,2194,1850,253,215,0.8173440993672232,0.9315420237474404,0.11419792438021725,1
30,246,falkor_to_mesoscope,1636,2040,337,241,0.806242909707641,0.8843478824386148,0.07810497273097383,0
30,246,mesoscope_to_falkor,2384,1456,322,248,0.8792037541607745,0.8770774405382997,-0.002126313622474729,1
30,247,falkor_to_mesoscope,1696,1808,245,200,0.7516284977650493,0.930628606832207,0.1790001090671578,0
30,247,mesoscope_to_falkor,2276,1767,235,227,0.7953464122404075,0.9028790961655336,0.10753268392512616,1
30,248,falkor_to_mesoscope,1872,2205,249,263,0.7120826766781476,0.9547661969253616,0.24268352024721396,0
30,248,mesoscope_to_falkor,1841,2128,214,197,0.7474851682667959,0.8413348530779211,0.09384968481112521,1
30,249,falkor_to_mesoscope,1865,2134,190,191,0.7595096443565601,0.8414095879830047,0.0818999436264446,0
30,249,mesoscope_to_falkor,1941,1863,202,188,0.7763533411702553,0.8305744498113559,0.054221108641100524,1
30,250,falkor_to_mesoscope,1666,1792,220,185,0.6703887680018626,0.8597022992877645,0.1893135312859019,0
30,250,mesoscope_to_falkor,2032,1702,204,255,0.8147955747427694,0.8060170962060739,-0.008778478536695555,1
30,251,falkor_to_mesoscope,1803,1766,220,225,0.7915208053178029,0.8878536446130364,0.09633283929523351,0
30,251,mesoscope_to_falkor,2102,1579,255,264,0.8037912984940184,0.7906161155720051,-0.013175182922013362,1
30,252,falkor_to_mesoscope,1433,1921,212,206,0.697331336390179,0.8298405331331106,0.1325091967429316,0
30,252,mesoscope_to_falkor,2104,1510,213,315,0.8252120597866948,0.8746894555615347,0.049477395774839894,1
30,253,falkor_to_mesoscope,1928,2230,323,289,0.8133679831883098,0.9203184591147345,0.1069504759264247,0
30,253,mesoscope_to_falkor,1968,1944,131,281,0.8517121246407433,0.8675739268917746,0.015861802251031287,1
30,254,falkor_to_mesoscope,2099,2207,216,292,0.7068602807668853,0.8474907246568482,0.14063044388996282,0
30,254,mesoscope_to_falkor,1988,1701,246,292,0.8103504006103447,0.808963030527353,-0.0013873700829917235,1
30,255,falkor_to_mesoscope,1867,2441,232,249,0.6545683036900127,0.8905178313694306,0.2359495276794179,0
30,255,mesoscope_to_falkor,2645,1511,325,235,0.8360603446067723,0.8995883358648455,0.06352799125807329,1
30,256,falkor_to_mesoscope,1910,2057,235,270,0.8233411167831288,0.9158617919187698,0.092520675135641,0
30,256,mesoscope_to_falkor,2151,1792,246,209,0.7891801050105306,0.7994966314774357,0.010316526466905063,1
30,257,falkor_to_mesoscope,1936,2496,187,305,0.7531781645321143,0.9146208923923188,0.16144272786020453,0
30,257,mesoscope_to_falkor,2132,1382,215,230,0.7668055313411267,0.8580643198581852,0.09125878851705849,1
30,258,falkor_to_mesoscope,1705,2479,228,375,0.8047764258162753,0.9178133875994211,0.11303696178314582,0
30,258,mesoscope_to_falkor,2231,1893,244,226,0.7524799889752345,0.8830046631822449,0.13052467420701042,1
30,259,falkor_to_mesoscope,2034,1991,278,287,0.7918188816132176,0.9407748124692924,0.14895593085607484,0
30,259,mesoscope_to_falkor,2113,2155,176,229,0.8255174360922286,0.8591295032200101,0.03361206712778153,1
30,260,falkor_to_mesoscope,1783,2212,248,221,0.7359255954803844,0.850912307207562,0.11498671172717756,0
30,260,mesoscope_to_falkor,2233,2578,226,149,0.7460971148601703,0.887882757267852,0.14178564240768177,1
30,261,falkor_to_mesoscope,1886,2408,112,277,0.8302056162846154,0.921186095454723,0.09098047917010754,0
30,261,mesoscope_to_falkor,2085,1525,268,263,0.8850801448200308,0.9085773797131506,0.023497234893119723,1
30,262,falkor_to_mesoscope,1644,2481,223,239,0.770125948887146,0.9167590990550517,0.14663315016790568,0
30,262,mesoscope_to_falkor,2553,2125,215,192,0.6916225502264038,0.8589600098826946,0.16733745965629077,1
30,263,falkor_to_mesoscope,2350,2092,262,204,0.7434192511724403,0.8798327108551925,0.1364134596827522,0
30,263,mesoscope_to_falkor,1864,1894,178,261,0.7786586685951556,0.7727256817720488,-0.005932986823106834,1
30,264,falkor_to_mesoscope,1649,2323,260,248,0.7016047069139665,0.8975362735569036,0.1959315666429371,0
30,264,mesoscope_to_falkor,2302,1844,210,193,0.7457037366350263,0.7997409921265777,0.05403725549155136,1
30,265,falkor_to_mesoscope,2000,1939,268,221,0.7197386012653962,0.9321407429572859,0.21240214169188965,0
30,265,mesoscope_to_falkor,2104,1863,206,272,0.784634706041487,0.8692274914493844,0.08459278540789739,1
30,266,falkor_to_mesoscope,1667,2065,158,188,0.6932916878359221,0.8414942577056854,0.14820256986976332,0
30,266,mesoscope_to_falkor,2049,1684,269,210,0.7887574572620804,0.9055630025355705,0.11680554527349019,1
30,267,falkor_to_mesoscope,1764,2010,249,239,0.7808309542467775,0.9247623821365087,0.14393142788973123,0
30,267,mesoscope_to_falkor,1998,1807,223,184,0.8805966558503022,0.9425253048220695,0.06192864897176731,1
30,268,falkor_to_mesoscope,2006,1835,263,174,0.8033361608185408,0.8522921504814566,0.04895598966291581,0
30,268,mesoscope_to_falkor,1935,1425,164,216,0.8429219994342357,0.8610500524001972,0.018128052965961428,1
30,269,falkor_to_mesoscope,1841,2067,174,247,0.7484002930020509,0.9147043446799731,0.16630405167792217,0
30,269,mesoscope_to_falkor,2404,1905,268,258,0.7830417896294751,0.8795630878391965,0.09652129820972133,1
30,270,falkor_to_mesoscope,2130,2414,219,272,0.7885038956243658,0.8579391825300103,0.06943528690564449,0
30,270,mesoscope_to_falkor,2064,1849,224,320,0.8027142692558941,0.8189192658892896,0.016204996633395585,1
30,271,falkor_to_mesoscope,2026,1886,337,211,0.7749440644830734,0.9122522217435183,0.13730815726044487,0
30,271,mesoscope_to_falkor,2005,1954,286,250,0.8051395140614056,0.8401679972699292,0.035028483208523586,1
30,272,falkor_to_mesoscope,1704,2236,310,174,0.7893245561797114,0.8700752622473208,0.08075070606760937,0
30,272,mesoscope_to_falkor,2436,2260,270,252,0.8258845323634836,0.8677390898687556,0.041854557505272005,1
30,273,falkor_to_mesoscope,2249,2217,275,283,0.7845364283014481,0.8868792605512774,0.10234283224982932,0
30,273,mesoscope_to_falkor,2092,1777,215,216,0.8078147014435493,0.8725638146741683,0.06474911323061905,1
30,274,falkor_to_mesoscope,1668,2337,237,249,0.7906413188032428,0.9130891196381808,0.122447800834938,0
30,274,mesoscope_to_falkor,2051,1848,163,292,0.8020975335323883,0.8815699350632564,0.0794724015308681,1
30,275,falkor_to_mesoscope,1959,2392,218,351,0.771433435777041,0.8882871958245533,0.11685376004751225,0
30,275,mesoscope_to_falkor,2362,2037,252,220,0.7807124618393223,0.88682825343105,0.10611579159172768,1
30,276,falkor_to_mesoscope,1633,2072,243,275,0.8241757024879622,0.930121599066749,0.10594589657878672,0
30,276,mesoscope_to_falkor,2247,1554,249,139,0.803290852975713,0.8824462276745179,0.07915537469880485,1
30,277,falkor_to_mesoscope,1991,2515,282,181,0.7836768251252072,0.7714095531767944,-0.012267271948412817,0
30,277,mesoscope_to_falkor,2150,1789,229,206,0.7475269217794803,0.9042991297146116,0.15677220793513125,1
30,278,falkor_to_mesoscope,1944,2265,268,302,0.7236406183567632,0.8874432611172258,0.16380264276046264,0
30,278,mesoscope_to_falkor,2527,2066,320,312,0.8382014737666554,0.8779981112048462,0.03979663743819073,1
30,279,falkor_to_mesoscope,1695,2205,273,277,0.8426701304287134,0.8649902632789181,0.022320132850204732,0
30,279,mesoscope_to_falkor,2171,1780,359,271,0.8194426735702577,0.8857232395534331,0.06628056598317544,1
30,280,falkor_to_mesoscope,1554,2413,206,311,0.7853911887786075,0.896575719723478,0.11118453094487057,0
30,280,mesoscope_to_falkor,2230,1823,228,304,0.8646440293318095,0.9122823812115923,0.047638351879782825,1
30,281,falkor_to_mesoscope,1658,2069,283,207,0.7665696473375454,0.8512573356259433,0.0846876882883979,0
30,281,mesoscope_to_falkor,2327,1914,250,260,0.8460416452646137,0.8822900938708516,0.03624844860623788,1
30,282,falkor_to_mesoscope,1961,2210,254,225,0.6273269404249839,0.8113511763226352,0.18402423589765127,0
30,282,mesoscope_to_falkor,2298,2015,304,358,0.846947506898459,0.8660664797736661,0.01911897287520714,1
30,283,falkor_to_mesoscope,1606,2130,315,273,0.7152798946662177,0.8897462440314785,0.17446634936526084,0
30,283,mesoscope_to_falkor,2216,1761,229,227,0.8371340019329061,0.7901813841807959,-0.04695261775211024,1
30,284,falkor_to_mesoscope,1825,2332,294,318,0.7661891609419915,0.9379062849416161,0.17171712399962458,0
30,284,mesoscope_to_falkor,2047,1698,223,191,0.8150846263352124,0.8468742813147088,0.03178965497949637,1
30,285,falkor_to_mesoscope,1778,2265,145,301,0.8620785497174173,0.9555232938590048,0.09344474414158754,0
30,285,mesoscope_to_falkor,2041,1701,246,227,0.8273962224833188,0.8429327497725368,0.01553652728921806,1
30,286,falkor_to_mesoscope,2119,2209,274,335,0.8215614029430128,0.941435452049914,0.11987404910690114,0
30,286,mesoscope_to_falkor,2519,2130,345,306,0.8136381283808161,0.8999955703562978,0.08635744197548179,1
30,287,falkor_to_mesoscope,1668,2526,213,248,0.7498284095999642,0.8406389423032905,0.09081053270332629,0
30,287,mesoscope_to_falkor,2652,1858,349,260,0.8126866953517131,0.866765533677637,0.05407883832592386,1
30,288,falkor_to_mesoscope,1783,2270,216,226,0.7725001096535993,0.6958529977606108,-0.07664711189298845,0
30,288,mesoscope_to_falkor,2313,1783,241,225,0.8114510649950823,0.8519431203300171,0.04049205533493472,1
30,289,falkor_to_mesoscope,1970,2369,254,335,0.8242304824089343,0.9640127665611244,0.13978228415219018,0
30,289,mesoscope_to_falkor,1995,1910,268,216,0.7299750322824468,0.676910078198192,-0.05306495408425471,1
30,290,falkor_to_mesoscope,1627,2130,234,258,0.7437021255465732,0.8638619517746415,0.12015982622806831,0
30,290,mesoscope_to_falkor,2413,1645,297,299,0.8510576883630244,0.9437688870235007,0.09271119866047628,1
30,291,falkor_to_mesoscope,1638,2226,287,260,0.7781771748192245,0.9261325780650721,0.14795540324584755,0
30,291,mesoscope_to_falkor,2392,1449,263,208,0.8274535730881585,0.8741541713498077,0.046700598261649184,1
30,292,falkor_to_mesoscope,1498,2336,327,247,0.7664315959875236,0.8697052329954673,0.10327363700794367,0
30,292,mesoscope_to_falkor,2171,1382,281,172,0.8090559080496913,0.8640371586514588,0.054981250601767506,1
30,293,falkor_to_mesoscope,1677,2100,254,196,0.7447281186265392,0.9063205352094178,0.1615924165828786,0
30,293,mesoscope_to_falkor,2249,1957,250,267,0.7627750104666565,0.905299972257322,0.14252496179066543,1
30,294,falkor_to_mesoscope,1556,2340,221,275,0.7684657128759238,0.8868410423221377,0.11837532944621387,0
30,294,mesoscope_to_falkor,2234,1985,238,169,0.7088760679453397,0.7280501469628933,0.019174079017553525,1
30,295,falkor_to_mesoscope,1869,1850,286,188,0.7034871998974244,0.9028236890222706,0.19933648912484625,0
30,295,mesoscope_to_falkor,2394,1803,198,244,0.7787309447858454,0.7772480706257269,-0.001482874160118497,1
30,296,falkor_to_mesoscope,1844,2112,240,227,0.7540861916313392,0.9320094718945412,0.17792328026320203,0
30,296,mesoscope_to_falkor,2147,1858,247,204,0.850887408344924,0.8125121902398703,-0.03837521810505373,1
30,297,falkor_to_mesoscope,1980,2360,260,288,0.7680172691619244,0.8630579753422971,0.09504070618037275,0
30,297,mesoscope_to_falkor,2468,1814,294,241,0.8149838711062671,0.8634794114075041,0.04849554030123693,1
30,298,falkor_to_mesoscope,2143,2315,272,228,0.7888057151431532,0.8777947713158712,0.08898905617271802,0
30,298,mesoscope_to_falkor,1953,1904,163,274,0.8146136880882706,0.8717303969492339,0.05711670886096332,1
30,299,falkor_to_mesoscope,1929,2050,240,220,0.775137889278838,0.9211826368110669,0.14604474753222896,0
30,299,mesoscope_to_falkor,2177,1823,239,236,0.7930624201887748,0.8873221444122357,0.09425972422346085,1
60,0,falkor_to_mesoscope,1572,2017,130,199,0.8567089700584225,0.858238942354179,0.0015299722957564654,0
60,0,mesoscope_to_falkor,1955,1442,173,293,0.8487654827903924,0.880229098574974,0.03146361578458157,1
60,1,falkor_to_mesoscope,1376,2186,228,291,0.8052941584578758,0.914309410820419,0.10901525236254328,0
60,1,mesoscope_to_falkor,1904,1771,211,290,0.8787262919570343,0.8784411220751092,-0.00028516988192517356,1
60,2,falkor_to_mesoscope,1690,1819,258,208,0.7806939736282233,0.9011052164622837,0.12041124283406035,0
60,2,mesoscope_to_falkor,2337,1505,283,272,0.772843966811226,0.8991542090633455,0.1263102422521195,1
60,3,falkor_to_mesoscope,2330,2371,191,375,0.8600164936911834,0.9523361102885276,0.09231961659734422,0
60,3,mesoscope_to_falkor,1803,1787,193,227,0.7875730007287,0.7283845095179777,-0.05918849121072223,1
60,4,falkor_to_mesoscope,1662,2302,252,229,0.8160325735623521,0.8711606573188547,0.05512808375650258,0
60,4,mesoscope_to_falkor,2615,1453,308,186,0.8475014769028555,0.8936170633933858,0.04611558649053027,1
60,5,falkor_to_mesoscope,2275,2224,368,302,0.7903952298101528,0.8741560804139528,0.08376085060380001,0
60,5,mesoscope_to_falkor,1881,1908,164,287,0.8157968827760012,0.755375906522278,-0.06042097625372311,1
60,6,falkor_to_mesoscope,2034,1926,232,209,0.7376325393804252,0.8945803347622403,0.15694779538181514,0
60,6,mesoscope_to_falkor,2008,1880,216,137,0.8195625071445068,0.7660049231228543,-0.05355758402165256,1
60,7,falkor_to_mesoscope,2142,2042,345,279,0.821020040581364,0.9235616017735265,0.10254156119216251,0
60,7,mesoscope_to_falkor,1978,1833,188,268,0.8306350803454705,0.8925202265710791,0.06188514622560859,1
60,8,falkor_to_mesoscope,2130,2098,193,310,0.8185259456382836,0.9361306833042546,0.11760473766597102,0
60,8,mesoscope_to_falkor,2340,1915,270,260,0.8029175827650258,0.885654314799114,0.08273673203408827,1
60,9,falkor_to_mesoscope,2363,2146,169,188,0.7911513239844954,0.8351116441840272,0.04396032019953178,0
60,9,mesoscope_to_falkor,2440,1709,279,133,0.699933564765701,0.8187443168261597,0.11881075206045866,1
60,10,falkor_to_mesoscope,1647,2679,277,376,0.8011920925178715,0.9267988429235255,0.12560675040565406,0
60,10,mesoscope_to_falkor,1880,2200,210,273,0.8020995507676916,0.9009209764229905,0.09882142565529894,1
60,11,falkor_to_mesoscope,2316,1981,130,174,0.6111201020947935,0.8203590001347316,0.20923889803993811,0
60,11,mesoscope_to_falkor,2482,1794,343,212,0.7268189133084918,0.8766646445719143,0.1498457312634225,1
60,12,falkor_to_mesoscope,1962,2545,269,368,0.8651290390813036,0.9122436533665768,0.04711461428527319,0
60,12,mesoscope_to_falkor,2062,1736,212,177,0.7418352704729789,0.8002998344712285,0.05846456399824962,1
60,13,falkor_to_mesoscope,1844,2245,259,279,0.7484207359946848,0.8913733663388839,0.14295263034419903,0
60,13,mesoscope_to_falkor,1766,1903,161,355,0.8079335560846707,0.8318692622652274,0.023935706180556737,1
60,14,falkor_to_mesoscope,2823,2076,288,262,0.7089016424271062,0.8815907691566237,0.17268912672951753,0
60,14,mesoscope_to_falkor,2133,2010,121,236,0.6825332279557171,0.8762919501077394,0.19375872215202228,1
60,15,falkor_to_mesoscope,2176,2134,155,262,0.8479173857434915,0.9189745461951958,0.0710571604517043,0
60,15,mesoscope_to_falkor,2246,1729,302,299,0.7929928462123996,0.8679168502852815,0.07492400407288191,1
60,16,falkor_to_mesoscope,1623,2367,359,261,0.7838415468639011,0.875088655281363,0.09124710841746198,0
60,16,mesoscope_to_falkor,2484,2071,330,157,0.6315627903340412,0.6562184502061696,0.024655659872128477,1
60,17,falkor_to_mesoscope,1661,1941,149,162,0.6887102968724474,0.7881531432486243,0.09944284637617684,0
60,17,mesoscope_to_falkor,2169,1545,299,188,0.7839798341502102,0.9059936630704495,0.12201382892023926,1
60,18,falkor_to_mesoscope,2047,2276,162,456,0.806329798743426,0.9194901409311399,0.11316034218771387,0
60,18,mesoscope_to_falkor,2135,1509,222,252,0.8727753429487387,0.9290294600892461,0.05625411714050743,1
60,19,falkor_to_mesoscope,1896,2202,193,177,0.7016324417758267,0.8709067021734459,0.16927426039761917,0
60,19,mesoscope_to_falkor,1590,1728,187,228,0.7623678506839571,0.8894934825293063,0.1271256318453492,1
60,20,falkor_to_mesoscope,1941,2289,148,270,0.8041126107271401,0.9456418617387851,0.14152925101164493,0
60,20,mesoscope_to_falkor,2290,2120,301,257,0.8094303396991759,0.8368382090086675,0.027407869309491573,1
60,21,falkor_to_mesoscope,1494,2293,318,289,0.7917409847218739,0.9257028144099523,0.13396182968807835,0
60,21,mesoscope_to_falkor,2192,1673,200,216,0.8555224510294333,0.9188822806923496,0.06335982966291631,1
60,22,falkor_to_mesoscope,1432,2031,184,226,0.7392152434693743,0.8561702608051711,0.11695501733579683,0
60,22,mesoscope_to_falkor,2169,2433,263,219,0.7511901098096829,0.81041018640313,0.05922007659344708,1
60,23,falkor_to_mesoscope,1753,2695,263,319,0.7422600959964343,0.8997017202631841,0.1574416242667498,0
60,23,mesoscope_to_falkor,2470,1472,328,225,0.7678919555318384,0.8371822159515119,0.06929026041967346,1
60,24,falkor_to_mesoscope,1842,2079,196,192,0.7422519238580326,0.8483015547936495,0.10604963093561692,0
60,24,mesoscope_to_falkor,2739,1548,246,249,0.8052708945396099,0.7986614709667729,-0.006609423572837003,1
60,25,falkor_to_mesoscope,1618,2192,224,231,0.7841783050791061,0.9030484752639062,0.11887017018480006,0
60,25,mesoscope_to_falkor,2501,1952,300,318,0.82021306954359,0.8331447279604385,0.012931658416848513,1
60,26,falkor_to_mesoscope,2374,1978,283,221,0.8323809556462066,0.8753734725507759,0.04299251690456929,0
60,26,mesoscope_to_falkor,1989,2199,169,311,0.7853181403637854,0.8299252288934323,0.0446070885296469,1
60,27,falkor_to_mesoscope,1614,2254,253,259,0.726193553321708,0.8981707861693782,0.1719772328476702,0
60,27,mesoscope_to_falkor,2301,1917,247,110,0.7291229165055394,0.7545878587749498,0.02546494226941043,1
60,28,falkor_to_mesoscope,1417,1908,212,288,0.8483045484004275,0.9239039709170874,0.07559942251665996,0
60,28,mesoscope_to_falkor,2431,1818,279,264,0.8030792588983571,0.8652902333221543,0.062210974423797194,1
60,29,falkor_to_mesoscope,2204,2693,252,246,0.7762913049002745,0.8944996766141932,0.11820837171391863,0
60,29,mesoscope_to_falkor,2412,1947,335,279,0.8640108015633288,0.8049886282947487,-0.05902217326858006,1
60,30,falkor_to_mesoscope,2031,2117,352,265,0.773817733640914,0.9185642384695922,0.14474650482867824,0
60,30,mesoscope_to_falkor,2331,1587,284,204,0.8016609495059361,0.866920359325358,0.06525940981942191,1
60,31,falkor_to_mesoscope,1473,2086,239,194,0.6857868781365847,0.7997469634687431,0.1139600853321584,0
60,31,mesoscope_to_falkor,1974,1543,139,270,0.8497708802888452,0.887524215511603,0.03775333522275781,1
60,32,falkor_to_mesoscope,1790,2124,277,157,0.7617593166007067,0.8697430370956067,0.10798372049490002,0
60,32,mesoscope_to_falkor,2238,1821,192,236,0.7379847210651843,0.8560776017991354,0.11809288073395108,1
60,33,falkor_to_mesoscope,1753,2345,265,291,0.7112874408139999,0.8378506257679106,0.12656318495391072,0
60,33,mesoscope_to_falkor,2082,1871,220,75,0.6789111244658331,0.6721298117058084,-0.006781312760024694,1
60,34,falkor_to_mesoscope,1387,2154,206,237,0.7867052164780203,0.7033539497375986,-0.0833512667404217,0
60,34,mesoscope_to_falkor,2658,1793,391,258,0.751178097167556,0.8306262802031781,0.07944818303562207,1
60,35,falkor_to_mesoscope,1743,2327,255,355,0.8338506010559779,0.9251543107513355,0.09130370969535762,0
60,35,mesoscope_to_falkor,2102,2134,130,264,0.7767573301708288,0.8284216064893487,0.051664276318519886,1
60,36,falkor_to_mesoscope,1466,2022,115,208,0.6634459347777237,0.7884127879140995,0.12496685313637579,0
60,36,mesoscope_to_falkor,2403,2351,218,278,0.8177861189537603,0.9010543762244563,0.08326825727069598,1
60,37,falkor_to_mesoscope,1901,2186,341,203,0.7356539227348056,0.9011154773157128,0.16546155458090728,0
60,37,mesoscope_to_falkor,2049,2381,268,197,0.7281770805764721,0.8383477881223622,0.11017070754589009,1
60,38,falkor_to_mesoscope,1827,2033,253,187,0.6913416087473074,0.8508042510888087,0.15946264234150132,0
60,38,mesoscope_to_falkor,2180,2145,296,371,0.8787180152843175,0.8570226208475821,-0.021695394436735405,1
60,39,falkor_to_mesoscope,1661,2439,233,358,0.8355659642591418,0.9227832772702135,0.08721731301107172,0
60,39,mesoscope_to_falkor,2410,1851,356,142,0.7866292391703462,0.9302549531961534,0.14362571402580715,1
60,40,falkor_to_mesoscope,1473,2349,208,322,0.7724628935212333,0.8926268994044736,0.12016400588324028,0
60,40,mesoscope_to_falkor,2548,1896,302,226,0.8369071010669766,0.9234071885520374,0.08650008748506077,1
60,41,falkor_to_mesoscope,1785,1965,239,186,0.7762461769427305,0.8929213745695223,0.1166751976267918,0
60,41,mesoscope_to_falkor,2253,1950,250,282,0.8644513604292543,0.8608659855106537,-0.003585374918600559,1
60,42,falkor_to_mesoscope,1941,1933,303,248,0.8381026986139576,0.9244893547174714,0.08638665610351381,0
60,42,mesoscope_to_falkor,2025,2278,265,147,0.7221305113549188,0.6639621568223542,-0.05816835453256464,1
60,43,falkor_to_mesoscope,1916,2166,296,297,0.751290640347839,0.913219279905595,0.16192863955775605,0
60,43,mesoscope_to_falkor,2448,1841,239,294,0.828671994244455,0.841346137737658,0.01267414349320295,1
60,44,falkor_to_mesoscope,1495,2443,122,347,0.8136795493045615,0.9485952439431625,0.13491569463860098,0
60,44,mesoscope_to_falkor,2180,1585,202,294,0.8876424756017974,0.9047435594789093,0.017101083877111845,1
60,45,falkor_to_mesoscope,1841,2217,308,271,0.7099387663805737,0.8854141397971397,0.17547537341656594,0
60,45,mesoscope_to_falkor,1899,1761,203,154,0.7117656374851413,0.6924973944537387,-0.01926824303140262,1
60,46,falkor_to_mesoscope,1737,2167,396,353,0.8657618648984139,0.9407248023909544,0.07496293749254046,0
60,46,mesoscope_to_falkor,2224,1336,285,264,0.7985710988921576,0.82853235700099,0.029961258108832434,1
60,47,falkor_to_mesoscope,1969,1930,151,282,0.8387157670273702,0.8814219813492151,0.04270621432184496,0
60,47,mesoscope_to_falkor,2463,1555,382,231,0.8322132930583894,0.8103757623792875,-0.02183753067910188,1
60,48,falkor_to_mesoscope,1577,2471,257,228,0.8289561506497907,0.8833753521652792,0.05441920151548851,0
60,48,mesoscope_to_falkor,1835,1670,184,174,0.807495005002172,0.792066181744157,-0.015428823258014979,1
60,49,falkor_to_mesoscope,1778,2100,275,186,0.6985810267177386,0.8112722699832723,0.1126912432655337,0
60,49,mesoscope_to_falkor,2366,2038,213,257,0.8424491283500702,0.9251494104811713,0.08270028213110103,1
60,50,falkor_to_mesoscope,2157,2131,269,266,0.8315390888932189,0.8867719490366737,0.05523286014345474,0
60,50,mesoscope_to_falkor,2411,2081,375,191,0.7726306207433936,0.8518111856170336,0.07918056487364,1
60,51,falkor_to_mesoscope,1609,2171,232,99,0.7309577185886766,0.7538948514100762,0.02293713282139953,0
60,51,mesoscope_to_falkor,2454,1376,211,268,0.8651660434461342,0.9213425905467774,0.056176547100643126,1
60,52,falkor_to_mesoscope,1766,2256,180,271,0.7840272171534826,0.8870546923697854,0.10302747521630284,0
60,52,mesoscope_to_falkor,2198,1884,194,208,0.749812754275505,0.890578836048732,0.14076608177322703,1
60,53,falkor_to_mesoscope,1946,1774,257,150,0.7952047322664382,0.827046085609948,0.03184135334350979,0
60,53,mesoscope_to_falkor,2016,1582,289,274,0.8867338656252856,0.9232718372582064,0.03653797163292083,1
60,54,falkor_to_mesoscope,1586,2074,187,182,0.7104575093894293,0.6553956078340304,-0.05506190155539892,0
60,54,mesoscope_to_falkor,2528,1534,266,348,0.8868801699521803,0.9424285131001741,0.05554834314799373,1
60,55,falkor_to_mesoscope,1491,2402,209,326,0.8325250627819085,0.9338527777444617,0.10132771496255322,0
60,55,mesoscope_to_falkor,2334,1826,293,279,0.7905301706631596,0.7905791924057289,4.90217425693773e-05,1
60,56,falkor_to_mesoscope,1930,1887,262,173,0.7835404170440818,0.8274724620298733,0.04393204498579151,0
60,56,mesoscope_to_falkor,2716,1708,351,349,0.813907884839026,0.9431574826005706,0.12924959776154465,1
60,57,falkor_to_mesoscope,2008,2317,280,271,0.7120774677877205,0.8531984786264116,0.1411210108386911,0
60,57,mesoscope_to_falkor,2204,1895,264,368,0.8538079894439579,0.9094784319372269,0.05567044249326902,1
60,58,falkor_to_mesoscope,1938,2531,213,290,0.761767758222974,0.8778984351910984,0.1161306769681244,0
60,58,mesoscope_to_falkor,2076,1618,175,296,0.8781051434679364,0.873514171751587,-0.004590971716349479,1
60,59,falkor_to_mesoscope,1642,1942,181,236,0.7258449168163393,0.8613358664182772,0.13549094960193786,0
60,59,mesoscope_to_falkor,1935,1342,188,151,0.7369360779408008,0.7254913264275231,-0.011444751513277729,1
60,60,falkor_to_mesoscope,2245,2473,271,233,0.7845236930864651,0.9016040293632254,0.11708033627676029,0
60,60,mesoscope_to_falkor,2442,1503,225,319,0.844260030354215,0.8854521773737514,0.04119214701953633,1
60,61,falkor_to_mesoscope,1341,2130,133,275,0.822886755767022,0.8571990549139075,0.034312299146885494,0
60,61,mesoscope_to_falkor,2258,1996,276,350,0.8349463826895266,0.9102921611245396,0.075345778435013,1
60,62,falkor_to_mesoscope,1918,2460,274,385,0.7618114728987883,0.901856519618591,0.14004504671980278,0
60,62,mesoscope_to_falkor,2184,1661,407,118,0.6797827837665914,0.6609183707456623,-0.018864413020929116,1
60,63,falkor_to_mesoscope,2287,2216,305,245,0.7583299973240896,0.8771792511644484,0.11884925384035883,0
60,63,mesoscope_to_falkor,2465,1752,333,260,0.8808530889856276,0.8550255160641964,-0.02582757292143123,1
60,64,falkor_to_mesoscope,2133,2250,272,357,0.839220248349132,0.8797680878347929,0.040547839485660875,0
60,64,mesoscope_to_falkor,2290,1811,211,177,0.800794829363431,0.8595063004247265,0.058711471061295484,1
60,65,falkor_to_mesoscope,2044,1895,265,197,0.7451507876128145,0.9468682619171894,0.20171747430437492,0
60,65,mesoscope_to_falkor,1870,1836,226,209,0.7740908428870142,0.7916218336862086,0.0175309907991944,1
60,66,falkor_to_mesoscope,1392,2327,248,293,0.7623726567493836,0.8019007421369401,0.03952808538755648,0
60,66,mesoscope_to_falkor,1669,1770,87,215,0.8013616881032997,0.819371809568283,0.018010121464983375,1
60,67,falkor_to_mesoscope,1856,2013,237,218,0.8287651382597655,0.891309059523367,0.06254392126360153,0
60,67,mesoscope_to_falkor,1853,1466,178,284,0.8431572928293398,0.8385055335357721,-0.004651759293567759,1
60,68,falkor_to_mesoscope,1696,1898,293,189,0.7917728085385835,0.8926500594624008,0.10087725092381739,0
60,68,mesoscope_to_falkor,2404,1625,192,248,0.8773925913603129,0.9398419721562729,0.06244938079595996,1
60,69,falkor_to_mesoscope,2171,2202,270,258,0.8596390466844911,0.8888837088063489,0.029244662121857834,0
60,69,mesoscope_to_falkor,2213,1535,172,254,0.8113980008144852,0.8025267298793796,-0.008871270935105646,1
60,70,falkor_to_mesoscope,2275,1979,266,144,0.7819887798345962,0.8395824901888109,0.05759371035421468,0
60,70,mesoscope_to_falkor,2362,1913,221,195,0.7244093270357518,0.807670743349663,0.08326141631391126,1
60,71,falkor_to_mesoscope,2200,2052,332,231,0.7741814816238544,0.9036359967937455,0.12945451516989115,0
60,71,mesoscope_to_falkor,2461,1691,336,300,0.8485596051597413,0.914741533646667,0.06618192848692572,1
60,72,falkor_to_mesoscope,1865,2025,255,219,0.6972686742476547,0.7986110032694154,0.10134232902176066,0
60,72,mesoscope_to_falkor,1676,1615,194,178,0.7537868697561412,0.9000104353705123,0.1462235656143711,1
60,73,falkor_to_mesoscope,2179,1794,298,208,0.839041391585649,0.9179910319176754,0.07894964033202634,0
60,73,mesoscope_to_falkor,2290,1495,408,292,0.8333524593297782,0.8967864703779078,0.06343401104812962,1
60,74,falkor_to_mesoscope,1554,1934,179,269,0.7087639329505918,0.8302390662925132,0.12147513334192139,0
60,74,mesoscope_to_falkor,2348,1433,238,216,0.7699859416260556,0.8425923306168127,0.07260638899075711,1
60,75,falkor_to_mesoscope,1662,2282,172,253,0.7259999203936522,0.8945486746345459,0.16854875424089366,0
60,75,mesoscope_to_falkor,1842,1466,122,181,0.8268967372372849,0.7841254433060753,-0.0427712939312096,1
60,76,falkor_to_mesoscope,1759,2054,165,266,0.8362637400275851,0.9172148621666931,0.08095112213910804,0
60,76,mesoscope_to_falkor,2061,1520,198,279,0.8399274514186197,0.9112961481286032,0.07136869670998347,1
60,77,falkor_to_mesoscope,2034,2396,215,377,0.818538002645979,0.9059832134543838,0.08744521080840484,0
60,77,mesoscope_to_falkor,2014,1726,275,239,0.855611724423257,0.9309438936800574,0.07533216925680042,1
60,78,falkor_to_mesoscope,2070,2088,188,173,0.7095306108504867,0.8655287925415439,0.15599818169105717,0
60,78,mesoscope_to_falkor,1941,1843,180,338,0.8752493648983142,0.8948114839217635,0.019562119023449287,1
60,79,falkor_to_mesoscope,1450,2242,260,211,0.705270086461764,0.8094650933877466,0.1041950069259826,0
60,79,mesoscope_to_falkor,2402,2234,277,184,0.8094385045860428,0.8627863969390986,0.053347892353055815,1
60,80,falkor_to_mesoscope,1798,2089,350,203,0.7399458539575378,0.8813131437652951,0.14136728980775737,0
60,80,mesoscope_to_falkor,2465,1548,177,273,0.8303240031632501,0.817631755712034,-0.01269224745121611,1
60,81,falkor_to_mesoscope,1888,2601,326,389,0.8327805670530619,0.9308660851335239,0.09808551808046195,0
60,81,mesoscope_to_falkor,1884,2259,291,298,0.8542577994959033,0.8485905454376712,-0.005667254058232096,1
60,82,falkor_to_mesoscope,2059,1642,243,107,0.7271064539309303,0.8298301466140641,0.10272369268313375,0
60,82,mesoscope_to_falkor,2535,1703,295,221,0.8172240733411806,0.946000482157011,0.1287764088158304,1
60,83,falkor_to_mesoscope,1949,2321,161,293,0.8445754226703425,0.9379065046067864,0.0933310819364439,0
60,83,mesoscope_to_falkor,2006,2695,182,223,0.751080962672123,0.872613356624329,0.12153239395220605,1
60,84,falkor_to_mesoscope,1806,1615,245,229,0.8484172024464431,0.966336979722058,0.11791977727561487,0
60,84,mesoscope_to_falkor,2314,2035,253,216,0.8089409143172306,0.8297126368763483,0.020771722559117745,1
60,85,falkor_to_mesoscope,1720,2110,358,300,0.8355046966537212,0.9523755433207397,0.11687084666701852,0
60,85,mesoscope_to_falkor,2458,2296,339,210,0.8416062915099051,0.9302344794098483,0.0886281878999432,1
60,86,falkor_to_mesoscope,2210,1817,314,237,0.8444925421361478,0.9197476412185078,0.07525509908236006,0
60,86,mesoscope_to_falkor,2202,1933,208,347,0.8511672515539052,0.9038224841816436,0.05265523262773841,1
60,87,falkor_to_mesoscope,2235,1818,227,191,0.7751197317315413,0.921940641790902,0.1468209100593607,0
60,87,mesoscope_to_falkor,1919,1922,267,184,0.7966300773740517,0.9172927502449505,0.12066267287089882,1
60,88,falkor_to_mesoscope,1656,2205,223,300,0.9003185307757982,0.9415373199061524,0.04121878913035426,0
60,88,mesoscope_to_falkor,2245,2030,199,344,0.7661525702013904,0.7895975169878074,0.023444946786417065,1
60,89,falkor_to_mesoscope,2412,2140,226,251,0.7707510306473908,0.9270674669374509,0.1563164362900601,0
60,89,mesoscope_to_falkor,2225,1671,310,371,0.7719624630595354,0.8902147042896525,0.11825224123011713,1
60,90,falkor_to_mesoscope,1231,1813,191,173,0.8042210793667777,0.883136758663967,0.07891567929718935,0
60,90,mesoscope_to_falkor,2356,1657,289,369,0.8546922149726744,0.9204712292587516,0.06577901428607713,1
60,91,falkor_to_mesoscope,2276,2163,359,281,0.8136687531797916,0.8959632259418052,0.08229447276201363,0
60,91,mesoscope_to_falkor,2259,1595,268,249,0.8084957404190612,0.7429194847259943,-0.06557625569306691,1
60,92,falkor_to_mesoscope,1876,2318,352,272,0.7951631854319823,0.9074606145317355,0.11229742909975327,0
60,92,mesoscope_to_falkor,2128,1477,190,203,0.6754468014447922,0.7689851750498886,0.09353837360509643,1
60,93,falkor_to_mesoscope,1581,2213,214,330,0.7803279206179812,0.8981865258273158,0.11785860520933467,0
60,93,mesoscope_to_falkor,2058,1271,264,205,0.7898064503165958,0.787215733304003,-0.002590717012592836,1
60,94,falkor_to_mesoscope,1887,2473,297,367,0.8355052264079159,0.8956905870470593,0.06018536063914337,0
60,94,mesoscope_to_falkor,2288,1685,259,388,0.8509919409664655,0.8542623750840105,0.003270434117545018,1
60,95,falkor_to_mesoscope,1849,2167,282,229,0.8414377962004289,0.9126947713242276,0.0712569751237987,0
60,95,mesoscope_to_falkor,2060,2001,247,355,0.8066792288616373,0.7856245579308908,-0.021054670930746533,1
60,96,falkor_to_mesoscope,1455,2142,249,266,0.7861615487975393,0.763406593766137,-0.022754955031402346,0
60,96,mesoscope_to_falkor,2299,1811,308,290,0.8706434319272838,0.9203775421787216,0.04973411025143781,1
60,97,falkor_to_mesoscope,1917,2664,311,439,0.817633042228497,0.9582268663583495,0.14059382412985255,0
60,97,mesoscope_to_falkor,2218,1532,215,211,0.8717813610977545,0.910725767276533,0.03894440617877848,1
60,98,falkor_to_mesoscope,1668,2241,221,347,0.8195551561777975,0.9224489009049142,0.10289374472711665,0
60,98,mesoscope_to_falkor,2149,2392,141,258,0.7328640532768774,0.7954264697951481,0.06256241651827066,1
60,99,falkor_to_mesoscope,2316,2321,226,269,0.7729725864244175,0.8943563540309164,0.12138376760649894,0
60,99,mesoscope_to_falkor,2220,2472,217,252,0.7696294263588103,0.8909276415782527,0.1212982152194424,1
60,100,falkor_to_mesoscope,1655,2059,204,213,0.8293950994130368,0.9065455099681291,0.07715041055509231,0
60,100,mesoscope_to_falkor,2284,1442,219,236,0.8264680539110981,0.9048804486397493,0.07841239472865114,1
60,101,falkor_to_mesoscope,2504,2126,270,316,0.7626703606631627,0.8947699878105569,0.1320996271473942,0
60,101,mesoscope_to_falkor,2492,1333,352,286,0.8043764725708556,0.9126527045478767,0.10827623197702108,1
60,102,falkor_to_mesoscope,1465,2175,290,165,0.8215958073248854,0.7462913418738163,-0.07530446545106906,0
60,102,mesoscope_to_falkor,1785,2019,217,139,0.7802270901409486,0.7959738777414154,0.01574678760046677,1
60,103,falkor_to_mesoscope,1734,2394,181,251,0.7708533002813848,0.8961834282025066,0.12533012792112186,0
60,103,mesoscope_to_falkor,2862,1575,406,213,0.8545067104101026,0.9373926953935648,0.08288598498346222,1
60,104,falkor_to_mesoscope,1359,2166,232,245,0.7431229460878863,0.8388411583601341,0.09571821227224775,0
60,104,mesoscope_to_falkor,2238,1811,271,217,0.7715526700941462,0.7392900612402159,-0.032262608853930286,1
60,105,falkor_to_mesoscope,1980,2685,349,305,0.7558173888611022,0.9168696956930391,0.16105230683193694,0
60,105,mesoscope_to_falkor,1980,2173,182,261,0.7449359295020689,0.793183982584565,0.048248053082496134,1
60,106,falkor_to_mesoscope,1872,2467,356,203,0.6858680746373178,0.746728060843029,0.0608599862057112,0
60,106,mesoscope_to_falkor,1988,1618,197,306,0.8434162439705343,0.9034101310440729,0.05999388707353859,1
60,107,falkor_to_mesoscope,1801,2222,253,340,0.7584069558020216,0.8570578469686839,0.09865089116666237,0
60,107,mesoscope_to_falkor,2055,1982,179,194,0.7268114479736982,0.8800602019952143,0.15324875402151605,1
60,108,falkor_to_mesoscope,1718,1795,247,140,0.6296002677813053,0.7273190069242041,0.09771873914289886,0
60,108,mesoscope_to_falkor,2174,1954,189,233,0.8390850026887697,0.8427619143198276,0.0036769116310578775,1
60,109,falkor_to_mesoscope,1608,1574,306,94,0.8021975913724658,0.8489432596576992,0.04674566828523341,0
60,109,mesoscope_to_falkor,2261,1238,278,151,0.7652345674447989,0.8507133378908948,0.08547877044609586,1
60,110,falkor_to_mesoscope,1524,2212,250,359,0.808997935319875,0.9530953231478144,0.14409738782793946,0
60,110,mesoscope_to_falkor,2392,1907,319,358,0.8293187020295455,0.9083619095954544,0.07904320756590888,1
60,111,falkor_to_mesoscope,1272,1981,139,308,0.812660494927672,0.8838416677308464,0.07118117280317438,0
60,111,mesoscope_to_falkor,1863,1364,178,232,0.8197726361220401,0.8889057875859641,0.06913315146392396,1
60,112,falkor_to_mesoscope,1840,2328,261,174,0.6563209732569091,0.7045596662838324,0.048238693026923296,0
60,112,mesoscope_to_falkor,1856,1785,171,276,0.8001553040168627,0.8880781453229558,0.08792284130609307,1
60,113,falkor_to_mesoscope,1455,2633,140,367,0.8395766444494895,0.8987094317342809,0.05913278728479132,0
60,113,mesoscope_to_falkor,2207,2156,170,261,0.7633746734818807,0.8096181800144701,0.04624350653258935,1
60,114,falkor_to_mesoscope,1531,2015,301,279,0.8115612178247529,0.9188835513660975,0.10732233354134457,0
60,114,mesoscope_to_falkor,1888,1570,197,229,0.8069211355016007,0.8560294733028752,0.04910833780127444,1
60,115,falkor_to_mesoscope,1306,2333,189,263,0.8215909388824205,0.7899876088780463,-0.03160333000437421,0
60,115,mesoscope_to_falkor,2402,2236,250,214,0.8105923147502117,0.8299800639896687,0.019387749239457075,1
60,116,falkor_to_mesoscope,1664,2393,199,365,0.8205952206743563,0.9439104524045618,0.12331523173020553,0
60,116,mesoscope_to_falkor,1996,1375,177,200,0.8143379716535215,0.8114985111959324,-0.0028394604575890936,1
60,117,falkor_to_mesoscope,2015,2535,197,237,0.7739109125586154,0.8974920827231755,0.12358117016456005,0
60,117,mesoscope_to_falkor,2192,1628,295,244,0.7656675342525542,0.8418502174767099,0.07618268322415567,1
60,118,falkor_to_mesoscope,2119,2462,297,311,0.8259562813877981,0.8635421180433197,0.03758583665552162,0
60,118,mesoscope_to_falkor,2294,2226,224,200,0.7597982117368892,0.80764335057507,0.047845138838180756,1
60,119,falkor_to_mesoscope,1575,2438,157,350,0.7832136283817804,0.8934740490498971,0.1102604206681167,0
60,119,mesoscope_to_falkor,1927,1485,156,233,0.819623858325831,0.7130032028115673,-0.1066206555142637,1
60,120,falkor_to_mesoscope,1296,2061,145,230,0.8363748868124405,0.916564056386597,0.08018916957415645,0
60,120,mesoscope_to_falkor,2342,1855,279,169,0.7180485565170937,0.7712685012462399,0.05321994472914626,1
60,121,falkor_to_mesoscope,1808,2597,216,352,0.7622071572744962,0.9238004707395931,0.16159331346509698,0
60,121,mesoscope_to_falkor,2111,1644,213,205,0.8682717828867043,0.9557550109780164,0.08748322809131215,1
60,122,falkor_to_mesoscope,1477,2133,312,239,0.8221216064512146,0.8707175589722037,0.04859595252098914,0
60,122,mesoscope_to_falkor,2931,1710,279,320,0.8319345434750657,0.9227604139824802,0.09082587050741453,1
60,123,falkor_to_mesoscope,1453,1811,270,223,0.6836514241283302,0.8317977337130614,0.14814630958473118,0
60,123,mesoscope_to_falkor,1778,1748,125,282,0.8181098888735435,0.8721133961519524,0.05400350727840886,1
60,124,falkor_to_mesoscope,1999,2528,247,310,0.7844108706426032,0.8942716401663052,0.10986076952370205,0
60,124,mesoscope_to_falkor,1911,1730,195,252,0.8087634394208426,0.8643002072159526,0.055536767795109965,1
60,125,falkor_to_mesoscope,1846,1990,233,193,0.7908031564282514,0.8635632226024514,0.07276006617420006,0
60,125,mesoscope_to_falkor,2219,1897,286,266,0.7783311381006467,0.7882700002634416,0.009938862162794937,1
60,126,falkor_to_mesoscope,1721,2357,226,400,0.8185428089018386,0.9173291654829582,0.09878635658111956,0
60,126,mesoscope_to_falkor,1952,1573,270,346,0.8381673214992448,0.9338611157178924,0.09569379421864765,1
60,127,falkor_to_mesoscope,1743,2028,187,204,0.8238197183406613,0.8869786097844863,0.06315889144382503,0
60,127,mesoscope_to_falkor,2043,1586,241,285,0.822015980704272,0.8484228131807044,0.026406832476432496,1
60,128,falkor_to_mesoscope,1870,2206,256,277,0.7317383948632372,0.872474033479627,0.14073563861638982,0
60,128,mesoscope_to_falkor,2377,1873,313,232,0.8355310964923942,0.915655277711715,0.08012418121932074,1
60,129,falkor_to_mesoscope,1915,2598,317,281,0.8332124090425839,0.9064645198956961,0.07325211085311223,0
60,129,mesoscope_to_falkor,2433,2391,323,213,0.7539508514739975,0.7819267314407431,0.027975879966745554,1
60,130,falkor_to_mesoscope,1801,1976,348,119,0.6940245492844368,0.8975863525038523,0.20356180321941553,0
60,130,mesoscope_to_falkor,2513,1395,389,244,0.8830283731739952,0.8933969928245312,0.010368619650536037,1
60,131,falkor_to_mesoscope,2030,2358,212,297,0.7863698082101798,0.9427223057692046,0.1563524975590248,0
60,131,mesoscope_to_falkor,2062,1397,240,193,0.7882958907385633,0.8532323000251701,0.06493640928660682,1
60,132,falkor_to_mesoscope,1847,2114,258,312,0.8553424261868915,0.9097655488051659,0.05442312261827442,0
60,132,mesoscope_to_falkor,2300,2470,253,162,0.7911716851810806,0.9001644511204867,0.1089927659394061,1
60,133,falkor_to_mesoscope,1843,2058,238,185,0.6714775370993226,0.8942062871173454,0.22272875001802284,0
60,133,mesoscope_to_falkor,2371,1877,255,150,0.6650518413766289,0.9398485046996923,0.2747966633230634,1
60,134,falkor_to_mesoscope,1478,2092,274,146,0.8082731296621019,0.7258078766007163,-0.08246525306138552,0
60,134,mesoscope_to_falkor,2246,1789,221,307,0.7846628556336089,0.8830667997995341,0.09840394416592513,1
60,135,falkor_to_mesoscope,2066,2527,290,279,0.8180598386326086,0.8905446684422318,0.07248482980962323,0
60,135,mesoscope_to_falkor,1975,2354,179,286,0.7288138493930929,0.9113770070482966,0.1825631576552037,1
60,136,falkor_to_mesoscope,1555,2153,264,227,0.6416461134944154,0.9025838049595444,0.260937691465129,0
60,136,mesoscope_to_falkor,2386,2540,269,303,0.7940722489590926,0.8274756891816922,0.03340344022259967,1
60,137,falkor_to_mesoscope,1510,2470,219,346,0.7464922803879085,0.8462465239450957,0.0997542435571872,0
60,137,mesoscope_to_falkor,1804,1738,122,196,0.6459707248114736,0.8611775176686269,0.21520679285715338,1
60,138,falkor_to_mesoscope,1400,2490,208,391,0.805149680568746,0.9081807037877344,0.10303102321898838,0
60,138,mesoscope_to_falkor,1845,1422,208,299,0.8706340546244076,0.8630851878941966,-0.007548866730210935,1
60,139,falkor_to_mesoscope,1773,2397,221,243,0.7426577754743879,0.8769903088060954,0.13433253333170747,0
60,139,mesoscope_to_falkor,1892,1707,168,178,0.625029391602711,0.6636670476545282,0.03863765605181724,1
60,140,falkor_to_mesoscope,1753,2260,260,256,0.8032952525005789,0.8389354830541927,0.03564023055361387,0
60,140,mesoscope_to_falkor,2615,1958,336,188,0.8387713824915934,0.9435509364932033,0.10477955400160988,1
60,141,falkor_to_mesoscope,1670,2299,368,291,0.8353341278499765,0.8894811098616178,0.054146982011641254,0
60,141,mesoscope_to_falkor,2410,2465,164,319,0.8311101819802765,0.7942456696061126,-0.03686451237416388,1
60,142,falkor_to_mesoscope,1954,2346,163,221,0.7416308898357352,0.7391948670189749,-0.0024360228167603637,0
60,142,mesoscope_to_falkor,2437,1576,315,348,0.854229333173509,0.9064491872752104,0.05221985410170138,1
60,143,falkor_to_mesoscope,2046,2251,146,201,0.7578115491907266,0.8759580036539725,0.1181464544632459,0
60,143,mesoscope_to_falkor,2171,1957,244,258,0.835069560741975,0.8990335267426344,0.06396396600065934,1
60,144,falkor_to_mesoscope,2198,1885,201,178,0.7316659917169602,0.8274335714761892,0.095767579759229,0
60,144,mesoscope_to_falkor,2305,1321,236,196,0.7699264940429973,0.9074538421854432,0.13752734814244594,1
60,145,falkor_to_mesoscope,1999,2007,243,222,0.735548518722073,0.9123095785691058,0.17676105984703272,0
60,145,mesoscope_to_falkor,2051,1344,235,136,0.6341458817015536,0.8025846281396822,0.16843874643812862,1
60,146,falkor_to_mesoscope,2782,1771,278,182,0.6462755064990751,0.8604979267841729,0.21422242028509786,0
60,146,mesoscope_to_falkor,2275,1297,326,146,0.8033516110598243,0.9111775213300518,0.10782591027022748,1
60,147,falkor_to_mesoscope,2207,2735,282,375,0.818848066950779,0.840210963769457,0.02136289681867798,0
60,147,mesoscope_to_falkor,1784,1587,195,144,0.6662537242224411,0.7299981763761946,0.06374445215375346,1
60,148,falkor_to_mesoscope,1709,1730,295,200,0.7458765395615581,0.8882461357151509,0.1423695961535928,0
60,148,mesoscope_to_falkor,2591,2084,322,199,0.7579138204599454,0.8731985761522226,0.11528475569227725,1
60,149,falkor_to_mesoscope,2022,1961,264,170,0.7864119317076658,0.9003689642754934,0.11395703256782763,0
60,149,mesoscope_to_falkor,1985,1478,182,252,0.7994405670096386,0.9246508848246515,0.1252103178150129,1
60,150,falkor_to_mesoscope,1700,2097,176,292,0.808698072844445,0.9151346103042685,0.10643653745982351,0
60,150,mesoscope_to_falkor,1797,1774,149,131,0.8328516775155945,0.6783045955130391,-0.1545470820025554,1
60,151,falkor_to_mesoscope,2241,2389,311,342,0.7459035411958478,0.9416763497512715,0.19577280855542367,0
60,151,mesoscope_to_falkor,1928,1739,133,210,0.7982897580529595,0.7967256234181818,-0.0015641346347777807,1
60,152,falkor_to_mesoscope,1296,2274,151,325,0.8536309967050523,0.9249418619932952,0.07131086528824293,0
60,152,mesoscope_to_falkor,2173,1747,151,210,0.7356873909168883,0.8434789348488249,0.10779154393193657,1
60,153,falkor_to_mesoscope,2293,2531,378,336,0.8504445790036476,0.9139795985099987,0.0635350195063511,0
60,153,mesoscope_to_falkor,1825,1320,168,216,0.8444331743990012,0.899913394815371,0.055480220416369797,1
60,154,falkor_to_mesoscope,1594,2467,211,219,0.8182243726032532,0.9274634761837123,0.10923910358045907,0
60,154,mesoscope_to_falkor,2462,1313,244,130,0.6609929838847505,0.8662526023785834,0.2052596184938329,1
60,155,falkor_to_mesoscope,2010,1850,189,163,0.7603838125583318,0.8204307171743228,0.06004690461599105,0
60,155,mesoscope_to_falkor,2424,2214,287,243,0.7970841045877721,0.9177509379024515,0.12066683331467942,1
60,156,falkor_to_mesoscope,2533,1818,111,199,0.6632900578400067,0.8305208063451499,0.1672307485051432,0
60,156,mesoscope_to_falkor,2588,2299,300,212,0.7720330540830054,0.8142063304840365,0.04217327640103108,1
60,157,falkor_to_mesoscope,1854,1858,182,159,0.7050809123900971,0.6795356208189461,-0.02554529157115093,0
60,157,mesoscope_to_falkor,2509,2034,295,331,0.8266449041810088,0.9179508298956526,0.0913059257146438,1
60,158,falkor_to_mesoscope,1473,1960,199,290,0.8500600323590811,0.8827579193413866,0.03269788698230547,0
60,158,mesoscope_to_falkor,2755,1871,240,272,0.8489003974029755,0.9022665481117536,0.05336615070877804,1
60,159,falkor_to_mesoscope,1647,2093,213,242,0.7102471789809719,0.8389797427149929,0.12873256373402098,0
60,159,mesoscope_to_falkor,2239,1670,331,229,0.871058388335656,0.8169195315372635,-0.054138856798392476,1
60,160,falkor_to_mesoscope,1824,2232,224,218,0.8227222706620245,0.8712933809901937,0.04857111032816919,0
60,160,mesoscope_to_falkor,2185,1730,188,216,0.769875395261747,0.844057836455922,0.07418244119417505,1
60,161,falkor_to_mesoscope,1923,2196,236,227,0.7551680078740208,0.8737017397263195,0.11853373185229865,0
60,161,mesoscope_to_falkor,2352,1810,324,298,0.8445172429373272,0.8292511377860838,-0.015266105151243381,1
60,162,falkor_to_mesoscope,1840,2585,226,407,0.8268280670353726,0.9220499301707092,0.09522186313533665,0
60,162,mesoscope_to_falkor,2399,1367,367,190,0.7498915189368398,0.8708551576238011,0.12096363868696125,1
60,163,falkor_to_mesoscope,1590,2423,318,280,0.6944273372505001,0.8382004305683366,0.1437730933178365,0
60,163,mesoscope_to_falkor,2426,1903,265,176,0.7088341458599935,0.8031625679294696,0.09432842206947611,1
60,164,falkor_to_mesoscope,1632,2252,225,283,0.794772662788063,0.8805903242783752,0.08581766149031222,0
60,164,mesoscope_to_falkor,1864,2010,240,222,0.7799504142507216,0.6584899943323438,-0.12146041991837786,1
60,165,falkor_to_mesoscope,2025,2132,261,262,0.7911443668437308,0.8279383851533437,0.03679401830961293,0
60,165,mesoscope_to_falkor,2346,1603,280,276,0.8197549278911633,0.8713593274937997,0.05160439960263641,1
60,166,falkor_to_mesoscope,1961,2312,339,325,0.7808534767983624,0.9096953534794713,0.1288418766811089,0
60,166,mesoscope_to_falkor,1962,1863,219,211,0.7387832270462442,0.8107021599143066,0.07191893286806239,1
60,167,falkor_to_mesoscope,1761,2130,203,211,0.7494719262833645,0.7809154059065956,0.03144347962323113,0
60,167,mesoscope_to_falkor,2167,2145,113,339,0.7873901482967962,0.8693510549852782,0.081960906688482,1
60,168,falkor_to_mesoscope,1428,2295,264,273,0.8037738701553674,0.8779777784795394,0.07420390832417201,0
60,168,mesoscope_to_falkor,2428,1779,265,268,0.73693144986805,0.8516590445620007,0.11472759469395066,1
60,169,falkor_to_mesoscope,1655,1912,227,181,0.8248684133375633,0.8781741787112985,0.053305765373735214,0
60,169,mesoscope_to_falkor,2096,1292,234,180,0.7181382036931163,0.8120130100497878,0.09387480635667145,1
60,170,falkor_to_mesoscope,2001,1945,304,200,0.7240188022196757,0.9201468942175866,0.19612809199791081,0
60,170,mesoscope_to_falkor,2289,1451,419,295,0.8455346456410706,0.9144593670328236,0.06892472139175299,1
60,171,falkor_to_mesoscope,1514,2101,239,267,0.87081895060776,0.9078249618530684,0.037006011245308335,0
60,171,mesoscope_to_falkor,2518,1911,266,273,0.7926563716531542,0.8917170920633739,0.09906072041021974,1
60,172,falkor_to_mesoscope,1937,1990,253,229,0.7673623016833608,0.8911029269365754,0.12374062525321461,0
60,172,mesoscope_to_falkor,2292,1468,269,262,0.8237140098914311,0.9136845994541545,0.08997058956272341,1
60,173,falkor_to_mesoscope,1701,2625,253,421,0.8314816616289631,0.9466708567812264,0.11518919515226334,0
60,173,mesoscope_to_falkor,1863,1840,229,281,0.7605468338109415,0.9096157934015248,0.1490689595905833,1
60,174,falkor_to_mesoscope,2066,1943,221,283,0.7292526785639761,0.9000051062963876,0.1707524277324115,0
60,174,mesoscope_to_falkor,1959,1931,147,261,0.8542621332419155,0.8857399702765115,0.03147783703459606,1
60,175,falkor_to_mesoscope,1748,2337,213,217,0.7520329740592714,0.8116779492711453,0.05964497521187395,0
60,175,mesoscope_to_falkor,2248,1522,388,224,0.8312973562090912,0.8724694695687734,0.04117211335968218,1
60,176,falkor_to_mesoscope,1885,2440,250,319,0.713926943020875,0.9129282571649002,0.19900131414402522,0
60,176,mesoscope_to_falkor,2035,1779,106,313,0.8176554864152438,0.8610184379412719,0.04336295152602809,1
60,177,falkor_to_mesoscope,1511,1844,271,131,0.7080678926244999,0.8116975042429604,0.10362961161846052,0
60,177,mesoscope_to_falkor,2180,1640,357,284,0.8236287229968046,0.8717824367754763,0.048153713778671725,1
60,178,falkor_to_mesoscope,2581,2671,208,388,0.8294888288794668,0.9461009015881354,0.11661207270866858,0
60,178,mesoscope_to_falkor,2627,1771,350,267,0.8267562869490145,0.8896908484679871,0.06293456151897259,1
60,179,falkor_to_mesoscope,1946,2061,174,344,0.8232642572131913,0.9302371901617272,0.10697293294853594,0
60,179,mesoscope_to_falkor,1586,2233,105,166,0.7215162255234028,0.7245750357929795,0.0030588102695767727,1
60,180,falkor_to_mesoscope,2000,2360,211,228,0.7593547531612874,0.8695634472332736,0.11020869407198619,0
60,180,mesoscope_to_falkor,2547,1912,301,241,0.8532872335480652,0.9273158339527028,0.07402860040463755,1
60,181,falkor_to_mesoscope,2407,2349,354,281,0.7783339997126365,0.9189675117256285,0.140633512012992,0
60,181,mesoscope_to_falkor,2367,1922,245,170,0.8193743946364789,0.9225705859295772,0.10319619129309832,1
60,182,falkor_to_mesoscope,2116,1909,232,151,0.6764369871706812,0.8675665138720544,0.19112952670137318,0
60,182,mesoscope_to_falkor,2129,2235,293,202,0.7878083893849663,0.858645488725696,0.07083709934072968,1
60,183,falkor_to_mesoscope,1507,1660,210,106,0.8430631082756348,0.8429511923320845,-0.00011191594355031143,0
60,183,mesoscope_to_falkor,2571,1761,353,189,0.793965582394609,0.8515249902099317,0.05755940781532265,1
60,184,falkor_to_mesoscope,1736,2536,151,231,0.7157959590589024,0.8208660923545564,0.10507013329565407,0
60,184,mesoscope_to_falkor,2051,1923,178,284,0.8291658172731097,0.8940571228011536,0.0648913055280439,1
60,185,falkor_to_mesoscope,1691,2209,214,266,0.7221781758437607,0.866092509784742,0.1439143339409813,0
60,185,mesoscope_to_falkor,2064,1736,236,198,0.8105819462295393,0.8118619895157173,0.0012800432861780342,1
60,186,falkor_to_mesoscope,1653,2593,164,348,0.8210058495366701,0.7751695558815528,-0.04583629365511732,0
60,186,mesoscope_to_falkor,2392,1690,262,207,0.7598824978946005,0.8970917141867805,0.13720921629217997,1
60,187,falkor_to_mesoscope,1977,1981,209,288,0.8112739357583814,0.9178957960900537,0.10662186033167231,0
60,187,mesoscope_to_falkor,2024,1695,224,290,0.8226081085162112,0.8822624375701349,0.05965432905392365,1
60,188,falkor_to_mesoscope,2544,1875,205,195,0.7181413512853195,0.8333230302202415,0.11518167893492193,0
60,188,mesoscope_to_falkor,2406,2176,271,179,0.7880207792393188,0.9193364672049109,0.13131568796559212,1
60,189,falkor_to_mesoscope,1416,2080,260,200,0.7713234882423057,0.7976961857943896,0.026372697552083935,0
60,189,mesoscope_to_falkor,2511,1692,324,340,0.8601937887639624,0.9119567490173048,0.05176296025334248,1
60,190,falkor_to_mesoscope,2057,1945,247,203,0.7350214385845302,0.7765370963519292,0.04151565776739907,0
60,190,mesoscope_to_falkor,2135,1666,233,147,0.7603326780553291,0.7503317431802129,-0.010000934875116219,1
60,191,falkor_to_mesoscope,1792,2132,299,333,0.8537027815273817,0.8981390632945567,0.04443628176717507,0
60,191,mesoscope_to_falkor,2660,1744,383,308,0.8343159962044695,0.8898073313434122,0.055491335138942666,1
60,192,falkor_to_mesoscope,1446,2222,191,341,0.7628341253092971,0.8791687345313671,0.11633460922207006,0
60,192,mesoscope_to_falkor,2404,1498,333,269,0.7766620308963638,0.8798850834980428,0.10322305260167908,1
60,193,falkor_to_mesoscope,1666,2130,289,297,0.8041252725616627,0.8639471043991077,0.05982183183744505,0
60,193,mesoscope_to_falkor,2040,1491,218,311,0.8274486951230878,0.8706823442395412,0.04323364911645333,1
60,194,falkor_to_mesoscope,1660,1775,277,107,0.6451474072945632,0.8399748089454668,0.19482740165090362,0
60,194,mesoscope_to_falkor,2053,2081,203,246,0.7947568196325344,0.8550003110982647,0.06024349146573027,1
60,195,falkor_to_mesoscope,2129,2030,233,148,0.7130432935380956,0.7674336667427142,0.05439037320461859,0
60,195,mesoscope_to_falkor,2362,2265,321,254,0.8440376275094498,0.8847026622262588,0.040665034716809045,1
60,196,falkor_to_mesoscope,1990,2452,306,311,0.8005984906679843,0.9210635347658939,0.12046504409790959,0
60,196,mesoscope_to_falkor,2056,1497,160,232,0.7546295031161404,0.8215834691011543,0.06695396598501391,1
60,197,falkor_to_mesoscope,1395,2179,283,218,0.6514553723236113,0.8254142037682083,0.173958831444597,0
60,197,mesoscope_to_falkor,2469,1633,366,231,0.8065383304290663,0.8893118783438458,0.08277354791477953,1
60,198,falkor_to_mesoscope,1256,2481,142,314,0.7722503032915184,0.82251390796955,0.05026360467803159,0
60,198,mesoscope_to_falkor,2289,2280,256,132,0.673853150767948,0.9456734761479166,0.2718203253799686,1
60,199,falkor_to_mesoscope,1570,2567,288,437,0.8184010179518566,0.9266863860344388,0.10828536808258216,0
60,199,mesoscope_to_falkor,1828,1312,278,232,0.8686443087057348,0.8587184296160403,-0.009925879089694556,1
60,200,falkor_to_mesoscope,2348,2493,206,305,0.8009206825718782,0.8648307608137127,0.06391007824183448,0
60,200,mesoscope_to_falkor,2694,1759,316,256,0.8321649533139663,0.8451532621134019,0.012988308799435577,1
60,201,falkor_to_mesoscope,2344,2415,254,297,0.8286786846612516,0.8806292896783975,0.05195060501714588,0
60,201,mesoscope_to_falkor,2267,1613,189,306,0.8323909116638162,0.8732345801258026,0.04084366846198639,1
60,202,falkor_to_mesoscope,1629,1962,163,165,0.6380831923000577,0.7741270925653464,0.13604390026528868,0
60,202,mesoscope_to_falkor,2389,1870,312,274,0.7786165555390471,0.8697003917299566,0.09108383619090954,1
60,203,falkor_to_mesoscope,2033,2377,343,260,0.73945799507987,0.9383157715218612,0.1988577764419912,0
60,203,mesoscope_to_falkor,2066,1617,223,298,0.787564535729156,0.8059015060237653,0.018336970294609345,1
60,204,falkor_to_mesoscope,1719,2351,185,264,0.7367961467632063,0.8668293643801119,0.13003321761690567,0
60,204,mesoscope_to_falkor,2328,1910,246,219,0.7711369188803782,0.892550838832101,0.12141391995172279,1
60,205,falkor_to_mesoscope,2114,2349,221,221,0.6710764122940968,0.8145848995418349,0.14350848724773813,0
60,205,mesoscope_to_falkor,2403,1826,354,160,0.7054542092379595,0.7094800609089861,0.004025851671026537,1
60,206,falkor_to_mesoscope,1815,2070,221,276,0.8065135372738872,0.892853136705616,0.08633959943172875,0
60,206,mesoscope_to_falkor,1771,1989,223,259,0.8022987354049326,0.8015360584235631,-0.0007626769813694478,1
60,207,falkor_to_mesoscope,1803,2243,241,344,0.8335545678487714,0.9774057879817398,0.14385122013296847,0
60,207,mesoscope_to_falkor,2135,1902,261,303,0.8030416902059079,0.7934348636724627,-0.009606826533445134,1
60,208,falkor_to_mesoscope,3166,2437,187,198,0.7827370333943386,0.847245775059846,0.06450874166550735,0
60,208,mesoscope_to_falkor,2276,1684,336,275,0.8360541294020972,0.7807861172323616,-0.05526801216973565,1
60,209,falkor_to_mesoscope,2240,2639,162,363,0.7937592489032668,0.9105162239315518,0.11675697502828508,0
60,209,mesoscope_to_falkor,2615,2286,229,271,0.8342276515102695,0.896489726668835,0.06226207515856552,1
60,210,falkor_to_mesoscope,1743,2113,236,231,0.801488501174173,0.7964129999638189,-0.005075501210354161,0
60,210,mesoscope_to_falkor,2334,2034,233,210,0.7117820130679547,0.7995807636950827,0.08779875062712794,1
60,211,falkor_to_mesoscope,2237,1606,315,131,0.7619651644164075,0.8984018617875245,0.13643669737111697,0
60,211,mesoscope_to_falkor,2376,1402,287,202,0.7877473476045171,0.7072245209610482,-0.08052282664346899,1
60,212,falkor_to_mesoscope,1790,2640,179,314,0.7862134166273292,0.8674154552243919,0.08120203859706265,0
60,212,mesoscope_to_falkor,2205,1477,184,235,0.8767635138279414,0.9127163586301534,0.03595284480221206,1
60,213,falkor_to_mesoscope,1771,2135,239,235,0.8404088905863266,0.8224251263371434,-0.017983764249183243,0
60,213,mesoscope_to_falkor,2637,1844,378,249,0.8266945282162194,0.8184617826296147,-0.008232745586604695,1
60,214,falkor_to_mesoscope,1420,2391,156,280,0.7528931044694487,0.8947775230303886,0.14188441856093992,0
60,214,mesoscope_to_falkor,2383,2137,185,207,0.8477930125998507,0.9160370123262533,0.0682439997264026,1
60,215,falkor_to_mesoscope,1873,2161,238,187,0.7673412912611204,0.865939857473235,0.0985985662121146,0
60,215,mesoscope_to_falkor,2322,1569,250,262,0.8454862940729527,0.8829170536502912,0.037430759577338435,1
60,216,falkor_to_mesoscope,1424,2040,251,261,0.7387699894657652,0.8212110298162645,0.08244104035049926,0
60,216,mesoscope_to_falkor,2510,1726,215,293,0.8356919118778181,0.8677529047370194,0.032060992859201276,1
60,217,falkor_to_mesoscope,1526,2239,241,338,0.7106323229022266,0.8826172727416202,0.1719849498393936,0
60,217,mesoscope_to_falkor,2129,2434,227,309,0.8070698535480982,0.8195689397573174,0.012499086209219135,1
60,218,falkor_to_mesoscope,1845,2071,239,170,0.7493267709892696,0.8432461793255345,0.09391940833626489,0
60,218,mesoscope_to_falkor,2128,1809,57,139,0.6250211994031092,0.6798326566151451,0.05481145721203595,1
60,219,falkor_to_mesoscope,1810,1912,115,137,0.7083127854087617,0.6549405358815618,-0.05337224952719999,0
60,219,mesoscope_to_falkor,2344,1934,235,151,0.6351206605585966,0.6629327672230019,0.027812106664405256,1
60,220,falkor_to_mesoscope,2283,2694,233,257,0.8363887257328713,0.7041742406923992,-0.13221448504047206,0
60,220,mesoscope_to_falkor,2544,1514,329,101,0.7379849490103615,0.6968279598503722,-0.04115698915998933,1
60,221,falkor_to_mesoscope,1850,2159,208,189,0.8495471308371935,0.8440914815409469,-0.005455649296246534,0
60,221,mesoscope_to_falkor,2212,1666,225,230,0.8042360574451489,0.8523709565093408,0.04813489906419188,1
60,222,falkor_to_mesoscope,1822,2406,245,200,0.774783512099331,0.8888265105634799,0.11404299846414889,0
60,222,mesoscope_to_falkor,2266,1420,237,255,0.8831369278958173,0.8102914957244516,-0.07284543217136574,1
60,223,falkor_to_mesoscope,1650,2053,132,150,0.712652593718393,0.9385104950469844,0.2258579013285914,0
60,223,mesoscope_to_falkor,1964,1761,217,233,0.8175260143233629,0.8362642679524918,0.018738253629128843,1
60,224,falkor_to_mesoscope,1609,2250,281,290,0.7488086531819879,0.9371927215085264,0.18838406832653853,0
60,224,mesoscope_to_falkor,1681,1549,141,297,0.7473156329451093,0.8278789221192765,0.08056328917416722,1
60,225,falkor_to_mesoscope,2232,2327,147,220,0.7000877052617742,0.8600043517603523,0.15991664649857806,0
60,225,mesoscope_to_falkor,2076,1968,259,178,0.7326705656082834,0.7979385926287494,0.06526802702046608,1
60,226,falkor_to_mesoscope,1712,2040,234,144,0.7467051395798995,0.6238477649517781,-0.12285737462812141,0
60,226,mesoscope_to_falkor,2569,2332,384,266,0.8226313661363048,0.8998884385608853,0.07725707242458046,1
60,227,falkor_to_mesoscope,1903,2284,326,262,0.7898762864265593,0.8753565028264529,0.08548021639989367,0
60,227,mesoscope_to_falkor,1916,1615,168,251,0.8121234324094894,0.8511873186998334,0.039063886290344074,1
60,228,falkor_to_mesoscope,1939,1974,384,147,0.6520657138691516,0.782648241151642,0.13058252728249042,0
60,228,mesoscope_to_falkor,1846,1803,183,217,0.7268002441784607,0.8414197084641778,0.11461946428571712,1
60,229,falkor_to_mesoscope,2235,2442,205,303,0.7342533192456304,0.8668756251787022,0.13262230593307178,0
60,229,mesoscope_to_falkor,2498,1573,365,301,0.8742209057946686,0.9087653673287543,0.034544461534085746,1
60,230,falkor_to_mesoscope,2323,2202,252,224,0.7809706382165418,0.8719835041387302,0.09101286592218838,0
60,230,mesoscope_to_falkor,2180,1369,350,170,0.7120663270847634,0.7171095495883162,0.005043222503552824,1
60,231,falkor_to_mesoscope,1481,2425,308,289,0.7684872634941083,0.8840636703125232,0.11557640681841486,0
60,231,mesoscope_to_falkor,2328,1929,312,291,0.8024997146237014,0.8758985046921111,0.07339879006840966,1
60,232,falkor_to_mesoscope,1718,2772,206,177,0.7353590971507236,0.7934626763842146,0.058103579233491076,0
60,232,mesoscope_to_falkor,2079,1919,256,289,0.8467389989044296,0.8096960540050325,-0.03704294489939708,1
60,233,falkor_to_mesoscope,2140,2024,348,196,0.7680698590275523,0.9337456023545775,0.16567574332702517,0
60,233,mesoscope_to_falkor,2350,1817,254,302,0.8030580406803972,0.8635040781331199,0.0604460374527227,1
60,234,falkor_to_mesoscope,2247,2517,217,177,0.7546099483625127,0.7101977420068795,-0.044412206355633255,0
60,234,mesoscope_to_falkor,2408,1456,211,254,0.8547840369378346,0.8839469271444865,0.02916289020665197,1
60,235,falkor_to_mesoscope,1743,2351,170,194,0.7284067231276267,0.8367334546495546,0.10832673152192795,0
60,235,mesoscope_to_falkor,2165,1569,274,276,0.8589852678006143,0.8917798335197655,0.03279456571915118,1
60,236,falkor_to_mesoscope,2405,2549,234,225,0.7889381692897531,0.7740414315155391,-0.014896737774214075,0
60,236,mesoscope_to_falkor,2118,1678,199,159,0.7305147380044548,0.8839720337984652,0.15345729579401046,1
60,237,falkor_to_mesoscope,1669,2425,200,295,0.7842577006423717,0.8648149985366298,0.08055729789425814,0
60,237,mesoscope_to_falkor,2846,1733,413,222,0.8200688775972979,0.9008151995118227,0.0807463219145248,1
60,238,falkor_to_mesoscope,2248,2572,254,303,0.7599391206243008,0.9168708154579316,0.15693169483363079,0
60,238,mesoscope_to_falkor,2071,2084,161,161,0.7644581442224662,0.789394667421594,0.02493652319912787,1
60,239,falkor_to_mesoscope,1642,2142,225,252,0.7665940702287736,0.9217680561514039,0.15517398592263032,0
60,239,mesoscope_to_falkor,2161,1646,237,306,0.8476631118846806,0.9266913952788371,0.07902828339415657,1
60,240,falkor_to_mesoscope,1377,2337,287,287,0.7388746339947152,0.8958676141426324,0.15699298014791718,0
60,240,mesoscope_to_falkor,2288,2542,238,233,0.8178463587405597,0.907046071271467,0.0891997125309073,1
60,241,falkor_to_mesoscope,2343,2172,229,190,0.7381438176917458,0.9068929740748657,0.16874915638311994,0
60,241,mesoscope_to_falkor,2121,1700,310,266,0.7998995472215441,0.7984699697786223,-0.0014295774429218255,1
60,242,falkor_to_mesoscope,1710,2071,289,219,0.7004159793259934,0.8847919648158806,0.1843759854898872,0
60,242,mesoscope_to_falkor,1957,1493,218,171,0.6780310937212461,0.6960097468133974,0.017978653092151298,1
60,243,falkor_to_mesoscope,1908,2136,252,215,0.7766974636256346,0.8647151331216136,0.088017669495979,0
60,243,mesoscope_to_falkor,2079,1846,324,236,0.7918410911732197,0.7479328294791303,-0.043908261694089346,1
60,244,falkor_to_mesoscope,1403,1991,248,210,0.7771465561102006,0.886292520790998,0.1091459646807974,0
60,244,mesoscope_to_falkor,2078,1775,220,129,0.7517595272583629,0.8869283227746129,0.13516879551624994,1
60,245,falkor_to_mesoscope,1860,1868,276,170,0.8017491206314685,0.8183377524742335,0.016588631842764934,0
60,245,mesoscope_to_falkor,2064,1750,307,227,0.7529798480593305,0.7569515133277184,0.003971665268387881,1
60,246,falkor_to_mesoscope,1837,1710,384,238,0.7944972444385876,0.9056688698539814,0.11117162541539383,0
60,246,mesoscope_to_falkor,2536,1908,291,273,0.7786549075996222,0.851516443065517,0.0728615354658948,1
60,247,falkor_to_mesoscope,1643,2309,329,233,0.755940125725878,0.8220049914456643,0.06606486571978631,0
60,247,mesoscope_to_falkor,2349,1877,401,216,0.9107915630074747,0.948231981795931,0.03744041878845639,1
60,248,falkor_to_mesoscope,2582,2310,111,221,0.7662303827525277,0.8950470905736186,0.1288167078210909,0
60,248,mesoscope_to_falkor,2302,2199,250,221,0.77409447208043,0.8815077459120712,0.10741327383164112,1
60,249,falkor_to_mesoscope,1524,2269,257,241,0.7837143276017918,0.954785286013189,0.1710709584113972,0
60,249,mesoscope_to_falkor,1958,2278,179,121,0.7009137523283476,0.6250638197043584,-0.0758499326239892,1
60,250,falkor_to_mesoscope,1976,1802,167,172,0.7447374305526264,0.7947946942329707,0.050057263680344244,0
60,250,mesoscope_to_falkor,1899,2138,220,317,0.7855721252053025,0.8241722792988038,0.03860015409350126,1
60,251,falkor_to_mesoscope,2114,2306,230,254,0.5986697210471739,0.7861767496817927,0.18750702863461888,0
60,251,mesoscope_to_falkor,2200,1780,273,231,0.7542311352634931,0.8201316634624775,0.0659005281989844,1
60,252,falkor_to_mesoscope,1438,2352,261,209,0.7727933833804687,0.7512941789181466,-0.021499204462322008,0
60,252,mesoscope_to_falkor,2518,1818,251,209,0.7064094545571832,0.8596777416786952,0.15326828712151197,1
60,253,falkor_to_mesoscope,1638,2541,328,288,0.7783046343638943,0.9003694443592114,0.1220648099953171,0
60,253,mesoscope_to_falkor,2402,2121,194,282,0.7551908065378228,0.8449644544132847,0.08977364787546194,1
60,254,falkor_to_mesoscope,2236,2181,311,209,0.7847287404993967,0.8578985276170766,0.07316978711767996,0
60,254,mesoscope_to_falkor,2160,1708,347,199,0.836479010152912,0.909327509258701,0.07284849910578894,1
60,255,falkor_to_mesoscope,1373,2696,178,392,0.766365995357718,0.8914696744994279,0.12510367914170994,0
60,255,mesoscope_to_falkor,1808,1941,199,362,0.8338619308297528,0.8006080835548551,-0.03325384727489766,1
60,256,falkor_to_mesoscope,2071,1748,264,147,0.6800050469561156,0.8476207682087891,0.16761572125267343,0
60,256,mesoscope_to_falkor,2375,1598,248,368,0.8841446865800299,0.9426460050685881,0.05850131848855822,1
60,257,falkor_to_mesoscope,2661,2195,297,259,0.7490077195745228,0.9096382226789212,0.16063050310439841,0
60,257,mesoscope_to_falkor,1976,2563,198,261,0.8296693002396809,0.832050898487942,0.0023815982482611187,1
60,258,falkor_to_mesoscope,2112,2475,272,356,0.7714803499126048,0.9014916084990215,0.1300112585864167,0
60,258,mesoscope_to_falkor,1898,2542,240,288,0.827561498617657,0.8724192764659485,0.04485777784829148,1
60,259,falkor_to_mesoscope,2668,2049,325,194,0.6365594751663912,0.8960843131809128,0.25952483801452153,0
60,259,mesoscope_to_falkor,1829,1623,149,108,0.6008773720673078,0.8246895693624476,0.2238121972951398,1
60,260,falkor_to_mesoscope,2040,2042,334,164,0.8071499341648761,0.8390550909995553,0.031905156834679205,0
60,260,mesoscope_to_falkor,2281,1716,233,164,0.7165443188085904,0.907329989606169,0.19078567079757858,1
60,261,falkor_to_mesoscope,2621,2106,241,181,0.7851588100136033,0.9406213845979116,0.15546257458430823,0
60,261,mesoscope_to_falkor,2420,1765,385,193,0.8227781190191982,0.9091711435925384,0.0863930245733402,1
60,262,falkor_to_mesoscope,1732,2055,211,182,0.7632022551244371,0.7432952518946189,-0.0199070032298182,0
60,262,mesoscope_to_falkor,2195,2130,160,187,0.7643325077352334,0.8160863280096694,0.05175382027443598,1
60,263,falkor_to_mesoscope,1739,2655,308,273,0.7650031751571246,0.9355644045458203,0.17056122938869578,0
60,263,mesoscope_to_falkor,2233,1836,329,205,0.7529868499381298,0.8850032430234313,0.13201639308530144,1
60,264,falkor_to_mesoscope,1955,2590,232,342,0.7244350275754873,0.873802353880123,0.14936732630463567,0
60,264,mesoscope_to_falkor,2085,1710,289,183,0.7351366312172839,0.8923410343853994,0.15720440316811546,1
60,265,falkor_to_mesoscope,2166,2175,346,295,0.7796829296537645,0.923679572210262,0.14399664255649747,0
60,265,mesoscope_to_falkor,2168,1576,260,332,0.8268418321386323,0.8968470959930958,0.07000526385446348,1
60,266,falkor_to_mesoscope,1552,2547,154,383,0.804134171037321,0.9252237272057408,0.12108955616841977,0
60,266,mesoscope_to_falkor,2338,1670,260,248,0.7316837869780243,0.8575439586069231,0.12586017162889884,1
60,267,falkor_to_mesoscope,1615,1898,214,238,0.7394256443659718,0.8610813252232785,0.12165568085730671,0
60,267,mesoscope_to_falkor,2175,1750,248,231,0.7858957927620682,0.8557683393374316,0.06987254657536335,1
60,268,falkor_to_mesoscope,1671,2087,226,336,0.8191069362940566,0.8688588697239136,0.049751933429856954,0
60,268,mesoscope_to_falkor,2090,2398,236,303,0.8336115813693664,0.8372188076883971,0.003607226319030654,1
60,269,falkor_to_mesoscope,1593,1883,304,182,0.7921192835929536,0.8697491050499151,0.07762982145696151,0
60,269,mesoscope_to_falkor,2469,2146,261,246,0.7318544547713459,0.8365660478430427,0.10471159307169675,1
60,270,falkor_to_mesoscope,2446,1671,181,267,0.7025519812415201,0.9204002152923199,0.21784823405079978,0
60,270,mesoscope_to_falkor,1940,1668,128,301,0.8830928334242422,0.9221405694528814,0.0390477360286392,1
60,271,falkor_to_mesoscope,1853,2293,174,280,0.683664281238951,0.8116502820937291,0.12798600085477818,0
60,271,mesoscope_to_falkor,2110,1973,171,357,0.8899747107499651,0.8927987119496698,0.0028240011997046066,1
60,272,falkor_to_mesoscope,1439,2375,212,288,0.8769217742913304,0.9182384408766189,0.04131666658528843,0
60,272,mesoscope_to_falkor,2596,2618,287,156,0.6827276623329128,0.7505841720473172,0.06785650971440438,1
60,273,falkor_to_mesoscope,1662,1788,200,100,0.6849054762338942,0.7276783212052585,0.042772844971364354,0
60,273,mesoscope_to_falkor,2080,1955,247,269,0.819181023097172,0.9265229933454344,0.10734197024826242,1
60,274,falkor_to_mesoscope,2272,1741,298,177,0.795156743466097,0.8711463999196501,0.07598965645355316,0
60,274,mesoscope_to_falkor,2221,2087,225,194,0.7399403066175849,0.8104714279001907,0.07053112128260575,1
60,275,falkor_to_mesoscope,1605,2017,197,194,0.7640005949449855,0.8705317651487396,0.10653117020375413,0
60,275,mesoscope_to_falkor,2179,1958,233,231,0.7762345065465895,0.9385305545058333,0.1622960479592438,1
60,276,falkor_to_mesoscope,1840,2362,220,140,0.8121102931391089,0.8957290826543782,0.08361878951526935,0
60,276,mesoscope_to_falkor,2733,1771,363,276,0.854277497602247,0.9239704814165972,0.06969298381435018,1
60,277,falkor_to_mesoscope,1162,2123,83,158,0.7638018587517279,0.8453883351308439,0.08158647637911598,0
60,277,mesoscope_to_falkor,1982,1882,168,294,0.8304740961232481,0.7849716950171568,-0.04550240110609127,1
60,278,falkor_to_mesoscope,2169,2042,251,110,0.7866359583902568,0.7975604132378451,0.010924454847588305,0
60,278,mesoscope_to_falkor,2107,1869,157,260,0.7760954272854101,0.7874217367851395,0.011326309499729348,1
60,279,falkor_to_mesoscope,1708,2263,175,269,0.818040785766025,0.8728244367732094,0.05478365100718441,0
60,279,mesoscope_to_falkor,2350,1506,292,256,0.8217917867316021,0.913469961641412,0.0916781749098099,1
60,280,falkor_to_mesoscope,1678,1958,347,333,0.8415948928253644,0.899901013023199,0.058306120197834654,0
60,280,mesoscope_to_falkor,2465,2252,265,306,0.7710433001906511,0.8389004728886105,0.06785717269795932,1
60,281,falkor_to_mesoscope,1515,2516,206,302,0.8588470060938469,0.9046804848898972,0.045833478796050264,0
60,281,mesoscope_to_falkor,2437,2111,361,289,0.8483043111445939,0.8822958237919477,0.03399151264735378,1
60,282,falkor_to_mesoscope,2040,2237,255,198,0.7561102908971425,0.9286959297959178,0.1725856388987752,0
60,282,mesoscope_to_falkor,1805,1631,153,172,0.7641471083342991,0.8071247661032185,0.042977657768919375,1
60,283,falkor_to_mesoscope,1751,2159,300,246,0.8047057448008362,0.8857794330762738,0.0810736882754376,0
60,283,mesoscope_to_falkor,1882,1434,109,204,0.795348006708461,0.7807850917415002,-0.014562914966960716,1
60,284,falkor_to_mesoscope,1882,2055,254,251,0.8372918919474743,0.9138522980999135,0.0765604061524392,0
60,284,mesoscope_to_falkor,2252,2295,234,234,0.7034500438005109,0.7490497406144213,0.045599696813910406,1
60,285,falkor_to_mesoscope,1254,1911,126,174,0.7073866630933449,0.8229386234311439,0.11555196033779902,0
60,285,mesoscope_to_falkor,1841,2254,164,140,0.7421824062883118,0.8621394254136265,0.11995701912531476,1
60,286,falkor_to_mesoscope,1819,2044,341,241,0.778563008099666,0.9090154210224284,0.13045241292276233,0
60,286,mesoscope_to_falkor,2131,1970,194,354,0.8200398834252974,0.8872272259737407,0.06718734254844327,1
60,287,falkor_to_mesoscope,1882,2094,278,216,0.7447740113920457,0.8778833453060797,0.133109333914034,0
60,287,mesoscope_to_falkor,2002,1829,207,272,0.7872495963576941,0.8589814544907453,0.07173185813305116,1
60,288,falkor_to_mesoscope,1595,2376,253,319,0.7504039857239917,0.8756501918803333,0.12524620615634163,0
60,288,mesoscope_to_falkor,2524,1764,169,258,0.8283362093846699,0.8587761275125947,0.030439918127924792,1
60,289,falkor_to_mesoscope,2004,2383,181,300,0.8270153317601545,0.8655838351313645,0.03856850337120998,0
60,289,mesoscope_to_falkor,2208,1730,333,199,0.8040356600799491,0.8534227707778057,0.04938711069785662,1
60,290,falkor_to_mesoscope,1769,2103,297,256,0.8363313949281763,0.9120036805255706,0.07567228559739425,0
60,290,mesoscope_to_falkor,2048,2672,239,245,0.8195735260804748,0.8566290671691958,0.037055541088721,1
60,291,falkor_to_mesoscope,2166,2181,207,152,0.8164285349099529,0.7928489711767253,-0.02357956373322767,0
60,291,mesoscope_to_falkor,2460,2094,255,229,0.7630161506300558,0.902375670163962,0.13935951953390624,1
60,292,falkor_to_mesoscope,1883,1932,272,199,0.7412783381172274,0.8594093625779465,0.1181310244607191,0
60,292,mesoscope_to_falkor,2434,1467,274,217,0.75568093203475,0.8610711602466729,0.1053902282119229,1
60,293,falkor_to_mesoscope,1618,1959,263,246,0.8862466747643273,0.9091257800451518,0.022879105280824485,0
60,293,mesoscope_to_falkor,2124,1934,232,208,0.8308713657567149,0.83782804287374,0.0069566771170250785,1
60,294,falkor_to_mesoscope,2224,2114,231,266,0.7326975350351844,0.912525331314478,0.17982779627929357,0
60,294,mesoscope_to_falkor,2045,1875,283,215,0.7867127116233299,0.8422224052726899,0.05550969364935998,1
60,295,falkor_to_mesoscope,2008,2077,238,301,0.760882179816924,0.9141680030909414,0.1532858232740174,0
60,295,mesoscope_to_falkor,2249,1805,191,286,0.8093319031343624,0.8155715908246843,0.0062396876903219045,1
60,296,falkor_to_mesoscope,1853,1935,209,132,0.7743334718901342,0.9007914952930393,0.12645802340290502,0
60,296,mesoscope_to_falkor,2124,1572,284,287,0.7800693656482679,0.8578455355932826,0.07777616994501468,1
60,297,falkor_to_mesoscope,2495,2100,275,293,0.829726256754257,0.8882881683293964,0.05856191157513935,0
60,297,mesoscope_to_falkor,1901,2071,217,199,0.7392004433530306,0.6877127470416764,-0.05148769631135419,1
60,298,falkor_to_mesoscope,1778,1878,396,149,0.763506755400893,0.8137395672177505,0.05023281181685757,0
60,298,mesoscope_to_falkor,2296,1650,182,262,0.7977856734902166,0.920460871716591,0.1226751982263744,1
60,299,falkor_to_mesoscope,2373,2110,185,319,0.7706312190569137,0.9020877547485636,0.13145653569164995,0
60,299,mesoscope_to_falkor,2440,2321,264,190,0.7392170665582848,0.6829273013583702,-0.056289765199914576,1
60,300,falkor_to_mesoscope,1750,2294,166,289,0.8460631383356416,0.857446908714515,0.011383770378873392,0
60,300,mesoscope_to_falkor,2506,1431,309,317,0.902633679968869,0.9163631589890144,0.01372947902014543,1
60,301,falkor_to_mesoscope,2294,2080,208,168,0.8196845271522305,0.7886076453515217,-0.031076881800708778,0
60,301,mesoscope_to_falkor,2047,1956,229,194,0.7685253192359681,0.8143452344864148,0.04581991525044671,1
60,302,falkor_to_mesoscope,1292,2175,174,218,0.7623892901166364,0.8057079190441159,0.04331862892747951,0
60,302,mesoscope_to_falkor,2150,1819,208,355,0.8494227803631692,0.9237089653055447,0.07428618494237549,1
60,303,falkor_to_mesoscope,2094,2508,221,416,0.7562484110126396,0.9441407303032138,0.18789231929057415,0
60,303,mesoscope_to_falkor,2508,1653,327,153,0.7925979966765009,0.873669445239607,0.08107144856310611,1
60,304,falkor_to_mesoscope,1905,2523,319,286,0.7623766352913663,0.8853989255285803,0.123022290237214,0
60,304,mesoscope_to_falkor,2159,2055,155,154,0.763642150133542,0.7265335205357893,-0.03710862959775263,1
60,305,falkor_to_mesoscope,1911,2335,196,287,0.6890115891321119,0.8980503897988041,0.20903880066669223,0
60,305,mesoscope_to_falkor,2058,1628,109,210,0.8476992657230362,0.9312170723465643,0.08351780662352803,1
60,306,falkor_to_mesoscope,1588,2369,326,262,0.7042151208357272,0.7756581128666391,0.07144299203091187,0
60,306,mesoscope_to_falkor,2381,1659,272,318,0.8698586025449365,0.9188191334256981,0.04896053088076158,1
60,307,falkor_to_mesoscope,1747,2429,261,367,0.836898588214387,0.9643237986788966,0.1274252104645096,0
60,307,mesoscope_to_falkor,2244,1765,208,230,0.783119609186371,0.8072891232789188,0.02416951409254775,1
60,308,falkor_to_mesoscope,1699,2482,211,354,0.8051175425433048,0.9332109437416745,0.12809340119836965,0
60,308,mesoscope_to_falkor,2376,1617,319,309,0.8373412947804991,0.8894057032796723,0.052064408499173154,1
60,309,falkor_to_mesoscope,1565,2269,272,263,0.8298205298437373,0.9023472012219962,0.07252667137825886,0
60,309,mesoscope_to_falkor,2133,1867,269,227,0.8126532500241251,0.8260603371870003,0.013407087162875198,1
60,310,falkor_to_mesoscope,1857,2158,227,254,0.8107660848524244,0.863369987400536,0.05260390254811165,0
60,310,mesoscope_to_falkor,1976,1673,218,224,0.8216059302594615,0.891601057769881,0.06999512751041947,1
60,311,falkor_to_mesoscope,1893,2311,259,153,0.793365072400216,0.8218834679034647,0.02851839550324864,0
60,311,mesoscope_to_falkor,2044,1912,288,234,0.8638849525303786,0.7431849263991231,-0.12070002613125541,1
60,312,falkor_to_mesoscope,1391,2213,249,246,0.8686996856216681,0.8812604081659651,0.012560722544296965,0
60,312,mesoscope_to_falkor,2798,1493,319,175,0.8678136841589823,0.9159561118561659,0.048142427697183576,1
60,313,falkor_to_mesoscope,1655,2003,207,231,0.6995899175945054,0.8913910574236467,0.19180113982914127,0
60,313,mesoscope_to_falkor,1916,1656,204,252,0.8002821545003909,0.8991911678868441,0.09890901338645319,1
60,314,falkor_to_mesoscope,1831,2367,243,239,0.7561523958880346,0.822941927025946,0.06678953113791142,0
60,314,mesoscope_to_falkor,1885,1371,204,234,0.8316153840583292,0.8293952276830516,-0.0022201563752776154,1
60,315,falkor_to_mesoscope,1528,2114,294,216,0.6783617884378808,0.8947047487534006,0.2163429603155198,0
60,315,mesoscope_to_falkor,2337,2042,238,195,0.6219366650690575,0.80228391820192,0.18034725313286248,1
60,316,falkor_to_mesoscope,2534,2456,240,340,0.8055820106935916,0.918684517019436,0.1131025063258444,0
60,316,mesoscope_to_falkor,2234,2154,128,159,0.6362753777962643,0.7361915691010575,0.09991619130479323,1
60,317,falkor_to_mesoscope,1576,2064,308,179,0.7976827831266465,0.9151521478026547,0.11746936467600821,0
60,317,mesoscope_to_falkor,2218,1655,265,319,0.8267812951741477,0.8708769187163686,0.04409562354222096,1
60,318,falkor_to_mesoscope,1771,1856,271,270,0.834650386498275,0.9488895543819446,0.1142391678836695,0
60,318,mesoscope_to_falkor,2311,1565,256,314,0.8224000732477623,0.8917834274017411,0.06938335415397878,1
60,319,falkor_to_mesoscope,2129,2062,196,284,0.8125561043961421,0.908867561937721,0.09631145754157888,0
60,319,mesoscope_to_falkor,2175,2047,148,360,0.8034849840816195,0.8588270611498785,0.055342077068259,1
60,320,falkor_to_mesoscope,1797,2072,238,246,0.6499220269882944,0.8604611774593643,0.21053915047106997,0
60,320,mesoscope_to_falkor,2029,1921,204,191,0.7547891366052057,0.7910058406240105,0.036216704018804724,1
60,321,falkor_to_mesoscope,1894,2067,173,249,0.7450792259094898,0.822440977607047,0.07736175169755721,0
60,321,mesoscope_to_falkor,2391,2464,223,242,0.7130210814117139,0.866144678298549,0.15312359688683508,1
60,322,falkor_to_mesoscope,1654,2289,338,236,0.7238519175259623,0.7945178339385496,0.07066591641258724,0
60,322,mesoscope_to_falkor,2536,1685,271,297,0.797686546829959,0.8775089031343262,0.07982235630436718,1
60,323,falkor_to_mesoscope,2530,2053,202,274,0.8313110661434001,0.9210581543860143,0.08974708824261424,0
60,323,mesoscope_to_falkor,2257,1617,229,256,0.7941262079009203,0.8196153369477006,0.025489129046780357,1
60,324,falkor_to_mesoscope,1645,2092,367,247,0.7842487960743402,0.9318457263324831,0.1475969302581429,0
60,324,mesoscope_to_falkor,2047,2280,203,210,0.7411758527790088,0.7473950927826917,0.006219240003682902,1
60,325,falkor_to_mesoscope,1947,1753,218,236,0.8143094301449652,0.9457055029538671,0.13139607280890198,0
60,325,mesoscope_to_falkor,2134,2173,225,290,0.8406051580800908,0.803449611664641,-0.037155546415449825,1
60,326,falkor_to_mesoscope,1867,2091,249,222,0.7233523522257874,0.8864005169084758,0.16304816468268835,0
60,326,mesoscope_to_falkor,2491,1941,356,203,0.7406883035029118,0.8646129846011397,0.12392468109822785,1
60,327,falkor_to_mesoscope,1445,2439,208,327,0.8640929721056988,0.853041806730477,-0.011051165375221772,0
60,327,mesoscope_to_falkor,2177,2197,226,325,0.8167928878185172,0.9024901703052263,0.08569728248670905,1
60,328,falkor_to_mesoscope,1805,2664,208,449,0.8150693168934156,0.9330136733210739,0.11794435642765833,0
60,328,mesoscope_to_falkor,2111,1524,181,225,0.8669174252017029,0.9018037591133594,0.03488633391165652,1
60,329,falkor_to_mesoscope,1885,2620,288,304,0.7668422661085983,0.8824909607713438,0.11564869466274552,0
60,329,mesoscope_to_falkor,2455,1873,242,130,0.713577138353792,0.7012864099581249,-0.012290728395667139,1
60,330,falkor_to_mesoscope,2156,2205,202,208,0.6948359694749119,0.8538895095035499,0.15905354002863803,0
60,330,mesoscope_to_falkor,1739,2150,199,249,0.798557519391259,0.8218652223594141,0.023307702968155097,1
60,331,falkor_to_mesoscope,2863,2201,292,229,0.7076904518080755,0.8711507159433589,0.16346026413528336,0
60,331,mesoscope_to_falkor,1929,1601,261,250,0.8118537756778353,0.8043408597963918,-0.007512915881443538,1
60,332,falkor_to_mesoscope,2316,2379,186,313,0.7207510958839677,0.861875694067747,0.14112459818377932,0
60,332,mesoscope_to_falkor,1874,1837,203,267,0.8322362723413717,0.8852530631517612,0.05301679081038957,1
60,333,falkor_to_mesoscope,1273,1962,161,200,0.7772359619502532,0.8231193155768132,0.04588335362655993,0
60,333,mesoscope_to_falkor,2464,1510,280,252,0.8141721981317465,0.8553453053582631,0.04117310722651668,1
60,334,falkor_to_mesoscope,1538,2240,288,375,0.7921723762764099,0.9208194622445978,0.12864708596818786,0
60,334,mesoscope_to_falkor,2227,2104,210,253,0.7120967399289324,0.8033551280794705,0.0912583881505381,1
60,335,falkor_to_mesoscope,1312,2183,220,138,0.706254095884423,0.7614924652909117,0.05523836940648874,0
60,335,mesoscope_to_falkor,2171,1904,120,348,0.8210385424394488,0.8354232738811977,0.0143847314417489,1
60,336,falkor_to_mesoscope,1808,1962,275,256,0.7638920337576381,0.8451044262433773,0.0812123924857392,0
60,336,mesoscope_to_falkor,2255,1914,279,240,0.8646886865597418,0.91626211123183,0.05157342467208814,1
60,337,falkor_to_mesoscope,1480,2398,278,315,0.7742900487211508,0.9299259328167007,0.15563588409554985,0
60,337,mesoscope_to_falkor,2049,1406,137,202,0.7467781867505026,0.7957113111346527,0.048933124384150095,1
60,338,falkor_to_mesoscope,1732,2233,280,218,0.7654420034940219,0.8852848722894537,0.11984286879543182,0
60,338,mesoscope_to_falkor,2022,1747,238,270,0.7605427087528976,0.8436245501475855,0.08308184139468788,1
60,339,falkor_to_mesoscope,1527,1951,303,173,0.736741597799021,0.8001599107550935,0.06341831295607248,0
60,339,mesoscope_to_falkor,2047,1487,285,149,0.7538526088092999,0.6322828891640524,-0.12156971964524754,1
60,340,falkor_to_mesoscope,1587,2182,277,237,0.7649982762903433,0.888736034957267,0.12373775866692371,0
60,340,mesoscope_to_falkor,2786,2131,328,249,0.77724345690421,0.8823472477857395,0.10510379088152944,1
60,341,falkor_to_mesoscope,1842,2032,267,159,0.5459729282278115,0.7547625354523578,0.20878960722454631,0
60,341,mesoscope_to_falkor,1989,1896,161,221,0.8323498294749443,0.8970484166416982,0.06469858716675392,1
60,342,falkor_to_mesoscope,2005,2074,133,166,0.8078378062173067,0.9296666890816666,0.12182888286435989,0
60,342,mesoscope_to_falkor,1997,1553,136,208,0.7360466490196081,0.8161820447829932,0.08013539576338502,1
60,343,falkor_to_mesoscope,2209,1969,182,265,0.8291341129800757,0.8735258042775235,0.0443916912974478,0
60,343,mesoscope_to_falkor,2544,1392,238,223,0.8649084956354989,0.884578157213972,0.019669661578473163,1
60,344,falkor_to_mesoscope,1611,2002,177,165,0.7497300795809371,0.805850222084414,0.056120142503476966,0
60,344,mesoscope_to_falkor,2322,1565,281,303,0.8307961793962261,0.9074305036009194,0.0766343242046933,1
60,345,falkor_to_mesoscope,1693,2188,198,287,0.8129137927192643,0.9294120142630743,0.11649822154380995,0
60,345,mesoscope_to_falkor,2276,1732,215,351,0.8512202097636341,0.8973484473737482,0.04612823761011409,1
60,346,falkor_to_mesoscope,1844,2185,239,242,0.77568155670063,0.9162218910713231,0.14054033437069313,0
60,346,mesoscope_to_falkor,2169,2691,269,215,0.7503295928004019,0.8632640197265302,0.11293442692612832,1
60,347,falkor_to_mesoscope,1945,2079,164,294,0.7614293641210405,0.9391074827416391,0.17767811862059868,0
60,347,mesoscope_to_falkor,2439,2344,216,355,0.8441880202449391,0.8882350704313523,0.044047050186413195,1
60,348,falkor_to_mesoscope,1831,2425,214,260,0.7005451397619752,0.8207492757377415,0.12020413597576629,0
60,348,mesoscope_to_falkor,2170,2000,293,329,0.8772445186723938,0.8458913175560542,-0.03135320111633966,1
60,349,falkor_to_mesoscope,1802,2349,164,228,0.7831873917806346,0.8681880611669842,0.08500066938634965,0
60,349,mesoscope_to_falkor,2656,1975,274,363,0.8085468136504742,0.8922237502084516,0.08367693655797737,1
60,350,falkor_to_mesoscope,2062,2141,326,170,0.785628350799269,0.9256104049209054,0.13998205412163645,0
60,350,mesoscope_to_falkor,2806,2147,423,168,0.7225792522878717,0.8100864449318909,0.08750719264401918,1
60,351,falkor_to_mesoscope,1714,2112,172,318,0.7963563742386013,0.9589479046064179,0.1625915303678166,0
60,351,mesoscope_to_falkor,2198,2045,204,302,0.7877359310497866,0.9144788184755077,0.12674288742572115,1
60,352,falkor_to_mesoscope,1615,2554,312,404,0.8624712105683241,0.9466781148179665,0.08420690424964239,0
60,352,mesoscope_to_falkor,2267,1246,193,123,0.7177402494204693,0.8496449868384347,0.13190473741796538,1
60,353,falkor_to_mesoscope,1724,2362,278,247,0.76376390312293,0.9007917714783527,0.1370278683554227,0
60,353,mesoscope_to_falkor,2108,2610,260,201,0.7950708435688993,0.7522875025480267,-0.04278334102087267,1
60,354,falkor_to_mesoscope,1433,2125,206,250,0.6817412509791296,0.8891645174576146,0.20742326647848497,0
60,354,mesoscope_to_falkor,1945,1735,209,263,0.8171368476596614,0.7438431597816798,-0.07329368787798163,1
60,355,falkor_to_mesoscope,1706,2347,471,285,0.7384098082872014,0.9121326038341143,0.17372279554691294,0
60,355,mesoscope_to_falkor,1894,1417,212,191,0.819492479851042,0.9178104163750926,0.09831793652405063,1
60,356,falkor_to_mesoscope,1703,1894,260,221,0.6916773224604154,0.8390531468671507,0.14737582440673536,0
60,356,mesoscope_to_falkor,1678,1590,135,196,0.79460303181959,0.8111029406032272,0.016499908783637163,1
60,357,falkor_to_mesoscope,1794,2142,217,135,0.801800666036109,0.8709708229488247,0.06917015691271566,0
60,357,mesoscope_to_falkor,1724,2093,183,287,0.7527871694485073,0.7844121873217228,0.03162501787321548,1
60,358,falkor_to_mesoscope,1952,2417,280,295,0.8159037697863885,0.8945079908347662,0.07860422104837772,0
60,358,mesoscope_to_falkor,2291,2529,330,265,0.771160475746037,0.8426937262492401,0.07153325050320314,1
60,359,falkor_to_mesoscope,1711,2122,237,217,0.6320731815660514,0.7698751754705284,0.137801993904477,0
60,359,mesoscope_to_falkor,1983,1910,202,255,0.8383282494487682,0.7798298072537451,-0.05849844219502309,1
60,360,falkor_to_mesoscope,1463,1873,256,146,0.7060254612050734,0.8581476655457403,0.15212220434066692,0
60,360,mesoscope_to_falkor,2375,1619,338,200,0.7530682813671665,0.8106966131016431,0.05762833173447657,1
60,361,falkor_to_mesoscope,2031,2246,233,236,0.8278200156536448,0.8933264518137269,0.06550643616008212,0
60,361,mesoscope_to_falkor,2424,1458,341,277,0.8518666030285248,0.9311794695942427,0.0793128665657179,1
60,362,falkor_to_mesoscope,1849,1824,330,102,0.6927361169866557,0.6776625137881735,-0.015073603198482166,0
60,362,mesoscope_to_falkor,1997,2053,187,153,0.8234198412937458,0.8781286398368553,0.054708798543109505,1
60,363,falkor_to_mesoscope,2305,2259,232,253,0.8272985009471459,0.8977105329449554,0.07041203199780954,0
60,363,mesoscope_to_falkor,2184,1715,145,212,0.7295839374162654,0.7499080123912436,0.020324074974978235,1
60,364,falkor_to_mesoscope,2067,2492,311,275,0.6597851531903289,0.8935412891415186,0.23375613595118971,0
60,364,mesoscope_to_falkor,2038,1709,257,187,0.8540025433357923,0.9211265271153991,0.06712398377960682,1
60,365,falkor_to_mesoscope,1950,2076,195,257,0.8330364618138059,0.8321677932177661,-0.0008686685960397345,0
60,365,mesoscope_to_falkor,2238,1864,202,246,0.776109955492488,0.8348541537442251,0.058744198251737156,1
60,366,falkor_to_mesoscope,1642,2622,230,156,0.6143406480248054,0.857142509824179,0.24280186179937369,0
60,366,mesoscope_to_falkor,2327,1437,279,282,0.9103478532986207,0.8808480266393299,-0.02949982665929074,1
60,367,falkor_to_mesoscope,2271,1930,230,257,0.7705939836861716,0.9362927656972447,0.16569878201107313,0
60,367,mesoscope_to_falkor,2092,1715,216,334,0.8975342053337072,0.900835964787745,0.003301759454037767,1
60,368,falkor_to_mesoscope,1891,1921,303,165,0.709088217617994,0.8401018283827717,0.1310136107647777,0
60,368,mesoscope_to_falkor,2078,1820,207,271,0.8256211016830612,0.8820121948365406,0.056391093153479344,1
60,369,falkor_to_mesoscope,1846,1969,222,123,0.5916906128458034,0.7807899508297571,0.18909933798395373,0
60,369,mesoscope_to_falkor,1946,2121,246,241,0.8291269205981746,0.7884557016048162,-0.04067121899335846,1
60,370,falkor_to_mesoscope,1944,2074,202,220,0.7728732062281412,0.9379800729457191,0.1651068667175779,0
60,370,mesoscope_to_falkor,1976,1740,235,291,0.7662404921937847,0.8302220075946016,0.06398151540081698,1
60,371,falkor_to_mesoscope,1961,2152,289,241,0.7712048627374968,0.9178268981778774,0.14662203544038066,0
60,371,mesoscope_to_falkor,2181,1916,224,325,0.8203856696058923,0.9119699965031733,0.09158432689728102,1
60,372,falkor_to_mesoscope,1377,2072,209,208,0.6665471362582419,0.8859530947858971,0.2194059585276552,0
60,372,mesoscope_to_falkor,1970,1730,242,252,0.8260622088249304,0.7614441233565681,-0.06461808546836234,1
60,373,falkor_to_mesoscope,2106,2810,162,170,0.6901188145438346,0.8543961486512766,0.16427733410744194,0
60,373,mesoscope_to_falkor,2507,1698,339,132,0.7231376147118461,0.8262966755506526,0.10315906083880644,1
60,374,falkor_to_mesoscope,1716,2314,252,260,0.5907124436801577,0.7807749715432725,0.19006252786311473,0
60,374,mesoscope_to_falkor,2423,1639,228,285,0.8422317429069414,0.8393895786864658,-0.0028421642204755626,1
60,375,falkor_to_mesoscope,2010,2334,300,358,0.8568553286213335,0.9500469297403603,0.0931916011190268,0
60,375,mesoscope_to_falkor,1991,2344,239,186,0.7406374913632395,0.7402326316709608,-0.0004048596922787695,1
60,376,falkor_to_mesoscope,1431,2442,286,388,0.8400256484054814,0.9358593731009358,0.09583372469545437,0
60,376,mesoscope_to_falkor,2299,1905,388,232,0.8128570353442295,0.8219914325024721,0.009134397158242602,1
60,377,falkor_to_mesoscope,1767,1968,280,173,0.8487151058834879,0.8974640500253726,0.04874894414188469,0
60,377,mesoscope_to_falkor,2303,1664,294,223,0.8212458179344533,0.8897726121115366,0.0685267941770833,1
60,378,falkor_to_mesoscope,1895,1837,181,184,0.7989106615305422,0.8530312975831785,0.054120636052636284,0
60,378,mesoscope_to_falkor,2145,1646,260,400,0.8473066680373459,0.8489537471826064,0.0016470791452605216,1
60,379,falkor_to_mesoscope,1447,1921,217,201,0.6562345860814165,0.8563568359775936,0.2001222498961771,0
60,379,mesoscope_to_falkor,2176,1857,347,245,0.7668887001665319,0.8731176388794928,0.10622893871296091,1
60,380,falkor_to_mesoscope,1860,2525,301,377,0.7847914445569841,0.9362869516356013,0.15149550707861714,0
60,380,mesoscope_to_falkor,2245,1915,314,214,0.8327265591088429,0.8921945372242369,0.05946797811539406,1
60,381,falkor_to_mesoscope,1598,2084,217,195,0.7950032374752787,0.7236868583874668,-0.07131637908781185,0
60,381,mesoscope_to_falkor,2499,1754,265,222,0.8629958108740968,0.8756021937431179,0.012606382869021049,1
60,382,falkor_to_mesoscope,2019,2028,200,252,0.7847321179778315,0.819207537437087,0.034475419459255474,0
60,382,mesoscope_to_falkor,2103,1976,252,324,0.827556007318189,0.8920574239609301,0.06450141664274112,1
60,383,falkor_to_mesoscope,1420,1918,213,204,0.6892685505694445,0.8503232476034197,0.16105469703397524,0
60,383,mesoscope_to_falkor,2183,1695,203,210,0.7964311327718988,0.8841371061003799,0.08770597332848107,1
60,384,falkor_to_mesoscope,1746,2029,257,194,0.7720078737550302,0.8730398849473088,0.10103201119227856,0
60,384,mesoscope_to_falkor,2067,1447,240,221,0.7566813346578355,0.8532483650919058,0.09656703043407033,1
60,385,falkor_to_mesoscope,1703,1499,196,115,0.7202021113296962,0.8686945561465342,0.148492444816838,0
60,385,mesoscope_to_falkor,2130,1488,218,202,0.7186557708730169,0.831805362135996,0.11314959126297908,1
60,386,falkor_to_mesoscope,2566,2129,181,294,0.7816967485429147,0.8723605722178438,0.09066382367492909,0
60,386,mesoscope_to_falkor,2439,2205,339,314,0.8483978587378949,0.9298990825370294,0.08150122379913449,1
60,387,falkor_to_mesoscope,1831,1894,220,226,0.8449083479683488,0.926852831135249,0.08194448316690017,0
60,387,mesoscope_to_falkor,2065,1627,322,220,0.8583453844813724,0.7543287551470927,-0.10401662933427969,1
60,388,falkor_to_mesoscope,2102,2218,262,341,0.8402269998948497,0.9249744281463438,0.08474742825149406,0
60,388,mesoscope_to_falkor,2540,1982,310,329,0.8192656505643018,0.8405561301468568,0.021290479582555033,1
60,389,falkor_to_mesoscope,2560,2461,245,204,0.742699178719012,0.6895645393900768,-0.05313463932893525,0
60,389,mesoscope_to_falkor,1827,2102,180,233,0.7085816165181396,0.7756903307517509,0.06710871423361131,1
60,390,falkor_to_mesoscope,2142,2447,295,339,0.8159263310256166,0.9286173369343382,0.11269100590872161,0
60,390,mesoscope_to_falkor,2596,1398,420,122,0.7446594165709529,0.6122817965235889,-0.13237762004736398,1
60,391,falkor_to_mesoscope,1897,2261,168,273,0.6723072813689904,0.9003093241260938,0.22800204275710334,0
60,391,mesoscope_to_falkor,1811,2076,142,261,0.7753908821495048,0.7993093343841405,0.023918452234635734,1
60,392,falkor_to_mesoscope,2142,1904,260,224,0.7945112855030528,0.8900349564859984,0.09552367098294556,0
60,392,mesoscope_to_falkor,2123,1719,314,205,0.8118700727974627,0.817789823098848,0.0059197503013852515,1
60,393,falkor_to_mesoscope,2101,1936,241,184,0.8377261720050553,0.8155382500938151,-0.022187921911240194,0
60,393,mesoscope_to_falkor,2181,2293,312,221,0.7451329063287773,0.806024926052484,0.060892019723706725,1
60,394,falkor_to_mesoscope,1707,1979,260,249,0.774224954899716,0.8908607408067611,0.11663578590704515,0
60,394,mesoscope_to_falkor,2098,1997,240,334,0.7773128952713255,0.8715047109687102,0.09419181569738466,1
60,395,falkor_to_mesoscope,1377,2199,246,317,0.7787780513716495,0.8970948074351226,0.11831675606347314,0
60,395,mesoscope_to_falkor,2428,2668,221,221,0.7542718456432966,0.8189835482720692,0.06471170262877257,1
60,396,falkor_to_mesoscope,1649,2184,283,252,0.7380887288600547,0.8908402481888551,0.15275151932880038,0
60,396,mesoscope_to_falkor,1875,1454,172,169,0.7012767339591357,0.7351448328371363,0.033868098878000574,1
60,397,falkor_to_mesoscope,1575,2231,275,304,0.814428735834016,0.9104696769829232,0.09604094114890727,0
60,397,mesoscope_to_falkor,2531,1796,253,238,0.8053210656013244,0.8782423609478736,0.07292129534654912,1
60,398,falkor_to_mesoscope,1701,2466,212,309,0.79298840386641,0.8679334882929124,0.07494508442650238,0
60,398,mesoscope_to_falkor,2227,1464,193,217,0.7617038751370219,0.6863402924901721,-0.07536358264684972,1
60,399,falkor_to_mesoscope,2064,2011,305,218,0.7332318309233076,0.892948421216944,0.15971659029363638,0
60,399,mesoscope_to_falkor,2179,1831,285,388,0.7821992217216314,0.8879726891528226,0.1057734674311912,1
60,400,falkor_to_mesoscope,1590,2202,271,345,0.861876047711682,0.8870012616096833,0.025125213898001264,0
60,400,mesoscope_to_falkor,2398,1574,366,157,0.772247998438643,0.8047846990083621,0.032536700569719135,1
60,401,falkor_to_mesoscope,1742,1832,325,107,0.7405097988895887,0.7922525172466258,0.05174271835703714,0
60,401,mesoscope_to_falkor,2426,1365,246,171,0.8465127484904372,0.9045781280474314,0.0580653795569942,1
60,402,falkor_to_mesoscope,1786,2592,211,205,0.7398147386637637,0.8881630286716276,0.14834829000786387,0
60,402,mesoscope_to_falkor,2323,1799,295,206,0.8244015755885589,0.9203712097140047,0.09596963412544579,1
60,403,falkor_to_mesoscope,1950,2067,234,228,0.7319168909326047,0.9234831886109803,0.19156629767837563,0
60,403,mesoscope_to_falkor,2236,1822,315,255,0.8071160745077316,0.9149720800774743,0.10785600556974273,1
60,404,falkor_to_mesoscope,1935,2069,304,109,0.7233447553626271,0.9320729112204454,0.20872815585781834,0
60,404,mesoscope_to_falkor,2073,1776,160,262,0.8099165600489987,0.8919930930691103,0.08207653302011164,1
60,405,falkor_to_mesoscope,1705,2419,291,313,0.8607140020996003,0.8812984932066764,0.020584491107076164,0
60,405,mesoscope_to_falkor,2102,1747,220,201,0.7299695161941941,0.856959543350207,0.12699002715601282,1
60,406,falkor_to_mesoscope,1883,2421,190,304,0.8257044710789513,0.8921087225649325,0.06640425148598117,0
60,406,mesoscope_to_falkor,2053,1548,167,322,0.8073268052681729,0.9007850242153782,0.0934582189472053,1
60,407,falkor_to_mesoscope,1580,2245,198,168,0.6935717210567016,0.787081154623178,0.09350943356647634,0
60,407,mesoscope_to_falkor,2320,2346,275,184,0.5990829473277028,0.7315930400114794,0.13251009268377656,1
60,408,falkor_to_mesoscope,1876,2003,263,179,0.719157294691281,0.8931561303769152,0.17399883568563423,0
60,408,mesoscope_to_falkor,2030,1745,138,218,0.7834052882610116,0.9255497646951464,0.14214447643413475,1
60,409,falkor_to_mesoscope,1744,2140,209,228,0.6581245250597223,0.8687303984823601,0.2106058734226378,0
60,409,mesoscope_to_falkor,2318,1760,320,317,0.7797577690912006,0.8567414170292722,0.07698364793807155,1
60,410,falkor_to_mesoscope,1274,2060,152,282,0.811024835854093,0.8825697532999317,0.07154491744583868,0
60,410,mesoscope_to_falkor,1991,1646,226,105,0.6658899383368945,0.8398821534054036,0.17399221506850915,1
60,411,falkor_to_mesoscope,1393,2201,227,261,0.8299223627065473,0.8130197391155644,-0.016902623590982935,0
60,411,mesoscope_to_falkor,2155,1632,306,184,0.7372459939751519,0.7854673526921566,0.048221358717004725,1
60,412,falkor_to_mesoscope,1770,2303,283,305,0.7960069104706119,0.9098615416302556,0.11385463115964367,0
60,412,mesoscope_to_falkor,2145,1910,201,191,0.7417122454838123,0.8342151444408813,0.09250289895706898,1
60,413,falkor_to_mesoscope,2296,1807,284,177,0.8252580331481005,0.9313142729433703,0.10605623979526979,0
60,413,mesoscope_to_falkor,1864,2122,189,250,0.757034888093281,0.8387155767764208,0.08168068868313982,1
60,414,falkor_to_mesoscope,2030,1891,309,138,0.6869153012021769,0.8396930841393485,0.1527777829371716,0
60,414,mesoscope_to_falkor,1922,1734,183,191,0.7990441473774813,0.7496006051127349,-0.049443542264746454,1
60,415,falkor_to_mesoscope,1903,2170,132,285,0.7343120787142638,0.9128292295243979,0.17851715081013408,0
60,415,mesoscope_to_falkor,1923,1574,175,301,0.8653228381640375,0.9108109814841975,0.045488143320159935,1
60,416,falkor_to_mesoscope,1583,2498,281,332,0.7954344080201062,0.9091391859796062,0.11370477795949996,0
60,416,mesoscope_to_falkor,2355,2327,330,167,0.7750082086922326,0.8636527175405645,0.08864450884833186,1
60,417,falkor_to_mesoscope,1561,2218,254,304,0.747829475233408,0.9159849002286583,0.16815542499525027,0
60,417,mesoscope_to_falkor,2209,1660,261,194,0.8483550093883645,0.8976785519000878,0.04932354251172333,1
60,418,falkor_to_mesoscope,1799,2294,196,125,0.5909987892561054,0.6808269663900823,0.08982817713397695,0
60,418,mesoscope_to_falkor,2367,2357,289,185,0.7909260619775589,0.8331729251630593,0.042246863185500416,1
60,419,falkor_to_mesoscope,1861,1851,249,189,0.7892422206715713,0.9401109377820304,0.15086871711045902,0
60,419,mesoscope_to_falkor,2164,1946,271,227,0.8029034808032376,0.8511869858834069,0.04828350508016932,1
60,420,falkor_to_mesoscope,2742,2422,165,368,0.7612437618801114,0.9147815436830969,0.1535377818029855,0
60,420,mesoscope_to_falkor,2066,1986,237,251,0.7888933025218511,0.8550573857352693,0.06616408321341827,1
60,421,falkor_to_mesoscope,2032,2108,144,245,0.7359086328451083,0.8982762660474088,0.16236763320230052,0
60,421,mesoscope_to_falkor,2093,1574,170,255,0.7951173958008292,0.8008330951611651,0.005715699360335891,1
60,422,falkor_to_mesoscope,2141,2120,291,235,0.7356870262854983,0.8779600971195552,0.14227307083405694,0
60,422,mesoscope_to_falkor,2202,1234,159,177,0.8146727736538146,0.8553813337118266,0.04070856005801193,1
60,423,falkor_to_mesoscope,1633,2004,286,91,0.668059238459,0.6602623337427282,-0.007796904716271702,0
60,423,mesoscope_to_falkor,1996,1933,230,324,0.7917565625843458,0.8861385644262131,0.09438200184186729,1
60,424,falkor_to_mesoscope,2470,2039,229,156,0.7012799656332485,0.7804951170754154,0.07921515144216695,0
60,424,mesoscope_to_falkor,2527,2195,338,325,0.8335800369358967,0.8841939919328106,0.0506139549969139,1
60,425,falkor_to_mesoscope,1498,2034,150,242,0.79054277789101,0.8413854635636333,0.05084268567262329,0
60,425,mesoscope_to_falkor,2510,2152,301,303,0.8635584779153193,0.8887952205487053,0.025236742633386045,1
60,426,falkor_to_mesoscope,1848,2178,189,337,0.7960216549674143,0.9550813783203377,0.1590597233529234,0
60,426,mesoscope_to_falkor,1963,1681,215,198,0.8567625790891037,0.9442288182499514,0.08746623916084773,1
60,427,falkor_to_mesoscope,2574,2275,190,311,0.7694104946951428,0.9208395442083298,0.15142904951318703,0
60,427,mesoscope_to_falkor,2727,1889,344,264,0.8469768571453282,0.8702756962925114,0.023298839147183226,1
60,428,falkor_to_mesoscope,1847,2436,349,305,0.8034134091033989,0.9431626740170808,0.1397492649136819,0
60,428,mesoscope_to_falkor,2224,1718,331,231,0.7358244041688663,0.8971658107944387,0.1613414066255724,1
60,429,falkor_to_mesoscope,1505,2478,185,310,0.7401660745869129,0.8633571191600767,0.12319104457316388,0
60,429,mesoscope_to_falkor,1948,1747,170,206,0.7757796452885136,0.8441335765531199,0.06835393126460632,1
60,430,falkor_to_mesoscope,1778,1651,177,190,0.8667968103364039,0.896698849965115,0.029902039628711075,0
60,430,mesoscope_to_falkor,2186,1527,315,250,0.7463434801897789,0.8010229383397819,0.05467945815000297,1
60,431,falkor_to_mesoscope,2195,2798,244,353,0.8102642158467329,0.8836863266389752,0.07342211079224226,0
60,431,mesoscope_to_falkor,2396,1575,269,215,0.8179378122730915,0.757122204479787,-0.06081560779330453,1
60,432,falkor_to_mesoscope,1630,1518,259,155,0.8845712509582844,0.9523735338019007,0.06780228284361633,0
60,432,mesoscope_to_falkor,1707,1558,127,175,0.7995181671591282,0.8326349699336092,0.033116802774481036,1
60,433,falkor_to_mesoscope,2844,2196,202,262,0.7455210388702154,0.9083247859903867,0.16280374712017132,0
60,433,mesoscope_to_falkor,2086,1705,269,313,0.8394275626293921,0.7831499838315311,-0.056277578797860994,1
60,434,falkor_to_mesoscope,1854,2427,199,295,0.7498665633552583,0.8753903670573222,0.12552380370206395,0
60,434,mesoscope_to_falkor,2391,1740,268,258,0.8399508568070392,0.9263415717768013,0.08639071496976214,1
60,435,falkor_to_mesoscope,1980,2683,269,277,0.7992497448940062,0.8924507967905638,0.09320105189655759,0
60,435,mesoscope_to_falkor,2160,1772,219,279,0.8690651621855258,0.8727537500254534,0.0036885878399276484,1
60,436,falkor_to_mesoscope,2216,2526,243,334,0.6910113291268458,0.8869122064100724,0.19590087728322658,0
60,436,mesoscope_to_falkor,2323,2458,242,267,0.7869012583357152,0.8255095426661521,0.03860828433043684,1
60,437,falkor_to_mesoscope,1390,2400,244,230,0.846871116557364,0.7842427165787728,-0.06262839997859126,0
60,437,mesoscope_to_falkor,2021,1792,265,226,0.8024003450946509,0.7070865419218714,-0.09531380317277949,1
60,438,falkor_to_mesoscope,1342,2477,199,309,0.7960425401969834,0.9023194595753549,0.10627691937837147,0
60,438,mesoscope_to_falkor,2296,2121,196,332,0.8606434849813662,0.9192471708885265,0.05860368590716025,1
60,439,falkor_to_mesoscope,1541,2315,311,224,0.8415549799013241,0.8748764715926645,0.033321491691340355,0
60,439,mesoscope_to_falkor,2689,1600,354,353,0.8676669986070763,0.8967725693805989,0.029105570773522604,1
60,440,falkor_to_mesoscope,2400,2328,224,207,0.6473969060556486,0.8473860445666658,0.19998913851101718,0
60,440,mesoscope_to_falkor,1922,1599,182,232,0.7490998551405058,0.7211231428105586,-0.02797671232994725,1
60,441,falkor_to_mesoscope,2027,1922,204,236,0.7582070795947202,0.8570906657383307,0.09888358614361048,0
60,441,mesoscope_to_falkor,1910,1657,199,212,0.8139866416849988,0.6452455263851453,-0.16874111529985347,1
60,442,falkor_to_mesoscope,2386,2273,224,243,0.8319466279372031,0.8291807026499742,-0.0027659252872288542,0
60,442,mesoscope_to_falkor,1908,1664,248,282,0.8569413040184248,0.8911749945131653,0.034233690494740454,1
60,443,falkor_to_mesoscope,1807,2100,148,151,0.7988948846344256,0.7900307571555678,-0.008864127478857786,0
60,443,mesoscope_to_falkor,2329,1556,225,303,0.8401388093040133,0.8755558603726217,0.035417051068608374,1
60,444,falkor_to_mesoscope,1741,2204,293,196,0.8620934308311275,0.8775106470115485,0.015417216180420912,0
60,444,mesoscope_to_falkor,2222,2498,235,293,0.7829841081446793,0.8875200531461114,0.10453594500143204,1
60,445,falkor_to_mesoscope,1651,2003,226,205,0.6060827337661893,0.851641949994089,0.24555921622789978,0
60,445,mesoscope_to_falkor,2629,1901,320,264,0.8567971120076837,0.8870264258453021,0.0302293138376184,1
60,446,falkor_to_mesoscope,2153,2221,299,312,0.7467286476498505,0.8888958728935633,0.14216722524371284,0
60,446,mesoscope_to_falkor,2008,1632,166,278,0.7468377599760154,0.7840416366128758,0.03720387663686042,1
60,447,falkor_to_mesoscope,1449,2016,253,271,0.772663116885078,0.8323966591371558,0.05973354225207772,0
60,447,mesoscope_to_falkor,1940,1648,283,232,0.9046474977005743,0.9404600382517911,0.035812540551216854,1
60,448,falkor_to_mesoscope,1497,2329,218,323,0.7776265007114797,0.9193624017740684,0.1417359010625887,0
60,448,mesoscope_to_falkor,2386,1818,284,266,0.8487496165380084,0.9327123050867133,0.08396268854870492,1
60,449,falkor_to_mesoscope,1310,2426,221,280,0.795790593956694,0.8834042447081645,0.08761365075147043,0
60,449,mesoscope_to_falkor,2348,2491,277,183,0.6834862180045698,0.5717710473446723,-0.11171517065989744,1
60,450,falkor_to_mesoscope,1503,2024,175,184,0.7308055278808661,0.8521189646502765,0.12131343676941042,0
60,450,mesoscope_to_falkor,2377,1607,295,220,0.7956163443325589,0.7815143654635144,-0.014101978869044518,1
60,451,falkor_to_mesoscope,2069,2069,162,319,0.7453249402568746,0.9326915790164709,0.18736663875959636,0
60,451,mesoscope_to_falkor,1496,1560,103,245,0.8187972833175071,0.7491122931133823,-0.06968499020412477,1
60,452,falkor_to_mesoscope,1835,2281,272,225,0.7457274548371493,0.8425714743469792,0.0968440195098299,0
60,452,mesoscope_to_falkor,2169,1607,317,330,0.8411844520757746,0.8350765440712385,-0.006107908004536089,1
60,453,falkor_to_mesoscope,1837,2399,240,287,0.8097937979338216,0.8777663781548396,0.06797258022101804,0
60,453,mesoscope_to_falkor,2586,2148,400,191,0.8343422698397139,0.8804668877425239,0.04612461790280997,1
60,454,falkor_to_mesoscope,1802,1688,190,156,0.6372067791835605,0.8674455339507949,0.23023875476723443,0
60,454,mesoscope_to_falkor,1861,1329,173,229,0.7915817614979982,0.7940128032761281,0.0024310417781299165,1
60,455,falkor_to_mesoscope,1602,1824,241,213,0.7003895534642937,0.9027347341639503,0.20234518069965668,0
60,455,mesoscope_to_falkor,2232,1377,271,287,0.8875177570091436,0.9142194215902327,0.026701664581089135,1
60,456,falkor_to_mesoscope,2119,2143,275,245,0.7337098332797364,0.9431873375965025,0.20947750431676615,0
60,456,mesoscope_to_falkor,2323,1822,344,199,0.8495046857774778,0.8632583394497751,0.013753653672297306,1
60,457,falkor_to_mesoscope,2002,2117,219,251,0.746588080868048,0.773795883180463,0.02720780231241504,0
60,457,mesoscope_to_falkor,2104,2288,309,260,0.78521454351152,0.6828355024466546,-0.1023790410648654,1
60,458,falkor_to_mesoscope,1607,2223,256,207,0.7628034682494537,0.912843943684314,0.15004047543486032,0
60,458,mesoscope_to_falkor,2043,1824,182,189,0.7977381051400814,0.8475904342993378,0.049852329159256414,1
60,459,falkor_to_mesoscope,1847,2411,174,329,0.8159419678465939,0.958041585654783,0.14209961780818914,0
60,459,mesoscope_to_falkor,2174,1425,185,298,0.8915539326603633,0.8798083948240871,-0.011745537836276188,1
60,460,falkor_to_mesoscope,2207,2189,222,275,0.8129348322119412,0.9153436379136795,0.10240880570173827,0
60,460,mesoscope_to_falkor,2899,2327,297,315,0.7812403881422394,0.9397076891239571,0.15846730098171768,1
60,461,falkor_to_mesoscope,2251,2438,200,271,0.6729110068111818,0.8296183400476965,0.15670733323651476,0
60,461,mesoscope_to_falkor,2622,1987,286,134,0.78404845375416,0.8916298586379953,0.10758140488383527,1
60,462,falkor_to_mesoscope,1715,1932,322,244,0.780185391774398,0.9186012948207196,0.13841590304632156,0
60,462,mesoscope_to_falkor,1931,1709,147,258,0.8216639801075253,0.8853012071917492,0.06363722708422392,1
60,463,falkor_to_mesoscope,1812,2206,166,174,0.8165243134671948,0.8996401812969355,0.08311586782974067,0
60,463,mesoscope_to_falkor,2457,1925,278,278,0.8346348097683571,0.8714483632718272,0.03681355350347004,1
60,464,falkor_to_mesoscope,1769,1961,140,175,0.791321286477055,0.8530417198795361,0.06172043340248112,0
60,464,mesoscope_to_falkor,2198,1707,331,195,0.8155947733662421,0.8262490299004955,0.010654256534253448,1
60,465,falkor_to_mesoscope,2219,2348,267,344,0.7822956420194143,0.9257338325963469,0.14343819057693263,0
60,465,mesoscope_to_falkor,2303,2254,193,130,0.7701931631408091,0.8583331948125572,0.08814003167174811,1
60,466,falkor_to_mesoscope,1821,1981,272,195,0.8208735481742242,0.8887412886426534,0.06786774046842925,0
60,466,mesoscope_to_falkor,2538,1864,348,241,0.7351980007694441,0.8929331843776149,0.15773518360817085,1
60,467,falkor_to_mesoscope,2244,2301,211,314,0.7920210800213408,0.9138966039744302,0.12187552395308943,0
60,467,mesoscope_to_falkor,2455,1990,315,256,0.8408858248180435,0.865879305462999,0.024993480644955435,1
60,468,falkor_to_mesoscope,1814,2616,339,286,0.8351236957850046,0.9233664582637768,0.08824276247877227,0
60,468,mesoscope_to_falkor,2467,1966,322,173,0.8034304733270422,0.7232850622664296,-0.08014541106061257,1
60,469,falkor_to_mesoscope,1923,2293,210,290,0.8240621109519808,0.9018956160868439,0.07783350513486309,0
60,469,mesoscope_to_falkor,2064,2193,282,349,0.8846272515717895,0.9147730425200525,0.030145790948263085,1
60,470,falkor_to_mesoscope,2175,2091,340,367,0.780659247551177,0.9396464487705558,0.15898720121937882,0
60,470,mesoscope_to_falkor,2135,2136,244,201,0.66701159460728,0.849907454297333,0.18289585969005306,1
60,471,falkor_to_mesoscope,1668,1919,278,150,0.7050432226902194,0.8431626488703737,0.13811942618015438,0
60,471,mesoscope_to_falkor,2495,1848,327,403,0.8805380129655475,0.9429950408620348,0.06245702789648733,1
60,472,falkor_to_mesoscope,1375,2021,228,153,0.731577275895658,0.6529940032023855,-0.07858327269327248,0
60,472,mesoscope_to_falkor,1959,2260,184,407,0.8436312771470603,0.9279000713334052,0.08426879418634492,1
60,473,falkor_to_mesoscope,2077,1988,337,168,0.5878168555037051,0.8099576470835076,0.2221407915798025,0
60,473,mesoscope_to_falkor,2701,2063,298,153,0.6896523539010014,0.8176246947826514,0.12797234088165,1
60,474,falkor_to_mesoscope,1514,2070,257,177,0.8072574183472508,0.8054545404005709,-0.0018028779466799927,0
60,474,mesoscope_to_falkor,2119,1211,221,99,0.7144037223684564,0.9136361716617383,0.19923244929328188,1
60,475,falkor_to_mesoscope,2054,2535,294,335,0.7799833289020406,0.9124723162278032,0.13248898732576264,0
60,475,mesoscope_to_falkor,2074,1694,205,197,0.806623603169258,0.7936522151860618,-0.012971387983196192,1
60,476,falkor_to_mesoscope,2088,2074,158,174,0.8086443317361125,0.7813550021066809,-0.027289329629431647,0
60,476,mesoscope_to_falkor,2135,1692,221,266,0.8004294570256015,0.926213093448821,0.12578363642321944,1
60,477,falkor_to_mesoscope,2087,1918,325,163,0.7805482520964672,0.8611955246738123,0.08064727257734516,0
60,477,mesoscope_to_falkor,2359,1665,281,106,0.6668563588650145,0.831673353458226,0.16481699459321153,1
60,478,falkor_to_mesoscope,1562,2605,238,346,0.8101669139827731,0.9250913638928285,0.11492444991005546,0
60,478,mesoscope_to_falkor,2140,1778,218,207,0.7145843922465764,0.7892399075096755,0.0746555152630991,1
60,479,falkor_to_mesoscope,1668,2282,289,262,0.8312970768412832,0.8800473256516581,0.04875024881037493,0
60,479,mesoscope_to_falkor,2327,1700,306,178,0.7766681642344272,0.8720978042127882,0.09542963997836096,1
60,480,falkor_to_mesoscope,1738,1984,196,221,0.7510181310556312,0.8907666033747876,0.13974847231915644,0
60,480,mesoscope_to_falkor,2478,2497,326,153,0.7375202649700912,0.8362360836311107,0.09871581866101953,1
60,481,falkor_to_mesoscope,1906,2074,254,310,0.8163955850792255,0.9452792741729644,0.12888368909373893,0
60,481,mesoscope_to_falkor,1730,2238,166,290,0.8395531117170278,0.8468111571409594,0.007258045423931603,1
60,482,falkor_to_mesoscope,2443,2192,299,283,0.7755629148783212,0.9203313221943169,0.14476840731599572,0
60,482,mesoscope_to_falkor,2253,1866,307,225,0.7702041499205261,0.8882938274051381,0.11808967748461197,1
60,483,falkor_to_mesoscope,1555,1814,311,210,0.7225788526849757,0.8331668794584308,0.11058802677345514,0
60,483,mesoscope_to_falkor,1910,1605,191,249,0.747874655066418,0.7984121272989401,0.05053747223252203,1
60,484,falkor_to_mesoscope,1424,1903,146,210,0.818238050305308,0.8287991024518427,0.010561052146534688,0
60,484,mesoscope_to_falkor,2115,1946,190,273,0.8716698219935826,0.8836880183963374,0.01201819640275481,1
60,485,falkor_to_mesoscope,2005,2365,275,255,0.8815644320893813,0.9140008106523302,0.0324363785629489,0
60,485,mesoscope_to_falkor,2488,1536,307,270,0.8518093128690245,0.9038112433949079,0.05200193052588342,1
60,486,falkor_to_mesoscope,1472,2233,221,267,0.7128806034236469,0.9348692834869416,0.22198868006329475,0
60,486,mesoscope_to_falkor,2141,1639,203,233,0.8073319294971903,0.8280910516406849,0.020759122143494513,1
60,487,falkor_to_mesoscope,2068,2249,162,281,0.805108409215974,0.9416034604223046,0.13649505120633054,0
60,487,mesoscope_to_falkor,2380,2377,241,265,0.779635016036272,0.8923884768568145,0.1127534608205425,1
60,488,falkor_to_mesoscope,1745,2317,233,299,0.7270729034045917,0.8749649909197171,0.1478920875151254,0
60,488,mesoscope_to_falkor,2278,1896,316,257,0.8813481021332032,0.8846130661282767,0.0032649639950734777,1
60,489,falkor_to_mesoscope,1784,2117,191,246,0.73186879834046,0.9211052043730028,0.18923640603254277,0
60,489,mesoscope_to_falkor,1954,2027,299,296,0.8443436866162889,0.9221994375068724,0.0778557508905835,1
60,490,falkor_to_mesoscope,2138,2367,261,311,0.7369414713795154,0.888047062704487,0.1511055913249716,0
60,490,mesoscope_to_falkor,2241,1350,249,238,0.8630768854056236,0.9412260482296213,0.07814916282399775,1
60,491,falkor_to_mesoscope,2185,2266,189,203,0.6261120090641854,0.8935425976819358,0.2674305886177504,0
60,491,mesoscope_to_falkor,2181,1942,196,221,0.7234062358525185,0.7885354088287345,0.06512917297621601,1
60,492,falkor_to_mesoscope,1510,2488,226,218,0.770564214046734,0.8208525306597574,0.050288316613023354,0
60,492,mesoscope_to_falkor,1994,1637,185,178,0.8057727957214419,0.7973103096734401,-0.008462486048001816,1
60,493,falkor_to_mesoscope,1644,2270,310,345,0.7696216176434201,0.9123505845668474,0.1427289669234273,0
60,493,mesoscope_to_falkor,2449,1925,379,224,0.8147700499446557,0.9425068404699549,0.12773679052529918,1
60,494,falkor_to_mesoscope,1807,2233,180,200,0.7714822721230684,0.8424382681216444,0.07095599599857594,0
60,494,mesoscope_to_falkor,2278,1839,312,303,0.8398479621619859,0.8207193267050984,-0.019128635456887477,1
60,495,falkor_to_mesoscope,1578,2151,310,192,0.6551820267731883,0.789445029959105,0.13426300318591677,0
60,495,mesoscope_to_falkor,2255,1818,299,245,0.7264948907980407,0.7994841542244042,0.07298926342636347,1
60,496,falkor_to_mesoscope,2101,1897,275,99,0.7926637138805523,0.7667766970199564,-0.025887016860595913,0
60,496,mesoscope_to_falkor,2234,1477,255,197,0.7978722481093702,0.823383409787309,0.025511161677938765,1
60,497,falkor_to_mesoscope,1898,2473,250,243,0.7377414460176552,0.8772895232553707,0.13954807723771545,0
60,497,mesoscope_to_falkor,2138,1440,264,103,0.7633306029181677,0.44377410494387837,-0.3195564979742893,1
60,498,falkor_to_mesoscope,1564,2114,274,226,0.7878975509360122,0.9100614743560989,0.12216392342008664,0
60,498,mesoscope_to_falkor,1965,2149,191,234,0.7784127223269316,0.9161913830029915,0.13777866067605993,1
60,499,falkor_to_mesoscope,2247,2050,274,212,0.7262463046220592,0.9335250276980833,0.20727872307602413,0
60,499,mesoscope_to_falkor,2337,1992,237,175,0.6910375485950054,0.8362863028849672,0.14524875428996176,1
60,500,falkor_to_mesoscope,1179,2063,169,211,0.7968462493613511,0.8599794126047552,0.06313316324340412,0
60,500,mesoscope_to_falkor,1894,1852,221,269,0.7912113181327852,0.8942250918477523,0.10301377371496712,1
60,501,falkor_to_mesoscope,1631,2150,219,301,0.8255390510146464,0.9017046052097033,0.07616555419505688,0
60,501,mesoscope_to_falkor,1871,1622,162,265,0.811037007978037,0.8493921466986684,0.03835513872063134,1
60,502,falkor_to_mesoscope,1764,2020,307,162,0.8571302138325655,0.8176261949126049,-0.03950401891996058,0
60,502,mesoscope_to_falkor,2618,1510,334,261,0.8120714490181441,0.8963350283698732,0.08426357935172912,1
60,503,falkor_to_mesoscope,2462,2107,237,250,0.8069023856215839,0.9196590655698824,0.11275667994829852,0
60,503,mesoscope_to_falkor,1759,1643,117,325,0.852246527733211,0.7620239999817586,-0.09022252775145234,1
60,504,falkor_to_mesoscope,2145,2305,230,197,0.826367007516672,0.8673570966865722,0.04099008916990021,0
60,504,mesoscope_to_falkor,2107,2581,230,226,0.7574014131795329,0.8952829067616456,0.13788149358211266,1
60,505,falkor_to_mesoscope,2253,1855,313,249,0.7674541179852492,0.9141389803640179,0.14668486237876865,0
60,505,mesoscope_to_falkor,1865,1420,163,213,0.772994406454283,0.81869536132307,0.045700954868787,1
60,506,falkor_to_mesoscope,1904,1884,229,194,0.7680179897510473,0.845978794166169,0.07796080441512165,0
60,506,mesoscope_to_falkor,2183,1909,362,316,0.7951363704289165,0.8219834904219521,0.026847119993035573,1
60,507,falkor_to_mesoscope,1852,2180,219,251,0.8264892652988789,0.9447954748664638,0.11830620956758486,0
60,507,mesoscope_to_falkor,2122,1629,244,232,0.8156296821229349,0.8747191917421602,0.05908950961922532,1
60,508,falkor_to_mesoscope,1553,2341,311,483,0.8763339801320471,0.9726521210661075,0.09631814093406044,0
60,508,mesoscope_to_falkor,2634,2082,279,220,0.806268229123246,0.8258101651300892,0.019541936006843175,1
60,509,falkor_to_mesoscope,1535,2226,233,265,0.8114372229955762,0.8858640794832778,0.07442685648770164,0
60,509,mesoscope_to_falkor,2280,1765,386,184,0.8042876170330305,0.7602273920022222,-0.04406022503080831,1
60,510,falkor_to_mesoscope,1664,1991,270,212,0.740848489973447,0.812461524163997,0.07161303419054998,0
60,510,mesoscope_to_falkor,2259,1839,325,226,0.7993040229447473,0.8454098712047151,0.046105848259967774,1
60,511,falkor_to_mesoscope,2005,1933,188,190,0.7994595982643786,0.7403600010622752,-0.05909959720210345,0
60,511,mesoscope_to_falkor,2132,1823,267,255,0.7960204572656224,0.9175737429941424,0.12155328572851998,1
60,512,falkor_to_mesoscope,1486,1998,270,198,0.7631623187307185,0.9029881071447566,0.13982578841403814,0
60,512,mesoscope_to_falkor,2075,2417,311,328,0.8138184258449526,0.9069231228147807,0.09310469696982815,1
60,513,falkor_to_mesoscope,2466,2429,361,184,0.7610246734697413,0.7884202639757171,0.02739559050597573,0
60,513,mesoscope_to_falkor,2226,1614,321,305,0.8221626029461825,0.8723373042219028,0.050174701275720324,1
60,514,falkor_to_mesoscope,1453,1912,247,208,0.730002754657208,0.809841157983441,0.07983840332623304,0
60,514,mesoscope_to_falkor,2090,2155,267,99,0.7042795029678489,0.6653839972370341,-0.038895505730814794,1
60,515,falkor_to_mesoscope,1923,2089,288,227,0.7783784355490301,0.9089000558443319,0.1305216202953018,0
60,515,mesoscope_to_falkor,2149,1561,173,330,0.7796850601711428,0.9071265814985575,0.1274415213274147,1
60,516,falkor_to_mesoscope,1384,1901,236,278,0.8764815882387267,0.9053171826253015,0.028835594386574792,0
60,516,mesoscope_to_falkor,2387,2652,199,157,0.6417813766325371,0.8331573548400558,0.19137597820751873,1
60,517,falkor_to_mesoscope,1779,2233,230,275,0.8144617925776112,0.9069614887386502,0.09249969616103904,0
60,517,mesoscope_to_falkor,2267,1987,302,236,0.8013733520653812,0.8770263508333864,0.07565299876800524,1
60,518,falkor_to_mesoscope,1433,2417,260,212,0.7282120169214175,0.8270709517995865,0.09885893487816899,0
60,518,mesoscope_to_falkor,1910,1756,212,258,0.8416689453978747,0.8021448949413579,-0.03952405045651686,1
60,519,falkor_to_mesoscope,1694,1955,266,250,0.7652567961045471,0.9443271017974147,0.17907030569286764,0
60,519,mesoscope_to_falkor,2189,1707,266,165,0.7747051973986795,0.8630801699979285,0.08837497259924898,1
60,520,falkor_to_mesoscope,1504,2091,249,308,0.7361178610109461,0.9282832869214875,0.19216542591054142,0
60,520,mesoscope_to_falkor,2331,1466,199,201,0.8313969138575195,0.8183745343387668,-0.013022379518752625,1
60,521,falkor_to_mesoscope,1832,2295,193,258,0.7459166101035842,0.8712775357588822,0.125360925655298,0
60,521,mesoscope_to_falkor,1766,1609,145,239,0.6932579704240084,0.6415308591018684,-0.05172711132214003,1
60,522,falkor_to_mesoscope,1494,2017,250,202,0.8417280955471428,0.895581959692116,0.053853864144973174,0
60,522,mesoscope_to_falkor,2117,1471,175,321,0.8799289142174564,0.8485070139154958,-0.03142190030196068,1
60,523,falkor_to_mesoscope,1648,2156,231,300,0.6663958677243693,0.850804269290592,0.18440840156622273,0
60,523,mesoscope_to_falkor,2359,1453,263,285,0.8667233643223795,0.835745139861132,-0.03097822446124754,1
60,524,falkor_to_mesoscope,2601,2287,227,351,0.7748621700621958,0.9214420975951645,0.14657992753296867,0
60,524,mesoscope_to_falkor,2368,1750,289,259,0.7707442181804096,0.9297269595741847,0.1589827413937751,1
60,525,falkor_to_mesoscope,1833,2303,224,265,0.7796020337151591,0.8834957564305042,0.10389372271534503,0
60,525,mesoscope_to_falkor,2357,1238,269,136,0.71601677944948,0.8189650935171645,0.10294831406768457,1
60,526,falkor_to_mesoscope,2374,2294,177,208,0.7926776166307393,0.9321801677529788,0.13950255112223953,0
60,526,mesoscope_to_falkor,1592,1827,121,273,0.8002552980661379,0.7727002506629984,-0.02755504740313952,1
60,527,falkor_to_mesoscope,2021,2146,295,308,0.8408082978006932,0.9450505127824151,0.10424221498172193,0
60,527,mesoscope_to_falkor,1680,1968,188,285,0.770273620361376,0.8070547263330864,0.03678110597171036,1
60,528,falkor_to_mesoscope,1479,2313,231,223,0.7465583161723007,0.7921786877441616,0.04562037157186083,0
60,528,mesoscope_to_falkor,2166,1534,276,271,0.8711664212214213,0.858238340544565,-0.012928080676856246,1
60,529,falkor_to_mesoscope,1439,2418,326,328,0.8387621512808826,0.9199262214871633,0.08116407020628069,0
60,529,mesoscope_to_falkor,2075,1749,194,301,0.8118667103597835,0.9478923067987106,0.1360255964389271,1
60,530,falkor_to_mesoscope,1364,2527,218,312,0.8359075580279247,0.8722953270559967,0.03638776902807195,0
60,530,mesoscope_to_falkor,1957,2149,288,332,0.8026888055937981,0.9020242487007721,0.09933544310697406,1
60,531,falkor_to_mesoscope,2002,1915,315,187,0.7858022034468076,0.9000713933983039,0.11426918995149626,0
60,531,mesoscope_to_falkor,1979,1636,244,144,0.7704110305587707,0.7027042921466528,-0.06770673841211794,1
60,532,falkor_to_mesoscope,1550,2540,281,361,0.8257726133030845,0.9488853181432517,0.12311270484016723,0
60,532,mesoscope_to_falkor,1889,1910,132,168,0.7486988694208834,0.9200764779458066,0.17137760852492323,1
60,533,falkor_to_mesoscope,1700,2380,188,349,0.7914864889948611,0.9405286680833898,0.14904217908852868,0
60,533,mesoscope_to_falkor,2011,1665,212,163,0.7281674797825277,0.8518331235856271,0.12366564380309941,1
60,534,falkor_to_mesoscope,1909,2414,222,242,0.7851940780200243,0.9311382194028794,0.14594414138285516,0
60,534,mesoscope_to_falkor,2134,2035,235,107,0.6813872066885824,0.8270237885129261,0.1456365818243437,1
60,535,falkor_to_mesoscope,2881,2450,203,160,0.6667103129692121,0.6513952035700902,-0.015315109399121951,0
60,535,mesoscope_to_falkor,2165,1783,310,219,0.7493430851357633,0.8357113598376559,0.08636827470189257,1
60,536,falkor_to_mesoscope,2062,2381,286,371,0.865491451840003,0.9492538593052842,0.08376240746528119,0
60,536,mesoscope_to_falkor,1668,2041,168,288,0.7859930377771766,0.8612890554478243,0.07529601767064775,1
60,537,falkor_to_mesoscope,1331,2183,196,186,0.7772781788316057,0.7973676407622471,0.020089461930641428,0
60,537,mesoscope_to_falkor,2189,2178,240,254,0.7671990287820135,0.8384082588515254,0.07120923006951185,1
60,538,falkor_to_mesoscope,2497,2137,269,329,0.897390069131526,0.9534904178605427,0.0561003487290167,0
60,538,mesoscope_to_falkor,2198,1671,167,271,0.7873536780323996,0.8960763250697173,0.10872264703731771,1
60,539,falkor_to_mesoscope,2095,2825,254,347,0.7534754484060484,0.8431862745834231,0.08971082617737469,0
60,539,mesoscope_to_falkor,2052,1674,272,296,0.8172051037308586,0.8856516864069051,0.06844658267604642,1
60,540,falkor_to_mesoscope,1789,2289,270,311,0.8771258507990366,0.9151578909076253,0.03803204010858874,0
60,540,mesoscope_to_falkor,2259,1690,275,378,0.8711920883242555,0.9148987973717324,0.043706709047476866,1
60,541,falkor_to_mesoscope,1789,2353,277,299,0.8733994223781891,0.9285052480010132,0.05510582562282407,0
60,541,mesoscope_to_falkor,2348,1805,282,347,0.8741692609767207,0.925475304098093,0.051306043121372324,1
60,542,falkor_to_mesoscope,1979,2344,369,331,0.8287048007080052,0.9249655773820956,0.09626077667409039,0
60,542,mesoscope_to_falkor,2221,1873,295,266,0.8053040804698,0.9147647094836919,0.10946062901389197,1
60,543,falkor_to_mesoscope,1824,2150,249,305,0.7856093435842891,0.9117614706158261,0.126152127031537,0
60,543,mesoscope_to_falkor,2113,2113,310,319,0.8523171477891447,0.9334276643452032,0.0811105165560585,1
60,544,falkor_to_mesoscope,2537,2120,178,264,0.7407159149899433,0.8685350454396079,0.12781913044966464,0
60,544,mesoscope_to_falkor,1999,1981,176,257,0.7765781419607634,0.8197009176304775,0.04312277566971412,1
60,545,falkor_to_mesoscope,1426,2461,261,364,0.7056923750764982,0.9068415548292155,0.2011491797527173,0
60,545,mesoscope_to_falkor,2074,1604,210,246,0.8400820801544358,0.9019138812241734,0.061831801069737624,1
60,546,falkor_to_mesoscope,1580,2057,204,245,0.7288567011104534,0.8970442225850319,0.1681875214745785,0
60,546,mesoscope_to_falkor,2402,1888,277,257,0.7728580577644799,0.8230242009177458,0.05016614315326584,1
60,547,falkor_to_mesoscope,1813,2192,281,210,0.7883508784439954,0.8643919747255078,0.07604109628151234,0
60,547,mesoscope_to_falkor,2373,2116,209,352,0.8252612132862681,0.8831519830713267,0.05789076978505858,1
60,548,falkor_to_mesoscope,1455,2200,202,182,0.7417270590557514,0.8199497059577617,0.0782226469020103,0
60,548,mesoscope_to_falkor,2197,2213,231,336,0.8357281206225539,0.8864222677050342,0.05069414708248032,1
60,549,falkor_to_mesoscope,1759,2130,292,148,0.7617417490380354,0.7443781844336866,-0.017363564604348736,0
60,549,mesoscope_to_falkor,1462,1713,105,240,0.8532744159206183,0.7804712319030023,-0.07280318401761599,1
60,550,falkor_to_mesoscope,1391,2057,221,235,0.7852618585276655,0.8831765060394586,0.09791464751179313,0
60,550,mesoscope_to_falkor,2054,1736,220,295,0.8007772298855019,0.8887272913814248,0.08795006149592288,1
60,551,falkor_to_mesoscope,1816,2102,297,203,0.758848655112244,0.8789490374637196,0.12010038235147558,0
60,551,mesoscope_to_falkor,2093,1924,228,229,0.8338037838451535,0.710241405277789,-0.12356237856736452,1
60,552,falkor_to_mesoscope,1824,2175,201,319,0.864357762889298,0.9607739641258367,0.09641620123653871,0
60,552,mesoscope_to_falkor,2152,1439,169,212,0.845936986146284,0.9404398041635159,0.09450281801723193,1
60,553,falkor_to_mesoscope,1757,1995,202,213,0.7464397450612124,0.864111214324634,0.11767146926342165,0
60,553,mesoscope_to_falkor,2540,2130,387,164,0.788699382885013,0.8341244939324187,0.045425111047405764,1
60,554,falkor_to_mesoscope,1707,1887,138,247,0.7782842029761754,0.8473458807142132,0.06906167773803784,0
60,554,mesoscope_to_falkor,2222,2052,260,294,0.7918872997067375,0.8673034416968299,0.07541614199009239,1
60,555,falkor_to_mesoscope,1335,1977,255,166,0.8309225081079123,0.8857116475382347,0.054789139430322376,0
60,555,mesoscope_to_falkor,2200,2071,284,373,0.8421159086674991,0.9395872420822468,0.09747133341474767,1
60,556,falkor_to_mesoscope,1753,2683,257,276,0.8258102420821617,0.8803141701530693,0.05450392807090765,0
60,556,mesoscope_to_falkor,2337,1518,378,213,0.7697503856276322,0.7994800308221897,0.029729645194557452,1
60,557,falkor_to_mesoscope,1765,2254,222,266,0.7980688194667857,0.7892302561903042,-0.00883856327648147,0
60,557,mesoscope_to_falkor,2249,1973,376,316,0.7840890498906244,0.834179913954296,0.05009086406367158,1
60,558,falkor_to_mesoscope,1819,2074,262,269,0.8608134829118945,0.8917104619671691,0.030896979055274554,0
60,558,mesoscope_to_falkor,2218,1602,250,143,0.7279525802937786,0.7045618487609793,-0.023390731532799358,1
60,559,falkor_to_mesoscope,1580,2354,279,304,0.8381711415493013,0.9458732035218319,0.10770206197253063,0
60,559,mesoscope_to_falkor,2218,1969,237,280,0.843879171911901,0.8518080724937936,0.007928900581892662,1
60,560,falkor_to_mesoscope,1331,2126,264,254,0.7027126460913253,0.8092875838690001,0.1065749377776748,0
60,560,mesoscope_to_falkor,1831,1859,178,304,0.812385676670111,0.7647292608314765,-0.04765641583863445,1
60,561,falkor_to_mesoscope,2929,2164,246,268,0.8067786027076507,0.8631634112644082,0.05638480855675754,0
60,561,mesoscope_to_falkor,1641,1519,141,178,0.7656209343709425,0.8595460764329693,0.09392514206202685,1
60,562,falkor_to_mesoscope,1619,2250,223,195,0.8279777154336184,0.8014752284628157,-0.026502486970802708,0
60,562,mesoscope_to_falkor,2298,1837,240,311,0.774907221776917,0.8039009373385656,0.028993715561648647,1
60,563,falkor_to_mesoscope,1804,2213,182,270,0.8127416434636234,0.9147432154878762,0.10200157202425275,0
60,563,mesoscope_to_falkor,2231,1759,257,238,0.6738925898407706,0.8190808501767471,0.14518826033597654,1
60,564,falkor_to_mesoscope,1959,2379,181,289,0.7717705038995878,0.8258304246193066,0.05405992071971877,0
60,564,mesoscope_to_falkor,2111,1545,239,208,0.7837698527691851,0.8654476139324297,0.08167776116324466,1
60,565,falkor_to_mesoscope,1831,2368,322,255,0.8332399561771706,0.8881967647773051,0.05495680860013452,0
60,565,mesoscope_to_falkor,2503,1391,286,124,0.7179382676745228,0.9012555595281713,0.18331729185364842,1
60,566,falkor_to_mesoscope,2515,1925,300,218,0.7458128786355569,0.8890701695664402,0.14325729093088335,0
60,566,mesoscope_to_falkor,2595,1768,333,132,0.7998283625265331,0.8849061394349095,0.08507777690837637,1
60,567,falkor_to_mesoscope,1589,2437,199,273,0.816031613351112,0.8410686089560742,0.025036995604962198,0
60,567,mesoscope_to_falkor,2261,1558,285,206,0.7846129364523339,0.8177232509017048,0.03311031444937096,1
60,568,falkor_to_mesoscope,1645,2251,137,357,0.7978650193566588,0.9362366169393305,0.1383715975826717,0
60,568,mesoscope_to_falkor,2031,2479,268,248,0.7136403772167778,0.7945751632414498,0.08093478602467208,1
60,569,falkor_to_mesoscope,1573,2285,299,247,0.7567984850919012,0.8932668717005863,0.1364683866086851,0
60,569,mesoscope_to_falkor,1782,1609,132,273,0.829926340682436,0.758241917671902,-0.07168442301053402,1
60,570,falkor_to_mesoscope,2319,2249,313,236,0.7386959607734187,0.8157081588831568,0.07701219810973814,0
60,570,mesoscope_to_falkor,2481,1291,267,191,0.863278551474105,0.9254701964191335,0.06219164494502849,1
60,571,falkor_to_mesoscope,1660,2170,218,150,0.8035957740071278,0.7758908009212104,-0.02770497308591735,0
60,571,mesoscope_to_falkor,2025,1364,245,265,0.7102579077743028,0.9368579633621051,0.22660005558780238,1
60,572,falkor_to_mesoscope,1993,2381,272,288,0.7741209829589979,0.9004174601246085,0.12629647716561065,0
60,572,mesoscope_to_falkor,2261,1447,219,277,0.8410366524716062,0.9142533262704965,0.0732166737988903,1
60,573,falkor_to_mesoscope,1247,1975,134,231,0.7908331948380595,0.8608245231905504,0.06999132835249089,0
60,573,mesoscope_to_falkor,1924,1572,252,316,0.8138524992427136,0.835792665588338,0.021940166345624346,1
60,574,falkor_to_mesoscope,1697,1664,154,148,0.8542655888799096,0.8115247632009259,-0.04274082567898363,0
60,574,mesoscope_to_falkor,1899,1780,226,265,0.8147490157986637,0.7501068983344623,-0.06464211746420134,1
60,575,falkor_to_mesoscope,1928,2323,271,223,0.7481041536787488,0.8852085126003416,0.13710435892159278,0
60,575,mesoscope_to_falkor,2051,2455,254,279,0.8406213549644009,0.9106650028549303,0.07004364789052941,1
60,576,falkor_to_mesoscope,1943,2339,281,286,0.7701993314896757,0.8760352736290165,0.10583594213934078,0
60,576,mesoscope_to_falkor,1925,1810,148,258,0.8391517778634001,0.8662909559343352,0.027139178070935133,1
60,577,falkor_to_mesoscope,1936,1985,212,305,0.8448844049576454,0.9168192314196191,0.07193482646197369,0
60,577,mesoscope_to_falkor,2258,2391,290,165,0.7575809909255984,0.8685138012580836,0.11093281033248525,1
60,578,falkor_to_mesoscope,1775,2387,209,277,0.7412064516658884,0.9495996863068067,0.2083932346409183,0
60,578,mesoscope_to_falkor,2582,1769,394,215,0.7741135151073965,0.9019864781684959,0.1278729630610994,1
60,579,falkor_to_mesoscope,1484,2168,364,228,0.8506889577674918,0.900030952142422,0.049341994374930254,0
60,579,mesoscope_to_falkor,2202,1640,169,142,0.7284593508520061,0.715930120404663,-0.01252923044734311,1
60,580,falkor_to_mesoscope,2240,2308,299,250,0.6791650321409012,0.8979681426489527,0.21880311050805157,0
60,580,mesoscope_to_falkor,2321,2619,305,296,0.7893244694941007,0.8740733914139092,0.08474892191980843,1
60,581,falkor_to_mesoscope,1477,2535,273,332,0.8200764068732533,0.8471230510251244,0.02704664415187108,0
60,581,mesoscope_to_falkor,2351,1471,255,202,0.8366800075813531,0.8064297414886713,-0.030250266092681777,1
60,582,falkor_to_mesoscope,1859,2304,265,252,0.8220743601847638,0.9118582494710308,0.08978388928626702,0
60,582,mesoscope_to_falkor,1893,1921,137,380,0.8216013380640885,0.8488037922591409,0.027202454195052406,1
60,583,falkor_to_mesoscope,2010,1975,213,203,0.8201929466727151,0.8680646868834756,0.04787174021076046,0
60,583,mesoscope_to_falkor,2431,2146,402,165,0.8191781392510882,0.9230891110637238,0.10391097181263564,1
60,584,falkor_to_mesoscope,2062,2074,290,217,0.8402060676832804,0.8977655333186773,0.05755946563539682,0
60,584,mesoscope_to_falkor,2410,1455,433,152,0.7947288832008406,0.886640725559779,0.09191184235893846,1
60,585,falkor_to_mesoscope,1803,2177,262,282,0.7379916016672502,0.8931132600400795,0.15512165837282932,0
60,585,mesoscope_to_falkor,2280,2201,323,255,0.8208053485671414,0.9217125888144565,0.10090724024731512,1
60,586,falkor_to_mesoscope,1619,2314,304,347,0.8372556549003561,0.8872281259205252,0.04997247102016911,0
60,586,mesoscope_to_falkor,2233,2635,272,182,0.7379123983070143,0.921385439348962,0.18347304104194773,1
60,587,falkor_to_mesoscope,1917,2247,299,262,0.8146811162916463,0.912491525541142,0.09781040924949569,0
60,587,mesoscope_to_falkor,1697,2146,145,152,0.7899896934906956,0.8347992862379315,0.04480959274723595,1
60,588,falkor_to_mesoscope,1916,2087,312,260,0.8793858836518134,0.9531256173083276,0.0737397336565142,0
60,588,mesoscope_to_falkor,2291,1695,251,223,0.8108596241135102,0.9065146345022017,0.09565501038869151,1
60,589,falkor_to_mesoscope,1735,2147,230,213,0.8577051170102513,0.8974312108265942,0.039726093816342845,0
60,589,mesoscope_to_falkor,1925,1533,188,190,0.8095313909880233,0.8807793046737369,0.0712479136857136,1
60,590,falkor_to_mesoscope,1700,2143,209,262,0.8418837659805708,0.8950534346193629,0.053169668638792134,0
60,590,mesoscope_to_falkor,2806,1975,306,107,0.6378313783306949,0.695706868680088,0.0578754903493931,1
60,591,falkor_to_mesoscope,2137,2153,365,378,0.8496019653871129,0.959148486445012,0.1095465210578992,0
60,591,mesoscope_to_falkor,2123,1693,245,169,0.7263159224899461,0.8986314409651137,0.17231551847516757,1
60,592,falkor_to_mesoscope,1847,2338,255,357,0.8538985495332031,0.9410243966436512,0.08712584711044813,0
60,592,mesoscope_to_falkor,2244,1602,347,342,0.8489157141267685,0.8834721983630908,0.034556484236322293,1
60,593,falkor_to_mesoscope,1471,2367,256,398,0.8398127571600679,0.9400419388708184,0.10022918171075057,0
60,593,mesoscope_to_falkor,2400,1741,316,255,0.766189141444498,0.8601729405444939,0.09398379909999588,1
60,594,falkor_to_mesoscope,1868,2152,233,183,0.692521180570537,0.8691465857310503,0.17662540516051328,0
60,594,mesoscope_to_falkor,2303,1769,220,145,0.6772936500358351,0.8355499664843927,0.15825631644855764,1
60,595,falkor_to_mesoscope,2318,2675,289,299,0.7789901168928863,0.915815966165827,0.13682584927294061,0
60,595,mesoscope_to_falkor,2307,2167,165,213,0.7475208449909191,0.8798617179848534,0.13234087299393427,1
60,596,falkor_to_mesoscope,1724,2072,172,303,0.6887890376814921,0.8530390393759474,0.16425000169445525,0
60,596,mesoscope_to_falkor,2130,1835,184,285,0.7675321981041755,0.7557683436745071,-0.01176385442966843,1
60,597,falkor_to_mesoscope,1508,2190,272,324,0.8589445504727131,0.8803727360361545,0.021428185563441393,0
60,597,mesoscope_to_falkor,2080,2066,262,286,0.7797126985946666,0.8525074931344079,0.07279479453974125,1
60,598,falkor_to_mesoscope,1857,1847,237,251,0.7314703503111358,0.9146146704034646,0.18314432009232873,0
60,598,mesoscope_to_falkor,2600,1462,338,267,0.8569071097848473,0.924369789257524,0.0674626794726767,1
60,599,falkor_to_mesoscope,2034,2399,290,212,0.8238721056343059,0.8758137188879067,0.051941613253600805,0
60,599,mesoscope_to_falkor,2720,1747,386,173,0.777341901647966,0.8946672221190999,0.11732532047113386,1
60,600,falkor_to_mesoscope,2096,1918,194,184,0.7302309464773644,0.8072257972347785,0.07699485075741408,0
60,600,mesoscope_to_falkor,1724,1916,195,223,0.7936270231945838,0.7335823686494793,-0.06004465454510444,1
60,601,falkor_to_mesoscope,1386,2136,205,293,0.7413135336173856,0.8718382458829995,0.1305247122656139,0
60,601,mesoscope_to_falkor,2361,1849,297,328,0.8184728238295749,0.8456274588357912,0.027154635006216288,1
60,602,falkor_to_mesoscope,1827,2401,343,337,0.7962451679162567,0.8635255565076305,0.06728038859137386,0
60,602,mesoscope_to_falkor,2468,1472,306,207,0.8391649678377556,0.8309797159348897,-0.008185251902865898,1
60,603,falkor_to_mesoscope,2079,2191,274,158,0.7530733241655856,0.789638607972466,0.0365652838068804,0
60,603,mesoscope_to_falkor,2111,2736,275,251,0.7340274160970761,0.7962282945541156,0.06220087845703948,1
60,604,falkor_to_mesoscope,1950,1731,196,184,0.8595614846162588,0.9134191994725915,0.05385771485633273,0
60,604,mesoscope_to_falkor,1793,1595,128,283,0.8267475420354571,0.86895893306509,0.042211391029632894,1
60,605,falkor_to_mesoscope,1758,2182,297,299,0.8511738850083345,0.9540257819090121,0.10285189690067764,0
60,605,mesoscope_to_falkor,2019,1936,198,196,0.7097557032615621,0.7651466055901486,0.055390902328586455,1
60,606,falkor_to_mesoscope,1897,1786,247,181,0.6858309699943563,0.9066925427929072,0.2208615727985509,0
60,606,mesoscope_to_falkor,2136,1520,252,313,0.8670963215930789,0.8287284649405845,-0.038367856652494425,1
60,607,falkor_to_mesoscope,1851,1723,353,158,0.5426824873836152,0.8155057820024963,0.2728232946188811,0
60,607,mesoscope_to_falkor,2292,1693,306,268,0.8374461940823871,0.8292090237932305,-0.008237170289156603,1
60,608,falkor_to_mesoscope,1456,2059,315,157,0.8345650668479107,0.8398962409660773,0.005331174118166637,0
60,608,mesoscope_to_falkor,2003,1601,200,336,0.8789902689924969,0.8650804057538967,-0.013909863238600217,1
60,609,falkor_to_mesoscope,1760,1774,225,152,0.6931306782639439,0.6633653773828415,-0.029765300881102408,0
60,609,mesoscope_to_falkor,2051,2135,168,248,0.7003203798679463,0.7586429465848683,0.05832256671692204,1
60,610,falkor_to_mesoscope,1773,2088,254,221,0.7122620511371227,0.8598664767010179,0.1476044255638952,0
60,610,mesoscope_to_falkor,2229,1377,152,223,0.8187978358495253,0.8818269932726408,0.06302915742311554,1
60,611,falkor_to_mesoscope,1850,2111,234,258,0.7678013076382366,0.8670450002139833,0.09924369257574672,0
60,611,mesoscope_to_falkor,2162,2014,144,240,0.7995899470598564,0.9208577938748663,0.1212678468150099,1
60,612,falkor_to_mesoscope,1519,2194,215,234,0.8808594830406753,0.8941815548294886,0.013322071788813283,0
60,612,mesoscope_to_falkor,2502,1742,316,67,0.6510763159247919,0.7392302995446104,0.08815398361981852,1
60,613,falkor_to_mesoscope,1816,2594,239,330,0.7920240393248535,0.9271260936003584,0.1351020542755048,0
60,613,mesoscope_to_falkor,2118,2504,285,230,0.727320368583837,0.8810790903581539,0.15375872177431693,1
60,614,falkor_to_mesoscope,1694,2354,287,253,0.7481073663387737,0.9050148081218943,0.15690744178312055,0
60,614,mesoscope_to_falkor,1919,1971,210,225,0.7803776572811215,0.71501481591537,-0.06536284136575155,1
60,615,falkor_to_mesoscope,2277,1908,147,215,0.819514051145003,0.9338005414583131,0.11428649031331017,0
60,615,mesoscope_to_falkor,1849,1519,179,138,0.8325341188259664,0.8193505841515613,-0.01318353467440514,1
60,616,falkor_to_mesoscope,1859,2094,284,313,0.7925953217629929,0.92950001403499,0.1369046922719972,0
60,616,mesoscope_to_falkor,2396,1505,318,216,0.8519444406489686,0.884117062521783,0.032172621872814444,1
60,617,falkor_to_mesoscope,1731,2316,182,284,0.7096553407849329,0.8326094960865591,0.12295415530162623,0
60,617,mesoscope_to_falkor,2130,2296,204,226,0.7598230274389749,0.7474649123306144,-0.01235811510836049,1
60,618,falkor_to_mesoscope,1486,2496,227,375,0.8114277799270576,0.9462388471301802,0.13481106720312264,0
60,618,mesoscope_to_falkor,2458,1422,280,229,0.8516262305160306,0.849293280982287,-0.0023329495337436335,1
60,619,falkor_to_mesoscope,1806,2254,211,290,0.7970945835260478,0.930006642362572,0.13291205883652424,0
60,619,mesoscope_to_falkor,2123,1998,142,329,0.822034841524695,0.8028108529218255,-0.019223988602869446,1
60,620,falkor_to_mesoscope,1608,2150,249,251,0.8012956370635814,0.9246779020036086,0.12338226494002713,0
60,620,mesoscope_to_falkor,2185,1890,302,238,0.8216956474390267,0.826133868171619,0.004438220732592368,1
60,621,falkor_to_mesoscope,1838,1755,288,150,0.7724995139028226,0.8289731491876661,0.056473635284843504,0
60,621,mesoscope_to_falkor,2594,1997,338,317,0.850136744444439,0.8852913238484361,0.03515457940399713,1
60,622,falkor_to_mesoscope,1716,2319,203,347,0.7345644691870465,0.894012541564067,0.1594480723770204,0
60,622,mesoscope_to_falkor,2277,1493,330,332,0.7984678697675806,0.8808102366532509,0.08234236688567032,1
60,623,falkor_to_mesoscope,1539,1796,307,216,0.8116440782370359,0.9539834476785162,0.1423393694414803,0
60,623,mesoscope_to_falkor,2527,2125,257,244,0.7632139496992383,0.910133335588305,0.14691938588906672,1
60,624,falkor_to_mesoscope,1465,2248,113,250,0.6849081665637395,0.8128600738917595,0.12795190732801998,0
60,624,mesoscope_to_falkor,2098,1771,234,322,0.8178751197948166,0.8850105753131772,0.06713545551836053,1
60,625,falkor_to_mesoscope,1597,2136,332,206,0.7157081343927849,0.7406725764851115,0.024964442092326622,0
60,625,mesoscope_to_falkor,1815,2575,150,149,0.7353233962758061,0.7732375377423777,0.03791414146657157,1
60,626,falkor_to_mesoscope,1834,1985,319,230,0.8305801985166946,0.830388234404397,-0.00019196411229760457,0
60,626,mesoscope_to_falkor,1663,1810,133,298,0.7672321127521863,0.8974290148966888,0.13019690214450252,1
60,627,falkor_to_mesoscope,1546,2457,298,184,0.7924475169290005,0.7173186962584691,-0.0751288206705314,0
60,627,mesoscope_to_falkor,2276,1540,227,304,0.8404142399964645,0.9198600385541287,0.0794457985576642,1
60,628,falkor_to_mesoscope,1710,2194,255,249,0.7941180430766156,0.929306668517143,0.13518862544052745,0
60,628,mesoscope_to_falkor,2094,1931,265,288,0.8109517954565816,0.8601472835755698,0.04919548811898822,1
60,629,falkor_to_mesoscope,2094,1931,281,293,0.7693678408764281,0.9143096062539314,0.14494176537750336,0
60,629,mesoscope_to_falkor,2096,2144,304,204,0.8138014342884018,0.9097391925761529,0.09593775828775108,1
60,630,falkor_to_mesoscope,2051,2314,238,217,0.7252990304560504,0.8184690553847033,0.0931700249286529,0
60,630,mesoscope_to_falkor,2390,2040,352,347,0.7870315504022901,0.924838136415818,0.1378065860135279,1
60,631,falkor_to_mesoscope,1735,2107,226,267,0.7813166060637546,0.9207093720402465,0.13939276597649186,0
60,631,mesoscope_to_falkor,2101,2407,238,219,0.7939946304419777,0.87377238943046,0.07977775898848227,1
60,632,falkor_to_mesoscope,1910,2148,159,224,0.8179943501910087,0.8784727838986562,0.060478433707647494,0
60,632,mesoscope_to_falkor,2185,1593,334,138,0.6587608388354088,0.8531320633238566,0.1943712244884478,1
60,633,falkor_to_mesoscope,2092,2159,197,284,0.7244915873192352,0.8472335805792809,0.12274199326004565,0
60,633,mesoscope_to_falkor,1642,1639,98,275,0.8007845585216485,0.7354650162094597,-0.06531954231218884,1
60,634,falkor_to_mesoscope,1947,2243,208,246,0.7402758899457929,0.850845321633871,0.1105694316880782,0
60,634,mesoscope_to_falkor,1969,1461,108,204,0.8319106225759095,0.8646224286690023,0.032711806093092766,1
60,635,falkor_to_mesoscope,1924,2063,184,205,0.8331671568440497,0.8773780445555065,0.04421088771145676,0
60,635,mesoscope_to_falkor,1963,1461,209,277,0.8242120446771164,0.8982862278187546,0.07407418314163816,1
60,636,falkor_to_mesoscope,2054,1892,280,276,0.8602674255845908,0.9289973715112643,0.06872994592667347,0
60,636,mesoscope_to_falkor,2181,1841,205,276,0.8702100978230936,0.7950432610003177,-0.0751668368227758,1
60,637,falkor_to_mesoscope,2179,2636,184,386,0.7666391568026916,0.9196351379605875,0.15299598115789592,0
60,637,mesoscope_to_falkor,1941,1516,119,259,0.884831272660806,0.8688289017254484,-0.016002370935357613,1
60,638,falkor_to_mesoscope,1589,2237,314,247,0.8163505243779501,0.9120720053514131,0.095721480973463,0
60,638,mesoscope_to_falkor,2674,1530,380,261,0.8173251329203713,0.8804416099839438,0.06311647706357248,1
60,639,falkor_to_mesoscope,2020,2193,194,243,0.733693837153647,0.820686905389074,0.08699306823542696,0
60,639,mesoscope_to_falkor,2030,1340,213,186,0.7879041435896474,0.7778005607855766,-0.010103582804070865,1
60,640,falkor_to_mesoscope,1662,2504,200,261,0.798419861507376,0.9190940339998374,0.12067417249246137,0
60,640,mesoscope_to_falkor,2315,1795,297,304,0.7438664495287572,0.8578533683776203,0.11398691884886303,1
60,641,falkor_to_mesoscope,1811,2281,124,264,0.8030991411582511,0.9196394511583799,0.11654031000012877,0
60,641,mesoscope_to_falkor,2196,2215,185,311,0.8055043455666246,0.8872040493606582,0.08169970379403357,1
60,642,falkor_to_mesoscope,1988,2188,313,244,0.7298893911286297,0.8970868008825787,0.16719740975394903,0
60,642,mesoscope_to_falkor,2680,1457,247,292,0.834273727311146,0.8668115670011398,0.0325378396899938,1
60,643,falkor_to_mesoscope,1665,2011,121,213,0.8527135002696672,0.9083968492841273,0.05568334901446015,0
60,643,mesoscope_to_falkor,2532,1585,362,169,0.8212266841572619,0.9075401114211279,0.08631342726386604,1
60,644,falkor_to_mesoscope,2079,1906,242,148,0.8200298461862773,0.8456953589636775,0.025665512777400257,0
60,644,mesoscope_to_falkor,1955,1595,192,327,0.8513869958453626,0.9123672420897558,0.060980246244393244,1
60,645,falkor_to_mesoscope,1780,2353,276,212,0.7318951249176762,0.8526815396129119,0.12078641469523577,0
60,645,mesoscope_to_falkor,2208,1341,315,188,0.7676890862020994,0.7424625571788145,-0.025226529023284927,1
60,646,falkor_to_mesoscope,2422,2539,229,279,0.7910385181958297,0.8949781769871532,0.1039396587913235,0
60,646,mesoscope_to_falkor,2486,1514,350,295,0.8607797004115249,0.8954103872640257,0.034630686852500814,1
60,647,falkor_to_mesoscope,2087,1991,262,188,0.7566235210834291,0.9312804497668753,0.17465692868344618,0
60,647,mesoscope_to_falkor,2331,1312,351,230,0.8240139653481832,0.8172434410274079,-0.006770524320775295,1
60,648,falkor_to_mesoscope,1515,2059,226,249,0.8260561461891628,0.8270091030801527,0.0009529568909899533,0
60,648,mesoscope_to_falkor,2047,1584,205,272,0.8614996357577682,0.7560438148053477,-0.10545582095242056,1
60,649,falkor_to_mesoscope,1603,2058,265,303,0.8254056129097147,0.936396234871111,0.11099062196139631,0
60,649,mesoscope_to_falkor,2496,1807,311,217,0.8660429619489611,0.9032559096134927,0.03721294766453154,1
60,650,falkor_to_mesoscope,1738,2318,223,378,0.820485480964078,0.9345087386848436,0.1140232577207656,0
60,650,mesoscope_to_falkor,2165,1543,281,303,0.8319134009928364,0.8447343854145,0.012820984421663573,1
60,651,falkor_to_mesoscope,1429,2312,274,229,0.7538128464240617,0.8641787268920941,0.11036588046803242,0
60,651,mesoscope_to_falkor,2314,1451,169,285,0.8662743556620387,0.8094859378222748,-0.05678841783976385,1
60,652,falkor_to_mesoscope,1871,2491,331,278,0.765543797302359,0.8264399870876371,0.06089618978527811,0
60,652,mesoscope_to_falkor,2289,1983,348,209,0.7340802448719267,0.8574521092850801,0.1233718644131534,1
60,653,falkor_to_mesoscope,1815,1992,275,181,0.8127021391384838,0.7847062941838981,-0.027995844954585625,0
60,653,mesoscope_to_falkor,1996,2465,116,194,0.7828804135376894,0.8942290849869496,0.1113486714492602,1
60,654,falkor_to_mesoscope,1906,2333,312,235,0.7365769983766011,0.8314927401960168,0.09491574181941576,0
60,654,mesoscope_to_falkor,2257,1857,233,241,0.7928350882701984,0.8880121896698021,0.09517710139960367,1
60,655,falkor_to_mesoscope,1548,2200,232,263,0.77833828345895,0.8759928940404134,0.09765461058146341,0
60,655,mesoscope_to_falkor,2154,2279,326,252,0.7136889333671983,0.9370143551797009,0.2233254218125026,1
60,656,falkor_to_mesoscope,1792,2571,228,236,0.71141739098474,0.9111114468719098,0.19969405588716982,0
60,656,mesoscope_to_falkor,2092,1393,191,143,0.8108219824573054,0.9227829730110654,0.11196099055375996,1
60,657,falkor_to_mesoscope,1808,2025,221,246,0.7636463387841893,0.8978387600076394,0.1341924212234501,0
60,657,mesoscope_to_falkor,2351,1465,286,321,0.8234262275943233,0.9362434907792717,0.11281726318494845,1
60,658,falkor_to_mesoscope,1645,2080,171,255,0.8215443619392675,0.8869628623569247,0.06541850041765718,0
60,658,mesoscope_to_falkor,2035,1867,216,174,0.7973996508699603,0.772276046360157,-0.025123604509803332,1
60,659,falkor_to_mesoscope,1990,2745,310,243,0.7893886268958443,0.8333418399166618,0.04395321302081745,0
60,659,mesoscope_to_falkor,2064,2573,237,186,0.6495393313732086,0.8654099648614335,0.21587063348822488,1
60,660,falkor_to_mesoscope,2416,2184,279,200,0.80594575732765,0.8582212001473254,0.052275442819675444,0
60,660,mesoscope_to_falkor,2252,1697,325,208,0.7504579359438664,0.841334612429192,0.0908766764853256,1
60,661,falkor_to_mesoscope,2005,2351,276,148,0.6757499578544833,0.7807951734958981,0.10504521564141478,0
60,661,mesoscope_to_falkor,1926,1543,245,156,0.7193431665897898,0.6991326262898925,-0.020210540299897328,1
60,662,falkor_to_mesoscope,1721,2247,217,204,0.6740871054172538,0.7456332700545024,0.07154616463724861,0
60,662,mesoscope_to_falkor,2229,1407,218,163,0.7986811384794,0.8850526092460969,0.08637147076669682,1
60,663,falkor_to_mesoscope,1586,2360,232,277,0.6573673073609948,0.8864136674548888,0.229046360093894,0
60,663,mesoscope_to_falkor,2180,2106,332,253,0.773379575052443,0.746116594846884,-0.027262980205559062,1
60,664,falkor_to_mesoscope,1454,2332,171,347,0.7214685670745732,0.916497206047648,0.19502863897307476,0
60,664,mesoscope_to_falkor,2082,2241,302,223,0.7026188184543539,0.7255288065593039,0.02290998810494993,1
60,665,falkor_to_mesoscope,1898,2229,292,221,0.7406285658790511,0.8496705595710605,0.1090419936920094,0
60,665,mesoscope_to_falkor,2454,1478,319,269,0.7946129789820574,0.8519835692818359,0.057370590299778534,1
60,666,falkor_to_mesoscope,1629,2314,338,229,0.785343779547697,0.8784244505417409,0.09308067099404393,0
60,666,mesoscope_to_falkor,2133,1654,302,115,0.8034280759567795,0.8916670929764918,0.08823901701971237,1
60,667,falkor_to_mesoscope,1942,2307,226,257,0.7859702394921716,0.9259707934590319,0.14000055396686029,0
60,667,mesoscope_to_falkor,2134,1576,202,199,0.704364653293489,0.7020560466368273,-0.0023086066566616603,1
60,668,falkor_to_mesoscope,2216,1874,335,220,0.8431887358810854,0.9206831288478959,0.07749439296681049,0
60,668,mesoscope_to_falkor,2519,2219,194,357,0.8477337512445056,0.907553968203254,0.059820216958748396,1
60,669,falkor_to_mesoscope,1630,2573,244,246,0.7918741291078479,0.8223592086398239,0.03048507953197599,0
60,669,mesoscope_to_falkor,2280,1645,246,188,0.737083381843946,0.874668191622834,0.1375848097788881,1
60,670,falkor_to_mesoscope,1528,2387,306,303,0.7750353769094254,0.826279999080612,0.05124462217118664,0
60,670,mesoscope_to_falkor,2129,1463,288,226,0.8193241276450678,0.9009653948016297,0.08164126715656195,1
60,671,falkor_to_mesoscope,2054,2480,343,337,0.7903500799235778,0.9378911530299363,0.14754107310635856,0
60,671,mesoscope_to_falkor,2230,1589,292,337,0.8599361520485781,0.899126750354174,0.0391905983055959,1
60,672,falkor_to_mesoscope,2247,1955,315,191,0.8640275999479198,0.9538526742929656,0.08982507434504583,0
60,672,mesoscope_to_falkor,1804,1641,145,252,0.8088495318491615,0.8780168990205216,0.06916736717136007,1
60,673,falkor_to_mesoscope,1950,1735,277,133,0.7325527291128076,0.9231183336454052,0.19056560453259763,0
60,673,mesoscope_to_falkor,2291,1768,251,217,0.7841214900001324,0.744713656975965,-0.039407833024167394,1
60,674,falkor_to_mesoscope,1465,2388,247,363,0.7651076034001456,0.9129568092099433,0.14784920580979766,0
60,674,mesoscope_to_falkor,2199,2882,226,273,0.8177645331257549,0.8996353771077331,0.08187084398197819,1
60,675,falkor_to_mesoscope,1641,1632,240,134,0.8549862231602696,0.8990560794811447,0.04406985632087512,0
60,675,mesoscope_to_falkor,2237,1691,227,265,0.832174890149503,0.8793534848968749,0.04717859474737196,1
60,676,falkor_to_mesoscope,2259,2094,260,155,0.800320201984422,0.8561126998350196,0.05579249785059759,0
60,676,mesoscope_to_falkor,2502,1305,422,182,0.8373348892805312,0.8860166948946843,0.04868180561415303,1
60,677,falkor_to_mesoscope,1500,2140,214,225,0.7719854105297068,0.8666781372346508,0.094692726704944,0
60,677,mesoscope_to_falkor,2360,2059,362,204,0.8099140580293617,0.9273729847662069,0.11745892673684522,1
60,678,falkor_to_mesoscope,1351,2136,212,348,0.8260703497730819,0.9216432155555468,0.09557286578246493,0
60,678,mesoscope_to_falkor,1996,1922,271,275,0.8385875315932433,0.7304466002974644,-0.10814093129577884,1
60,679,falkor_to_mesoscope,2189,2152,264,294,0.723223281386534,0.8524949214214108,0.1292716400348768,0
60,679,mesoscope_to_falkor,2240,2079,299,279,0.772044310514465,0.8723972057139164,0.10035289519945145,1
60,680,falkor_to_mesoscope,1811,1985,357,196,0.7567691512788284,0.869277249717714,0.11250809843888565,0
60,680,mesoscope_to_falkor,2144,1566,256,290,0.8734944103590755,0.8125979107920531,-0.060896499567022366,1
60,681,falkor_to_mesoscope,2509,1940,196,216,0.7758148927545376,0.8889492025608408,0.11313430980630312,0
60,681,mesoscope_to_falkor,2761,1230,405,191,0.8443911462894975,0.9216251869127935,0.07723404062329597,1
60,682,falkor_to_mesoscope,1605,1874,160,169,0.7444643101382343,0.758631789333279,0.014167479195044685,0
60,682,mesoscope_to_falkor,2296,1481,314,142,0.7807941898241285,0.6125435941941859,-0.1682505956299426,1
60,683,falkor_to_mesoscope,1565,2365,278,362,0.7822851728221735,0.9596399393304016,0.17735476650822812,0
60,683,mesoscope_to_falkor,2373,1565,311,215,0.7875300051037868,0.8666535686414143,0.0791235635376275,1
60,684,falkor_to_mesoscope,1372,2099,194,238,0.7501967095299937,0.7924651821475285,0.04226847261753475,0
60,684,mesoscope_to_falkor,2405,1630,248,329,0.8652725498317586,0.9083881916231721,0.04311564179141347,1
60,685,falkor_to_mesoscope,2094,2328,374,395,0.8562487299710819,0.9193148980883988,0.06306616811731691,0
60,685,mesoscope_to_falkor,1773,1524,194,262,0.8059988806566066,0.8414566047903596,0.03545772413375292,1
60,686,falkor_to_mesoscope,1819,2175,238,212,0.7239927748056936,0.8306899963608528,0.10669722155515926,0
60,686,mesoscope_to_falkor,1679,2085,94,221,0.7927940223481132,0.8675396249127874,0.07474560256467411,1
60,687,falkor_to_mesoscope,1776,1964,234,258,0.818349266789186,0.912433625149205,0.09408435836001905,0
60,687,mesoscope_to_falkor,2186,1854,223,185,0.7182286085049098,0.7720898129339054,0.05386120442899567,1
60,688,falkor_to_mesoscope,2083,2170,169,191,0.7159835368453479,0.8208037769816459,0.10482024013629798,0
60,688,mesoscope_to_falkor,2164,1704,190,230,0.8173267289235038,0.9213857479950157,0.10405901907151194,1
60,689,falkor_to_mesoscope,1673,2498,234,268,0.7970750850914643,0.9079254711607244,0.11085038606926012,0
60,689,mesoscope_to_falkor,1907,1333,288,201,0.8134413654918276,0.9281674612568663,0.11472609576503878,1
60,690,falkor_to_mesoscope,2184,2337,192,262,0.7084526513757667,0.8252202493650819,0.11676759798931513,0
60,690,mesoscope_to_falkor,2016,1642,155,161,0.7433352181575168,0.6794810451750057,-0.06385417298251106,1
60,691,falkor_to_mesoscope,1411,2739,189,346,0.7744975670646441,0.7344154906908147,-0.040082076373829434,0
60,691,mesoscope_to_falkor,2301,1853,315,235,0.8432415364652968,0.8101279155783874,-0.03311362088690939,1
60,692,falkor_to_mesoscope,1685,2459,289,256,0.8030191957138983,0.800302374288523,-0.0027168214253753264,0
60,692,mesoscope_to_falkor,2156,2227,293,236,0.8007565602667974,0.8989436587901215,0.09818709852332408,1
60,693,falkor_to_mesoscope,2127,2230,314,289,0.7955365150038154,0.8918810117299525,0.0963444967261371,0
60,693,mesoscope_to_falkor,2037,2340,178,134,0.7445540399197385,0.8446845582042918,0.10013051828455333,1
60,694,falkor_to_mesoscope,1549,1911,299,295,0.8219339630856567,0.9430596214186656,0.12112565833300892,0
60,694,mesoscope_to_falkor,1994,1426,141,255,0.7636336323754884,0.8729345990501836,0.10930096667469513,1
60,695,falkor_to_mesoscope,1615,1962,199,155,0.8068605907088929,0.9307535787962782,0.12389298808738525,0
60,695,mesoscope_to_falkor,2093,1739,217,215,0.7454585931133171,0.8337817128129283,0.08832311969961126,1
60,696,falkor_to_mesoscope,1860,2160,203,202,0.7216260490615523,0.8785776169616574,0.15695156790010512,0
60,696,mesoscope_to_falkor,2089,1884,291,247,0.8157008805405873,0.9252770799265877,0.10957619938600038,1
60,697,falkor_to_mesoscope,1888,2522,240,234,0.6830674808106644,0.8077029679696993,0.12463548715903494,0
60,697,mesoscope_to_falkor,2150,1363,171,153,0.6889692298632544,0.7975062829250024,0.10853705306174799,1
60,698,falkor_to_mesoscope,1633,2258,193,274,0.8740602414130368,0.8085047321885429,-0.06555550922449394,0
60,698,mesoscope_to_falkor,2255,2018,253,327,0.8160315515345665,0.7931634461449351,-0.022868105389631466,1
60,699,falkor_to_mesoscope,2017,1977,425,217,0.7804505580296762,0.9084048424920719,0.12795428446239565,0
60,699,mesoscope_to_falkor,2391,2412,288,225,0.7151923638064882,0.9040099414167007,0.18881757761021245,1
60,700,falkor_to_mesoscope,2404,2140,242,289,0.7107526735943749,0.9298472716160319,0.21909459802165698,0
60,700,mesoscope_to_falkor,2544,1967,366,216,0.7389757623585528,0.7466602087685503,0.007684446409997547,1
60,701,falkor_to_mesoscope,1654,2547,219,372,0.7782831048531699,0.9032514190696678,0.1249683142164979,0
60,701,mesoscope_to_falkor,2199,1517,208,289,0.8861394793427919,0.9228626583225976,0.036723178979805704,1
60,702,falkor_to_mesoscope,1863,2412,246,315,0.8003211465697044,0.926097612914008,0.12577646634430362,0
60,702,mesoscope_to_falkor,1951,2399,216,227,0.8004997731269234,0.8773415211615551,0.07684174803463162,1
60,703,falkor_to_mesoscope,2080,2494,280,257,0.7468443250010748,0.9113479063925316,0.16450358139145682,0
60,703,mesoscope_to_falkor,2324,1779,169,197,0.7803612713020678,0.8791066279020864,0.0987453566000186,1
60,704,falkor_to_mesoscope,1853,2031,302,305,0.7516679526645291,0.90564894458238,0.15398099191785086,0
60,704,mesoscope_to_falkor,1843,1692,133,240,0.7985127220101961,0.7722923797901732,-0.026220342220022896,1
60,705,falkor_to_mesoscope,2340,2123,207,216,0.8725142984610534,0.9264428609550794,0.053928562494026,0
60,705,mesoscope_to_falkor,2211,2559,187,235,0.7395730018927901,0.8753343008142793,0.13576129892148925,1
60,706,falkor_to_mesoscope,2146,2212,198,301,0.8220501443793968,0.8782528261363003,0.05620268175690346,0
60,706,mesoscope_to_falkor,1909,2300,245,338,0.7889990854941977,0.9368636121005134,0.14786452660631566,1
60,707,falkor_to_mesoscope,1631,2094,235,284,0.7309683095323639,0.888199361180036,0.15723105164767204,0
60,707,mesoscope_to_falkor,2291,2053,283,175,0.6428750572251724,0.8664760503023278,0.22360099307715542,1
60,708,falkor_to_mesoscope,1365,2243,270,241,0.7799237191908052,0.7578397325871391,-0.02208398660366606,0
60,708,mesoscope_to_falkor,2217,1298,295,146,0.7708030989538159,0.6773029507627113,-0.09350014819110464,1
60,709,falkor_to_mesoscope,1524,2142,296,194,0.6563870452766726,0.8458376616086296,0.18945061633195703,0
60,709,mesoscope_to_falkor,2308,2121,241,226,0.8276334246909699,0.9230882418851608,0.09545481719419091,1
60,710,falkor_to_mesoscope,1601,2480,194,345,0.803209232058443,0.9233218474299288,0.12011261537148588,0
60,710,mesoscope_to_falkor,2368,1693,333,156,0.6944752738130485,0.8127282376571048,0.11825296384405626,1
60,711,falkor_to_mesoscope,1780,2243,146,393,0.8301932329780501,0.9314092394877,0.1012160065096499,0
60,711,mesoscope_to_falkor,2045,1343,271,122,0.747662183596993,0.8097977503291143,0.06213556673212128,1
60,712,falkor_to_mesoscope,1575,2056,287,245,0.6963218207871249,0.7359869072157953,0.03966508642867039,0
60,712,mesoscope_to_falkor,2392,2263,364,293,0.8460080815480742,0.8557329301456646,0.009724848597590485,1
60,713,falkor_to_mesoscope,2049,1844,131,337,0.7814748780543177,0.8319490716261884,0.05047419357187066,0
60,713,mesoscope_to_falkor,2030,1833,225,216,0.7370062292682606,0.8430042695556309,0.10599804028737025,1
60,714,falkor_to_mesoscope,2431,2561,107,250,0.7697713863115858,0.9385679248853923,0.1687965385738065,0
60,714,mesoscope_to_falkor,1997,1556,180,241,0.796877797993169,0.8340534518231716,0.03717565383000254,1
60,715,falkor_to_mesoscope,1653,1762,272,194,0.7595397188259784,0.8949201812963601,0.1353804624703817,0
60,715,mesoscope_to_falkor,2013,1464,295,246,0.8560767471907036,0.9374763536489524,0.08139960645824884,1
60,716,falkor_to_mesoscope,1905,1533,306,137,0.667315184740976,0.8813374001683828,0.21402221542740685,0
60,716,mesoscope_to_falkor,2354,1463,327,293,0.8827757359845064,0.8796757927921991,-0.0030999431923073306,1
60,717,falkor_to_mesoscope,2015,1731,247,194,0.721781782219002,0.8106132005576359,0.08883141833863384,0
60,717,mesoscope_to_falkor,2732,1790,257,288,0.8146656045111611,0.8372907521353198,0.02262514762415868,1
60,718,falkor_to_mesoscope,1972,2451,220,357,0.8242740415365378,0.9451055516809727,0.12083151014443483,0
60,718,mesoscope_to_falkor,2562,1508,227,229,0.8971315420618142,0.8639856387408847,-0.03314590332092948,1
60,719,falkor_to_mesoscope,2468,2273,272,237,0.8015684333887904,0.914045159564561,0.11247672617577065,0
60,719,mesoscope_to_falkor,2273,1952,210,185,0.6965438429266949,0.8439165005963016,0.14737265766960672,1
60,720,falkor_to_mesoscope,1919,2103,231,231,0.7784775689763124,0.8739222140784348,0.09544464510212247,0
60,720,mesoscope_to_falkor,1971,1582,172,175,0.6640660714165578,0.6800184102374464,0.015952338820888534,1
60,721,falkor_to_mesoscope,1709,2270,172,274,0.803409021994743,0.8640916064822332,0.0606825844874902,0
60,721,mesoscope_to_falkor,2407,1967,264,251,0.877841323189368,0.8539615417251665,-0.023879781464201555,1
60,722,falkor_to_mesoscope,1493,2041,198,124,0.7137188019765467,0.8412693065351764,0.1275505045586297,0
60,722,mesoscope_to_falkor,1897,1814,187,315,0.7775240112118644,0.8446213158800013,0.0670973046681369,1
60,723,falkor_to_mesoscope,1531,2143,162,354,0.8384573887172275,0.9346590382354172,0.09620164951818966,0
60,723,mesoscope_to_falkor,2111,1320,196,192,0.8761724001846738,0.7947803633904282,-0.08139203679424556,1
60,724,falkor_to_mesoscope,1858,2130,304,306,0.7339525987646947,0.8820457070421206,0.14809310827742594,0
60,724,mesoscope_to_falkor,2534,2113,380,225,0.7552977252038625,0.8398840727378354,0.08458634753397287,1
60,725,falkor_to_mesoscope,2006,2326,198,290,0.698533030160645,0.9461829832719615,0.24764995311131643,0
60,725,mesoscope_to_falkor,2178,1822,290,260,0.8596068743140075,0.9463170066405232,0.0867101323265157,1
60,726,falkor_to_mesoscope,1692,2169,194,206,0.7425937304433498,0.9244003967943368,0.18180666635098708,0
60,726,mesoscope_to_falkor,2288,1913,256,261,0.8543833248714365,0.9217924622721473,0.06740913740071075,1
60,727,falkor_to_mesoscope,1623,2223,173,188,0.7303646048061662,0.802340100941759,0.07197549613559284,0
60,727,mesoscope_to_falkor,1895,1572,181,280,0.9154206678532357,0.893491038344784,-0.021929629508451676,1
60,728,falkor_to_mesoscope,1367,2454,210,259,0.8599940476873323,0.865817954498001,0.005823906810668689,0
60,728,mesoscope_to_falkor,2064,2194,288,159,0.6842232762118707,0.7137742015020615,0.029550925290190766,1
60,729,falkor_to_mesoscope,1573,2417,178,305,0.764690034364463,0.908343354701836,0.143653320337373,0
60,729,mesoscope_to_falkor,1735,2806,212,185,0.7680187645772267,0.705720742355699,-0.062298022221527694,1
60,730,falkor_to_mesoscope,1703,2045,202,210,0.7792247488447164,0.8986987435733885,0.11947399472867215,0
60,730,mesoscope_to_falkor,2172,1953,240,250,0.6923933638509443,0.7653984472437882,0.07300508339284395,1
60,731,falkor_to_mesoscope,1733,2678,227,291,0.7021052343793491,0.8637241004214143,0.1616188660420652,0
60,731,mesoscope_to_falkor,2196,1840,219,301,0.7725735223899358,0.8597974507904167,0.08722392840048088,1
60,732,falkor_to_mesoscope,2278,2509,185,210,0.7979892123462884,0.8736046013583386,0.07561538901205023,0
60,732,mesoscope_to_falkor,2525,1749,279,243,0.7800809384187282,0.9034341408972312,0.12335320247850301,1
60,733,falkor_to_mesoscope,1592,2676,231,310,0.7444052312702363,0.9048713944467508,0.16046616317651452,0
60,733,mesoscope_to_falkor,1979,1750,227,234,0.7409372525700312,0.8380564586646582,0.09711920609462699,1
60,734,falkor_to_mesoscope,1766,1620,199,166,0.7617841031336727,0.7734433965303273,0.011659293396654613,0
60,734,mesoscope_to_falkor,1956,1588,154,329,0.8329820693613686,0.9171367258377504,0.08415465647638176,1
60,735,falkor_to_mesoscope,1969,2363,196,219,0.7014894289694947,0.8616069566006771,0.16011752763118237,0
60,735,mesoscope_to_falkor,2369,1596,239,177,0.7658603236462997,0.8132779490357013,0.04741762538940153,1
60,736,falkor_to_mesoscope,1718,2148,273,211,0.8193914008401431,0.7262119158860196,-0.09317948495412343,0
60,736,mesoscope_to_falkor,1828,1814,87,189,0.7296126429465225,0.8488337709535908,0.1192211280070683,1
60,737,falkor_to_mesoscope,1475,1874,195,213,0.8487588317939975,0.9206332044699193,0.07187437267592178,0
60,737,mesoscope_to_falkor,1972,1684,226,188,0.8320748611837852,0.839970060225693,0.00789519904190783,1
60,738,falkor_to_mesoscope,1960,2296,333,176,0.732939320301753,0.8165066711121958,0.08356735081044275,0
60,738,mesoscope_to_falkor,2077,2116,209,207,0.7806957205720657,0.8048781354203441,0.024182414848278433,1
60,739,falkor_to_mesoscope,1525,2649,250,199,0.7930523195881681,0.8612912964892345,0.0682389769010664,0
60,739,mesoscope_to_falkor,1905,1952,142,192,0.6808099468167523,0.7618435535315238,0.08103360671477144,1
60,740,falkor_to_mesoscope,1835,1988,249,188,0.6677158411253088,0.7966368953472216,0.1289210542219128,0
60,740,mesoscope_to_falkor,2270,2105,263,148,0.7865144119339259,0.8177501560158295,0.03123574408190355,1
60,741,falkor_to_mesoscope,2151,2548,143,288,0.8780664556770295,0.9175822191714426,0.0395157634944131,0
60,741,mesoscope_to_falkor,2424,1561,282,230,0.6635041094966947,0.7320872682515324,0.06858315875483767,1
60,742,falkor_to_mesoscope,1834,2082,258,97,0.6542334138087481,0.7759425302302855,0.12170911642153737,0
60,742,mesoscope_to_falkor,2045,1805,201,157,0.7092856892846371,0.8266085509715504,0.1173228616869133,1
60,743,falkor_to_mesoscope,1527,2061,184,179,0.6954029661238229,0.8286624175397285,0.13325945141590556,0
60,743,mesoscope_to_falkor,2277,1481,242,288,0.8747041102686294,0.909019219581258,0.0343151093126286,1
60,744,falkor_to_mesoscope,1842,1777,332,106,0.6393131090595793,0.7032119081702795,0.06389879911070018,0
60,744,mesoscope_to_falkor,2055,1748,231,146,0.7800722923011636,0.8498105484823105,0.06973825618114693,1
60,745,falkor_to_mesoscope,1560,2048,150,269,0.7897671570215226,0.8431430799951709,0.05337592297364835,0
60,745,mesoscope_to_falkor,1961,1367,203,248,0.8927204101627225,0.9423047469873581,0.04958433682463559,1
60,746,falkor_to_mesoscope,1478,2340,286,321,0.8144974187682097,0.9498150123591422,0.13531759359093254,0
60,746,mesoscope_to_falkor,2226,1469,297,183,0.7509712359020275,0.7605410538068007,0.009569817904773181,1
60,747,falkor_to_mesoscope,1977,2010,127,294,0.846692691000285,0.8926234370684849,0.04593074606819991,0
60,747,mesoscope_to_falkor,2184,2718,297,271,0.7738043335702034,0.8497965491045109,0.07599221553430746,1
60,748,falkor_to_mesoscope,1730,1947,346,236,0.8236750817148976,0.9515272435251517,0.12785216181025416,0
60,748,mesoscope_to_falkor,2511,1947,402,304,0.8359506129792956,0.8652962823767375,0.029345669397441876,1
60,749,falkor_to_mesoscope,1658,2235,226,290,0.7527653460001856,0.9496796091774548,0.19691426317726912,0
60,749,mesoscope_to_falkor,2056,2509,241,253,0.8361148431348844,0.8308899639645344,-0.005224879170349972,1
60,750,falkor_to_mesoscope,2161,2536,107,223,0.7569643807983532,0.8361611324047139,0.07919675160636075,0
60,750,mesoscope_to_falkor,2298,2065,268,321,0.8323968768720775,0.8240591948093019,-0.008337682062775631,1
60,751,falkor_to_mesoscope,1953,1999,234,187,0.7276852913646444,0.7952946067399055,0.06760931537526105,0
60,751,mesoscope_to_falkor,2038,1578,264,257,0.740888177566394,0.8217183123051013,0.08083013473870726,1
60,752,falkor_to_mesoscope,1865,1802,286,213,0.7288220026893355,0.9326703576876691,0.20384835499833365,0
60,752,mesoscope_to_falkor,2072,1925,264,324,0.8108081309195265,0.9030762155234157,0.09226808460388913,1
60,753,falkor_to_mesoscope,1727,2388,354,295,0.831607768038828,0.9292535306705022,0.09764576263167424,0
60,753,mesoscope_to_falkor,2473,1744,270,235,0.7619224760088957,0.8835937577758013,0.12167128176690556,1
60,754,falkor_to_mesoscope,1622,2152,178,295,0.5986316874941767,0.8956062824681585,0.2969745949739818,0
60,754,mesoscope_to_falkor,2353,1657,380,273,0.8085382576718009,0.8323939130421828,0.023855655370381923,1
60,755,falkor_to_mesoscope,1588,1914,250,141,0.6828994655941332,0.6946133951290228,0.011713929534889589,0
60,755,mesoscope_to_falkor,2079,1266,214,240,0.8618873809517843,0.9255991523664988,0.06371177141471451,1
60,756,falkor_to_mesoscope,1662,2124,260,278,0.7965974182228439,0.8736276629382274,0.07703024471538344,0
60,756,mesoscope_to_falkor,2502,2342,184,267,0.739986036411826,0.8880430160436095,0.14805697963178344,1
60,757,falkor_to_mesoscope,1598,2481,156,412,0.8153337400974743,0.888877557764792,0.07354381766731777,0
60,757,mesoscope_to_falkor,2361,1564,347,287,0.8957196014142916,0.9251487625816623,0.02942916116737071,1
60,758,falkor_to_mesoscope,2119,2314,193,257,0.8575342118282837,0.8592180717973017,0.0016838599690179867,0
60,758,mesoscope_to_falkor,2118,2037,241,255,0.7994654391796039,0.8579056285204167,0.058440189340812854,1
60,759,falkor_to_mesoscope,1949,2231,312,161,0.7286688454221846,0.8845437119475948,0.15587486652541027,0
60,759,mesoscope_to_falkor,2107,1901,281,215,0.7561859405528885,0.8380685357845079,0.08188259523161945,1
60,760,falkor_to_mesoscope,1875,2187,257,275,0.868415258938864,0.891436984924305,0.023021725985441055,0
60,760,mesoscope_to_falkor,1888,2151,223,316,0.7430801067346673,0.8393833993844713,0.09630329264980397,1
60,761,falkor_to_mesoscope,1777,2195,182,249,0.7791810993240565,0.9132182237926877,0.13403712446863114,0
60,761,mesoscope_to_falkor,2283,2242,391,281,0.7964632731784187,0.8622149453050199,0.06575167212660116,1
60,762,falkor_to_mesoscope,1876,2029,163,247,0.6971815568457368,0.8203425360660462,0.12316097922030944,0
60,762,mesoscope_to_falkor,2467,1595,316,263,0.8787303795070839,0.9120750740903762,0.03334469458329237,1
60,763,falkor_to_mesoscope,1789,1906,185,178,0.8496457125651502,0.8807965863597803,0.031150873794630107,0
60,763,mesoscope_to_falkor,1928,1862,260,364,0.8783097953316108,0.9554918147051514,0.07718201937354063,1
60,764,falkor_to_mesoscope,2078,2325,348,403,0.8424886207058967,0.8922433773646848,0.049754756658788146,0
60,764,mesoscope_to_falkor,2173,1350,278,265,0.8112987804882313,0.9250524005475703,0.11375362005933898,1
60,765,falkor_to_mesoscope,1367,2128,246,202,0.7329769202065662,0.8162259189035063,0.08324899869694002,0
60,765,mesoscope_to_falkor,2120,2207,227,301,0.798013409745151,0.8583643178692498,0.06035090812409882,1
60,766,falkor_to_mesoscope,1733,2639,217,334,0.7802816862657829,0.9082452778015736,0.12796359153579073,0
60,766,mesoscope_to_falkor,2408,1498,199,257,0.8154595628896335,0.8618330688523975,0.04637350596276402,1
60,767,falkor_to_mesoscope,1415,2399,161,338,0.7728574872927767,0.9014059973355673,0.12854851004279055,0
60,767,mesoscope_to_falkor,2355,1390,159,267,0.8527935793011462,0.8539100223227437,0.001116443021597524,1
60,768,falkor_to_mesoscope,1735,2830,359,426,0.7376070964369843,0.9117783103564667,0.17417121391948243,0
60,768,mesoscope_to_falkor,2133,1797,230,225,0.7371684170899019,0.9203974041033274,0.1832289870134255,1
60,769,falkor_to_mesoscope,1800,2147,264,195,0.7781923791483856,0.9128293672167278,0.13463698806834223,0
60,769,mesoscope_to_falkor,2228,1794,293,188,0.8224143597514456,0.8918129342165269,0.06939857446508124,1
60,770,falkor_to_mesoscope,1520,2398,218,371,0.8639608874930519,0.9378147060340486,0.07385381854099671,0
60,770,mesoscope_to_falkor,2405,1726,196,174,0.6769210796487736,0.8632693895410966,0.18634830989232298,1
60,771,falkor_to_mesoscope,1972,2277,317,299,0.787649777655468,0.8944666821441605,0.10681690448869252,0
60,771,mesoscope_to_falkor,2566,1503,288,265,0.7883331526675201,0.8158436916641475,0.027510538996627365,1
60,772,falkor_to_mesoscope,1433,2606,190,222,0.7967439890075885,0.8949997739868679,0.09825578497927945,0
60,772,mesoscope_to_falkor,2254,2640,257,230,0.8148721371046971,0.8842750961685817,0.0694029590638846,1
60,773,falkor_to_mesoscope,2206,2335,221,342,0.7801711377058238,0.8810263692761395,0.10085523157031573,0
60,773,mesoscope_to_falkor,2291,1390,272,268,0.8013137516202966,0.8826229089238491,0.08130915730355248,1
60,774,falkor_to_mesoscope,2185,2057,322,349,0.7809299627798103,0.9264639530938704,0.1455339903140601,0
60,774,mesoscope_to_falkor,2416,2161,413,198,0.8035612174588449,0.9128150783609932,0.10925386090214828,1
60,775,falkor_to_mesoscope,2644,2239,254,352,0.7456337534512619,0.9417186322070471,0.19608487875578517,0
60,775,mesoscope_to_falkor,2386,1645,292,164,0.7466840660730635,0.8900460277587092,0.14336196168564574,1
60,776,falkor_to_mesoscope,1534,2601,226,299,0.7684391787749248,0.925442020442936,0.15700284166801115,0
60,776,mesoscope_to_falkor,1886,2332,193,320,0.7871627484020001,0.8505138598647938,0.06335111146279371,1
60,777,falkor_to_mesoscope,1447,2109,231,331,0.8615656650091246,0.8889086573552114,0.027342992346086836,0
60,777,mesoscope_to_falkor,2427,1592,404,381,0.8240205310636511,0.9611942678097994,0.1371737367461483,1
60,778,falkor_to_mesoscope,1383,2145,207,260,0.7524951137717204,0.8561630458587776,0.10366793208705716,0
60,778,mesoscope_to_falkor,1934,1429,166,247,0.7893032352258834,0.7953489086302643,0.006045673404380891,1
60,779,falkor_to_mesoscope,1386,2137,146,229,0.8210221708942212,0.6570896194816421,-0.16393255141257912,0
60,779,mesoscope_to_falkor,2172,2031,295,258,0.7265649079014058,0.8367820899213475,0.11021718201994168,1
60,780,falkor_to_mesoscope,1874,2024,267,251,0.7241435717971426,0.9423735842365012,0.21823001243935858,0
60,780,mesoscope_to_falkor,1994,1884,257,197,0.7666122951153485,0.8613082814366352,0.09469598632128673,1
60,781,falkor_to_mesoscope,1361,1972,210,218,0.8446082578019822,0.9196494752135672,0.07504121741158498,0
60,781,mesoscope_to_falkor,2209,1670,177,208,0.8056923817413728,0.8743189337232206,0.06862655198184775,1
60,782,falkor_to_mesoscope,1577,2467,373,267,0.7542958410304405,0.8932248065289712,0.13892896549853073,0
60,782,mesoscope_to_falkor,1668,2071,206,203,0.804043146564803,0.7628696346187536,-0.04117351194604946,1
60,783,falkor_to_mesoscope,1473,2255,263,257,0.7819235226241313,0.8812463407229387,0.09932281809880739,0
60,783,mesoscope_to_falkor,2374,2141,269,200,0.7934324788484459,0.9097296876947168,0.11629720884627093,1
60,784,falkor_to_mesoscope,2286,2445,340,347,0.783359058928405,0.9353071682148564,0.15194810928645142,0
60,784,mesoscope_to_falkor,2277,2147,246,354,0.7894907453414926,0.921888741931553,0.13239799659006046,1
60,785,falkor_to_mesoscope,1899,2157,86,230,0.774142279757211,0.8096725446482768,0.03553026489106581,0
60,785,mesoscope_to_falkor,2285,2379,285,221,0.7850530863609998,0.8369298755253425,0.051876789164342685,1
60,786,falkor_to_mesoscope,1892,2771,306,332,0.8178953604661278,0.9143787946545117,0.0964834341883839,0
60,786,mesoscope_to_falkor,2221,1474,254,328,0.865669463621584,0.9192844105779258,0.053614946956341725,1
60,787,falkor_to_mesoscope,1745,1791,191,180,0.7131876342919282,0.894034156958965,0.18084652266703682,0
60,787,mesoscope_to_falkor,2125,2419,271,283,0.8288001825488567,0.9486668944424866,0.11986671189362996,1
60,788,falkor_to_mesoscope,1537,2429,221,254,0.7801822742516443,0.8967891270727275,0.11660685282108318,0
60,788,mesoscope_to_falkor,2091,1860,192,263,0.8735385574229624,0.8471584637795375,-0.026380093643424862,1
60,789,falkor_to_mesoscope,1706,2331,181,229,0.703813605516227,0.86942068948273,0.16560708396650303,0
60,789,mesoscope_to_falkor,1951,2133,310,244,0.7552056502931241,0.7992847564707672,0.0440791061776431,1
60,790,falkor_to_mesoscope,1407,2031,212,216,0.5732244697715313,0.7774695687930246,0.20424509902149335,0
60,790,mesoscope_to_falkor,2013,1595,86,306,0.8380580919443054,0.8660885070031213,0.028030415058815983,1
60,791,falkor_to_mesoscope,1809,2252,271,290,0.761682864947229,0.8635553462688367,0.10187248132160764,0
60,791,mesoscope_to_falkor,2333,1731,223,222,0.8430911858206794,0.8642899684891856,0.021198782668506166,1
60,792,falkor_to_mesoscope,2074,1984,268,165,0.8093805465108653,0.7181946274004939,-0.09118591911037144,0
60,792,mesoscope_to_falkor,2253,2010,234,227,0.7410335242804899,0.9258994442887222,0.18486592000823232,1
60,793,falkor_to_mesoscope,1542,1997,203,126,0.7003239138494594,0.7977988222659714,0.09747490841651207,0
60,793,mesoscope_to_falkor,2596,2628,284,288,0.7644651292988831,0.773922888100054,0.009457758801170946,1
60,794,falkor_to_mesoscope,1861,2141,305,304,0.7223949254620387,0.9469541271405104,0.22455920167847176,0
60,794,mesoscope_to_falkor,1927,1381,163,224,0.8205625305281786,0.8999100016558588,0.07934747112768015,1
60,795,falkor_to_mesoscope,1821,2755,191,199,0.7554700956715276,0.8417167352594515,0.08624663958792389,0
60,795,mesoscope_to_falkor,2248,2003,255,355,0.842872695998848,0.8890131347096447,0.04614043871079676,1
60,796,falkor_to_mesoscope,2019,2266,244,244,0.8316208261192182,0.7633316016783037,-0.06828922444091445,0
60,796,mesoscope_to_falkor,1830,2249,179,221,0.8038666321655743,0.884380944901488,0.0805143127359137,1
60,797,falkor_to_mesoscope,2413,2091,274,304,0.732648322507153,0.887178295321398,0.15452997281424508,0
60,797,mesoscope_to_falkor,2382,2488,287,331,0.8345464255613096,0.8459761297441356,0.011429704182825962,1
60,798,falkor_to_mesoscope,1530,2227,160,269,0.7193500001917779,0.8645279320218323,0.14517793183005445,0
60,798,mesoscope_to_falkor,1649,1756,114,285,0.7669476554780724,0.8279810992636509,0.06103344378557851,1
60,799,falkor_to_mesoscope,1610,2308,189,193,0.718080488388621,0.6592388218033416,-0.05884166658527945,0
60,799,mesoscope_to_falkor,2372,1545,291,301,0.8778265820974027,0.9032994693756171,0.025472887278214396,1
60,800,falkor_to_mesoscope,1988,2376,165,253,0.6153716345531953,0.9125210728471022,0.29714943829390683,0
60,800,mesoscope_to_falkor,2274,2050,249,218,0.7547352377146148,0.8561989022703552,0.10146366455574041,1
60,801,falkor_to_mesoscope,1672,1951,324,261,0.873304188751859,0.9554789620443451,0.08217477329248613,0
60,801,mesoscope_to_falkor,1784,1734,138,210,0.7048719639924826,0.5965974724202083,-0.10827449157227431,1
60,802,falkor_to_mesoscope,1835,2134,182,117,0.6701497539831113,0.7400219014565356,0.0698721474734243,0
60,802,mesoscope_to_falkor,2249,2005,193,150,0.7280376553245034,0.8160065064473208,0.08796885112281738,1
60,803,falkor_to_mesoscope,1493,2322,246,439,0.8532854079184965,0.9414386930559399,0.08815328513744336,0
60,803,mesoscope_to_falkor,1890,1430,131,248,0.8256256380747387,0.8832816464714089,0.05765600839667029,1
60,804,falkor_to_mesoscope,2413,2017,306,195,0.7702380517300251,0.8985459680910745,0.12830791636104932,0
60,804,mesoscope_to_falkor,2440,1549,213,174,0.7694095628136517,0.7910838627344079,0.0216742999207562,1
60,805,falkor_to_mesoscope,1664,2086,240,270,0.8228922408469463,0.9227735002522175,0.09988125940527115,0
60,805,mesoscope_to_falkor,2412,2219,253,163,0.6823781929528087,0.8473994444724682,0.16502125151965952,1
60,806,falkor_to_mesoscope,1760,2020,218,271,0.7718333713194032,0.9018047197835379,0.12997134846413472,0
60,806,mesoscope_to_falkor,2317,1590,258,209,0.7877379238468178,0.8388813663299711,0.05114344248315328,1
60,807,falkor_to_mesoscope,1975,2513,212,402,0.7419743753142056,0.9382812505970346,0.19630687528282897,0
60,807,mesoscope_to_falkor,2127,1987,209,211,0.7722230787454905,0.9259210794797509,0.15369800073426043,1
60,808,falkor_to_mesoscope,1438,2685,135,359,0.6790900338310624,0.891686373358614,0.21259633952755164,0
60,808,mesoscope_to_falkor,2173,1819,180,177,0.6882583700278083,0.8474041983573869,0.15914582832957858,1
60,809,falkor_to_mesoscope,1638,2158,146,280,0.87774075930557,0.9061876900265518,0.0284469307209817,0
60,809,mesoscope_to_falkor,2158,1895,247,175,0.6925954464563752,0.8575936534173694,0.1649982069609942,1
60,810,falkor_to_mesoscope,2018,2372,293,323,0.7750295361359113,0.908175140305986,0.1331456041700747,0
60,810,mesoscope_to_falkor,2282,1915,276,246,0.7999326777584818,0.8586122191576997,0.05867954139921794,1
60,811,falkor_to_mesoscope,1913,2029,190,292,0.825237141866136,0.7986519667027192,-0.02658517516341674,0
60,811,mesoscope_to_falkor,2066,1797,225,260,0.8098071902498739,0.8725246426101742,0.06271745236030024,1
60,812,falkor_to_mesoscope,1460,2013,216,157,0.7389752304347087,0.7881443729330223,0.04916914249831361,0
60,812,mesoscope_to_falkor,2245,1704,210,229,0.818727512901453,0.865355486163224,0.04662797326177104,1
60,813,falkor_to_mesoscope,1648,2119,346,248,0.7848329368740682,0.8971601201256328,0.11232718325156466,0
60,813,mesoscope_to_falkor,2693,1611,427,217,0.771619181379511,0.9322276009309097,0.1606084195513987,1
60,814,falkor_to_mesoscope,1973,1557,218,77,0.8389863526043315,0.9290740397704808,0.09008768716614923,0
60,814,mesoscope_to_falkor,2121,1856,307,294,0.8833500062846731,0.9108455470712491,0.02749554078657601,1
60,815,falkor_to_mesoscope,1936,2140,198,234,0.6684671247016057,0.8313050033522321,0.16283787865062638,0
60,815,mesoscope_to_falkor,2225,1824,307,314,0.8217796512995379,0.8993472610552266,0.07756760975568866,1
60,816,falkor_to_mesoscope,1542,1955,199,170,0.8122214722569575,0.8262935588965946,0.014072086639637105,0
60,816,mesoscope_to_falkor,2069,2003,301,311,0.8179436499572866,0.9148333294031149,0.09688967944582827,1
60,817,falkor_to_mesoscope,1626,2291,325,321,0.7555860899375245,0.9061047656106019,0.15051867567307742,0
60,817,mesoscope_to_falkor,2086,2611,185,243,0.7629711017033826,0.8471151038411978,0.08414400213781525,1
60,818,falkor_to_mesoscope,1874,2332,236,164,0.7536083666311604,0.8667364715733692,0.11312810494220882,0
60,818,mesoscope_to_falkor,1719,2213,147,306,0.8022818432572709,0.8278097310013538,0.025527887744082878,1
60,819,falkor_to_mesoscope,1916,2147,320,223,0.7652448440884833,0.9174141230132761,0.15216927892479282,0
60,819,mesoscope_to_falkor,2101,1571,206,290,0.842578343828404,0.7413792286778678,-0.10119911515053626,1
60,820,falkor_to_mesoscope,1464,2079,190,230,0.7724605128849129,0.8658868772619321,0.09342636437701923,0
60,820,mesoscope_to_falkor,1995,1964,272,308,0.8348182279951064,0.8654537568744699,0.030635528879363494,1
60,821,falkor_to_mesoscope,2512,2366,304,306,0.8180369159451595,0.8634480941404964,0.04541117819533691,0
60,821,mesoscope_to_falkor,2259,2020,236,190,0.8002448432883041,0.9018177350646379,0.10157289177633377,1
60,822,falkor_to_mesoscope,1593,1832,315,102,0.7343128372675927,0.7429944221603644,0.00868158489277171,0
60,822,mesoscope_to_falkor,2162,1540,339,127,0.7449233554257014,0.8959407185241488,0.15101736309844738,1
60,823,falkor_to_mesoscope,2161,2315,205,280,0.7862741351828735,0.8741274314038407,0.08785329622096727,0
60,823,mesoscope_to_falkor,2102,2125,266,173,0.6933252403427458,0.7878547373041882,0.09452949696144242,1
60,824,falkor_to_mesoscope,2449,2305,234,315,0.8748667929625341,0.9748786600012855,0.10001186703875142,0
60,824,mesoscope_to_falkor,2163,2063,242,221,0.8166489446674491,0.9485062002241219,0.13185725555667283,1
60,825,falkor_to_mesoscope,2283,2154,298,224,0.7610184576015895,0.9248700482813305,0.16385159067974098,0
60,825,mesoscope_to_falkor,2038,1835,242,240,0.7307836659901967,0.8570921770000887,0.12630851100989193,1
60,826,falkor_to_mesoscope,1845,2070,234,198,0.6624246064007654,0.8427839461668039,0.18035933976603846,0
60,826,mesoscope_to_falkor,1954,1379,206,275,0.8559372495292857,0.9169500348281029,0.06101278529881715,1
60,827,falkor_to_mesoscope,2004,2163,232,260,0.660147502619908,0.7872119285784395,0.1270644259585315,0
60,827,mesoscope_to_falkor,2087,1867,217,314,0.8566991739582653,0.8537216109271885,-0.0029775630310768797,1
60,828,falkor_to_mesoscope,2092,2293,301,332,0.8260625821889058,0.9374408642101895,0.11137828202128364,0
60,828,mesoscope_to_falkor,2304,1447,361,205,0.8424906200256734,0.834551768131904,-0.007938851893769416,1
60,829,falkor_to_mesoscope,1761,2223,250,154,0.5809241140418522,0.7471106077354172,0.16618649369356497,0
60,829,mesoscope_to_falkor,2294,2167,246,229,0.8031831297621552,0.8719622134613035,0.06877908369914831,1
60,830,falkor_to_mesoscope,1889,2239,323,267,0.818169874375544,0.9248160562851001,0.1066461819095561,0
60,830,mesoscope_to_falkor,1833,1940,205,291,0.7763123607615922,0.8127901441510607,0.0364777833894685,1
60,831,falkor_to_mesoscope,1432,2127,211,260,0.8136979924378255,0.9278030628774189,0.11410507043959339,0
60,831,mesoscope_to_falkor,2042,2182,232,228,0.7859076217525175,0.8424133766669982,0.05650575491448073,1
60,832,falkor_to_mesoscope,1445,2369,195,275,0.7587706180241848,0.7541220191973931,-0.0046485988267916944,0
60,832,mesoscope_to_falkor,1774,2049,135,221,0.7663083467284252,0.7877016673641385,0.02139332063571331,1
60,833,falkor_to_mesoscope,2395,1880,201,148,0.6551768564249304,0.7120150924834042,0.05683823605847382,0
60,833,mesoscope_to_falkor,1840,2071,93,259,0.8108757653679127,0.8965630189540511,0.08568725358613838,1
60,834,falkor_to_mesoscope,2023,2449,222,316,0.8532742268824091,0.9015456846768246,0.04827145779441555,0
60,834,mesoscope_to_falkor,2332,1748,192,257,0.849280163619145,0.8502919367480056,0.0010117731288605825,1
60,835,falkor_to_mesoscope,1879,2307,319,281,0.7315359373956812,0.8793123823539334,0.14777644495825215,0
60,835,mesoscope_to_falkor,2088,1466,220,292,0.8812230301667262,0.9292629791083482,0.048039948941622,1
60,836,falkor_to_mesoscope,1459,1896,292,225,0.7982503582328361,0.8525836524151181,0.054333294182282055,0
60,836,mesoscope_to_falkor,2410,1479,199,234,0.8885565276391453,0.7690399307928669,-0.11951659684627836,1
60,837,falkor_to_mesoscope,1887,2159,245,363,0.816132227404737,0.9340286299178457,0.11789640251310873,0
60,837,mesoscope_to_falkor,2385,1575,298,305,0.772072062194951,0.7946642129631853,0.022592150768234398,1
60,838,falkor_to_mesoscope,1684,2027,207,280,0.7191431698573943,0.8439105953213397,0.12476742546394537,0
60,838,mesoscope_to_falkor,2534,1343,329,231,0.8355792157172144,0.9142553867892356,0.07867617107202118,1
60,839,falkor_to_mesoscope,1867,1919,259,153,0.728513990826506,0.832606003652084,0.104092012825578,0
60,839,mesoscope_to_falkor,2173,1434,209,231,0.8279511861666004,0.8479117626815278,0.01996057651492744,1
60,840,falkor_to_mesoscope,2177,2427,283,269,0.8332069405536662,0.9180498647291072,0.08484292417544104,0
60,840,mesoscope_to_falkor,2402,2342,254,301,0.8298950582658686,0.883455769627244,0.05356071136137541,1
60,841,falkor_to_mesoscope,1801,2259,241,353,0.8182797022422138,0.9209602532199425,0.10268055097772866,0
60,841,mesoscope_to_falkor,2186,2001,240,247,0.7360586203589742,0.9289872572104035,0.19292863685142936,1
60,842,falkor_to_mesoscope,1794,1992,317,219,0.7468469959487004,0.8736287856591086,0.1267817897104082,0
60,842,mesoscope_to_falkor,2239,1466,283,276,0.8689969446651951,0.8909714585529585,0.02197451388776339,1
60,843,falkor_to_mesoscope,1804,2365,336,263,0.8079132388472121,0.896398643035941,0.08848540418872886,0
60,843,mesoscope_to_falkor,2713,1934,318,129,0.7257916511735394,0.7225634173229356,-0.003228233850603779,1
60,844,falkor_to_mesoscope,1695,2268,160,325,0.7907283374531422,0.8888032863886758,0.09807494893553359,0
60,844,mesoscope_to_falkor,1929,2635,170,184,0.7319377459212197,0.8024096204902181,0.0704718745689984,1
60,845,falkor_to_mesoscope,1908,2354,288,251,0.8059129402672248,0.8922661780438333,0.08635323777660853,0
60,845,mesoscope_to_falkor,2331,1818,355,273,0.7611736351710784,0.8481924919892735,0.0870188568181951,1
60,846,falkor_to_mesoscope,1767,2459,230,288,0.8333518001601301,0.9239710286201348,0.0906192284600047,0
60,846,mesoscope_to_falkor,2247,1832,250,255,0.821216057507078,0.8669483589207274,0.04573230141364937,1
60,847,falkor_to_mesoscope,1562,2063,250,320,0.8272578861028616,0.9468525821694775,0.11959469606661599,0
60,847,mesoscope_to_falkor,2266,1429,320,289,0.8217449265545193,0.8312107127895593,0.009465786235040019,1
60,848,falkor_to_mesoscope,2064,2213,286,186,0.8404700970353283,0.8438372423407267,0.003367145305398389,0
60,848,mesoscope_to_falkor,2377,1881,266,177,0.7790226120791175,0.8768192740055244,0.0977966619264069,1
60,849,falkor_to_mesoscope,1556,2010,134,122,0.7991725255042724,0.7985437999502942,-0.0006287255539781933,0
60,849,mesoscope_to_falkor,1814,2309,220,247,0.7876783403031778,0.8932299366583967,0.10555159635521882,1
60,850,falkor_to_mesoscope,1584,2042,228,290,0.8316556821925425,0.9582102086501939,0.12655452645765142,0
60,850,mesoscope_to_falkor,2351,1847,282,313,0.8445929547618919,0.8913575884461961,0.04676463368430417,1
60,851,falkor_to_mesoscope,2200,1948,280,147,0.6727159330543098,0.8470716268955701,0.17435569384126037,0
60,851,mesoscope_to_falkor,1949,2056,239,304,0.813534409751746,0.8213242493395624,0.007789839587816427,1
60,852,falkor_to_mesoscope,1505,2321,154,407,0.853087880362995,0.9099831728458763,0.05689529248288128,0
60,852,mesoscope_to_falkor,2400,1403,344,263,0.8933211621452439,0.9200288597639983,0.026707697618754356,1
60,853,falkor_to_mesoscope,1380,2451,213,224,0.7604529080700304,0.6895966960898202,-0.0708562119802102,0
60,853,mesoscope_to_falkor,1894,1484,174,283,0.8447084146074372,0.9050687810296626,0.06036036642222542,1
60,854,falkor_to_mesoscope,1480,2096,240,314,0.7369910088445516,0.8806481770990476,0.14365716825449604,0
60,854,mesoscope_to_falkor,2103,1631,147,296,0.7977720177746012,0.8066848677578186,0.008912849983217397,1
60,855,falkor_to_mesoscope,2424,2366,239,292,0.8046447615197894,0.8959525248892247,0.09130776336943536,0
60,855,mesoscope_to_falkor,2339,1950,314,262,0.7968757375838273,0.9222688247866888,0.12539308720286146,1
60,856,falkor_to_mesoscope,2054,2403,205,359,0.8008904599111583,0.9314123735118964,0.13052191360073817,0
60,856,mesoscope_to_falkor,2123,2264,196,252,0.8179831256003005,0.8618521790390199,0.043869053438719385,1
60,857,falkor_to_mesoscope,1641,1978,264,302,0.8810499106907553,0.9675044639218633,0.08645455323110796,0
60,857,mesoscope_to_falkor,2466,1390,255,251,0.8096431168377587,0.8909596632124734,0.08131654637471475,1
60,858,falkor_to_mesoscope,1727,2274,215,330,0.7810303501140771,0.9008021608173403,0.11977181070326326,0
60,858,mesoscope_to_falkor,2491,2082,96,184,0.7244592279010222,0.8646809231092031,0.14022169520818084,1
60,859,falkor_to_mesoscope,1417,1797,235,171,0.6314895758167671,0.8360684457214946,0.2045788699047275,0
60,859,mesoscope_to_falkor,2249,2051,235,206,0.8175833982173347,0.8996180698657833,0.08203467164844858,1
60,860,falkor_to_mesoscope,2256,1914,230,171,0.6811058028889038,0.8758796669207352,0.1947738640318314,0
60,860,mesoscope_to_falkor,2541,1845,299,285,0.809728494253705,0.8935896433310662,0.0838611490773612,1
60,861,falkor_to_mesoscope,1777,2374,229,256,0.815067604019498,0.8036081440879671,-0.011459459931530858,0
60,861,mesoscope_to_falkor,2054,1354,238,206,0.817926440118016,0.770466788266297,-0.047459651851718965,1
60,862,falkor_to_mesoscope,2151,1956,214,212,0.8046443339339425,0.9082882433443441,0.10364390941040158,0
60,862,mesoscope_to_falkor,2078,1411,281,236,0.8134562521536752,0.8314905687500083,0.018034316596333033,1
60,863,falkor_to_mesoscope,1389,1873,299,204,0.7576654796677402,0.8052352281400027,0.047569748472262474,0
60,863,mesoscope_to_falkor,1768,1765,212,176,0.7434955399916635,0.7874891522955716,0.04399361230390808,1
60,864,falkor_to_mesoscope,2028,2115,293,223,0.7604075254856667,0.9106937323137376,0.15028620682807092,0
60,864,mesoscope_to_falkor,2234,1485,384,186,0.8961179396081822,0.6785464213025757,-0.2175715183056065,1
60,865,falkor_to_mesoscope,1518,2328,191,292,0.7305916183649824,0.9251344577084152,0.19454283934343275,0
60,865,mesoscope_to_falkor,2365,1632,242,242,0.8629348768893027,0.8738504489723673,0.010915572083064595,1
60,866,falkor_to_mesoscope,1995,2009,286,253,0.7824899298386203,0.8714330820453604,0.0889431522067401,0
60,866,mesoscope_to_falkor,2744,1873,307,184,0.7354368611057452,0.6537852215104358,-0.08165163959530941,1
60,867,falkor_to_mesoscope,1692,2233,313,322,0.7622655495930983,0.8395834605240633,0.07731791093096496,0
60,867,mesoscope_to_falkor,2297,1723,263,263,0.8286195896307714,0.9373105330533837,0.10869094342261232,1
60,868,falkor_to_mesoscope,1757,1833,197,136,0.6771971806218596,0.7413345933333066,0.06413741271144702,0
60,868,mesoscope_to_falkor,2161,1817,345,275,0.7845855518835289,0.8901376365608906,0.10555208467736177,1
60,869,falkor_to_mesoscope,2342,2386,271,400,0.8170575115055222,0.9225638855890785,0.10550637408355634,0
60,869,mesoscope_to_falkor,2493,2153,293,293,0.838763753576362,0.929660874260498,0.09089712068413602,1
60,870,falkor_to_mesoscope,1621,1900,194,210,0.7612391300440454,0.8551110758747494,0.09387194583070402,0
60,870,mesoscope_to_falkor,2316,1415,387,191,0.7560452720963784,0.7154820224530044,-0.04056324964337399,1
60,871,falkor_to_mesoscope,1555,2498,232,370,0.8799356245083643,0.9147473625197079,0.03481173801134363,0
60,871,mesoscope_to_falkor,2273,1553,298,227,0.7564547913109854,0.7792577522459688,0.022802960934983463,1
60,872,falkor_to_mesoscope,1485,1990,195,211,0.8145715565068403,0.902964747076005,0.08839319056916473,0
60,872,mesoscope_to_falkor,2265,1984,318,228,0.8076693401713095,0.8600962089264333,0.05242686875512381,1
60,873,falkor_to_mesoscope,1851,2389,153,275,0.8044320222385367,0.8741194565430108,0.0696874343044741,0
60,873,mesoscope_to_falkor,2351,1672,257,234,0.7965349429782395,0.8940310052797311,0.09749606230149166,1
60,874,falkor_to_mesoscope,1956,1957,239,297,0.7913201412961587,0.9244757135967565,0.13315557230059782,0
60,874,mesoscope_to_falkor,2221,1483,229,264,0.8196324805847944,0.7529768236737179,-0.06665565691107656,1
60,875,falkor_to_mesoscope,1734,2362,314,205,0.7955959657113993,0.8991709950345581,0.10357502932315876,0
60,875,mesoscope_to_falkor,1820,1356,150,271,0.8896918079549433,0.9330918499472426,0.0434000419922993,1
60,876,falkor_to_mesoscope,1879,2054,168,231,0.8295219957486393,0.9077612122641799,0.07823921651554067,0
60,876,mesoscope_to_falkor,2230,1805,244,273,0.7832095809479265,0.8184982018373937,0.03528862088946727,1
60,877,falkor_to_mesoscope,2044,2249,205,231,0.7951105680478772,0.9060143417193155,0.11090377367143833,0
60,877,mesoscope_to_falkor,1981,1988,232,191,0.7621519981072177,0.8821398881694772,0.11998789006225952,1
60,878,falkor_to_mesoscope,1632,2214,218,215,0.7855343169606935,0.8945323082750084,0.10899799131431487,0
60,878,mesoscope_to_falkor,2197,1510,229,208,0.8076174720936581,0.837251804629024,0.02963433253536596,1
60,879,falkor_to_mesoscope,1611,2376,277,240,0.8624253076460877,0.8709522911139912,0.008526983467903482,0
60,879,mesoscope_to_falkor,2255,1939,216,298,0.8293948985376997,0.9325463907542906,0.10315149221659092,1
60,880,falkor_to_mesoscope,1616,2461,327,399,0.804988693200054,0.9350276565330425,0.1300389633329886,0
60,880,mesoscope_to_falkor,2344,2062,220,337,0.811611705719629,0.766231542486793,-0.045380163232836,1
60,881,falkor_to_mesoscope,1280,2129,178,328,0.7841583893515017,0.8559874412381965,0.07182905188669475,0
60,881,mesoscope_to_falkor,2064,1544,237,274,0.8419555287300804,0.8948840017970651,0.05292847306698467,1
60,882,falkor_to_mesoscope,1357,1990,230,198,0.777320855250216,0.8247307259279866,0.04740987067777058,0
60,882,mesoscope_to_falkor,2359,1439,355,232,0.8466365817955236,0.8341602165175745,-0.012476365277949042,1
60,883,falkor_to_mesoscope,1946,2012,377,185,0.7065865877894119,0.8290272157437808,0.12244062795436894,0
60,883,mesoscope_to_falkor,2062,1323,283,213,0.929989854273113,0.9172404800688556,-0.012749374204257369,1
60,884,falkor_to_mesoscope,1524,1920,217,77,0.7815729239756636,0.6229833947996183,-0.1585895291760453,0
60,884,mesoscope_to_falkor,1872,1974,152,182,0.8398755812383346,0.8645749310806955,0.024699349842360885,1
60,885,falkor_to_mesoscope,1293,2233,168,245,0.800331119678642,0.7576807975811515,-0.042650322097490534,0
60,885,mesoscope_to_falkor,2193,1304,329,177,0.8056048190375197,0.8081868775579413,0.002582058520421593,1
60,886,falkor_to_mesoscope,2002,2123,199,305,0.8515082526580516,0.8989711222418938,0.04746286958384216,0
60,886,mesoscope_to_falkor,2357,1963,315,177,0.7350615364694851,0.670617855851476,-0.06444368061800909,1
60,887,falkor_to_mesoscope,1661,2745,311,305,0.803835205928765,0.9511564621738848,0.14732125624511982,0
60,887,mesoscope_to_falkor,2217,2620,232,315,0.7834805481854374,0.8310574455755677,0.04757689739013027,1
60,888,falkor_to_mesoscope,1366,2225,223,215,0.800242363433185,0.8683030300483496,0.06806066661516463,0
60,888,mesoscope_to_falkor,2558,2156,336,250,0.7790562205585492,0.8751615186269167,0.09610529806836754,1
60,889,falkor_to_mesoscope,1516,1846,344,185,0.7950197722761517,0.8605077609613329,0.06548798868518113,0
60,889,mesoscope_to_falkor,2009,1492,356,291,0.8924169695115104,0.9061054337609821,0.013688464249471677,1
60,890,falkor_to_mesoscope,1432,2523,209,268,0.7080587940087844,0.8486549502543683,0.14059615624558397,0
60,890,mesoscope_to_falkor,1944,1682,116,159,0.7168789797442721,0.7893776491680156,0.0724986694237435,1
60,891,falkor_to_mesoscope,1388,2179,248,202,0.6908710525650719,0.6200459764420799,-0.07082507612299194,0
60,891,mesoscope_to_falkor,2055,1580,202,241,0.7613635175200199,0.6214531943951261,-0.1399103231248937,1
60,892,falkor_to_mesoscope,1606,2299,152,303,0.7772257234356419,0.8709815777413116,0.09375585430566968,0
60,892,mesoscope_to_falkor,1890,2151,212,310,0.8625863244651291,0.888796633186334,0.02621030872120489,1
60,893,falkor_to_mesoscope,2558,2413,220,252,0.8004401668104739,0.8800082025024681,0.07956803569199422,0
60,893,mesoscope_to_falkor,2156,1994,370,189,0.7919890071346967,0.874968756393821,0.08297974925912432,1
60,894,falkor_to_mesoscope,1634,2409,250,319,0.8673815490091811,0.9361168281481421,0.06873527913896105,0
60,894,mesoscope_to_falkor,2585,2555,177,314,0.7936319775529802,0.7882777911273533,-0.005354186425626906,1
60,895,falkor_to_mesoscope,2101,2440,260,337,0.8322325176514281,0.9536560871186948,0.12142356946726662,0
60,895,mesoscope_to_falkor,1936,1807,288,266,0.7932365174351791,0.8919500358027324,0.09871351836755327,1
60,896,falkor_to_mesoscope,1625,2377,217,324,0.698907841256584,0.8853175786290315,0.18640973737244748,0
60,896,mesoscope_to_falkor,2350,1744,259,210,0.7821706652041265,0.8580374290544016,0.07586676385027513,1
60,897,falkor_to_mesoscope,1502,2636,314,261,0.7335477386685555,0.8256864055976051,0.0921386669290496,0
60,897,mesoscope_to_falkor,2401,1338,271,242,0.7408281649082316,0.9071204301650266,0.16629226525679508,1
60,898,falkor_to_mesoscope,1673,2263,226,201,0.806839211841071,0.8500126474635248,0.04317343562245379,0
60,898,mesoscope_to_falkor,2438,2009,302,157,0.8142225867953529,0.7903333069568698,-0.023889279838483102,1
60,899,falkor_to_mesoscope,2164,2070,339,232,0.7339459762398038,0.8311041742698799,0.09715819803007608,0
60,899,mesoscope_to_falkor,2208,2007,203,210,0.809860562092922,0.7849481500252039,-0.024912412067718104,1
60,900,falkor_to_mesoscope,1814,2159,232,236,0.7782761455192283,0.9104009876777495,0.13212484215852116,0
60,900,mesoscope_to_falkor,2030,1739,274,288,0.8340975299387896,0.8788373582784761,0.04473982833968648,1
60,901,falkor_to_mesoscope,1718,1905,211,185,0.7223070411574072,0.834183300745488,0.11187625958808078,0
60,901,mesoscope_to_falkor,1967,1827,263,273,0.8457019618527934,0.8765299644943018,0.030828002641508312,1
60,902,falkor_to_mesoscope,1806,1830,210,167,0.741696175155918,0.8434785271666061,0.10178235201068808,0
60,902,mesoscope_to_falkor,2314,2313,288,217,0.7773321597928826,0.8777152187120592,0.10038305891917654,1
60,903,falkor_to_mesoscope,1761,1827,164,156,0.781988719878515,0.8411844489845759,0.05919572910606086,0
60,903,mesoscope_to_falkor,2279,2418,248,229,0.8339712695914143,0.9305589320124418,0.09658766242102745,1
60,904,falkor_to_mesoscope,2018,2319,248,249,0.777205234964582,0.8068957089411051,0.029690473976523024,0
60,904,mesoscope_to_falkor,2058,1891,269,142,0.7375312556426007,0.7514146614665194,0.01388340582391867,1
60,905,falkor_to_mesoscope,1665,1956,218,140,0.6662216740744457,0.6731750751032599,0.0069534010288142545,0
60,905,mesoscope_to_falkor,2325,1844,300,372,0.8667172553862349,0.9145863371820698,0.047869081795834934,1
60,906,falkor_to_mesoscope,1338,2146,209,221,0.8017370471131091,0.8654202522354438,0.06368320512233472,0
60,906,mesoscope_to_falkor,2278,2578,269,274,0.7514681958436153,0.8127851557242084,0.06131695988059305,1
60,907,falkor_to_mesoscope,1935,1937,281,171,0.7980021064909761,0.9105490294744705,0.11254692298349434,0
60,907,mesoscope_to_falkor,2329,1872,274,277,0.844611133153853,0.8797640349632599,0.03515290180940689,1
60,908,falkor_to_mesoscope,2308,2101,239,335,0.8044507065706107,0.8771261839790992,0.07267547740848856,0
60,908,mesoscope_to_falkor,2244,2114,295,187,0.6964512689453848,0.6991255100769987,0.0026742411316139636,1
60,909,falkor_to_mesoscope,1899,2327,214,142,0.7795222946882567,0.8498381965623123,0.07031590187405556,0
60,909,mesoscope_to_falkor,2293,2195,192,309,0.7885831812095252,0.8035506283388514,0.014967447129326183,1
60,910,falkor_to_mesoscope,1503,2096,286,251,0.7435028823727068,0.8901151599597399,0.1466122775870331,0
60,910,mesoscope_to_falkor,2311,1260,173,165,0.7400751811942303,0.7824289296236835,0.042353748429453164,1
60,911,falkor_to_mesoscope,1894,1796,253,142,0.6039262043528664,0.8564254795523495,0.2524992751994831,0
60,911,mesoscope_to_falkor,2183,1941,207,194,0.7500475105353624,0.764251717623406,0.014204207088043597,1
60,912,falkor_to_mesoscope,1554,2164,287,283,0.7836603365784935,0.8857416368535683,0.10208130027507478,0
60,912,mesoscope_to_falkor,2295,1951,418,272,0.8266444333768775,0.8761875978461467,0.04954316446926921,1
60,913,falkor_to_mesoscope,2901,2097,242,168,0.6987317611379692,0.8385376354295557,0.13980587429158653,0
60,913,mesoscope_to_falkor,2160,1391,199,168,0.8244243775930586,0.7792293488921459,-0.04519502870091274,1
60,914,falkor_to_mesoscope,1489,2070,325,194,0.6897853945307397,0.8271680593921877,0.137382664861448,0
60,914,mesoscope_to_falkor,1989,1427,174,192,0.7531117750580465,0.8141262764468041,0.061014501388757636,1
60,915,falkor_to_mesoscope,1757,2266,190,293,0.7095980078086783,0.8780289211630725,0.1684309133543942,0
60,915,mesoscope_to_falkor,2301,1474,236,279,0.8108661277073922,0.8799304130229216,0.06906428531552944,1
60,916,falkor_to_mesoscope,1615,1817,222,201,0.6719598311436306,0.8008066448204618,0.12884681367683126,0
60,916,mesoscope_to_falkor,2519,1998,333,306,0.811664153105424,0.9232993539629588,0.11163520085753487,1
60,917,falkor_to_mesoscope,1859,2044,255,145,0.6467164117618454,0.8362615457317144,0.18954513396986905,0
60,917,mesoscope_to_falkor,2415,1650,336,307,0.849391645339515,0.8314407737530997,-0.017950871586415285,1
60,918,falkor_to_mesoscope,1711,2545,221,242,0.7885400569208108,0.8823361155263513,0.09379605860554052,0
60,918,mesoscope_to_falkor,1969,1810,298,174,0.8073211610845789,0.8016163584286239,-0.005704802655954966,1
60,919,falkor_to_mesoscope,2292,2596,249,476,0.8216608327197804,0.891566608463996,0.06990577574421564,0
60,919,mesoscope_to_falkor,1905,2199,241,304,0.7520562331954226,0.8786795793187719,0.12662334612334936,1
60,920,falkor_to_mesoscope,2678,2192,189,286,0.7781260976212171,0.9439386813785572,0.1658125837573401,0
60,920,mesoscope_to_falkor,2246,1571,289,176,0.8228159205348715,0.8017386617229433,-0.021077258811928234,1
60,921,falkor_to_mesoscope,2170,2309,195,304,0.7804909668325339,0.941669424186502,0.16117845735396807,0
60,921,mesoscope_to_falkor,2392,1374,221,199,0.8638610128704426,0.8248581798319036,-0.03900283303853902,1
60,922,falkor_to_mesoscope,2019,2109,215,282,0.8114432269837214,0.8520952920954226,0.04065206511170116,0
60,922,mesoscope_to_falkor,2006,1873,203,163,0.694785796226758,0.8216583504929179,0.12687255426615995,1
60,923,falkor_to_mesoscope,1438,2322,252,204,0.8156153210022601,0.8457962539114671,0.03018093290920698,0
60,923,mesoscope_to_falkor,2250,1877,387,250,0.755094444469827,0.8817398028320823,0.12664535836225532,1
60,924,falkor_to_mesoscope,1677,2546,280,271,0.7589151379656027,0.8310215090640676,0.07210637109846485,0
60,924,mesoscope_to_falkor,1867,1499,268,227,0.7729212392290551,0.8439352868852985,0.07101404765624342,1
60,925,falkor_to_mesoscope,1811,2337,200,369,0.8316413950361579,0.9162674428471314,0.08462604781097349,0
60,925,mesoscope_to_falkor,1859,1653,194,302,0.8651748579115972,0.8863099137551061,0.021135055843508943,1
60,926,falkor_to_mesoscope,1808,1957,271,136,0.7194450395154939,0.8340536174098057,0.11460857789431178,0
60,926,mesoscope_to_falkor,2292,1598,360,253,0.8545338265383864,0.8996882188764646,0.045154392338078164,1
60,927,falkor_to_mesoscope,1733,2196,224,280,0.8207112352955614,0.913829716444766,0.09311848114920451,0
60,927,mesoscope_to_falkor,2115,2771,271,274,0.7537932253236781,0.8731927477079363,0.11939952238425822,1
60,928,falkor_to_mesoscope,1547,1971,178,171,0.7807874667689654,0.9092023712986225,0.1284149045296571,0
60,928,mesoscope_to_falkor,2212,2417,218,182,0.7563110872961115,0.8865890006022621,0.13027791330615057,1
60,929,falkor_to_mesoscope,1748,2304,171,286,0.6836451045750418,0.9174761805049673,0.23383107592992547,0
60,929,mesoscope_to_falkor,2440,1737,340,267,0.798985655533175,0.8101991530781598,0.011213497544984796,1
60,930,falkor_to_mesoscope,1751,2016,292,315,0.7604475990174107,0.9342215798697068,0.17377398085229612,0
60,930,mesoscope_to_falkor,2161,1575,280,294,0.7899745362072309,0.8437526536640598,0.05377811745682892,1
60,931,falkor_to_mesoscope,2455,1689,311,130,0.8559987778423604,0.8416540916436684,-0.014344686198692003,0
60,931,mesoscope_to_falkor,2386,1641,258,189,0.7393772428069492,0.8235799188385289,0.08420267603157972,1
60,932,falkor_to_mesoscope,1887,1805,386,209,0.7155096680467895,0.9233474448413143,0.20783777679452475,0
60,932,mesoscope_to_falkor,2551,1835,190,299,0.7659228827409129,0.8492966795057828,0.08337379676486989,1
60,933,falkor_to_mesoscope,2108,2171,226,305,0.7809466648988475,0.8932283838752619,0.11228171897641448,0
60,933,mesoscope_to_falkor,2243,1953,244,284,0.7873287218886652,0.7916358633038278,0.004307141415162641,1
60,934,falkor_to_mesoscope,1626,2167,300,194,0.7691705018823629,0.8568285191760755,0.08765801729371259,0
60,934,mesoscope_to_falkor,2325,1908,235,212,0.7971406177829486,0.7839301888122588,-0.013210428970689803,1
60,935,falkor_to_mesoscope,2252,2125,315,192,0.8176872019622842,0.9031096707756774,0.08542246881339322,0
60,935,mesoscope_to_falkor,2167,1478,213,294,0.8759409854091813,0.9177701541579499,0.04182916874876863,1
60,936,falkor_to_mesoscope,1754,1966,302,281,0.7811656767545121,0.9632536957666029,0.18208801901209082,0
60,936,mesoscope_to_falkor,1781,2456,271,233,0.7783370897236099,0.8475643378211855,0.06922724809757552,1
60,937,falkor_to_mesoscope,1942,1989,175,210,0.8474130926823089,0.7757668259679456,-0.07164626671436336,0
60,937,mesoscope_to_falkor,2442,2066,306,255,0.754559234189796,0.8656752657147497,0.11111603152495375,1
60,938,falkor_to_mesoscope,1551,1892,238,211,0.7551168669492964,0.859473980985089,0.10435711403579262,0
60,938,mesoscope_to_falkor,1939,1858,293,287,0.868104166528741,0.8056027267691893,-0.06250143975955169,1
60,939,falkor_to_mesoscope,2120,2360,195,325,0.8567044633637025,0.9306955702727416,0.0739911069090391,0
60,939,mesoscope_to_falkor,2730,1639,367,274,0.7952619434128066,0.888118527756228,0.09285658434342137,1
60,940,falkor_to_mesoscope,2097,2290,222,281,0.7691464326911354,0.8523176264449607,0.08317119375382531,0
60,940,mesoscope_to_falkor,2220,1861,216,179,0.8360491682113578,0.9229283092783453,0.08687914106698758,1
60,941,falkor_to_mesoscope,1523,1700,326,128,0.8610110148827766,0.8551388234537672,-0.00587219142900941,0
60,941,mesoscope_to_falkor,2617,1621,247,258,0.8828053918873787,0.8704750535759069,-0.012330338311471789,1
60,942,falkor_to_mesoscope,1358,1523,185,140,0.6759222813404121,0.8363157879985381,0.16039350665812602,0
60,942,mesoscope_to_falkor,1943,1545,203,272,0.8365583025413025,0.7205211210014112,-0.11603718153989129,1
60,943,falkor_to_mesoscope,2029,2375,223,209,0.7158217485322274,0.8749497561346617,0.1591280076024344,0
60,943,mesoscope_to_falkor,2263,2310,278,198,0.7710552322645177,0.8823460712399953,0.11129083897547765,1
60,944,falkor_to_mesoscope,1654,2337,328,364,0.8294832447524614,0.9322260165741615,0.10274277182170011,0
60,944,mesoscope_to_falkor,1795,1526,115,306,0.8685280835304678,0.8785842277533072,0.010056144222839403,1
60,945,falkor_to_mesoscope,1412,1973,296,252,0.8777877760342453,0.8937570776741043,0.01596930163985899,0
60,945,mesoscope_to_falkor,2344,2004,338,218,0.8178605346455502,0.9003041390818404,0.08244360443629017,1
60,946,falkor_to_mesoscope,1741,2404,208,241,0.719256007785864,0.8594847697730651,0.14022876198720113,0
60,946,mesoscope_to_falkor,2123,1565,180,263,0.8789964362657134,0.8727543696082727,-0.006242066657440759,1
60,947,falkor_to_mesoscope,2195,1907,267,64,0.6621329468805558,0.6320624582228029,-0.03007048865775286,0
60,947,mesoscope_to_falkor,2216,1557,301,232,0.8037697277102628,0.8641590832415599,0.060389355531297095,1
60,948,falkor_to_mesoscope,1764,2003,266,205,0.6876256592236858,0.854565911219065,0.1669402519953792,0
60,948,mesoscope_to_falkor,2306,2201,214,230,0.7744011045918346,0.8425148241504422,0.06811371955860757,1
60,949,falkor_to_mesoscope,1818,2389,162,247,0.7203733523777006,0.8982223603717824,0.17784900799408176,0
60,949,mesoscope_to_falkor,2496,2099,351,323,0.7647205697861045,0.8393784965591522,0.07465792677304772,1
60,950,falkor_to_mesoscope,1837,2128,195,144,0.7423316263221361,0.7707550565112977,0.028423430189161603,0
60,950,mesoscope_to_falkor,2589,1837,235,287,0.8005604645082185,0.819016229183105,0.01845576467488652,1
60,951,falkor_to_mesoscope,1975,1966,335,216,0.8571722580324319,0.9446300425940237,0.08745778456159181,0
60,951,mesoscope_to_falkor,2255,2274,304,242,0.8087851626918497,0.7857969304449987,-0.022988232246851092,1
60,952,falkor_to_mesoscope,1816,1914,305,274,0.7996197681970644,0.9569083974327909,0.1572886292357265,0
60,952,mesoscope_to_falkor,2248,2008,442,271,0.8766434005453747,0.8362566982143751,-0.04038670233099961,1
60,953,falkor_to_mesoscope,1758,2251,254,266,0.7510288085978156,0.8177851977930108,0.06675638919519522,0
60,953,mesoscope_to_falkor,2007,1950,253,242,0.7805992785096714,0.9025933025135491,0.12199402400387771,1
60,954,falkor_to_mesoscope,1388,1894,202,195,0.6826307970715827,0.8483959801158656,0.1657651830442829,0
60,954,mesoscope_to_falkor,2007,1574,336,183,0.750044813676635,0.9011105239364708,0.15106571025983584,1
60,955,falkor_to_mesoscope,1851,2451,219,220,0.7247341600275975,0.8877414104210843,0.16300725039348685,0
60,955,mesoscope_to_falkor,2588,1430,356,272,0.8516318660257345,0.8920787354738585,0.040446869448124034,1
60,956,falkor_to_mesoscope,1904,2474,185,250,0.8604142571102029,0.8693085593199873,0.008894302209784377,0
60,956,mesoscope_to_falkor,2058,1566,149,255,0.7542628564445181,0.8338360874968022,0.07957323105228409,1
60,957,falkor_to_mesoscope,1889,2044,196,328,0.8105559714208123,0.8844603609860494,0.07390438956523715,0
60,957,mesoscope_to_falkor,1889,1616,268,369,0.832881454280154,0.8954440057368238,0.06256255145666978,1
60,958,falkor_to_mesoscope,2022,2233,212,251,0.7664505455266453,0.8842294851277388,0.11777893960109354,0
60,958,mesoscope_to_falkor,2371,1601,259,254,0.8402606848129801,0.9025787147861658,0.062318029973185696,1
60,959,falkor_to_mesoscope,1770,2009,279,100,0.5402259843774282,0.5717475057263555,0.03152152134892727,0
60,959,mesoscope_to_falkor,1961,1826,242,276,0.8600961784226373,0.845351743841428,-0.014744434581209331,1
60,960,falkor_to_mesoscope,1890,2169,247,153,0.7029502478739776,0.7971068424622487,0.09415659458827108,0
60,960,mesoscope_to_falkor,2373,1748,388,240,0.884914708108818,0.7510019754521111,-0.1339127326567069,1
60,961,falkor_to_mesoscope,2110,2175,277,241,0.7825159675653701,0.888574893573894,0.10605892600852385,0
60,961,mesoscope_to_falkor,2137,1682,328,156,0.6874428086186557,0.8457874702722649,0.15834466165360916,1
60,962,falkor_to_mesoscope,1906,2335,343,197,0.6162531515627436,0.7390732414696466,0.12282008990690296,0
60,962,mesoscope_to_falkor,2441,1633,295,339,0.8126921369098836,0.8542279245258287,0.04153578761594512,1
60,963,falkor_to_mesoscope,1765,1893,270,199,0.8311529919269938,0.8567372099266101,0.0255842179996163,0
60,963,mesoscope_to_falkor,2307,2071,267,187,0.7939181681183083,0.782787059072811,-0.0111311090454973,1
60,964,falkor_to_mesoscope,1538,2171,325,274,0.788127833468921,0.9199539846642654,0.13182615119534435,0
60,964,mesoscope_to_falkor,2146,1752,330,263,0.7949494894019609,0.8779700997681322,0.08302061036617137,1
60,965,falkor_to_mesoscope,1670,1981,270,258,0.7911861072207437,0.8669358414994388,0.07574973427869514,0
60,965,mesoscope_to_falkor,2368,1779,299,289,0.7906642028349673,0.7902668705437269,-0.00039733229124039315,1
60,966,falkor_to_mesoscope,2157,1953,233,245,0.8223081088277175,0.9141707384032364,0.09186262957551883,0
60,966,mesoscope_to_falkor,1942,2149,190,177,0.7755041710793277,0.8486940251927477,0.07318985411342005,1
60,967,falkor_to_mesoscope,1679,2388,320,336,0.7726840480720071,0.9359214388948454,0.16323739082283828,0
60,967,mesoscope_to_falkor,1786,1712,229,325,0.8331361461921492,0.900915088773538,0.06777894258138883,1
60,968,falkor_to_mesoscope,1558,1933,270,139,0.7238374822365476,0.7881633663467142,0.0643258841101666,0
60,968,mesoscope_to_falkor,2083,1429,207,235,0.7497809800239401,0.9174200544217468,0.16763907439780668,1
60,969,falkor_to_mesoscope,2050,1799,182,237,0.7601951304812459,0.8489503365718835,0.08875520609063758,0
60,969,mesoscope_to_falkor,2048,1662,194,302,0.8425759711350795,0.855791497384781,0.01321552624970146,1
60,970,falkor_to_mesoscope,1713,2042,284,267,0.7767916106600753,0.886700894413322,0.10990928375324671,0
60,970,mesoscope_to_falkor,2775,1783,389,243,0.8618902232756136,0.8532911809319209,-0.008599042343692687,1
60,971,falkor_to_mesoscope,1879,2571,236,213,0.7148999705722879,0.8221230016508062,0.10722303107851827,0
60,971,mesoscope_to_falkor,2188,1558,232,191,0.7485114031827453,0.9032580717356911,0.15474666855294572,1
60,972,falkor_to_mesoscope,1812,2158,180,291,0.778872625056976,0.9106402516265664,0.1317676265695904,0
60,972,mesoscope_to_falkor,2289,2085,355,273,0.8032436540730109,0.8927144625036828,0.0894708084306719,1
60,973,falkor_to_mesoscope,1811,1970,207,265,0.8057419526659402,0.927314156965681,0.1215722042997408,0
60,973,mesoscope_to_falkor,2234,1657,275,167,0.7224999618235147,0.8612179228642027,0.138717961040688,1
60,974,falkor_to_mesoscope,1823,2400,362,282,0.819807924023122,0.8730509249935725,0.05324300097045054,0
60,974,mesoscope_to_falkor,2810,1332,423,164,0.7426605782945324,0.9308258050716132,0.1881652267770808,1
60,975,falkor_to_mesoscope,1608,2102,299,210,0.7037516982023355,0.7572153783681227,0.053463680165787175,0
60,975,mesoscope_to_falkor,1673,1627,143,300,0.8137683980427572,0.8308857574324411,0.01711735938968384,1
60,976,falkor_to_mesoscope,1990,2154,390,204,0.7350587644546412,0.9412932234403492,0.2062344589857079,0
60,976,mesoscope_to_falkor,1832,2041,168,189,0.6919448182887912,0.7083978341280586,0.016453015839267393,1
60,977,falkor_to_mesoscope,1531,2005,175,234,0.7704409885885897,0.8880442740726333,0.11760328548404364,0
60,977,mesoscope_to_falkor,2471,1407,330,311,0.8272980982679872,0.8744092579005142,0.04711115963252699,1
60,978,falkor_to_mesoscope,2408,2483,205,208,0.7113279570024451,0.802526345345313,0.09119838834286786,0
60,978,mesoscope_to_falkor,1866,1415,136,208,0.7081494957254558,0.7979939432406011,0.08984444751514531,1
60,979,falkor_to_mesoscope,1977,1859,195,231,0.8886764484689816,0.8403194019286061,-0.04835704654037554,0
60,979,mesoscope_to_falkor,1833,2166,192,261,0.7724482176979308,0.8937672788035885,0.12131906110565771,1
60,980,falkor_to_mesoscope,1623,2031,256,206,0.7546050940274361,0.9181653071801784,0.16356021315274227,0
60,980,mesoscope_to_falkor,1993,2397,241,252,0.7790196659385643,0.8806453207545616,0.10162565481599728,1
60,981,falkor_to_mesoscope,2250,2515,278,258,0.828734060434732,0.9296867006017484,0.10095264016701644,0
60,981,mesoscope_to_falkor,2271,1749,347,387,0.8539507146314703,0.8623599522170753,0.008409237585604967,1
60,982,falkor_to_mesoscope,1725,2231,138,218,0.7125194912387324,0.8585267664869836,0.1460072752482512,0
60,982,mesoscope_to_falkor,1663,1654,215,284,0.8485279954132596,0.859957703531583,0.011429708118323334,1
60,983,falkor_to_mesoscope,1664,2273,326,269,0.7320714035782104,0.8767094913700103,0.14463808779179987,0
60,983,mesoscope_to_falkor,1976,2045,240,277,0.7930785585329754,0.825579735081811,0.032501176548835664,1
60,984,falkor_to_mesoscope,1479,2311,217,186,0.7408944069900941,0.8685763606703004,0.1276819536802063,0
60,984,mesoscope_to_falkor,2122,1659,297,244,0.8290935778717716,0.8818128850687672,0.05271930719699558,1
60,985,falkor_to_mesoscope,2206,2155,117,340,0.8858034003206267,0.931601635168158,0.045798234847531316,0
60,985,mesoscope_to_falkor,2273,1875,215,225,0.8204617877377571,0.8403156259317498,0.019853838193992668,1
60,986,falkor_to_mesoscope,1934,2386,218,354,0.7453333205969717,0.9017568520447854,0.15642353144781374,0
60,986,mesoscope_to_falkor,1684,1529,156,245,0.8292307499711011,0.7805754233568569,-0.04865532661424421,1
60,987,falkor_to_mesoscope,1695,1977,342,159,0.8438453041645089,0.9344292346414302,0.09058393047692137,0
60,987,mesoscope_to_falkor,2365,1849,339,276,0.7919520343220126,0.8221159579660825,0.030163923644069945,1
60,988,falkor_to_mesoscope,2283,2326,258,280,0.7926159890696747,0.9461462149390625,0.1535302258693878,0
60,988,mesoscope_to_falkor,2555,2385,381,228,0.7567910731313242,0.8180597308066766,0.06126865767535239,1
60,989,falkor_to_mesoscope,1997,2190,252,242,0.8372467669278579,0.929203836057112,0.09195706912925405,0
60,989,mesoscope_to_falkor,1949,1539,153,304,0.8303648608600599,0.9037046560837821,0.07333979522372225,1
60,990,falkor_to_mesoscope,2424,2359,309,327,0.8428404857278966,0.9089284780352017,0.06608799230730511,0
60,990,mesoscope_to_falkor,1674,2169,123,221,0.7792348903239281,0.6721292525593467,-0.10710563776458137,1
60,991,falkor_to_mesoscope,1865,2164,323,146,0.6239359397618466,0.817099987031196,0.19316404726934944,0
60,991,mesoscope_to_falkor,2018,1827,223,285,0.7934390347322213,0.9180997526517686,0.12466071791954725,1
60,992,falkor_to_mesoscope,1564,2080,248,216,0.7544821048130972,0.8158882330283896,0.061406128215292455,0
60,992,mesoscope_to_falkor,2169,2086,250,256,0.7904917070310673,0.8831288142312802,0.0926371072002129,1
60,993,falkor_to_mesoscope,2348,2201,275,308,0.8521941075309614,0.864745974060661,0.01255186652969964,0
60,993,mesoscope_to_falkor,1927,1426,178,246,0.7983001695915574,0.8584147681892242,0.06011459859766688,1
60,994,falkor_to_mesoscope,1781,2054,266,268,0.7221886076034791,0.9250464064467141,0.20285779884323496,0
60,994,mesoscope_to_falkor,1861,1682,187,183,0.7548408120445947,0.7105983782488743,-0.04424243379572046,1
60,995,falkor_to_mesoscope,2011,2192,194,205,0.8176257797878539,0.8343420670552821,0.016716287267428243,0
60,995,mesoscope_to_falkor,2050,1943,282,204,0.7989781010251952,0.5989828424026685,-0.19999525862252665,1
60,996,falkor_to_mesoscope,1639,2057,290,202,0.8078976345699056,0.9324362072328397,0.12453857266293411,0
60,996,mesoscope_to_falkor,2303,1673,154,166,0.7477106916249359,0.8332482881692956,0.08553759654435977,1
60,997,falkor_to_mesoscope,2060,2260,288,264,0.8279409269003428,0.9045559130095074,0.07661498610916462,0
60,997,mesoscope_to_falkor,2058,1546,243,157,0.8094475431935929,0.9302503960064271,0.1208028528128342,1
60,998,falkor_to_mesoscope,1219,2384,162,242,0.7484362746990191,0.854121073945896,0.1056847992468769,0
60,998,mesoscope_to_falkor,2250,2297,191,165,0.7210567392785736,0.8038546775526185,0.08279793827404491,1
60,999,falkor_to_mesoscope,1640,1864,342,173,0.693795730013306,0.860069302934419,0.166273572921113,0
60,999,mesoscope_to_falkor,2430,2116,257,286,0.8253388914026777,0.8718319363270857,0.04649304492440798,1
120,0,falkor_to_mesoscope,2134,2242,175,361,0.808949961500603,0.886851864556799,0.07790190305619593,0
120,0,mesoscope_to_falkor,2350,2148,239,382,0.8457451810146874,0.9104030431401997,0.06465786212551228,1
120,1,falkor_to_mesoscope,1674,2443,197,371,0.7991327996696583,0.9453660836268843,0.146233283957226,0
120,1,mesoscope_to_falkor,2322,2467,250,202,0.685596778798151,0.7881881656077783,0.10259138680962732,1
120,2,falkor_to_mesoscope,1817,1912,273,174,0.8942355783194866,0.9465536698387701,0.05231809151928346,0
120,2,mesoscope_to_falkor,2394,1989,112,222,0.814318363043053,0.842430015142682,0.02811165209962896,1
120,3,falkor_to_mesoscope,1901,2343,263,329,0.836603285184205,0.9533427543756349,0.11673946919142986,0
120,3,mesoscope_to_falkor,2179,1987,207,291,0.7662737206342343,0.8433866562979235,0.07711293566368926,1
120,4,falkor_to_mesoscope,1654,2257,249,296,0.7050908918825597,0.8479292447923337,0.14283835290977398,0
120,4,mesoscope_to_falkor,2712,1841,366,223,0.8110514725809435,0.8927067469348524,0.08165527435390896,1
120,5,falkor_to_mesoscope,1272,2166,183,357,0.8129428280361709,0.928996594580353,0.11605376654418209,0
120,5,mesoscope_to_falkor,2476,1704,426,285,0.8741826743106532,0.8995365954726035,0.025353921161950232,1
120,6,falkor_to_mesoscope,1544,2417,232,354,0.7020339669667848,0.896037683713169,0.19400371674638428,0
120,6,mesoscope_to_falkor,2097,1548,208,229,0.8159329160012753,0.8924439305576815,0.07651101455640619,1
120,7,falkor_to_mesoscope,2073,1894,266,181,0.708315828926036,0.8505961142091049,0.1422802852830689,0
120,7,mesoscope_to_falkor,2535,1968,421,184,0.7508528712381507,0.8708237551702167,0.11997088393206601,1
120,8,falkor_to_mesoscope,1920,2028,179,316,0.7785567057217243,0.9393821646544384,0.16082545893271405,0
120,8,mesoscope_to_falkor,2267,2269,132,165,0.6828300505837657,0.7090691684714353,0.02623911788766964,1
120,9,falkor_to_mesoscope,1779,2116,238,253,0.7272313291040247,0.9233769619670177,0.19614563286299302,0
120,9,mesoscope_to_falkor,2319,1770,261,255,0.8424961895718621,0.9095374765373946,0.06704128696553247,1
120,10,falkor_to_mesoscope,1607,2251,221,283,0.8254055700651937,0.9193082178733587,0.09390264780816504,0
120,10,mesoscope_to_falkor,2282,2125,222,373,0.8157209898969044,0.9000897871934678,0.08436879729656332,1
120,11,falkor_to_mesoscope,1392,1901,229,206,0.699822887753885,0.8339870348822636,0.13416414712837854,0
120,11,mesoscope_to_falkor,2296,2065,185,195,0.7877571454201651,0.859080103216996,0.07132295779683095,1
120,12,falkor_to_mesoscope,2471,1754,227,203,0.6525572146626366,0.8541603274148729,0.2016031127522363,0
120,12,mesoscope_to_falkor,2121,1341,245,229,0.8483195531427219,0.9487260247206204,0.1004064715778985,1
120,13,falkor_to_mesoscope,2027,2063,62,181,0.7000989057944427,0.8208102723312791,0.12071136653683645,0
120,13,mesoscope_to_falkor,1511,1895,163,379,0.8266183222081332,0.8715925810645994,0.04497425885646611,1
120,14,falkor_to_mesoscope,1410,1831,314,200,0.7699395021063672,0.8908189612653262,0.12087945915895904,0
120,14,mesoscope_to_falkor,1855,1494,107,183,0.7107055784859138,0.8015190148148167,0.09081343632890293,1
120,15,falkor_to_mesoscope,1830,2495,295,261,0.7724992998276246,0.8024342500566591,0.029934950229034585,0
120,15,mesoscope_to_falkor,1908,1714,273,189,0.7399972533745062,0.8311434844762381,0.09114623110173192,1
120,16,falkor_to_mesoscope,1783,1994,224,153,0.8220325593816443,0.8364527639962501,0.014420204614605803,0
120,16,mesoscope_to_falkor,1741,1957,159,137,0.780745669873637,0.8677282342900189,0.08698256441638186,1
120,17,falkor_to_mesoscope,2116,1845,165,160,0.6630035086767055,0.7534022451377911,0.09039873646108554,0
120,17,mesoscope_to_falkor,2219,1479,283,218,0.7929708550593089,0.8396992156616785,0.04672836060236962,1
120,18,falkor_to_mesoscope,2634,2147,346,155,0.5333264305731877,0.5915886061496457,0.058262175576457964,0
120,18,mesoscope_to_falkor,1932,1815,159,189,0.7929700483579624,0.7923132156567838,-0.0006568327011785557,1
120,19,falkor_to_mesoscope,1612,2313,227,213,0.7736369669986078,0.9047254402527611,0.1310884732541533,0
120,19,mesoscope_to_falkor,2471,1920,368,342,0.8426816849108723,0.8685155127917079,0.025833827880835658,1
120,20,falkor_to_mesoscope,1460,1899,213,138,0.6951901456273316,0.7760037823421004,0.08081363671476882,0
120,20,mesoscope_to_falkor,2030,2175,264,292,0.8289381406857309,0.8842713376505285,0.05533319696479755,1
120,21,falkor_to_mesoscope,1534,2402,301,300,0.794726286821558,0.889629988873682,0.09490370205212406,0
120,21,mesoscope_to_falkor,2136,2172,133,290,0.772016954796258,0.8774499204035401,0.1054329656072821,1
120,22,falkor_to_mesoscope,1373,2289,227,171,0.6393025586695222,0.608203567875777,-0.03109899079374523,0
120,22,mesoscope_to_falkor,2165,1872,212,155,0.7271635173979186,0.7456283847592812,0.018464867361362547,1
120,23,falkor_to_mesoscope,1705,2295,221,198,0.7266130916983597,0.8447437549001496,0.11813066320178989,0
120,23,mesoscope_to_falkor,2334,1278,224,210,0.8329799281182697,0.861806594942026,0.02882666682375634,1
120,24,falkor_to_mesoscope,2122,2179,123,259,0.6630475498480842,0.7248361047490064,0.061788554900922166,0
120,24,mesoscope_to_falkor,2257,2767,328,209,0.8069858902159464,0.8699628306780512,0.06297694046210489,1
120,25,falkor_to_mesoscope,1767,1846,240,171,0.7446576054891897,0.7874667929328826,0.04280918744369289,0
120,25,mesoscope_to_falkor,2127,1911,165,228,0.8379745065829434,0.8824102249558118,0.044435718372868416,1
120,26,falkor_to_mesoscope,1879,1532,269,108,0.5477268838785108,0.825034629495537,0.2773077456170262,0
120,26,mesoscope_to_falkor,3049,1998,606,305,0.7812393950592671,0.8622212478559549,0.08098185279668779,1
120,27,falkor_to_mesoscope,1937,1908,291,101,0.49238993416924487,0.6094880151505431,0.1170980809812982,0
120,27,mesoscope_to_falkor,1671,1758,206,459,0.8513389835204487,0.941908813925277,0.09056983040482836,1
120,28,falkor_to_mesoscope,2094,2296,378,274,0.7934272448575772,0.9337827944534486,0.14035554959587138,0
120,28,mesoscope_to_falkor,2443,1847,198,223,0.8091333989441833,0.7610958514458831,-0.04803754749830025,1
120,29,falkor_to_mesoscope,1831,2069,276,230,0.7523417667580176,0.8822194173057796,0.129877650547762,0
120,29,mesoscope_to_falkor,1957,1853,228,201,0.7640511451492167,0.8391109204114792,0.07505977526226248,1
120,30,falkor_to_mesoscope,1287,2583,151,237,0.6392547905389748,0.8301164784533184,0.19086168791434355,0
120,30,mesoscope_to_falkor,2089,1370,160,238,0.8491023122474876,0.7967583092424894,-0.052344003004998196,1
120,31,falkor_to_mesoscope,1576,2218,312,186,0.6803432885073376,0.8018245008154328,0.12148121230809517,0
120,31,mesoscope_to_falkor,2620,2156,422,315,0.835834124439107,0.8880216749903317,0.052187550551224704,1
120,32,falkor_to_mesoscope,1509,1995,258,228,0.7513729212698923,0.8949348077348114,0.14356188646491908,0
120,32,mesoscope_to_falkor,2661,1942,414,229,0.7463144145473514,0.9067552886947996,0.16044087414744823,1
120,33,falkor_to_mesoscope,1246,1916,164,272,0.8384490983963554,0.9467428311580312,0.10829373276167575,0
120,33,mesoscope_to_falkor,1900,2177,280,245,0.8299741800364601,0.7917244830530775,-0.03824969698338254,1
120,34,falkor_to_mesoscope,1739,1979,211,213,0.7214827286061896,0.8583052869713709,0.1368225583651813,0
120,34,mesoscope_to_falkor,2236,2109,225,266,0.7823080842367274,0.8459144829305011,0.06360639869377371,1
120,35,falkor_to_mesoscope,1913,2250,280,318,0.6806704294939812,0.9319463890681139,0.25127595957413273,0
120,35,mesoscope_to_falkor,2325,2083,262,234,0.7415982993314381,0.9168760195066346,0.1752777201751965,1
120,36,falkor_to_mesoscope,1858,2152,195,294,0.8149285936045281,0.9102381283059544,0.09530953470142633,0
120,36,mesoscope_to_falkor,2301,1902,193,453,0.825834747402885,0.8529287765520095,0.02709402914912451,1
120,37,falkor_to_mesoscope,1717,2689,130,177,0.755970544662559,0.7898951644494381,0.03392461978687911,0
120,37,mesoscope_to_falkor,2101,1458,168,184,0.7565402855633164,0.8299623600575127,0.07342207449419624,1
120,38,falkor_to_mesoscope,1346,2193,169,177,0.7855130218696864,0.8072725718832667,0.02175955001358032,0
120,38,mesoscope_to_falkor,2448,1714,334,189,0.8025050918670703,0.862559532839022,0.06005444097195167,1
120,39,falkor_to_mesoscope,2041,2408,248,326,0.902938676290388,0.9371508740258844,0.03421219773549633,0
120,39,mesoscope_to_falkor,2027,1818,197,219,0.8042106171475778,0.8906971124285002,0.08648649528092245,1
120,40,falkor_to_mesoscope,2473,2576,201,132,0.7378118162463647,0.8348107201141768,0.09699890386781207,0
120,40,mesoscope_to_falkor,1929,2017,223,346,0.800080418139908,0.8695733088604416,0.06949289072053355,1
120,41,falkor_to_mesoscope,2094,1797,217,178,0.7905615380108236,0.8614899730715431,0.07092843506071944,0
120,41,mesoscope_to_falkor,1804,1740,201,277,0.8655739691019281,0.6697757918873882,-0.19579817721453985,1
120,42,falkor_to_mesoscope,1771,2099,267,319,0.8159491177015532,0.9229899695964652,0.10704085189491197,0
120,42,mesoscope_to_falkor,1502,1811,123,251,0.8053145463182546,0.8360131137137378,0.030698567395483156,1
120,43,falkor_to_mesoscope,2384,1984,250,152,0.5638383652657954,0.844099199846512,0.2802608345807166,0
120,43,mesoscope_to_falkor,2062,1675,188,307,0.868234741525132,0.8902671183224666,0.022032376797334607,1
120,44,falkor_to_mesoscope,1427,2424,280,379,0.7492047457465518,0.8627047680333717,0.11350002228681988,0
120,44,mesoscope_to_falkor,2666,1958,392,296,0.7429273459600798,0.8665559394238581,0.1236285934637783,1
120,45,falkor_to_mesoscope,1930,2166,380,152,0.7424113100014558,0.8005090456001296,0.058097735598673816,0
120,45,mesoscope_to_falkor,1992,1641,78,205,0.737229465539807,0.8143096981321922,0.07708023259238528,1
120,46,falkor_to_mesoscope,1731,2214,284,294,0.7452207854993487,0.9104041151180297,0.16518332961868099,0
120,46,mesoscope_to_falkor,1848,1696,175,220,0.7693133793202893,0.8036382435532003,0.034324864232911034,1
120,47,falkor_to_mesoscope,1801,2399,299,321,0.6662775043214599,0.8633002044834128,0.1970227001619529,0
120,47,mesoscope_to_falkor,2584,1673,250,175,0.7425473318239423,0.8259881156119775,0.08344078378803521,1
120,48,falkor_to_mesoscope,1780,1889,230,278,0.7306032480688494,0.8696568995811046,0.13905365151225524,0
120,48,mesoscope_to_falkor,2368,2202,284,254,0.7813247641891614,0.9335942996753401,0.15226953548617872,1
120,49,falkor_to_mesoscope,1724,2066,318,163,0.8173764998643415,0.8632948715746649,0.045918371710323425,0
120,49,mesoscope_to_falkor,2081,1887,182,391,0.8689597067332071,0.8651605391694392,-0.003799167563767858,1
120,50,falkor_to_mesoscope,2187,2160,177,126,0.788146983337904,0.7880558414434146,-9.114189448944376e-05,0
120,50,mesoscope_to_falkor,1971,1466,169,208,0.8724720620620293,0.7709396191249347,-0.10153244293709462,1
120,51,falkor_to_mesoscope,1951,1965,207,199,0.8247941934509129,0.9272796900163344,0.1024854965654215,0
120,51,mesoscope_to_falkor,1854,2055,267,284,0.8702018895415912,0.8983202263147166,0.028118336773125474,1
120,52,falkor_to_mesoscope,1877,2868,272,538,0.8846768538276285,0.9696143053177048,0.08493745149007625,0
120,52,mesoscope_to_falkor,2202,1941,137,388,0.8590582935176505,0.8021912336391483,-0.05686705987850216,1
120,53,falkor_to_mesoscope,1952,1905,364,105,0.7378996635223951,0.6465167067750338,-0.0913829567473613,0
120,53,mesoscope_to_falkor,2274,2049,275,364,0.8497967988200762,0.8873091585449573,0.037512359724881095,1
120,54,falkor_to_mesoscope,1485,2327,95,146,0.7346406647370158,0.6383855046030705,-0.0962551601339453,0
120,54,mesoscope_to_falkor,1692,1867,108,335,0.8641131692352908,0.8874042265523807,0.023291057317089914,1
120,55,falkor_to_mesoscope,1904,2245,178,211,0.742360709851596,0.8726651974193388,0.13030448756774282,0
120,55,mesoscope_to_falkor,2530,1815,258,102,0.5202525283326255,0.6685908217841996,0.14833829345157412,1
120,56,falkor_to_mesoscope,1454,2295,123,278,0.7942071264717008,0.641464898761098,-0.15274222771060275,0
120,56,mesoscope_to_falkor,2204,1648,250,324,0.826909503418152,0.8391878667120145,0.01227836329386256,1
120,57,falkor_to_mesoscope,1991,2206,467,228,0.7944643275707304,0.9355347005615773,0.1410703729908469,0
120,57,mesoscope_to_falkor,2375,2016,350,188,0.80166522084667,0.8245035613437249,0.02283834049705491,1
120,58,falkor_to_mesoscope,1540,1874,150,178,0.7572443084808527,0.7526562813813241,-0.004588027099528547,0
120,58,mesoscope_to_falkor,2079,2138,279,236,0.7792406250488186,0.8528998687325055,0.07365924368368681,1
120,59,falkor_to_mesoscope,1752,1647,142,215,0.6864824163669634,0.7836251915865692,0.09714277521960579,0
120,59,mesoscope_to_falkor,1603,1990,103,245,0.8418691842280208,0.8515696752323862,0.00970049100436543,1
120,60,falkor_to_mesoscope,1784,2132,284,253,0.6409307216433049,0.7755970462463937,0.1346663246030888,0
120,60,mesoscope_to_falkor,2184,2535,80,215,0.727254963779362,0.8220663595946767,0.09481139581531461,1
120,61,falkor_to_mesoscope,2150,1739,247,151,0.8489626014756009,0.8790026966636798,0.03004009518807893,0
120,61,mesoscope_to_falkor,1565,1591,111,187,0.6807074569350903,0.5612205349614844,-0.11948692197360589,1
120,62,falkor_to_mesoscope,1573,1788,154,134,0.6648282902476588,0.7935660704697612,0.12873778022210247,0
120,62,mesoscope_to_falkor,1851,1913,140,313,0.8568087899207493,0.9137615333320293,0.05695274341127998,1
120,63,falkor_to_mesoscope,1658,2532,159,324,0.7453295745856494,0.8945756203034607,0.1492460457178113,0
120,63,mesoscope_to_falkor,2058,1808,237,311,0.8127750327247979,0.9138662733655577,0.1010912406407598,1
120,64,falkor_to_mesoscope,1717,1393,166,126,0.8601304357982171,0.9050776365573509,0.04494720075913372,0
120,64,mesoscope_to_falkor,2126,1421,343,199,0.8298028218245794,0.841358620078263,0.01155579825368358,1
120,65,falkor_to_mesoscope,1213,2017,149,239,0.7900196418843358,0.6947631321760198,-0.095256509708316,0
120,65,mesoscope_to_falkor,2397,1534,166,252,0.7833245480895882,0.8554712820662997,0.07214673397671156,1
120,66,falkor_to_mesoscope,1434,2028,193,241,0.8111408692082546,0.9438943309666784,0.13275346175842384,0
120,66,mesoscope_to_falkor,2142,1936,313,301,0.8761334426140295,0.901323707716109,0.025190265102079556,1
120,67,falkor_to_mesoscope,1859,2098,315,117,0.7420587141865267,0.8008079801313723,0.05874926594484564,0
120,67,mesoscope_to_falkor,2388,1685,429,159,0.8297971404256073,0.7865557132594704,-0.04324142716613688,1
120,68,falkor_to_mesoscope,2087,1492,259,140,0.8498126680570562,0.8814576729526624,0.03164500489560618,0
120,68,mesoscope_to_falkor,1645,1805,84,111,0.7593464709878813,0.7293871433970439,-0.029959327590837415,1
120,69,falkor_to_mesoscope,1766,2117,214,276,0.7816552254839602,0.9168874018431772,0.13523217635921703,0
120,69,mesoscope_to_falkor,2263,1843,440,249,0.7764148949987095,0.819989063524857,0.04357416852614748,1
120,70,falkor_to_mesoscope,2097,2438,191,310,0.7472829241568326,0.8836997723921165,0.13641684823528388,0
120,70,mesoscope_to_falkor,2242,1977,252,232,0.8174749884030019,0.9469889753410963,0.12951398693809435,1
120,71,falkor_to_mesoscope,1842,2247,198,308,0.7974600099699741,0.9510550056098206,0.15359499563984647,0
120,71,mesoscope_to_falkor,1964,1642,203,246,0.7959064812111238,0.8607994140939325,0.06489293288280862,1
120,72,falkor_to_mesoscope,1845,2415,246,339,0.7556396450184274,0.9254764071896009,0.1698367621711735,0
120,72,mesoscope_to_falkor,2224,1335,275,176,0.8543714794891984,0.8761784030219768,0.021806923532778355,1
120,73,falkor_to_mesoscope,2026,2414,334,214,0.7434492505910782,0.8852421924049717,0.14179294181389346,0
120,73,mesoscope_to_falkor,1879,1979,243,290,0.8439996796250258,0.8058578236362738,-0.03814185598875197,1
120,74,falkor_to_mesoscope,1923,2491,298,174,0.7829819888697931,0.8175562144093209,0.034574225539527825,0
120,74,mesoscope_to_falkor,1926,1686,299,321,0.7950455788880415,0.9084577408531573,0.11341216196511583,1
120,75,falkor_to_mesoscope,1849,1920,271,209,0.8587320223601437,0.9195070279010639,0.06077500554092019,0
120,75,mesoscope_to_falkor,2183,2365,379,233,0.8193047276630757,0.8904700192896611,0.07116529162658536,1
120,76,falkor_to_mesoscope,1659,1724,227,306,0.7183426584203412,0.895209869758713,0.1768672113383718,0
120,76,mesoscope_to_falkor,1810,1965,162,195,0.7315422583802637,0.8960321036087914,0.16448984522852772,1
120,77,falkor_to_mesoscope,2102,2179,216,196,0.8504816461645164,0.8689174785073467,0.018435832342830305,0
120,77,mesoscope_to_falkor,2098,1471,295,115,0.7965414215779596,0.90991820061374,0.11337677903578036,1
120,78,falkor_to_mesoscope,2062,2436,265,293,0.8271085382432437,0.9389910262748223,0.11188248803157863,0
120,78,mesoscope_to_falkor,1633,2299,198,314,0.7946833666892241,0.7064547227072148,-0.08822864398200936,1
120,79,falkor_to_mesoscope,2254,1985,257,260,0.7673312636933902,0.9170493464184404,0.14971808272505016,0
120,79,mesoscope_to_falkor,1809,1850,221,355,0.8579179174677961,0.8534893533514085,-0.00442856411638759,1
120,80,falkor_to_mesoscope,1927,2185,204,239,0.78555385023273,0.8730150624230457,0.08746121219031566,0
120,80,mesoscope_to_falkor,1881,1782,218,120,0.699308684389243,0.8622949685418184,0.16298628415257543,1
120,81,falkor_to_mesoscope,1582,2514,203,269,0.7871825955286393,0.8912090666598312,0.1040264711311919,0
120,81,mesoscope_to_falkor,1993,2094,244,186,0.7766760293522508,0.7611547973740549,-0.015521231978195882,1
120,82,falkor_to_mesoscope,1989,2494,184,258,0.7744111150254642,0.7080531788264676,-0.06635793619899666,0
120,82,mesoscope_to_falkor,2078,1837,190,314,0.781759659004969,0.8824170653391918,0.10065740633422282,1
120,83,falkor_to_mesoscope,1926,1809,305,139,0.7196923688570085,0.8908164177691048,0.17112404891209632,0
120,83,mesoscope_to_falkor,2334,2091,253,281,0.8187587552332277,0.8717906354665302,0.05303188023330252,1
120,84,falkor_to_mesoscope,1550,2005,264,134,0.7866659541509825,0.8446546383370561,0.057988684186073614,0
120,84,mesoscope_to_falkor,2016,1552,214,139,0.5818078198769975,0.7820777743023986,0.20026995442540108,1
120,85,falkor_to_mesoscope,2331,1988,222,239,0.7728778227906521,0.8881129202964941,0.11523509750584204,0
120,85,mesoscope_to_falkor,2213,1659,152,214,0.7912576721051326,0.8488579952738813,0.057600323168748635,1
120,86,falkor_to_mesoscope,1955,2579,263,385,0.7994592064616443,0.9243116947463063,0.124852488284662,0
120,86,mesoscope_to_falkor,2263,2243,312,317,0.7945411262756014,0.9320243861900257,0.13748325991442434,1
120,87,falkor_to_mesoscope,1493,2051,181,264,0.6648398561730813,0.7701555933334961,0.10531573716041487,0
120,87,mesoscope_to_falkor,2420,1536,316,305,0.8581881801346016,0.9260396006619271,0.06785142052732551,1
120,88,falkor_to_mesoscope,1647,1964,247,188,0.8337463488879243,0.9247382233653857,0.09099187447746138,0
120,88,mesoscope_to_falkor,2186,1934,223,172,0.7727118589936685,0.914975482551278,0.14226362355760958,1
120,89,falkor_to_mesoscope,1808,2470,177,229,0.7969540433567007,0.8716421344700888,0.07468809111338803,0
120,89,mesoscope_to_falkor,2270,1698,399,379,0.8707220827737998,0.8210601073953029,-0.049661975378496925,1
120,90,falkor_to_mesoscope,1851,2249,150,189,0.7533176497975981,0.896459367196157,0.14314171739855897,0
120,90,mesoscope_to_falkor,2456,1736,319,136,0.7631155369968847,0.8453918211190551,0.08227628412217036,1
120,91,falkor_to_mesoscope,1226,2629,162,375,0.7805563823275707,0.8802692572883173,0.09971287496074654,0
120,91,mesoscope_to_falkor,1947,1854,233,322,0.808081881934994,0.8741607998402918,0.06607891790529785,1
120,92,falkor_to_mesoscope,1629,2429,350,254,0.8018725875536894,0.7504496151051836,-0.0514229724485058,0
120,92,mesoscope_to_falkor,2245,1483,266,254,0.8166872303334491,0.9278625183183974,0.11117528798494825,1
120,93,falkor_to_mesoscope,1759,2481,257,216,0.7598298330613954,0.6727206985743711,-0.08710913448702429,0
120,93,mesoscope_to_falkor,2403,1889,238,76,0.6035491375070141,0.8040826636326411,0.20053352612562703,1
120,94,falkor_to_mesoscope,1434,1922,238,118,0.8293666697843188,0.783487021941852,-0.045879647842466786,0
120,94,mesoscope_to_falkor,1661,1752,145,237,0.7493221044155223,0.8622078965481842,0.11288579213266192,1
120,95,falkor_to_mesoscope,1508,2048,227,205,0.7764513009978906,0.9409560031594745,0.16450470216158386,0
120,95,mesoscope_to_falkor,2060,1308,152,162,0.8093924203214707,0.7599417985490046,-0.049450621772466175,1
120,96,falkor_to_mesoscope,1417,2323,261,330,0.795816147027851,0.9163649020715989,0.12054875504374796,0
120,96,mesoscope_to_falkor,2359,1900,138,279,0.7692520622086928,0.8697317679041706,0.10047970569547782,1
120,97,falkor_to_mesoscope,1826,1703,267,81,0.6977232306930695,0.8181779136179012,0.12045468292483164,0
120,97,mesoscope_to_falkor,2173,1732,251,224,0.7832115831442114,0.915204487431028,0.13199290428681665,1
120,98,falkor_to_mesoscope,1452,1982,226,272,0.8642209308324125,0.9077961976669,0.043575266834487536,0
120,98,mesoscope_to_falkor,2250,1819,237,281,0.7597156203926702,0.8640694626488187,0.10435384225614852,1
120,99,falkor_to_mesoscope,1736,2359,351,193,0.7635076314127544,0.7054253076107709,-0.058082323801983415,0
120,99,mesoscope_to_falkor,1527,1737,71,255,0.7775243205664512,0.7967942308222394,0.01926991025578828,1
120,100,falkor_to_mesoscope,1574,1628,141,97,0.44009034974865374,0.30853357063762127,-0.13155677911103247,0
120,100,mesoscope_to_falkor,2029,1835,91,258,0.7446453135116778,0.7722539865735729,0.027608673061895073,1
120,101,falkor_to_mesoscope,1990,2430,340,268,0.8829544756955792,0.9187256368051413,0.03577116110956213,0
120,101,mesoscope_to_falkor,2825,1496,330,132,0.7698220148722216,0.726771464547555,-0.04305055032466654,1
120,102,falkor_to_mesoscope,1400,1339,257,53,0.563049370774176,0.5215007306211817,-0.04154864015299431,0
120,102,mesoscope_to_falkor,2245,1654,396,221,0.8089511396538337,0.9320687507418353,0.12311761108800157,1
120,103,falkor_to_mesoscope,1678,2949,173,496,0.8273728841008288,0.9588796920641388,0.13150680796331005,0
120,103,mesoscope_to_falkor,2369,2676,174,227,0.7887805632126366,0.9217932541554322,0.13301269094279566,1
120,104,falkor_to_mesoscope,1538,2321,276,148,0.5189917194921561,0.8051335024288908,0.28614178293673476,0
120,104,mesoscope_to_falkor,2074,1691,216,312,0.8392619724522103,0.9136703758596466,0.07440840340743626,1
120,105,falkor_to_mesoscope,2002,2575,218,506,0.7687904775309952,0.9214379323436711,0.15264745481267594,0
120,105,mesoscope_to_falkor,2339,1604,90,187,0.8009961674722665,0.7476587043483213,-0.05333746312394527,1
120,106,falkor_to_mesoscope,2177,2398,138,243,0.7780832255371872,0.8985553204513781,0.12047209491419086,0
120,106,mesoscope_to_falkor,2027,1957,245,78,0.607559150524358,0.5621696145932723,-0.045389535931085745,1
120,107,falkor_to_mesoscope,1823,1658,247,183,0.7845216672061088,0.8509882971009443,0.06646662989483543,0
120,107,mesoscope_to_falkor,2149,1621,198,238,0.8357270718914493,0.8834004483999669,0.04767337650851755,1
120,108,falkor_to_mesoscope,1770,2286,93,304,0.7850743512999048,0.8895520113042698,0.10447766000436498,0
120,108,mesoscope_to_falkor,1958,2129,207,237,0.7912124574770392,0.8560492479051084,0.06483679042806922,1
120,109,falkor_to_mesoscope,1999,2315,223,260,0.827249393437019,0.917311141820709,0.09006174838369008,0
120,109,mesoscope_to_falkor,1793,2112,167,404,0.8166017359033548,0.8474076603659477,0.030805924462592893,1
120,110,falkor_to_mesoscope,2701,2543,234,265,0.7814030419538093,0.8675432711750924,0.08614022922128317,0
120,110,mesoscope_to_falkor,2293,1734,354,298,0.8449215352016413,0.7976161217478328,-0.047305413453808454,1
120,111,falkor_to_mesoscope,2006,2590,212,350,0.8411946673414333,0.9691175668270711,0.12792289948563773,0
120,111,mesoscope_to_falkor,2749,1291,413,222,0.8239472447856342,0.9207050698886189,0.0967578251029847,1
120,112,falkor_to_mesoscope,1862,1825,142,249,0.6688700228769852,0.914568321066722,0.24569829818973687,0
120,112,mesoscope_to_falkor,2240,1990,356,345,0.8483250845678808,0.8903054182662922,0.041980333698411365,1
120,113,falkor_to_mesoscope,1863,2436,215,298,0.8214098467847897,0.8811056758973129,0.059695829112523247,0
120,113,mesoscope_to_falkor,2637,2492,343,155,0.6805579143775174,0.8529042507990966,0.17234633642157915,1
120,114,falkor_to_mesoscope,1744,2224,267,221,0.8443201208233692,0.9219851676888156,0.0776650468654464,0
120,114,mesoscope_to_falkor,1911,2264,193,263,0.7342304304858518,0.8609308065446283,0.1267003760587765,1
120,115,falkor_to_mesoscope,1489,2333,185,201,0.7202563884451317,0.8169662249703457,0.09670983652521392,0
120,115,mesoscope_to_falkor,1782,1301,220,161,0.7263540489046075,0.8528149656132437,0.12646091670863613,1
120,116,falkor_to_mesoscope,1745,2642,269,328,0.8391602249448489,0.890511725038381,0.051351500093532176,0
120,116,mesoscope_to_falkor,2348,1642,308,330,0.8488286556927571,0.837789735776226,-0.011038919916531165,1
120,117,falkor_to_mesoscope,1494,2110,145,176,0.7445964876600412,0.6944939680587514,-0.05010251960128975,0
120,117,mesoscope_to_falkor,2356,1620,319,379,0.8392685943515772,0.8809719366197077,0.04170334226813055,1
120,118,falkor_to_mesoscope,1508,1990,127,343,0.7916830044735552,0.9099047724798035,0.11822176800624828,0
120,118,mesoscope_to_falkor,2219,1599,328,270,0.7852068533397895,0.882201740717143,0.09699488737735351,1
120,119,falkor_to_mesoscope,1637,2173,210,140,0.8002680105920942,0.7844005854608721,-0.01586742513122208,0
120,119,mesoscope_to_falkor,1998,1701,336,235,0.777823592752034,0.8754768697475196,0.09765327699548554,1
120,120,falkor_to_mesoscope,2424,2276,219,299,0.8404021206466142,0.9028586490958911,0.06245652844927685,0
120,120,mesoscope_to_falkor,1936,1303,233,238,0.85624418525678,0.7351895520530584,-0.12105463320372167,1
120,121,falkor_to_mesoscope,2563,2288,275,391,0.8254716021356838,0.9135296820286181,0.08805807989293424,0
120,121,mesoscope_to_falkor,2844,1551,396,208,0.7230617645498603,0.7698734756840913,0.04681171113423099,1
120,122,falkor_to_mesoscope,2166,2273,173,221,0.7479117748320881,0.8434515066864039,0.09553973185431575,0
120,122,mesoscope_to_falkor,1826,1312,165,254,0.8906662150922549,0.9214632459345676,0.030797030842312778,1
120,123,falkor_to_mesoscope,1692,1998,374,275,0.7666859440241429,0.8935109528531241,0.12682500882898118,0
120,123,mesoscope_to_falkor,2223,2359,304,180,0.7672446916912634,0.826279792557097,0.059035100865833634,1
120,124,falkor_to_mesoscope,2234,1226,329,155,0.50862864189201,0.7994003537365824,0.2907717118445724,0
120,124,mesoscope_to_falkor,2185,1996,273,254,0.7833698319847713,0.8656976510740444,0.08232781908927311,1
120,125,falkor_to_mesoscope,1284,2832,217,291,0.7933568690315543,0.867098895929458,0.07374202689790366,0
120,125,mesoscope_to_falkor,2309,1527,258,255,0.7698377364038825,0.8504788191429276,0.08064108273904502,1
120,126,falkor_to_mesoscope,1782,2297,222,384,0.7789384209306296,0.9235630505638307,0.1446246296332011,0
120,126,mesoscope_to_falkor,1725,1772,250,280,0.8192005804614013,0.7995931900766055,-0.019607390384795864,1
120,127,falkor_to_mesoscope,1921,2842,171,252,0.8704449539851002,0.9280193185546166,0.05757436456951637,0
120,127,mesoscope_to_falkor,2319,2753,400,136,0.7332599743144823,0.7044827249596769,-0.028777249354805412,1
120,128,falkor_to_mesoscope,2265,2245,347,259,0.5976923759549656,0.8651305282588968,0.2674381523039312,0
120,128,mesoscope_to_falkor,1593,1620,165,346,0.8536453323707859,0.8004360053817128,-0.0532093269890731,1
120,129,falkor_to_mesoscope,1711,2234,342,192,0.7782745183292263,0.922537385856748,0.1442628675275217,0
120,129,mesoscope_to_falkor,1812,1485,130,246,0.7459103715479473,0.7338745850034448,-0.012035786544502436,1
120,130,falkor_to_mesoscope,1766,2571,276,198,0.7698990220251704,0.8408631917746664,0.07096416974949604,0
120,130,mesoscope_to_falkor,2422,1679,191,169,0.7478954178434374,0.920778978506051,0.17288356066261357,1
120,131,falkor_to_mesoscope,1510,1911,281,167,0.8390557210474018,0.858302934848931,0.019247213801529273,0
120,131,mesoscope_to_falkor,2370,1651,271,206,0.7631312231630323,0.8465494751755513,0.08341825201251907,1
120,132,falkor_to_mesoscope,2011,2410,291,290,0.802367987152395,0.9164974875152199,0.11412950036282488,0
120,132,mesoscope_to_falkor,2446,1307,257,180,0.7943911570987883,0.8082681803034717,0.013877023204683425,1
120,133,falkor_to_mesoscope,2373,2353,134,280,0.7920781415453687,0.9251849669463353,0.13310682540096663,0
120,133,mesoscope_to_falkor,2336,1621,219,185,0.7491290546051125,0.8744310829058572,0.12530202830074477,1
120,134,falkor_to_mesoscope,1997,2202,185,233,0.7656234922383145,0.9128639787728138,0.14724048653449928,0
120,134,mesoscope_to_falkor,1589,1770,89,211,0.815535302853985,0.8839469784104295,0.06841167555644445,1
120,135,falkor_to_mesoscope,2135,2765,262,295,0.8578108941685868,0.6105775823757648,-0.24723331179282204,0
120,135,mesoscope_to_falkor,2240,2162,220,207,0.67083897246136,0.8529120262883721,0.1820730538270121,1
120,136,falkor_to_mesoscope,1805,2452,101,218,0.7978889703405397,0.7626920681049678,-0.035196902235571925,0
120,136,mesoscope_to_falkor,1753,1896,126,243,0.7493022488417164,0.847106365037127,0.09780411619541063,1
120,137,falkor_to_mesoscope,1262,1848,197,140,0.5276373888405277,0.7245084961451238,0.19687110730459612,0
120,137,mesoscope_to_falkor,2124,1902,268,325,0.8196267979640285,0.8612083701812918,0.04158157221726333,1
120,138,falkor_to_mesoscope,2129,2378,316,285,0.8175235837085214,0.9318634046869105,0.11433982097838913,0
120,138,mesoscope_to_falkor,2085,2281,239,363,0.8180665053831059,0.8528149146000726,0.03474840921696676,1
120,139,falkor_to_mesoscope,1519,1938,264,161,0.8149849950597137,0.8877314338314047,0.07274643877169107,0
120,139,mesoscope_to_falkor,2554,1516,410,211,0.7968191151835383,0.7447579818844902,-0.05206113329904816,1
120,140,falkor_to_mesoscope,2250,2611,365,380,0.8436467890084226,0.9336205302268049,0.08997374121838231,0
120,140,mesoscope_to_falkor,2688,1234,297,176,0.8030695032086853,0.8840140428562083,0.08094453964752302,1
120,141,falkor_to_mesoscope,1794,1190,392,114,0.805883811720498,0.8711527291472261,0.06526891742672813,0
120,141,mesoscope_to_falkor,2347,1917,117,384,0.8755446294551562,0.8883981243223136,0.012853494867157367,1
120,142,falkor_to_mesoscope,1952,2124,343,247,0.8608078046130696,0.9125587268335162,0.05175092222044664,0
120,142,mesoscope_to_falkor,1810,1803,115,135,0.7814454610756373,0.9402915351114213,0.158846074035784,1
120,143,falkor_to_mesoscope,1892,2219,162,196,0.864614448342278,0.8035014414292985,-0.061113006912979495,0
120,143,mesoscope_to_falkor,1833,1670,39,175,0.8180330522624567,0.7910509923453469,-0.02698205991710978,1
120,144,falkor_to_mesoscope,1831,2072,179,299,0.7781059587086859,0.9421176580097846,0.1640116993010987,0
120,144,mesoscope_to_falkor,1582,1994,106,224,0.7475031802444473,0.8531884926098459,0.10568531236539858,1
120,145,falkor_to_mesoscope,1917,1917,304,231,0.8518707571015839,0.9285378808102466,0.07666712370866269,0
120,145,mesoscope_to_falkor,1667,2696,127,171,0.7039504331915943,0.6022578772771765,-0.10169255591441784,1
120,146,falkor_to_mesoscope,1956,1997,173,154,0.6514434350839906,0.8101653446684918,0.15872190958450116,0
120,146,mesoscope_to_falkor,2415,1450,335,254,0.7767753461278118,0.9033535343838324,0.12657818825602052,1
120,147,falkor_to_mesoscope,2237,2635,211,310,0.7829856583752386,0.9097449569573839,0.1267592985821453,0
120,147,mesoscope_to_falkor,2269,1766,235,269,0.8271717668157887,0.8947364505385466,0.06756468372275781,1
120,148,falkor_to_mesoscope,1939,1590,186,37,0.6075836496907527,0.38071632902584784,-0.2268673206649049,0
120,148,mesoscope_to_falkor,2268,2193,231,286,0.8515037603561179,0.966687509597039,0.11518374924092112,1
120,149,falkor_to_mesoscope,2608,2195,306,243,0.8127272715731563,0.9465225788066027,0.13379530723344646,0
120,149,mesoscope_to_falkor,1681,2385,173,263,0.8072565537942096,0.8617097000709831,0.054453146276773556,1
120,150,falkor_to_mesoscope,2157,2138,243,270,0.8886192924469811,0.9340879221749373,0.04546862972795618,0
120,150,mesoscope_to_falkor,2340,1640,232,353,0.8759507058514329,0.9564735303840157,0.08052282453258286,1
120,151,falkor_to_mesoscope,1704,2501,324,305,0.7844681747831891,0.8944021732725302,0.10993399848934116,0
120,151,mesoscope_to_falkor,2137,2114,166,198,0.687406895682412,0.7003159260465784,0.012909030364166463,1
120,152,falkor_to_mesoscope,1524,1900,225,216,0.7716604042482661,0.8552667593484122,0.08360635510014613,0
120,152,mesoscope_to_falkor,1838,2080,193,252,0.750384810788473,0.9188723794099716,0.1684875686214986,1
120,153,falkor_to_mesoscope,2188,2317,292,223,0.7356829424745818,0.8134142613820966,0.07773131890751483,0
120,153,mesoscope_to_falkor,1785,2100,140,293,0.8184009819033952,0.9131735849004384,0.09477260299704326,1
120,154,falkor_to_mesoscope,1656,2168,338,274,0.6940881817786289,0.8465927409798387,0.15250455920120987,0
120,154,mesoscope_to_falkor,2571,1624,510,240,0.8770519357162745,0.8150042451965132,-0.062047690519761334,1
120,155,falkor_to_mesoscope,1161,2068,161,176,0.8115508885575382,0.7232708515680664,-0.08828003698947184,0
120,155,mesoscope_to_falkor,2201,1792,276,212,0.8001167828828145,0.8716081681514671,0.07149138526865262,1
120,156,falkor_to_mesoscope,1614,1959,188,230,0.6935714293876659,0.9377734021475762,0.2442019727599103,0
120,156,mesoscope_to_falkor,2596,2352,304,155,0.7541693725599478,0.9043379969198433,0.15016862435989553,1
120,157,falkor_to_mesoscope,1753,2217,240,307,0.7465779702969901,0.8871163805725867,0.14053841027559655,0
120,157,mesoscope_to_falkor,2107,1984,153,169,0.7847384903841362,0.8913481222358834,0.10660963185174721,1
120,158,falkor_to_mesoscope,2127,2477,248,209,0.8038868729480789,0.6540166862027367,-0.14987018674534225,0
120,158,mesoscope_to_falkor,1724,1766,242,275,0.875412010821074,0.9104671910012931,0.035055180180219137,1
120,159,falkor_to_mesoscope,1697,2603,249,228,0.6921681640178615,0.8353267108293945,0.14315854681153295,0
120,159,mesoscope_to_falkor,2301,1862,284,256,0.8067590665728186,0.8620656835399767,0.055306616967158106,1
120,160,falkor_to_mesoscope,1977,1917,178,170,0.7732219966917598,0.7790940632455081,0.005872066553748279,0
120,160,mesoscope_to_falkor,1828,1555,241,182,0.7597815968536414,0.8200228223344652,0.06024122548082378,1
120,161,falkor_to_mesoscope,2280,1550,340,115,0.8614979061150637,0.8830289084757472,0.021531002360683504,0
120,161,mesoscope_to_falkor,2127,1910,162,285,0.8461523511480056,0.8771910850786504,0.031038733930644824,1
120,162,falkor_to_mesoscope,1388,2156,237,222,0.6197991691703896,0.6749353511596314,0.05513618198924186,0
120,162,mesoscope_to_falkor,2240,1826,266,236,0.7197055476242513,0.7921548636450947,0.07244931602084337,1
120,163,falkor_to_mesoscope,2363,2113,271,121,0.6545805701200375,0.7951520295402233,0.1405714594201859,0
120,163,mesoscope_to_falkor,1806,1406,162,286,0.8558677768701872,0.9542146069365465,0.09834683006635925,1
120,164,falkor_to_mesoscope,1868,2506,242,186,0.8681322239129482,0.9180531660766262,0.04992094216367804,0
120,164,mesoscope_to_falkor,1790,1337,147,158,0.7359954515265419,0.8995626236306893,0.1635671721041474,1
120,165,falkor_to_mesoscope,1639,2042,131,309,0.7723235768239679,0.923158797881104,0.1508352210571361,0
120,165,mesoscope_to_falkor,2257,1545,166,271,0.7872654800088383,0.9104947870561001,0.12322930704726176,1
120,166,falkor_to_mesoscope,1536,2154,160,401,0.8586024381914897,0.8717110337416083,0.013108595550118562,0
120,166,mesoscope_to_falkor,2363,1747,289,187,0.6881174155981673,0.8461571952243437,0.15803977962617644,1
120,167,falkor_to_mesoscope,1959,2571,201,382,0.8359261818182226,0.8977504744099194,0.06182429259169675,0
120,167,mesoscope_to_falkor,2666,1836,392,156,0.7790194807936383,0.9197865077706736,0.14076702697703536,1
120,168,falkor_to_mesoscope,2202,1980,252,199,0.7524431173882957,0.8949725452305805,0.14252942784228473,0
120,168,mesoscope_to_falkor,1901,1778,195,225,0.828888948529872,0.8680768919053157,0.039187943375443623,1
120,169,falkor_to_mesoscope,2272,2101,290,288,0.8080601878757617,0.8840725118109706,0.07601232393520885,0
120,169,mesoscope_to_falkor,2269,2178,55,188,0.7485441773485524,0.7424961935881422,-0.006047983760410158,1
120,170,falkor_to_mesoscope,2141,2843,289,406,0.8443548229237848,0.8553594723166161,0.0110046493928313,0
120,170,mesoscope_to_falkor,2141,1856,284,239,0.7912939601797399,0.8533385598685467,0.06204459968880682,1
120,171,falkor_to_mesoscope,1686,2656,290,301,0.8780683898915925,0.9507677152958308,0.07269932540423829,0
120,171,mesoscope_to_falkor,2458,1548,262,111,0.6405518508646033,0.8599033881570054,0.2193515372924021,1
120,172,falkor_to_mesoscope,1877,2086,313,279,0.8415762131930629,0.9216430470758287,0.08006683388276581,0
120,172,mesoscope_to_falkor,1672,2027,189,181,0.7857529205337802,0.8525454502431017,0.06679252970932148,1
120,173,falkor_to_mesoscope,1872,2507,132,240,0.7802642417745498,0.9274361693474127,0.1471719275728629,0
120,173,mesoscope_to_falkor,2398,1536,266,123,0.6217597170868462,0.6710340013380348,0.04927428425118863,1
120,174,falkor_to_mesoscope,1405,2102,273,190,0.7406831783933487,0.8356626568247495,0.09497947843140075,0
120,174,mesoscope_to_falkor,2598,2185,227,201,0.7465333767119369,0.7381805965352856,-0.008352780176651309,1
120,175,falkor_to_mesoscope,1421,2552,264,448,0.8212966213787238,0.9063169969551067,0.08502037557638287,0
120,175,mesoscope_to_falkor,2648,1583,266,344,0.8288659633248725,0.9195373968909977,0.09067143356612517,1
120,176,falkor_to_mesoscope,2108,1931,168,161,0.8900041219146316,0.8307764123792077,-0.05922770953542389,0
120,176,mesoscope_to_falkor,2350,2220,336,172,0.7623748092289157,0.8658356821305357,0.1034608729016201,1
120,177,falkor_to_mesoscope,2066,2033,254,241,0.832640288374698,0.9333257438596636,0.10068545548496566,0
120,177,mesoscope_to_falkor,2105,2689,181,212,0.7207349552441371,0.8260744055559763,0.10533945031183922,1
120,178,falkor_to_mesoscope,1745,2420,233,313,0.7308590115763465,0.8687688412169299,0.1379098296405834,0
120,178,mesoscope_to_falkor,2656,1416,248,264,0.7721498145808836,0.9078076457038253,0.13565783112294172,1
120,179,falkor_to_mesoscope,1402,2175,197,291,0.7563775699870569,0.9188714134416002,0.16249384345454332,0
120,179,mesoscope_to_falkor,1598,1681,113,222,0.7777708835724164,0.7772567798418373,-0.0005141037305791407,1
120,180,falkor_to_mesoscope,1440,2318,222,404,0.8627094144742249,0.9413170588422112,0.07860764436798628,0
120,180,mesoscope_to_falkor,1699,1629,147,294,0.7567211610461004,0.9071651549048652,0.15044399385876472,1
120,181,falkor_to_mesoscope,1507,2537,307,280,0.6983052612445816,0.7987799159930449,0.10047465474846329,0
120,181,mesoscope_to_falkor,2061,1475,277,235,0.880794263774967,0.8674694706351099,-0.013324793139857016,1
120,182,falkor_to_mesoscope,1780,2215,230,176,0.7155733518699787,0.7835548876257712,0.06798153575579247,0
120,182,mesoscope_to_falkor,1703,1838,208,278,0.8132925663016674,0.7227693645403855,-0.09052320176128181,1
120,183,falkor_to_mesoscope,1798,2251,294,280,0.8213707146016628,0.9433757134297514,0.12200499882808857,0
120,183,mesoscope_to_falkor,1758,1440,177,281,0.78619369881511,0.8572637979620281,0.07107009914691809,1
120,184,falkor_to_mesoscope,1783,2187,406,201,0.751906320341992,0.9062249551215842,0.15431863477959218,0
120,184,mesoscope_to_falkor,2518,1530,397,342,0.827473607886222,0.9061350395449327,0.07866143165871065,1
120,185,falkor_to_mesoscope,1413,1965,205,127,0.7972763459728105,0.8813723997359815,0.08409605376317097,0
120,185,mesoscope_to_falkor,1522,1650,112,140,0.7214901525046775,0.7672757862110027,0.04578563370632516,1
120,186,falkor_to_mesoscope,1607,2294,134,374,0.7680965332065504,0.910297886511296,0.1422013533047456,0
120,186,mesoscope_to_falkor,2199,2046,80,311,0.8304748855612607,0.7691741014703974,-0.06130078409086326,1
120,187,falkor_to_mesoscope,2132,2248,114,335,0.7949814918364521,0.8951666727915096,0.10018518095505757,0
120,187,mesoscope_to_falkor,2439,1973,342,337,0.8736342893784957,0.9489928946873413,0.07535860530884553,1
120,188,falkor_to_mesoscope,1660,2347,136,263,0.8066802929006495,0.8546040725064377,0.0479237796057882,0
120,188,mesoscope_to_falkor,1660,2220,208,285,0.7857175509946428,0.8559188354551202,0.07020128446047735,1
120,189,falkor_to_mesoscope,1752,2291,195,194,0.6089310019568355,0.8260096380036759,0.2170786360468404,0
120,189,mesoscope_to_falkor,2512,1557,330,266,0.8208421001265315,0.9309648354334655,0.11012273530693406,1
120,190,falkor_to_mesoscope,1256,2166,204,137,0.7657852631124084,0.8051254781378238,0.039340215025415404,0
120,190,mesoscope_to_falkor,2392,1559,285,307,0.7936936592175285,0.7998387781267551,0.006145118909226532,1
120,191,falkor_to_mesoscope,1316,2296,235,394,0.7662401516769172,0.9147604664306344,0.1485203147537172,0
120,191,mesoscope_to_falkor,1794,1857,238,181,0.6663763996498989,0.6198892261495189,-0.04648717350038001,1
120,192,falkor_to_mesoscope,2009,2020,355,244,0.7615740582655605,0.8179242796848396,0.056350221419279145,0
120,192,mesoscope_to_falkor,2344,1734,341,255,0.8639845673544808,0.9004377644281548,0.036453197073674004,1
120,193,falkor_to_mesoscope,2039,2094,273,150,0.8267277994491476,0.8632559895625064,0.03652819011335873,0
120,193,mesoscope_to_falkor,2601,2171,448,192,0.8018185247898035,0.9010178231038181,0.09919929831401453,1
120,194,falkor_to_mesoscope,2231,2205,189,286,0.7983656238341321,0.8965754010810391,0.09820977724690694,0
120,194,mesoscope_to_falkor,1600,1805,38,224,0.7567879278019253,0.7359498200053238,-0.020838107796601446,1
120,195,falkor_to_mesoscope,1762,2711,187,312,0.7778128188614398,0.7094562827063149,-0.06835653615512494,0
120,195,mesoscope_to_falkor,2168,1804,284,367,0.8286789149540275,0.8946715579315606,0.06599264297753316,1
120,196,falkor_to_mesoscope,1768,2494,191,255,0.7867675680176539,0.9039535210924586,0.11718595307480473,0
120,196,mesoscope_to_falkor,2367,1661,201,314,0.8229526450665582,0.7822324312362136,-0.04072021383034463,1
120,197,falkor_to_mesoscope,1875,2334,96,270,0.6955940068333919,0.8681921308606322,0.17259812402724029,0
120,197,mesoscope_to_falkor,2378,1649,373,150,0.7801098103438859,0.8642325714549985,0.08412276111111261,1
120,198,falkor_to_mesoscope,2158,1879,261,187,0.7414247510035247,0.8154594397092244,0.07403468870569974,0
120,198,mesoscope_to_falkor,2124,2113,277,380,0.8159206003040458,0.8024133130981106,-0.013507287205935192,1
120,199,falkor_to_mesoscope,2183,1703,186,187,0.6579452166157013,0.8099597653827434,0.15201454876704212,0
120,199,mesoscope_to_falkor,1788,1582,176,342,0.7884663534286849,0.8900156456297657,0.10154929220108078,1
120,200,falkor_to_mesoscope,2261,2038,335,200,0.7841484205447413,0.7555749284877327,-0.028573492057008654,0
120,200,mesoscope_to_falkor,2277,2217,219,234,0.779308422214417,0.9156845023574394,0.13637608014302238,1
120,201,falkor_to_mesoscope,1733,2737,340,397,0.8595073208372846,0.9542355407125925,0.09472821987530788,0
120,201,mesoscope_to_falkor,1950,1443,257,270,0.8307194585910616,0.9314132515841468,0.10069379299308523,1
120,202,falkor_to_mesoscope,1553,1732,248,166,0.7619156700330301,0.8605682374376428,0.0986525674046127,0
120,202,mesoscope_to_falkor,2133,1808,304,311,0.824004237416976,0.8594315199330337,0.035427282516057645,1
120,203,falkor_to_mesoscope,1642,2275,330,255,0.6631455997357483,0.9133513630830842,0.2502057633473359,0
120,203,mesoscope_to_falkor,2876,1544,388,147,0.8330456592516355,0.9321934070374126,0.09914774778577706,1
120,204,falkor_to_mesoscope,1766,2574,274,363,0.8520571243515594,0.9257428314647498,0.07368570711319034,0
120,204,mesoscope_to_falkor,2104,1669,301,152,0.7308917703034956,0.8170285643610695,0.0861367940575739,1
120,205,falkor_to_mesoscope,1853,2632,293,287,0.7253189424573545,0.8842482708464448,0.15892932838909024,0
120,205,mesoscope_to_falkor,2203,1862,193,254,0.7946732151090601,0.8774576711345484,0.08278445602548834,1
120,206,falkor_to_mesoscope,1784,2425,258,305,0.7586017133636191,0.8812888537858897,0.12268714042227058,0
120,206,mesoscope_to_falkor,2210,1956,309,119,0.6530101239179731,0.6356949787519995,-0.017315145165973544,1
120,207,falkor_to_mesoscope,1285,1823,142,45,0.3561846641427336,0.3768105377617479,0.0206258736190143,0
120,207,mesoscope_to_falkor,1823,2068,191,194,0.8097914600426059,0.7608329762365973,-0.048958483806008646,1
120,208,falkor_to_mesoscope,1671,2337,303,236,0.8912202303933795,0.9244547175722123,0.03323448717883282,0
120,208,mesoscope_to_falkor,2043,1788,196,244,0.8431376703162555,0.888747832410454,0.045610162094198436,1
120,209,falkor_to_mesoscope,2047,1838,321,202,0.7927271092135036,0.8028721698346085,0.010145060621104873,0
120,209,mesoscope_to_falkor,1716,1696,57,184,0.8553170792266356,0.867509614623016,0.012192535396380433,1
120,210,falkor_to_mesoscope,1591,2183,379,426,0.8308027401375965,0.9381485687181716,0.10734582858057518,0
120,210,mesoscope_to_falkor,2283,1313,244,166,0.7316155479804256,0.7623823626703317,0.030766814689906052,1
120,211,falkor_to_mesoscope,1662,2274,419,306,0.7715867638913908,0.9219835881317795,0.1503968242403887,0
120,211,mesoscope_to_falkor,2266,1762,304,251,0.8160619757420373,0.8835775083260556,0.06751553258401832,1
120,212,falkor_to_mesoscope,2056,2278,264,261,0.8699325332792501,0.9133635299031059,0.043430996623855744,0
120,212,mesoscope_to_falkor,2344,1804,260,200,0.8409538248679505,0.8683649001405191,0.027411075272568697,1
120,213,falkor_to_mesoscope,1653,1789,380,117,0.8751264847081844,0.8406767862358435,-0.03444969847234092,0
120,213,mesoscope_to_falkor,2294,1949,163,366,0.8371784213690318,0.8544220929387978,0.017243671569766028,1
120,214,falkor_to_mesoscope,1806,1961,226,120,0.7931683243597261,0.822237625524791,0.029069301165064898,0
120,214,mesoscope_to_falkor,1947,2076,167,245,0.7989131839308115,0.8772051144553615,0.07829193052455008,1
120,215,falkor_to_mesoscope,1633,2211,319,301,0.7383985641687112,0.9131745949915355,0.17477603082282434,0
120,215,mesoscope_to_falkor,2303,2207,192,148,0.653126208480406,0.7815399989768572,0.12841379049645119,1
120,216,falkor_to_mesoscope,2299,2058,368,313,0.7418169359762574,0.9073505902740029,0.16553365429774547,0
120,216,mesoscope_to_falkor,2388,1831,247,282,0.7842300509610798,0.8371746799600122,0.052944628998932375,1
120,217,falkor_to_mesoscope,1824,2107,241,208,0.7186125806967513,0.9221383803065915,0.20352579960984019,0
120,217,mesoscope_to_falkor,1993,2275,195,189,0.8129757066710144,0.8915820076008092,0.07860630092979481,1
120,218,falkor_to_mesoscope,1601,2772,236,445,0.8130600548654165,0.9534366308249846,0.1403765759595681,0
120,218,mesoscope_to_falkor,2278,1837,185,308,0.8416639650233796,0.8820203255514317,0.04035636052805214,1
120,219,falkor_to_mesoscope,1815,2126,302,149,0.8488064499155449,0.8493427946377405,0.0005363447221956585,0
120,219,mesoscope_to_falkor,2355,1648,212,147,0.8361317176093647,0.8556436675577287,0.019511949948364027,1
120,220,falkor_to_mesoscope,1496,2803,291,377,0.7754364318424527,0.7940319640724064,0.018595532229953693,0
120,220,mesoscope_to_falkor,2071,1856,250,449,0.8818386214923415,0.8492476838234415,-0.03259093766889998,1
120,221,falkor_to_mesoscope,2072,1869,238,162,0.72597405365776,0.8798346132672964,0.15386055960953637,0
120,221,mesoscope_to_falkor,2541,1747,325,284,0.8079815233212324,0.9354655618788907,0.12748403855765833,1
120,222,falkor_to_mesoscope,1964,1793,182,187,0.5403602839355891,0.7035292541241595,0.16316897018857035,0
120,222,mesoscope_to_falkor,2159,1613,302,209,0.8084989924314256,0.8517617008213939,0.04326270838996826,1
120,223,falkor_to_mesoscope,1771,1646,175,102,0.8021511581343699,0.7611991046026589,-0.04095205353171094,0
120,223,mesoscope_to_falkor,2196,2330,346,252,0.8270949120206602,0.802453989597629,-0.024640922423031175,1
120,224,falkor_to_mesoscope,1890,2027,224,187,0.6052198713552213,0.8039094348946555,0.19868956353943423,0
120,224,mesoscope_to_falkor,1782,1497,210,257,0.8436833289609985,0.8492558061071677,0.0055724771461691525,1
120,225,falkor_to_mesoscope,2471,2059,194,229,0.6990539976152601,0.8769920509104945,0.17793805329523438,0
120,225,mesoscope_to_falkor,2413,1342,205,226,0.8482778652691751,0.8312561061753424,-0.017021759093832745,1
120,226,falkor_to_mesoscope,1396,1600,73,45,0.7495360967536785,0.5596588041105445,-0.18987729264313402,0
120,226,mesoscope_to_falkor,3008,1250,267,161,0.7566540751773722,0.8455853552620634,0.0889312800846912,1
120,227,falkor_to_mesoscope,1498,2032,262,151,0.681761053145721,0.580536424224594,-0.10122462892112705,0
120,227,mesoscope_to_falkor,2351,1612,437,127,0.7056635534885969,0.7335760851390446,0.027912531650447714,1
120,228,falkor_to_mesoscope,2526,2269,231,214,0.8495845448378893,0.8848545502274838,0.03527000538959457,0
120,228,mesoscope_to_falkor,1926,1514,167,213,0.777606874419921,0.9068737526338745,0.12926687821395344,1
120,229,falkor_to_mesoscope,1803,1979,319,222,0.8209884181969521,0.9152141616291481,0.09422574343219603,0
120,229,mesoscope_to_falkor,2767,1615,263,191,0.7101456530133077,0.7405061992702987,0.030360546256991028,1
120,230,falkor_to_mesoscope,3198,2253,152,149,0.8175918829456097,0.6418103563952382,-0.1757815265503715,0
120,230,mesoscope_to_falkor,2556,1820,405,175,0.824495323042034,0.7572103095446786,-0.06728501349735538,1
120,231,falkor_to_mesoscope,2247,1884,267,153,0.6595956865895456,0.8744686908991229,0.21487300430957734,0
120,231,mesoscope_to_falkor,2387,1622,456,182,0.7359524540150537,0.8455428478806781,0.10959039386562441,1
120,232,falkor_to_mesoscope,2090,2101,205,184,0.8646403864958148,0.8515521017504887,-0.013088284745326084,0
120,232,mesoscope_to_falkor,1897,1743,204,244,0.7950711729011309,0.8804169730774768,0.08534580017634585,1
120,233,falkor_to_mesoscope,1657,2699,348,420,0.8314762003282192,0.9254086879690752,0.09393248764085593,0
120,233,mesoscope_to_falkor,2233,1666,322,329,0.8138682243783608,0.8634271659164733,0.049558941538112466,1
120,234,falkor_to_mesoscope,1943,2172,183,325,0.7906092325087961,0.9009012648644849,0.11029203235568874,0
120,234,mesoscope_to_falkor,2761,2015,265,208,0.7432949467785757,0.795268972768568,0.051974025989992345,1
120,235,falkor_to_mesoscope,1424,2443,306,252,0.7572702808121482,0.8785342466759957,0.12126396586384747,0
120,235,mesoscope_to_falkor,2151,1514,228,244,0.7687255249831103,0.8938144824795458,0.12508895749643545,1
120,236,falkor_to_mesoscope,1953,2461,302,467,0.7971827967323719,0.9582414989121966,0.16105870217982465,0
120,236,mesoscope_to_falkor,2272,2757,287,192,0.691364411421816,0.7912693955102523,0.09990498408843629,1
120,237,falkor_to_mesoscope,1445,1931,203,157,0.652900725181351,0.8175763835060913,0.1646756583247403,0
120,237,mesoscope_to_falkor,2431,1792,236,303,0.811550609949903,0.8340637187539782,0.0225131088040752,1
120,238,falkor_to_mesoscope,1801,2518,331,363,0.8774924417222745,0.9108141143001527,0.033321672577878214,0
120,238,mesoscope_to_falkor,1759,1436,95,220,0.818394898043657,0.8173678400568088,-0.0010270579868481011,1
120,239,falkor_to_mesoscope,1140,1672,128,183,0.684112315529925,0.8012510337267562,0.11713871819683119,0
120,239,mesoscope_to_falkor,2220,1691,301,244,0.837244099757149,0.9165953913266677,0.0793512915695187,1
120,240,falkor_to_mesoscope,2297,2152,165,176,0.638516708440281,0.8903076627980323,0.25179095435775134,0
120,240,mesoscope_to_falkor,1798,1814,142,230,0.7611421366386795,0.8323584303432826,0.07121629370460314,1
120,241,falkor_to_mesoscope,2269,2918,236,482,0.8290094479731791,0.9413241986530428,0.11231475067986374,0
120,241,mesoscope_to_falkor,2444,2085,289,261,0.8184122950834126,0.9217018536835405,0.1032895586001279,1
120,242,falkor_to_mesoscope,1631,2127,337,214,0.683927919417477,0.9134259083266956,0.22949798890921858,0
120,242,mesoscope_to_falkor,2415,1897,412,333,0.8651994526545776,0.8979763438694243,0.032776891214846615,1
120,243,falkor_to_mesoscope,1630,2058,132,140,0.8374398015732728,0.7555655146803122,-0.08187428689296061,0
120,243,mesoscope_to_falkor,2339,1775,175,423,0.8097079634852526,0.9108128402788574,0.1011048767936048,1
120,244,falkor_to_mesoscope,1893,2247,201,251,0.6021673725966804,0.9019319506481097,0.2997645780514293,0
120,244,mesoscope_to_falkor,1975,1761,251,371,0.7902939362663508,0.8486692905319507,0.05837535426559992,1
120,245,falkor_to_mesoscope,1715,2546,212,275,0.6609949929374963,0.7836650072933363,0.12267001435584002,0
120,245,mesoscope_to_falkor,1674,1818,169,166,0.7568234758544871,0.7662494187145502,0.009425942860063152,1
120,246,falkor_to_mesoscope,1933,2474,197,403,0.7804295794995558,0.9560780900395073,0.17564851053995145,0
120,246,mesoscope_to_falkor,2169,2286,260,213,0.8113720377298338,0.9088008988736195,0.09742886114378568,1
120,247,falkor_to_mesoscope,1454,2445,312,311,0.7862425679132328,0.8663888705881255,0.08014630267489276,0
120,247,mesoscope_to_falkor,2248,2427,313,353,0.8407269036136058,0.9240094449351681,0.08328254132156232,1
120,248,falkor_to_mesoscope,2259,1775,240,193,0.8946173317857364,0.9381203510468258,0.04350301926108935,0
120,248,mesoscope_to_falkor,2464,1625,341,138,0.8030094045821451,0.9364288061981697,0.1334194016160246,1
120,249,falkor_to_mesoscope,2123,1999,161,224,0.7136884545854829,0.876569413277605,0.16288095869212205,0
120,249,mesoscope_to_falkor,2638,1803,354,237,0.7937997674494685,0.8990966868945454,0.10529691944507691,1
120,250,falkor_to_mesoscope,1281,2285,210,306,0.7291026916138457,0.9038798092880743,0.17477711767422865,0
120,250,mesoscope_to_falkor,2044,1940,184,391,0.8578828031355549,0.9358245678262748,0.0779417646907199,1
120,251,falkor_to_mesoscope,1684,2254,189,399,0.8446870673167796,0.9256248770685546,0.080937809751775,0
120,251,mesoscope_to_falkor,2076,1919,160,124,0.7373421316745011,0.9273942414702493,0.19005210979574816,1
120,252,falkor_to_mesoscope,1674,1952,333,201,0.7658390370355009,0.8150705360801519,0.04923149904465096,0
120,252,mesoscope_to_falkor,1803,1832,230,419,0.8745560239811708,0.9244974582609184,0.04994143427974762,1
120,253,falkor_to_mesoscope,1996,2748,152,348,0.7648877956928201,0.8710800530094472,0.10619225731662718,0
120,253,mesoscope_to_falkor,2628,1945,268,149,0.7436011156532966,0.8234338777814484,0.07983276212815182,1
120,254,falkor_to_mesoscope,2511,2012,211,181,0.7970910920094374,0.8644309410248243,0.06733984901538692,0
120,254,mesoscope_to_falkor,2049,1476,160,230,0.7404008765501519,0.9287680541385579,0.18836717758840604,1
120,255,falkor_to_mesoscope,1823,2173,298,281,0.7633444804781726,0.9370190520371464,0.1736745715589738,0
120,255,mesoscope_to_falkor,2402,1508,314,250,0.7534811977274793,0.8073072839991279,0.05382608627164853,1
120,256,falkor_to_mesoscope,1777,2166,289,206,0.8220417306561791,0.9419291418881673,0.1198874112319882,0
120,256,mesoscope_to_falkor,2083,1487,226,213,0.8183147862987238,0.8016118342090993,-0.016702952089624468,1
120,257,falkor_to_mesoscope,2006,2056,229,177,0.7339006547578829,0.8352513090333378,0.10135065427545487,0
120,257,mesoscope_to_falkor,1645,2004,146,279,0.7692740525673945,0.7314390673875062,-0.03783498517988826,1
120,258,falkor_to_mesoscope,1716,2013,207,292,0.7368042993701831,0.9229779883996386,0.18617368902945552,0
120,258,mesoscope_to_falkor,2141,1886,324,347,0.8620732421595572,0.9062383768945438,0.04416513473498662,1
120,259,falkor_to_mesoscope,2032,1966,364,192,0.8330207055214114,0.9132576459275928,0.08023694040618146,0
120,259,mesoscope_to_falkor,2111,1711,244,284,0.7958692382228395,0.9106709740330715,0.11480173581023201,1
120,260,falkor_to_mesoscope,2292,1886,282,225,0.7926867732317291,0.887428743579112,0.09474197034738285,0
120,260,mesoscope_to_falkor,1910,1117,205,98,0.7561148901483606,0.7839015855947263,0.027786695446365695,1
120,261,falkor_to_mesoscope,1361,2216,216,272,0.6060213935075823,0.8270143582933642,0.2209929647857819,0
120,261,mesoscope_to_falkor,2251,1649,283,150,0.6802355919304512,0.8477802235179045,0.16754463158745325,1
120,262,falkor_to_mesoscope,1764,2113,297,183,0.7549180807647747,0.7840888244980944,0.029170743733319626,0
120,262,mesoscope_to_falkor,1664,1603,78,234,0.7358636695977264,0.6783305679490786,-0.05753310164864778,1
120,263,falkor_to_mesoscope,2104,1536,302,260,0.673162620039651,0.879266709331387,0.20610408929173596,0
120,263,mesoscope_to_falkor,2100,2115,270,191,0.7684712144940808,0.8068648023889208,0.03839358789483993,1
120,264,falkor_to_mesoscope,1523,1680,347,87,0.6385719760338636,0.7813432063920152,0.14277123035815154,0
120,264,mesoscope_to_falkor,2104,1520,181,325,0.8779918473018445,0.852092076187727,-0.025899771114117565,1
120,265,falkor_to_mesoscope,1843,2301,272,363,0.7596944871735294,0.8849190209188708,0.12522453374534137,0
120,265,mesoscope_to_falkor,2256,1488,397,241,0.8309711247779106,0.8117601215116268,-0.019211003266283777,1
120,266,falkor_to_mesoscope,1670,2171,277,246,0.7958694114671119,0.9494489569240703,0.1535795454569584,0
120,266,mesoscope_to_falkor,2253,2439,151,419,0.7747494959303917,0.8969188714084598,0.12216937547806817,1
120,267,falkor_to_mesoscope,1677,2097,166,263,0.6926662703572383,0.8363250968015539,0.1436588264443156,0
120,267,mesoscope_to_falkor,1932,2554,114,136,0.6171544304468142,0.7323696269503005,0.11521519650348633,1
120,268,falkor_to_mesoscope,1673,2338,277,265,0.8543334651608065,0.938556362559397,0.08422289739859046,0
120,268,mesoscope_to_falkor,2482,1994,502,196,0.7876542894729858,0.7496868062550184,-0.03796748321796739,1
120,269,falkor_to_mesoscope,1400,2364,220,189,0.906973912632951,0.9312105164139434,0.02423660378099235,0
120,269,mesoscope_to_falkor,2781,1454,392,294,0.8347996846623122,0.8490058403771502,0.014206155714837965,1
120,270,falkor_to_mesoscope,1877,2323,159,328,0.7466056883492835,0.8970050334089865,0.15039934505970298,0
120,270,mesoscope_to_falkor,2445,1599,338,406,0.8585296306181384,0.9141638574679839,0.055634226849845536,1
120,271,falkor_to_mesoscope,1985,2497,197,229,0.7935090026937553,0.6210054761751227,-0.17250352651863265,0
120,271,mesoscope_to_falkor,2597,1649,308,143,0.666289450933154,0.7967481254118574,0.1304586744787034,1
120,272,falkor_to_mesoscope,1319,2387,245,240,0.7212550666983237,0.8610671627320827,0.139812096033759,0
120,272,mesoscope_to_falkor,1965,1748,199,210,0.7652092020998582,0.8316372874823856,0.06642808538252742,1
120,273,falkor_to_mesoscope,1883,2093,205,207,0.8700573754068511,0.9273534249247201,0.05729604951786893,0
120,273,mesoscope_to_falkor,2541,2336,296,199,0.7774817342353768,0.9141393265257176,0.1366575922903408,1
120,274,falkor_to_mesoscope,2187,2020,262,205,0.7492656304509389,0.9026327658595938,0.153367135408655,0
120,274,mesoscope_to_falkor,2593,1831,471,320,0.8425689294488422,0.9185797985471353,0.07601086909829313,1
120,275,falkor_to_mesoscope,2071,2087,171,183,0.7153072394896801,0.9202652061142259,0.2049579666245458,0
120,275,mesoscope_to_falkor,1692,1704,224,241,0.8224724721540869,0.6634028716878837,-0.15906960046620322,1
120,276,falkor_to_mesoscope,2149,2071,239,220,0.7864252494047372,0.9195119538491269,0.13308670444438964,0
120,276,mesoscope_to_falkor,2614,1509,304,273,0.8394124454041992,0.9064010071401701,0.0669885617359709,1
120,277,falkor_to_mesoscope,1824,2239,160,174,0.8095544742513469,0.866925404386664,0.05737093013531713,0
120,277,mesoscope_to_falkor,2243,1413,240,211,0.7868601952623184,0.93251898113685,0.14565878587453152,1
120,278,falkor_to_mesoscope,1997,2574,149,299,0.8979054323567486,0.8656927039740829,-0.032212728382665645,0
120,278,mesoscope_to_falkor,1947,1762,143,79,0.5468453130501871,0.7481957420328545,0.20135042898266742,1
120,279,falkor_to_mesoscope,1702,2422,150,415,0.7815991666585873,0.9499382659677897,0.16833909930920243,0
120,279,mesoscope_to_falkor,2448,1754,338,323,0.8577637710215824,0.9098715288873637,0.05210775786578126,1
120,280,falkor_to_mesoscope,1789,2479,293,368,0.7560322539309542,0.904441723379473,0.14840946944851885,0
120,280,mesoscope_to_falkor,2502,2015,340,341,0.8494560578138279,0.9380241835937949,0.08856812577996698,1
120,281,falkor_to_mesoscope,2092,2233,161,287,0.8279985959114804,0.9034477521615973,0.07544915625011694,0
120,281,mesoscope_to_falkor,1371,1980,78,236,0.7450232361664743,0.6734586823923631,-0.0715645537741112,1
120,282,falkor_to_mesoscope,1691,1959,176,142,0.667894392134898,0.6436979441219777,-0.024196448012920313,0
120,282,mesoscope_to_falkor,2502,1747,368,187,0.7668104931063446,0.8401423461872032,0.07333185308085854,1
120,283,falkor_to_mesoscope,2057,1971,179,292,0.7777362203618811,0.917591311005153,0.13985509064327195,0
120,283,mesoscope_to_falkor,2165,1484,133,251,0.8761307553746233,0.8555062418383581,-0.020624513536265154,1
120,284,falkor_to_mesoscope,1977,2083,188,331,0.76555874490273,0.8534934293345368,0.08793468443180674,0
120,284,mesoscope_to_falkor,1964,2188,303,238,0.8323499700435016,0.8765666719418881,0.044216701898386446,1
120,285,falkor_to_mesoscope,1750,2010,175,246,0.804888896143313,0.9520126021246581,0.14712370598134505,0
120,285,mesoscope_to_falkor,2482,1139,340,116,0.7067451407344258,0.8624598481980027,0.15571470746357685,1
120,286,falkor_to_mesoscope,1738,2733,155,460,0.797850554684023,0.8345749266719577,0.036724371987934656,0
120,286,mesoscope_to_falkor,2396,1791,382,162,0.661528884320525,0.7343936905820564,0.07286480626153136,1
120,287,falkor_to_mesoscope,1644,2037,212,147,0.7000266493523669,0.7307853097083818,0.030758660356014933,0
120,287,mesoscope_to_falkor,2258,1710,153,169,0.6769217705769721,0.78274186347157,0.10582009289459793,1
120,288,falkor_to_mesoscope,1626,2160,205,274,0.8738436954491853,0.9041235228499567,0.030279827400771397,0
120,288,mesoscope_to_falkor,2357,1790,298,112,0.8227168895177619,0.8104584156622869,-0.01225847385547496,1
120,289,falkor_to_mesoscope,1973,2197,365,159,0.7944621430886305,0.8818502316846722,0.08738808859604175,0
120,289,mesoscope_to_falkor,1563,1482,102,278,0.766477303031497,0.8630568265389621,0.09657952350746513,1
120,290,falkor_to_mesoscope,1826,2385,57,269,0.7464832005440392,0.9000249299756328,0.1535417294315936,0
120,290,mesoscope_to_falkor,1579,2040,160,414,0.8464193157455449,0.8731654559862767,0.026746140240731853,1
120,291,falkor_to_mesoscope,1731,2177,289,298,0.7502199566064823,0.9116307756867327,0.16141081908025035,0
120,291,mesoscope_to_falkor,2258,1647,121,215,0.7900646942675787,0.9217178302907113,0.13165313602313256,1
120,292,falkor_to_mesoscope,1680,2017,344,213,0.8930758080384867,0.9177700379750481,0.02469422993656134,0
120,292,mesoscope_to_falkor,2426,1999,371,211,0.734279757989979,0.8404931510311415,0.10621339304116251,1
120,293,falkor_to_mesoscope,1339,2333,145,258,0.8386033433256309,0.9447259406275076,0.10612259730187668,0
120,293,mesoscope_to_falkor,1798,2280,87,127,0.6846068083306404,0.8078796597048896,0.12327285137424926,1
120,294,falkor_to_mesoscope,1907,2201,329,147,0.8536980418616192,0.6615178352848755,-0.19218020657674373,0
120,294,mesoscope_to_falkor,1998,1746,80,353,0.8735137674821307,0.8858534351294222,0.012339667647291441,1
120,295,falkor_to_mesoscope,1572,2321,174,309,0.7662624515356121,0.9171529936169189,0.1508905420813068,0
120,295,mesoscope_to_falkor,2086,1671,246,289,0.8588249049811035,0.873756920938513,0.01493201595740945,1
120,296,falkor_to_mesoscope,2036,2572,410,293,0.8004489429090774,0.8733636886993332,0.07291474579025581,0
120,296,mesoscope_to_falkor,2309,2485,266,261,0.8285440541048532,0.872393359502178,0.04384930539732479,1
120,297,falkor_to_mesoscope,2081,2264,308,256,0.7285350048578673,0.9029827796632871,0.17444777480541984,0
120,297,mesoscope_to_falkor,2295,1482,309,275,0.8340212989454966,0.8874811757027826,0.05345987675728603,1
120,298,falkor_to_mesoscope,2215,2037,294,155,0.7745288686552465,0.5969531596573738,-0.17757570899787267,0
120,298,mesoscope_to_falkor,2455,2155,351,93,0.6469338751322726,0.823866917888517,0.17693304275624433,1
120,299,falkor_to_mesoscope,1645,2020,309,184,0.7934161972149734,0.7738671988981466,-0.01954899831682677,0
120,299,mesoscope_to_falkor,1884,1858,159,206,0.7094970124398313,0.8710733173559939,0.1615763049161626,1
