"cell","trial","bootstrap_seed","bootstrap_loops","sshaped_status","sshaped_inflection","sshaped_rss","sshaped_runtime_seconds","shapechange_status","shapechange_inflection","shapechange_left","shapechange_right","shapechange_runtime_seconds"
"paper_f1_cusp__uniform__n500",2,1117810690,1000,"ok",0.29940119760479,4.7556790163275,0.15,"ok",0.311996678376848,0.308261744338636,0.315196092306589,2.18
"paper_f1_cusp__uniform__n500",6,99892191,1000,"ok",0.301397205588822,5.15550110075655,0.21,"ok",0.309935494865105,0.306933013246458,0.313674737659105,2.63
"paper_f1_cusp__uniform__n500",10,1058753112,1000,"ok",0.29940119760479,4.68760089013355,0.17,"ok",0.310535993959188,0.307271004376582,0.314188632273065,2.61
"paper_f1_cusp__uniform__n500",14,1812093900,1000,"ok",0.305389221556886,5.37370947414932,0.190000000000001,"ok",0.310793084622176,0.307598625919671,0.314561008238461,2.34
"paper_f1_cusp__uniform__n500",18,2003563075,1000,"ok",0.293413173652695,5.03005439592521,0.18,"ok",0.312621207386436,0.309081534740277,0.31671458166203,2.82
"paper_f1_cusp__uniform__n500",22,1453009830,1000,"ok",0.301397205588822,4.56508074669728,0.17,"ok",0.311500881462207,0.308125979924427,0.315250520294865,2.5
"paper_f1_cusp__uniform__n500",26,338192051,1000,"ok",0.303393213572854,4.47244186737444,0.16,"ok",0.309310261674508,0.306876887344655,0.312733023631844,2.57
"paper_f1_cusp__uniform__n500",30,463257825,1000,"ok",0.30938123752495,4.56869842372215,0.190000000000001,"ok",0.310290745090578,0.307031530041009,0.313971029496378,2.72
"paper_f1_cusp__uniform__n500",34,992331933,1000,"ok",0.303393213572854,5.37050262760255,0.199999999999999,"ok",0.312943925103547,0.309334381549268,0.316984849671985,2.69
"paper_f1_cusp__uniform__n500",38,1273552264,1000,"ok",0.295409181636727,5.21194196137964,0.169999999999998,"ok",0.310458550207054,0.307141665110003,0.314240314404106,2.71
"paper_f1_cusp__uniform__n500",42,1469362805,1000,"ok",0.295409181636727,4.56034046626237,0.32,"ok",0.312294209097666,0.30880595593788,0.316367839947988,2.61
"paper_f1_cusp__uniform__n500",46,1760084420,1000,"ok",0.301397205588822,5.00267404023253,0.16,"ok",0.312227113628395,0.308641580325789,0.315907995777653,3
"paper_f1_cusp__uniform__n500",50,2046843871,1000,"ok",0.297405189620758,4.83609507790663,0.199999999999996,"ok",0.310323387534676,0.307272423420923,0.313702624339938,2.41
"paper_f1_cusp__uniform__n500",54,908490504,1000,"ok",0.301397205588822,5.07973656221804,0.189999999999998,"ok",0.31053911755049,0.307201056250591,0.313863732127808,2.82
"paper_f1_cusp__uniform__n500",58,465902541,1000,"ok",0.301397205588822,4.80590526119543,0.170000000000002,"ok",0.310733117234929,0.307731467617213,0.314481534858124,3.06
"paper_f1_cusp__uniform__n500",62,426083341,1000,"ok",0.297405189620758,4.50509298592064,0.240000000000002,"ok",0.311198643257469,0.308184360000767,0.314900620425158,2.85
"paper_f1_cusp__uniform__n500",66,1758393416,1000,"ok",0.305389221556886,4.31871361995455,0.189999999999998,"ok",0.31031103771189,0.307316423276189,0.313661766475752,2.82
"paper_f1_cusp__uniform__n500",70,851364728,1000,"ok",0.297405189620758,4.28339342056668,0.219999999999999,"ok",0.311713759568735,0.308425725141789,0.315031424164136,3.06
"paper_f1_cusp__uniform__n500",74,1263043415,1000,"ok",0.301397205588822,4.92801901550083,0.230000000000004,"ok",0.31312939419955,0.309612038578781,0.317098733925105,3.24
"paper_f1_cusp__uniform__n500",78,1235251266,1000,"ok",0.301397205588822,4.94864679642135,0.219999999999999,"ok",0.311631198047797,0.30769338462819,0.314896007782196,3.26
"paper_f1_cusp__uniform__n500",82,1526344521,1000,"ok",0.303393213572854,4.69381951383829,0.219999999999999,"ok",0.315154033720107,0.310971006482565,0.318276680281997,3.17
"paper_f1_cusp__uniform__n500",86,758250756,1000,"ok",0.303393213572854,4.83991705136796,0.240000000000002,"ok",0.308856251039855,0.30594816459216,0.311723660392362,3.58
"paper_f1_cusp__uniform__n500",90,1293870389,1000,"ok",0.301397205588822,5.30950232573776,0.189999999999998,"ok",0.310132530575754,0.306835461335018,0.313061260273306,3.17
"paper_f1_cusp__uniform__n500",94,1515625708,1000,"ok",0.305389221556886,4.5052985160082,0.239999999999995,"ok",0.314247383186882,0.31037760723871,0.31785582006241,3.73
"paper_f1_cusp__uniform__n500",98,1985222246,1000,"ok",0.301397205588822,4.7410948991638,0.339999999999989,"ok",0.311856629732289,0.30856669604927,0.315545091531987,3.44000000000001
"paper_f1_cusp__uniform__n500",102,236653281,1000,"ok",0.307385229540918,4.65458938868628,0.25,"ok",0.310187536350848,0.307432300342104,0.313815999116044,4.06999999999999
"paper_f1_cusp__uniform__n500",106,460336598,1000,"ok",0.303393213572854,4.82896317010518,0.25,"ok",0.311524834660451,0.308486495955574,0.315549114162872,3.84
"paper_f1_cusp__uniform__n500",110,467713052,1000,"ok",0.29940119760479,5.13519142619499,0.189999999999998,"ok",0.310265813020732,0.307223682040879,0.313642638304703,3.64
"paper_f1_cusp__uniform__n500",114,1862630800,1000,"ok",0.295409181636727,4.0795885805348,0.280000000000001,"ok",0.311280194911468,0.307908991258456,0.314461266979934,4.31
"paper_f1_cusp__uniform__n500",118,1080714628,1000,"ok",0.303393213572854,4.36483736323984,0.279999999999987,"ok",0.314890489029764,0.311331728396863,0.319056546089164,3.94000000000001
"paper_f1_cusp__uniform__n500",122,1390982125,1000,"ok",0.301397205588822,4.70387922070201,0.280000000000001,"ok",0.310625458021201,0.307238300371187,0.313657281609934,4.55
"paper_f1_cusp__uniform__n500",126,1686905636,1000,"ok",0.303393213572854,4.39422933380617,0.280000000000001,"ok",0.311310614067871,0.30811541244023,0.315012401645804,4.5
"paper_f1_cusp__uniform__n500",130,1056220056,1000,"ok",0.301397205588822,4.3795581407716,0.280000000000001,"ok",0.311465503770365,0.308289598965348,0.315509801331077,4.67
"paper_f1_cusp__uniform__n500",134,954631484,1000,"ok",0.303393213572854,4.88003322018196,0.340000000000003,"ok",0.311380038600657,0.308354210933516,0.315489957379182,4.38999999999999
"paper_f1_cusp__uniform__n500",138,754819729,1000,"ok",0.305389221556886,4.94846661751772,0.359999999999999,"ok",0.309724522954898,0.306546786665936,0.313218785377958,4.98
"paper_f1_cusp__uniform__n500",142,1113407433,1000,"ok",0.29940119760479,4.32530535278206,0.329999999999998,"ok",0.312090521733446,0.308646500312761,0.315153880609725,5.49999999999999
"paper_f1_cusp__uniform__n500",146,898596183,1000,"ok",0.293413173652695,5.29690192029625,0.310000000000002,"ok",0.311935580770038,0.307821132174693,0.315530555681383,5.68000000000001
"paper_f1_cusp__uniform__n500",150,1543456833,1000,"ok",0.301397205588822,4.56185429320018,0.379999999999995,"ok",0.311215999762315,0.308204889684124,0.314481209661204,5.65000000000001
"paper_f1_cusp__uniform__n500",154,1610956785,1000,"ok",0.29940119760479,4.24615190049314,0.330000000000013,"ok",0.309713844584289,0.307128957889074,0.313037445210608,5.69
"paper_f1_cusp__uniform__n500",158,967347442,1000,"ok",0.301397205588822,5.16726595108933,0.289999999999992,"ok",0.309415960564331,0.306618893094481,0.312850172195394,5.24000000000001
"paper_f1_cusp__uniform__n500",162,370490714,1000,"ok",0.30938123752495,4.86484278596145,0.389999999999986,"ok",0.311701579917001,0.308302789855211,0.315433472322369,5.16
"paper_f1_cusp__uniform__n500",166,937845483,1000,"ok",0.303393213572854,4.85899755375913,0.340000000000003,"ok",0.312986368300529,0.308917073075742,0.315978378979294,5.09
"paper_f1_cusp__uniform__n500",170,786121465,1000,"ok",0.29940119760479,4.29259488135376,0.330000000000013,"ok",0.310705217418363,0.308051133505002,0.31396558240452,4.07999999999998
"paper_f1_cusp__uniform__n500",174,245493106,1000,"ok",0.303393213572854,4.88825878570876,0.280000000000001,"ok",0.31119727067433,0.307688405947484,0.314838722888013,4.58000000000001
"paper_f1_cusp__uniform__n500",178,1926844128,1000,"ok",0.305389221556886,5.25477646654945,0.329999999999984,"ok",0.313180076550193,0.309564541465628,0.316882375932537,4.15000000000001
"paper_f1_cusp__uniform__n500",182,339838185,1000,"ok",0.315369261477046,4.62445049659945,0.300000000000011,"ok",0.311923964316385,0.308696674447572,0.315072329056388,3.84
"paper_f1_cusp__uniform__n500",186,882878637,1000,"ok",0.301397205588822,4.05932120228966,0.359999999999985,"ok",0.313139813031178,0.30961620044468,0.317228200804111,4.38
"paper_f1_cusp__uniform__n500",190,787312925,1000,"ok",0.301397205588822,5.03409270619844,0.230000000000018,"ok",0.312540249848851,0.309170391684743,0.317038969225154,3.53
"paper_f1_cusp__uniform__n500",194,1629601208,1000,"ok",0.301397205588822,5.50540739091614,0.27000000000001,"ok",0.315867089746088,0.31176431867862,0.319984393358324,4.25999999999999
"paper_f1_cusp__uniform__n500",198,2107917297,1000,"ok",0.297405189620758,4.72537233853717,0.240000000000009,"ok",0.309408824796558,0.306355211887023,0.312770286154965,3.31999999999999
"paper_f2_onset__uniform__n500",2,1737264155,1000,"ok",0.345309381237525,4.46663900190799,0.25,"ok",0.503610276915229,0.500011136258817,0.515021072585607,3.63
"paper_f2_onset__uniform__n500",6,479541107,1000,"ok",0.502994011976048,4.75742350705213,0.189999999999998,"ok",0.50934332278283,0.504535938517624,0.52350808881934,3.97
"paper_f2_onset__uniform__n500",10,451999107,1000,"ok",0.329341317365269,5.0488511703142,0.169999999999987,"ok",0.507969091731667,0.503986593662777,0.521468338268965,3.66
"paper_f2_onset__uniform__n500",14,1430794384,1000,"ok",0.339321357285429,4.54483969624597,0.189999999999998,"ok",0.504492180637486,0.495965382152618,0.519960736816084,3.87
"paper_f2_onset__uniform__n500",18,1234309074,1000,"ok",0.506986027944112,4.9545787016841,0.240000000000009,"ok",0.504850569746404,0.5007722022445,0.514763272742509,3.28999999999999
"paper_f2_onset__uniform__n500",22,1020103907,1000,"ok",0.447105788423154,4.07037348467455,0.219999999999999,"ok",0.503595643113379,0.500293048377689,0.511869876048637,3.28
"paper_f2_onset__uniform__n500",26,2128117197,1000,"ok",0.528942115768463,4.51678433507193,0.180000000000007,"ok",0.502444103929944,0.497617221368879,0.515038598129588,3.37
"paper_f2_onset__uniform__n500",30,11630910,1000,"ok",0.333333333333333,4.89182446451259,0.199999999999989,"ok",0.499962900868734,0.494178926487939,0.515509774697931,2.74000000000001
"paper_f2_onset__uniform__n500",34,1803207339,1000,"ok",0.455089820359281,5.07136575681346,0.139999999999986,"ok",0.504798211459436,0.500297277670772,0.516835992510991,2.77000000000001
"paper_f2_onset__uniform__n500",38,1129002560,1000,"ok",0.479041916167665,5.172107479184,0.150000000000006,"ok",0.507800636649759,0.50122496162411,0.518391184815532,3.16999999999999
"paper_f2_onset__uniform__n500",42,2126381896,1000,"ok",0.331337325349301,4.80357071050428,0.159999999999997,"ok",0.502132896326232,0.497305202552579,0.518123194028372,2.73000000000002
"paper_f2_onset__uniform__n500",46,870401190,1000,"ok",0.347305389221557,5.458064250124,0.159999999999997,"ok",0.508286382692438,0.50054793765746,0.525493909941248,2.66
"paper_f2_onset__uniform__n500",50,811661529,1000,"ok",0.502994011976048,4.7346901250811,0.169999999999987,"ok",0.51038621873519,0.507339038331205,0.520635394951418,2.58000000000001
"paper_f2_onset__uniform__n500",54,1738508021,1000,"ok",0.369261477045908,5.25346998073077,0.219999999999999,"ok",0.510855252768227,0.503429157610674,0.52929633318183,2.97
"paper_f2_onset__uniform__n500",58,451365396,1000,"ok",0.437125748502994,5.1374411708802,0.189999999999998,"ok",0.509111716777546,0.50132951102539,0.522483118725119,2.64000000000001
"paper_f2_onset__uniform__n500",62,521143740,1000,"ok",0.31936127744511,5.22117975385606,0.169999999999987,"ok",0.507492803611739,0.503408338272531,0.520360133195814,2.45000000000002
"paper_f2_onset__uniform__n500",66,1154941226,1000,"ok",0.353293413173653,4.69889187582571,0.169999999999987,"ok",0.509870760197012,0.505348534700421,0.527595702262919,2.80000000000001
"paper_f2_onset__uniform__n500",70,370744966,1000,"ok",0.367265469061876,5.03577678606189,0.189999999999998,"ok",0.502986019221507,0.498925380374099,0.515151810625631,2.54999999999998
"paper_f2_onset__uniform__n500",74,70134911,1000,"ok",0.467065868263473,4.67115615363248,0.170000000000016,"ok",0.505596328076685,0.501597502672138,0.51793697532074,2.44
"paper_f2_onset__uniform__n500",78,1549356237,1000,"ok",0.56686626746507,4.87493806529855,0.139999999999986,"ok",0.514508238873343,0.505241073103163,0.534939075276437,2.28000000000003
"paper_f2_onset__uniform__n500",82,359175153,1000,"ok",0.473053892215569,4.50722053468279,0.20999999999998,"ok",0.504227214356371,0.500927970638325,0.514933699617148,2.79000000000002
"paper_f2_onset__uniform__n500",86,514140357,1000,"ok",0.471057884231537,5.10204259982372,0.139999999999986,"ok",0.504767243058136,0.501163032885692,0.51427973932304,2.31999999999999
"paper_f2_onset__uniform__n500",90,1480388936,1000,"ok",0.405189620758483,5.12551743219445,0.110000000000014,"ok",0.507927692579766,0.503322997879843,0.524702015879017,2.20999999999998
"paper_f2_onset__uniform__n500",94,2017691868,1000,"ok",0.37125748502994,4.89788827275711,0.140000000000043,"ok",0.519369444312692,0.50355438681713,0.546858655236767,2.14999999999998
"paper_f2_onset__uniform__n500",98,1239767406,1000,"ok",0.377245508982036,4.88095999642726,0.139999999999986,"ok",0.50603838877019,0.500840053697849,0.517200650255327,2.38999999999999
"paper_f2_onset__uniform__n500",102,321154937,1000,"ok",0.349301397205589,5.11219964328227,0.159999999999968,"ok",0.514453854365863,0.504848704104057,0.531406313340172,2.03000000000003
"paper_f2_onset__uniform__n500",106,246700200,1000,"ok",0.590818363273453,4.61006707552696,0.120000000000005,"ok",0.508380243778201,0.504018826170398,0.523125960374239,2.38
"paper_f2_onset__uniform__n500",110,226697786,1000,"ok",0.524950099800399,5.25420349799389,0.139999999999986,"ok",0.514206301555857,0.504328538941549,0.533053332002008,2.23000000000002
"paper_f2_onset__uniform__n500",114,1530694472,1000,"ok",0.355289421157685,4.42385597834309,0.129999999999995,"ok",0.504592559807426,0.500904669549479,0.517160088892517,2.35000000000002
"paper_f2_onset__uniform__n500",118,1342078274,1000,"ok",0.333333333333333,5.05423710128334,0.149999999999977,"ok",0.510549793324184,0.504695267656885,0.526641186299345,2.04000000000002
"paper_f2_onset__uniform__n500",122,180511728,1000,"ok",0.341317365269461,5.09944487289926,0.139999999999986,"ok",0.505869519667514,0.499389099251747,0.530424055714328,2.38
"paper_f2_onset__uniform__n500",126,1904396396,1000,"ok",0.345309381237525,4.9790135950029,0.170000000000016,"ok",0.507013569615321,0.498158111782052,0.53355912042102,2.44999999999999
"paper_f2_onset__uniform__n500",130,706139616,1000,"ok",0.471057884231537,4.67476011190737,0.139999999999986,"ok",0.511822032279346,0.502913267377436,0.531718816120749,2.66000000000003
"paper_f2_onset__uniform__n500",134,1316146001,1000,"ok",0.325349301397206,4.83314153444259,0.139999999999986,"ok",0.508494396387739,0.498016459912155,0.528332868915298,2.06999999999999
"paper_f2_onset__uniform__n500",138,1304589374,1000,"ok",0.365269461077844,4.33023801341656,0.160000000000025,"ok",0.50306283986594,0.499694022856176,0.512752779145517,2.44999999999999
"paper_f2_onset__uniform__n500",142,232446401,1000,"ok",0.417165668662675,4.61857190613716,0.120000000000005,"ok",0.514213777900654,0.502031928859399,0.529505651245901,2.11000000000001
"paper_f2_onset__uniform__n500",146,1983082985,1000,"ok",0.321357285429142,4.79552552133749,0.160000000000025,"ok",0.504093783056134,0.499465859218343,0.517444568131323,2.76999999999998
"paper_f2_onset__uniform__n500",150,1992607597,1000,"ok",0.459081836327345,5.56841339585048,0.139999999999986,"ok",0.514985792531421,0.506432927558546,0.532316066219066,2.21000000000004
"paper_f2_onset__uniform__n500",154,1497797152,1000,"ok",0.387225548902196,5.00583914980709,0.189999999999998,"ok",0.510339768647467,0.503550878269794,0.523321173156723,2.69
"paper_f2_onset__uniform__n500",158,557342858,1000,"ok",0.463073852295409,4.79972401957466,0.139999999999986,"ok",0.510950907632686,0.502792203192125,0.529446670239352,2.42000000000002
"paper_f2_onset__uniform__n500",162,889994927,1000,"ok",0.409181636726547,4.47424065597028,0.169999999999959,"ok",0.50567588873188,0.500470278651532,0.519724670011906,2.80000000000001
"paper_f2_onset__uniform__n500",166,436098348,1000,"ok",0.393213572854291,4.53622886710231,0.160000000000025,"ok",0.504641966610252,0.500549186312777,0.516138356223467,2.37
"paper_f2_onset__uniform__n500",170,95378328,1000,"ok",0.3812375249501,4.70893748600346,0.169999999999959,"ok",0.508126859505903,0.503454687607428,0.524131418925066,2.71000000000004
"paper_f2_onset__uniform__n500",174,1801039555,1000,"ok",0.341317365269461,5.39183479563276,0.120000000000005,"ok",0.509795850691422,0.503190742760346,0.521856034392618,2.73999999999995
"paper_f2_onset__uniform__n500",178,261956709,1000,"ok",0.363273453093812,4.25667965726583,0.180000000000007,"ok",0.507126872781276,0.501645198776416,0.520525974468533,2.71000000000004
"paper_f2_onset__uniform__n500",182,679870151,1000,"ok",0.479041916167665,4.81958900024691,0.149999999999977,"ok",0.504443142903645,0.499998271992083,0.516375996564267,2.91000000000003
"paper_f2_onset__uniform__n500",186,1556959216,1000,"ok",0.36127744510978,5.07281834146314,0.180000000000007,"ok",0.506428065591465,0.500750245558239,0.525973163698327,2.52999999999997
"paper_f2_onset__uniform__n500",190,1014735446,1000,"ok",0.383233532934132,4.30542877089833,0.220000000000027,"ok",0.500096141862539,0.495010964296281,0.512242430838353,3.05000000000001
"paper_f2_onset__uniform__n500",194,875514662,1000,"ok",0.303393213572854,5.4259190912548,0.149999999999977,"ok",0.500667020623741,0.494653773696736,0.516986856304943,2.72000000000003
"paper_f2_onset__uniform__n500",198,1095234514,1000,"ok",0.546906187624751,4.31629246518511,0.170000000000016,"ok",0.508759609558906,0.500848984098827,0.527635361841991,2.82999999999998
"paper_f3_jump__uniform__n500",2,809772140,1000,"ok",0.301397205588822,4.33052587966013,0.199999999999989,"ok",0.305388884499789,0.300450296059631,0.308193238310706,3.82999999999998
"paper_f3_jump__uniform__n500",6,2097861398,1000,"ok",0.301397205588822,4.81042167363756,0.160000000000025,"ok",0.305124310059763,0.300723115621018,0.307835769150283,2.42000000000002
"paper_f3_jump__uniform__n500",10,427595420,1000,"ok",0.301397205588822,4.49517987884997,0.120000000000005,"ok",0.305760491883097,0.301155568241306,0.309007171536897,3.17999999999995
"paper_f3_jump__uniform__n500",14,518357745,1000,"ok",0.301397205588822,4.65012733965211,0.150000000000034,"ok",0.305591790117808,0.301186724110815,0.308641106750087,4.01999999999998
"paper_f3_jump__uniform__n500",18,380318398,1000,"ok",0.301397205588822,4.74086361927985,0.220000000000027,"ok",0.305852379799487,0.301013687656521,0.30881262325477,3.19999999999999
"paper_f3_jump__uniform__n500",22,465914472,1000,"ok",0.301397205588822,4.87681330028986,0.189999999999998,"ok",0.305311094110622,0.300310426145879,0.308563261737157,3.19999999999999
"paper_f3_jump__uniform__n500",26,259860107,1000,"ok",0.301397205588822,5.44325138423368,0.220000000000027,"ok",0.305241160948494,0.300019163553175,0.308208297987001,3.96999999999997
"paper_f3_jump__uniform__n500",30,1879038231,1000,"ok",0.301397205588822,5.51234933350594,0.210000000000036,"ok",0.30580031391963,0.300673315145724,0.308775474275371,3.39999999999998
"paper_f3_jump__uniform__n500",34,2067297900,1000,"ok",0.301397205588822,4.95108574763831,0.160000000000025,"ok",0.305613059385601,0.300886380744262,0.30839159327518,4.35999999999996
"paper_f3_jump__uniform__n500",38,668493097,1000,"ok",0.301397205588822,5.39071581715602,0.28000000000003,"ok",0.305555927257936,0.301017304775637,0.308877476443543,3.61000000000001
"paper_f3_jump__uniform__n500",42,2074156054,1000,"ok",0.301397205588822,4.96429954771149,0.269999999999982,"ok",0.305291492365211,0.300374423833949,0.308351923479513,3.73000000000002
"paper_f3_jump__uniform__n500",46,729010835,1000,"ok",0.301397205588822,4.5553453572319,0.25,"ok",0.305843695332473,0.301453537045374,0.309123225201524,4.81
"paper_f3_jump__uniform__n500",50,291769460,1000,"ok",0.301397205588822,5.68143708970097,0.129999999999995,"ok",0.305729189576996,0.300693378707892,0.308687162592754,3.97999999999996
"paper_f3_jump__uniform__n500",54,856033092,1000,"ok",0.301397205588822,5.2863933889572,0.139999999999986,"ok",0.305138052264164,0.299882576724672,0.308157733714913,5.5
"paper_f3_jump__uniform__n500",58,592051392,1000,"ok",0.301397205588822,5.4436760089569,0.259999999999991,"ok",0.305678678188143,0.300583111615615,0.308832933551315,4.63999999999999
"paper_f3_jump__uniform__n500",62,145899899,1000,"ok",0.301397205588822,5.20109583337656,0.300000000000011,"ok",0.305556671225511,0.300722779317905,0.308775958377282,5
"paper_f3_jump__uniform__n500",66,1743928031,1000,"ok",0.301397205588822,4.74220172767259,0.189999999999998,"ok",0.305764633806779,0.301396624084457,0.308988011035825,4.13999999999999
"paper_f3_jump__uniform__n500",70,1716744536,1000,"ok",0.301397205588822,4.60404285360028,0.189999999999998,"ok",0.305685926311608,0.301596380993328,0.308451574401093,4.61000000000001
"paper_f3_jump__uniform__n500",74,668604285,1000,"ok",0.301397205588822,4.9637344903569,0.220000000000027,"ok",0.305778712592745,0.300926426769017,0.309373089757718,3.77999999999997
"paper_f3_jump__uniform__n500",78,867171954,1000,"ok",0.301397205588822,5.09903426675367,0.200000000000045,"ok",0.305364434772736,0.300998821441152,0.308183069855811,3.89999999999998
"paper_f3_jump__uniform__n500",82,2088303884,1000,"ok",0.301397205588822,5.09171768631888,0.240000000000009,"ok",0.305717871383038,0.30091629503834,0.308772898594259,3.56
"paper_f3_jump__uniform__n500",86,1492583831,1000,"ok",0.301397205588822,4.40448617235938,0.25,"ok",0.305031465353085,0.300380121246018,0.307829991093971,3.13999999999999
"paper_f3_jump__uniform__n500",90,1337384474,1000,"ok",0.301397205588822,4.83416218590945,0.189999999999998,"ok",0.305071836564905,0.300500943655888,0.307968186613414,3.84000000000003
"paper_f3_jump__uniform__n500",94,75076403,1000,"ok",0.301397205588822,5.46361868551224,0.169999999999959,"ok",0.30586917829531,0.301009387660585,0.309187023625467,3.91000000000003
"paper_f3_jump__uniform__n500",98,1399415700,1000,"ok",0.301397205588822,4.5368036729539,0.170000000000016,"ok",0.305416183209164,0.300764040584758,0.308523727931495,3.52999999999997
"paper_f3_jump__uniform__n500",102,620114403,1000,"ok",0.301397205588822,4.38983811602823,0.220000000000027,"ok",0.305684537976742,0.300840682514372,0.308499576070963,3.38999999999999
"paper_f3_jump__uniform__n500",106,751277818,1000,"ok",0.301397205588822,5.34375718491507,0.139999999999986,"ok",0.305584213805895,0.30064032558016,0.308919224887066,3.34000000000003
"paper_f3_jump__uniform__n500",110,1537564934,1000,"ok",0.301397205588822,5.24712362284492,0.170000000000016,"ok",0.305420398909458,0.300645757945041,0.308211591890002,3.10999999999996
"paper_f3_jump__uniform__n500",114,1743593017,1000,"ok",0.301397205588822,4.59854766903378,0.240000000000009,"ok",0.304960014957991,0.300575457783319,0.30802288297321,2.67000000000002
"paper_f3_jump__uniform__n500",118,1056821907,1000,"ok",0.301397205588822,5.07288364918422,0.139999999999986,"ok",0.306087500199775,0.301660792259976,0.308964864478082,2.75
"paper_f3_jump__uniform__n500",122,384676078,1000,"ok",0.301397205588822,5.11650334196968,0.180000000000007,"ok",0.305729015551725,0.301242841477796,0.308705526628224,2.5
"paper_f3_jump__uniform__n500",126,138373396,1000,"ok",0.301397205588822,4.85911338936293,0.210000000000036,"ok",0.305368764657462,0.300745971381274,0.30801137344851,3.06999999999999
"paper_f3_jump__uniform__n500",130,1485056864,1000,"ok",0.301397205588822,4.74944691074587,0.139999999999986,"ok",0.305666838850363,0.300901306235445,0.308808784376354,2.36000000000001
"paper_f3_jump__uniform__n500",134,86868206,1000,"ok",0.301397205588822,4.98282948796375,0.169999999999959,"ok",0.305248418386854,0.300265043168755,0.308245015737565,2.72000000000003
"paper_f3_jump__uniform__n500",138,1909150846,1000,"ok",0.301397205588822,5.13870084464211,0.149999999999977,"ok",0.305971683547308,0.300945266455392,0.309224571781569,2.89000000000004
"paper_f3_jump__uniform__n500",142,1711629559,1000,"ok",0.301397205588822,5.03238454671177,0.159999999999968,"ok",0.305536995347572,0.300839838626953,0.308640740032468,2.64000000000004
"paper_f3_jump__uniform__n500",146,630519183,1000,"ok",0.301397205588822,4.92621605210208,0.149999999999977,"ok",0.305773589276418,0.300712235822846,0.308993560910843,2.31999999999999
"paper_f3_jump__uniform__n500",150,116233970,1000,"ok",0.301397205588822,5.04860327495199,0.129999999999995,"ok",0.305267409852234,0.300460941520486,0.308216645676223,2.43000000000001
"paper_f3_jump__uniform__n500",154,1410495558,1000,"ok",0.301397205588822,5.15217644042089,0.160000000000025,"ok",0.30527182984383,0.3003919061017,0.308049715954263,2.96999999999997
"paper_f3_jump__uniform__n500",158,1830344244,1000,"ok",0.301397205588822,4.61496048227041,0.129999999999995,"ok",0.305576782986739,0.30113278025833,0.30859849274932,2.07999999999998
"paper_f3_jump__uniform__n500",162,1128189681,1000,"ok",0.301397205588822,5.2293134683205,0.149999999999977,"ok",0.305814620447681,0.300307554564814,0.309219064247776,2.33000000000004
"paper_f3_jump__uniform__n500",166,1816063517,1000,"ok",0.301397205588822,4.98147914687901,0.109999999999957,"ok",0.305754707548095,0.30056430681107,0.309142596134238,2.36000000000001
"paper_f3_jump__uniform__n500",170,1543732747,1000,"ok",0.301397205588822,4.64550507040573,0.139999999999986,"ok",0.306116944223211,0.301343283788741,0.309449818676086,2.53000000000003
"paper_f3_jump__uniform__n500",174,213609746,1000,"ok",0.301397205588822,5.25698043263936,0.129999999999995,"ok",0.305107591153797,0.300469049964605,0.308493114946054,1.94999999999999
"paper_f3_jump__uniform__n500",178,1415669672,1000,"ok",0.301397205588822,3.95520458902781,0.129999999999995,"ok",0.305769221511931,0.300949785251666,0.308539546974679,2.36000000000001
"paper_f3_jump__uniform__n500",182,59400179,1000,"ok",0.301397205588822,5.25623880513734,0.120000000000005,"ok",0.305839431580481,0.300604556910211,0.308946566647177,2.19999999999999
"paper_f3_jump__uniform__n500",186,442921747,1000,"ok",0.301397205588822,4.87876467794649,0.139999999999986,"ok",0.305895833145359,0.301304797718683,0.308963061995742,2.72000000000003
"paper_f3_jump__uniform__n500",190,1767388009,1000,"ok",0.301397205588822,4.61265309886057,0.110000000000014,"ok",0.30510003463895,0.300397615501542,0.308001369294854,2.04999999999995
"paper_f3_jump__uniform__n500",194,1176982001,1000,"ok",0.301397205588822,5.21443635950061,0.0900000000000318,"ok",0.305552492626428,0.300529307191043,0.308442930045905,2.31999999999999
"paper_f3_jump__uniform__n500",198,1493729533,1000,"ok",0.301397205588822,5.3306256272005,0.120000000000005,"ok",0.305598824631385,0.300772319221363,0.308658880173936,2.15999999999997
"paper_f4_logistic__uniform__n500",2,221483719,1000,"ok",0.0558882235528942,5.56356903732005,0.190000000000055,"ok",0.00199600798403194,0.00199600798403194,0.629698425954207,2.66999999999996
"paper_f4_logistic__uniform__n500",6,747545748,1000,"ok",0.0459081836327345,5.24555771795726,0.190000000000055,"ok",0.386771458999658,0.00199600798403194,0.638046332938978,2.27999999999997
"paper_f4_logistic__uniform__n500",10,522452406,1000,"ok",0.399201596806387,5.08712179054845,0.189999999999941,"ok",0.412392959333072,0.00199600798403194,0.461321692697477,2.72000000000003
"paper_f4_logistic__uniform__n500",14,916841830,1000,"ok",0.385229540918164,4.99069368063548,0.149999999999977,"ok",0.30983364753207,0.177989045750584,0.448354373733297,2.3900000000001
"paper_f4_logistic__uniform__n500",18,1540886691,1000,"ok",0.544910179640719,4.75937213568436,0.17999999999995,"ok",0.472611021945182,0.00199600798403194,0.605901237380422,2.75
"paper_f4_logistic__uniform__n500",22,462114066,1000,"ok",0.463073852295409,5.2689798048551,0.139999999999986,"ok",0.347668731117202,0.00199600798403194,0.476670336305393,2.02999999999997
"paper_f4_logistic__uniform__n500",26,1198590909,1000,"ok",0.241516966067864,4.49240667402364,0.139999999999986,"ok",0.327574371866751,0.185444278260142,0.445585086347957,2.37
"paper_f4_logistic__uniform__n500",30,1419492589,1000,"ok",0.297405189620758,4.56257993598086,0.129999999999995,"ok",0.294106870329029,0.00199600798403194,0.321831625967549,2.5100000000001
"paper_f4_logistic__uniform__n500",34,967727244,1000,"ok",0.297405189620758,5.21703144885646,0.239999999999895,"ok",0.289043541179168,0.00199600798403194,0.433069214434758,2.84000000000003
"paper_f4_logistic__uniform__n500",38,447154887,1000,"ok",0.3812375249501,4.6385489566603,0.139999999999986,"ok",0.383105112635641,0.00199600798403194,0.474817297284842,2.35000000000002
"paper_f4_logistic__uniform__n500",42,886124828,1000,"ok",0.253493013972056,4.86459576129331,0.230000000000018,"ok",0.222061501573958,0.173090315170672,0.471013611757959,2.41999999999996
"paper_f4_logistic__uniform__n500",46,636108199,1000,"ok",0.0219560878243513,4.7729052292398,0.160000000000082,"ok",0.480188016633245,0.00199600798403194,0.628448811645688,2.82999999999993
"paper_f4_logistic__uniform__n500",50,1194093032,1000,"ok",0.0239520958083832,4.72077351611922,0.170000000000073,"ok",0.00199600798403194,0.00199600798403194,0.454775037448131,2.78999999999996
"paper_f4_logistic__uniform__n500",54,448855055,1000,"ok",0.259481037924152,4.63773135237391,0.149999999999977,"ok",0.298100881923289,0.00199600798403194,0.344412708753836,2.63
"paper_f4_logistic__uniform__n500",58,515777400,1000,"ok",0.0578842315369262,5.2055509475932,0.200000000000045,"ok",0.171250857789626,0.00199600798403194,0.440872222491391,2.25
"paper_f4_logistic__uniform__n500",62,426676806,1000,"ok",0.213572854291417,4.73965602089517,0.17999999999995,"ok",0.185628054814069,0.00199600798403194,0.556131928434637,3.30000000000007
"paper_f4_logistic__uniform__n500",66,1075014527,1000,"ok",0.173652694610778,4.79875373608646,0.139999999999986,"ok",0.00199600798403194,0.00199600798403194,0.447462198514393,2.43999999999994
"paper_f4_logistic__uniform__n500",70,142867496,1000,"ok",0.375249500998004,4.77476997836656,0.189999999999941,"ok",0.287251598392585,0.00199600798403194,0.445387934348989,2.76999999999998
"paper_f4_logistic__uniform__n500",74,420585424,1000,"ok",0.191616766467066,5.23705444566173,0.180000000000064,"ok",0.16845457725118,0.00199600798403194,0.430102786613227,3.74000000000001
"paper_f4_logistic__uniform__n500",78,1811577520,1000,"ok",0.0419161676646707,5.0181459616718,0.259999999999991,"ok",0.279804584841395,0.00199600798403194,0.459980067726765,3.20999999999992
"paper_f4_logistic__uniform__n500",82,452770165,1000,"ok",0.479041916167665,4.95951641878605,0.230000000000018,"ok",0.447979884076151,0.00199600798403194,0.473168607420513,3.01999999999998
"paper_f4_logistic__uniform__n500",86,1894335760,1000,"ok",0.159680638722555,4.68935626619397,0.200000000000045,"ok",0.167474632350871,0.00199600798403194,0.61993156930298,3.58000000000004
"paper_f4_logistic__uniform__n500",90,1039392209,1000,"ok",0.289421157684631,5.04947787632619,0.199999999999932,"ok",0.33119390473677,0.00199600798403194,0.455794836027517,3.56000000000006
"paper_f4_logistic__uniform__n500",94,1800850465,1000,"ok",0.153692614770459,5.16628100092161,0.269999999999982,"ok",0.185477563130728,0.168489165012269,0.458705992812764,2.97000000000003
"paper_f4_logistic__uniform__n500",98,1150696668,1000,"ok",0.163672654690619,5.1607456698598,0.199999999999932,"ok",0.312678785358688,0.00199600798403194,0.494704624831738,3.94000000000005
"paper_f4_logistic__uniform__n500",102,761463915,1000,"ok",0.331337325349301,4.93907860198804,0.269999999999982,"ok",0.314285159467449,0.17173257505946,0.471767307799845,3.70000000000005
"paper_f4_logistic__uniform__n500",106,1576462751,1000,"ok",0.451097804391218,5.16481307377841,0.159999999999968,"ok",0.457718821450781,0.00199600798403194,0.488987449898736,3.54999999999995
"paper_f4_logistic__uniform__n500",110,1652026389,1000,"ok",0.331337325349301,4.6235612270766,0.340000000000032,"ok",0.29481203448648,0.00199600798403194,0.394899130840803,3.91999999999996
"paper_f4_logistic__uniform__n500",114,1215658873,1000,"ok",0.0898203592814371,4.79576108510395,0.269999999999982,"ok",0.218206412616895,0.00199600798403194,0.464264740620871,3.59000000000003
"paper_f4_logistic__uniform__n500",118,89862369,1000,"ok",0.165668662674651,5.20623235830483,0.240000000000009,"ok",0.184296190814634,0.155586256836249,0.466681297856656,4.16999999999996
"paper_f4_logistic__uniform__n500",122,1578039621,1000,"ok",0.0139720558882236,4.72505904608627,0.400000000000091,"ok",0.295893085859562,0.00199600798403194,0.448188906595992,4.18999999999994
"paper_f4_logistic__uniform__n500",126,1494771893,1000,"ok",0.409181636726547,4.59929016853007,0.220000000000027,"ok",0.461597066972799,0.00199600798403194,0.491301082124634,5.04999999999995
"paper_f4_logistic__uniform__n500",130,16897101,1000,"ok",0.355289421157685,5.05113108431079,0.360000000000014,"ok",0.323243407519058,0.00199600798403194,0.624125003757394,4.56000000000006
"paper_f4_logistic__uniform__n500",134,196456293,1000,"ok",0.337325349301397,5.42246959841645,0.199999999999932,"ok",0.306168363694066,0.15598690479364,0.414631611585025,4.86000000000001
"paper_f4_logistic__uniform__n500",138,1984164568,1000,"ok",0.217564870259481,5.19238965873287,0.279999999999973,"ok",0.176834854005833,0.148042331500484,0.440800989056268,4.30000000000007
"paper_f4_logistic__uniform__n500",142,384746845,1000,"ok",0.0279441117764471,4.67584209217478,0.279999999999973,"ok",0.0391843042896482,0.00199600798403194,0.608704811949373,4.16999999999996
"paper_f4_logistic__uniform__n500",146,338956222,1000,"ok",0.359281437125749,4.6415525501169,0.170000000000073,"ok",0.270528189695024,0.00199600798403194,0.310182359536436,4.14999999999998
"paper_f4_logistic__uniform__n500",150,296141204,1000,"ok",0.0538922155688623,5.11817937498574,0.289999999999964,"ok",0.303123910396197,0.00199600798403194,0.470395909544387,3.71000000000004
"paper_f4_logistic__uniform__n500",154,310911305,1000,"ok",0.0499001996007984,4.70485195950701,0.259999999999991,"ok",0.166408960319446,0.00199600798403194,0.329692389151012,3.70000000000005
"paper_f4_logistic__uniform__n500",158,1530519520,1000,"ok",0.0578842315369262,4.56183950435881,0.25,"ok",0.267629324034562,0.00199600798403194,0.371503545085731,3.36000000000001
"paper_f4_logistic__uniform__n500",162,2085543548,1000,"ok",0.351297405189621,5.55884942459105,0.169999999999959,"ok",0.423577028023493,0.00199600798403194,0.512477330467763,3.49000000000001
"paper_f4_logistic__uniform__n500",166,876473485,1000,"ok",0.0698602794411178,5.16261048080354,0.289999999999964,"ok",0.189130568715365,0.00199600798403194,0.465446802348679,3.13
"paper_f4_logistic__uniform__n500",170,333430639,1000,"ok",0.12375249500998,4.83619596983668,0.200000000000045,"ok",0.00199600798403194,0.00199600798403194,0.622941052487808,3
"paper_f4_logistic__uniform__n500",174,2131441569,1000,"ok",0.00199600798403194,4.79410892541289,0.189999999999941,"ok",0.146471073762872,0.00199600798403194,0.624449350043164,3.23000000000002
"paper_f4_logistic__uniform__n500",178,1882484130,1000,"ok",0.465069860279441,4.95536908070255,0.220000000000027,"ok",0.184437415243378,0.00199600798403194,0.453190237771736,2.88
"paper_f4_logistic__uniform__n500",182,1194392935,1000,"ok",0.568862275449102,4.84239905948748,0.169999999999959,"ok",0.447665082864136,0.00199600798403194,0.486107014102071,2.7600000000001
"paper_f4_logistic__uniform__n500",186,786266539,1000,"ok",0.00199600798403194,4.73878706513626,0.17999999999995,"ok",0.00199600798403194,0.00199600798403194,0.605110342851192,3.13999999999999
"paper_f4_logistic__uniform__n500",190,2020261819,1000,"ok",0.157684630738523,4.86506282889979,0.210000000000036,"ok",0.437134707717353,0.00199600798403194,0.614665211821798,2.75
"paper_f4_logistic__uniform__n500",194,581251624,1000,"ok",0.0379241516966068,4.96468754886419,0.149999999999977,"ok",0.00199600798403194,0.00199600798403194,0.283432718458251,2.60000000000002
"paper_f4_logistic__uniform__n500",198,389118934,1000,"ok",0.199600798403194,4.89728265754092,0.220000000000027,"ok",0.18076233889431,0.158036653049892,0.41131836277721,2.8599999999999
"paper_f1_cusp__beta_4_8__n500",2,2007658121,1000,"ok",0.300918565879214,4.22089249147947,0.219999999999914,"ok",0.307264191180275,0.296226179805696,0.326803862088389,2.90000000000009
"paper_f1_cusp__beta_4_8__n500",6,1533474312,1000,"ok",0.300238513828218,4.68963074494011,0.17999999999995,"ok",0.298053687001666,0.288824483548186,0.312699901339112,2.52999999999997
"paper_f1_cusp__beta_4_8__n500",10,1484277769,1000,"ok",0.303639124926181,4.80181753370408,0.149999999999977,"ok",0.309393539386025,0.297548595020027,0.330346669354178,2.60000000000002
"paper_f1_cusp__beta_4_8__n500",14,986495736,1000,"ok",0.300918565879214,4.71270798329717,0.25,"ok",0.300885026098568,0.29122949463824,0.316931304130055,3.35000000000002
"paper_f1_cusp__beta_4_8__n500",18,1612576359,1000,"ok",0.301598638121517,5.22592675818504,0.25,"ok",0.298430280163961,0.288920190971647,0.314012943543871,2.87
"paper_f1_cusp__beta_4_8__n500",22,855196067,1000,"ok",0.300918565879214,4.95841241029785,0.240000000000009,"ok",0.310257447842637,0.298832155241714,0.33184122833255,2.50999999999999
"paper_f1_cusp__beta_4_8__n500",26,798614784,1000,"ok",0.300238513828218,4.39302549503469,0.200000000000045,"ok",0.310679170240107,0.297120697363114,0.335148659701586,2.86000000000001
"paper_f1_cusp__beta_4_8__n500",30,961728377,1000,"ok",0.302278745464168,4.40153307127048,0.219999999999914,"ok",0.324407965223465,0.307735107590175,0.343709700361376,2.5
"paper_f1_cusp__beta_4_8__n500",34,1330809799,1000,"ok",0.296838032011695,4.9743336853608,0.190000000000055,"ok",0.310859663097465,0.29772345490805,0.331523944140515,2.52999999999997
"paper_f1_cusp__beta_4_8__n500",38,2009323213,1000,"ok",0.293435795221727,4.72959508617467,0.159999999999968,"ok",0.303883447481134,0.294581338748441,0.323050911721919,2.36000000000001
"paper_f1_cusp__beta_4_8__n500",42,1052934163,1000,"ok",0.299558467024255,5.21262780729879,0.149999999999977,"ok",0.301583510155983,0.291522949346067,0.318495028949184,2.7700000000001
"paper_f1_cusp__beta_4_8__n500",46,339442398,1000,"ok",0.29479702236542,5.53287792486228,0.189999999999941,"ok",0.309602628919084,0.296487520894907,0.333922837720512,2.59000000000003
"paper_f1_cusp__beta_4_8__n500",50,1004071478,1000,"ok",0.30295890278359,4.46687909884688,0.25,"ok",0.305069303742556,0.294005827630261,0.326605983807776,2.52999999999997
"paper_f1_cusp__beta_4_8__n500",54,1949484841,1000,"ok",0.304319426710886,4.8978900543726,0.149999999999977,"ok",0.317316665741489,0.302757321543427,0.340731057683429,2.66000000000008
"paper_f1_cusp__beta_4_8__n500",58,483072914,1000,"ok",0.300238513828218,4.81791908462984,0.189999999999941,"ok",0.312629463235128,0.300738670541342,0.334866226882996,2.57000000000005
"paper_f1_cusp__beta_4_8__n500",62,650313196,1000,"ok",0.298198329188313,5.12156850003696,0.240000000000009,"ok",0.319727605423457,0.305952002524027,0.33868069762283,2.41999999999996
"paper_f1_cusp__beta_4_8__n500",66,1540386783,1000,"ok",0.298878410485179,4.49924859363667,0.139999999999986,"ok",0.300552327980864,0.291707570975419,0.316139988335237,2.36000000000001
"paper_f1_cusp__beta_4_8__n500",70,1387559708,1000,"ok",0.300918565879214,4.98080945984168,0.169999999999959,"ok",0.301100299409527,0.291567241716912,0.320122424022708,2.60000000000002
"paper_f1_cusp__beta_4_8__n500",74,2057793592,1000,"ok",0.300918565879214,4.64962721421661,0.200000000000045,"ok",0.312980092261129,0.299732363486263,0.334388112698439,2.47000000000003
"paper_f1_cusp__beta_4_8__n500",78,2145671320,1000,"ok",0.300918565879214,4.94590597813846,0.139999999999986,"ok",0.310886008995883,0.299303379244907,0.332539908522963,2.25
"paper_f1_cusp__beta_4_8__n500",82,296149413,1000,"ok",0.302278745464168,4.32034469922117,0.159999999999968,"ok",0.304595525048146,0.29422512758987,0.323041362525566,2.35000000000002
"paper_f1_cusp__beta_4_8__n500",86,514413182,1000,"ok",0.299558467024255,4.71059701246147,0.189999999999941,"ok",0.313556734027665,0.301213201473696,0.33498098661825,2.88999999999999
"paper_f1_cusp__beta_4_8__n500",90,1719293139,1000,"ok",0.300918565879214,4.84121951734713,0.160000000000082,"ok",0.307731826521366,0.295505607562774,0.329963771261774,3.02999999999997
"paper_f1_cusp__beta_4_8__n500",94,254755070,1000,"ok",0.30295890278359,4.91552930722346,0.220000000000027,"ok",0.307581194297038,0.295218944393527,0.330326960713078,2.23000000000002
"paper_f1_cusp__beta_4_8__n500",98,55075378,1000,"ok",0.300918565879214,4.70098477747153,0.189999999999941,"ok",0.30484690137767,0.29392306006625,0.322620670945004,2.49000000000001
"paper_f1_cusp__beta_4_8__n500",102,1484387643,1000,"ok",0.300918565879214,4.84050064072385,0.190000000000055,"ok",0.308496514241824,0.296750248713784,0.331225152128519,2.57999999999993
"paper_f1_cusp__beta_4_8__n500",106,1245075479,1000,"ok",0.301598638121517,4.23103911866046,0.25,"ok",0.315913118439735,0.303504045862923,0.336241069236639,2.47000000000003
"paper_f1_cusp__beta_4_8__n500",110,1579349395,1000,"ok",0.300918565879214,4.82831998299536,0.17999999999995,"ok",0.312180923594234,0.300103596614545,0.336374843480263,2.47000000000003
"paper_f1_cusp__beta_4_8__n500",114,1642115346,1000,"ok",0.300238513828218,4.3779098354004,0.170000000000073,"ok",0.308714317762672,0.297057165762644,0.330040202633888,2.75
"paper_f1_cusp__beta_4_8__n500",118,1940495956,1000,"ok",0.298198329188313,5.24320411722059,0.219999999999914,"ok",0.300894868244213,0.291111492413218,0.319398945292265,2.81000000000006
"paper_f1_cusp__beta_4_8__n500",122,1166216758,1000,"ok",0.30568032836049,5.3130288664292,0.159999999999968,"ok",0.306963253446598,0.294948091587932,0.326957459558157,2.84000000000003
"paper_f1_cusp__beta_4_8__n500",126,1173945468,1000,"ok",0.298878410485179,4.42358339365224,0.17999999999995,"ok",0.303964817461711,0.293479650014141,0.321253554837113,3.04000000000008
"paper_f1_cusp__beta_4_8__n500",130,933713586,1000,"ok",0.301598638121517,4.64513857570142,0.169999999999959,"ok",0.308003009291654,0.295999698598728,0.332017076500256,3.22000000000003
"paper_f1_cusp__beta_4_8__n500",134,2662662,1000,"ok",0.300918565879214,5.08375651857048,0.309999999999945,"ok",0.305128565098914,0.294196042679327,0.327186905096745,3.42000000000007
"paper_f1_cusp__beta_4_8__n500",138,1772791295,1000,"ok",0.311130070482799,4.54373850531366,0.220000000000027,"ok",0.30245517556418,0.29263108697604,0.321845069675898,3.30999999999995
"paper_f1_cusp__beta_4_8__n500",142,1153009124,1000,"ok",0.300918565879214,4.7636195101967,0.279999999999973,"ok",0.304535348580757,0.294027997159049,0.32403705902393,3.8900000000001
"paper_f1_cusp__beta_4_8__n500",146,1572134951,1000,"ok",0.30295890278359,4.96485861649014,0.309999999999945,"ok",0.311631160344545,0.299495514435575,0.331857854715399,3.38999999999999
"paper_f1_cusp__beta_4_8__n500",150,1555860984,1000,"ok",0.300918565879214,4.9401390451436,0.330000000000041,"ok",0.30792298474933,0.297100519357751,0.329235598041851,4.41999999999996
"paper_f1_cusp__beta_4_8__n500",154,1343211399,1000,"ok",0.300918565879214,5.1263873370138,0.220000000000027,"ok",0.307945566028424,0.296555075190181,0.329227236760835,3.61000000000001
"paper_f1_cusp__beta_4_8__n500",158,672221876,1000,"ok",0.297518208067761,5.22001066147256,0.309999999999945,"ok",0.315101560983715,0.302497857913747,0.337111095714256,4.08000000000004
"paper_f1_cusp__beta_4_8__n500",162,1400620391,1000,"ok",0.297518208067761,4.66859124338885,0.370000000000005,"ok",0.313629717162314,0.300356514441428,0.335464380766045,3.86000000000001
"paper_f1_cusp__beta_4_8__n500",166,854757617,1000,"ok",0.300918565879214,4.51249854938521,0.389999999999986,"ok",0.31739995935275,0.303687628107355,0.337554184968862,5.63
"paper_f1_cusp__beta_4_8__n500",170,645164327,1000,"ok",0.302278745464168,4.83590358543128,0.389999999999986,"ok",0.296971206172808,0.287778152422891,0.311346838964083,4.78000000000009
"paper_f1_cusp__beta_4_8__n500",174,1608312990,1000,"ok",0.300918565879214,4.48332695890917,0.379999999999995,"ok",0.309818899116761,0.297330272415817,0.332766713118472,4.94999999999993
"paper_f1_cusp__beta_4_8__n500",178,917205829,1000,"ok",0.291392815109565,4.32175101792331,0.360000000000014,"ok",0.307996629027021,0.296661645062432,0.329592680764389,4.72000000000003
"paper_f1_cusp__beta_4_8__n500",182,679348750,1000,"ok",0.300238513828218,5.13866864388553,0.25,"ok",0.299282839731802,0.28899900676687,0.316983888925866,4.72000000000003
"paper_f1_cusp__beta_4_8__n500",186,2047821804,1000,"ok",0.309085009382824,4.85987896369211,0.329999999999927,"ok",0.306612073969082,0.295307039135416,0.328057648978581,4.12
"paper_f1_cusp__beta_4_8__n500",190,1038534721,1000,"ok",0.296157785859616,4.86564926552984,0.490000000000009,"ok",0.311828714753221,0.299518333634163,0.333872746301987,8.23000000000002
"paper_f1_cusp__beta_4_8__n500",194,1088824142,1000,"ok",0.303639124926181,5.09944828250029,0.559999999999945,"ok",0.301176962331476,0.290679995962338,0.318805550475292,9.6400000000001
"paper_f1_cusp__beta_4_8__n500",198,1744964397,1000,"ok",0.300918565879214,4.38829599030761,0.8599999999999,"ok",0.305245523079601,0.295434587361232,0.325188135605895,9.78000000000009
"paper_f2_onset__beta_4_8__n500",2,442806717,1000,"ok",0.419777333931662,5.0603798191983,0.590000000000032,"ok",0.415535571893804,0.408343198378255,0.448441197542402,9.27999999999997
"paper_f2_onset__beta_4_8__n500",6,1753301921,1000,"ok",0.360340412911163,5.15546211523541,0.240000000000009,"ok",0.415226630255313,0.409837218865015,0.440843621585427,7.34000000000003
"paper_f2_onset__beta_4_8__n500",10,1169266240,1000,"ok",0.361818443114874,4.80797181051125,0.299999999999955,"ok",0.419964452810482,0.411830242645564,0.465769357603658,5.94000000000005
"paper_f2_onset__beta_4_8__n500",14,1301911526,1000,"ok",0.33107060501069,5.17543727064546,0.330000000000041,"ok",0.414786886489106,0.408393562083913,0.441004322476261,5.68999999999994
"paper_f2_onset__beta_4_8__n500",18,451584234,1000,"ok",0.336655969733213,4.91375427890006,0.180000000000064,"ok",0.42550319520864,0.416761518214735,0.478236217060012,5.09999999999991
"paper_f2_onset__beta_4_8__n500",22,1524770589,1000,"ok",0.32552867267142,5.25344033415397,0.279999999999973,"ok",0.444901724176281,0.420737472061471,0.504911636000281,4.68999999999994
"paper_f2_onset__beta_4_8__n500",26,1591571955,1000,"ok",0.431180367802541,4.68528989301454,0.220000000000027,"ok",0.42753121254892,0.420152369729097,0.481134698023406,3.59000000000003
"paper_f2_onset__beta_4_8__n500",30,432645331,1000,"ok",0.322771500163167,4.47446296341777,0.269999999999982,"ok",0.42512952058997,0.414338691537798,0.48316557935069,3.52999999999997
"paper_f2_onset__beta_4_8__n500",34,382829756,1000,"ok",0.338763352244409,5.09533413753577,0.170000000000073,"ok",0.413616103130949,0.407062868539462,0.442513269870656,3.76999999999998
"paper_f2_onset__beta_4_8__n500",38,1382592046,1000,"ok",0.363302345231921,4.87068824523596,0.159999999999968,"ok",0.42581737895788,0.416113537261838,0.484723705441818,4.35000000000002
"paper_f2_onset__beta_4_8__n500",42,1473892083,1000,"ok",0.326219313147043,4.89683417006982,0.25,"ok",0.420537276719365,0.412817068108035,0.462642205645671,3.65999999999997
"paper_f2_onset__beta_4_8__n500",46,1862148445,1000,"ok",0.446497483845375,5.0037127435256,0.159999999999968,"ok",0.428471984152973,0.419847019929971,0.491536947908478,3.48000000000002
"paper_f2_onset__beta_4_8__n500",50,2086040513,1000,"ok",0.395350622534735,5.18406300350213,0.220000000000027,"ok",0.419765517879307,0.412572274396044,0.454675341963226,3.47000000000003
"paper_f2_onset__beta_4_8__n500",54,1739948286,1000,"ok",0.382424662925501,4.69118166001738,0.139999999999986,"ok",0.407245923430992,0.40226422881467,0.42529925013583,3.5
"paper_f2_onset__beta_4_8__n500",58,2054535849,1000,"ok",0.343001715313972,4.17076750147782,0.110000000000014,"ok",0.42241639459934,0.415147692730832,0.463940112790519,2.98000000000002
"paper_f2_onset__beta_4_8__n500",62,1607627798,1000,"ok",0.322771500163167,4.47238850356981,0.159999999999968,"ok",0.418833868011606,0.412704095300492,0.452810911612692,3.22000000000003
"paper_f2_onset__beta_4_8__n500",66,991397623,1000,"ok",0.402919918023034,4.84911957282922,0.169999999999959,"ok",0.418579558005362,0.41228387500681,0.452564005751868,3.22000000000003
"paper_f2_onset__beta_4_8__n500",70,2045779614,1000,"ok",0.479631484115781,5.02596138993934,0.159999999999968,"ok",0.430954802807119,0.417598223657017,0.484594517232491,2.75
"paper_f2_onset__beta_4_8__n500",74,46351545,1000,"ok",0.309085009382824,5.34655312282211,0.159999999999968,"ok",0.413041583430475,0.407179809659115,0.43803735156151,2.67000000000007
"paper_f2_onset__beta_4_8__n500",78,2116612505,1000,"ok",0.419777333931662,4.57736875065108,0.169999999999959,"ok",0.423416072220867,0.416572448293734,0.465686323681204,2.97000000000003
"paper_f2_onset__beta_4_8__n500",82,612064986,1000,"ok",0.477003491854983,4.88514883002147,0.159999999999968,"ok",0.432369509172627,0.416655936770926,0.479207080927434,2.73000000000002
"paper_f2_onset__beta_4_8__n500",86,88386010,1000,"ok",0.456393899854763,5.17273300008604,0.139999999999986,"ok",0.422943282969284,0.411532276030823,0.462279129911301,2.63
"paper_f2_onset__beta_4_8__n500",90,1831138326,1000,"ok",0.343711367191658,4.6614466867284,0.149999999999977,"ok",0.413397689938428,0.407968587818385,0.438212736774394,2.58000000000004
"paper_f2_onset__beta_4_8__n500",94,46544792,1000,"ok",0.366288484276887,5.29425401634795,0.169999999999959,"ok",0.424984590558834,0.415755462194595,0.478634872516317,2.81000000000006
"paper_f2_onset__beta_4_8__n500",98,1618680727,1000,"ok",0.546516837019221,5.14903106860487,0.110000000000014,"ok",0.421495019868002,0.410332429546516,0.468651848079783,2.88999999999999
"paper_f2_onset__beta_4_8__n500",102,427077361,1000,"ok",0.385598703454063,4.66583600874368,0.139999999999986,"ok",0.413412548473566,0.407338271318431,0.437094885528229,2.77999999999997
"paper_f2_onset__beta_4_8__n500",106,263125835,1000,"ok",0.304999822931758,5.44099002540426,0.129999999999995,"ok",0.421580749099892,0.413076831308024,0.466084270600383,2.90000000000009
"paper_f2_onset__beta_4_8__n500",110,1758599214,1000,"ok",0.377728202260205,4.38714173671472,0.189999999999941,"ok",0.428583132432697,0.418981971318374,0.484054273152429,2.38999999999999
"paper_f2_onset__beta_4_8__n500",114,1759324251,1000,"ok",0.318650247422621,4.90772425586956,0.159999999999968,"ok",0.416182925285602,0.409835620948033,0.449894385039368,3.29000000000008
"paper_f2_onset__beta_4_8__n500",118,569222826,1000,"ok",0.548893628205321,5.22884151630557,0.149999999999977,"ok",0.427846372783451,0.415172567003882,0.505146641893395,3.96000000000004
"paper_f2_onset__beta_4_8__n500",122,657337378,1000,"ok",0.312494627874386,5.24798757991106,0.219999999999914,"ok",0.422704605341645,0.414671264555614,0.478377423593306,4.5
"paper_f2_onset__beta_4_8__n500",126,785108358,1000,"ok",0.553825350105954,4.81950464026151,0.220000000000027,"ok",0.433633568916465,0.422895802312087,0.512680856674086,4.08000000000004
"paper_f2_onset__beta_4_8__n500",130,848899112,1000,"ok",0.334555851906083,4.32653993390018,0.169999999999959,"ok",0.41741834406075,0.41142007635797,0.444556654535701,3.25
"paper_f2_onset__beta_4_8__n500",134,1604914167,1000,"ok",0.466949737923703,5.62435981939881,0.200000000000045,"ok",0.4165528199792,0.409097904072798,0.452684852420457,4.15999999999997
"paper_f2_onset__beta_4_8__n500",138,1201950202,1000,"ok",0.454142064721682,5.04276566760058,0.240000000000009,"ok",0.421720580907961,0.414981809581319,0.466644431046042,4.52999999999997
"paper_f2_onset__beta_4_8__n500",142,248784945,1000,"ok",0.354483565984386,4.91504934559246,0.190000000000055,"ok",0.418313368800326,0.410909555032219,0.449509467415064,4.19999999999993
"paper_f2_onset__beta_4_8__n500",146,2028421473,1000,"ok",0.323460015262186,5.54397597921407,0.190000000000055,"ok",0.419929576708556,0.412894219465615,0.458899327718718,4.38999999999999
"paper_f2_onset__beta_4_8__n500",150,695787213,1000,"ok",0.423505034250471,4.369237600717,0.200000000000045,"ok",0.412516255767339,0.407419269362402,0.437703566344099,4.46000000000004
"paper_f2_onset__beta_4_8__n500",154,1071255103,1000,"ok",0.341585273206496,4.95921933714803,0.210000000000036,"ok",0.414583508577578,0.408738613550895,0.439172861964148,4.41999999999985
"paper_f2_onset__beta_4_8__n500",158,1450395422,1000,"ok",0.320022224341973,4.53581624901267,0.180000000000064,"ok",0.424377299664917,0.417137489314761,0.466755927127797,4.53999999999996
"paper_f2_onset__beta_4_8__n500",162,1210215614,1000,"ok",0.473150960243262,5.05805687963311,0.329999999999927,"ok",0.422455362174964,0.413558677772232,0.474654136794789,4
"paper_f2_onset__beta_4_8__n500",166,2061339272,1000,"ok",0.525343060403409,4.84232533377569,0.229999999999791,"ok",0.430902899461763,0.420911383484233,0.510319131084551,4.59000000000015
"paper_f2_onset__beta_4_8__n500",170,2025054782,1000,"ok",0.352308566840949,4.37357775029574,0.299999999999955,"ok",0.420515565871601,0.413074129537944,0.451929463134851,5.92000000000007
"paper_f2_onset__beta_4_8__n500",174,1801815612,1000,"ok",0.311130070482799,4.81203019915834,0.190000000000055,"ok",0.418341939971379,0.412121569834345,0.452656421230893,5.02999999999997
"paper_f2_onset__beta_4_8__n500",178,1272673393,1000,"ok",0.441242652027343,4.6306724112071,0.279999999999973,"ok",0.412059179945291,0.407077196528039,0.43286716517418,5.5
"paper_f2_onset__beta_4_8__n500",182,1742300151,1000,"ok",0.375407293041533,4.72268798229812,0.329999999999927,"ok",0.419424606050614,0.412501643530802,0.45366598121052,6
"paper_f2_onset__beta_4_8__n500",186,1461926722,1000,"ok",0.41885606437164,4.24046711546758,0.360000000000127,"ok",0.438166925179639,0.42518522788966,0.731081992819171,6.34999999999991
"paper_f2_onset__beta_4_8__n500",190,587490994,1000,"ok",0.451921326133375,4.55776941227552,0.279999999999973,"ok",0.419334763067684,0.412635145839536,0.453987876606069,6.30999999999995
"paper_f2_onset__beta_4_8__n500",194,1157001309,1000,"ok",0.361078705045533,5.56537053177067,0.360000000000127,"ok",0.4242208369759,0.415737642292713,0.481244569621705,7.05999999999995
"paper_f2_onset__beta_4_8__n500",198,440822306,1000,"ok",0.324838586350881,4.9919869149554,0.589999999999918,"ok",0.42552148170912,0.417429626709517,0.486505721100206,7.41000000000008
"paper_f3_jump__beta_4_8__n500",2,6050499,1000,"ok",0.300238513828218,5.25787985378955,0.610000000000127,"ok",0.271942853625413,0.263759051780432,0.277160091427439,7.27999999999997
"paper_f3_jump__beta_4_8__n500",6,735991181,1000,"ok",0.300238513828218,4.67572531222791,0.299999999999955,"ok",0.271818003843216,0.264246990401844,0.276849229809257,5.54999999999995
"paper_f3_jump__beta_4_8__n500",10,1584151626,1000,"ok",0.300238513828218,4.90590213320306,0.319999999999936,"ok",0.269956433916445,0.262435183322588,0.274365432566102,7.05000000000018
"paper_f3_jump__beta_4_8__n500",14,2133167156,1000,"ok",0.300238513828218,4.79312518584507,0.559999999999945,"ok",0.27130705250329,0.263712500714112,0.275885455831441,6.54999999999995
"paper_f3_jump__beta_4_8__n500",18,1679017189,1000,"ok",0.300238513828218,4.59873393001059,0.360000000000127,"ok",0.271146554648486,0.263208529075695,0.276137493688504,5.94999999999982
"paper_f3_jump__beta_4_8__n500",22,2051043694,1000,"ok",0.300238513828218,5.28207436473724,0.340000000000146,"ok",0.272058285859906,0.26369087266208,0.27726016927397,5.37999999999988
"paper_f3_jump__beta_4_8__n500",26,964259878,1000,"ok",0.300238513828218,5.0613109943457,0.269999999999982,"ok",0.273339565845411,0.265352819596946,0.279388298302932,5.41000000000008
"paper_f3_jump__beta_4_8__n500",30,2053363943,1000,"ok",0.300238513828218,4.96869388176328,0.25,"ok",0.27358983079791,0.26536240375371,0.278386882441062,4.68000000000006
"paper_f3_jump__beta_4_8__n500",34,288450795,1000,"ok",0.300238513828218,4.53933717751381,0.210000000000036,"ok",0.27155001649247,0.263904976965286,0.276306857176294,5.55999999999995
"paper_f3_jump__beta_4_8__n500",38,2057936835,1000,"ok",0.300238513828218,5.17328780947773,0.309999999999945,"ok",0.271436580415521,0.26362017463441,0.275539995100821,4.47000000000003
"paper_f3_jump__beta_4_8__n500",42,738485240,1000,"ok",0.300238513828218,4.45267588378909,0.259999999999991,"ok",0.272781629773486,0.265002347810148,0.278200460310509,4.71000000000004
"paper_f3_jump__beta_4_8__n500",46,2074779318,1000,"ok",0.300238513828218,5.45145717728547,0.259999999999991,"ok",0.27308545818405,0.265187751123377,0.278064230145474,4.66000000000008
"paper_f3_jump__beta_4_8__n500",50,1064194688,1000,"ok",0.300238513828218,4.81229403628839,0.269999999999982,"ok",0.271112689531103,0.26346027795952,0.275982592628998,4.82999999999993
"paper_f3_jump__beta_4_8__n500",54,1430765942,1000,"ok",0.300238513828218,5.06013349905828,0.339999999999918,"ok",0.272635892910982,0.265772248684664,0.277863068601452,4.34000000000015
"paper_f3_jump__beta_4_8__n500",58,674416376,1000,"ok",0.300238513828218,5.02458725027299,0.299999999999955,"ok",0.270328915539217,0.262999933947196,0.274831927948608,4.77999999999997
"paper_f3_jump__beta_4_8__n500",62,272797245,1000,"ok",0.300238513828218,4.80264321922513,0.190000000000055,"ok",0.269382199257667,0.262231697248936,0.273430491065407,3.91000000000008
"paper_f3_jump__beta_4_8__n500",66,47119104,1000,"ok",0.300238513828218,4.98337226058177,0.209999999999809,"ok",0.272748357647077,0.264713307248655,0.277997838258234,4.35000000000014
"paper_f3_jump__beta_4_8__n500",70,1619708387,1000,"ok",0.300238513828218,4.78319106894896,0.240000000000009,"ok",0.273057338027606,0.265033590640431,0.278228474073445,3.88999999999987
"paper_f3_jump__beta_4_8__n500",74,2083346881,1000,"ok",0.300238513828218,4.94924584799358,0.210000000000036,"ok",0.270481250821403,0.263183225903345,0.274782655754207,4.25
"paper_f3_jump__beta_4_8__n500",78,1862246721,1000,"ok",0.300238513828218,4.65684621407498,0.200000000000045,"ok",0.27246640051437,0.264441674966744,0.27774475012506,4.66000000000008
"paper_f3_jump__beta_4_8__n500",82,672919940,1000,"ok",0.300238513828218,4.64584570901348,0.25,"ok",0.273877022543033,0.266364620271036,0.279298773216359,4.47000000000003
"paper_f3_jump__beta_4_8__n500",86,96098188,1000,"ok",0.300238513828218,5.10568529213867,0.259999999999991,"ok",0.272922473280626,0.265199626243742,0.278170366174133,4.51999999999998
"paper_f3_jump__beta_4_8__n500",90,1344992578,1000,"ok",0.300238513828218,4.99660079008344,0.199999999999818,"ok",0.273338388716769,0.265514401448247,0.278554431053731,3.17000000000007
"paper_f3_jump__beta_4_8__n500",94,664395263,1000,"ok",0.300238513828218,5.12311134004545,0.210000000000036,"ok",0.272166188012486,0.264031320269806,0.277197437603593,3.84999999999991
"paper_f3_jump__beta_4_8__n500",98,1754295066,1000,"ok",0.300238513828218,4.93800254679546,0.290000000000191,"ok",0.273027859758102,0.26502192684018,0.27843457529891,3.92999999999984
"paper_f3_jump__beta_4_8__n500",102,1922385898,1000,"ok",0.300238513828218,4.80444496254549,0.230000000000018,"ok",0.271192150489101,0.26423611463919,0.275274191036914,3.24000000000001
"paper_f3_jump__beta_4_8__n500",106,2039884214,1000,"ok",0.300238513828218,5.04544846967573,0.170000000000073,"ok",0.272960316432074,0.265409523865536,0.278248093980914,3.19000000000005
"paper_f3_jump__beta_4_8__n500",110,360750142,1000,"ok",0.300238513828218,5.070495939901,0.189999999999827,"ok",0.271199039266835,0.263452947598219,0.275824697202713,3.0300000000002
"paper_f3_jump__beta_4_8__n500",114,1978947956,1000,"ok",0.300238513828218,5.10860963411832,0.159999999999854,"ok",0.270545541164249,0.262810609490643,0.274619972567788,2.55999999999995
"paper_f3_jump__beta_4_8__n500",118,1917357471,1000,"ok",0.300238513828218,4.80299700341028,0.190000000000055,"ok",0.270324479322288,0.262606705373345,0.274359995204835,3.22000000000003
"paper_f3_jump__beta_4_8__n500",122,1372048198,1000,"ok",0.300238513828218,4.70509009401326,0.25,"ok",0.274221080803085,0.266653660585603,0.279366354232818,3.94000000000005
"paper_f3_jump__beta_4_8__n500",126,1058940017,1000,"ok",0.300238513828218,4.5872329895121,0.200000000000045,"ok",0.272310521331044,0.26448844289659,0.276929453529721,3.25
"paper_f3_jump__beta_4_8__n500",130,375825344,1000,"ok",0.300238513828218,4.49016288683195,0.220000000000027,"ok",0.27204799482817,0.264624241603662,0.276957296991099,2.75
"paper_f3_jump__beta_4_8__n500",134,1166877030,1000,"ok",0.300238513828218,4.97685418060698,0.220000000000027,"ok",0.270758992439281,0.263082118262785,0.275024389944972,3.22999999999979
"paper_f3_jump__beta_4_8__n500",138,715048773,1000,"ok",0.300238513828218,5.17156109184972,0.130000000000109,"ok",0.269080562515435,0.262249778387136,0.273202075933348,3.1400000000001
"paper_f3_jump__beta_4_8__n500",142,1565005137,1000,"ok",0.300238513828218,4.49472861330602,0.309999999999945,"ok",0.272947058881212,0.264982419831835,0.278362911377661,4.88999999999987
"paper_f3_jump__beta_4_8__n500",146,1065534347,1000,"ok",0.300238513828218,4.58955562945023,0.279999999999973,"ok",0.271437630976978,0.264040509611534,0.276016002543995,3.34000000000015
"paper_f3_jump__beta_4_8__n500",150,503123643,1000,"ok",0.300238513828218,4.69959506167044,0.289999999999964,"ok",0.270491344074287,0.262688977832201,0.274349356027232,4.98000000000002
"paper_f3_jump__beta_4_8__n500",154,640528635,1000,"ok",0.300238513828218,4.73179612964741,0.25,"ok",0.271317736268548,0.264112687246038,0.276031900787205,3.45000000000005
"paper_f3_jump__beta_4_8__n500",158,698557695,1000,"ok",0.300238513828218,4.89988851431049,0.169999999999845,"ok",0.271854248632139,0.264164843321264,0.276776155618933,4.33000000000015
"paper_f3_jump__beta_4_8__n500",162,1945692548,1000,"ok",0.300238513828218,5.06842052347112,0.279999999999973,"ok",0.270909698759477,0.263497007678173,0.276532044005595,4.47000000000003
"paper_f3_jump__beta_4_8__n500",166,1997035478,1000,"ok",0.300238513828218,5.13356373750348,0.269999999999982,"ok",0.272121250306593,0.263956941102461,0.27712645435602,4.45000000000005
"paper_f3_jump__beta_4_8__n500",170,772101981,1000,"ok",0.300238513828218,5.4177770073926,0.259999999999991,"ok",0.271536057900488,0.263865802787786,0.276151311795424,4.15999999999985
"paper_f3_jump__beta_4_8__n500",174,843866525,1000,"ok",0.300238513828218,5.01724619673763,0.300000000000182,"ok",0.271053561299713,0.263917848395085,0.275636248673102,5.25
"paper_f3_jump__beta_4_8__n500",178,787829496,1000,"ok",0.300238513828218,4.86355434252547,0.389999999999873,"ok",0.272288292238508,0.26465798523489,0.277330703005933,5.36000000000013
"paper_f3_jump__beta_4_8__n500",182,1069896345,1000,"ok",0.300238513828218,4.91774586459246,0.269999999999982,"ok",0.270896121342131,0.26329937023379,0.275458770962532,5.72000000000003
"paper_f3_jump__beta_4_8__n500",186,1906449877,1000,"ok",0.300238513828218,5.2414617028054,0.480000000000018,"ok",0.273291783451181,0.265142146090675,0.278382211955895,4.74000000000001
"paper_f3_jump__beta_4_8__n500",190,632562043,1000,"ok",0.300238513828218,5.37979408859688,0.259999999999991,"ok",0.274064676461095,0.266522151693139,0.280144629221939,6.07999999999993
"paper_f3_jump__beta_4_8__n500",194,541850349,1000,"ok",0.300238513828218,4.62597935970866,0.369999999999891,"ok",0.272335544552124,0.264326208760423,0.276655142083909,4.33000000000015
"paper_f3_jump__beta_4_8__n500",198,966409086,1000,"ok",0.300238513828218,4.60155315064666,0.279999999999973,"ok",0.271722868554312,0.264315404199785,0.276431768433749,5.56999999999994
"paper_f4_logistic__beta_4_8__n500",2,1345201004,1000,"ok",0.685125865110222,4.3391546830846,0.440000000000055,"ok",0.731081992819171,0.292505919083923,0.731081992819171,5.23000000000002
"paper_f4_logistic__beta_4_8__n500",6,1471201899,1000,"ok",0.158274473010015,4.63601195582579,0.299999999999955,"ok",0.177653526151232,0.053514781100235,0.613198253345885,3.83999999999992
"paper_f4_logistic__beta_4_8__n500",10,1809432695,1000,"ok",0.0784825451456291,4.98438569375518,0.200000000000045,"ok",0.053514781100235,0.053514781100235,0.484952110103009,4.3900000000001
"paper_f4_logistic__beta_4_8__n500",14,1771461706,1000,"ok",0.541924946299826,4.75659895392536,0.3599999999999,"ok",0.489207847090283,0.053514781100235,0.624168968394421,4.49000000000001
"paper_f4_logistic__beta_4_8__n500",18,940058818,1000,"ok",0.326910523072566,5.40106324908172,0.259999999999991,"ok",0.180656390883535,0.053514781100235,0.731081992819171,3.44000000000005
"paper_f4_logistic__beta_4_8__n500",22,1531587137,1000,"ok",0.214898229442024,4.68257107064522,0.220000000000027,"ok",0.168627713652545,0.053514781100235,0.26022198884992,3.70000000000005
"paper_f4_logistic__beta_4_8__n500",26,1785287276,1000,"ok",0.255303873828707,4.92799954623061,0.269999999999982,"ok",0.283345513350639,0.182525589215447,0.47728443656614,3.88999999999987
"paper_f4_logistic__beta_4_8__n500",30,1054144697,1000,"ok",0.332462557849783,4.89481630723357,0.170000000000073,"ok",0.293857937432859,0.184673407973217,0.660033355797568,3.72000000000003
"paper_f4_logistic__beta_4_8__n500",34,608903483,1000,"ok",0.315911020044742,4.85867962269898,0.200000000000045,"ok",0.247441293055192,0.053514781100235,0.613518859590362,3.76999999999998
"paper_f4_logistic__beta_4_8__n500",38,1094734763,1000,"ok",0.053514781100235,4.9080791575995,0.200000000000045,"ok",0.600579388315656,0.053514781100235,0.731081992819171,3.05999999999995
"paper_f4_logistic__beta_4_8__n500",42,136295812,1000,"ok",0.171382269203758,4.86153762586005,0.119999999999891,"ok",0.158466065260462,0.053514781100235,0.477582511105305,3.16000000000008
"paper_f4_logistic__beta_4_8__n500",46,2108203064,1000,"ok",0.239224122717163,5.23683553383082,0.170000000000073,"ok",0.261431001335297,0.053514781100235,0.493582302603088,3.56999999999994
"paper_f4_logistic__beta_4_8__n500",50,803938118,1000,"ok",0.129704744964864,5.12556605774014,0.25,"ok",0.053514781100235,0.053514781100235,0.61271068071854,2.81999999999994
"paper_f4_logistic__beta_4_8__n500",54,637459142,1000,"ok",0.423505034250471,5.04401497686296,0.190000000000055,"ok",0.480629399629192,0.176319113380123,0.626615424752855,2.97000000000003
"paper_f4_logistic__beta_4_8__n500",58,822060314,1000,"ok",0.514367940875235,4.93182793045098,0.200000000000045,"ok",0.053514781100235,0.053514781100235,0.731081992819171,2.99000000000001
"paper_f4_logistic__beta_4_8__n500",62,1516678309,1000,"ok",0.510930314379086,5.32164962320376,0.230000000000018,"ok",0.487809969201382,0.053514781100235,0.505774423196724,2.82999999999993
"paper_f4_logistic__beta_4_8__n500",66,120288464,1000,"ok",0.095734924511546,5.12067016030856,0.190000000000055,"ok",0.053514781100235,0.053514781100235,0.60643556337824,2.70000000000005
"paper_f4_logistic__beta_4_8__n500",70,999761346,1000,"ok",0.268009928857507,4.77337074922218,0.129999999999882,"ok",0.053514781100235,0.053514781100235,0.731081992819171,2.55999999999995
"paper_f4_logistic__beta_4_8__n500",74,2126639610,1000,"ok",0.479631484115781,4.82389687141153,0.1400000000001,"ok",0.053514781100235,0.053514781100235,0.731081992819171,3.05999999999995
"paper_f4_logistic__beta_4_8__n500",78,1540007748,1000,"ok",0.11981105811011,4.56389122696045,0.170000000000073,"ok",0.053514781100235,0.053514781100235,0.498974746761259,2.76999999999998
"paper_f4_logistic__beta_4_8__n500",82,46105094,1000,"ok",0.390429487860808,4.89975311719487,0.200000000000045,"ok",0.394443454281745,0.284486969366708,0.731081992819171,3.22000000000003
"paper_f4_logistic__beta_4_8__n500",86,1533858283,1000,"ok",0.598602328003333,4.92734167770391,0.25,"ok",0.487590019316888,0.295513965846815,0.596378588935204,3
"paper_f4_logistic__beta_4_8__n500",90,1177780210,1000,"ok",0.147457651934197,4.66938476907011,0.189999999999827,"ok",0.491008286393449,0.053514781100235,0.578654516622081,3.08000000000015
"paper_f4_logistic__beta_4_8__n500",94,1291946121,1000,"ok",0.731081992819171,5.08640371342325,0.189999999999827,"ok",0.053514781100235,0.053514781100235,0.731081992819171,3.52000000000021
"paper_f4_logistic__beta_4_8__n500",98,822881310,1000,"ok",0.442280866301321,4.66403065766305,0.269999999999982,"ok",0.48671137875262,0.053514781100235,0.598761398839881,3.92999999999984
"paper_f4_logistic__beta_4_8__n500",102,799922848,1000,"ok",0.053514781100235,4.94990999861016,0.159999999999854,"ok",0.053514781100235,0.053514781100235,0.605662864543965,3.22000000000003
"paper_f4_logistic__beta_4_8__n500",106,982213331,1000,"ok",0.153032021954107,4.41513954379382,0.180000000000064,"ok",0.187162479569683,0.053514781100235,0.600477739111075,3.75
"paper_f4_logistic__beta_4_8__n500",110,40670618,1000,"ok",0.326219313147043,4.95123772603673,0.289999999999964,"ok",0.283853323850724,0.17680930884556,0.731081992819171,3.5
"paper_f4_logistic__beta_4_8__n500",114,1763542878,1000,"ok",0.171382269203758,4.64648653455846,0.170000000000073,"ok",0.0908397702750178,0.053514781100235,0.478735273214397,4.17999999999984
"paper_f4_logistic__beta_4_8__n500",118,1780277196,1000,"ok",0.345846256997127,5.32514732227216,0.240000000000009,"ok",0.053514781100235,0.053514781100235,0.351164074788233,4.09000000000015
"paper_f4_logistic__beta_4_8__n500",122,1652651521,1000,"ok",0.607477980142122,5.10592607614737,0.25,"ok",0.612737791250394,0.053514781100235,0.731081992819171,3.88999999999987
"paper_f4_logistic__beta_4_8__n500",126,1815948119,1000,"ok",0.257444839701872,4.992132343631,0.25,"ok",0.053514781100235,0.053514781100235,0.606221794953409,3.68000000000006
"paper_f4_logistic__beta_4_8__n500",130,279946215,1000,"ok",0.642973514575626,4.78733588220734,0.230000000000018,"ok",0.231742567551923,0.053514781100235,0.624003322768099,3.42000000000007
"paper_f4_logistic__beta_4_8__n500",134,256333013,1000,"ok",0.22853931860068,4.77037268940534,0.25,"ok",0.184110668941616,0.053514781100235,0.510321505001754,4.1099999999999
"paper_f4_logistic__beta_4_8__n500",138,1510257218,1000,"ok",0.479631484115781,4.52427089639223,0.259999999999991,"ok",0.180683782749003,0.053514781100235,0.48781247397227,3.75
"paper_f4_logistic__beta_4_8__n500",142,1164039326,1000,"ok",0.185104075462005,4.66042156427542,0.210000000000036,"ok",0.177629602068025,0.053514781100235,0.611749878176465,4.17000000000007
"paper_f4_logistic__beta_4_8__n500",146,1569650095,1000,"ok",0.43414089029136,4.56720981717725,0.25,"ok",0.476231169292895,0.053514781100235,0.604566159248513,4.38999999999987
"paper_f4_logistic__beta_4_8__n500",150,1827621635,1000,"ok",0.184101099760284,5.37458926337173,0.299999999999955,"ok",0.162703255150623,0.053514781100235,0.612772266976931,5.25
"paper_f4_logistic__beta_4_8__n500",154,1363491186,1000,"ok",0.671551981793297,4.78579136205826,0.470000000000027,"ok",0.731081992819171,0.161664656301688,0.731081992819171,4.48000000000002
"paper_f4_logistic__beta_4_8__n500",158,1154244146,1000,"ok",0.319336026572408,4.7237341815886,0.299999999999955,"ok",0.286659867997106,0.053514781100235,0.388227948391859,4.44000000000005
"paper_f4_logistic__beta_4_8__n500",162,892402621,1000,"ok",0.523438178084685,4.26380358432143,0.259999999999991,"ok",0.053514781100235,0.053514781100235,0.499688880546005,4.19000000000005
"paper_f4_logistic__beta_4_8__n500",166,1100593186,1000,"ok",0.417938920544736,5.01945832977025,0.299999999999955,"ok",0.185803147394965,0.131689077540305,0.476486816882091,3.28999999999996
"paper_f4_logistic__beta_4_8__n500",170,622452240,1000,"ok",0.623070146918924,5.11344637122468,0.350000000000136,"ok",0.490233546181783,0.053514781100235,0.611473819768765,3.63999999999987
"paper_f4_logistic__beta_4_8__n500",174,1380653388,1000,"ok",0.343711367191658,5.42543965415288,0.380000000000109,"ok",0.388070062736692,0.288499126918851,0.629423940768497,3.8599999999999
"paper_f4_logistic__beta_4_8__n500",178,214565903,1000,"ok",0.083612655124271,4.15121180660958,0.170000000000073,"ok",0.053514781100235,0.053514781100235,0.608146186497585,3.27999999999997
"paper_f4_logistic__beta_4_8__n500",182,62371450,1000,"ok",0.229317045875629,4.87657008448951,0.190000000000055,"ok",0.1706856235776,0.053514781100235,0.731081992819171,4.91000000000008
"paper_f4_logistic__beta_4_8__n500",186,578261968,1000,"ok",0.512636555713807,5.26943930231076,0.319999999999936,"ok",0.492716769616635,0.180843461003441,0.598514707152255,4.53999999999996
"paper_f4_logistic__beta_4_8__n500",190,1629532283,1000,"ok",0.210709764764131,4.48503777002438,0.309999999999945,"ok",0.180121630559361,0.053514781100235,0.490285539801901,5.15000000000009
"paper_f4_logistic__beta_4_8__n500",194,19130835,1000,"ok",0.61232575221351,4.96777166155626,0.220000000000027,"ok",0.630635593891741,0.053514781100235,0.731081992819171,4.54999999999995
"paper_f4_logistic__beta_4_8__n500",198,1664782321,1000,"ok",0.370816335457313,4.39713245997755,0.269999999999982,"ok",0.379833891451118,0.182661446462074,0.472188331747086,4.78999999999996
"paper_f1_cusp__uniform__n1000",2,760624382,1000,"ok",0.300699300699301,9.94088321907298,1.17000000000007,"ok",0.312389876833439,0.309777991029311,0.315295653632077,5.20000000000005
"paper_f1_cusp__uniform__n1000",6,726099470,1000,"ok",0.300699300699301,9.45580078832328,0.829999999999927,"ok",0.311476712022026,0.308950034843412,0.314405813968988,4.29999999999995
"paper_f1_cusp__uniform__n1000",10,653598774,1000,"ok",0.296703296703297,9.21894309703038,0.789999999999964,"ok",0.311181786940687,0.308508484391657,0.313381531436542,4.05000000000018
"paper_f1_cusp__uniform__n1000",14,961171975,1000,"ok",0.305694305694306,9.45777563167748,0.730000000000018,"ok",0.311466075111087,0.308914564309069,0.313877364636971,3.9699999999998
"paper_f1_cusp__uniform__n1000",18,1319576140,1000,"ok",0.2997002997003,10.3182368342807,0.6400000000001,"ok",0.312650473438717,0.30999193175906,0.31556956885895,3.67000000000007
"paper_f1_cusp__uniform__n1000",22,1823330921,1000,"ok",0.2997002997003,9.85136768151386,0.599999999999909,"ok",0.311059568922683,0.308366113849839,0.313239239682141,3.83999999999992
"paper_f1_cusp__uniform__n1000",26,547935170,1000,"ok",0.298701298701299,9.84451221414723,0.520000000000209,"ok",0.308782266530801,0.306808914340225,0.310781121212343,3.92999999999984
"paper_f1_cusp__uniform__n1000",30,862945128,1000,"ok",0.298701298701299,9.26629346234277,0.710000000000036,"ok",0.309213148464982,0.306955837245181,0.311433568171984,4.11000000000013
"paper_f1_cusp__uniform__n1000",34,1353305788,1000,"ok",0.292707292707293,9.90684650378262,0.459999999999809,"ok",0.313501262348325,0.310636401616714,0.31644991058077,2.63000000000011
"paper_f1_cusp__uniform__n1000",38,908667746,1000,"ok",0.296703296703297,9.43144418693168,0.529999999999973,"ok",0.310172528008548,0.30796680047247,0.312619782481385,2.91000000000008
"paper_f1_cusp__uniform__n1000",42,1914247680,1000,"ok",0.311688311688312,9.77016025568128,0.539999999999964,"ok",0.308811534063785,0.30677751213234,0.31126418733179,3.04999999999995
"paper_f1_cusp__uniform__n1000",46,2082885036,1000,"ok",0.300699300699301,9.97794241956364,0.559999999999945,"ok",0.310797836217427,0.307918113107404,0.313034728421316,2.72000000000003
"paper_f1_cusp__uniform__n1000",50,397989602,1000,"ok",0.310689310689311,9.7470828831902,0.660000000000082,"ok",0.311984143690274,0.30940639947638,0.314795982908739,3.1099999999999
"paper_f1_cusp__uniform__n1000",54,1318519041,1000,"ok",0.308691308691309,9.32376067970336,0.740000000000009,"ok",0.310766406387603,0.308284605579228,0.313401378241961,4.02999999999997
"paper_f1_cusp__uniform__n1000",58,168047326,1000,"ok",0.300699300699301,9.76811779719847,0.560000000000173,"ok",0.309901291311533,0.307594637629472,0.312445776307502,3.90999999999985
"paper_f1_cusp__uniform__n1000",62,1834608241,1000,"ok",0.300699300699301,10.1101684213446,0.730000000000018,"ok",0.311092553456863,0.308779958477661,0.313653556477298,3.97000000000003
"paper_f1_cusp__uniform__n1000",66,536432543,1000,"ok",0.300699300699301,9.40591099922104,0.740000000000009,"ok",0.310743656144736,0.307999848600291,0.313015345432165,3.77999999999997
"paper_f1_cusp__uniform__n1000",70,880253511,1000,"ok",0.297702297702298,9.75299673055146,0.6400000000001,"ok",0.310145804583988,0.307811792556737,0.312754679999717,4.11999999999989
"paper_f1_cusp__uniform__n1000",74,1074891222,1000,"ok",0.301698301698302,9.73072354344754,0.779999999999973,"ok",0.31028042215904,0.307770017084988,0.312730914542362,3.99000000000001
"paper_f1_cusp__uniform__n1000",78,472412530,1000,"ok",0.302697302697303,10.0168532447084,0.610000000000127,"ok",0.310060701209191,0.307702244744827,0.312794109246321,4.33999999999992
"paper_f1_cusp__uniform__n1000",82,2144683797,1000,"ok",0.297702297702298,9.13972286734524,0.620000000000118,"ok",0.311748974687832,0.309473346213349,0.314494024056505,4.09999999999991
"paper_f1_cusp__uniform__n1000",86,1548654330,1000,"ok",0.302697302697303,10.0700698834764,0.779999999999973,"ok",0.310667423898167,0.308262414298563,0.313355471580675,5.18000000000006
"paper_f1_cusp__uniform__n1000",90,88543069,1000,"ok",0.300699300699301,10.0048930390237,0.970000000000027,"ok",0.309969780824995,0.307549006784802,0.312668751000735,5.1099999999999
"paper_f1_cusp__uniform__n1000",94,1104133735,1000,"ok",0.300699300699301,9.53260994866022,0.970000000000027,"ok",0.311750231214397,0.309035073338954,0.314577457206052,5.8599999999999
"paper_f1_cusp__uniform__n1000",98,969792380,1000,"ok",0.2997002997003,9.96363642790869,0.880000000000109,"ok",0.31149028133863,0.308952372000288,0.314081048305797,5.56999999999994
"paper_f1_cusp__uniform__n1000",102,363527936,1000,"ok",0.300699300699301,9.93989971976874,1.16000000000008,"ok",0.311486115538611,0.30907071693988,0.314157607547678,5.33999999999992
"paper_f1_cusp__uniform__n1000",106,135683111,1000,"ok",0.308691308691309,9.45996334792362,1.11000000000013,"ok",0.310438973059777,0.307930490380552,0.313008088596442,5.14999999999986
"paper_f1_cusp__uniform__n1000",110,1236283039,1000,"ok",0.300699300699301,9.98902038010227,0.940000000000055,"ok",0.310502895460197,0.30833390726634,0.313205811453764,4.63000000000011
"paper_f1_cusp__uniform__n1000",114,531269708,1000,"ok",0.295704295704296,10.0677054468213,1.27999999999997,"ok",0.31084484697277,0.308359122555855,0.313513177798905,7.37999999999988
"paper_f1_cusp__uniform__n1000",118,905858592,1000,"ok",0.2997002997003,9.20239145193391,1.10000000000014,"ok",0.31194706627718,0.309506680089708,0.314814082719609,7.95000000000005
"paper_f1_cusp__uniform__n1000",122,1071226843,1000,"ok",0.300699300699301,9.31464056767839,1.25999999999999,"ok",0.311006177377236,0.308341644627413,0.313341649779691,6.21000000000004
"paper_f1_cusp__uniform__n1000",126,1582571937,1000,"ok",0.301698301698302,9.98225145573584,0.759999999999991,"ok",0.309948878639955,0.307609165479214,0.3124569154972,4.52999999999997
"paper_f1_cusp__uniform__n1000",130,2086745361,1000,"ok",0.300699300699301,10.0289489902144,0.720000000000027,"ok",0.312126720368819,0.309344561458435,0.314709511079811,3.93999999999983
"paper_f1_cusp__uniform__n1000",134,138757446,1000,"ok",0.301698301698302,9.5615109132147,0.610000000000127,"ok",0.309726511559679,0.307713157402881,0.312266797216769,3.14999999999986
"paper_f1_cusp__uniform__n1000",138,15212701,1000,"ok",0.301698301698302,9.66043243498271,0.519999999999982,"ok",0.309750581493052,0.307602588195411,0.312346178789051,2.92000000000007
"paper_f1_cusp__uniform__n1000",142,1675646361,1000,"ok",0.300699300699301,9.86078829294913,0.5,"ok",0.312726713652948,0.309897060425828,0.31507209906534,3.52999999999997
"paper_f1_cusp__uniform__n1000",146,1200308678,1000,"ok",0.297702297702298,10.3052162740489,0.470000000000027,"ok",0.309649340787285,0.307764613416709,0.312349361741003,2.6400000000001
"paper_f1_cusp__uniform__n1000",150,271199777,1000,"ok",0.2997002997003,9.63910155233579,0.6099999999999,"ok",0.311081710670745,0.30861393576237,0.313668302568057,3.05999999999995
"paper_f1_cusp__uniform__n1000",154,924131708,1000,"ok",0.296703296703297,9.63085958441765,0.710000000000036,"ok",0.310386453516537,0.307915412079254,0.313021541599177,3.12000000000012
"paper_f1_cusp__uniform__n1000",158,1697726587,1000,"ok",0.303696303696304,9.74956809891941,0.659999999999854,"ok",0.308204813900714,0.30642810139107,0.310490362988972,3.20000000000005
"paper_f1_cusp__uniform__n1000",162,578954785,1000,"ok",0.300699300699301,9.47333477313362,0.610000000000127,"ok",0.31342590797222,0.310389830609388,0.315875931521474,3
"paper_f1_cusp__uniform__n1000",166,1993088586,1000,"ok",0.296703296703297,10.8456387329421,0.639999999999873,"ok",0.310615401944436,0.308054167918207,0.313183396163711,3.76999999999998
"paper_f1_cusp__uniform__n1000",170,806298283,1000,"ok",0.301698301698302,9.69087517973249,0.580000000000155,"ok",0.310665620643782,0.308163458175024,0.313477920734642,3.5
"paper_f1_cusp__uniform__n1000",174,189793473,1000,"ok",0.300699300699301,9.35899571698313,0.639999999999873,"ok",0.309924140201455,0.307532371401754,0.312567612791764,3.98000000000002
"paper_f1_cusp__uniform__n1000",178,1964913208,1000,"ok",0.300699300699301,10.4720215796379,0.670000000000073,"ok",0.310141362796934,0.307930691038439,0.312774973497713,3.87999999999988
"paper_f1_cusp__uniform__n1000",182,735681114,1000,"ok",0.305694305694306,10.049194255503,0.769999999999982,"ok",0.311956488402681,0.309355812974177,0.314891085347375,4.30000000000018
"paper_f1_cusp__uniform__n1000",186,12272137,1000,"ok",0.305694305694306,9.55445663700332,1.00999999999999,"ok",0.310827462901837,0.308185290390022,0.313257935403624,3.93999999999983
"paper_f1_cusp__uniform__n1000",190,1373723207,1000,"ok",0.2997002997003,9.80444504139598,0.800000000000182,"ok",0.311108858795538,0.308655096760333,0.313825854316618,3.89999999999986
"paper_f1_cusp__uniform__n1000",194,120667573,1000,"ok",0.300699300699301,9.47257646043386,0.769999999999982,"ok",0.311641834133926,0.30897937003034,0.314171823770095,4.25
"paper_f1_cusp__uniform__n1000",198,207883037,1000,"ok",0.300699300699301,9.45572538545287,0.75,"ok",0.309651322543136,0.307477351011472,0.312041924654426,3.17000000000007
"paper_f2_onset__uniform__n1000",2,2107312652,1000,"ok",0.487512487512487,10.2629606222304,0.5,"ok",0.50664400804843,0.503582497625101,0.517289950349752,3.06999999999994
"paper_f2_onset__uniform__n1000",6,1269786760,1000,"ok",0.426573426573427,10.1563867280673,0.630000000000109,"ok",0.507122114267541,0.500186944104207,0.519663131571252,3.25
"paper_f2_onset__uniform__n1000",10,1829561143,1000,"ok",0.361638361638362,9.75887294934514,0.450000000000045,"ok",0.508878807826892,0.503471690957464,0.518332159343911,3.16999999999985
"paper_f2_onset__uniform__n1000",14,1591889575,1000,"ok",0.376623376623377,9.74347261743556,0.490000000000009,"ok",0.507829730756089,0.501853670634237,0.51863106940748,3.50999999999999
"paper_f2_onset__uniform__n1000",18,1725308468,1000,"ok",0.423576423576424,11.1027907398592,0.5,"ok",0.503159148086,0.498861099599692,0.513393556524785,3.08000000000015
"paper_f2_onset__uniform__n1000",22,1752450511,1000,"ok",0.451548451548452,9.61225144919658,0.689999999999827,"ok",0.507735662244227,0.502661818987424,0.519022720747272,4.17000000000007
"paper_f2_onset__uniform__n1000",26,1844037815,1000,"ok",0.41958041958042,9.8727210746413,0.529999999999973,"ok",0.502695160399186,0.499086123456234,0.513083753959848,3
"paper_f2_onset__uniform__n1000",30,475260079,1000,"ok",0.513486513486514,9.29417248219478,0.580000000000155,"ok",0.503734676338883,0.498915516638925,0.514459717573141,2.80999999999995
"paper_f2_onset__uniform__n1000",34,500644384,1000,"ok",0.38961038961039,10.3360595974811,0.490000000000009,"ok",0.516500554910294,0.507359811921457,0.53168415076439,3
"paper_f2_onset__uniform__n1000",38,176494538,1000,"ok",0.312687312687313,9.12071735045641,0.619999999999891,"ok",0.508560897455271,0.502360990888602,0.520657723863927,3.25
"paper_f2_onset__uniform__n1000",42,1316085373,1000,"ok",0.34965034965035,9.15417069834098,0.440000000000055,"ok",0.505017890374138,0.502223895456964,0.514649468733004,2.75
"paper_f2_onset__uniform__n1000",46,2055522523,1000,"ok",0.325674325674326,9.47989555184337,0.450000000000045,"ok",0.502816976243767,0.499564832674906,0.513071625641235,3.28999999999996
"paper_f2_onset__uniform__n1000",50,1999596556,1000,"ok",0.303696303696304,9.61682681536807,0.400000000000091,"ok",0.509602690175609,0.503731363528409,0.518441006414955,2.69999999999982
"paper_f2_onset__uniform__n1000",54,908669849,1000,"ok",0.388611388611389,9.26234181516469,0.470000000000027,"ok",0.505258194997994,0.502256574950957,0.514101564563098,2.83000000000015
"paper_f2_onset__uniform__n1000",58,1758881900,1000,"ok",0.396603396603397,9.87648168052716,0.439999999999827,"ok",0.510056680962224,0.504418539892716,0.520224339033459,2.77999999999997
"paper_f2_onset__uniform__n1000",62,914221445,1000,"ok",0.342657342657343,9.69927970658641,0.480000000000018,"ok",0.510301272464225,0.503870960005028,0.517891711870846,3.08000000000015
"paper_f2_onset__uniform__n1000",66,1405976204,1000,"ok",0.357642357642358,9.66764492631175,0.439999999999827,"ok",0.506178392918352,0.503434102161334,0.515626040775938,2.86000000000013
"paper_f2_onset__uniform__n1000",70,1462114187,1000,"ok",0.403596403596404,9.04425819850657,0.420000000000073,"ok",0.504899519861048,0.501713668769643,0.514799501924962,3.25
"paper_f2_onset__uniform__n1000",74,1126952972,1000,"ok",0.377622377622378,10.4118501686178,0.519999999999982,"ok",0.50622887999492,0.502162841251675,0.51640936610966,2.66999999999985
"paper_f2_onset__uniform__n1000",78,876127065,1000,"ok",0.338661338661339,10.0241341126114,0.5,"ok",0.510623556010219,0.504400321123552,0.521933170272834,2.86000000000013
"paper_f2_onset__uniform__n1000",82,857550231,1000,"ok",0.366633366633367,9.62483507468752,0.430000000000064,"ok",0.499292826220871,0.49568627503638,0.509931426650468,2.86999999999989
"paper_f2_onset__uniform__n1000",86,2013539494,1000,"ok",0.38961038961039,10.3961160199555,0.670000000000073,"ok",0.512351493437776,0.505313479862107,0.523368487381335,3.04999999999995
"paper_f2_onset__uniform__n1000",90,1669436835,1000,"ok",0.436563436563437,9.86894362816154,0.599999999999909,"ok",0.503637131019291,0.500232365077849,0.512792028713232,2.99000000000001
"paper_f2_onset__uniform__n1000",94,1853830431,1000,"ok",0.574425574425574,9.48892453051148,0.560000000000173,"ok",0.505719744325256,0.502631435092449,0.515115004554644,3.15999999999985
"paper_f2_onset__uniform__n1000",98,1406988832,1000,"ok",0.364635364635365,10.486708090408,0.450000000000045,"ok",0.506496081766951,0.501835494178231,0.517191411544401,2.88000000000011
"paper_f2_onset__uniform__n1000",102,1287198470,1000,"ok",0.510489510489511,9.98186004994822,0.449999999999818,"ok",0.506530718098588,0.503159571486825,0.516075096399418,2.76999999999998
"paper_f2_onset__uniform__n1000",106,1349458156,1000,"ok",0.450549450549451,10.2346811817692,0.5,"ok",0.512896175104619,0.504981448582874,0.526479085832055,3.08000000000015
"paper_f2_onset__uniform__n1000",110,928927272,1000,"ok",0.500499500499501,9.37198789200752,0.450000000000045,"ok",0.503537525913604,0.501027760185948,0.511871830165273,3.41999999999985
"paper_f2_onset__uniform__n1000",114,498716838,1000,"ok",0.510489510489511,9.99736630344249,0.549999999999955,"ok",0.505260170082299,0.501904121677654,0.515608769584179,2.81000000000017
"paper_f2_onset__uniform__n1000",118,1308669496,1000,"ok",0.33966033966034,9.87284173654408,0.470000000000027,"ok",0.504048996274602,0.50074272935892,0.513564714838744,3.29999999999995
"paper_f2_onset__uniform__n1000",122,1983480172,1000,"ok",0.509490509490509,8.99713157100479,0.419999999999845,"ok",0.502867102170285,0.499979512830444,0.511324206811483,2.92000000000007
"paper_f2_onset__uniform__n1000",126,1543411874,1000,"ok",0.461538461538462,9.54338065086552,0.600000000000136,"ok",0.502805610417991,0.499526267210764,0.512923151896786,2.88999999999987
"paper_f2_onset__uniform__n1000",130,1077979308,1000,"ok",0.502497502497502,10.3322902216883,0.539999999999964,"ok",0.50485326579888,0.500850674263192,0.514664404196792,3.19000000000005
"paper_f2_onset__uniform__n1000",134,408374085,1000,"ok",0.500499500499501,9.62398426680474,0.3599999999999,"ok",0.504620137467781,0.501431057064212,0.513727559573391,3.22000000000003
"paper_f2_onset__uniform__n1000",138,1211492010,1000,"ok",0.353646353646354,9.60025163182047,0.400000000000091,"ok",0.50914723193289,0.503034130096661,0.521118175930371,3.28999999999996
"paper_f2_onset__uniform__n1000",142,992501196,1000,"ok",0.350649350649351,10.2617443168427,0.600000000000136,"ok",0.510442186210331,0.505465270651228,0.519892169848916,3.19999999999982
"paper_f2_onset__uniform__n1000",146,1702807792,1000,"ok",0.380619380619381,10.5692765622876,0.509999999999991,"ok",0.504946023920215,0.500985514151118,0.515496269734275,3.10000000000014
"paper_f2_onset__uniform__n1000",150,1684008279,1000,"ok",0.442557442557443,9.26533563272639,0.529999999999973,"ok",0.507854785613153,0.502718360447841,0.518224142670223,3.66000000000008
"paper_f2_onset__uniform__n1000",154,975145197,1000,"ok",0.362637362637363,9.82859385553466,0.649999999999864,"ok",0.507045410821985,0.504196816177216,0.51675605865011,3.21000000000004
"paper_f2_onset__uniform__n1000",158,284053802,1000,"ok",0.393606393606394,9.6011381855845,0.589999999999918,"ok",0.504822648349842,0.500674098824362,0.511850168292263,3.60000000000014
"paper_f2_onset__uniform__n1000",162,216523125,1000,"ok",0.316683316683317,10.6945477165441,0.529999999999973,"ok",0.503740825722317,0.500669247357395,0.515287250528885,3.33999999999992
"paper_f2_onset__uniform__n1000",166,118488890,1000,"ok",0.323676323676324,9.03386535088569,0.549999999999955,"ok",0.509456846896945,0.503015441265361,0.520968396230494,3.52000000000021
"paper_f2_onset__uniform__n1000",170,736060699,1000,"ok",0.468531468531469,9.74586641164733,0.5,"ok",0.503370133723606,0.500218946334095,0.512276421908093,3.30999999999995
"paper_f2_onset__uniform__n1000",174,1974592936,1000,"ok",0.336663336663337,9.40937346948138,0.599999999999909,"ok",0.503519491073507,0.500425768592747,0.513965333681561,3.97000000000003
"paper_f2_onset__uniform__n1000",178,1706664712,1000,"ok",0.417582417582418,9.51856547724895,0.610000000000127,"ok",0.512752692989445,0.504549884537683,0.523694271514667,3.42999999999984
"paper_f2_onset__uniform__n1000",182,1394060906,1000,"ok",0.31968031968032,9.39130178757049,0.529999999999973,"ok",0.504984992002208,0.50134699884568,0.514138982769646,4.15000000000009
"paper_f2_onset__uniform__n1000",186,1940663982,1000,"ok",0.350649350649351,9.48638015959502,0.789999999999964,"ok",0.514687791880443,0.506757873300547,0.527702445843874,3.80999999999995
"paper_f2_onset__uniform__n1000",190,810209700,1000,"ok",0.484515484515485,9.73123871533027,0.800000000000182,"ok",0.505018237858149,0.502457641808037,0.512828027494069,4.12999999999988
"paper_f2_onset__uniform__n1000",194,636627756,1000,"ok",0.451548451548452,9.45338795300929,0.880000000000109,"ok",0.504525366495588,0.501085742134928,0.514935371091823,3.48000000000002
"paper_f2_onset__uniform__n1000",198,823909506,1000,"ok",0.528471528471528,9.65622694145472,0.659999999999854,"ok",0.505819123591519,0.502936109958264,0.513363604697365,3.80999999999995
"paper_f3_jump__uniform__n1000",2,185136861,1000,"ok",0.300699300699301,10.291734533928,0.560000000000173,"ok",0.305162239261663,0.30167200254405,0.307196692722297,3.75
"paper_f3_jump__uniform__n1000",6,863050409,1000,"ok",0.300699300699301,9.35116189230722,0.460000000000036,"ok",0.305515459996181,0.302134231198273,0.307630714829307,3.88999999999987
"paper_f3_jump__uniform__n1000",10,2102384563,1000,"ok",0.300699300699301,10.1066984604327,0.610000000000127,"ok",0.305122437434851,0.301646464977168,0.307340908523373,4.07999999999993
"paper_f3_jump__uniform__n1000",14,189248915,1000,"ok",0.300699300699301,10.0748346869452,0.519999999999982,"ok",0.304904711423391,0.301849599878293,0.307026982534544,3.73000000000002
"paper_f3_jump__uniform__n1000",18,605185465,1000,"ok",0.300699300699301,9.18355421218492,0.529999999999973,"ok",0.304811107678942,0.301719915009969,0.306921318742195,3.1400000000001
"paper_f3_jump__uniform__n1000",22,1749749224,1000,"ok",0.300699300699301,10.0664974709712,0.6099999999999,"ok",0.305060267176686,0.30182122022509,0.307362439507879,3.27999999999997
"paper_f3_jump__uniform__n1000",26,1714976886,1000,"ok",0.300699300699301,10.7400089636339,0.3900000000001,"ok",0.30536461034479,0.301806843526971,0.307542481613308,3.41999999999985
"paper_f3_jump__uniform__n1000",30,280415631,1000,"ok",0.300699300699301,9.97575947262117,0.470000000000027,"ok",0.304930425156032,0.301632451496861,0.306841197446582,4.11000000000013
"paper_f3_jump__uniform__n1000",34,1384268259,1000,"ok",0.300699300699301,9.68494298292826,0.559999999999945,"ok",0.304976893115191,0.301355031506369,0.306959608878202,3.20000000000005
"paper_f3_jump__uniform__n1000",38,1323066058,1000,"ok",0.300699300699301,9.97648255981979,0.549999999999955,"ok",0.305234444691497,0.301893496328716,0.307286139992097,3.20000000000005
"paper_f3_jump__uniform__n1000",42,1771894385,1000,"ok",0.300699300699301,9.91183771334488,0.5,"ok",0.305180265494291,0.301862573041189,0.307272938697897,2.93000000000006
"paper_f3_jump__uniform__n1000",46,1953842523,1000,"ok",0.300699300699301,9.69943516231294,0.399999999999864,"ok",0.305129219663779,0.301783724145828,0.307353505775078,3.10000000000014
"paper_f3_jump__uniform__n1000",50,2032572692,1000,"ok",0.300699300699301,10.0655334819434,0.399999999999864,"ok",0.305444372841075,0.302445591754868,0.307573871166375,2.67000000000007
"paper_f3_jump__uniform__n1000",54,2112562329,1000,"ok",0.300699300699301,10.3777884041494,0.519999999999982,"ok",0.305011183802053,0.302000094593182,0.307042491401914,3.23000000000002
"paper_f3_jump__uniform__n1000",58,1793232862,1000,"ok",0.300699300699301,10.3935622919064,0.389999999999873,"ok",0.305199085195373,0.301722499245844,0.307449454308224,2.97000000000003
"paper_f3_jump__uniform__n1000",62,1851777675,1000,"ok",0.300699300699301,9.50367640406525,0.340000000000146,"ok",0.305170108342056,0.301999334280796,0.307204749522862,3.04999999999995
"paper_f3_jump__uniform__n1000",66,1984082474,1000,"ok",0.300699300699301,8.8931587340011,0.6099999999999,"ok",0.305178209257867,0.301674946318351,0.307341224766951,3.75
"paper_f3_jump__uniform__n1000",70,1562153282,1000,"ok",0.300699300699301,9.8461788962118,0.550000000000182,"ok",0.305403639790062,0.302351719634285,0.307464957032496,3.16999999999985
"paper_f3_jump__uniform__n1000",74,655791239,1000,"ok",0.300699300699301,10.1177251613804,0.380000000000109,"ok",0.305291789800574,0.302099195187899,0.307578718342178,3.22000000000003
"paper_f3_jump__uniform__n1000",78,930371731,1000,"ok",0.300699300699301,9.48589602864983,0.480000000000018,"ok",0.304884219433982,0.301758613473141,0.306984286022592,3.34999999999991
"paper_f3_jump__uniform__n1000",82,191222308,1000,"ok",0.300699300699301,8.74698537947835,0.380000000000109,"ok",0.304963049512124,0.301820676476483,0.307171709695778,2.55999999999995
"paper_f3_jump__uniform__n1000",86,158762898,1000,"ok",0.300699300699301,9.8143327042716,0.389999999999873,"ok",0.305156499088078,0.301944816880432,0.307327086835743,3.26999999999998
"paper_f3_jump__uniform__n1000",90,1495273382,1000,"ok",0.300699300699301,9.51534227847903,0.340000000000146,"ok",0.304805798191754,0.301687431607334,0.306882726605481,2.86000000000013
"paper_f3_jump__uniform__n1000",94,1612268680,1000,"ok",0.300699300699301,10.584567540581,0.480000000000018,"ok",0.30510560179604,0.301424071368527,0.307357547561782,2.9699999999998
"paper_f3_jump__uniform__n1000",98,1449301040,1000,"ok",0.300699300699301,9.15409371699339,0.349999999999909,"ok",0.305139561953923,0.30211346644562,0.307454481509783,2.89000000000033
"paper_f3_jump__uniform__n1000",102,909697666,1000,"ok",0.300699300699301,9.73381609126511,0.440000000000055,"ok",0.305563838374449,0.302354431188096,0.307828461487389,3.63999999999987
"paper_f3_jump__uniform__n1000",106,956321079,1000,"ok",0.300699300699301,10.7120663772425,0.360000000000127,"ok",0.30569565024343,0.302193338829395,0.307897595043049,2.92000000000007
"paper_f3_jump__uniform__n1000",110,662754993,1000,"ok",0.300699300699301,9.39967875672802,0.449999999999818,"ok",0.305032499939768,0.301700811567005,0.307159519368086,3.32999999999993
"paper_f3_jump__uniform__n1000",114,1759988375,1000,"ok",0.300699300699301,9.38911516621294,0.5,"ok",0.305407456337857,0.302168182299669,0.307417469981899,3.11000000000013
"paper_f3_jump__uniform__n1000",118,1198151867,1000,"ok",0.300699300699301,9.29971658492664,0.559999999999945,"ok",0.30546484077498,0.302457729825961,0.307559040633202,3.17000000000007
"paper_f3_jump__uniform__n1000",122,397824834,1000,"ok",0.300699300699301,10.1382381479721,0.349999999999909,"ok",0.305156154251048,0.301961220749627,0.307330255708246,2.70000000000027
"paper_f3_jump__uniform__n1000",126,361625165,1000,"ok",0.300699300699301,10.3017457479789,0.4699999999998,"ok",0.305161932899196,0.30188153124244,0.307295168811176,3.05999999999995
"paper_f3_jump__uniform__n1000",130,1613397544,1000,"ok",0.300699300699301,9.9813542610696,0.390000000000327,"ok",0.305148116198376,0.301792179221337,0.307347822088968,2.75
"paper_f3_jump__uniform__n1000",134,1202152907,1000,"ok",0.300699300699301,9.45929945191516,0.389999999999873,"ok",0.305302621791814,0.301964459115163,0.307302838332001,3.34000000000015
"paper_f3_jump__uniform__n1000",138,1962912348,1000,"ok",0.300699300699301,10.4276607714734,0.4699999999998,"ok",0.305341305421103,0.302143975115659,0.307569459894761,3.0300000000002
"paper_f3_jump__uniform__n1000",142,1426871095,1000,"ok",0.300699300699301,9.78819058766014,0.359999999999673,"ok",0.305202163023299,0.30192669226199,0.307418603673708,3.0300000000002
"paper_f3_jump__uniform__n1000",146,1760654827,1000,"ok",0.300699300699301,9.82615582419326,0.480000000000018,"ok",0.304888303376022,0.301291068114767,0.306973631065017,3.32999999999993
"paper_f3_jump__uniform__n1000",150,7652783,1000,"ok",0.300699300699301,9.51888378823456,0.480000000000018,"ok",0.305242351557351,0.301937558207662,0.307482673701096,4.38999999999987
"paper_f3_jump__uniform__n1000",154,1952175563,1000,"ok",0.300699300699301,9.73732204806656,0.680000000000291,"ok",0.305016581970479,0.302469295789564,0.307037655460713,3.4699999999998
"paper_f3_jump__uniform__n1000",158,413690239,1000,"ok",0.300699300699301,10.1129738476797,0.2800000000002,"ok",0.305389792482627,0.302073022341845,0.30772640368321,3.13999999999987
"paper_f3_jump__uniform__n1000",162,813087293,1000,"ok",0.300699300699301,10.1949320852801,0.429999999999836,"ok",0.304969681689206,0.301981867037072,0.306981887717262,3.24000000000024
"paper_f3_jump__uniform__n1000",166,1318152732,1000,"ok",0.300699300699301,10.4734699190515,0.449999999999818,"ok",0.305043877575112,0.301498804078884,0.307206249806024,4.01999999999998
"paper_f3_jump__uniform__n1000",170,2106215461,1000,"ok",0.300699300699301,10.5411713220575,0.5,"ok",0.305295074222327,0.302149015158088,0.307247072509996,3.5
"paper_f3_jump__uniform__n1000",174,151573097,1000,"ok",0.300699300699301,9.80374973544885,0.450000000000273,"ok",0.305312172341114,0.302188461616504,0.307597484203288,3.76999999999998
"paper_f3_jump__uniform__n1000",178,784931933,1000,"ok",0.300699300699301,9.70588120863745,0.639999999999873,"ok",0.305421910922001,0.302212077309912,0.307621688747673,3.90000000000009
"paper_f3_jump__uniform__n1000",182,915411676,1000,"ok",0.300699300699301,9.56943276925983,0.5,"ok",0.304603628778933,0.301553449651982,0.306548039583225,3.85999999999967
"paper_f3_jump__uniform__n1000",186,226683223,1000,"ok",0.300699300699301,10.5033147007585,0.440000000000055,"ok",0.305307372239158,0.301775117799962,0.307248276600634,3.7800000000002
"paper_f3_jump__uniform__n1000",190,206800701,1000,"ok",0.300699300699301,10.6142703925037,0.5,"ok",0.304965572111209,0.301153261468039,0.30723972320953,3.69999999999982
"paper_f3_jump__uniform__n1000",194,1883503440,1000,"ok",0.300699300699301,9.00680934346597,0.550000000000182,"ok",0.305161791300209,0.301954350964158,0.306992980859112,3.29999999999973
"paper_f3_jump__uniform__n1000",198,999150657,1000,"ok",0.300699300699301,8.51678399843193,0.650000000000091,"ok",0.304938564243511,0.301980791168307,0.306918359228882,4.01999999999998
"paper_f4_logistic__uniform__n1000",2,1083087133,1000,"ok",0.126873126873127,10.9792843148999,0.75,"ok",0.180503243089614,0.167905867272221,0.426747853581015,3.25
"paper_f4_logistic__uniform__n1000",6,1102497007,1000,"ok",0.242757242757243,9.39631484489978,0.75,"ok",0.196936680536136,0.161229553705727,0.425104983004908,4.39000000000033
"paper_f4_logistic__uniform__n1000",10,1527504368,1000,"ok",0.01998001998002,9.10372827625225,0.669999999999618,"ok",0.000999000999000999,0.000999000999000999,0.446030785360792,3.45000000000027
"paper_f4_logistic__uniform__n1000",14,1167514943,1000,"ok",0.579420579420579,9.87429698210438,0.699999999999818,"ok",0.465594127546893,0.000999000999000999,0.484323621872368,4.23000000000002
"paper_f4_logistic__uniform__n1000",18,1265366486,1000,"ok",0.140859140859141,9.54083120064945,0.630000000000109,"ok",0.176881993472405,0.156093112370577,0.435201009906704,3.40999999999985
"paper_f4_logistic__uniform__n1000",22,428028789,1000,"ok",0.352647352647353,10.0881420286807,0.670000000000073,"ok",0.304169326985218,0.177371434975117,0.359150825661497,3.85999999999967
"paper_f4_logistic__uniform__n1000",26,1844985751,1000,"ok",0.432567432567433,9.27823772386277,0.710000000000036,"ok",0.418153876519303,0.000999000999000999,0.475756803689807,3.37000000000035
"paper_f4_logistic__uniform__n1000",30,2093815470,1000,"ok",0.045954045954046,10.1385761868957,0.75,"ok",0.155253184717943,0.000999000999000999,0.463646107906165,3.25999999999976
"paper_f4_logistic__uniform__n1000",34,1554309939,1000,"ok",0.154845154845155,8.94165244198415,0.599999999999909,"ok",0.275317318781895,0.000999000999000999,0.460295906146716,3.2800000000002
"paper_f4_logistic__uniform__n1000",38,99967737,1000,"ok",0.283716283716284,10.3804020267115,0.670000000000073,"ok",0.356999221000122,0.000999000999000999,0.464144437602927,3.58999999999969
"paper_f4_logistic__uniform__n1000",42,1321159558,1000,"ok",0.00899100899100899,9.72687812918919,0.550000000000182,"ok",0.000999000999000999,0.000999000999000999,0.483779938594685,3.19999999999982
"paper_f4_logistic__uniform__n1000",46,2128022445,1000,"ok",0.0529470529470529,9.50819170184336,0.660000000000309,"ok",0.171712327198629,0.000999000999000999,0.453701190949885,3.44999999999982
"paper_f4_logistic__uniform__n1000",50,1124452740,1000,"ok",0.421578421578422,9.73793744733471,0.75,"ok",0.457216122856676,0.187304035162056,0.475496593695252,3
"paper_f4_logistic__uniform__n1000",54,1233644932,1000,"ok",0.018981018981019,9.20740600399892,0.5300000000002,"ok",0.000999000999000999,0.000999000999000999,0.313826618157828,3.36999999999989
"paper_f4_logistic__uniform__n1000",58,2116234739,1000,"ok",0.041958041958042,9.44516398816029,0.519999999999982,"ok",0.132051122874701,0.000999000999000999,0.423564745778955,3.40000000000009
"paper_f4_logistic__uniform__n1000",62,1647596072,1000,"ok",0.185814185814186,10.1985842349908,0.489999999999782,"ok",0.241974979877928,0.000999000999000999,0.403788936143944,3.18000000000029
"paper_f4_logistic__uniform__n1000",66,1480952967,1000,"ok",0.492507492507492,10.263730194701,0.679999999999836,"ok",0.452511175185411,0.000999000999000999,0.469772453751373,3.42000000000007
"paper_f4_logistic__uniform__n1000",70,700046060,1000,"ok",0.190809190809191,10.1683454726283,0.690000000000055,"ok",0.183831695260525,0.000999000999000999,0.458788422764857,2.84000000000015
"paper_f4_logistic__uniform__n1000",74,1423479463,1000,"ok",0.414585414585415,9.57674043318215,0.539999999999964,"ok",0.413083904846835,0.152219082292882,0.465869166818452,2.92999999999984
"paper_f4_logistic__uniform__n1000",78,993307067,1000,"ok",0.040959040959041,9.51432023049238,0.5300000000002,"ok",0.000999000999000999,0.000999000999000999,0.462583433747449,2.98999999999978
"paper_f4_logistic__uniform__n1000",82,1988109035,1000,"ok",0.450549450549451,9.4447936367177,0.590000000000146,"ok",0.189911486586252,0.161780698091813,0.446111557996201,2.86000000000013
"paper_f4_logistic__uniform__n1000",86,969112369,1000,"ok",0.582417582417582,9.67941754017244,0.590000000000146,"ok",0.19390593505829,0.000999000999000999,0.464959870360736,3.02999999999975
"paper_f4_logistic__uniform__n1000",90,2142701408,1000,"ok",0.002997002997003,9.66226338420346,0.599999999999909,"ok",0.000999000999000999,0.000999000999000999,0.273594952430535,2.73000000000002
"paper_f4_logistic__uniform__n1000",94,811025810,1000,"ok",0.241758241758242,10.4645007992429,0.630000000000109,"ok",0.190638896788759,0.000999000999000999,0.422819404116769,2.59000000000015
"paper_f4_logistic__uniform__n1000",98,296168721,1000,"ok",0.00599400599400599,9.58563258924221,0.4699999999998,"ok",0.000999000999000999,0.000999000999000999,0.612116162467539,2.78999999999996
"paper_f4_logistic__uniform__n1000",102,1963868345,1000,"ok",0.021978021978022,9.18333140877646,0.539999999999964,"ok",0.000999000999000999,0.000999000999000999,0.47376888739339,2.82000000000016
"paper_f4_logistic__uniform__n1000",106,261451519,1000,"ok",0.051948051948052,8.72457960382925,0.670000000000073,"ok",0.000999000999000999,0.000999000999000999,0.415875654074119,2.53999999999996
"paper_f4_logistic__uniform__n1000",110,1944014030,1000,"ok",0.394605394605395,9.56864628040407,0.440000000000055,"ok",0.316803800599715,0.19270702936391,0.355740182483458,2.86000000000013
"paper_f4_logistic__uniform__n1000",114,149547464,1000,"ok",0.0809190809190809,9.80533866633708,0.449999999999818,"ok",0.152358060752699,0.000999000999000999,0.225823199317798,3.09999999999991
"paper_f4_logistic__uniform__n1000",118,701347745,1000,"ok",0.565434565434565,9.70352373617891,0.590000000000146,"ok",0.185300441677006,0.000999000999000999,0.560044836078699,3.57999999999993
"paper_f4_logistic__uniform__n1000",122,2134102755,1000,"ok",0.0679320679320679,9.92141262711035,0.75,"ok",0.300556248349425,0.000999000999000999,0.443907075371428,3.63999999999987
"paper_f4_logistic__uniform__n1000",126,495366227,1000,"ok",0.370629370629371,11.1904065593328,0.829999999999927,"ok",0.323865132534449,0.191789578933489,0.442153623450232,3.58000000000038
"paper_f4_logistic__uniform__n1000",130,1809215922,1000,"ok",0.107892107892108,9.04601448232238,0.559999999999945,"ok",0.16132755205328,0.000999000999000999,0.330266077173074,3.69000000000005
"paper_f4_logistic__uniform__n1000",134,7845664,1000,"ok",0.233766233766234,9.66247000894524,0.619999999999891,"ok",0.309516118572225,0.000999000999000999,0.469670893955596,3.92000000000007
"paper_f4_logistic__uniform__n1000",138,1183411994,1000,"ok",0.042957042957043,10.3104848872197,0.769999999999982,"ok",0.180491405740114,0.157243249616115,0.465579094917522,3.98000000000002
"paper_f4_logistic__uniform__n1000",142,206021868,1000,"ok",0.201798201798202,9.84750185932505,0.75,"ok",0.160713495107027,0.000999000999000999,0.314294128985562,3.9699999999998
"paper_f4_logistic__uniform__n1000",146,46512329,1000,"ok",0.111888111888112,9.77543229274113,0.789999999999964,"ok",0.173941366064041,0.000999000999000999,0.496944409643027,3.90000000000009
"paper_f4_logistic__uniform__n1000",150,1181092503,1000,"ok",0.115884115884116,9.5812731545637,0.7800000000002,"ok",0.169457715619536,0.000999000999000999,0.325460499511069,3.56999999999971
"paper_f4_logistic__uniform__n1000",154,1742383960,1000,"ok",0.018981018981019,10.1143254652542,0.650000000000091,"ok",0.000999000999000999,0.000999000999000999,0.467485931738841,3.42999999999984
"paper_f4_logistic__uniform__n1000",158,305908071,1000,"ok",0.051948051948052,10.2007383247917,0.690000000000055,"ok",0.422969690814509,0.000999000999000999,0.469041779708034,2.96000000000004
"paper_f4_logistic__uniform__n1000",162,925024287,1000,"ok",0.031968031968032,9.50679025486084,0.610000000000127,"ok",0.317892371027747,0.000999000999000999,0.453755160842692,3.28999999999996
"paper_f4_logistic__uniform__n1000",166,523292549,1000,"ok",0.42957042957043,9.42797359616459,0.480000000000018,"ok",0.357553111548627,0.195928423232548,0.456421283971814,3.19000000000005
"paper_f4_logistic__uniform__n1000",170,1909077379,1000,"ok",0.517482517482518,9.65754294485461,0.650000000000091,"ok",0.438061562064608,0.000999000999000999,0.504996176978842,3.85999999999967
"paper_f4_logistic__uniform__n1000",174,1140727542,1000,"ok",0.042957042957043,9.05737762685608,0.660000000000309,"ok",0.0994984166322554,0.000999000999000999,0.445680598716781,3.7199999999998
"paper_f4_logistic__uniform__n1000",178,94190086,1000,"ok",0.0539460539460539,10.0758085708432,0.869999999999891,"ok",0.167142152253501,0.000999000999000999,0.463921593156063,3.11000000000013
"paper_f4_logistic__uniform__n1000",182,592486639,1000,"ok",0.386613386613387,9.98396790705355,0.639999999999873,"ok",0.449358963437641,0.000999000999000999,0.476021415596883,3.44000000000005
"paper_f4_logistic__uniform__n1000",186,446364954,1000,"ok",0.243756243756244,9.65783081759836,0.610000000000127,"ok",0.160129172428401,0.000999000999000999,0.32005191765238,3.67999999999984
"paper_f4_logistic__uniform__n1000",190,914222469,1000,"ok",0.482517482517482,10.0941527467326,0.5300000000002,"ok",0.452860869160567,0.000999000999000999,0.4767041753365,3.23000000000002
"paper_f4_logistic__uniform__n1000",194,2116254433,1000,"ok",0.0659340659340659,10.0748668788112,0.829999999999927,"ok",0.176300453383654,0.000999000999000999,0.493820381878783,3.7800000000002
"paper_f4_logistic__uniform__n1000",198,2047650362,1000,"ok",0.192807192807193,10.6030310250482,0.639999999999873,"ok",0.308127901374864,0.000999000999000999,0.450097776780761,3.19999999999982
"paper_f1_cusp__beta_4_8__n1000",2,1395444331,1000,"ok",0.302087142378213,9.68496085835901,0.800000000000182,"ok",0.298178043588444,0.291243399717601,0.307336313151174,3.71000000000004
"paper_f1_cusp__beta_4_8__n1000",6,727002587,1000,"ok",0.307195446421568,9.58036195798899,0.820000000000164,"ok",0.305025135144306,0.297647521757546,0.316811206957336,3.91999999999962
"paper_f1_cusp__beta_4_8__n1000",10,429592918,1000,"ok",0.295619509425884,9.79478010305141,0.840000000000146,"ok",0.302154605781274,0.294314746907649,0.313310237080481,4.11000000000013
"paper_f1_cusp__beta_4_8__n1000",14,1691935696,1000,"ok",0.30140636703188,9.45807343245634,0.739999999999782,"ok",0.310610178592679,0.302513668618549,0.324458829239259,4.14000000000033
"paper_f1_cusp__beta_4_8__n1000",18,1051577019,1000,"ok",0.300725622636013,9.95830261387384,0.889999999999873,"ok",0.303929581965514,0.295677549773949,0.31490456258102,4.07999999999993
"paper_f1_cusp__beta_4_8__n1000",22,1351902675,1000,"ok",0.300725622636013,10.0106487679645,0.699999999999818,"ok",0.306366926291461,0.29844861707113,0.317966524115557,4.17999999999984
"paper_f1_cusp__beta_4_8__n1000",26,674651683,1000,"ok",0.297662253778777,10.0733916138956,0.670000000000073,"ok",0.308049043749351,0.299729333702641,0.321198189414851,3.76000000000022
"paper_f1_cusp__beta_4_8__n1000",30,616901697,1000,"ok",0.301746749902358,10.2890237251271,0.769999999999982,"ok",0.310686674234596,0.301744417312187,0.322481203090268,3.94999999999982
"paper_f1_cusp__beta_4_8__n1000",34,220590707,1000,"ok",0.296981411106535,9.88286669116457,0.800000000000182,"ok",0.301515993775801,0.293853614537786,0.310989910247758,3.60999999999967
"paper_f1_cusp__beta_4_8__n1000",38,727421507,1000,"ok",0.300044894227101,9.62507160086206,0.720000000000255,"ok",0.305614100650501,0.298201230256818,0.317772517572447,3.7199999999998
"paper_f1_cusp__beta_4_8__n1000",42,1633639941,1000,"ok",0.30140636703188,10.0781522792872,0.900000000000091,"ok",0.303229073557118,0.295736067202387,0.314808315110346,3.92000000000007
"paper_f1_cusp__beta_4_8__n1000",46,581686289,1000,"ok",0.304470315105879,9.10563221423011,0.769999999999982,"ok",0.303571907123108,0.296616645580739,0.314060843707214,3.55999999999995
"paper_f1_cusp__beta_4_8__n1000",50,401352133,1000,"ok",0.300044894227101,9.93320649747596,0.800000000000182,"ok",0.305806452501685,0.29775807527319,0.319916357558876,3.75
"paper_f1_cusp__beta_4_8__n1000",54,153039511,1000,"ok",0.304129803268429,10.8622645003235,0.589999999999691,"ok",0.306811107406952,0.298814799024033,0.319079627736057,3.30000000000018
"paper_f1_cusp__beta_4_8__n1000",58,1446770462,1000,"ok",0.300044894227101,9.43976106899617,0.829999999999927,"ok",0.307366391821721,0.299026475464429,0.319745806309752,3.36999999999989
"paper_f1_cusp__beta_4_8__n1000",62,1810505177,1000,"ok",0.300044894227101,9.67550582516638,0.670000000000073,"ok",0.303978253589427,0.296626156145051,0.316723696958533,3.22000000000025
"paper_f1_cusp__beta_4_8__n1000",66,1937204013,1000,"ok",0.300044894227101,8.93068666430736,0.769999999999982,"ok",0.304961000831433,0.297753324036118,0.315116038671654,3.02999999999975
"paper_f1_cusp__beta_4_8__n1000",70,504652606,1000,"ok",0.300725622636013,9.68279020833105,0.519999999999982,"ok",0.304733362354659,0.297059039477409,0.315849264732637,3.11000000000013
"paper_f1_cusp__beta_4_8__n1000",74,1800937756,1000,"ok",0.299704531331852,9.80774890439975,0.679999999999836,"ok",0.302584207906712,0.294825750404553,0.312586974181895,3.17000000000007
"paper_f1_cusp__beta_4_8__n1000",78,1235221475,1000,"ok",0.299023798767047,9.86383975402421,0.690000000000055,"ok",0.306136947267273,0.298928430185303,0.317828818937928,2.92000000000007
"paper_f1_cusp__beta_4_8__n1000",82,1647153105,1000,"ok",0.300725622636013,9.35067346728985,0.570000000000164,"ok",0.302056699931784,0.295140149402341,0.311777892200692,3.2199999999998
"paper_f1_cusp__beta_4_8__n1000",86,444570040,1000,"ok",0.303108396080744,9.7274666187916,0.75,"ok",0.298746583902345,0.292184830970307,0.307446812645415,3.36999999999989
"paper_f1_cusp__beta_4_8__n1000",90,1582980327,1000,"ok",0.296640965585882,9.51269375691403,0.720000000000255,"ok",0.306150243377119,0.298249010511699,0.316618028334198,2.86999999999989
"paper_f1_cusp__beta_4_8__n1000",94,1064376644,1000,"ok",0.299023798767047,9.41852150250516,0.550000000000182,"ok",0.301320245895697,0.294354833408201,0.312365939424457,2.87999999999965
"paper_f1_cusp__beta_4_8__n1000",98,371153288,1000,"ok",0.302087142378213,10.3205007950266,0.519999999999982,"ok",0.303830403202896,0.297188879197493,0.314435933484305,3.17000000000007
"paper_f1_cusp__beta_4_8__n1000",102,464761586,1000,"ok",0.296300501404403,9.74359810022358,0.539999999999964,"ok",0.303728586995184,0.296184818495681,0.314114282650394,2.71000000000004
"paper_f1_cusp__beta_4_8__n1000",106,2084174226,1000,"ok",0.299704531331852,9.31813248309232,0.789999999999964,"ok",0.304581257977375,0.297259630047124,0.314976889573729,2.71000000000004
"paper_f1_cusp__beta_4_8__n1000",110,1098899764,1000,"ok",0.305832625746625,9.59536333988754,0.610000000000127,"ok",0.305892679624949,0.298415871128214,0.31706774184036,3.07000000000016
"paper_f1_cusp__beta_4_8__n1000",114,2077108780,1000,"ok",0.300044894227101,10.4840438750207,0.609999999999673,"ok",0.304992682918181,0.297179502475126,0.316849998196583,3.01000000000022
"paper_f1_cusp__beta_4_8__n1000",118,1701307565,1000,"ok",0.303789314055251,10.1583544671465,0.659999999999854,"ok",0.302716922181052,0.295730821222145,0.313100047931394,2.65000000000009
"paper_f1_cusp__beta_4_8__n1000",122,1650570940,1000,"ok",0.299704531331852,9.68866803347817,0.539999999999964,"ok",0.304531398232249,0.297174418920803,0.315045637874296,2.84999999999991
"paper_f1_cusp__beta_4_8__n1000",126,1743189890,1000,"ok",0.299364166805512,9.56791411511207,0.680000000000291,"ok",0.304544401048468,0.297529761643279,0.31628117353064,2.75
"paper_f1_cusp__beta_4_8__n1000",130,550656970,1000,"ok",0.300385257369787,9.4151778658657,0.529999999999745,"ok",0.300068080917443,0.293262383594199,0.309742946607482,2.59000000000015
"paper_f1_cusp__beta_4_8__n1000",134,1243163359,1000,"ok",0.304470315105879,9.95446449235382,0.5,"ok",0.306412911844945,0.298632548968844,0.319083140401354,2.67999999999984
"paper_f1_cusp__beta_4_8__n1000",138,345935780,1000,"ok",0.300044894227101,9.63708301074916,0.539999999999964,"ok",0.30447259953786,0.297267651193153,0.316287006135516,2.76000000000022
"paper_f1_cusp__beta_4_8__n1000",142,1167386444,1000,"ok",0.300385257369787,9.94816383112848,0.519999999999982,"ok",0.303234191052905,0.29607966171083,0.313616092551549,2.73000000000002
"paper_f1_cusp__beta_4_8__n1000",146,337453113,1000,"ok",0.298683425332831,10.7496158241033,0.5,"ok",0.305889176091911,0.298063977248555,0.317880096479978,3.04999999999973
"paper_f1_cusp__beta_4_8__n1000",150,1388460411,1000,"ok",0.298683425332831,9.27363570385955,0.510000000000218,"ok",0.305227006495071,0.297221780758879,0.316553693465157,2.65999999999985
"paper_f1_cusp__beta_4_8__n1000",154,1534405524,1000,"ok",0.300385257369787,9.56533521294288,0.579999999999927,"ok",0.304596365599143,0.2969304427476,0.31707204137922,2.64000000000033
"paper_f1_cusp__beta_4_8__n1000",158,116006987,1000,"ok",0.301746749902358,9.34069289000991,0.549999999999727,"ok",0.300768895152961,0.29445321994401,0.310813466896775,3.18000000000029
"paper_f1_cusp__beta_4_8__n1000",162,1678890604,1000,"ok",0.300044894227101,10.739715253011,0.690000000000055,"ok",0.304715937921413,0.297039004246826,0.316426942891632,2.87999999999965
"paper_f1_cusp__beta_4_8__n1000",166,383338562,1000,"ok",0.300044894227101,9.34207089524296,0.539999999999964,"ok",0.304206395643263,0.297218324763647,0.31520029221204,2.57000000000016
"paper_f1_cusp__beta_4_8__n1000",170,906344612,1000,"ok",0.306173278480467,9.9771449775169,0.650000000000091,"ok",0.302235590489635,0.294529910851807,0.312431423209071,3.13999999999987
"paper_f1_cusp__beta_4_8__n1000",174,835399725,1000,"ok",0.299364166805512,9.60408092702037,0.659999999999854,"ok",0.30315958169015,0.295644824990971,0.314001717571332,2.70000000000027
"paper_f1_cusp__beta_4_8__n1000",178,778919512,1000,"ok",0.304470315105879,9.9894649385923,0.5,"ok",0.305081071635804,0.297034453836084,0.317334219622308,2.80999999999995
"paper_f1_cusp__beta_4_8__n1000",182,1710861551,1000,"ok",0.294257217381543,9.60070858261718,0.550000000000182,"ok",0.308026921683665,0.2996156523418,0.321349162515749,2.82999999999993
"paper_f1_cusp__beta_4_8__n1000",186,1253881440,1000,"ok",0.296640965585882,8.83376335329028,0.699999999999818,"ok",0.305200393190114,0.297312730549956,0.316094063208802,2.80999999999995
"paper_f1_cusp__beta_4_8__n1000",190,707161865,1000,"ok",0.305492004891235,9.83302039136427,0.690000000000055,"ok",0.303753869702124,0.296647430984206,0.314287337182195,3
"paper_f1_cusp__beta_4_8__n1000",194,1912718766,1000,"ok",0.298683425332831,9.25964496970998,0.559999999999945,"ok",0.302484883132906,0.294931283970893,0.313381011485299,2.96000000000004
"paper_f1_cusp__beta_4_8__n1000",198,1725563670,1000,"ok",0.301065991899542,9.63366759201195,0.679999999999836,"ok",0.303592541444695,0.296227568000225,0.314156997784261,2.67999999999984
"paper_f2_onset__beta_4_8__n1000",2,348089022,1000,"ok",0.352156878766543,10.0417060545531,0.420000000000073,"ok",0.438066127118171,0.428743386227052,0.475639759574796,2.92000000000007
"paper_f2_onset__beta_4_8__n1000",6,1055297260,1000,"ok",0.337898579621934,10.2196905505,0.470000000000255,"ok",0.42840289391857,0.422176667180013,0.452933721285059,2.9699999999998
"paper_f2_onset__beta_4_8__n1000",10,100571941,1000,"ok",0.311629562826646,10.1696890114703,0.429999999999836,"ok",0.427278499468827,0.4204037563673,0.453498088477681,3.17000000000007
"paper_f2_onset__beta_4_8__n1000",14,972573689,1000,"ok",0.326048843038276,10.2708973390715,0.440000000000055,"ok",0.425207082038481,0.419862005927122,0.447262722334526,2.88999999999987
"paper_f2_onset__beta_4_8__n1000",18,1955705737,1000,"ok",0.385865903996136,9.6887550926893,0.570000000000164,"ok",0.42552568818947,0.419642464761077,0.444079875305324,3.65000000000009
"paper_f2_onset__beta_4_8__n1000",22,244612630,1000,"ok",0.315047478534416,10.073286695766,0.5,"ok",0.422872390673937,0.417481061374345,0.440478273431498,2.9699999999998
"paper_f2_onset__beta_4_8__n1000",26,1916568711,1000,"ok",0.315389688682754,10.0870449693082,0.5,"ok",0.427125933285768,0.421546654563979,0.446736662769618,3.73000000000002
"paper_f2_onset__beta_4_8__n1000",30,1323890255,1000,"ok",0.501085445070792,9.71451566788555,0.579999999999927,"ok",0.426777576575344,0.420965194560228,0.447749666597371,3.55000000000018
"paper_f2_onset__beta_4_8__n1000",34,1571199984,1000,"ok",0.334391800577491,9.85106225907158,0.639999999999873,"ok",0.430780413445413,0.424179207311534,0.453104460519161,3.42000000000007
"paper_f2_onset__beta_4_8__n1000",38,1338238311,1000,"ok",0.310264269427531,10.4755499615251,0.460000000000036,"ok",0.426165030762876,0.420658760373288,0.446147307662452,3.19999999999982
"paper_f2_onset__beta_4_8__n1000",42,2104577094,1000,"ok",0.493500932014965,11.2009046732343,0.400000000000091,"ok",0.425106431138344,0.417155148823198,0.44488413101371,3.30000000000018
"paper_f2_onset__beta_4_8__n1000",46,293540347,1000,"ok",0.308558895279789,9.78993435730909,0.409999999999854,"ok",0.426726561451145,0.422030566860988,0.445137808500741,3.26000000000022
"paper_f2_onset__beta_4_8__n1000",50,1067895732,1000,"ok",0.423390418616924,10.2021566154277,0.5,"ok",0.423725666787596,0.418801504635777,0.441656510500916,3.32999999999993
"paper_f2_onset__beta_4_8__n1000",54,1923204681,1000,"ok",0.324667010809547,9.91158954971043,0.389999999999873,"ok",0.422388946194102,0.417039649962805,0.440679190862786,3.0300000000002
"paper_f2_onset__beta_4_8__n1000",58,1039498091,1000,"ok",0.466851493326483,9.7687739538434,0.509999999999764,"ok",0.431548182654365,0.423863545304355,0.456673032479461,3.5
"paper_f2_onset__beta_4_8__n1000",62,992302596,1000,"ok",0.368025853980168,10.199139959559,0.550000000000182,"ok",0.424718539075712,0.418713244738147,0.44374076354922,3.42999999999984
"paper_f2_onset__beta_4_8__n1000",66,203744678,1000,"ok",0.383477394859351,10.03522176327,0.5,"ok",0.426925688885449,0.421945601358189,0.445413991684867,3.36000000000013
"paper_f2_onset__beta_4_8__n1000",70,2009535814,1000,"ok",0.322942722457423,9.58439199336063,0.550000000000182,"ok",0.418347368935618,0.413497981406846,0.431562879302043,3.2199999999998
"paper_f2_onset__beta_4_8__n1000",74,868670368,1000,"ok",0.3302084374899,8.90399128820253,0.610000000000127,"ok",0.436987327223338,0.427414724018796,0.468084396221102,3.55999999999995
"paper_f2_onset__beta_4_8__n1000",78,304960895,1000,"ok",0.439076221583359,9.76258344398488,0.4699999999998,"ok",0.423317792780561,0.418502865084867,0.441679721221808,3.64000000000033
"paper_f2_onset__beta_4_8__n1000",82,730305705,1000,"ok",0.337546993035504,9.9906170716697,0.419999999999618,"ok",0.42870269085616,0.422743427970676,0.453823490337619,4.19000000000005
"paper_f2_onset__beta_4_8__n1000",86,1010933961,1000,"ok",0.399822876274639,9.66340078794348,0.670000000000073,"ok",0.423035640432041,0.418646960500596,0.43763929390892,3.65999999999985
"paper_f2_onset__beta_4_8__n1000",90,1057583642,1000,"ok",0.372199855148148,10.1545330139637,0.700000000000273,"ok",0.422633598025599,0.417770807301374,0.438741263663255,4.40999999999985
"paper_f2_onset__beta_4_8__n1000",94,189512925,1000,"ok",0.435028528343397,10.0714978492224,0.519999999999982,"ok",0.424431734310925,0.419542288914422,0.439901690053366,3.48000000000002
"paper_f2_onset__beta_4_8__n1000",98,1527118909,1000,"ok",0.371437015535045,9.92307621032,0.579999999999927,"ok",0.434849109307376,0.42795498652068,0.462552906611827,4.23000000000002
"paper_f2_onset__beta_4_8__n1000",102,1562666927,1000,"ok",0.415093423971889,9.2964639166793,0.5,"ok",0.423332188901227,0.418571882074575,0.443081119950915,3.21000000000004
"paper_f2_onset__beta_4_8__n1000",106,685570697,1000,"ok",0.425757299073027,9.57971385139455,0.5,"ok",0.425049783748205,0.420038276275371,0.444345345540888,3.95000000000027
"paper_f2_onset__beta_4_8__n1000",110,1066238854,1000,"ok",0.365396139810059,8.98795628208635,0.5,"ok",0.428129890066063,0.422690207195609,0.448275267139082,3.33999999999969
"paper_f2_onset__beta_4_8__n1000",114,1379301765,1000,"ok",0.316074361296193,9.69123032864873,0.390000000000327,"ok",0.425762798556496,0.420871198001228,0.443550048364843,3.46000000000004
"paper_f2_onset__beta_4_8__n1000",118,11648124,1000,"ok",0.345690258019988,9.93115859254125,0.449999999999818,"ok",0.43166841560145,0.425733674597283,0.456731361522683,3.15999999999985
"paper_f2_onset__beta_4_8__n1000",122,2136210395,1000,"ok",0.428153352249695,8.75649087968659,0.700000000000273,"ok",0.428676496841673,0.421727855869194,0.453678583464164,3.35999999999967
"paper_f2_onset__beta_4_8__n1000",126,1065468495,1000,"ok",0.335792130258017,9.53978461778209,0.360000000000127,"ok",0.426977879410479,0.422343510466765,0.446395985537212,3.09000000000015
"paper_f2_onset__beta_4_8__n1000",130,2026226119,1000,"ok",0.398559835813399,9.78802682843726,0.489999999999782,"ok",0.425038345856685,0.41988630209721,0.444490819985081,3.25
"paper_f2_onset__beta_4_8__n1000",134,2115597615,1000,"ok",0.372199855148148,10.1294163122077,0.5300000000002,"ok",0.42836175898066,0.422576740790609,0.452686095465934,3.13999999999987
"paper_f2_onset__beta_4_8__n1000",138,1019803838,1000,"ok",0.374114896814392,9.70503785914657,0.480000000000018,"ok",0.42918278862719,0.423183593534017,0.450079974408525,3.2800000000002
"paper_f2_onset__beta_4_8__n1000",142,862217548,1000,"ok",0.388678918049763,9.7564198409711,0.329999999999927,"ok",0.423781211976397,0.418629736468605,0.443346781986443,3.15999999999985
"paper_f2_onset__beta_4_8__n1000",146,674540721,1000,"ok",0.345333568148228,10.6112818401746,0.510000000000218,"ok",0.431536832845791,0.425249439810623,0.460181383696601,3.73999999999978
"paper_f2_onset__beta_4_8__n1000",150,869630868,1000,"ok",0.31470535002722,9.68198801310803,0.480000000000018,"ok",0.427929002490337,0.421620322681971,0.453963999085393,3.36000000000013
"paper_f2_onset__beta_4_8__n1000",154,1289282496,1000,"ok",0.379540521528041,8.99100962753793,0.5,"ok",0.425853115340698,0.420265436064456,0.446568445263173,3.5
"paper_f2_onset__beta_4_8__n1000",158,140267869,1000,"ok",0.320877666259096,10.1817941499167,0.5,"ok",0.424710724008542,0.419857100228404,0.441410124906278,3.34999999999991
"paper_f2_onset__beta_4_8__n1000",162,734137343,1000,"ok",0.420586997689956,10.0986805364476,0.639999999999873,"ok",0.426576183358331,0.421318048470295,0.447499411849593,3.11000000000013
"paper_f2_onset__beta_4_8__n1000",166,764300864,1000,"ok",0.482216952115695,10.7795015739188,0.429999999999836,"ok",0.436344774097069,0.428569457328532,0.470499848122455,2.74000000000024
"paper_f2_onset__beta_4_8__n1000",170,1812481831,1000,"ok",0.415998975065991,10.3388179295827,0.449999999999818,"ok",0.42816769248499,0.422038659005762,0.454965511110579,3.39000000000033
"paper_f2_onset__beta_4_8__n1000",174,1003900849,1000,"ok",0.334391800577491,9.58956730085881,0.519999999999982,"ok",0.425131298294383,0.419482984144416,0.444994406199801,3.03999999999996
"paper_f2_onset__beta_4_8__n1000",178,550902171,1000,"ok",0.344620950973935,9.79696395384499,0.549999999999727,"ok",0.427436080324734,0.420713330824662,0.451577903981206,3.20000000000027
"paper_f2_onset__beta_4_8__n1000",182,1069815223,1000,"ok",0.352156878766543,10.3384171212936,0.389999999999873,"ok",0.423826414842529,0.418102842079643,0.442115555332499,2.65999999999985
"paper_f2_onset__beta_4_8__n1000",186,340981264,1000,"ok",0.487739343832234,9.99398839020719,0.470000000000255,"ok",0.437296221058182,0.423324107089226,0.469685973077992,3.04999999999973
"paper_f2_onset__beta_4_8__n1000",190,1041687527,1000,"ok",0.397721442906335,9.31730630012645,0.460000000000036,"ok",0.427568943434568,0.42221564787322,0.447782422437885,2.88000000000011
"paper_f2_onset__beta_4_8__n1000",194,1623868284,1000,"ok",0.336844440107752,10.723678163397,0.440000000000055,"ok",0.431920617544634,0.423102959349243,0.456209827254557,2.63999999999987
"paper_f2_onset__beta_4_8__n1000",198,271126202,1000,"ok",0.304470315105879,9.96920287138405,0.369999999999891,"ok",0.428759121591007,0.422768012360791,0.449846934825548,2.58000000000038
"paper_f3_jump__beta_4_8__n1000",2,1161837796,1000,"ok",0.300044894227101,10.4281548383582,0.449999999999818,"ok",0.270085856514607,0.264682263926338,0.272669541936021,3.05000000000018
"paper_f3_jump__beta_4_8__n1000",6,315682901,1000,"ok",0.300044894227101,10.3873878112012,0.4399999999996,"ok",0.271892015741453,0.266691428774337,0.274672459802984,2.72000000000025
"paper_f3_jump__beta_4_8__n1000",10,24114955,1000,"ok",0.300044894227101,9.74345437180464,0.369999999999891,"ok",0.271510251151186,0.266097126105439,0.274555082637818,2.97000000000025
"paper_f3_jump__beta_4_8__n1000",14,1974226393,1000,"ok",0.300044894227101,9.863582574422,0.389999999999873,"ok",0.270916587036797,0.265793844428704,0.273487822300114,2.84999999999991
"paper_f3_jump__beta_4_8__n1000",18,1727052653,1000,"ok",0.300044894227101,9.75865386794401,0.570000000000164,"ok",0.271195027833474,0.265793440010019,0.273725884603773,3.07999999999993
"paper_f3_jump__beta_4_8__n1000",22,1570467684,1000,"ok",0.300044894227101,10.9463883049488,0.380000000000109,"ok",0.271569694215028,0.265900293071715,0.274308527070273,2.98000000000002
"paper_f3_jump__beta_4_8__n1000",26,2072646157,1000,"ok",0.300044894227101,9.7715513369197,0.4399999999996,"ok",0.270853797641662,0.26519449253742,0.273526431845164,2.97000000000025
"paper_f3_jump__beta_4_8__n1000",30,1481982165,1000,"ok",0.300044894227101,10.2615549794101,0.410000000000309,"ok",0.270222794597218,0.264649564196306,0.273131805708648,2.75
"paper_f3_jump__beta_4_8__n1000",34,1619456625,1000,"ok",0.300044894227101,9.93361760512345,0.369999999999891,"ok",0.271223743836771,0.265751162776312,0.274101231939549,2.9699999999998
"paper_f3_jump__beta_4_8__n1000",38,133333568,1000,"ok",0.300044894227101,9.72748362194349,0.390000000000327,"ok",0.270993726457919,0.265698727563287,0.273885806182141,2.90999999999985
"paper_f3_jump__beta_4_8__n1000",42,1822811397,1000,"ok",0.300044894227101,9.60956240235092,0.4699999999998,"ok",0.271245396234725,0.265698851433961,0.27419775225314,2.83000000000038
"paper_f3_jump__beta_4_8__n1000",46,1551332573,1000,"ok",0.300044894227101,10.1814566133518,0.420000000000073,"ok",0.271111424988283,0.265384008636049,0.273717087066122,2.71000000000004
"paper_f3_jump__beta_4_8__n1000",50,1355449452,1000,"ok",0.300044894227101,8.94776116263669,0.480000000000018,"ok",0.271219390144003,0.266139795941069,0.27387900256192,2.84999999999991
"paper_f3_jump__beta_4_8__n1000",54,720954636,1000,"ok",0.300044894227101,9.51552872826282,0.449999999999818,"ok",0.270912610022875,0.265514150365867,0.273705751153707,2.67000000000007
"paper_f3_jump__beta_4_8__n1000",58,1493761565,1000,"ok",0.300044894227101,8.88602792828301,0.470000000000255,"ok",0.272046368641904,0.266450495526477,0.275154859354426,2.80999999999995
"paper_f3_jump__beta_4_8__n1000",62,1346357561,1000,"ok",0.300044894227101,9.75615507449488,0.449999999999818,"ok",0.270859274138784,0.265656076848847,0.273586590912943,3.15000000000009
"paper_f3_jump__beta_4_8__n1000",66,1644670017,1000,"ok",0.300044894227101,10.0627603945948,0.570000000000164,"ok",0.271813752445894,0.266483127684537,0.274905654010681,2.87999999999965
"paper_f3_jump__beta_4_8__n1000",70,2001607161,1000,"ok",0.300044894227101,9.26793062489181,0.329999999999927,"ok",0.271149490759586,0.265742116149188,0.274254338339299,2.80999999999995
"paper_f3_jump__beta_4_8__n1000",74,696133452,1000,"ok",0.300044894227101,8.97266707272204,0.519999999999982,"ok",0.271637174576764,0.266293160354338,0.274529139302774,3.14000000000033
"paper_f3_jump__beta_4_8__n1000",78,1106118638,1000,"ok",0.300044894227101,10.2621529984665,0.480000000000018,"ok",0.27149273947168,0.266004646232761,0.274261508291578,3.05999999999995
"paper_f3_jump__beta_4_8__n1000",82,717142071,1000,"ok",0.300044894227101,10.1932005104845,0.529999999999745,"ok",0.272073433557112,0.266322515375329,0.275159404671802,3.19000000000005
"paper_f3_jump__beta_4_8__n1000",86,2002947992,1000,"ok",0.300044894227101,10.085378612908,0.440000000000055,"ok",0.27140999912933,0.266104511328348,0.274439395548204,3.38999999999987
"paper_f3_jump__beta_4_8__n1000",90,1545610100,1000,"ok",0.300044894227101,10.1309289191697,0.5,"ok",0.271513557893561,0.266222829825871,0.274399196009543,3.64000000000033
"paper_f3_jump__beta_4_8__n1000",94,1750082712,1000,"ok",0.300044894227101,10.2223007146499,0.449999999999818,"ok",0.270676358524148,0.265015672666356,0.273544476669616,2.76999999999998
"paper_f3_jump__beta_4_8__n1000",98,771089270,1000,"ok",0.300044894227101,10.1153623898084,0.400000000000091,"ok",0.271818520625805,0.266207397493677,0.274919884323025,3.55999999999995
"paper_f3_jump__beta_4_8__n1000",102,1123186007,1000,"ok",0.300044894227101,10.8099291575903,0.510000000000218,"ok",0.270335532117591,0.265128103132106,0.273316764960028,2.9699999999998
"paper_f3_jump__beta_4_8__n1000",106,895265040,1000,"ok",0.300044894227101,9.98208959198311,0.420000000000073,"ok",0.270940357596473,0.265438697515156,0.273904001379117,3.65999999999985
"paper_f3_jump__beta_4_8__n1000",110,1014087854,1000,"ok",0.300044894227101,9.35249872122256,0.470000000000255,"ok",0.269760554125447,0.264625151484806,0.27222864124796,3.03999999999996
"paper_f3_jump__beta_4_8__n1000",114,1173899,1000,"ok",0.300044894227101,9.84305198915508,0.489999999999782,"ok",0.271230867347373,0.265582576825582,0.274029377502569,3.44000000000005
"paper_f3_jump__beta_4_8__n1000",118,1017653935,1000,"ok",0.300044894227101,10.5163778156463,0.400000000000091,"ok",0.270738262877591,0.265593502781511,0.273448419179832,3.32999999999993
"paper_f3_jump__beta_4_8__n1000",122,1865440074,1000,"ok",0.300044894227101,10.627139702036,0.550000000000182,"ok",0.270680819906261,0.264815777590435,0.27389472327855,3.5
"paper_f3_jump__beta_4_8__n1000",126,1222158284,1000,"ok",0.300044894227101,9.69465485119928,0.539999999999964,"ok",0.271405821421078,0.26578108298829,0.274357381125498,3.32999999999993
"paper_f3_jump__beta_4_8__n1000",130,1164090384,1000,"ok",0.300044894227101,9.95617680695043,0.579999999999927,"ok",0.271025503642327,0.265324542118447,0.273945568054644,4.2800000000002
"paper_f3_jump__beta_4_8__n1000",134,1163620125,1000,"ok",0.300044894227101,10.4256562237952,0.4399999999996,"ok",0.270783301493892,0.265231097020059,0.273759645635655,3.2800000000002
"paper_f3_jump__beta_4_8__n1000",138,2077916849,1000,"ok",0.300044894227101,10.1439062378006,0.420000000000073,"ok",0.270471342123353,0.264969344909107,0.273246711723702,4.05999999999995
"paper_f3_jump__beta_4_8__n1000",142,467885908,1000,"ok",0.300044894227101,9.8695319242765,0.519999999999982,"ok",0.27238690315337,0.266674273070191,0.275711325072426,3.65999999999985
"paper_f3_jump__beta_4_8__n1000",146,721233111,1000,"ok",0.300044894227101,10.0531753676125,0.620000000000346,"ok",0.270240690940127,0.264968322212538,0.273536742422953,4.37999999999965
"paper_f3_jump__beta_4_8__n1000",150,671657410,1000,"ok",0.300044894227101,10.3792474461775,0.510000000000218,"ok",0.270725933931749,0.26522799560345,0.273444888790591,4.07999999999993
"paper_f3_jump__beta_4_8__n1000",154,346589452,1000,"ok",0.300044894227101,10.9106059735576,0.590000000000146,"ok",0.270856667976773,0.265785660677584,0.273653258702545,3.9699999999998
"paper_f3_jump__beta_4_8__n1000",158,111564667,1000,"ok",0.300044894227101,9.66743535482387,0.639999999999873,"ok",0.271873040665263,0.266185625063413,0.274987904333575,4.05000000000018
"paper_f3_jump__beta_4_8__n1000",162,1636045682,1000,"ok",0.300044894227101,10.1669282773309,0.559999999999945,"ok",0.271868067232387,0.266342466133796,0.274937090901797,3.82999999999993
"paper_f3_jump__beta_4_8__n1000",166,1467099391,1000,"ok",0.300044894227101,10.4033294079056,0.619999999999891,"ok",0.27092899367518,0.265738660918905,0.273718122523008,3.49000000000024
"paper_f3_jump__beta_4_8__n1000",170,570905506,1000,"ok",0.300044894227101,9.51087768798143,0.589999999999691,"ok",0.270520986006232,0.265316047148821,0.273176016763783,3.5
"paper_f3_jump__beta_4_8__n1000",174,949853327,1000,"ok",0.300044894227101,9.25579399597472,0.450000000000273,"ok",0.270390639580432,0.264934359713154,0.273083612745905,3.56999999999971
"paper_f3_jump__beta_4_8__n1000",178,1327747180,1000,"ok",0.300044894227101,9.94666648657652,0.590000000000146,"ok",0.272490804161668,0.266696020032466,0.275659494441692,3.5
"paper_f3_jump__beta_4_8__n1000",182,631326649,1000,"ok",0.300044894227101,9.66342010551109,0.449999999999818,"ok",0.270738615936617,0.265279149226115,0.273347952227154,2.94000000000005
"paper_f3_jump__beta_4_8__n1000",186,1044897918,1000,"ok",0.300044894227101,9.88288972393471,0.519999999999982,"ok",0.270849642906576,0.26522104269928,0.273775003108085,3.73000000000002
"paper_f3_jump__beta_4_8__n1000",190,1823040893,1000,"ok",0.300044894227101,9.99644233571455,0.5300000000002,"ok",0.271874070802373,0.266788106198058,0.274902123249046,3.19000000000005
"paper_f3_jump__beta_4_8__n1000",194,689890411,1000,"ok",0.300044894227101,9.58752983248174,0.5,"ok",0.270906003039075,0.265621893581127,0.273669072993061,3.58999999999969
"paper_f3_jump__beta_4_8__n1000",198,257070300,1000,"ok",0.300044894227101,10.1131526236833,0.5,"ok",0.270513933702389,0.264872508177783,0.273239242108069,2.97000000000025
"paper_f4_logistic__beta_4_8__n1000",2,63658652,1000,"ok",0.139155497275211,9.45409080557459,0.519999999999982,"ok",0.0444258202113194,0.0444258202113194,0.755982191040283,3.11000000000013
"paper_f4_logistic__beta_4_8__n1000",6,1514935790,1000,"ok",0.105154465149115,9.73610157532702,0.5300000000002,"ok",0.133344037221788,0.0444258202113194,0.370053346501159,3.11999999999989
"paper_f4_logistic__beta_4_8__n1000",10,1455139068,1000,"ok",0.126935771132378,10.2098006067854,0.5,"ok",0.231040609736441,0.0444258202113194,0.629544330743527,3.46000000000004
"paper_f4_logistic__beta_4_8__n1000",14,2054018354,1000,"ok",0.30753624513352,9.82220227867202,0.519999999999982,"ok",0.392240084512308,0.0444258202113194,0.515859385995144,2.80000000000018
"paper_f4_logistic__beta_4_8__n1000",18,266191638,1000,"ok",0.105154465149115,10.6000618895582,0.5300000000002,"ok",0.256782962629424,0.0444258202113194,0.755982191040283,3.66999999999962
"paper_f4_logistic__beta_4_8__n1000",22,1429509060,1000,"ok",0.380323643768492,9.23949609997282,0.760000000000218,"ok",0.368776172782183,0.0444258202113194,0.510056251825151,3.01999999999998
"paper_f4_logistic__beta_4_8__n1000",26,835899104,1000,"ok",0.485641860424851,9.57421422529091,0.550000000000182,"ok",0.446054592536171,0.0444258202113194,0.644298945300653,3.11999999999989
"paper_f4_logistic__beta_4_8__n1000",30,436267476,1000,"ok",0.677893596960282,9.69452740458131,0.5,"ok",0.755982191040283,0.0444258202113194,0.755982191040283,2.84999999999991
"paper_f4_logistic__beta_4_8__n1000",34,2006877667,1000,"ok",0.0756054312845057,9.06278666154778,0.449999999999818,"ok",0.0444258202113194,0.0444258202113194,0.508362009801449,2.87000000000035
"paper_f4_logistic__beta_4_8__n1000",38,1248102571,1000,"ok",0.0597782525787601,10.2613300440259,0.440000000000055,"ok",0.0444258202113194,0.0444258202113194,0.626241781417829,2.76999999999998
"paper_f4_logistic__beta_4_8__n1000",42,1519401300,1000,"ok",0.351072749848774,9.90637438964753,0.529999999999745,"ok",0.368001662727716,0.0444258202113194,0.755982191040283,3.0300000000002
"paper_f4_logistic__beta_4_8__n1000",46,1246925436,1000,"ok",0.169746662149601,9.93500819326288,0.7199999999998,"ok",0.176897954724024,0.0444258202113194,0.534193490958869,2.63999999999987
"paper_f4_logistic__beta_4_8__n1000",50,1193525753,1000,"ok",0.221909513532796,9.96488010797838,0.470000000000255,"ok",0.371376654317022,0.0444258202113194,0.755982191040283,2.92000000000007
"paper_f4_logistic__beta_4_8__n1000",54,659767823,1000,"ok",0.421051519848168,10.0061118984082,0.539999999999964,"ok",0.312687783991577,0.198472406847141,0.509401669329286,2.71000000000004
"paper_f4_logistic__beta_4_8__n1000",58,1130547642,1000,"ok",0.0939820761188107,9.75873100363372,0.440000000000055,"ok",0.0444258202113194,0.0444258202113194,0.495631267169648,2.88999999999987
"paper_f4_logistic__beta_4_8__n1000",62,1242509958,1000,"ok",0.199412337181645,9.8437827217707,0.400000000000091,"ok",0.166121110513516,0.0444258202113194,0.486086832243952,2.69000000000005
"paper_f4_logistic__beta_4_8__n1000",66,246515497,1000,"ok",0.531185049566661,9.80896767530992,0.5,"ok",0.503393149857424,0.0444258202113194,0.623459833447076,2.80999999999995
"paper_f4_logistic__beta_4_8__n1000",70,860990988,1000,"ok",0.454599535229065,10.0535096539609,0.559999999999945,"ok",0.41451721872174,0.0444258202113194,0.650363592324308,2.5300000000002
"paper_f4_logistic__beta_4_8__n1000",74,204780208,1000,"ok",0.536381783720375,9.4580158750632,0.5,"ok",0.510239769442773,0.0444258202113194,0.637687278801788,3.05000000000018
"paper_f4_logistic__beta_4_8__n1000",78,1970626619,1000,"ok",0.521483640442657,10.198793986681,0.489999999999782,"ok",0.47604791800082,0.175394230199886,0.508207740602834,2.63999999999987
"paper_f4_logistic__beta_4_8__n1000",82,1094695891,1000,"ok",0.472422459897999,9.9426934808142,0.539999999999964,"ok",0.508134494873165,0.0444258202113194,0.624939956787023,2.83000000000038
"paper_f4_logistic__beta_4_8__n1000",86,755559767,1000,"ok",0.337195613889987,9.83377144787726,0.589999999999691,"ok",0.294691353554542,0.0444258202113194,0.538893865937943,2.66000000000031
"paper_f4_logistic__beta_4_8__n1000",90,1125906819,1000,"ok",0.256484376650397,9.86363907880581,0.4699999999998,"ok",0.167390964665973,0.0444258202113194,0.630424416893001,2.80999999999995
"paper_f4_logistic__beta_4_8__n1000",94,615460272,1000,"ok",0.235169976433058,10.621272697178,0.559999999999945,"ok",0.276796655931904,0.0444258202113194,0.474755669543776,2.82999999999993
"paper_f4_logistic__beta_4_8__n1000",98,1856801655,1000,"ok",0.372199855148148,9.46627736649213,0.5,"ok",0.286019257436234,0.0444258202113194,0.755982191040283,2.89000000000033
"paper_f4_logistic__beta_4_8__n1000",102,1659298425,1000,"ok",0.333692777639052,9.6072843460462,0.579999999999927,"ok",0.278510750909616,0.182646336417575,0.469114495736526,2.5600000000004
"paper_f4_logistic__beta_4_8__n1000",106,80443980,1000,"ok",0.380323643768492,11.5619661538574,0.669999999999618,"ok",0.341943830246915,0.0444258202113194,0.497014912738785,2.7800000000002
"paper_f4_logistic__beta_4_8__n1000",110,154579566,1000,"ok",0.583252711628855,10.1598700762568,0.460000000000036,"ok",0.500062123100862,0.0444258202113194,0.615288115137823,2.86000000000013
"paper_f4_logistic__beta_4_8__n1000",114,644273626,1000,"ok",0.143819495511649,9.5802142745444,0.449999999999818,"ok",0.0444258202113194,0.0444258202113194,0.637093222128175,2.84000000000015
"paper_f4_logistic__beta_4_8__n1000",118,873385583,1000,"ok",0.421051519848168,10.0127177443432,0.529999999999745,"ok",0.500850060327307,0.0444258202113194,0.631019223927774,2.80000000000018
"paper_f4_logistic__beta_4_8__n1000",122,2100552332,1000,"ok",0.388678918049763,10.058447528911,0.5,"ok",0.311638467490065,0.182732883054554,0.616514448711389,3.0300000000002
"paper_f4_logistic__beta_4_8__n1000",126,1223113118,1000,"ok",0.451817798706454,9.18868982914147,0.610000000000127,"ok",0.478728329218043,0.177996960921032,0.558739521958022,2.65999999999985
"paper_f4_logistic__beta_4_8__n1000",130,1119632692,1000,"ok",0.259332054497836,9.81299880666548,0.619999999999891,"ok",0.326209029137736,0.175682140514746,0.496231998466544,3.03999999999996
"paper_f4_logistic__beta_4_8__n1000",134,2054724478,1000,"ok",0.31778760105726,9.41116908848797,0.5,"ok",0.279272935787989,0.174320908208757,0.646449211553204,2.71000000000004
"paper_f4_logistic__beta_4_8__n1000",138,313418952,1000,"ok",0.563040339457924,10.4035066536674,0.440000000000055,"ok",0.62427440334167,0.177009004622489,0.755982191040283,2.72000000000025
"paper_f4_logistic__beta_4_8__n1000",142,977381894,1000,"ok",0.352518850427058,10.0457940017247,0.659999999999854,"ok",0.371613222249204,0.0444258202113194,0.623557481768219,2.73000000000002
"paper_f4_logistic__beta_4_8__n1000",146,1308705100,1000,"ok",0.470541847432421,9.72912751720856,0.570000000000164,"ok",0.291278964171609,0.0444258202113194,0.755982191040283,3.2800000000002
"paper_f4_logistic__beta_4_8__n1000",150,1608045105,1000,"ok",0.526227597582779,9.71526470950848,0.609999999999673,"ok",0.171640015248513,0.0444258202113194,0.671061049334095,3.2800000000002
"paper_f4_logistic__beta_4_8__n1000",154,24689453,1000,"ok",0.26286782200008,9.4369668524536,0.639999999999873,"ok",0.295929069629378,0.157038238111919,0.755982191040283,3.63999999999987
"paper_f4_logistic__beta_4_8__n1000",158,837968864,1000,"ok",0.565871053359684,9.30186748738003,0.580000000000382,"ok",0.0444258202113194,0.0444258202113194,0.623705168536063,3.10999999999967
"paper_f4_logistic__beta_4_8__n1000",162,1434078908,1000,"ok",0.0597782525787601,9.96950922999574,0.5,"ok",0.284178347133689,0.0444258202113194,0.48807424387528,3.32000000000016
"paper_f4_logistic__beta_4_8__n1000",166,812886051,1000,"ok",0.378369702730945,9.91789955432917,0.519999999999982,"ok",0.37725323493205,0.0444258202113194,0.418703018196061,3.05999999999995
"paper_f4_logistic__beta_4_8__n1000",170,1712207857,1000,"ok",0.265679165098433,9.752814406053,0.579999999999927,"ok",0.262260415428209,0.176810146988335,0.380886251837711,3.25
"paper_f4_logistic__beta_4_8__n1000",174,1919497783,1000,"ok",0.534272527393242,9.40637219700782,0.519999999999982,"ok",0.169622882281023,0.0444258202113194,0.755982191040283,2.95000000000027
"paper_f4_logistic__beta_4_8__n1000",178,934817360,1000,"ok",0.565871053359684,9.87458352885147,0.559999999999945,"ok",0.505672862273938,0.0444258202113194,0.623592636654329,3.79999999999973
"paper_f4_logistic__beta_4_8__n1000",182,1169611660,1000,"ok",0.455725835276917,9.70594956037599,0.700000000000273,"ok",0.17546705631605,0.0444258202113194,0.497271536394239,2.76999999999998
"paper_f4_logistic__beta_4_8__n1000",186,378383847,1000,"ok",0.228238761380719,10.2672153774246,0.429999999999836,"ok",0.182867889248174,0.0444258202113194,0.755982191040283,3
"paper_f4_logistic__beta_4_8__n1000",190,313707610,1000,"ok",0.0859446544554414,9.83878336426633,0.519999999999982,"ok",0.0444258202113194,0.0444258202113194,0.557257928375005,2.5
"paper_f4_logistic__beta_4_8__n1000",194,1358487523,1000,"ok",0.436535751152143,9.99535654579322,0.420000000000073,"ok",0.377991917578117,0.0444258202113194,0.404839866076028,2.5300000000002
"paper_f4_logistic__beta_4_8__n1000",198,1070425962,1000,"ok",0.0785046874492637,9.84263009461013,0.369999999999891,"ok",0.0444258202113194,0.0444258202113194,0.519598775147981,2.07000000000016
