"cell","trial","bootstrap_seed","bootstrap_loops","sshaped_status","sshaped_inflection","sshaped_rss","sshaped_runtime_seconds","shapechange_status","shapechange_inflection","shapechange_left","shapechange_right","shapechange_runtime_seconds"
"paper_f1_cusp__uniform__n500",0,931582493,1000,"ok",0.301397205588822,4.5017345109305,0.14,"ok",0.312392180853628,0.30862637056857,0.315827858607314,2.22
"paper_f1_cusp__uniform__n500",4,1669908862,1000,"ok",0.29940119760479,4.55820046901346,0.22,"ok",0.309491223570059,0.306225524148438,0.312883717005327,2.61
"paper_f1_cusp__uniform__n500",8,1053517511,1000,"ok",0.301397205588822,4.93297636479243,0.17,"ok",0.312119703601869,0.308462301058151,0.31569707980703,2.53
"paper_f1_cusp__uniform__n500",12,698188502,1000,"ok",0.301397205588822,4.80420548332472,0.19,"ok",0.310155314684754,0.30720653289221,0.313987212793216,2.52
"paper_f1_cusp__uniform__n500",16,1072860291,1000,"ok",0.297405189620758,4.81093708834676,0.200000000000001,"ok",0.312484750023969,0.308888693126294,0.316063644620909,2.78
"paper_f1_cusp__uniform__n500",20,1264022561,1000,"ok",0.29940119760479,4.69480972177538,0.17,"ok",0.310494134214044,0.307465127298574,0.314325409712593,2.5
"paper_f1_cusp__uniform__n500",24,1989083182,1000,"ok",0.303393213572854,4.84950492498318,0.190000000000001,"ok",0.312547771314471,0.309078877923221,0.316264534197185,2.66
"paper_f1_cusp__uniform__n500",28,341698981,1000,"ok",0.301397205588822,4.84382927530372,0.169999999999998,"ok",0.310214234307307,0.307233038424893,0.31381557738881,2.59
"paper_f1_cusp__uniform__n500",32,380090171,1000,"ok",0.29940119760479,4.89742377325238,0.210000000000001,"ok",0.313450953641158,0.309648988424217,0.316648581567396,2.68
"paper_f1_cusp__uniform__n500",36,190723821,1000,"ok",0.305389221556886,5.17721343125752,0.210000000000001,"ok",0.31038264777923,0.307167516843755,0.313934988705212,2.68
"paper_f1_cusp__uniform__n500",40,299045699,1000,"ok",0.293413173652695,4.57662385175074,0.190000000000001,"ok",0.31025643023817,0.307486539581741,0.314249573274011,2.64
"paper_f1_cusp__uniform__n500",44,1164816747,1000,"ok",0.297405189620758,4.79559420813564,0.200000000000003,"ok",0.311683194685165,0.308773388683269,0.316003022489561,2.99
"paper_f1_cusp__uniform__n500",48,734594282,1000,"ok",0.29940119760479,5.21040032349442,0.219999999999999,"ok",0.312469746298093,0.308503369331826,0.316184650287183,2.48
"paper_f1_cusp__uniform__n500",52,240492971,1000,"ok",0.283433133732535,5.13887896286878,0.189999999999998,"ok",0.309345273787876,0.306424958305297,0.312882837605394,2.87
"paper_f1_cusp__uniform__n500",56,667902142,1000,"ok",0.29940119760479,4.88325559711274,0.159999999999997,"ok",0.309094830796485,0.306388250670105,0.312729760885617,3.14
"paper_f1_cusp__uniform__n500",60,130886182,1000,"ok",0.303393213572854,4.89884420617533,0.25,"ok",0.312698844281333,0.309021121790328,0.316335417883279,2.91
"paper_f1_cusp__uniform__n500",64,63984986,1000,"ok",0.301397205588822,4.55865384572625,0.229999999999997,"ok",0.309633681940532,0.306499754747938,0.312898355292908,2.83
"paper_f1_cusp__uniform__n500",68,1269896885,1000,"ok",0.301397205588822,5.21500900644027,0.170000000000002,"ok",0.309963932488199,0.306935216509365,0.313840287451193,2.97
"paper_f1_cusp__uniform__n500",72,39761143,1000,"ok",0.307385229540918,4.86408906364129,0.25,"ok",0.310831137903298,0.307543847887892,0.314507660468098,3.13
"paper_f1_cusp__uniform__n500",76,954321427,1000,"ok",0.295409181636727,5.03958948486848,0.200000000000003,"ok",0.312182845055738,0.308372316444559,0.315521837007047,3.11
"paper_f1_cusp__uniform__n500",80,912343673,1000,"ok",0.303393213572854,5.03276228218971,0.240000000000002,"ok",0.312577315724966,0.30891167701434,0.315839503193771,2.97
"paper_f1_cusp__uniform__n500",84,226333377,1000,"ok",0.303393213572854,4.89990969932538,0.25,"ok",0.312763640494087,0.308828311679509,0.315474291118187,3.5
"paper_f1_cusp__uniform__n500",88,605373489,1000,"ok",0.295409181636727,5.08127921818672,0.200000000000003,"ok",0.315112854722714,0.311197553576209,0.318172842500944,3.19
"paper_f1_cusp__uniform__n500",92,164655074,1000,"ok",0.303393213572854,5.20661069441515,0.189999999999998,"ok",0.310918380768002,0.307477209702507,0.314603572870027,3.5
"paper_f1_cusp__uniform__n500",96,859378261,1000,"ok",0.301397205588822,4.61531695929697,0.209999999999994,"ok",0.312395311803332,0.308760026860114,0.315476183304387,3.64
"paper_f1_cusp__uniform__n500",100,1916650343,1000,"ok",0.301397205588822,4.51871367279703,0.25,"ok",0.310078036567961,0.307351423054068,0.314090618971811,3.89
"paper_f1_cusp__uniform__n500",104,1319550142,1000,"ok",0.293413173652695,4.56009505835868,0.319999999999993,"ok",0.310612762991983,0.307461951885566,0.314413457008244,4.10000000000001
"paper_f1_cusp__uniform__n500",108,1222909988,1000,"ok",0.301397205588822,5.09565474425207,0.25,"ok",0.309880109308229,0.306622824464979,0.313213240626388,3.86999999999999
"paper_f1_cusp__uniform__n500",112,1338674535,1000,"ok",0.307385229540918,4.83974751190911,0.240000000000009,"ok",0.313765898340498,0.310167440392656,0.318036638895437,4.23
"paper_f1_cusp__uniform__n500",116,2097137133,1000,"ok",0.285429141716567,4.73779570109396,0.279999999999987,"ok",0.310184240838571,0.307411314313996,0.313706169540563,3.78
"paper_f1_cusp__uniform__n500",120,1328965133,1000,"ok",0.301397205588822,4.6809484733233,0.300000000000011,"ok",0.312975543363615,0.309369499885657,0.316902989709484,4.64
"paper_f1_cusp__uniform__n500",124,1741624931,1000,"ok",0.303393213572854,4.78725197548478,0.299999999999997,"ok",0.314666904894394,0.310702541417952,0.318287218449383,4.28
"paper_f1_cusp__uniform__n500",128,1260553187,1000,"ok",0.303393213572854,4.94123408615436,0.310000000000002,"ok",0.310853845582976,0.307359543974718,0.314148006943058,4.66999999999999
"paper_f1_cusp__uniform__n500",132,86122956,1000,"ok",0.30938123752495,5.40930843686237,0.420000000000002,"ok",0.31153576305154,0.308351825036862,0.315743263284693,4.41
"paper_f1_cusp__uniform__n500",136,2073467584,1000,"ok",0.311377245508982,4.74851980869891,0.329999999999998,"ok",0.310433712815213,0.307325689104485,0.314185059629264,5.09
"paper_f1_cusp__uniform__n500",140,2008874993,1000,"ok",0.301397205588822,4.80262024517309,0.359999999999999,"ok",0.310544195800418,0.30762345844593,0.313986678484942,5.3
"paper_f1_cusp__uniform__n500",144,225334733,1000,"ok",0.301397205588822,4.69198562810515,0.310000000000002,"ok",0.310404215467045,0.307251826729164,0.313418443898145,5.66
"paper_f1_cusp__uniform__n500",148,1699242344,1000,"ok",0.305389221556886,4.4005044261175,0.409999999999997,"ok",0.31360174257083,0.309740990467956,0.316597356997256,5.40000000000001
"paper_f1_cusp__uniform__n500",152,208852544,1000,"ok",0.301397205588822,4.4073388424252,0.349999999999994,"ok",0.313150420890847,0.30955831381196,0.317027915120368,5.78
"paper_f1_cusp__uniform__n500",156,705038212,1000,"ok",0.295409181636727,4.59022110143004,0.390000000000015,"ok",0.311060531640906,0.307630390266946,0.313909357049685,5.35999999999999
"paper_f1_cusp__uniform__n500",160,547709812,1000,"ok",0.301397205588822,4.78665745884262,0.310000000000002,"ok",0.310514893307708,0.307711821760089,0.314085608010934,4.92000000000002
"paper_f1_cusp__uniform__n500",164,176242763,1000,"ok",0.293413173652695,5.27195848803979,0.300000000000011,"ok",0.312216262869255,0.308247174720549,0.315259931323855,5.13999999999999
"paper_f1_cusp__uniform__n500",168,1128873025,1000,"ok",0.301397205588822,4.19684805242981,0.320000000000022,"ok",0.313732958870867,0.30998114755134,0.317876864863677,4.31999999999999
"paper_f1_cusp__uniform__n500",172,531646867,1000,"ok",0.293413173652695,4.65411818734428,0.319999999999993,"ok",0.309766832832528,0.306826918328897,0.313546036063523,4.34999999999999
"paper_f1_cusp__uniform__n500",176,1158316029,1000,"ok",0.303393213572854,4.89988834300614,0.379999999999995,"ok",0.310619403898303,0.307534966034696,0.314357045722402,4.19999999999999
"paper_f1_cusp__uniform__n500",180,1052976207,1000,"ok",0.301397205588822,4.95447547171288,0.25,"ok",0.309279344797174,0.306403919740647,0.312679441195064,3.86000000000001
"paper_f1_cusp__uniform__n500",184,1916990984,1000,"ok",0.29940119760479,4.38143234556738,0.199999999999989,"ok",0.310026566829457,0.307375694614584,0.313331058121086,4.58000000000001
"paper_f1_cusp__uniform__n500",188,339826432,1000,"ok",0.301397205588822,4.50717242284778,0.280000000000001,"ok",0.312518649435825,0.309236166856226,0.31652665121003,3.59999999999999
"paper_f1_cusp__uniform__n500",192,560367642,1000,"ok",0.303393213572854,4.62176171192897,0.219999999999999,"ok",0.31327319451865,0.309653359723398,0.31654311791267,4.13999999999999
"paper_f1_cusp__uniform__n500",196,746550404,1000,"ok",0.317365269461078,4.72207393000098,0.280000000000001,"ok",0.311337747245626,0.308223935874425,0.315180133656414,3.53
"paper_f2_onset__uniform__n500",0,131281079,1000,"ok",0.391217564870259,4.70692699071611,0.300000000000011,"ok",0.504596355370545,0.499765304302216,0.521428496833996,3.44
"paper_f2_onset__uniform__n500",4,203983828,1000,"ok",0.445109780439122,5.04927742987128,0.22999999999999,"ok",0.508700014263418,0.502760642797183,0.521374787067448,3.97
"paper_f2_onset__uniform__n500",8,859601444,1000,"ok",0.395209580838323,4.87775713503619,0.189999999999998,"ok",0.502516066661897,0.498758693613967,0.514342194014393,3.56
"paper_f2_onset__uniform__n500",12,1907021497,1000,"ok",0.447105788423154,5.05268653749212,0.20999999999998,"ok",0.503611507423799,0.499939377000325,0.514730773276597,3.76000000000002
"paper_f2_onset__uniform__n500",16,138212475,1000,"ok",0.387225548902196,4.94635420349269,0.269999999999982,"ok",0.502803695350957,0.497770936383581,0.513437612612731,3.64000000000001
"paper_f2_onset__uniform__n500",20,1250540316,1000,"ok",0.337325349301397,4.87208302521077,0.219999999999999,"ok",0.509353639003764,0.503731670745965,0.523248819281187,3.25999999999999
"paper_f2_onset__uniform__n500",24,922250482,1000,"ok",0.431137724550898,4.77634870561205,0.180000000000007,"ok",0.501180075009949,0.497781574553294,0.510740670532844,3.28
"paper_f2_onset__uniform__n500",28,1813398449,1000,"ok",0.363273453093812,4.43099212428259,0.180000000000007,"ok",0.511752329341976,0.502993200488037,0.531420652827802,2.84999999999999
"paper_f2_onset__uniform__n500",32,1377670761,1000,"ok",0.564870259481038,4.80855082673077,0.169999999999987,"ok",0.511397544567496,0.500016590875157,0.529381516031827,2.80000000000001
"paper_f2_onset__uniform__n500",36,1688915058,1000,"ok",0.315369261477046,4.84263617791513,0.169999999999987,"ok",0.503754797263941,0.499415966420796,0.518893496343747,2.89000000000001
"paper_f2_onset__uniform__n500",40,440668391,1000,"ok",0.373253493013972,4.38492936937415,0.189999999999998,"ok",0.507676941191917,0.503540390475573,0.521748403051867,2.89000000000001
"paper_f2_onset__uniform__n500",44,349509613,1000,"ok",0.377245508982036,4.76937066126236,0.150000000000006,"ok",0.504063742226151,0.50017482019852,0.513985749514071,2.80000000000001
"paper_f2_onset__uniform__n500",48,772421489,1000,"ok",0.367265469061876,4.89812849340079,0.239999999999981,"ok",0.519303615695982,0.503152064271721,0.552720333093158,2.51000000000002
"paper_f2_onset__uniform__n500",52,1923862010,1000,"ok",0.44311377245509,4.2080670809926,0.159999999999997,"ok",0.507201677271617,0.501595449631663,0.516965110220266,2.94999999999999
"paper_f2_onset__uniform__n500",56,1753704008,1000,"ok",0.345309381237525,4.56231094725801,0.140000000000015,"ok",0.50694224744435,0.501205892738751,0.522138077023208,2.72
"paper_f2_onset__uniform__n500",60,1553226850,1000,"ok",0.365269461077844,4.76222973239472,0.170000000000016,"ok",0.512037686218603,0.504196263175717,0.530961146190811,2.63999999999999
"paper_f2_onset__uniform__n500",64,1626082768,1000,"ok",0.544910179640719,4.94026865228259,0.170000000000016,"ok",0.503454400215922,0.49816557518798,0.519127052564419,2.84
"paper_f2_onset__uniform__n500",68,1371993579,1000,"ok",0.389221556886228,4.95192790315713,0.179999999999978,"ok",0.506301331831623,0.502094994129424,0.519132688061261,2.54999999999998
"paper_f2_onset__uniform__n500",72,1188415460,1000,"ok",0.36127744510978,5.05999689956013,0.150000000000034,"ok",0.507157679032282,0.502650677458958,0.520761866146507,2.44
"paper_f2_onset__uniform__n500",76,1154413404,1000,"ok",0.347305389221557,5.03624057370948,0.159999999999968,"ok",0.510591732903638,0.500757486428814,0.525780808827052,2.44999999999999
"paper_f2_onset__uniform__n500",80,847596501,1000,"ok",0.355289421157685,4.59657349275841,0.160000000000025,"ok",0.509657640170246,0.498606349123735,0.524024303421761,2.81
"paper_f2_onset__uniform__n500",84,2059731250,1000,"ok",0.337325349301397,5.28610023844681,0.129999999999995,"ok",0.51007251457818,0.503849927897762,0.523528653268719,2.20999999999998
"paper_f2_onset__uniform__n500",88,1857709020,1000,"ok",0.341317365269461,5.38765918064862,0.110000000000014,"ok",0.50114196504933,0.495957402454615,0.51860283481101,2.28000000000003
"paper_f2_onset__uniform__n500",92,1482406063,1000,"ok",0.57684630738523,5.11137151530833,0.129999999999995,"ok",0.516702602482556,0.506090984639119,0.532985335640362,2.29000000000002
"paper_f2_onset__uniform__n500",96,814363068,1000,"ok",0.497005988023952,5.04516798151943,0.129999999999995,"ok",0.506282034193343,0.500624847056689,0.520392564058648,2.38999999999999
"paper_f2_onset__uniform__n500",100,428488294,1000,"ok",0.333333333333333,4.62197281226556,0.160000000000025,"ok",0.506005052548077,0.50003322063869,0.519744706629546,1.94
"paper_f2_onset__uniform__n500",104,818983052,1000,"ok",0.343313373253493,4.82381558907688,0.149999999999977,"ok",0.507217767029148,0.502999844808405,0.524179907692633,2.31999999999999
"paper_f2_onset__uniform__n500",108,1480123345,1000,"ok",0.437125748502994,4.42646187523895,0.140000000000043,"ok",0.513440143806019,0.504148246072272,0.530639533359129,2.35999999999996
"paper_f2_onset__uniform__n500",112,1614536443,1000,"ok",0.359281437125749,5.26403128972194,0.170000000000016,"ok",0.524126489936107,0.509486038901301,0.545880722335557,2.35000000000002
"paper_f2_onset__uniform__n500",116,860744315,1000,"ok",0.341317365269461,4.76744940467279,0.120000000000005,"ok",0.507674237147917,0.502252415831419,0.520508072559045,2.01999999999998
"paper_f2_onset__uniform__n500",120,1981481572,1000,"ok",0.407185628742515,4.26241880569238,0.120000000000005,"ok",0.509998652234284,0.503095186214253,0.520728345745316,2.38999999999999
"paper_f2_onset__uniform__n500",124,1046980008,1000,"ok",0.425149700598802,5.08815372867461,0.160000000000025,"ok",0.511903701945334,0.503763092944518,0.535110033981653,2.40999999999997
"paper_f2_onset__uniform__n500",128,671526812,1000,"ok",0.522954091816367,4.77185768411622,0.150000000000034,"ok",0.506865436056498,0.503395213196791,0.517429141538711,2.79999999999995
"paper_f2_onset__uniform__n500",132,754520353,1000,"ok",0.327345309381238,4.85384810616598,0.140000000000043,"ok",0.510085504186204,0.498764309059008,0.525535810804133,2.07999999999998
"paper_f2_onset__uniform__n500",136,1439014258,1000,"ok",0.447105788423154,4.96469351153261,0.129999999999995,"ok",0.504988915372237,0.49930467375887,0.523122671196607,2.32999999999998
"paper_f2_onset__uniform__n500",140,688964609,1000,"ok",0.469061876247505,4.8971924295116,0.140000000000043,"ok",0.504935001229361,0.500766026652548,0.517481085918899,2.06
"paper_f2_onset__uniform__n500",144,619917810,1000,"ok",0.514970059880239,5.12184037705299,0.120000000000005,"ok",0.519005978742611,0.507911866114244,0.544724289668242,2.73000000000002
"paper_f2_onset__uniform__n500",148,521825050,1000,"ok",0.30938123752495,4.53243476248015,0.159999999999968,"ok",0.50302853167683,0.498449278917306,0.518300737854944,2.31
"paper_f2_onset__uniform__n500",152,1893135756,1000,"ok",0.457085828343313,4.30665723282544,0.120000000000005,"ok",0.504158823390608,0.499567384958985,0.517087670131791,2.5
"paper_f2_onset__uniform__n500",156,226331245,1000,"ok",0.403193612774451,4.83246857934276,0.129999999999995,"ok",0.496738064248831,0.490982620543443,0.508504279129879,2.5
"paper_f2_onset__uniform__n500",160,596729389,1000,"ok",0.387225548902196,4.77582528734429,0.170000000000016,"ok",0.506596452257009,0.498244619982327,0.522525718761785,2.94999999999999
"paper_f2_onset__uniform__n500",164,368925071,1000,"ok",0.459081836327345,4.62262805784456,0.169999999999959,"ok",0.506865266838367,0.501481456966207,0.520665311141078,2.38
"paper_f2_onset__uniform__n500",168,733803662,1000,"ok",0.445109780439122,4.98774278313095,0.150000000000034,"ok",0.505517841388998,0.497366886623966,0.517880169162006,2.63999999999999
"paper_f2_onset__uniform__n500",172,1301606918,1000,"ok",0.331337325349301,4.82936992704621,0.139999999999986,"ok",0.5027738881566,0.496476332849338,0.518482015161307,2.91000000000003
"paper_f2_onset__uniform__n500",176,1140204371,1000,"ok",0.457085828343313,5.04182940591297,0.170000000000016,"ok",0.505934343861339,0.498764959686083,0.522411828134775,2.89999999999998
"paper_f2_onset__uniform__n500",180,602673090,1000,"ok",0.598802395209581,4.10052016892894,0.220000000000027,"ok",0.503193858222251,0.49917146037304,0.515470102196342,2.61000000000001
"paper_f2_onset__uniform__n500",184,207190958,1000,"ok",0.315369261477046,4.75970066563523,0.159999999999968,"ok",0.504883325776103,0.500093000539296,0.522241362061812,2.48000000000002
"paper_f2_onset__uniform__n500",188,1856518726,1000,"ok",0.391217564870259,4.88666278317783,0.170000000000016,"ok",0.507100213053321,0.499461292439261,0.530066079047769,3.15999999999997
"paper_f2_onset__uniform__n500",192,207786034,1000,"ok",0.369261477045908,4.86628338499177,0.199999999999989,"ok",0.499569626767264,0.495101349975234,0.511813211130839,2.96000000000004
"paper_f2_onset__uniform__n500",196,1240207467,1000,"ok",0.449101796407186,4.68358069472362,0.180000000000007,"ok",0.509895690142302,0.502897512535865,0.529378806509443,2.73999999999995
"paper_f3_jump__uniform__n500",0,1413342560,1000,"ok",0.301397205588822,5.10459721598771,0.25,"ok",0.305652569230506,0.300699128509183,0.308759452269782,3.69
"paper_f3_jump__uniform__n500",4,1048440049,1000,"ok",0.301397205588822,4.41889680303946,0.159999999999968,"ok",0.305077787478999,0.300559289450624,0.308125495738826,2.53000000000003
"paper_f3_jump__uniform__n500",8,1061862401,1000,"ok",0.301397205588822,5.64395792229164,0.169999999999959,"ok",0.305663234438124,0.300719998230509,0.308692017172049,3.14000000000004
"paper_f3_jump__uniform__n500",12,2123803916,1000,"ok",0.301397205588822,5.44600276902586,0.169999999999959,"ok",0.305621273624646,0.300661967503349,0.308593147342381,3.96000000000004
"paper_f3_jump__uniform__n500",16,2099549689,1000,"ok",0.301397205588822,4.77241289501613,0.199999999999989,"ok",0.305333638174831,0.300395470768038,0.308315736725232,3.32999999999998
"paper_f3_jump__uniform__n500",20,205404881,1000,"ok",0.301397205588822,5.12006510434265,0.220000000000027,"ok",0.305362014068743,0.300523139047093,0.308432616965728,3.16999999999996
"paper_f3_jump__uniform__n500",24,1336036853,1000,"ok",0.301397205588822,4.74868984735145,0.189999999999998,"ok",0.305401261385855,0.300607849947738,0.308385403776551,3.87
"paper_f3_jump__uniform__n500",28,1305566497,1000,"ok",0.301397205588822,4.58903551127942,0.139999999999986,"ok",0.305705994941745,0.300812480805616,0.309107661071429,3.36000000000001
"paper_f3_jump__uniform__n500",32,1010221448,1000,"ok",0.301397205588822,4.56800821016569,0.180000000000007,"ok",0.30550463920573,0.300648632636921,0.308720296761253,4.48999999999995
"paper_f3_jump__uniform__n500",36,553885854,1000,"ok",0.301397205588822,4.25876227679335,0.21999999999997,"ok",0.305463732031587,0.300806378118396,0.308743549940603,3.75
"paper_f3_jump__uniform__n500",40,669417917,1000,"ok",0.301397205588822,4.62974219375948,0.220000000000027,"ok",0.305446344750684,0.301222038070206,0.308447353304026,3.81
"paper_f3_jump__uniform__n500",44,922449559,1000,"ok",0.301397205588822,4.66225467644935,0.359999999999957,"ok",0.305765949761905,0.301020769000165,0.308756091605109,4.43000000000001
"paper_f3_jump__uniform__n500",48,909742987,1000,"ok",0.301397205588822,4.89676573345093,0.199999999999989,"ok",0.305185479603639,0.30051640984714,0.308366071967747,4.08000000000004
"paper_f3_jump__uniform__n500",52,344050181,1000,"ok",0.301397205588822,4.99165801455827,0.289999999999964,"ok",0.305391771916357,0.30061855459372,0.308348046925806,5.54000000000002
"paper_f3_jump__uniform__n500",56,1187969653,1000,"ok",0.301397205588822,4.38181002296245,0.319999999999993,"ok",0.305515103113959,0.301090382546094,0.308437179065004,4.45999999999998
"paper_f3_jump__uniform__n500",60,1370767740,1000,"ok",0.301397205588822,5.11752088074141,0.230000000000018,"ok",0.305760915563039,0.301013290267314,0.30861720610114,5.01999999999998
"paper_f3_jump__uniform__n500",64,437923522,1000,"ok",0.301397205588822,4.30412240593262,0.29000000000002,"ok",0.305532010818374,0.300588542909994,0.308238921285202,4
"paper_f3_jump__uniform__n500",68,1132712622,1000,"ok",0.301397205588822,4.851761098348,0.25,"ok",0.305307168197657,0.300593802666973,0.30823744542483,4.47000000000003
"paper_f3_jump__uniform__n500",72,622053258,1000,"ok",0.301397205588822,5.09037041568709,0.269999999999982,"ok",0.305077189646861,0.300264455174811,0.307927334327846,3.67000000000002
"paper_f3_jump__uniform__n500",76,803044419,1000,"ok",0.301397205588822,5.12573550461589,0.169999999999959,"ok",0.306315007909093,0.301444509527516,0.309194048212723,3.72000000000003
"paper_f3_jump__uniform__n500",80,255763913,1000,"ok",0.301397205588822,4.64689894254035,0.210000000000036,"ok",0.305362659276896,0.300860647611543,0.30822606796901,3.71999999999997
"paper_f3_jump__uniform__n500",84,1555586373,1000,"ok",0.301397205588822,4.93375105072664,0.220000000000027,"ok",0.305099564398454,0.300221745076425,0.307899873429179,3.35999999999996
"paper_f3_jump__uniform__n500",88,2107819305,1000,"ok",0.301397205588822,4.61894685221128,0.189999999999998,"ok",0.305258019455536,0.300431983197162,0.308437711330646,3.61000000000001
"paper_f3_jump__uniform__n500",92,699390850,1000,"ok",0.301397205588822,5.20009908101537,0.199999999999989,"ok",0.305402539112016,0.300639430002092,0.308554708152067,3.88
"paper_f3_jump__uniform__n500",96,1764121009,1000,"ok",0.301397205588822,4.79053217822757,0.169999999999959,"ok",0.305200867531597,0.300276388245803,0.308307909733428,3.56999999999999
"paper_f3_jump__uniform__n500",100,1253513613,1000,"ok",0.301397205588822,4.93142626581191,0.230000000000018,"ok",0.305343210342596,0.300404803034762,0.308357790001702,3.32999999999998
"paper_f3_jump__uniform__n500",104,807837495,1000,"ok",0.301397205588822,5.0431202082212,0.170000000000016,"ok",0.305297718085788,0.300676556225012,0.308647429784931,3.41999999999996
"paper_f3_jump__uniform__n500",108,576520887,1000,"ok",0.301397205588822,4.6489505906967,0.189999999999998,"ok",0.305438215717771,0.301035542123559,0.308688694083216,3.17000000000002
"paper_f3_jump__uniform__n500",112,691778008,1000,"ok",0.301397205588822,5.11981180382109,0.180000000000007,"ok",0.30549177078886,0.300718906627371,0.308827667625438,2.73000000000002
"paper_f3_jump__uniform__n500",116,1374000343,1000,"ok",0.301397205588822,5.08903389244956,0.089999999999975,"ok",0.305274512092261,0.300352749083917,0.308625572942841,2.76000000000005
"paper_f3_jump__uniform__n500",120,1694980021,1000,"ok",0.301397205588822,5.72921870780582,0.110000000000014,"ok",0.305112202316841,0.300354195873827,0.308112483762972,2.51999999999998
"paper_f3_jump__uniform__n500",124,725112002,1000,"ok",0.301397205588822,4.26484396183321,0.149999999999977,"ok",0.305355438196863,0.300780357288629,0.308399442031039,3.03000000000003
"paper_f3_jump__uniform__n500",128,2077075712,1000,"ok",0.301397205588822,4.87170492527676,0.139999999999986,"ok",0.30549128183729,0.300461511694232,0.309094895179432,2.61000000000001
"paper_f3_jump__uniform__n500",132,334013699,1000,"ok",0.301397205588822,4.74944676557193,0.189999999999998,"ok",0.305550243471998,0.300511150908034,0.308673818289046,2.65999999999997
"paper_f3_jump__uniform__n500",136,1499501584,1000,"ok",0.301397205588822,4.77684308214235,0.140000000000043,"ok",0.305564073867871,0.30073873431712,0.308801981292828,2.91999999999996
"paper_f3_jump__uniform__n500",140,306332788,1000,"ok",0.301397205588822,4.88125641901896,0.160000000000025,"ok",0.305822525734832,0.301026976439598,0.30901504832749,2.5
"paper_f3_jump__uniform__n500",144,1792525384,1000,"ok",0.301397205588822,4.68403720717494,0.100000000000023,"ok",0.305428860765892,0.300717914364796,0.308511024519959,2.60999999999996
"paper_f3_jump__uniform__n500",148,161233529,1000,"ok",0.301397205588822,5.06393055206962,0.140000000000043,"ok",0.305643245654028,0.300795630737831,0.308451580978642,2.39999999999998
"paper_f3_jump__uniform__n500",152,386344770,1000,"ok",0.301397205588822,4.61025670159012,0.149999999999977,"ok",0.305770306866457,0.30134703497259,0.308942672639551,2.80000000000001
"paper_f3_jump__uniform__n500",156,56016544,1000,"ok",0.301397205588822,5.27751913303824,0.120000000000005,"ok",0.305688993837381,0.30092771003774,0.3091029403691,2.16000000000003
"paper_f3_jump__uniform__n500",160,1573273613,1000,"ok",0.301397205588822,5.16919844159159,0.089999999999975,"ok",0.305779506035857,0.301082147803968,0.308946009204256,2.36000000000001
"paper_f3_jump__uniform__n500",164,1600973148,1000,"ok",0.301397205588822,5.06270126818292,0.110000000000014,"ok",0.305284267433319,0.300327859140807,0.308280170715807,2.32999999999998
"paper_f3_jump__uniform__n500",168,1831166857,1000,"ok",0.301397205588822,4.70652236856175,0.120000000000005,"ok",0.305424092556998,0.300592942550503,0.308811294974452,2.69
"paper_f3_jump__uniform__n500",172,964302958,1000,"ok",0.301397205588822,5.10670508724112,0.139999999999986,"ok",0.305516448874438,0.300478633479822,0.308634857035191,2.08000000000004
"paper_f3_jump__uniform__n500",176,1536131100,1000,"ok",0.301397205588822,4.42280115813779,0.139999999999986,"ok",0.306091997101381,0.301118998777927,0.309349827890059,2.29000000000002
"paper_f3_jump__uniform__n500",180,1315885228,1000,"ok",0.301397205588822,4.38319041946869,0.129999999999995,"ok",0.305507665096172,0.300981564823317,0.30885769446409,2.35999999999996
"paper_f3_jump__uniform__n500",184,1866262715,1000,"ok",0.301397205588822,4.63309928863834,0.220000000000027,"ok",0.305703116445438,0.300815369774951,0.308812463559678,2.62
"paper_f3_jump__uniform__n500",188,2222692,1000,"ok",0.301397205588822,4.71389797331952,0.129999999999995,"ok",0.30558835069277,0.300875290874897,0.308820946631373,2.12
"paper_f3_jump__uniform__n500",192,1577578718,1000,"ok",0.301397205588822,4.4651450572739,0.139999999999986,"ok",0.305623648877208,0.300787303333977,0.308803173303584,2.19
"paper_f3_jump__uniform__n500",196,1921106765,1000,"ok",0.301397205588822,4.69081366677344,0.129999999999995,"ok",0.305301570519062,0.300676617124788,0.308174455425219,2.39999999999998
"paper_f4_logistic__uniform__n500",0,627666433,1000,"ok",0.389221556886228,4.80806654711853,0.139999999999986,"ok",0.470773330835464,0.00199600798403194,0.490296915534975,2.71000000000004
"paper_f4_logistic__uniform__n500",4,2094825539,1000,"ok",0.211576846307385,5.08550694715778,0.139999999999986,"ok",0.309276370062032,0.176445028864975,0.453891654202139,2.70000000000005
"paper_f4_logistic__uniform__n500",8,877879424,1000,"ok",0.0479041916167665,5.22006278397544,0.199999999999932,"ok",0.00199600798403194,0.00199600798403194,0.474576212944468,2.5200000000001
"paper_f4_logistic__uniform__n500",12,2036918444,1000,"ok",0.159680638722555,4.79989982376535,0.120000000000005,"ok",0.137030843147646,0.00199600798403194,0.234487972854924,2.63999999999999
"paper_f4_logistic__uniform__n500",16,993029627,1000,"ok",0.287425149700599,5.54560616549289,0.189999999999941,"ok",0.312884577262189,0.00199600798403194,0.448700831500937,2.27999999999997
"paper_f4_logistic__uniform__n500",20,1395727038,1000,"ok",0.0219560878243513,5.26850654066758,0.170000000000073,"ok",0.485155561097634,0.00199600798403194,0.628239603137916,2.24000000000001
"paper_f4_logistic__uniform__n500",24,218712958,1000,"ok",0.0379241516966068,4.71960213745719,0.169999999999959,"ok",0.00199600798403194,0.00199600798403194,0.464614571759869,2.33000000000004
"paper_f4_logistic__uniform__n500",28,1231167295,1000,"ok",0.0858283433133733,4.67857782661751,0.139999999999986,"ok",0.178861078286109,0.169232520598742,0.431364374352541,2.73000000000002
"paper_f4_logistic__uniform__n500",32,1918491309,1000,"ok",0.650698602794411,4.5736072777429,0.25,"ok",0.313936265452342,0.00199600798403194,0.610194367639041,2.59999999999991
"paper_f4_logistic__uniform__n500",36,2143107004,1000,"ok",0.0179640718562874,4.39875693035269,0.200000000000045,"ok",0.161926592645802,0.00199600798403194,0.448899009102384,2.45000000000005
"paper_f4_logistic__uniform__n500",40,339223109,1000,"ok",0.337325349301397,4.30078386552688,0.17999999999995,"ok",0.177632725286745,0.00199600798403194,0.49159093240283,2.16999999999996
"paper_f4_logistic__uniform__n500",44,428296615,1000,"ok",0.493013972055888,5.216485299124,0.150000000000091,"ok",0.00199600798403194,0.00199600798403194,0.450488023918606,3.04999999999995
"paper_f4_logistic__uniform__n500",48,1743344719,1000,"ok",0.289421157684631,4.72422105582556,0.190000000000055,"ok",0.342348774056145,0.182771324791019,0.461518627216521,2.57999999999993
"paper_f4_logistic__uniform__n500",52,479111425,1000,"ok",0.497005988023952,4.74066651092979,0.210000000000036,"ok",0.425500787091771,0.00199600798403194,0.477086158517564,2.53999999999996
"paper_f4_logistic__uniform__n500",56,1264656934,1000,"ok",0.30938123752495,4.97716390633887,0.160000000000082,"ok",0.306198622610862,0.00199600798403194,0.428143113051909,2.75
"paper_f4_logistic__uniform__n500",60,2135354854,1000,"ok",0.171656686626747,4.93375414972168,0.189999999999941,"ok",0.126169374377099,0.00199600798403194,0.303443365690773,2.95000000000005
"paper_f4_logistic__uniform__n500",64,1083232450,1000,"ok",0.00598802395209581,5.26224903223812,0.169999999999959,"ok",0.00199600798403194,0.00199600798403194,0.472473020637887,2.65999999999997
"paper_f4_logistic__uniform__n500",68,122741669,1000,"ok",0.125748502994012,4.51210368763549,0.200000000000045,"ok",0.183285551774929,0.149091771766235,0.444449248171279,2.76999999999998
"paper_f4_logistic__uniform__n500",72,515380486,1000,"ok",0.2375249500998,5.13734309875122,0.180000000000064,"ok",0.422402547761499,0.00199600798403194,0.471505265557167,3.9899999999999
"paper_f4_logistic__uniform__n500",76,1241136959,1000,"ok",0.30938123752495,5.12439266333781,0.190000000000055,"ok",0.218418207881076,0.00199600798403194,0.452028358515838,3.32000000000005
"paper_f4_logistic__uniform__n500",80,591297984,1000,"ok",0.297405189620758,4.80662237152849,0.209999999999923,"ok",0.197066969594669,0.15567732966145,0.471215619065543,3.00999999999999
"paper_f4_logistic__uniform__n500",84,227898196,1000,"ok",0.231536926147705,4.43433048257054,0.170000000000073,"ok",0.162786680858463,0.00199600798403194,0.478045921156392,3.32999999999993
"paper_f4_logistic__uniform__n500",88,1826551220,1000,"ok",0.165668662674651,5.3347661159894,0.230000000000018,"ok",0.171326403836048,0.00199600798403194,0.614996381419712,3.69000000000005
"paper_f4_logistic__uniform__n500",92,968264603,1000,"ok",0.06187624750499,4.6078295904492,0.220000000000027,"ok",0.00199600798403194,0.00199600798403194,0.459607417120182,3.00999999999999
"paper_f4_logistic__uniform__n500",96,2134123553,1000,"ok",0.475049900199601,4.65529028406249,0.269999999999982,"ok",0.311209933890108,0.00199600798403194,0.62599000982291,3.52999999999997
"paper_f4_logistic__uniform__n500",100,1983374624,1000,"ok",0.147704590818363,4.95948262410627,0.25,"ok",0.187066907656285,0.00199600798403194,0.468405536537186,3.55000000000007
"paper_f4_logistic__uniform__n500",104,1321811909,1000,"ok",0.455089820359281,5.17593291273735,0.169999999999959,"ok",0.361755233289881,0.00199600798403194,0.467492403535349,4.01999999999998
"paper_f4_logistic__uniform__n500",108,1495985226,1000,"ok",0.0718562874251497,4.79017829313102,0.200000000000045,"ok",0.159371974879711,0.00199600798403194,0.609046704465544,3.87
"paper_f4_logistic__uniform__n500",112,1954157438,1000,"ok",0.550898203592814,4.4540320461715,0.17999999999995,"ok",0.417079705243841,0.00199600798403194,0.466124851811085,3.50999999999999
"paper_f4_logistic__uniform__n500",116,1938456915,1000,"ok",0.233532934131737,4.2927399018108,0.240000000000009,"ok",0.322053785988076,0.183280311229341,0.435184059942402,4.57000000000005
"paper_f4_logistic__uniform__n500",120,660158955,1000,"ok",0.287425149700599,4.79210213750947,0.299999999999955,"ok",0.247366296108121,0.00199600798403194,0.366889791264038,4.01999999999998
"paper_f4_logistic__uniform__n500",124,716386228,1000,"ok",0.269461077844311,4.64344012123646,0.170000000000073,"ok",0.43792207002507,0.00199600798403194,0.50434685414595,4.94999999999993
"paper_f4_logistic__uniform__n500",128,1373737242,1000,"ok",0.335329341317365,4.86337652527676,0.280000000000086,"ok",0.28344145842607,0.00199600798403194,0.435895980770499,4.34999999999991
"paper_f4_logistic__uniform__n500",132,1097041736,1000,"ok",0.604790419161677,4.68452671836283,0.280000000000086,"ok",0.435906207982192,0.00199600798403194,0.613531206396565,4.95999999999992
"paper_f4_logistic__uniform__n500",136,780568183,1000,"ok",0.271457085828343,4.4950172839686,0.259999999999991,"ok",0.302746995352419,0.00199600798403194,0.420521566445225,4.30000000000007
"paper_f4_logistic__uniform__n500",140,2042725352,1000,"ok",0.063872255489022,4.51883046439395,0.309999999999945,"ok",0.195427768217999,0.162640815410252,0.472073416375153,4.11000000000001
"paper_f4_logistic__uniform__n500",144,1699316670,1000,"ok",0.0678642714570858,5.49775170096586,0.240000000000009,"ok",0.159869848488863,0.00199600798403194,0.473347761303737,4.13999999999999
"paper_f4_logistic__uniform__n500",148,611845293,1000,"ok",0.351297405189621,5.10309025341326,0.170000000000073,"ok",0.305918100115796,0.169417004850939,0.392267374410888,3.95999999999992
"paper_f4_logistic__uniform__n500",152,1731595091,1000,"ok",0.111776447105788,4.74703414453851,0.360000000000014,"ok",0.140149311345796,0.00199600798403194,0.62400869580385,3.46000000000004
"paper_f4_logistic__uniform__n500",156,1595790451,1000,"ok",0.387225548902196,5.43101500117456,0.190000000000055,"ok",0.289970310303193,0.00199600798403194,0.438910542735482,3.30999999999995
"paper_f4_logistic__uniform__n500",160,1715615652,1000,"ok",0.127744510978044,5.31077991455007,0.159999999999968,"ok",0.00199600798403194,0.00199600798403194,0.430832790807953,3.54000000000008
"paper_f4_logistic__uniform__n500",164,81426234,1000,"ok",0.119760479041916,5.42401316251883,0.219999999999914,"ok",0.158223431230864,0.00199600798403194,0.531001973028314,3.30000000000007
"paper_f4_logistic__uniform__n500",168,134641231,1000,"ok",0.459081836327345,4.79147401179253,0.199999999999932,"ok",0.194394189609798,0.168229091416802,0.496121522356735,3.07000000000005
"paper_f4_logistic__uniform__n500",172,912856831,1000,"ok",0.181636726546906,5.25656213926598,0.230000000000018,"ok",0.305834249912718,0.00199600798403194,0.472755081168349,3.16999999999996
"paper_f4_logistic__uniform__n500",176,1273529936,1000,"ok",0.574850299401198,5.43289946106387,0.190000000000055,"ok",0.467393109078321,0.184235865211052,0.511200181067239,2.68999999999994
"paper_f4_logistic__uniform__n500",180,1358800205,1000,"ok",0.00798403193612774,5.06504607666267,0.149999999999977,"ok",0.00199600798403194,0.00199600798403194,0.462210652195218,2.72000000000003
"paper_f4_logistic__uniform__n500",184,574243130,1000,"ok",0.383233532934132,5.39375822360541,0.269999999999982,"ok",0.00199600798403194,0.00199600798403194,0.307164785076965,3.25
"paper_f4_logistic__uniform__n500",188,1543646596,1000,"ok",0.42315369261477,5.14419912023646,0.25,"ok",0.193416978923486,0.175213597379863,0.477878313521729,2.53000000000009
"paper_f4_logistic__uniform__n500",192,414933903,1000,"ok",0.0279441117764471,4.92807952004535,0.149999999999977,"ok",0.00199600798403194,0.00199600798403194,0.30342332071693,2.63
"paper_f4_logistic__uniform__n500",196,1187359149,1000,"ok",0.0798403193612774,4.44081901548515,0.169999999999959,"ok",0.00199600798403194,0.00199600798403194,0.629384331874378,3
"paper_f1_cusp__beta_4_8__n500",0,515275618,1000,"ok",0.296157785859616,5.0998424334486,0.210000000000036,"ok",0.311289186475755,0.299202310867419,0.334176078955174,2.68000000000006
"paper_f1_cusp__beta_4_8__n500",4,1545860078,1000,"ok",0.304319426710886,4.81940167910286,0.209999999999923,"ok",0.304436797920759,0.294108562413168,0.325440687755609,2.62
"paper_f1_cusp__beta_4_8__n500",8,1423052538,1000,"ok",0.299558467024255,5.04470200060266,0.170000000000073,"ok",0.306999894651245,0.295324029608833,0.328703710697936,2.95999999999992
"paper_f1_cusp__beta_4_8__n500",12,1776018574,1000,"ok",0.300238513828218,5.18329935567071,0.25,"ok",0.311022980418249,0.299825089965508,0.334272258351414,3.32000000000005
"paper_f1_cusp__beta_4_8__n500",16,1538738936,1000,"ok",0.302278745464168,4.92892207489375,0.209999999999923,"ok",0.316139821581304,0.302468614985456,0.337231455165691,2.72000000000003
"paper_f1_cusp__beta_4_8__n500",20,75627950,1000,"ok",0.300918565879214,5.05092421275371,0.180000000000064,"ok",0.302873418882881,0.29221062522251,0.322278752922309,2.49000000000001
"paper_f1_cusp__beta_4_8__n500",24,287132742,1000,"ok",0.298198329188313,4.82255866069856,0.189999999999941,"ok",0.307010279301777,0.295473204229579,0.327860252055887,2.77999999999997
"paper_f1_cusp__beta_4_8__n500",28,137793027,1000,"ok",0.303639124926181,4.53580628617162,0.160000000000082,"ok",0.304634328910672,0.294364721017617,0.322364093035276,2.58999999999992
"paper_f1_cusp__beta_4_8__n500",32,1228365552,1000,"ok",0.302278745464168,5.0390514565406,0.160000000000082,"ok",0.302492929193621,0.292228865911431,0.322679680139961,2.44999999999993
"paper_f1_cusp__beta_4_8__n500",36,1618158523,1000,"ok",0.299558467024255,5.12751792577346,0.190000000000055,"ok",0.303071394044758,0.292011422050296,0.325031047413331,2.57999999999993
"paper_f1_cusp__beta_4_8__n500",40,1634265408,1000,"ok",0.298198329188313,5.15281495285177,0.170000000000073,"ok",0.310231171574453,0.298619573478076,0.33222526025696,2.63999999999999
"paper_f1_cusp__beta_4_8__n500",44,413684481,1000,"ok",0.300918565879214,4.91010480505452,0.189999999999941,"ok",0.296952480669459,0.288041077433188,0.311842141562039,2.67000000000007
"paper_f1_cusp__beta_4_8__n500",48,987973046,1000,"ok",0.307722647328275,4.69114952767241,0.220000000000027,"ok",0.305118564839516,0.29418336411253,0.325377431115871,2.44999999999993
"paper_f1_cusp__beta_4_8__n500",52,1049280683,1000,"ok",0.304319426710886,4.46027343356903,0.159999999999968,"ok",0.307492506913009,0.296506619182469,0.327165236650032,2.70000000000005
"paper_f1_cusp__beta_4_8__n500",56,168036040,1000,"ok",0.296838032011695,4.74411476121634,0.169999999999959,"ok",0.303368507447526,0.293098317959441,0.321728680989999,2.55000000000007
"paper_f1_cusp__beta_4_8__n500",60,999626980,1000,"ok",0.302278745464168,4.98725214413869,0.139999999999986,"ok",0.308781784620798,0.296976579696451,0.329475362339078,2.28999999999996
"paper_f1_cusp__beta_4_8__n500",64,702742125,1000,"ok",0.30295890278359,4.7079405542916,0.210000000000036,"ok",0.309278340849184,0.298366483844163,0.330443264788339,2.39999999999998
"paper_f1_cusp__beta_4_8__n500",68,181910974,1000,"ok",0.300238513828218,4.62273008580463,0.160000000000082,"ok",0.315360083424178,0.302910343675168,0.332284366497816,2.75999999999999
"paper_f1_cusp__beta_4_8__n500",72,245255941,1000,"ok",0.300238513828218,4.96629200276656,0.189999999999941,"ok",0.301097047012092,0.290333695066641,0.319444087843512,2.36000000000001
"paper_f1_cusp__beta_4_8__n500",76,1064368562,1000,"ok",0.300918565879214,5.19612751405434,0.169999999999959,"ok",0.302568618278658,0.291811947321366,0.324135777948268,2.1400000000001
"paper_f1_cusp__beta_4_8__n500",80,729320924,1000,"ok",0.298878410485179,4.7750106912951,0.17999999999995,"ok",0.305567465878826,0.294808539635969,0.324952437093814,2.55999999999995
"paper_f1_cusp__beta_4_8__n500",84,2095090291,1000,"ok",0.30295890278359,4.62266974224416,0.200000000000045,"ok",0.308743359106155,0.296405578176169,0.330432989414275,2.95000000000005
"paper_f1_cusp__beta_4_8__n500",88,1211282709,1000,"ok",0.301598638121517,4.61348464067845,0.240000000000009,"ok",0.308955660819625,0.297651730813628,0.330125907241769,2.7299999999999
"paper_f1_cusp__beta_4_8__n500",92,992139536,1000,"ok",0.303639124926181,5.0740248700867,0.210000000000036,"ok",0.313152471543178,0.300593733652977,0.334727572953131,2.18000000000006
"paper_f1_cusp__beta_4_8__n500",96,1597615245,1000,"ok",0.302278745464168,4.98538342415703,0.159999999999968,"ok",0.305003889126577,0.293886317162718,0.324851031824938,2.62
"paper_f1_cusp__beta_4_8__n500",100,422811523,1000,"ok",0.300918565879214,5.00029247716687,0.200000000000045,"ok",0.306378159087857,0.294448625176959,0.329285957237854,2.6099999999999
"paper_f1_cusp__beta_4_8__n500",104,1665295898,1000,"ok",0.297518208067761,4.29102654010455,0.149999999999977,"ok",0.309980713385857,0.298563127185622,0.331066912354589,2.53999999999996
"paper_f1_cusp__beta_4_8__n500",108,834887044,1000,"ok",0.299558467024255,4.47409308984142,0.139999999999986,"ok",0.296100909588135,0.287304186617217,0.309853736231306,2.47000000000003
"paper_f1_cusp__beta_4_8__n500",112,289160498,1000,"ok",0.298878410485179,4.92139309172972,0.200000000000045,"ok",0.312127906641748,0.29952110666717,0.332154027557145,2.75
"paper_f1_cusp__beta_4_8__n500",116,490229076,1000,"ok",0.302278745464168,5.43311431484413,0.149999999999977,"ok",0.308082021024403,0.297377562102816,0.329716564408985,3.11000000000001
"paper_f1_cusp__beta_4_8__n500",120,569370747,1000,"ok",0.302278745464168,4.56507194696149,0.189999999999941,"ok",0.303047511000119,0.292481417525189,0.321763429665702,2.61000000000001
"paper_f1_cusp__beta_4_8__n500",124,897748827,1000,"ok",0.298878410485179,4.61611372839556,0.240000000000009,"ok",0.307079734761889,0.295651114881425,0.326796513738376,3.13999999999999
"paper_f1_cusp__beta_4_8__n500",128,1036588166,1000,"ok",0.299558467024255,4.7658063166863,0.25,"ok",0.30943251342245,0.298184296420296,0.330497811858621,3.26999999999998
"paper_f1_cusp__beta_4_8__n500",132,511733176,1000,"ok",0.300918565879214,4.97552968928622,0.230000000000018,"ok",0.309465192260707,0.297413776196793,0.332382136325078,3.19000000000005
"paper_f1_cusp__beta_4_8__n500",136,242036878,1000,"ok",0.301598638121517,4.23739195979553,0.189999999999941,"ok",0.310276428241019,0.298324655618031,0.329985591809475,3.87
"paper_f1_cusp__beta_4_8__n500",140,2041323381,1000,"ok",0.302278745464168,4.63940718576381,0.330000000000041,"ok",0.312252087015142,0.299591561472965,0.334637260113264,3.76999999999998
"paper_f1_cusp__beta_4_8__n500",144,1874404228,1000,"ok",0.300238513828218,4.93862841648254,0.25,"ok",0.302756716480752,0.293060341350982,0.322368824638531,3.66999999999996
"paper_f1_cusp__beta_4_8__n500",148,626106151,1000,"ok",0.300918565879214,4.74214138401037,0.310000000000059,"ok",0.304785575197955,0.293263955029037,0.323040337809885,4.15999999999997
"paper_f1_cusp__beta_4_8__n500",152,1049705036,1000,"ok",0.302278745464168,5.13272713424476,0.289999999999964,"ok",0.305815486300467,0.295085511795576,0.326486847261614,3.66000000000008
"paper_f1_cusp__beta_4_8__n500",156,888934206,1000,"ok",0.300918565879214,4.23724813643994,0.299999999999955,"ok",0.306525449511172,0.296374516854401,0.327292502595556,4.25
"paper_f1_cusp__beta_4_8__n500",160,69633764,1000,"ok",0.306360957748941,4.65211517709259,0.230000000000018,"ok",0.301738959788649,0.292490284361688,0.315627769150549,4.33000000000004
"paper_f1_cusp__beta_4_8__n500",164,541262198,1000,"ok",0.312494627874386,4.62130821237816,0.259999999999991,"ok",0.304493913588311,0.293814581274732,0.323335803584795,5.68999999999994
"paper_f1_cusp__beta_4_8__n500",168,1418781490,1000,"ok",0.299558467024255,4.18288699149923,0.350000000000023,"ok",0.317212329843464,0.304561961704677,0.337597401025357,4.67999999999995
"paper_f1_cusp__beta_4_8__n500",172,168257710,1000,"ok",0.303639124926181,4.59380510483407,0.469999999999914,"ok",0.32753370657971,0.310654078400302,0.343465044588889,5.08000000000004
"paper_f1_cusp__beta_4_8__n500",176,752298453,1000,"ok",0.298878410485179,4.69195868158812,0.419999999999959,"ok",0.312231661120435,0.299614233855379,0.333152482794597,4.25
"paper_f1_cusp__beta_4_8__n500",180,682125855,1000,"ok",0.300238513828218,4.50793787164523,0.360000000000014,"ok",0.311213082922518,0.298462131783399,0.332977690103927,4.39999999999998
"paper_f1_cusp__beta_4_8__n500",184,115300570,1000,"ok",0.299558467024255,4.53010453331031,0.25,"ok",0.304301273310818,0.293886758192924,0.324502213598035,4.94999999999993
"paper_f1_cusp__beta_4_8__n500",188,2096391154,1000,"ok",0.300238513828218,4.86250111994298,0.519999999999982,"ok",0.310452985920156,0.297831174183672,0.333042687628307,8.83000000000004
"paper_f1_cusp__beta_4_8__n500",192,1678388056,1000,"ok",0.301598638121517,4.6019869223267,0.639999999999986,"ok",0.305919635746976,0.294851345952277,0.327759455654763,9.98000000000002
"paper_f1_cusp__beta_4_8__n500",196,355176097,1000,"ok",0.300918565879214,4.7419765415291,0.639999999999986,"ok",0.308598853070239,0.297211759280099,0.329845803253206,9.63999999999999
"paper_f2_onset__beta_4_8__n500",0,1871110036,1000,"ok",0.501172858146439,5.25872682114949,0.519999999999982,"ok",0.427504895437686,0.415700514803765,0.478558556782776,8.43999999999994
"paper_f2_onset__beta_4_8__n500",4,1915488802,1000,"ok",0.357401272099908,4.78428966681995,0.430000000000064,"ok",0.417648553704356,0.406587701869224,0.444629147502048,7.24000000000001
"paper_f2_onset__beta_4_8__n500",8,480628468,1000,"ok",0.345846256997127,4.49075836993715,0.339999999999918,"ok",0.417959143857985,0.411621479019458,0.445633029630334,5.67000000000007
"paper_f2_onset__beta_4_8__n500",12,70466734,1000,"ok",0.328987723357476,4.43717898020788,0.289999999999964,"ok",0.408004309230729,0.402939750606463,0.426737098733232,5.36000000000001
"paper_f2_onset__beta_4_8__n500",16,549588452,1000,"ok",0.372339370029842,5.27197138427175,0.230000000000018,"ok",0.414938846373032,0.408965395354668,0.443369649067383,4.94999999999993
"paper_f2_onset__beta_4_8__n500",20,425345701,1000,"ok",0.322771500163167,4.94956286857295,0.25,"ok",0.423081645016138,0.413890055735658,0.472538684057074,4.30000000000007
"paper_f2_onset__beta_4_8__n500",24,1814932649,1000,"ok",0.349425263862141,5.32505578992453,0.220000000000027,"ok",0.418966409327489,0.41223788612382,0.457881046296034,3.75999999999999
"paper_f2_onset__beta_4_8__n500",28,1504727301,1000,"ok",0.333857350583086,5.08465684034247,0.219999999999914,"ok",0.418777579986143,0.410926511834825,0.457409456656633,3.97000000000003
"paper_f2_onset__beta_4_8__n500",32,397114540,1000,"ok",0.362559649102878,4.62663763503091,0.150000000000091,"ok",0.41904820616589,0.411063331064188,0.447654767509943,3.45999999999992
"paper_f2_onset__beta_4_8__n500",36,1020510589,1000,"ok",0.420702796354623,4.57297451166806,0.230000000000018,"ok",0.418929943240204,0.412179137067377,0.45076792367627,4.63
"paper_f2_onset__beta_4_8__n500",40,1787602316,1000,"ok",0.352308566840949,5.2427522068468,0.169999999999959,"ok",0.420574286505938,0.412366399881268,0.469202582655638,3.17000000000007
"paper_f2_onset__beta_4_8__n500",44,442533117,1000,"ok",0.367791090932457,5.26612832445965,0.169999999999959,"ok",0.432834140052474,0.419596276959637,0.706540221576046,3.55000000000007
"paper_f2_onset__beta_4_8__n500",48,1350710782,1000,"ok",0.447568200940619,5.19295052552033,0.219999999999914,"ok",0.424763159805584,0.416622106277788,0.485590586848042,3.29000000000008
"paper_f2_onset__beta_4_8__n500",52,603701791,1000,"ok",0.365539600387703,4.84439069554505,0.299999999999955,"ok",0.420834513191298,0.413228074316322,0.45889597370159,3.38999999999999
"paper_f2_onset__beta_4_8__n500",56,994991238,1000,"ok",0.31454353271987,4.71783661131348,0.180000000000064,"ok",0.418900445987828,0.410940395397202,0.454809205067761,2.97000000000003
"paper_f2_onset__beta_4_8__n500",60,988703698,1000,"ok",0.341585273206496,4.60197308514409,0.139999999999986,"ok",0.419276107237301,0.41260184835349,0.45674750191707,3.26999999999998
"paper_f2_onset__beta_4_8__n500",64,845846172,1000,"ok",0.567389506216379,5.4601654049281,0.169999999999959,"ok",0.418915826334382,0.411846033432887,0.452580606212055,3.01999999999998
"paper_f2_onset__beta_4_8__n500",68,347106503,1000,"ok",0.368544861532593,4.75563036873177,0.230000000000018,"ok",0.422966311656052,0.415757831774933,0.466305444522736,2.90999999999997
"paper_f2_onset__beta_4_8__n500",72,1898910479,1000,"ok",0.338763352244409,5.19485646913714,0.260000000000105,"ok",0.415793064716522,0.409762927516391,0.444048795781399,2.5
"paper_f2_onset__beta_4_8__n500",76,17788872,1000,"ok",0.343711367191658,4.22562419418844,0.17999999999995,"ok",0.408944282273989,0.403864814453146,0.427680795621605,2.88999999999999
"paper_f2_onset__beta_4_8__n500",80,173632880,1000,"ok",0.30568032836049,5.05893919243057,0.149999999999977,"ok",0.415994838812501,0.408233601221106,0.454495107421524,2.76999999999998
"paper_f2_onset__beta_4_8__n500",84,1971238498,1000,"ok",0.443325335488265,4.80431888543714,0.150000000000091,"ok",0.425053020267322,0.417737834946218,0.470327686794932,2.57999999999993
"paper_f2_onset__beta_4_8__n500",88,834332801,1000,"ok",0.345846256997127,5.31228651741835,0.139999999999986,"ok",0.421142744281737,0.413352545268295,0.464097670976158,2.7700000000001
"paper_f2_onset__beta_4_8__n500",92,2044418593,1000,"ok",0.368544861532593,4.81238587778694,0.17999999999995,"ok",0.413435465711555,0.407441394898519,0.439863047553031,2.53999999999996
"paper_f2_onset__beta_4_8__n500",96,233983807,1000,"ok",0.415211593131067,4.3533227721625,0.160000000000082,"ok",0.424646124123988,0.417502110592791,0.470158601899275,2.90999999999997
"paper_f2_onset__beta_4_8__n500",100,1098401163,1000,"ok",0.447568200940619,4.80590018876575,0.139999999999986,"ok",0.425338017439983,0.417275837710024,0.480644309627793,2.65999999999997
"paper_f2_onset__beta_4_8__n500",104,1933671249,1000,"ok",0.425395455646808,4.73886697958149,0.1400000000001,"ok",0.425632492745249,0.416425774070952,0.474267558367191,3.12
"paper_f2_onset__beta_4_8__n500",108,827500459,1000,"ok",0.442280866301321,4.54555295892249,0.159999999999968,"ok",0.417803841115027,0.411510873505191,0.451924732463048,2.5
"paper_f2_onset__beta_4_8__n500",112,306501789,1000,"ok",0.346559924335972,4.54987545527591,0.189999999999941,"ok",0.415261167935672,0.408743647922453,0.443179639688513,3.33000000000004
"paper_f2_onset__beta_4_8__n500",116,1023887354,1000,"ok",0.327602317799155,5.20728335537482,0.200000000000045,"ok",0.417777138282157,0.410784689413972,0.454321489850672,4.21999999999991
"paper_f2_onset__beta_4_8__n500",120,1261423971,1000,"ok",0.344421996296177,4.84338887347538,0.340000000000032,"ok",0.417081460439417,0.409700042668598,0.45395012477822,4.5
"paper_f2_onset__beta_4_8__n500",124,74889297,1000,"ok",0.32552867267142,4.54365967587292,0.529999999999973,"ok",0.430550214304073,0.420502761007083,0.598857500493422,3.2600000000001
"paper_f2_onset__beta_4_8__n500",128,1398617291,1000,"ok",0.364792298029746,5.10472064970418,0.219999999999914,"ok",0.415968571512499,0.410098880850425,0.445930098964839,3.5
"paper_f2_onset__beta_4_8__n500",132,1929903763,1000,"ok",0.483669335800576,4.7319598081393,0.220000000000027,"ok",0.432333060330803,0.415364606272209,0.490877162890531,4.44000000000005
"paper_f2_onset__beta_4_8__n500",136,1027855672,1000,"ok",0.367791090932457,5.0004602236654,0.279999999999973,"ok",0.415735319378807,0.409196115892503,0.447201656448441,4.54999999999995
"paper_f2_onset__beta_4_8__n500",140,1541507426,1000,"ok",0.3394675047896,4.71985675102725,0.220000000000027,"ok",0.417631222636832,0.409526809880585,0.447071385449866,3.96000000000004
"paper_f2_onset__beta_4_8__n500",144,408103416,1000,"ok",0.420702796354623,5.14733159378623,0.289999999999964,"ok",0.418260327545844,0.411154988475982,0.457267012114067,4.30999999999995
"paper_f2_onset__beta_4_8__n500",148,441944287,1000,"ok",0.399526481580257,4.41907805067614,0.200000000000045,"ok",0.42243933127146,0.41187440118225,0.462125132123502,4.3900000000001
"paper_f2_onset__beta_4_8__n500",152,250723173,1000,"ok",0.671551981793297,4.93604463953461,0.240000000000009,"ok",0.428705325733147,0.418225974145699,0.503426433171159,4.41999999999985
"paper_f2_onset__beta_4_8__n500",156,170706503,1000,"ok",0.379285400265659,5.29778510672415,0.230000000000018,"ok",0.427529221184026,0.414122476048751,0.471507910555745,4.75
"paper_f2_onset__beta_4_8__n500",160,289417504,1000,"ok",0.313860269004466,5.18667956047374,0.190000000000055,"ok",0.42241203632036,0.415008580802969,0.460672275020758,4.23000000000002
"paper_f2_onset__beta_4_8__n500",164,835807052,1000,"ok",0.422566575646209,4.66066281480519,0.230000000000018,"ok",0.427104413269262,0.414933095463983,0.476756728432678,5.37999999999988
"paper_f2_onset__beta_4_8__n500",168,1169610184,1000,"ok",0.340172531152089,4.5611981030774,0.230000000000018,"ok",0.418987137507339,0.412775899604606,0.44906434126523,5.5
"paper_f2_onset__beta_4_8__n500",172,1030750242,1000,"ok",0.433148771020367,4.78245858322456,0.310000000000173,"ok",0.422667888906228,0.413015236174043,0.466837818963921,5.49000000000001
"paper_f2_onset__beta_4_8__n500",176,1642591205,1000,"ok",0.324149038944398,4.44960020342825,0.299999999999955,"ok",0.424485642534667,0.416452686276285,0.473201945644951,5.61999999999989
"paper_f2_onset__beta_4_8__n500",180,1495405098,1000,"ok",0.436141437900471,4.45934309544336,0.300000000000182,"ok",0.429668067465637,0.416893319649535,0.477337856574525,6.50999999999999
"paper_f2_onset__beta_4_8__n500",184,1817185899,1000,"ok",0.341585273206496,4.86990038901402,0.189999999999827,"ok",0.423817724600274,0.415338180390594,0.483619898030836,5.92000000000007
"paper_f2_onset__beta_4_8__n500",188,2063924201,1000,"ok",0.349425263862141,4.55761459406865,0.329999999999927,"ok",0.419941885559874,0.4126461937137,0.454942174669588,6.86000000000013
"paper_f2_onset__beta_4_8__n500",192,1909159031,1000,"ok",0.322083478552464,4.74844156815442,0.369999999999891,"ok",0.423627179850571,0.414852281927303,0.470920632150756,6.94000000000005
"paper_f2_onset__beta_4_8__n500",196,1003290440,1000,"ok",0.354483565984386,4.40597944620145,0.329999999999927,"ok",0.420677585156102,0.413270443489332,0.453899246422494,8.02999999999997
"paper_f3_jump__beta_4_8__n500",0,154013873,1000,"ok",0.300238513828218,4.92796833174461,0.470000000000027,"ok",0.271609385858098,0.264765645972002,0.275606051516065,6
"paper_f3_jump__beta_4_8__n500",4,1373286361,1000,"ok",0.300238513828218,4.44134118560163,0.2199999999998,"ok",0.27208728663574,0.264951768476596,0.276675531456329,6.16000000000008
"paper_f3_jump__beta_4_8__n500",8,630863803,1000,"ok",0.300238513828218,4.7074762308677,0.509999999999991,"ok",0.272820756100897,0.265460879234485,0.278013331533589,7.30999999999995
"paper_f3_jump__beta_4_8__n500",12,698591908,1000,"ok",0.300238513828218,5.04815585281845,0.380000000000109,"ok",0.270698328189797,0.263367422854255,0.275329971094522,6.17000000000007
"paper_f3_jump__beta_4_8__n500",16,278126383,1000,"ok",0.300238513828218,4.46704612383693,0.309999999999945,"ok",0.271894935503668,0.264196107160086,0.276974289394691,5.76999999999998
"paper_f3_jump__beta_4_8__n500",20,117710456,1000,"ok",0.300238513828218,5.34819663603904,0.420000000000073,"ok",0.273273775848312,0.26540577564242,0.278723233688877,5.17999999999984
"paper_f3_jump__beta_4_8__n500",24,1215135371,1000,"ok",0.300238513828218,5.53756705018242,0.360000000000127,"ok",0.270186183224247,0.263140220146239,0.274498144893811,4.74000000000001
"paper_f3_jump__beta_4_8__n500",28,953688850,1000,"ok",0.300238513828218,5.20752188313766,0.279999999999973,"ok",0.270880497336427,0.263136303199863,0.274898011295339,4.52999999999997
"paper_f3_jump__beta_4_8__n500",32,540728,1000,"ok",0.300238513828218,4.48179599714143,0.410000000000082,"ok",0.271062483861052,0.263523220950015,0.27648394632538,5.39999999999986
"paper_f3_jump__beta_4_8__n500",36,663722799,1000,"ok",0.300238513828218,4.88627201491664,0.25,"ok",0.272064611627592,0.264518527644137,0.276751334769652,4.75
"paper_f3_jump__beta_4_8__n500",40,1597103746,1000,"ok",0.300238513828218,5.04869056881151,0.350000000000136,"ok",0.269720839176317,0.261467867791292,0.274422627601884,4.5
"paper_f3_jump__beta_4_8__n500",44,1207377583,1000,"ok",0.300238513828218,4.85870024222892,0.25,"ok",0.26981443336399,0.262786562329501,0.273551251588605,4.72000000000003
"paper_f3_jump__beta_4_8__n500",48,1849771672,1000,"ok",0.300238513828218,5.02135029545443,0.309999999999945,"ok",0.27111293035476,0.263683324403099,0.27554630314775,5.01999999999998
"paper_f3_jump__beta_4_8__n500",52,1515756821,1000,"ok",0.300238513828218,4.68139975791248,0.279999999999973,"ok",0.273916321575224,0.265687901747857,0.279450564114674,4.47000000000003
"paper_f3_jump__beta_4_8__n500",56,2107176430,1000,"ok",0.300238513828218,4.50339545968152,0.210000000000036,"ok",0.272598330720009,0.264515201529177,0.277565146394232,4.26999999999998
"paper_f3_jump__beta_4_8__n500",60,1921334945,1000,"ok",0.300238513828218,4.59270961228271,0.170000000000073,"ok",0.27172801093386,0.26408733316869,0.277365735760969,3.82999999999993
"paper_f3_jump__beta_4_8__n500",64,717485588,1000,"ok",0.300238513828218,4.66147226557833,0.279999999999973,"ok",0.271089657656515,0.264269004064252,0.274649402921451,4.3599999999999
"paper_f3_jump__beta_4_8__n500",68,558674852,1000,"ok",0.300238513828218,4.75158264783679,0.200000000000045,"ok",0.272680412196764,0.264725855187412,0.277817535169972,4.16000000000008
"paper_f3_jump__beta_4_8__n500",72,1742906163,1000,"ok",0.300238513828218,5.32164499197435,0.220000000000027,"ok",0.2703503741324,0.262825415208884,0.274473004198907,4.47000000000003
"paper_f3_jump__beta_4_8__n500",76,121801361,1000,"ok",0.300238513828218,4.81302408385125,0.230000000000018,"ok",0.271968466915118,0.264999141173981,0.276822151458053,4.84999999999991
"paper_f3_jump__beta_4_8__n500",80,77374632,1000,"ok",0.300238513828218,5.20564259048809,0.220000000000027,"ok",0.272721024954008,0.264586831612505,0.2774920088303,4.42000000000007
"paper_f3_jump__beta_4_8__n500",84,629299888,1000,"ok",0.300238513828218,5.19585374729454,0.2199999999998,"ok",0.270758662509023,0.263118369287592,0.274897718752857,4.11000000000013
"paper_f3_jump__beta_4_8__n500",88,1881280331,1000,"ok",0.300238513828218,4.84648735798239,0.160000000000082,"ok",0.272292921107532,0.264089614058708,0.276922474547407,3.36999999999989
"paper_f3_jump__beta_4_8__n500",92,1453261880,1000,"ok",0.300238513828218,4.8006417184944,0.200000000000045,"ok",0.273924127899851,0.266158152677277,0.278718561341384,4
"paper_f3_jump__beta_4_8__n500",96,450186730,1000,"ok",0.300238513828218,5.14656474161453,0.230000000000018,"ok",0.270774461211043,0.263494639686042,0.275092073530208,3.43000000000006
"paper_f3_jump__beta_4_8__n500",100,1157425366,1000,"ok",0.300238513828218,5.18540238649787,0.199999999999818,"ok",0.271141297617848,0.264009354344908,0.276265017540817,3.40000000000009
"paper_f3_jump__beta_4_8__n500",104,58287272,1000,"ok",0.300238513828218,4.80793743527702,0.210000000000036,"ok",0.272309548697182,0.264302949145229,0.277329172759517,3.07999999999993
"paper_f3_jump__beta_4_8__n500",108,854846864,1000,"ok",0.300238513828218,4.95481033606399,0.160000000000082,"ok",0.271407213243607,0.26394685277466,0.276169073074944,2.83999999999992
"paper_f3_jump__beta_4_8__n500",112,68418129,1000,"ok",0.300238513828218,4.86291916077664,0.1400000000001,"ok",0.2714902470264,0.263956255397126,0.275830869484267,2.93999999999983
"paper_f3_jump__beta_4_8__n500",116,883090788,1000,"ok",0.300238513828218,5.01494600794061,0.200000000000045,"ok",0.270467425712382,0.262952599200483,0.274790819067141,3.66000000000008
"paper_f3_jump__beta_4_8__n500",120,1016639338,1000,"ok",0.300238513828218,5.123053505079,0.299999999999955,"ok",0.272611383453759,0.264689961309127,0.277200374574911,3.31999999999994
"paper_f3_jump__beta_4_8__n500",124,1140624919,1000,"ok",0.300238513828218,5.04305155687285,0.190000000000055,"ok",0.272886195800593,0.265061467651901,0.277853857741922,3.37000000000012
"paper_f3_jump__beta_4_8__n500",128,12068115,1000,"ok",0.300238513828218,4.92838251559893,0.159999999999854,"ok",0.270745144939578,0.263569004067269,0.274789896256708,2.94000000000005
"paper_f3_jump__beta_4_8__n500",132,1766326843,1000,"ok",0.300238513828218,5.00633210064166,0.180000000000064,"ok",0.271378435320001,0.263845655680684,0.276073301079306,2.8599999999999
"paper_f3_jump__beta_4_8__n500",136,543675961,1000,"ok",0.300238513828218,4.77260001836006,0.210000000000036,"ok",0.272736757141656,0.265697970915969,0.277617198102801,4.30999999999995
"paper_f3_jump__beta_4_8__n500",140,931577275,1000,"ok",0.300238513828218,4.76692305817238,0.360000000000127,"ok",0.271357500089505,0.263755895278382,0.275879597090718,4.08999999999992
"paper_f3_jump__beta_4_8__n500",144,241556225,1000,"ok",0.300238513828218,5.16619275741398,0.1400000000001,"ok",0.271935608372547,0.264525501752119,0.276496764231538,4.43999999999983
"paper_f3_jump__beta_4_8__n500",148,1620625941,1000,"ok",0.300238513828218,4.83135513383804,0.230000000000018,"ok",0.274408226879042,0.265991287898617,0.280297006124871,4.05000000000018
"paper_f3_jump__beta_4_8__n500",152,808839537,1000,"ok",0.300238513828218,5.2998540004235,0.220000000000027,"ok",0.269664187112431,0.262276205910726,0.274227641864943,3.28999999999996
"paper_f3_jump__beta_4_8__n500",156,1890458470,1000,"ok",0.300238513828218,4.65853322665588,0.25,"ok",0.272018920384677,0.264808526581298,0.276675833750068,4.71000000000004
"paper_f3_jump__beta_4_8__n500",160,2042171269,1000,"ok",0.300238513828218,4.90121285348389,0.199999999999818,"ok",0.269912779911216,0.262934187703103,0.274257642094559,4.12000000000012
"paper_f3_jump__beta_4_8__n500",164,1046909566,1000,"ok",0.300238513828218,5.25542068322852,0.25,"ok",0.273641040025858,0.265665435780517,0.278822068739305,4.08999999999992
"paper_f3_jump__beta_4_8__n500",168,1876195515,1000,"ok",0.300238513828218,5.03103667638572,0.220000000000027,"ok",0.272964000506278,0.265017241128542,0.278741149169084,4.44000000000005
"paper_f3_jump__beta_4_8__n500",172,1381198271,1000,"ok",0.300238513828218,5.17084685420064,0.259999999999991,"ok",0.272958895222369,0.26549969492846,0.278493788086113,5.08999999999992
"paper_f3_jump__beta_4_8__n500",176,139651798,1000,"ok",0.300238513828218,4.715468378143,0.330000000000155,"ok",0.27147469290046,0.263876510573399,0.276779917971624,5.34999999999991
"paper_f3_jump__beta_4_8__n500",180,1370831651,1000,"ok",0.300238513828218,4.76729977466694,0.309999999999945,"ok",0.273831560895322,0.265819782569601,0.278871704731829,6.19000000000005
"paper_f3_jump__beta_4_8__n500",184,1220760150,1000,"ok",0.300238513828218,5.05269441322329,0.319999999999936,"ok",0.272287612269433,0.264659357362434,0.277182148822433,4.69000000000005
"paper_f3_jump__beta_4_8__n500",188,518250899,1000,"ok",0.300238513828218,5.18194429961887,0.340000000000146,"ok",0.271192447120699,0.264015178532165,0.27597014159439,5.90999999999985
"paper_f3_jump__beta_4_8__n500",192,1193542348,1000,"ok",0.300238513828218,5.27080560109017,0.3900000000001,"ok",0.27132008203978,0.2640708899402,0.275866205726855,4.64999999999986
"paper_f3_jump__beta_4_8__n500",196,588606784,1000,"ok",0.300238513828218,5.26514090837921,0.320000000000164,"ok",0.273374236190477,0.265412665399848,0.278796342032373,5.39999999999986
"paper_f4_logistic__beta_4_8__n500",0,1685071183,1000,"ok",0.527281310584665,4.61871070073049,0.400000000000091,"ok",0.492250463798115,0.053514781100235,0.607860907040862,5.00999999999999
"paper_f4_logistic__beta_4_8__n500",4,378634031,1000,"ok",0.468169232518127,4.86798362283505,0.220000000000027,"ok",0.484017637934867,0.053514781100235,0.608652925190403,4.05999999999995
"paper_f4_logistic__beta_4_8__n500",8,498183455,1000,"ok",0.083612655124271,4.73993334521178,0.240000000000009,"ok",0.053514781100235,0.053514781100235,0.358106309966602,4.47000000000003
"paper_f4_logistic__beta_4_8__n500",12,450251191,1000,"ok",0.553825350105954,4.99289057266892,0.369999999999891,"ok",0.614471626843304,0.053514781100235,0.731081992819171,4.23000000000002
"paper_f4_logistic__beta_4_8__n500",16,1625015752,1000,"ok",0.17896418068502,4.71797724577067,0.25,"ok",0.186700780784767,0.162557428249217,0.731081992819171,3.74000000000001
"paper_f4_logistic__beta_4_8__n500",20,464213964,1000,"ok",0.39452382083359,4.95654107066499,0.259999999999991,"ok",0.372025516354872,0.053514781100235,0.480838301170033,3.40000000000009
"paper_f4_logistic__beta_4_8__n500",24,641075472,1000,"ok",0.516125441054719,4.56028701926012,0.240000000000009,"ok",0.495831245451958,0.176831279686132,0.731081992819171,3.77999999999997
"paper_f4_logistic__beta_4_8__n500",28,2101977153,1000,"ok",0.341585273206496,5.24273163874323,0.25,"ok",0.053514781100235,0.053514781100235,0.731081992819171,3.43000000000006
"paper_f4_logistic__beta_4_8__n500",32,939509773,1000,"ok",0.176847773831693,4.85853492360854,0.269999999999982,"ok",0.343826247029057,0.171123240291933,0.491111678350631,3.67000000000007
"paper_f4_logistic__beta_4_8__n500",36,1483524952,1000,"ok",0.210709764764131,4.66431940259216,0.199999999999818,"ok",0.731081992819171,0.179834364708567,0.731081992819171,2.82000000000016
"paper_f4_logistic__beta_4_8__n500",40,1914508777,1000,"ok",0.121921066966928,5.15046159982412,0.25,"ok",0.249630678528413,0.053514781100235,0.480993104748429,3.08999999999992
"paper_f4_logistic__beta_4_8__n500",44,264942900,1000,"ok",0.207290090392563,4.83830044821979,0.220000000000027,"ok",0.243511424206047,0.053514781100235,0.549061896579601,3.6400000000001
"paper_f4_logistic__beta_4_8__n500",48,947570652,1000,"ok",0.3394675047896,4.62329276065681,0.209999999999809,"ok",0.261385806070993,0.174593414683297,0.731081992819171,2.79000000000019
"paper_f4_logistic__beta_4_8__n500",52,1078768778,1000,"ok",0.523438178084685,5.38767620937408,0.199999999999818,"ok",0.482619417713031,0.053514781100235,0.60429772426741,2.86000000000013
"paper_f4_logistic__beta_4_8__n500",56,1064634208,1000,"ok",0.373869618863349,4.63036646203288,0.25,"ok",0.384114151760541,0.053514781100235,0.731081992819171,3.02999999999997
"paper_f4_logistic__beta_4_8__n500",60,1698375217,1000,"ok",0.537529817481711,4.74824351767615,0.190000000000055,"ok",0.471515678021622,0.053514781100235,0.500733583279345,2.75
"paper_f4_logistic__beta_4_8__n500",64,253551846,1000,"ok",0.0784825451456291,4.89969489057127,0.1099999999999,"ok",0.053514781100235,0.053514781100235,0.639680546295743,2.65000000000009
"paper_f4_logistic__beta_4_8__n500",68,16547056,1000,"ok",0.425395455646808,5.01707503925724,0.159999999999854,"ok",0.179465973956461,0.053514781100235,0.611838406346595,2.77999999999997
"paper_f4_logistic__beta_4_8__n500",72,1423190593,1000,"ok",0.364046553968657,5.24773058446274,0.230000000000018,"ok",0.338948615114156,0.053514781100235,0.486843610158006,3
"paper_f4_logistic__beta_4_8__n500",76,1737644320,1000,"ok",0.567389506216379,4.91978754713138,0.180000000000064,"ok",0.630643256725739,0.053514781100235,0.731081992819171,2.92000000000007
"paper_f4_logistic__beta_4_8__n500",80,497484892,1000,"ok",0.144524034698688,5.09650568756002,0.169999999999845,"ok",0.731081992819171,0.053514781100235,0.731081992819171,2.95000000000005
"paper_f4_logistic__beta_4_8__n500",84,116861421,1000,"ok",0.685125865110222,4.84800356894462,0.180000000000064,"ok",0.731081992819171,0.178090940525959,0.731081992819171,3.06999999999994
"paper_f4_logistic__beta_4_8__n500",88,208071089,1000,"ok",0.39452382083359,5.37552182191947,0.25,"ok",0.467786476622184,0.053514781100235,0.492906717432426,3.26999999999998
"paper_f4_logistic__beta_4_8__n500",92,2145178096,1000,"ok",0.551328600657667,4.93140004367131,0.279999999999973,"ok",0.489849830852716,0.053514781100235,0.518928067944206,3.41000000000008
"paper_f4_logistic__beta_4_8__n500",96,2014339460,1000,"ok",0.269403546052458,5.48120415819764,0.25,"ok",0.179251210743673,0.053514781100235,0.613185692066687,3.73000000000002
"paper_f4_logistic__beta_4_8__n500",100,1503217810,1000,"ok",0.468169232518127,4.27345188832943,0.240000000000009,"ok",0.38290731799465,0.053514781100235,0.492208781218388,3.25
"paper_f4_logistic__beta_4_8__n500",104,625960393,1000,"ok",0.277707415818228,4.22622889252915,0.220000000000027,"ok",0.282466484981139,0.182004573316524,0.606470721146005,4.08999999999992
"paper_f4_logistic__beta_4_8__n500",108,68911784,1000,"ok",0.731081992819171,5.07080470231457,0.279999999999973,"ok",0.731081992819171,0.053514781100235,0.731081992819171,3.23000000000002
"paper_f4_logistic__beta_4_8__n500",112,1748946615,1000,"ok",0.397012473404033,4.88021996027488,0.220000000000027,"ok",0.465090629513768,0.282134250810742,0.49699031227004,4.26999999999998
"paper_f4_logistic__beta_4_8__n500",116,745461748,1000,"ok",0.371576963944477,4.86581983263569,0.360000000000127,"ok",0.373424647042614,0.053514781100235,0.463842189556812,4.05999999999995
"paper_f4_logistic__beta_4_8__n500",120,799357470,1000,"ok",0.420702796354623,5.18114311658406,0.220000000000027,"ok",0.348623190803997,0.053514781100235,0.494801863836598,3.76999999999998
"paper_f4_logistic__beta_4_8__n500",124,1188008648,1000,"ok",0.207290090392563,4.64815273715148,0.25,"ok",0.340894666926021,0.053514781100235,0.480839574294552,3.59999999999991
"paper_f4_logistic__beta_4_8__n500",128,2127778503,1000,"ok",0.190008948915222,5.23332421551095,0.330000000000155,"ok",0.389078628582086,0.053514781100235,0.619596187250447,3.22000000000003
"paper_f4_logistic__beta_4_8__n500",132,1229711095,1000,"ok",0.370057459006292,5.38031723691357,0.269999999999982,"ok",0.375700817018738,0.053514781100235,0.61882623106257,4.1099999999999
"paper_f4_logistic__beta_4_8__n500",136,956587129,1000,"ok",0.159539939592753,4.67785959278111,0.319999999999936,"ok",0.468070514965349,0.053514781100235,0.599914367515313,3.65000000000009
"paper_f4_logistic__beta_4_8__n500",140,782359532,1000,"ok",0.2602837745637,4.58390546844672,0.25,"ok",0.19087404278323,0.053514781100235,0.517054689645246,4.49000000000001
"paper_f4_logistic__beta_4_8__n500",144,218080579,1000,"ok",0.328987723357476,4.88058704712622,0.279999999999973,"ok",0.272559316173076,0.053514781100235,0.60799624892424,4.43000000000006
"paper_f4_logistic__beta_4_8__n500",148,861146508,1000,"ok",0.209007973557924,4.61203688456289,0.440000000000055,"ok",0.255364569711879,0.053514781100235,0.365588088511953,5.44999999999982
"paper_f4_logistic__beta_4_8__n500",152,909774658,1000,"ok",0.169119052027014,4.83625641534049,0.25,"ok",0.174107639043864,0.053514781100235,0.471652915988389,4.44000000000005
"paper_f4_logistic__beta_4_8__n500",156,133279673,1000,"ok",0.453027888389701,4.84599944404775,0.170000000000073,"ok",0.471402859467771,0.184578006925707,0.494184213159161,4.57999999999993
"paper_f4_logistic__beta_4_8__n500",160,1664754524,1000,"ok",0.269403546052458,5.10211712089504,0.259999999999991,"ok",0.327628795465007,0.183293767001536,0.471379988439912,4.33000000000015
"paper_f4_logistic__beta_4_8__n500",164,2121750529,1000,"ok",0.236213474371165,5.10404654796692,0.2199999999998,"ok",0.169082675276599,0.053514781100235,0.608710746090552,3.31000000000017
"paper_f4_logistic__beta_4_8__n500",168,1161656359,1000,"ok",0.493590617134453,5.35053259740676,0.240000000000009,"ok",0.053514781100235,0.053514781100235,0.606725008649604,3.77999999999997
"paper_f4_logistic__beta_4_8__n500",172,881617483,1000,"ok",0.256732345686765,4.94720516747456,0.299999999999955,"ok",0.276724237013711,0.053514781100235,0.61387717999643,3.5
"paper_f4_logistic__beta_4_8__n500",176,1662459379,1000,"ok",0.214898229442024,5.01223544261561,0.210000000000036,"ok",0.169864586304023,0.053514781100235,0.614830000336221,3.72000000000003
"paper_f4_logistic__beta_4_8__n500",180,110130079,1000,"ok",0.210709764764131,4.80497864509466,0.299999999999955,"ok",0.180648270274265,0.053514781100235,0.608256295164309,4.95000000000005
"paper_f4_logistic__beta_4_8__n500",184,896115119,1000,"ok",0.635687390174814,5.01051176735885,0.299999999999955,"ok",0.623003400306407,0.131015104165348,0.731081992819171,4.55999999999995
"paper_f4_logistic__beta_4_8__n500",188,157286886,1000,"ok",0.322083478552464,4.26106603851125,0.380000000000109,"ok",0.286588169323059,0.182626399435172,0.731081992819171,5.13999999999987
"paper_f4_logistic__beta_4_8__n500",192,1013659366,1000,"ok",0.2222247256522,5.25562914843563,0.25,"ok",0.294661125618388,0.183026716928768,0.478732504783879,4.50999999999999
"paper_f4_logistic__beta_4_8__n500",196,683433785,1000,"ok",0.233934366021256,4.63034479852693,0.220000000000027,"ok",0.258814831440351,0.053514781100235,0.610482951252682,4.80999999999995
"paper_f1_cusp__uniform__n1000",0,646867799,1000,"ok",0.300699300699301,9.55111029633705,1.17999999999984,"ok",0.311522622690724,0.309041550333009,0.314279922003538,4.63000000000011
"paper_f1_cusp__uniform__n1000",4,677966457,1000,"ok",0.300699300699301,9.51593999490404,0.950000000000045,"ok",0.30915495032363,0.307212766115622,0.311700436602111,4.19999999999982
"paper_f1_cusp__uniform__n1000",8,1226692805,1000,"ok",0.301698301698302,9.14074867218865,1.01999999999998,"ok",0.31090319409469,0.308778188756809,0.313739317470043,3.81000000000017
"paper_f1_cusp__uniform__n1000",12,683119590,1000,"ok",0.303696303696304,9.14806861875674,0.919999999999845,"ok",0.310663922652855,0.308057594863947,0.313178324724383,3.71000000000004
"paper_f1_cusp__uniform__n1000",16,1357708531,1000,"ok",0.304695304695305,10.3797735975924,0.840000000000146,"ok",0.310908669422777,0.308067267712765,0.313410613006837,3.5
"paper_f1_cusp__uniform__n1000",20,1437295260,1000,"ok",0.300699300699301,10.2443943860048,0.6099999999999,"ok",0.312799304444514,0.310057394531367,0.315114492853664,3.70000000000005
"paper_f1_cusp__uniform__n1000",24,103954995,1000,"ok",0.2997002997003,9.1490792058253,0.6099999999999,"ok",0.312112766217896,0.309545633993597,0.314898240355728,4.07000000000016
"paper_f1_cusp__uniform__n1000",28,457982379,1000,"ok",0.291708291708292,9.91415217964516,0.789999999999964,"ok",0.311052651927574,0.308269770903278,0.313789080910969,3.68999999999983
"paper_f1_cusp__uniform__n1000",32,1690210979,1000,"ok",0.301698301698302,9.57425286091222,0.560000000000173,"ok",0.311268491364376,0.308632040104087,0.314122391385176,2.63999999999987
"paper_f1_cusp__uniform__n1000",36,1090165439,1000,"ok",0.300699300699301,9.82257499463662,0.769999999999982,"ok",0.309800791794971,0.307758324494123,0.312336999544786,2.58000000000015
"paper_f1_cusp__uniform__n1000",40,1948811249,1000,"ok",0.2997002997003,9.76775206770242,0.470000000000027,"ok",0.310317822206459,0.308147051284582,0.312843082752277,3.16999999999985
"paper_f1_cusp__uniform__n1000",44,1879122604,1000,"ok",0.2997002997003,10.2920859538023,0.590000000000146,"ok",0.313366477727073,0.310475937704856,0.315858812520995,2.69999999999982
"paper_f1_cusp__uniform__n1000",48,1004657020,1000,"ok",0.298701298701299,10.3250561568259,0.680000000000064,"ok",0.3101966775518,0.307981113775572,0.312697355660903,3.18000000000006
"paper_f1_cusp__uniform__n1000",52,1840042418,1000,"ok",0.300699300699301,9.97125188124038,0.75,"ok",0.311165971845708,0.308390986285776,0.313695738426001,3.63999999999987
"paper_f1_cusp__uniform__n1000",56,1134076684,1000,"ok",0.304695304695305,10.4848809765902,0.550000000000182,"ok",0.310471669475459,0.307931439010188,0.312629146805596,4
"paper_f1_cusp__uniform__n1000",60,870665142,1000,"ok",0.302697302697303,10.0275738463254,0.669999999999845,"ok",0.309809774284483,0.307384869105161,0.312486832417047,3.85000000000014
"paper_f1_cusp__uniform__n1000",64,1023362639,1000,"ok",0.2997002997003,9.75073731167249,0.730000000000018,"ok",0.311797126021535,0.309078619308744,0.314258385451794,3.76999999999998
"paper_f1_cusp__uniform__n1000",68,1365606067,1000,"ok",0.298701298701299,9.52746334196634,0.720000000000027,"ok",0.309652820607037,0.307285714693771,0.312159673140037,3.97999999999979
"paper_f1_cusp__uniform__n1000",72,2001672017,1000,"ok",0.296703296703297,9.78355385562997,0.949999999999818,"ok",0.311553204349399,0.308963141539284,0.314122389408267,4.00999999999999
"paper_f1_cusp__uniform__n1000",76,826368775,1000,"ok",0.298701298701299,10.2347027050885,0.690000000000055,"ok",0.309377946599212,0.307431954840349,0.312021189637649,4.32999999999993
"paper_f1_cusp__uniform__n1000",80,721439196,1000,"ok",0.301698301698302,10.0279657084712,1.05000000000018,"ok",0.312576034200493,0.309919354780734,0.314842621431522,4.08999999999992
"paper_f1_cusp__uniform__n1000",84,499709232,1000,"ok",0.300699300699301,9.4077776887374,0.720000000000027,"ok",0.311501888697483,0.308821835897125,0.314163948292406,5.11999999999989
"paper_f1_cusp__uniform__n1000",88,1976589424,1000,"ok",0.300699300699301,10.3052947465364,0.860000000000127,"ok",0.310321844660989,0.307750978192697,0.312772063969231,5.3599999999999
"paper_f1_cusp__uniform__n1000",92,730871172,1000,"ok",0.293706293706294,9.04149813203156,1.63000000000011,"ok",0.311147797885707,0.308687677048736,0.313731918675194,5.08999999999992
"paper_f1_cusp__uniform__n1000",96,1461265492,1000,"ok",0.296703296703297,10.0576691047735,1.01999999999998,"ok",0.310234988263711,0.308104226318851,0.312872754295176,5.84000000000015
"paper_f1_cusp__uniform__n1000",100,1807988680,1000,"ok",0.2997002997003,9.92889589968069,1.13999999999987,"ok",0.31049987287131,0.308258153516701,0.313231064665104,5.03999999999996
"paper_f1_cusp__uniform__n1000",104,1265502703,1000,"ok",0.2997002997003,9.94738959305899,1.01999999999998,"ok",0.310983683982852,0.308677144696001,0.313822240444924,5.1400000000001
"paper_f1_cusp__uniform__n1000",108,187974528,1000,"ok",0.293706293706294,10.2323147167803,0.940000000000055,"ok",0.31083078349811,0.30827038289008,0.31351365100809,4.61999999999989
"paper_f1_cusp__uniform__n1000",112,685570613,1000,"ok",0.300699300699301,10.0703011768531,1.22000000000003,"ok",0.315256987623066,0.311915602952587,0.3175605156201,7.69000000000005
"paper_f1_cusp__uniform__n1000",116,943308678,1000,"ok",0.297702297702298,9.33423908913973,1.42000000000007,"ok",0.310962061888359,0.308733171722928,0.313387523037409,7.43999999999983
"paper_f1_cusp__uniform__n1000",120,882985739,1000,"ok",0.294705294705295,9.32581127383012,1.33000000000015,"ok",0.311197148045777,0.308581642357429,0.313799344298345,6.00999999999999
"paper_f1_cusp__uniform__n1000",124,1096551580,1000,"ok",0.298701298701299,9.43374810649467,1,"ok",0.309291963800943,0.307325632883223,0.311795693153213,4.02999999999997
"paper_f1_cusp__uniform__n1000",128,760441001,1000,"ok",0.300699300699301,9.36573465208488,0.690000000000055,"ok",0.31240166653338,0.3096141280532,0.31483513645445,3.97000000000003
"paper_f1_cusp__uniform__n1000",132,620494416,1000,"ok",0.2997002997003,9.30520544725275,0.569999999999936,"ok",0.310753733442389,0.308345404204501,0.313128086103626,2.8599999999999
"paper_f1_cusp__uniform__n1000",136,389678975,1000,"ok",0.302697302697303,9.07294455157198,0.519999999999982,"ok",0.311028563137486,0.30868956568414,0.313460261870109,3.08000000000015
"paper_f1_cusp__uniform__n1000",140,269099700,1000,"ok",0.300699300699301,9.4948510957359,0.509999999999991,"ok",0.311628767321711,0.308745942693515,0.314153609946521,3.40999999999985
"paper_f1_cusp__uniform__n1000",144,176087522,1000,"ok",0.298701298701299,10.0107061411409,0.509999999999991,"ok",0.311391215952189,0.309020739613027,0.314083068083325,2.90000000000009
"paper_f1_cusp__uniform__n1000",148,1431208409,1000,"ok",0.300699300699301,10.2310021486788,0.559999999999945,"ok",0.30972626299792,0.307581197785701,0.312181069277556,2.97000000000003
"paper_f1_cusp__uniform__n1000",152,847121604,1000,"ok",0.300699300699301,9.7129370370807,0.569999999999936,"ok",0.311060262324796,0.308581387138353,0.31337843685991,3.36000000000013
"paper_f1_cusp__uniform__n1000",156,673164891,1000,"ok",0.302697302697303,9.87748838613651,0.6099999999999,"ok",0.309893480126913,0.307592017641297,0.31232549641483,2.97000000000003
"paper_f1_cusp__uniform__n1000",160,158810439,1000,"ok",0.2997002997003,9.68517903881043,0.630000000000109,"ok",0.310882251021731,0.308468794691307,0.313689156953695,3.25
"paper_f1_cusp__uniform__n1000",164,2000272723,1000,"ok",0.2997002997003,10.1263001886696,0.579999999999927,"ok",0.309826116881379,0.307707581212605,0.312252918205586,3.50999999999999
"paper_f1_cusp__uniform__n1000",168,937380330,1000,"ok",0.300699300699301,9.5419628938248,0.470000000000027,"ok",0.310005992058971,0.307597729122374,0.31246837559963,3.61999999999989
"paper_f1_cusp__uniform__n1000",172,1992772945,1000,"ok",0.298701298701299,9.75228192900286,0.660000000000082,"ok",0.312242669884647,0.30960190663462,0.314848565705634,3.8599999999999
"paper_f1_cusp__uniform__n1000",176,1222909164,1000,"ok",0.296703296703297,9.81847273337538,0.730000000000018,"ok",0.31141392752684,0.308941846092929,0.314207534180306,4.05000000000018
"paper_f1_cusp__uniform__n1000",180,26253622,1000,"ok",0.300699300699301,10.1136014844559,0.799999999999955,"ok",0.310404407582343,0.308192436742368,0.312995197420757,4.07999999999993
"paper_f1_cusp__uniform__n1000",184,1583365967,1000,"ok",0.304695304695305,9.00681577387629,0.900000000000091,"ok",0.310392324522493,0.308038649165875,0.312699443146435,4.31999999999994
"paper_f1_cusp__uniform__n1000",188,966777010,1000,"ok",0.293706293706294,9.8639296118379,0.680000000000064,"ok",0.311106236222051,0.308587370455406,0.313602340921467,3.72000000000003
"paper_f1_cusp__uniform__n1000",192,858424494,1000,"ok",0.2997002997003,9.45979343715434,0.740000000000009,"ok",0.312472898779653,0.30961330690213,0.314792065970807,4.50999999999999
"paper_f1_cusp__uniform__n1000",196,1010755102,1000,"ok",0.297702297702298,8.94332957497353,0.769999999999982,"ok",0.311442971855809,0.309005479495416,0.3139589954079,3.14999999999986
"paper_f2_onset__uniform__n1000",0,301889072,1000,"ok",0.44955044955045,10.1614696729046,0.519999999999982,"ok",0.508416736265154,0.502832002946533,0.520504730617752,3.27999999999997
"paper_f2_onset__uniform__n1000",4,1369061213,1000,"ok",0.355644355644356,10.0667827966801,0.580000000000155,"ok",0.505433114781569,0.502229480690178,0.515257357791812,3.04999999999995
"paper_f2_onset__uniform__n1000",8,710467717,1000,"ok",0.511488511488511,10.1858508451844,0.529999999999973,"ok",0.506056422233871,0.503458975962112,0.514792796788584,3.3900000000001
"paper_f2_onset__uniform__n1000",12,1737154046,1000,"ok",0.443556443556444,9.90884776786541,0.480000000000018,"ok",0.504920248478408,0.501254011021333,0.515354550595462,3.19999999999982
"paper_f2_onset__uniform__n1000",16,860318899,1000,"ok",0.524475524475524,9.79693524613178,0.600000000000136,"ok",0.507066458102793,0.503004190928484,0.517790869064312,3.33999999999992
"paper_f2_onset__uniform__n1000",20,652729631,1000,"ok",0.368631368631369,9.46827677567483,0.720000000000027,"ok",0.503371729198671,0.50018167024471,0.511857828913098,3.94000000000005
"paper_f2_onset__uniform__n1000",24,373279827,1000,"ok",0.3996003996004,10.0477499020905,0.5,"ok",0.509465345690613,0.502199297466992,0.523545283964807,3.30999999999995
"paper_f2_onset__uniform__n1000",28,2017602137,1000,"ok",0.322677322677323,10.3034946820201,0.450000000000045,"ok",0.502295491004351,0.499526997850425,0.510360212483145,2.87999999999988
"paper_f2_onset__uniform__n1000",32,103587031,1000,"ok",0.373626373626374,10.5040404509315,0.410000000000082,"ok",0.505989021235429,0.501740639016327,0.516649122494944,3.25999999999999
"paper_f2_onset__uniform__n1000",36,426536209,1000,"ok",0.335664335664336,9.9447259573605,0.549999999999955,"ok",0.506700202279929,0.504038042092241,0.515444102343811,2.8900000000001
"paper_f2_onset__uniform__n1000",40,202968132,1000,"ok",0.325674325674326,10.6589207167966,0.399999999999864,"ok",0.511034353217118,0.504831871700495,0.521182565510822,3
"paper_f2_onset__uniform__n1000",44,1075836595,1000,"ok",0.453546453546454,9.85043639982945,0.5,"ok",0.506554480263659,0.501728574530637,0.516491011291709,3.25
"paper_f2_onset__uniform__n1000",48,113624120,1000,"ok",0.474525474525474,9.85966735221801,0.540000000000191,"ok",0.503248468831739,0.500184698394574,0.512032781921307,3.02999999999997
"paper_f2_onset__uniform__n1000",52,131449976,1000,"ok",0.416583416583417,9.01482028715511,0.5,"ok",0.507954393882216,0.505146613933107,0.516487925466901,2.61999999999989
"paper_f2_onset__uniform__n1000",56,579892867,1000,"ok",0.362637362637363,9.75079301463482,0.460000000000036,"ok",0.509352670045335,0.503876988921638,0.519404814116643,3.09999999999991
"paper_f2_onset__uniform__n1000",60,1610090299,1000,"ok",0.385614385614386,10.2393082881754,0.430000000000064,"ok",0.506751968095845,0.503178490456589,0.515720311009868,2.86000000000013
"paper_f2_onset__uniform__n1000",64,2069673434,1000,"ok",0.334665334665335,10.8779590011071,0.529999999999973,"ok",0.51255732669867,0.50463600777257,0.52547430384917,2.86999999999989
"paper_f2_onset__uniform__n1000",68,1526908574,1000,"ok",0.330669330669331,9.56458776012973,0.410000000000082,"ok",0.505917736851984,0.503205514440287,0.513170388460979,3.11999999999989
"paper_f2_onset__uniform__n1000",72,770358116,1000,"ok",0.363636363636364,9.40730399440755,0.430000000000064,"ok",0.514621433447231,0.505357975744307,0.526716770664031,3.06999999999994
"paper_f2_onset__uniform__n1000",76,603924637,1000,"ok",0.311688311688312,10.1958919973647,0.460000000000036,"ok",0.503446726814729,0.499150666306977,0.513987973618841,2.61000000000013
"paper_f2_onset__uniform__n1000",80,1355467491,1000,"ok",0.431568431568432,9.42958112164454,0.419999999999845,"ok",0.502921389134568,0.499433074355365,0.511567047467319,3.44000000000005
"paper_f2_onset__uniform__n1000",84,496710186,1000,"ok",0.46953046953047,9.86030637099376,0.509999999999991,"ok",0.507144624224011,0.503184215962838,0.518411455681879,3.04999999999995
"paper_f2_onset__uniform__n1000",88,1800736978,1000,"ok",0.322677322677323,9.66087029741425,0.580000000000155,"ok",0.502645829591702,0.499245867234338,0.512059663339109,2.93999999999983
"paper_f2_onset__uniform__n1000",92,2127078915,1000,"ok",0.466533466533467,9.03585712228377,0.560000000000173,"ok",0.504975667633104,0.50210026654929,0.514464712008538,3.04999999999995
"paper_f2_onset__uniform__n1000",96,849630105,1000,"ok",0.413586413586414,9.65542634923951,0.470000000000027,"ok",0.507222657257766,0.502007090818711,0.518150926952173,3.02999999999997
"paper_f2_onset__uniform__n1000",100,1000103612,1000,"ok",0.327672327672328,9.82462859037837,0.440000000000055,"ok",0.509590427701572,0.503313936924702,0.518211386072268,2.55999999999995
"paper_f2_onset__uniform__n1000",104,488796759,1000,"ok",0.528471528471528,9.1790777169892,0.389999999999873,"ok",0.50435251906473,0.500846102068027,0.514801464855913,3.18000000000006
"paper_f2_onset__uniform__n1000",108,989210496,1000,"ok",0.511488511488511,9.32102510901646,0.450000000000045,"ok",0.505697899719822,0.501694178750783,0.516199690507774,3.38999999999987
"paper_f2_onset__uniform__n1000",112,1686172118,1000,"ok",0.43956043956044,9.13741383325567,0.480000000000018,"ok",0.504584406459414,0.501012026825587,0.514420953335362,2.85000000000014
"paper_f2_onset__uniform__n1000",116,558291403,1000,"ok",0.466533466533467,9.31000893925813,0.539999999999964,"ok",0.511994673970655,0.506912125710279,0.523180327654092,3.08999999999992
"paper_f2_onset__uniform__n1000",120,190094124,1000,"ok",0.332667332667333,10.5232794703825,0.550000000000182,"ok",0.508029164243218,0.501416920602088,0.521106416170397,3.22999999999979
"paper_f2_onset__uniform__n1000",124,815853391,1000,"ok",0.380619380619381,9.87830672221061,0.479999999999791,"ok",0.502623267867121,0.499424369468004,0.510730483536919,2.81000000000017
"paper_f2_onset__uniform__n1000",128,401766824,1000,"ok",0.366633366633367,9.43161294536534,0.6099999999999,"ok",0.508065722383181,0.501352196270989,0.520448494995744,3.30999999999995
"paper_f2_onset__uniform__n1000",132,1717058772,1000,"ok",0.422577422577423,9.75155175193305,0.410000000000082,"ok",0.510343783337295,0.50414461524155,0.521101605401013,2.95000000000005
"paper_f2_onset__uniform__n1000",136,2047864704,1000,"ok",0.424575424575425,10.4898674586561,0.529999999999973,"ok",0.502090542009424,0.498766065956585,0.511494256717516,3.6099999999999
"paper_f2_onset__uniform__n1000",140,676604856,1000,"ok",0.320679320679321,9.97870120269758,0.5300000000002,"ok",0.502818702058946,0.499501478061722,0.512596796588995,2.79999999999995
"paper_f2_onset__uniform__n1000",144,1056618481,1000,"ok",0.333666333666334,10.771732871395,0.480000000000018,"ok",0.502861108630818,0.499522147628336,0.512227804636645,3.22000000000003
"paper_f2_onset__uniform__n1000",148,1153447875,1000,"ok",0.346653346653347,9.05382572328158,0.4699999999998,"ok",0.504389920709795,0.501699057384669,0.513778077081132,3.70000000000005
"paper_f2_onset__uniform__n1000",152,330555237,1000,"ok",0.323676323676324,9.68151682509297,0.519999999999982,"ok",0.51226981680618,0.505489659141465,0.523962965362444,3.45000000000005
"paper_f2_onset__uniform__n1000",156,1433512320,1000,"ok",0.44955044955045,10.0853977706353,0.549999999999955,"ok",0.506848956662687,0.503877756836881,0.515420496552224,3.27999999999997
"paper_f2_onset__uniform__n1000",160,1213533701,1000,"ok",0.320679320679321,9.77512826815299,0.520000000000209,"ok",0.511834796034349,0.504557164650717,0.521819362037665,3.44999999999982
"paper_f2_onset__uniform__n1000",164,119462255,1000,"ok",0.391608391608392,9.92183447151213,0.790000000000191,"ok",0.50571763233035,0.501837353316264,0.515388054991721,3.17999999999984
"paper_f2_onset__uniform__n1000",168,1776495004,1000,"ok",0.4995004995005,9.97426722619497,0.600000000000136,"ok",0.501041866857945,0.497572636966561,0.510565195674757,3.72000000000003
"paper_f2_onset__uniform__n1000",172,1024765457,1000,"ok",0.421578421578422,9.28201800033255,0.649999999999864,"ok",0.502729874369723,0.498999152429814,0.512093966947856,3.51999999999998
"paper_f2_onset__uniform__n1000",176,277652175,1000,"ok",0.330669330669331,10.6667758975202,0.539999999999964,"ok",0.506267001785679,0.501857782332382,0.516816012213785,3.5
"paper_f2_onset__uniform__n1000",180,1966317378,1000,"ok",0.421578421578422,10.5316290328882,0.460000000000036,"ok",0.507126394374982,0.504007135892971,0.515917809701716,4.25
"paper_f2_onset__uniform__n1000",184,1556598599,1000,"ok",0.366633366633367,10.0064508576882,0.75,"ok",0.513177848208173,0.504515992611235,0.524424374132719,4.08000000000015
"paper_f2_onset__uniform__n1000",188,1905780402,1000,"ok",0.362637362637363,10.5544297944097,0.669999999999845,"ok",0.506911428994101,0.502913310006875,0.517477100824218,4.16000000000008
"paper_f2_onset__uniform__n1000",192,1776897569,1000,"ok",0.318681318681319,9.5187269667144,0.700000000000045,"ok",0.504489798729609,0.501519461668077,0.51381360616829,3.66999999999985
"paper_f2_onset__uniform__n1000",196,1011019685,1000,"ok",0.410589410589411,9.6527859810268,0.680000000000064,"ok",0.503373800147011,0.50018737349865,0.512714647418594,3.40000000000009
"paper_f3_jump__uniform__n1000",0,262427642,1000,"ok",0.300699300699301,10.3370634274542,0.589999999999918,"ok",0.305198464739825,0.301888087557474,0.307354966313778,3.72000000000003
"paper_f3_jump__uniform__n1000",4,820678186,1000,"ok",0.300699300699301,10.0229536174742,0.420000000000073,"ok",0.305130551075325,0.301848033590246,0.307440293519287,3.62999999999988
"paper_f3_jump__uniform__n1000",8,1737723149,1000,"ok",0.300699300699301,10.072566518935,0.559999999999945,"ok",0.304973958573934,0.301886690529016,0.306957728968965,4.33000000000015
"paper_f3_jump__uniform__n1000",12,1548232060,1000,"ok",0.300699300699301,10.6738349005511,0.579999999999927,"ok",0.305004138837317,0.301667091765526,0.307295272875624,3.27999999999997
"paper_f3_jump__uniform__n1000",16,300133218,1000,"ok",0.300699300699301,9.42576869978047,0.410000000000082,"ok",0.305125550284159,0.301938618993231,0.307284896741998,3.51999999999998
"paper_f3_jump__uniform__n1000",20,1157115825,1000,"ok",0.300699300699301,9.76731021996156,0.5,"ok",0.305591761571024,0.302110321646838,0.307716147840227,3.15000000000009
"paper_f3_jump__uniform__n1000",24,577712486,1000,"ok",0.300699300699301,9.54497178475365,0.439999999999827,"ok",0.305247700949472,0.301738087313523,0.307415943992828,3.67000000000007
"paper_f3_jump__uniform__n1000",28,1034226270,1000,"ok",0.300699300699301,9.90426157549374,0.490000000000009,"ok",0.305495664835033,0.302368337923886,0.307714040081005,3.75
"paper_f3_jump__uniform__n1000",32,519929761,1000,"ok",0.300699300699301,9.98958972898252,0.650000000000091,"ok",0.305163516241935,0.301946943978271,0.307450841306809,3.52999999999997
"paper_f3_jump__uniform__n1000",36,1763167335,1000,"ok",0.300699300699301,10.0700335064614,0.419999999999845,"ok",0.305413185123916,0.302145731353366,0.307857904794523,3
"paper_f3_jump__uniform__n1000",40,1712830225,1000,"ok",0.300699300699301,9.22400596750705,0.580000000000155,"ok",0.304947133560458,0.301782936649793,0.307130803801636,3.21000000000004
"paper_f3_jump__uniform__n1000",44,248535884,1000,"ok",0.300699300699301,9.84210815690247,0.369999999999891,"ok",0.305140701230482,0.30216783221623,0.307398780371946,2.83999999999992
"paper_f3_jump__uniform__n1000",48,1162385574,1000,"ok",0.300699300699301,10.0152720444836,0.460000000000036,"ok",0.305103992817745,0.301993807785431,0.307384179658244,3.02999999999997
"paper_f3_jump__uniform__n1000",52,1875803309,1000,"ok",0.300699300699301,9.81458575625374,0.3900000000001,"ok",0.305320933337323,0.302262212994089,0.307611584900708,2.91000000000008
"paper_f3_jump__uniform__n1000",56,1968632594,1000,"ok",0.300699300699301,9.31685913695499,0.389999999999873,"ok",0.305427110981486,0.302145954272494,0.307562511752185,3.1400000000001
"paper_f3_jump__uniform__n1000",60,953192883,1000,"ok",0.300699300699301,9.83248382046467,0.429999999999836,"ok",0.305207937279142,0.301969388868215,0.307243142264376,2.96000000000004
"paper_f3_jump__uniform__n1000",64,400308685,1000,"ok",0.300699300699301,9.82739765138027,0.610000000000127,"ok",0.304888262342377,0.30194180801243,0.306817091027844,3.8599999999999
"paper_f3_jump__uniform__n1000",68,1180889279,1000,"ok",0.300699300699301,10.0487401067701,0.470000000000027,"ok",0.305162154821502,0.301762220720836,0.307469840141522,2.86999999999989
"paper_f3_jump__uniform__n1000",72,1250297684,1000,"ok",0.300699300699301,9.69779906122279,0.340000000000146,"ok",0.305043511028172,0.301765391768652,0.30717024847308,3.54999999999995
"paper_f3_jump__uniform__n1000",76,733713970,1000,"ok",0.300699300699301,9.61362012003682,0.420000000000073,"ok",0.304943385480147,0.301789152740711,0.306930604154172,2.93999999999983
"paper_f3_jump__uniform__n1000",80,562016907,1000,"ok",0.300699300699301,10.1685186406551,0.410000000000082,"ok",0.305074174196516,0.302113007154483,0.307458915240431,2.86000000000013
"paper_f3_jump__uniform__n1000",84,1358449697,1000,"ok",0.300699300699301,10.4324936272453,0.309999999999945,"ok",0.305375106056982,0.301937941629271,0.30772859354246,2.92999999999984
"paper_f3_jump__uniform__n1000",88,909376732,1000,"ok",0.300699300699301,9.96533252112915,0.370000000000346,"ok",0.305136875519089,0.302147621892694,0.307475093088925,3.13999999999987
"paper_f3_jump__uniform__n1000",92,729550555,1000,"ok",0.300699300699301,9.2711912833455,0.420000000000073,"ok",0.305134343298647,0.302079983543482,0.307134784760351,2.57999999999993
"paper_f3_jump__uniform__n1000",96,968543737,1000,"ok",0.300699300699301,9.49935557674574,0.389999999999873,"ok",0.304912845987234,0.301550322566643,0.307096743868506,3
"paper_f3_jump__uniform__n1000",100,764529366,1000,"ok",0.300699300699301,9.83432588575982,0.429999999999836,"ok",0.305155494769373,0.301853906132321,0.307380543658883,3.44999999999982
"paper_f3_jump__uniform__n1000",104,962059176,1000,"ok",0.300699300699301,9.71674806949671,0.4699999999998,"ok",0.305033021798096,0.301543309334276,0.307245180570516,3.10000000000036
"paper_f3_jump__uniform__n1000",108,1761317421,1000,"ok",0.300699300699301,9.42088606597361,0.399999999999636,"ok",0.305086376208141,0.301768750756637,0.307295078575045,3.01999999999998
"paper_f3_jump__uniform__n1000",112,1926444992,1000,"ok",0.300699300699301,9.79590036891643,0.409999999999854,"ok",0.304950298973605,0.301706943262493,0.306902960019095,3.42000000000007
"paper_f3_jump__uniform__n1000",116,1375817758,1000,"ok",0.300699300699301,9.64296539202124,0.369999999999891,"ok",0.305308448592311,0.302050637742356,0.307197705155021,3.14000000000033
"paper_f3_jump__uniform__n1000",120,1027918627,1000,"ok",0.300699300699301,9.89771033096842,0.409999999999854,"ok",0.304986713945245,0.301613670792617,0.307307385541494,2.94000000000005
"paper_f3_jump__uniform__n1000",124,1664224769,1000,"ok",0.300699300699301,9.98762516770862,0.389999999999873,"ok",0.305095649085497,0.301859975451804,0.307287956917747,2.80999999999995
"paper_f3_jump__uniform__n1000",128,1785655826,1000,"ok",0.300699300699301,9.08452397632531,0.410000000000309,"ok",0.305017734512581,0.301742030291185,0.306984646919731,2.9699999999998
"paper_f3_jump__uniform__n1000",132,519899673,1000,"ok",0.300699300699301,9.558747927855,0.320000000000164,"ok",0.305442106505793,0.301875535467009,0.307734489735048,3.12999999999965
"paper_f3_jump__uniform__n1000",136,551814000,1000,"ok",0.300699300699301,9.46664163118907,0.450000000000273,"ok",0.305207285859446,0.301687903853514,0.307197056474296,3.30999999999995
"paper_f3_jump__uniform__n1000",140,1943999630,1000,"ok",0.300699300699301,10.4708282893361,0.440000000000055,"ok",0.305284583694527,0.302175767775614,0.30739346422923,2.90000000000009
"paper_f3_jump__uniform__n1000",144,549439518,1000,"ok",0.300699300699301,10.5233315471933,0.460000000000036,"ok",0.305382639169949,0.302176446015872,0.307408934269606,3.5
"paper_f3_jump__uniform__n1000",148,1249782345,1000,"ok",0.300699300699301,9.5766421433724,0.429999999999836,"ok",0.305273087736201,0.301893564110757,0.307712930486733,3.88999999999987
"paper_f3_jump__uniform__n1000",152,1345150471,1000,"ok",0.300699300699301,9.45062276842985,0.610000000000127,"ok",0.304959497925554,0.301989032268908,0.306948959422604,4.07999999999993
"paper_f3_jump__uniform__n1000",156,937110834,1000,"ok",0.300699300699301,9.89650908414622,0.25,"ok",0.305407205964655,0.302125613704313,0.30767601816106,2.59999999999991
"paper_f3_jump__uniform__n1000",160,1801170439,1000,"ok",0.300699300699301,10.5345698202692,0.460000000000036,"ok",0.305367733233016,0.302133371083488,0.307403674964178,3.38000000000011
"paper_f3_jump__uniform__n1000",164,1040968264,1000,"ok",0.300699300699301,9.51501930425806,0.4699999999998,"ok",0.305038557868386,0.302033437689234,0.30721580250505,3.44000000000005
"paper_f3_jump__uniform__n1000",168,679109622,1000,"ok",0.300699300699301,9.70382426193408,0.620000000000346,"ok",0.305023255195674,0.301853717806676,0.307142836446553,3.88999999999987
"paper_f3_jump__uniform__n1000",172,1367220336,1000,"ok",0.300699300699301,10.41097873672,0.5,"ok",0.305223754360195,0.301677641355949,0.307383314328114,3.42000000000007
"paper_f3_jump__uniform__n1000",176,646398243,1000,"ok",0.300699300699301,9.91757559806729,0.559999999999945,"ok",0.305052816223683,0.30191555769361,0.307154255143352,4.04999999999973
"paper_f3_jump__uniform__n1000",180,623872635,1000,"ok",0.300699300699301,9.82051993515619,0.510000000000218,"ok",0.3048714094561,0.301566631354599,0.306827176700037,3.65999999999985
"paper_f3_jump__uniform__n1000",184,337231683,1000,"ok",0.300699300699301,9.95272263658473,0.5300000000002,"ok",0.305101101416827,0.301694003771275,0.307128479510618,3.69999999999982
"paper_f3_jump__uniform__n1000",188,1918779250,1000,"ok",0.300699300699301,8.9969085048017,0.660000000000309,"ok",0.305334242951261,0.301919960469132,0.307770294528492,3.51999999999998
"paper_f3_jump__uniform__n1000",192,1474962803,1000,"ok",0.300699300699301,9.37461608415771,0.529999999999745,"ok",0.304919220467875,0.301570423540342,0.306927305629128,3.5
"paper_f3_jump__uniform__n1000",196,1404302743,1000,"ok",0.300699300699301,10.2486067783641,0.480000000000018,"ok",0.305270518464481,0.301990353433247,0.3077359598897,4.07999999999993
"paper_f4_logistic__uniform__n1000",0,1672911697,1000,"ok",0.143856143856144,10.6860132466802,0.610000000000127,"ok",0.294934305925626,0.160821651521726,0.460144314977995,3.69000000000005
"paper_f4_logistic__uniform__n1000",4,527369940,1000,"ok",0.519480519480519,10.2227044529286,0.619999999999891,"ok",0.195604362010168,0.179447412708006,0.456322753230693,4.22000000000025
"paper_f4_logistic__uniform__n1000",8,1741950075,1000,"ok",0.338661338661339,9.54026435084135,0.799999999999727,"ok",0.412761817485766,0.174669653623974,0.488005306043777,3.76000000000022
"paper_f4_logistic__uniform__n1000",12,782119293,1000,"ok",0.0879120879120879,9.55735140765196,0.730000000000018,"ok",0.181801075749914,0.173674491767725,0.439555864848818,3.79999999999973
"paper_f4_logistic__uniform__n1000",16,492382185,1000,"ok",0.472527472527473,8.65522552553203,0.730000000000018,"ok",0.181692177263977,0.152277846941843,0.443392657273744,3.59000000000015
"paper_f4_logistic__uniform__n1000",20,882735632,1000,"ok",0.220779220779221,9.89171222135679,0.610000000000127,"ok",0.347998849483858,0.175868133316826,0.481198507549937,3.73000000000002
"paper_f4_logistic__uniform__n1000",24,1743021359,1000,"ok",0.533466533466533,9.25950254757887,0.629999999999654,"ok",0.450026014424874,0.000999000999000999,0.482241879580138,3.67000000000007
"paper_f4_logistic__uniform__n1000",28,1426229887,1000,"ok",0.188811188811189,10.4560761812556,0.720000000000255,"ok",0.285175966688519,0.000999000999000999,0.47265535050758,3.30999999999995
"paper_f4_logistic__uniform__n1000",32,221035133,1000,"ok",0.147852147852148,9.94649197305951,0.610000000000127,"ok",0.158805435505423,0.000999000999000999,0.434306024246548,3.40999999999985
"paper_f4_logistic__uniform__n1000",36,1687003400,1000,"ok",0.035964035964036,10.491265385706,0.539999999999964,"ok",0.000999000999000999,0.000999000999000999,0.443641700152666,3.36000000000013
"paper_f4_logistic__uniform__n1000",40,268960273,1000,"ok",0.154845154845155,10.1715692512983,0.549999999999727,"ok",0.186437158132149,0.000999000999000999,0.46064617180843,3.0300000000002
"paper_f4_logistic__uniform__n1000",44,727100340,1000,"ok",0.47952047952048,10.4328716927265,0.670000000000073,"ok",0.280923147798713,0.000999000999000999,0.42954096000454,3.23999999999978
"paper_f4_logistic__uniform__n1000",48,800226219,1000,"ok",0.42957042957043,10.0138932414549,0.579999999999927,"ok",0.428297992624067,0.119106006029204,0.478264946899323,3.45000000000027
"paper_f4_logistic__uniform__n1000",52,1379221099,1000,"ok",0.00899100899100899,9.67572678383048,0.480000000000018,"ok",0.432480848090112,0.000999000999000999,0.463847039004309,3.23999999999978
"paper_f4_logistic__uniform__n1000",56,1906642244,1000,"ok",0.327672327672328,10.4773355169514,0.619999999999891,"ok",0.298057870544351,0.164233744143166,0.339367382375745,3.30000000000018
"paper_f4_logistic__uniform__n1000",60,133669478,1000,"ok",0.356643356643357,10.4677469496147,0.579999999999927,"ok",0.368527061179345,0.000999000999000999,0.467060320194592,3.05999999999995
"paper_f4_logistic__uniform__n1000",64,1589023701,1000,"ok",0.003996003996004,9.90419979046708,0.579999999999927,"ok",0.427888815882228,0.000999000999000999,0.46659202359259,3.67000000000007
"paper_f4_logistic__uniform__n1000",68,1633123418,1000,"ok",0.262737262737263,10.0090685064337,0.75,"ok",0.29616028285726,0.000999000999000999,0.41004330191313,3.2800000000002
"paper_f4_logistic__uniform__n1000",72,1254046543,1000,"ok",0.187812187812188,9.63660064077214,0.549999999999727,"ok",0.416945445735747,0.000999000999000999,0.456418055658008,2.87000000000035
"paper_f4_logistic__uniform__n1000",76,741235289,1000,"ok",0.000999000999000999,9.94119944230639,0.4699999999998,"ok",0.000999000999000999,0.000999000999000999,0.458518986493056,2.86000000000013
"paper_f4_logistic__uniform__n1000",80,2117793346,1000,"ok",0.0689310689310689,9.23280385231847,0.599999999999909,"ok",0.000999000999000999,0.000999000999000999,0.43214611318168,2.86999999999989
"paper_f4_logistic__uniform__n1000",84,1046794529,1000,"ok",0.25974025974026,10.2767928336074,0.440000000000055,"ok",0.452335307587222,0.181666050938883,0.477367149674828,3.11000000000013
"paper_f4_logistic__uniform__n1000",88,2103684520,1000,"ok",0.301698301698302,9.87437905898058,0.579999999999927,"ok",0.172542048770947,0.000999000999000999,0.463667640264172,2.67999999999984
"paper_f4_logistic__uniform__n1000",92,1644372636,1000,"ok",0.0809190809190809,9.13375496640649,0.5,"ok",0.443039997875182,0.000999000999000999,0.470040882850343,2.74000000000024
"paper_f4_logistic__uniform__n1000",96,1537811987,1000,"ok",0.422577422577423,9.22581295480867,0.480000000000018,"ok",0.42436384205732,0.000999000999000999,0.463256863625541,2.92000000000007
"paper_f4_logistic__uniform__n1000",100,1397635123,1000,"ok",0.0619380619380619,10.2367334309562,0.539999999999964,"ok",0.000999000999000999,0.000999000999000999,0.442633129605136,2.96000000000004
"paper_f4_logistic__uniform__n1000",104,1818742469,1000,"ok",0.394605394605395,9.31982094262189,0.579999999999927,"ok",0.313294894036216,0.000999000999000999,0.454989297608247,2.88000000000011
"paper_f4_logistic__uniform__n1000",108,1384862058,1000,"ok",0.183816183816184,9.99920712790942,0.5300000000002,"ok",0.198191469758157,0.168525865928281,0.61354385501563,2.7199999999998
"paper_f4_logistic__uniform__n1000",112,1305701604,1000,"ok",0.00599400599400599,9.86878014276353,0.480000000000018,"ok",0.159722488068751,0.000999000999000999,0.465013024530625,2.90999999999985
"paper_f4_logistic__uniform__n1000",116,1020993628,1000,"ok",0.011988011988012,9.71006562575939,0.650000000000091,"ok",0.299350685063211,0.000999000999000999,0.614903547301394,3.55000000000018
"paper_f4_logistic__uniform__n1000",120,8491386,1000,"ok",0.27972027972028,9.87105475212168,0.759999999999764,"ok",0.31749353849323,0.191829652320338,0.358249569748269,3.5300000000002
"paper_f4_logistic__uniform__n1000",124,1990535709,1000,"ok",0.295704295704296,9.45958871305747,0.710000000000036,"ok",0.312210803243269,0.000999000999000999,0.450154168688595,3.69999999999982
"paper_f4_logistic__uniform__n1000",128,769010715,1000,"ok",0.0669330669330669,9.41609197735185,0.559999999999945,"ok",0.165158637848969,0.000999000999000999,0.326454008560314,3.92000000000007
"paper_f4_logistic__uniform__n1000",132,657213021,1000,"ok",0.120879120879121,9.4903728265905,0.660000000000309,"ok",0.181999623875819,0.154792635200044,0.488418633422537,3.83999999999969
"paper_f4_logistic__uniform__n1000",136,1623014401,1000,"ok",0.344655344655345,10.3917193793952,0.910000000000309,"ok",0.309653055964163,0.000999000999000999,0.457398274877077,3.7199999999998
"paper_f4_logistic__uniform__n1000",140,449418910,1000,"ok",0.230769230769231,10.4104108552698,0.670000000000073,"ok",0.319974362378451,0.000999000999000999,0.451622910483549,3.77999999999975
"paper_f4_logistic__uniform__n1000",144,1073515762,1000,"ok",0.0989010989010989,9.7588690231041,0.8100000000004,"ok",0.185719676489909,0.171350741326964,0.458984633495177,4.13999999999987
"paper_f4_logistic__uniform__n1000",148,502721918,1000,"ok",0.042957042957043,10.1078583162504,0.529999999999745,"ok",0.120072389615321,0.000999000999000999,0.269264915877086,3.66000000000031
"paper_f4_logistic__uniform__n1000",152,794895400,1000,"ok",0.370629370629371,9.89128636428998,0.549999999999727,"ok",0.434540339232504,0.000999000999000999,0.468194917004601,3.7800000000002
"paper_f4_logistic__uniform__n1000",156,1504323103,1000,"ok",0.232767232767233,9.10842749738945,0.639999999999873,"ok",0.190658752844504,0.162165641005079,0.449986352251746,3.19000000000005
"paper_f4_logistic__uniform__n1000",160,220786375,1000,"ok",0.000999000999000999,9.78919325972788,0.599999999999909,"ok",0.293949472967854,0.000999000999000999,0.451627838997951,3.40000000000009
"paper_f4_logistic__uniform__n1000",164,2066798517,1000,"ok",0.143856143856144,9.09647019599911,0.599999999999909,"ok",0.168429422388967,0.126032036966202,0.274806300966644,3.18000000000029
"paper_f4_logistic__uniform__n1000",168,534984899,1000,"ok",0.112887112887113,9.9186558905494,0.589999999999691,"ok",0.329664485175388,0.167688872026735,0.461060650387885,3.42000000000007
"paper_f4_logistic__uniform__n1000",172,1862458631,1000,"ok",0.0739260739260739,10.1842819342918,0.720000000000255,"ok",0.173257198494533,0.000999000999000999,0.459788563915977,3.5
"paper_f4_logistic__uniform__n1000",176,172221749,1000,"ok",0.218781218781219,10.0400350020628,0.789999999999964,"ok",0.18020165494293,0.170767105364525,0.293446747112717,3.4699999999998
"paper_f4_logistic__uniform__n1000",180,1217425675,1000,"ok",0.17982017982018,10.3829050165158,0.5,"ok",0.169057159284048,0.000999000999000999,0.285298622985112,3.5
"paper_f4_logistic__uniform__n1000",184,793294974,1000,"ok",0.337662337662338,9.91279858117018,0.720000000000255,"ok",0.33758365451238,0.187322791196268,0.467228226703808,3.42999999999984
"paper_f4_logistic__uniform__n1000",188,1444035122,1000,"ok",0.035964035964036,10.5410661391539,0.630000000000109,"ok",0.000999000999000999,0.000999000999000999,0.424413542709623,3.25999999999976
"paper_f4_logistic__uniform__n1000",192,1741515176,1000,"ok",0.034965034965035,9.87127268566809,0.680000000000291,"ok",0.16988717137034,0.000999000999000999,0.440978164865051,3.69999999999982
"paper_f4_logistic__uniform__n1000",196,857897267,1000,"ok",0.046953046953047,9.61686739973469,0.670000000000073,"ok",0.000999000999000999,0.000999000999000999,0.167891950906836,3.15999999999985
"paper_f1_cusp__beta_4_8__n1000",0,1609438946,1000,"ok",0.296640965585882,9.93707899427971,0.579999999999927,"ok",0.299529308527216,0.292525060148143,0.308715267814305,3.73999999999978
"paper_f1_cusp__beta_4_8__n1000",4,810341078,1000,"ok",0.300044894227101,9.95545330776033,0.840000000000146,"ok",0.301154556302868,0.294172129392863,0.311407755719584,4.07999999999993
"paper_f1_cusp__beta_4_8__n1000",8,1288038656,1000,"ok",0.299023798767047,10.239340561332,0.789999999999964,"ok",0.307896562120099,0.300552705809002,0.321706290680519,4.43000000000029
"paper_f1_cusp__beta_4_8__n1000",12,1669222952,1000,"ok",0.297662253778777,9.60462039426039,0.789999999999964,"ok",0.302088681615302,0.295473375865569,0.312079693178406,4.09999999999991
"paper_f1_cusp__beta_4_8__n1000",16,445899223,1000,"ok",0.299704531331852,9.94121617593148,0.809999999999945,"ok",0.303201044850114,0.296212001325609,0.313515837200471,4.2199999999998
"paper_f1_cusp__beta_4_8__n1000",20,1543471463,1000,"ok",0.301746749902358,10.0269787628757,0.700000000000273,"ok",0.304494264071785,0.296949007174958,0.315344226330193,4.07999999999993
"paper_f1_cusp__beta_4_8__n1000",24,2122489247,1000,"ok",0.300044894227101,9.81602951720351,0.800000000000182,"ok",0.30482747638807,0.297251860990277,0.316012293808894,3.77999999999975
"paper_f1_cusp__beta_4_8__n1000",28,618760390,1000,"ok",0.29800265472918,10.6838153192731,0.720000000000255,"ok",0.303795002351444,0.296660513438027,0.315290186645455,3.81999999999971
"paper_f1_cusp__beta_4_8__n1000",32,1977397712,1000,"ok",0.300385257369787,9.14707775348668,0.690000000000055,"ok",0.303820167374106,0.296995846242514,0.315052589684522,3.5
"paper_f1_cusp__beta_4_8__n1000",36,576956323,1000,"ok",0.299704531331852,9.10314598474609,0.730000000000018,"ok",0.306005902265143,0.297926015776616,0.317242557679912,3.40999999999985
"paper_f1_cusp__beta_4_8__n1000",40,1849100565,1000,"ok",0.302427546324673,9.52564646528424,0.900000000000091,"ok",0.303449293871302,0.295935249874864,0.313876535286576,3.69000000000005
"paper_f1_cusp__beta_4_8__n1000",44,361832044,1000,"ok",0.304810851421014,9.45218629405487,0.860000000000127,"ok",0.3038111287714,0.296651501636122,0.315445394869367,3.63999999999987
"paper_f1_cusp__beta_4_8__n1000",48,2022432024,1000,"ok",0.302087142378213,10.0538444543804,0.659999999999854,"ok",0.305042432503894,0.297444292939718,0.316151164413951,4.11000000000013
"paper_f1_cusp__beta_4_8__n1000",52,1375853584,1000,"ok",0.297662253778777,10.0859145772157,0.720000000000255,"ok",0.309376258766614,0.301176085350172,0.323613486422101,3.00999999999976
"paper_f1_cusp__beta_4_8__n1000",56,1498356915,1000,"ok",0.300044894227101,9.56102214248165,0.809999999999945,"ok",0.303665235208066,0.29589721857162,0.312918084743172,3.66000000000031
"paper_f1_cusp__beta_4_8__n1000",60,2133320853,1000,"ok",0.300385257369787,9.3261452720492,0.829999999999927,"ok",0.30437794575928,0.297599017536262,0.314989327400272,3.05999999999995
"paper_f1_cusp__beta_4_8__n1000",64,736963168,1000,"ok",0.302767963605034,9.1989802734762,0.769999999999982,"ok",0.307778698628182,0.299666585897052,0.321122205987247,3.40000000000009
"paper_f1_cusp__beta_4_8__n1000",68,1807341727,1000,"ok",0.300044894227101,10.1659013569427,0.599999999999909,"ok",0.308985392286315,0.300830053189467,0.321656133402858,2.92999999999984
"paper_f1_cusp__beta_4_8__n1000",72,519406654,1000,"ok",0.300385257369787,9.53204614811671,0.570000000000164,"ok",0.301736749776998,0.29485902402176,0.312150694797858,2.92999999999984
"paper_f1_cusp__beta_4_8__n1000",76,2010826676,1000,"ok",0.301746749902358,9.03213598592444,0.730000000000018,"ok",0.300322506852769,0.293409660562902,0.310294936861016,3.01999999999998
"paper_f1_cusp__beta_4_8__n1000",80,1986291318,1000,"ok",0.300385257369787,10.0298843293115,0.5,"ok",0.304372069985518,0.296839558471331,0.316311572355524,3.21000000000004
"paper_f1_cusp__beta_4_8__n1000",84,2103916357,1000,"ok",0.30140636703188,10.1633129057171,0.75,"ok",0.301738855021617,0.294304797241831,0.311585447067227,3.05000000000018
"paper_f1_cusp__beta_4_8__n1000",88,1031160829,1000,"ok",0.300725622636013,10.0839072796991,0.659999999999854,"ok",0.310831226029008,0.302242488451327,0.32502816999127,3.23000000000002
"paper_f1_cusp__beta_4_8__n1000",92,1497402517,1000,"ok",0.299023798767047,9.2820211428686,0.559999999999945,"ok",0.303627813735851,0.296475464153456,0.313130234412569,2.93000000000029
"paper_f1_cusp__beta_4_8__n1000",96,1821538811,1000,"ok",0.300044894227101,10.2918826787097,0.550000000000182,"ok",0.305169672440645,0.296761070621139,0.318913674163413,2.92000000000007
"paper_f1_cusp__beta_4_8__n1000",100,1267074497,1000,"ok",0.300044894227101,10.0857690051084,0.799999999999727,"ok",0.302483411709756,0.29540491155798,0.313159768424931,2.78999999999996
"paper_f1_cusp__beta_4_8__n1000",104,416477499,1000,"ok",0.302767963605034,8.97839860496391,0.480000000000018,"ok",0.302113364508439,0.295175163822483,0.312117549061988,2.96000000000004
"paper_f1_cusp__beta_4_8__n1000",108,1604800030,1000,"ok",0.300385257369787,9.82830971986793,0.5,"ok",0.3024980262163,0.295468848326814,0.31288254843345,2.80999999999995
"paper_f1_cusp__beta_4_8__n1000",112,1802726756,1000,"ok",0.299704531331852,9.82175504670545,0.860000000000127,"ok",0.303484408880462,0.296326120264815,0.313630773990693,3.07999999999993
"paper_f1_cusp__beta_4_8__n1000",116,1121262717,1000,"ok",0.299364166805512,9.85319064866601,0.610000000000127,"ok",0.303439447288596,0.296047711352432,0.316294532110889,2.63999999999987
"paper_f1_cusp__beta_4_8__n1000",120,2128354588,1000,"ok",0.29800265472918,9.67453286199121,0.579999999999927,"ok",0.298100078597031,0.291258751785594,0.306674839374085,2.90000000000009
"paper_f1_cusp__beta_4_8__n1000",124,777569110,1000,"ok",0.300385257369787,9.87512300574627,0.5,"ok",0.301234822062287,0.293871805756243,0.311480145582379,2.88999999999987
"paper_f1_cusp__beta_4_8__n1000",128,447132120,1000,"ok",0.302087142378213,10.0819114096208,0.550000000000182,"ok",0.30201859436275,0.295133321548938,0.311946087036036,2.7199999999998
"paper_f1_cusp__beta_4_8__n1000",132,291962511,1000,"ok",0.300044894227101,9.57490889161881,0.420000000000073,"ok",0.307515969054887,0.298966748769606,0.32126481302537,2.72000000000025
"paper_f1_cusp__beta_4_8__n1000",136,2103356706,1000,"ok",0.300385257369787,10.1744527097776,0.579999999999927,"ok",0.312470935553095,0.303649415027178,0.325433884980269,2.63999999999987
"paper_f1_cusp__beta_4_8__n1000",140,1923416390,1000,"ok",0.301065991899542,10.0204571757504,0.549999999999727,"ok",0.308580700433633,0.300566498963724,0.321886031127967,2.80000000000018
"paper_f1_cusp__beta_4_8__n1000",144,1002871635,1000,"ok",0.302427546324673,10.1081772197312,0.5,"ok",0.303767939036685,0.296656057406748,0.315277760595924,2.7199999999998
"paper_f1_cusp__beta_4_8__n1000",148,969964023,1000,"ok",0.298683425332831,9.94866037240185,0.620000000000346,"ok",0.308704932213636,0.300168348932329,0.322002808013812,2.60999999999967
"paper_f1_cusp__beta_4_8__n1000",152,1444938695,1000,"ok",0.300385257369787,9.70542193132855,0.519999999999982,"ok",0.304932752694102,0.297076943030691,0.316837141137329,2.67000000000007
"paper_f1_cusp__beta_4_8__n1000",156,467394048,1000,"ok",0.300385257369787,9.34321750643671,0.679999999999836,"ok",0.298518683157709,0.291580465167073,0.307189339009385,2.86999999999989
"paper_f1_cusp__beta_4_8__n1000",160,1283557333,1000,"ok",0.30140636703188,10.0823059923751,0.700000000000273,"ok",0.304724500400236,0.297034211198987,0.31709110683212,2.87999999999965
"paper_f1_cusp__beta_4_8__n1000",164,328903376,1000,"ok",0.300044894227101,10.1412012017108,0.5300000000002,"ok",0.310506857802944,0.301526533950013,0.324452390760959,2.67000000000007
"paper_f1_cusp__beta_4_8__n1000",168,1146729807,1000,"ok",0.300044894227101,9.68710964036254,0.449999999999818,"ok",0.301775081666314,0.294986084293432,0.31355844624254,2.94000000000005
"paper_f1_cusp__beta_4_8__n1000",172,262143128,1000,"ok",0.301746749902358,9.76571304251727,0.559999999999945,"ok",0.308806646626466,0.300513153828599,0.321810525019217,2.74000000000024
"paper_f1_cusp__beta_4_8__n1000",176,730532126,1000,"ok",0.300385257369787,10.588947865213,0.559999999999945,"ok",0.302647097099124,0.295406072086931,0.312709425739657,2.86000000000013
"paper_f1_cusp__beta_4_8__n1000",180,570966455,1000,"ok",0.301746749902358,9.73788238485235,0.519999999999982,"ok",0.306992977992728,0.29938966366855,0.319546627808583,2.69999999999982
"paper_f1_cusp__beta_4_8__n1000",184,826383980,1000,"ok",0.305832625746625,9.43233309473814,0.570000000000164,"ok",0.304259242619654,0.296684704559507,0.315133199813421,2.82999999999993
"paper_f1_cusp__beta_4_8__n1000",188,336576509,1000,"ok",0.299364166805512,9.36645107225246,0.630000000000109,"ok",0.306117543311878,0.298241019958415,0.3178906251888,2.88999999999987
"paper_f1_cusp__beta_4_8__n1000",192,1478662319,1000,"ok",0.305492004891235,9.27319968161566,0.610000000000127,"ok",0.305644624330272,0.298086571229456,0.31734042241141,2.94999999999982
"paper_f1_cusp__beta_4_8__n1000",196,685812291,1000,"ok",0.300725622636013,9.49032428154135,0.5300000000002,"ok",0.304193052617999,0.296253462541717,0.315546106218058,2.83999999999969
"paper_f2_onset__beta_4_8__n1000",0,599063643,1000,"ok",0.401942842729508,9.44698610834086,0.400000000000091,"ok",0.425517788517642,0.420467162074044,0.443655120149962,2.92999999999984
"paper_f2_onset__beta_4_8__n1000",4,227148748,1000,"ok",0.371056263492038,9.7080850308804,0.380000000000109,"ok",0.421254698619123,0.416835502604545,0.435361560883269,2.80999999999995
"paper_f2_onset__beta_4_8__n1000",8,991670340,1000,"ok",0.366896398242585,9.76061469832145,0.5300000000002,"ok",0.426718943197115,0.421510964435914,0.445159870597204,3.13000000000011
"paper_f2_onset__beta_4_8__n1000",12,1867159065,1000,"ok",0.318473559194385,10.3227503989221,0.4699999999998,"ok",0.423283474267415,0.418353792423699,0.442954381087231,2.7800000000002
"paper_f2_onset__beta_4_8__n1000",16,286118674,1000,"ok",0.515159997773828,9.55116272973985,0.470000000000255,"ok",0.42407628652139,0.418751766111622,0.442485233254487,3.30999999999995
"paper_f2_onset__beta_4_8__n1000",20,209153432,1000,"ok",0.362414401238832,10.0327564289478,0.519999999999982,"ok",0.423197027134468,0.417968726559732,0.44014629954625,3.35999999999967
"paper_f2_onset__beta_4_8__n1000",24,1815614003,1000,"ok",0.457430378381794,9.87907442364737,0.440000000000055,"ok",0.429083912093052,0.423054643491533,0.449214994383598,3.45000000000027
"paper_f2_onset__beta_4_8__n1000",28,122975965,1000,"ok",0.345333568148228,10.3387415924188,0.529999999999745,"ok",0.426952442550317,0.421105686022968,0.449049009651802,3.91000000000031
"paper_f2_onset__beta_4_8__n1000",32,1640487808,1000,"ok",0.35761926465461,9.90729365336582,0.509999999999764,"ok",0.425790777532707,0.42052879623463,0.44405790988276,3.82999999999993
"paper_f2_onset__beta_4_8__n1000",36,1220429517,1000,"ok",0.445858940769612,9.96040572976686,0.559999999999945,"ok",0.430317856403503,0.423795423633601,0.455911307474219,3.22000000000025
"paper_f2_onset__beta_4_8__n1000",40,553813013,1000,"ok",0.362785786248324,10.5359280383614,0.4699999999998,"ok",0.430031948674906,0.423820982080819,0.451740159967424,3.37000000000035
"paper_f2_onset__beta_4_8__n1000",44,47545791,1000,"ok",0.312654190075095,9.43398783688303,0.419999999999618,"ok",0.425732491989916,0.420589872202449,0.44375388838218,3.07000000000016
"paper_f2_onset__beta_4_8__n1000",48,1186117366,1000,"ok",0.308899869474389,9.32218883035432,0.480000000000018,"ok",0.430607754345833,0.420531418937644,0.454008490386039,3.19999999999982
"paper_f2_onset__beta_4_8__n1000",52,1168246860,1000,"ok",0.516042321995831,10.037538192991,0.440000000000055,"ok",0.427372415130567,0.421885884957482,0.450845526674323,3.16000000000031
"paper_f2_onset__beta_4_8__n1000",56,1682304244,1000,"ok",0.376041617801925,9.86526574017176,0.539999999999964,"ok",0.420343076386714,0.415827355619742,0.435645469783958,3.31999999999971
"paper_f2_onset__beta_4_8__n1000",60,2054064427,1000,"ok",0.31778760105726,9.91988712631517,0.510000000000218,"ok",0.424579386323062,0.419273408308201,0.445617084308708,3.15999999999985
"paper_f2_onset__beta_4_8__n1000",64,570333963,1000,"ok",0.500306129597635,9.57296555580199,0.619999999999891,"ok",0.427709369515328,0.422311256845947,0.447827176681975,3.16000000000031
"paper_f2_onset__beta_4_8__n1000",68,921001586,1000,"ok",0.340718991649454,10.207662251684,0.409999999999854,"ok",0.424399388497028,0.418643553470252,0.444067974355727,3.48000000000002
"paper_f2_onset__beta_4_8__n1000",72,1524671760,1000,"ok",0.320190240311187,10.0572948405059,0.480000000000018,"ok",0.421710579825944,0.417136564929277,0.43870541856864,3.63000000000011
"paper_f2_onset__beta_4_8__n1000",76,1010510171,1000,"ok",0.531185049566661,9.56816110314945,0.5,"ok",0.430239422389976,0.424595247577231,0.453008484691147,3.25999999999976
"paper_f2_onset__beta_4_8__n1000",80,768630647,1000,"ok",0.333692777639052,9.67983906905703,0.650000000000091,"ok",0.424796963491274,0.419599577190371,0.441734024453342,3.67000000000007
"paper_f2_onset__beta_4_8__n1000",84,1140611973,1000,"ok",0.31881668760259,10.5119598877011,0.579999999999927,"ok",0.435505271544482,0.427617008504728,0.470452217335026,3.71000000000004
"paper_f2_onset__beta_4_8__n1000",88,474734224,1000,"ok",0.377591690555259,9.81488421035438,0.519999999999982,"ok",0.427819941630492,0.42198296449281,0.449239609150205,4.42000000000007
"paper_f2_onset__beta_4_8__n1000",92,51501373,1000,"ok",0.312654190075095,9.6379022739305,0.7199999999998,"ok",0.423639590946612,0.418410363597015,0.440985625154022,3.7800000000002
"paper_f2_onset__beta_4_8__n1000",96,1157114378,1000,"ok",0.335441757276727,9.794022745454,0.559999999999945,"ok",0.424573077936181,0.418638470288858,0.443828055184897,3.88000000000011
"paper_f2_onset__beta_4_8__n1000",100,1622372813,1000,"ok",0.352156878766543,9.97489935619651,0.550000000000182,"ok",0.423301652338089,0.418592558409908,0.442102987039306,3.88000000000011
"paper_f2_onset__beta_4_8__n1000",104,1687432147,1000,"ok",0.327432942528952,10.5060181172432,0.539999999999964,"ok",0.425365814780885,0.419438695615526,0.448544922853657,3.71000000000004
"paper_f2_onset__beta_4_8__n1000",108,800639870,1000,"ok",0.310264269427531,9.63679990568036,0.589999999999691,"ok",0.426586700275679,0.421507184300795,0.446625980705181,3.2800000000002
"paper_f2_onset__beta_4_8__n1000",112,286078060,1000,"ok",0.328472579176575,9.72296911885269,0.639999999999873,"ok",0.427474697194529,0.422258762905791,0.449524326355937,3.40999999999985
"paper_f2_onset__beta_4_8__n1000",116,1176561232,1000,"ok",0.321565545242526,9.79783325802751,0.429999999999836,"ok",0.420360185061839,0.415734523143073,0.435469066653677,3.2800000000002
"paper_f2_onset__beta_4_8__n1000",120,2024661717,1000,"ok",0.346404411581218,9.82628496911605,0.420000000000073,"ok",0.429527874642676,0.42384084448952,0.450711299373279,3.2199999999998
"paper_f2_onset__beta_4_8__n1000",124,836329576,1000,"ok",0.36953763246799,10.0046171925379,0.529999999999745,"ok",0.424286157826931,0.418062092110935,0.448119389694954,3.07999999999993
"paper_f2_onset__beta_4_8__n1000",128,1984292088,1000,"ok",0.347119612000103,9.47570388813563,0.490000000000236,"ok",0.433790537812271,0.427005298713893,0.461090909790049,3.05999999999995
"paper_f2_onset__beta_4_8__n1000",132,1178935221,1000,"ok",0.314363301314123,9.64547472749213,0.409999999999854,"ok",0.426549209122571,0.421855397383114,0.443658105935307,3.17000000000007
"paper_f2_onset__beta_4_8__n1000",136,4378530,1000,"ok",0.454039340980573,10.0944951290775,0.5,"ok",0.423935169429198,0.418311151686985,0.441962052173239,3.34000000000015
"paper_f2_onset__beta_4_8__n1000",140,2046539775,1000,"ok",0.310264269427531,10.662263117747,0.519999999999982,"ok",0.421090523406249,0.416720193425853,0.435005252940152,2.94999999999982
"paper_f2_onset__beta_4_8__n1000",144,169687928,1000,"ok",0.570287078239957,9.74825894432499,0.470000000000255,"ok",0.428379704074807,0.42045110016203,0.447767628108775,3.50999999999976
"paper_f2_onset__beta_4_8__n1000",148,1074367817,1000,"ok",0.325357651186722,9.37742876843834,0.519999999999982,"ok",0.429738074819502,0.419994014826113,0.451718199074714,3.48000000000002
"paper_f2_onset__beta_4_8__n1000",152,1356390867,1000,"ok",0.324321892648789,9.60013473622989,0.570000000000164,"ok",0.421980264924318,0.417076675289649,0.43907948501794,3.53999999999996
"paper_f2_onset__beta_4_8__n1000",156,1164556478,1000,"ok",0.319503252410326,9.8977449713817,0.599999999999909,"ok",0.424394495131059,0.418112577929865,0.447936036695326,3.0300000000002
"paper_f2_onset__beta_4_8__n1000",160,1168517930,1000,"ok",0.460895972322989,9.31360815159039,0.409999999999854,"ok",0.421366510354938,0.417350751337151,0.436655478582208,3.48000000000002
"paper_f2_onset__beta_4_8__n1000",164,1460757290,1000,"ok",0.436535751152143,10.1722188682411,0.440000000000055,"ok",0.420965957314445,0.416441921232947,0.434467327199199,2.90000000000009
"paper_f2_onset__beta_4_8__n1000",168,1923031819,1000,"ok",0.374884160061347,11.2146334286432,0.409999999999854,"ok",0.42304119294514,0.418282527136038,0.441710072107708,3
"paper_f2_onset__beta_4_8__n1000",172,1997496328,1000,"ok",0.441135139593353,10.5780602904685,0.5300000000002,"ok",0.427786993577201,0.421900319001304,0.45113547240473,3.16999999999962
"paper_f2_onset__beta_4_8__n1000",176,1136920978,1000,"ok",0.352881123816656,9.87749587587226,0.460000000000036,"ok",0.42505803960903,0.420537183045563,0.44380743452757,3.36000000000013
"paper_f2_onset__beta_4_8__n1000",180,1691372320,1000,"ok",0.344620950973935,10.578976823443,0.420000000000073,"ok",0.427013209874214,0.421516592188342,0.448648283512191,2.98000000000002
"paper_f2_onset__beta_4_8__n1000",184,595528566,1000,"ok",0.55002946472811,10.9511904598612,0.409999999999854,"ok",0.42827508305144,0.421073822597122,0.454815207062216,2.82999999999993
"paper_f2_onset__beta_4_8__n1000",188,445653828,1000,"ok",0.406241207375885,9.39739058939409,0.400000000000091,"ok",0.424111462835239,0.419542320967462,0.44093826501122,2.88999999999987
"paper_f2_onset__beta_4_8__n1000",192,731789631,1000,"ok",0.334042195640345,9.73462303649399,0.420000000000073,"ok",0.426237006927143,0.421166498600119,0.445075248718142,3
"paper_f2_onset__beta_4_8__n1000",196,72028480,1000,"ok",0.321909659316514,10.1733424345934,0.470000000000255,"ok",0.429053770920321,0.422851008149252,0.453413455169421,2.81999999999971
"paper_f3_jump__beta_4_8__n1000",0,1614598640,1000,"ok",0.300044894227101,10.0442728069808,0.480000000000018,"ok",0.272686993497586,0.267204651964859,0.27586596195458,2.73999999999978
"paper_f3_jump__beta_4_8__n1000",4,1692127745,1000,"ok",0.300044894227101,9.98121329761693,0.400000000000091,"ok",0.271591893917816,0.266218993382934,0.274471066305525,2.97000000000025
"paper_f3_jump__beta_4_8__n1000",8,1505406206,1000,"ok",0.300044894227101,9.81303414316197,0.519999999999982,"ok",0.270888701326481,0.265290918093744,0.273662254468851,2.89999999999964
"paper_f3_jump__beta_4_8__n1000",12,2092680266,1000,"ok",0.300044894227101,10.5766665837579,0.370000000000346,"ok",0.270178963940747,0.26455552329821,0.272972815855491,2.54999999999973
"paper_f3_jump__beta_4_8__n1000",16,170627261,1000,"ok",0.300044894227101,9.61796546031555,0.420000000000073,"ok",0.272281738677173,0.266277959297243,0.275555891904678,3.11000000000013
"paper_f3_jump__beta_4_8__n1000",20,280806463,1000,"ok",0.300044894227101,9.7771446844627,0.389999999999873,"ok",0.271823573316571,0.266305455177407,0.274989178272403,2.80999999999995
"paper_f3_jump__beta_4_8__n1000",24,549431464,1000,"ok",0.300044894227101,9.80074333372677,0.470000000000255,"ok",0.270531477552721,0.265448268214634,0.2733485750336,3.21000000000004
"paper_f3_jump__beta_4_8__n1000",28,1084942714,1000,"ok",0.300044894227101,10.2852522853587,0.419999999999618,"ok",0.271639948791753,0.266248785201635,0.274640218973848,2.8100000000004
"paper_f3_jump__beta_4_8__n1000",32,1395590068,1000,"ok",0.300044894227101,9.80136599552778,0.4399999999996,"ok",0.271462518402307,0.266306781013059,0.274529461359896,2.97000000000025
"paper_f3_jump__beta_4_8__n1000",36,201058411,1000,"ok",0.300044894227101,10.0523486554381,0.449999999999818,"ok",0.272218204491607,0.266915510678502,0.275130777610123,2.66000000000031
"paper_f3_jump__beta_4_8__n1000",40,1220169653,1000,"ok",0.300044894227101,9.08622870630162,0.529999999999745,"ok",0.271271363041539,0.266209353120548,0.274286226229982,3.05999999999995
"paper_f3_jump__beta_4_8__n1000",44,1451860696,1000,"ok",0.300044894227101,9.60545116767049,0.420000000000073,"ok",0.270687766285807,0.265394008740721,0.273426797105266,2.7800000000002
"paper_f3_jump__beta_4_8__n1000",48,1126843478,1000,"ok",0.300044894227101,10.2347815835467,0.519999999999982,"ok",0.271562715146409,0.265893967831412,0.274786984926158,2.98000000000002
"paper_f3_jump__beta_4_8__n1000",52,1069030868,1000,"ok",0.300044894227101,10.1433405890085,0.389999999999873,"ok",0.270380702065582,0.265109405645435,0.273269609966847,2.84999999999991
"paper_f3_jump__beta_4_8__n1000",56,1921527172,1000,"ok",0.300044894227101,9.84764205511429,0.420000000000073,"ok",0.272178962081173,0.266998180069662,0.275054049177919,2.86999999999989
"paper_f3_jump__beta_4_8__n1000",60,231279262,1000,"ok",0.300044894227101,10.2480886023694,0.400000000000091,"ok",0.271169636885279,0.265179895146996,0.274253300889021,2.67000000000007
"paper_f3_jump__beta_4_8__n1000",64,1552597264,1000,"ok",0.300044894227101,8.7282892642197,0.400000000000091,"ok",0.271230701334287,0.26612507960492,0.274110618385357,3.48999999999978
"paper_f3_jump__beta_4_8__n1000",68,113805952,1000,"ok",0.300044894227101,9.11807582563261,0.440000000000055,"ok",0.271660262084866,0.266436319797207,0.274523050635259,2.59999999999991
"paper_f3_jump__beta_4_8__n1000",72,232968958,1000,"ok",0.300044894227101,11.5047559322151,0.430000000000291,"ok",0.272361976321691,0.266824700529527,0.275652075884112,2.88999999999987
"paper_f3_jump__beta_4_8__n1000",76,1860443006,1000,"ok",0.300044894227101,10.0767840196042,0.559999999999945,"ok",0.27100009808697,0.265513723274636,0.273727421173997,3
"paper_f3_jump__beta_4_8__n1000",80,1616836901,1000,"ok",0.300044894227101,10.1906701476007,0.420000000000073,"ok",0.270607706084771,0.265501856515021,0.273258087642374,3.11000000000013
"paper_f3_jump__beta_4_8__n1000",84,1368967904,1000,"ok",0.300044894227101,9.47364286511622,0.519999999999982,"ok",0.272021370828579,0.266601664114233,0.274868573710459,2.86999999999989
"paper_f3_jump__beta_4_8__n1000",88,1309301461,1000,"ok",0.300044894227101,9.94535403077172,0.509999999999764,"ok",0.270033143401564,0.265093486021021,0.272764802485932,3.44000000000005
"paper_f3_jump__beta_4_8__n1000",92,1455938837,1000,"ok",0.300044894227101,9.63754507639337,0.570000000000164,"ok",0.27160788440156,0.266205632813169,0.274325930552536,3.26999999999998
"paper_f3_jump__beta_4_8__n1000",96,942736672,1000,"ok",0.300044894227101,10.3016906052306,0.5,"ok",0.271353050707134,0.26602311811742,0.274404733027397,2.92000000000007
"paper_f3_jump__beta_4_8__n1000",100,1412221141,1000,"ok",0.300044894227101,10.2372520023482,0.5300000000002,"ok",0.272189568000723,0.266647647819547,0.275181641213065,3.32999999999993
"paper_f3_jump__beta_4_8__n1000",104,1042498929,1000,"ok",0.300044894227101,9.78624166444907,0.529999999999745,"ok",0.271922155901261,0.266516579816078,0.274992248669093,3.15000000000009
"paper_f3_jump__beta_4_8__n1000",108,388248816,1000,"ok",0.300044894227101,10.3588862403177,0.590000000000146,"ok",0.269916034691785,0.264119232146154,0.272712475981432,3.27999999999975
"paper_f3_jump__beta_4_8__n1000",112,707123653,1000,"ok",0.300044894227101,9.0965000957805,0.579999999999927,"ok",0.271728986835673,0.266363255164711,0.274934059869686,3.2800000000002
"paper_f3_jump__beta_4_8__n1000",116,1925892393,1000,"ok",0.300044894227101,9.66376735922619,0.510000000000218,"ok",0.270740547715411,0.265399403110385,0.273848499612167,3.04999999999973
"paper_f3_jump__beta_4_8__n1000",120,1870535237,1000,"ok",0.300044894227101,9.75442859073096,0.510000000000218,"ok",0.272258307988995,0.266589851822734,0.275353104513078,3.67999999999984
"paper_f3_jump__beta_4_8__n1000",124,834888520,1000,"ok",0.300044894227101,9.91713506580337,0.5,"ok",0.26997226055021,0.264854428877679,0.272766944734625,3.17999999999984
"paper_f3_jump__beta_4_8__n1000",128,2037638024,1000,"ok",0.300044894227101,9.20936881654152,0.580000000000382,"ok",0.269898513795824,0.264162066462838,0.272537902588542,3.7199999999998
"paper_f3_jump__beta_4_8__n1000",132,1644090460,1000,"ok",0.300044894227101,9.25570134537053,0.730000000000018,"ok",0.270324681860919,0.265100567687952,0.272903735246866,3.57999999999993
"paper_f3_jump__beta_4_8__n1000",136,1306738989,1000,"ok",0.300044894227101,10.4160276617857,0.550000000000182,"ok",0.271810990691489,0.266520838833086,0.274960820302209,3.44000000000005
"paper_f3_jump__beta_4_8__n1000",140,137525889,1000,"ok",0.300044894227101,9.47830040698584,0.730000000000018,"ok",0.271540968495122,0.265821400318439,0.274696485386716,3.58999999999969
"paper_f3_jump__beta_4_8__n1000",144,1883037313,1000,"ok",0.300044894227101,10.4395166167205,0.539999999999964,"ok",0.270760585589758,0.265330569537719,0.273442802967231,4.05999999999995
"paper_f3_jump__beta_4_8__n1000",148,2144457966,1000,"ok",0.300044894227101,10.3518077578914,0.610000000000127,"ok",0.270889496104275,0.265236606197047,0.273899324464028,4.0300000000002
"paper_f3_jump__beta_4_8__n1000",152,1272073354,1000,"ok",0.300044894227101,9.70474399084245,0.690000000000055,"ok",0.271062952612883,0.265480566016061,0.273862402416363,4.03999999999996
"paper_f3_jump__beta_4_8__n1000",156,1927494598,1000,"ok",0.300044894227101,10.0254209489625,0.599999999999909,"ok",0.271073701857693,0.265651635602059,0.273813548911052,3.69999999999982
"paper_f3_jump__beta_4_8__n1000",160,1392308674,1000,"ok",0.300044894227101,10.1134424894614,0.690000000000055,"ok",0.271498124667424,0.266354781152725,0.274133867091407,4.28999999999996
"paper_f3_jump__beta_4_8__n1000",164,1293442570,1000,"ok",0.300044894227101,9.4625432125014,0.599999999999909,"ok",0.270532373184291,0.264917629435108,0.273385377422434,3.48000000000002
"paper_f3_jump__beta_4_8__n1000",168,308639433,1000,"ok",0.300044894227101,9.81706664345814,0.650000000000091,"ok",0.27182301436737,0.266179200180461,0.274882670567953,3.59999999999991
"paper_f3_jump__beta_4_8__n1000",172,453055310,1000,"ok",0.300044894227101,10.246821887219,0.580000000000382,"ok",0.272432731524885,0.267252103348679,0.275661762611262,2.94999999999982
"paper_f3_jump__beta_4_8__n1000",176,790439580,1000,"ok",0.300044894227101,9.85094930739765,0.4699999999998,"ok",0.271135638727513,0.265797251210312,0.273962207484409,3.69000000000005
"paper_f3_jump__beta_4_8__n1000",180,596220959,1000,"ok",0.300044894227101,10.2998465989234,0.480000000000018,"ok",0.270910973381794,0.265585030777529,0.273900577799546,3.14000000000033
"paper_f3_jump__beta_4_8__n1000",184,1363887080,1000,"ok",0.300044894227101,9.86661345287872,0.489999999999782,"ok",0.271458942297079,0.266028937817539,0.274450239175219,3.21000000000004
"paper_f3_jump__beta_4_8__n1000",188,1511990264,1000,"ok",0.300044894227101,10.1551913773435,0.5,"ok",0.272653746241052,0.266940925616672,0.275748336499735,3.57999999999993
"paper_f3_jump__beta_4_8__n1000",192,214235742,1000,"ok",0.300044894227101,10.3575259355094,0.5,"ok",0.271496077225193,0.266329767389534,0.274589873718601,3.34000000000015
"paper_f3_jump__beta_4_8__n1000",196,1229339605,1000,"ok",0.300044894227101,9.08261969931678,0.529999999999745,"ok",0.270821294667778,0.265280714588575,0.273518933086532,3.36000000000013
"paper_f4_logistic__beta_4_8__n1000",0,1306076327,1000,"ok",0.179549596205753,9.44216678105928,0.579999999999927,"ok",0.48939625972879,0.0444258202113194,0.528187863830221,3.20000000000027
"paper_f4_logistic__beta_4_8__n1000",4,1242785413,1000,"ok",0.157043335264483,10.1274942541907,0.569999999999709,"ok",0.175239556371804,0.0444258202113194,0.391285920518266,2.78999999999996
"paper_f4_logistic__beta_4_8__n1000",8,1453244392,1000,"ok",0.494239379839457,10.0861858352937,0.690000000000055,"ok",0.48950639389996,0.0444258202113194,0.509863591992641,3.23000000000002
"paper_f4_logistic__beta_4_8__n1000",12,59793714,1000,"ok",0.106550890712668,8.92818235140797,0.660000000000309,"ok",0.0444258202113194,0.0444258202113194,0.53405355299687,2.9699999999998
"paper_f4_logistic__beta_4_8__n1000",16,489699450,1000,"ok",0.547623410117568,9.23701431583441,0.480000000000018,"ok",0.508085774935049,0.0444258202113194,0.637213500410013,3.09999999999991
"paper_f4_logistic__beta_4_8__n1000",20,1031549054,1000,"ok",0.479537432663635,10.7074407163335,0.590000000000146,"ok",0.172506036039987,0.0444258202113194,0.65059213738973,3.42000000000007
"paper_f4_logistic__beta_4_8__n1000",24,1698375670,1000,"ok",0.620176124511652,10.436820892863,0.7199999999998,"ok",0.281104697270666,0.0444258202113194,0.755982191040283,3.19000000000005
"paper_f4_logistic__beta_4_8__n1000",28,368922791,1000,"ok",0.241560322750734,9.14704794115476,0.5300000000002,"ok",0.277155585128701,0.177069965504877,0.63418641466623,2.91999999999962
"paper_f4_logistic__beta_4_8__n1000",32,205337351,1000,"ok",0.0756054312845057,8.80678599612235,0.510000000000218,"ok",0.0444258202113194,0.0444258202113194,0.496651981127179,3.11000000000013
"paper_f4_logistic__beta_4_8__n1000",36,1042656025,1000,"ok",0.141522969247977,9.83979263405464,0.519999999999982,"ok",0.181322902031281,0.0444258202113194,0.637639944657701,2.75
"paper_f4_logistic__beta_4_8__n1000",40,1259237783,1000,"ok",0.571808003642432,8.95184361481994,0.549999999999727,"ok",0.626927717845391,0.0444258202113194,0.755982191040283,3.12000000000035
"paper_f4_logistic__beta_4_8__n1000",44,345960489,1000,"ok",0.0881161455304003,10.1040259255545,0.449999999999818,"ok",0.0444258202113194,0.0444258202113194,0.502283489611938,2.82999999999993
"paper_f4_logistic__beta_4_8__n1000",48,648530001,1000,"ok",0.244522050113898,10.2466367743771,0.539999999999964,"ok",0.278802206671481,0.0444258202113194,0.491706048976691,2.82000000000016
"paper_f4_logistic__beta_4_8__n1000",52,533074306,1000,"ok",0.426234136582131,9.70135436381761,0.480000000000018,"ok",0.393961365008855,0.0444258202113194,0.625312621211821,2.65999999999985
"paper_f4_logistic__beta_4_8__n1000",56,1384435157,1000,"ok",0.200764890893892,10.1278075028701,0.470000000000255,"ok",0.180805045963232,0.0444258202113194,0.304538142072283,3.05999999999995
"paper_f4_logistic__beta_4_8__n1000",60,1890729886,1000,"ok",0.299023798767047,10.0000757300577,0.579999999999927,"ok",0.265305952501492,0.0444258202113194,0.508649431443755,2.59000000000015
"paper_f4_logistic__beta_4_8__n1000",64,834686606,1000,"ok",0.227456831759723,10.0295394954801,0.4399999999996,"ok",0.173780096600507,0.0444258202113194,0.378082130482845,2.92000000000007
"paper_f4_logistic__beta_4_8__n1000",68,2008769628,1000,"ok",0.103716447868659,10.2553409965897,0.420000000000073,"ok",0.0444258202113194,0.0444258202113194,0.525547556084981,2.76999999999998
"paper_f4_logistic__beta_4_8__n1000",72,817505622,1000,"ok",0.251816438613584,9.44899421782711,0.480000000000018,"ok",0.280694176086362,0.0444258202113194,0.486872506870946,2.7800000000002
"paper_f4_logistic__beta_4_8__n1000",76,859899736,1000,"ok",0.600667365993043,10.0331155211872,0.5,"ok",0.497809524437147,0.0444258202113194,0.626108851626628,2.82999999999993
"paper_f4_logistic__beta_4_8__n1000",80,307634585,1000,"ok",0.411065481437005,10.1271199291,0.579999999999927,"ok",0.375287713065437,0.182214818466885,0.489824366855924,3.01999999999998
"paper_f4_logistic__beta_4_8__n1000",84,1357925227,1000,"ok",0.629041767846802,10.2840830353393,0.389999999999873,"ok",0.632146419797702,0.0444258202113194,0.755982191040283,2.67000000000007
"paper_f4_logistic__beta_4_8__n1000",88,472184229,1000,"ok",0.103716447868659,10.132487008137,0.400000000000091,"ok",0.0444258202113194,0.0444258202113194,0.364349239574943,2.84999999999991
"paper_f4_logistic__beta_4_8__n1000",92,1423010161,1000,"ok",0.458577054489929,9.7132406480838,0.480000000000018,"ok",0.400015781205819,0.0444258202113194,0.502084434655125,2.84999999999991
"paper_f4_logistic__beta_4_8__n1000",96,203403238,1000,"ok",0.31470535002722,9.88719173957646,0.489999999999782,"ok",0.291303462430846,0.0655495448171297,0.755982191040283,3.03999999999996
"paper_f4_logistic__beta_4_8__n1000",100,1283015976,1000,"ok",0.368025853980168,9.09758678173536,0.539999999999964,"ok",0.368472916632573,0.0444258202113194,0.618511613047395,2.73000000000002
"paper_f4_logistic__beta_4_8__n1000",104,581241726,1000,"ok",0.124992320253495,9.90765246244417,0.480000000000018,"ok",0.362362037337911,0.0444258202113194,0.402894576338483,2.84999999999991
"paper_f4_logistic__beta_4_8__n1000",108,1498261747,1000,"ok",0.254695220225741,10.1337648889782,0.440000000000055,"ok",0.374530694505807,0.0444258202113194,0.50959066863605,2.67000000000007
"paper_f4_logistic__beta_4_8__n1000",112,1707914317,1000,"ok",0.377591690555259,9.22902431977405,0.4699999999998,"ok",0.345427957963197,0.0444258202113194,0.489946678236455,2.92000000000007
"paper_f4_logistic__beta_4_8__n1000",116,848799706,1000,"ok",0.19574752099442,10.0952214466429,0.5300000000002,"ok",0.174752487203509,0.0444258202113194,0.630326009427181,2.7199999999998
"paper_f4_logistic__beta_4_8__n1000",120,1526248403,1000,"ok",0.441135139593353,9.80159801138575,0.590000000000146,"ok",0.375600252325798,0.0444258202113194,0.397953331410768,2.76999999999998
"paper_f4_logistic__beta_4_8__n1000",124,989242417,1000,"ok",0.232496260796697,9.7381291069881,0.449999999999818,"ok",0.485324426478948,0.175011272664386,0.510190174153139,2.89000000000033
"paper_f4_logistic__beta_4_8__n1000",128,352101350,1000,"ok",0.436031947546583,9.87985258065282,0.589999999999691,"ok",0.363843622921339,0.0444258202113194,0.617203764821858,2.84999999999991
"paper_f4_logistic__beta_4_8__n1000",132,626614705,1000,"ok",0.137534444986819,9.98651550430983,0.550000000000182,"ok",0.291512443568863,0.175534235377419,0.615471934442942,2.86999999999989
"paper_f4_logistic__beta_4_8__n1000",136,1284262702,1000,"ok",0.361302468163024,8.91535144198325,0.519999999999982,"ok",0.273360488048024,0.0444258202113194,0.372457154240496,2.95000000000027
"paper_f4_logistic__beta_4_8__n1000",140,661545265,1000,"ok",0.311629562826646,8.8525680332563,0.440000000000055,"ok",0.268015763887538,0.0444258202113194,0.755982191040283,2.55999999999995
"paper_f4_logistic__beta_4_8__n1000",144,991616458,1000,"ok",0.0444258202113194,10.1971060462335,0.509999999999764,"ok",0.0444258202113194,0.0444258202113194,0.3729884142418,2.68000000000029
"paper_f4_logistic__beta_4_8__n1000",148,1827656025,1000,"ok",0.124992320253495,9.99122420841921,0.569999999999709,"ok",0.179848952450519,0.0444258202113194,0.485745869602005,2.96000000000004
"paper_f4_logistic__beta_4_8__n1000",152,1594050456,1000,"ok",0.111776883117619,10.5659216295042,0.5,"ok",0.169882311304623,0.0444258202113194,0.37038882995475,3.51000000000022
"paper_f4_logistic__beta_4_8__n1000",156,1156193706,1000,"ok",0.365770604496743,10.2155458507405,0.629999999999654,"ok",0.356400183375169,0.167411648553264,0.484208923534581,3.55000000000018
"paper_f4_logistic__beta_4_8__n1000",160,1352078306,1000,"ok",0.0444258202113194,10.3607176165947,0.659999999999854,"ok",0.0444258202113194,0.0444258202113194,0.503954968495117,3.19999999999982
"paper_f4_logistic__beta_4_8__n1000",164,1896388537,1000,"ok",0.30140636703188,10.0881988390698,0.519999999999982,"ok",0.258240601832628,0.168576202372952,0.34659657231223,3.34000000000015
"paper_f4_logistic__beta_4_8__n1000",168,1050206075,1000,"ok",0.153754369273825,9.86189346668032,0.5,"ok",0.155767294260325,0.0444258202113194,0.755982191040283,2.9699999999998
"paper_f4_logistic__beta_4_8__n1000",172,756737341,1000,"ok",0.139952937885046,9.29209160957073,0.5300000000002,"ok",0.620686165242659,0.0444258202113194,0.755982191040283,3.09000000000015
"paper_f4_logistic__beta_4_8__n1000",176,267658954,1000,"ok",0.12974500843102,9.77943683447,0.569999999999709,"ok",0.177902055326534,0.0444258202113194,0.498166937690227,3.26000000000022
"paper_f4_logistic__beta_4_8__n1000",180,1727960586,1000,"ok",0.677893596960282,9.30153184559056,0.489999999999782,"ok",0.278539863093311,0.0444258202113194,0.755982191040283,3.5
"paper_f4_logistic__beta_4_8__n1000",184,1506530015,1000,"ok",0.115380330688092,9.29124914569773,0.620000000000346,"ok",0.0444258202113194,0.0444258202113194,0.626034473307115,2.94999999999982
"paper_f4_logistic__beta_4_8__n1000",188,820283840,1000,"ok",0.292553615747186,10.0956160010604,0.519999999999982,"ok",0.291983082556007,0.0444258202113194,0.380223579292201,2.82999999999993
"paper_f4_logistic__beta_4_8__n1000",192,141444118,1000,"ok",0.131553570955197,9.61118247995914,0.559999999999945,"ok",0.154518613927284,0.0444258202113194,0.634895854843034,2.80000000000018
"paper_f4_logistic__beta_4_8__n1000",196,359832609,1000,"ok",0.135876576523832,10.0043679325792,0.400000000000091,"ok",0.176301128844151,0.0444258202113194,0.632066674718872,2.40999999999985
