cell,signal,design,n,trial,target_left,target_right,hct_left,hct_right,hct_width,hct_empty,hct_covers_target,hct_nontrivial,joint_contrast_coverage,unexplained_empty,positive_contrast_count,negative_contrast_count,hct_runtime_seconds
paper_f1_cusp__uniform__n500,paper_f1_cusp,uniform,500,0,0.3,0.3,0.281437125748503,0.33532934131736525,0.053892215568862256,False,True,True,True,False,20,29,0.0012747999862767756
paper_f1_cusp__uniform__n500,paper_f1_cusp,uniform,500,1,0.3,0.3,0.22554890219560877,0.4151696606786427,0.18962075848303392,False,True,True,False,False,18,23,0.0007062000222504139
paper_f1_cusp__uniform__n500,paper_f1_cusp,uniform,500,2,0.3,0.3,0.22554890219560877,0.4151696606786427,0.18962075848303392,False,True,True,True,False,17,25,0.0006904999609105289
paper_f1_cusp__uniform__n500,paper_f1_cusp,uniform,500,3,0.3,0.3,0.20958083832335328,0.3992015968063872,0.18962075848303395,False,True,True,True,False,17,25,0.0005746000097133219
paper_f1_cusp__uniform__n500,paper_f1_cusp,uniform,500,4,0.3,0.3,0.25748502994011974,0.3992015968063872,0.1417165668662675,False,True,True,True,False,19,27,0.0006099999882280827
paper_f1_cusp__uniform__n500,paper_f1_cusp,uniform,500,5,0.3,0.3,0.20958083832335328,0.38323353293413176,0.17365269461077848,False,True,True,True,False,16,27,0.0005248000379651785
paper_f1_cusp__uniform__n500,paper_f1_cusp,uniform,500,6,0.3,0.3,0.24151696606786427,0.3992015968063872,0.15768463073852296,False,True,True,True,False,16,23,0.0005319999763742089
paper_f1_cusp__uniform__n500,paper_f1_cusp,uniform,500,7,0.3,0.3,0.24151696606786427,0.4151696606786427,0.17365269461077842,False,True,True,True,False,16,23,0.000568999967072159
paper_f1_cusp__uniform__n500,paper_f1_cusp,uniform,500,8,0.3,0.3,0.20958083832335328,0.4151696606786427,0.2055888223552894,False,True,True,True,False,16,24,0.0005762000218965113
paper_f1_cusp__uniform__n500,paper_f1_cusp,uniform,500,9,0.3,0.3,0.24151696606786427,0.35129740518962077,0.1097804391217565,False,True,True,True,False,19,27,0.0006059000152163208
paper_f1_cusp__uniform__n500,paper_f1_cusp,uniform,500,10,0.3,0.3,0.22554890219560877,0.36726546906187624,0.14171656686626746,False,True,True,True,False,17,26,0.0005296000163070858
paper_f1_cusp__uniform__n500,paper_f1_cusp,uniform,500,11,0.3,0.3,0.249500998003992,0.35129740518962077,0.10179640718562877,False,True,True,True,False,18,25,0.0005883999983780086
paper_f1_cusp__uniform__n500,paper_f1_cusp,uniform,500,12,0.3,0.3,0.22554890219560877,0.3992015968063872,0.17365269461077845,False,True,True,True,False,17,25,0.0006222999654710293
paper_f1_cusp__uniform__n500,paper_f1_cusp,uniform,500,13,0.3,0.3,0.20958083832335328,0.3992015968063872,0.18962075848303395,False,True,True,True,False,17,22,0.0005359000060707331
paper_f1_cusp__uniform__n500,paper_f1_cusp,uniform,500,14,0.3,0.3,0.249500998003992,0.35129740518962077,0.10179640718562877,False,True,True,True,False,19,25,0.0005065000150352716
paper_f1_cusp__uniform__n500,paper_f1_cusp,uniform,500,15,0.3,0.3,0.24151696606786427,0.4151696606786427,0.17365269461077842,False,True,True,True,False,18,26,0.0005992000224068761
paper_f1_cusp__uniform__n500,paper_f1_cusp,uniform,500,16,0.3,0.3,0.249500998003992,0.35129740518962077,0.10179640718562877,False,True,True,True,False,19,25,0.0005599000141955912
paper_f1_cusp__uniform__n500,paper_f1_cusp,uniform,500,17,0.3,0.3,0.20958083832335328,0.38323353293413176,0.17365269461077848,False,True,True,True,False,15,28,0.0007107999990694225
paper_f1_cusp__uniform__n500,paper_f1_cusp,uniform,500,18,0.3,0.3,0.20958083832335328,0.3592814371257485,0.14970059880239522,False,True,True,True,False,16,26,0.0007190000033006072
paper_f1_cusp__uniform__n500,paper_f1_cusp,uniform,500,19,0.3,0.3,0.22554890219560877,0.38323353293413176,0.15768463073852299,False,True,True,True,False,17,25,0.0005456999642774463
paper_f1_cusp__uniform__n500,paper_f1_cusp,uniform,500,20,0.3,0.3,0.24151696606786427,0.3992015968063872,0.15768463073852296,False,True,True,True,False,18,24,0.000500100024510175
paper_f1_cusp__uniform__n500,paper_f1_cusp,uniform,500,21,0.3,0.3,0.24151696606786427,0.4151696606786427,0.17365269461077842,False,True,True,True,False,18,24,0.0005419999943114817
paper_f1_cusp__uniform__n500,paper_f1_cusp,uniform,500,22,0.3,0.3,0.22554890219560877,0.38323353293413176,0.15768463073852299,False,True,True,True,False,17,25,0.0005966999451629817
paper_f1_cusp__uniform__n500,paper_f1_cusp,uniform,500,23,0.3,0.3,0.22554890219560877,0.4151696606786427,0.18962075848303392,False,True,True,True,False,18,25,0.0005490999901667237
paper_f1_cusp__uniform__n500,paper_f1_cusp,uniform,500,24,0.3,0.3,0.20958083832335328,0.3992015968063872,0.18962075848303395,False,True,True,True,False,15,23,0.00045779999345541
paper_f1_cusp__uniform__n500,paper_f1_cusp,uniform,500,25,0.3,0.3,0.20958083832335328,0.3992015968063872,0.18962075848303395,False,True,True,True,False,16,24,0.0004886999959126115
paper_f1_cusp__uniform__n500,paper_f1_cusp,uniform,500,26,0.3,0.3,0.20958083832335328,0.3992015968063872,0.18962075848303395,False,True,True,True,False,16,28,0.0005021999822929502
paper_f1_cusp__uniform__n500,paper_f1_cusp,uniform,500,27,0.3,0.3,0.249500998003992,0.3992015968063872,0.14970059880239522,False,True,True,True,False,16,24,0.0004915999597869813
paper_f1_cusp__uniform__n500,paper_f1_cusp,uniform,500,28,0.3,0.3,0.24151696606786427,0.4151696606786427,0.17365269461077842,False,True,True,True,False,17,25,0.00061629997799173
paper_f1_cusp__uniform__n500,paper_f1_cusp,uniform,500,29,0.3,0.3,0.25748502994011974,0.4151696606786427,0.15768463073852296,False,True,True,False,False,20,25,0.0005654999986290932
paper_f1_cusp__uniform__n500,paper_f1_cusp,uniform,500,30,0.3,0.3,0.249500998003992,0.38323353293413176,0.13373253493013976,False,True,True,True,False,19,25,0.0005572999943979084
paper_f1_cusp__uniform__n500,paper_f1_cusp,uniform,500,31,0.3,0.3,0.24151696606786427,0.35129740518962077,0.1097804391217565,False,True,True,True,False,18,26,0.0004881999921053648
paper_f1_cusp__uniform__n500,paper_f1_cusp,uniform,500,32,0.3,0.3,0.22554890219560877,0.3992015968063872,0.17365269461077845,False,True,True,True,False,15,25,0.000546499970369041
paper_f1_cusp__uniform__n500,paper_f1_cusp,uniform,500,33,0.3,0.3,0.22554890219560877,0.38323353293413176,0.15768463073852299,False,True,True,True,False,15,23,0.0005031999899074435
paper_f1_cusp__uniform__n500,paper_f1_cusp,uniform,500,34,0.3,0.3,0.24151696606786427,0.4151696606786427,0.17365269461077842,False,True,True,True,False,18,22,0.0005117999971844256
paper_f1_cusp__uniform__n500,paper_f1_cusp,uniform,500,35,0.3,0.3,0.24151696606786427,0.4151696606786427,0.17365269461077842,False,True,True,True,False,18,23,0.0006659000064246356
paper_f1_cusp__uniform__n500,paper_f1_cusp,uniform,500,36,0.3,0.3,0.1936127744510978,0.4151696606786427,0.22155688622754488,False,True,True,True,False,16,23,0.0010273000225424767
paper_f1_cusp__uniform__n500,paper_f1_cusp,uniform,500,37,0.3,0.3,0.22554890219560877,0.3992015968063872,0.17365269461077845,False,True,True,True,False,18,25,0.0005582000012509525
paper_f1_cusp__uniform__n500,paper_f1_cusp,uniform,500,38,0.3,0.3,0.25748502994011974,0.36726546906187624,0.1097804391217565,False,True,True,True,False,19,28,0.0005139999557286501
paper_f1_cusp__uniform__n500,paper_f1_cusp,uniform,500,39,0.3,0.3,0.22554890219560877,0.3992015968063872,0.17365269461077845,False,True,True,True,False,19,27,0.00046989996917545795
paper_f1_cusp__uniform__n500,paper_f1_cusp,uniform,500,40,0.3,0.3,0.24151696606786427,0.3992015968063872,0.15768463073852296,False,True,True,True,False,16,25,0.0004768000217154622
paper_f1_cusp__uniform__n500,paper_f1_cusp,uniform,500,41,0.3,0.3,0.24151696606786427,0.4151696606786427,0.17365269461077842,False,True,True,True,False,16,23,0.0004194999928586185
paper_f1_cusp__uniform__n500,paper_f1_cusp,uniform,500,42,0.3,0.3,0.23353293413173654,0.3992015968063872,0.1656686626746507,False,True,True,True,False,17,25,0.0004689999623224139
paper_f1_cusp__uniform__n500,paper_f1_cusp,uniform,500,43,0.3,0.3,0.25748502994011974,0.38323353293413176,0.12574850299401202,False,True,True,True,False,19,30,0.0005040999967604876
paper_f1_cusp__uniform__n500,paper_f1_cusp,uniform,500,44,0.3,0.3,0.1936127744510978,0.4151696606786427,0.22155688622754488,False,True,True,True,False,15,25,0.0005545999738387764
paper_f1_cusp__uniform__n500,paper_f1_cusp,uniform,500,45,0.3,0.3,0.22554890219560877,0.029940119760479042,nan,True,False,False,False,False,14,25,0.0004459000192582607
paper_f1_cusp__uniform__n500,paper_f1_cusp,uniform,500,46,0.3,0.3,0.20958083832335328,0.4151696606786427,0.2055888223552894,False,True,True,True,False,16,24,0.00047090003499761224
paper_f1_cusp__uniform__n500,paper_f1_cusp,uniform,500,47,0.3,0.3,0.20958083832335328,0.3992015968063872,0.18962075848303395,False,True,True,True,False,15,27,0.0004632999771274626
paper_f1_cusp__uniform__n500,paper_f1_cusp,uniform,500,48,0.3,0.3,0.22554890219560877,0.3992015968063872,0.17365269461077845,False,True,True,True,False,17,25,0.00048069999320432544
paper_f1_cusp__uniform__n500,paper_f1_cusp,uniform,500,49,0.3,0.3,0.20958083832335328,0.4151696606786427,0.2055888223552894,False,True,True,True,False,17,24,0.0005292000132612884
paper_f1_cusp__uniform__n500,paper_f1_cusp,uniform,500,50,0.3,0.3,0.22554890219560877,0.3992015968063872,0.17365269461077845,False,True,True,True,False,16,24,0.0006703000399284065
paper_f1_cusp__uniform__n500,paper_f1_cusp,uniform,500,51,0.3,0.3,0.20958083832335328,0.3992015968063872,0.18962075848303395,False,True,True,True,False,16,26,0.0005739000043831766
paper_f1_cusp__uniform__n500,paper_f1_cusp,uniform,500,52,0.3,0.3,0.20958083832335328,0.3992015968063872,0.18962075848303395,False,True,True,False,False,17,27,0.0004831000114791095
paper_f1_cusp__uniform__n500,paper_f1_cusp,uniform,500,53,0.3,0.3,0.20958083832335328,0.4151696606786427,0.2055888223552894,False,True,True,True,False,15,24,0.000508100027218461
paper_f1_cusp__uniform__n500,paper_f1_cusp,uniform,500,54,0.3,0.3,0.249500998003992,0.3992015968063872,0.14970059880239522,False,True,True,True,False,18,27,0.0006708999862894416
paper_f1_cusp__uniform__n500,paper_f1_cusp,uniform,500,55,0.3,0.3,0.20958083832335328,0.3992015968063872,0.18962075848303395,False,True,True,True,False,16,28,0.0006958000012673438
paper_f1_cusp__uniform__n500,paper_f1_cusp,uniform,500,56,0.3,0.3,0.25748502994011974,0.35129740518962077,0.09381237524950103,False,True,True,True,False,19,25,0.0005213000113144517
paper_f1_cusp__uniform__n500,paper_f1_cusp,uniform,500,57,0.3,0.3,0.249500998003992,0.3992015968063872,0.14970059880239522,False,True,True,True,False,19,24,0.0004802999901585281
paper_f1_cusp__uniform__n500,paper_f1_cusp,uniform,500,58,0.3,0.3,0.20958083832335328,0.3992015968063872,0.18962075848303395,False,True,True,True,False,16,25,0.0004724999889731407
paper_f1_cusp__uniform__n500,paper_f1_cusp,uniform,500,59,0.3,0.3,0.22554890219560877,0.3992015968063872,0.17365269461077845,False,True,True,True,False,17,26,0.00046419998398050666
paper_f1_cusp__uniform__n500,paper_f1_cusp,uniform,500,60,0.3,0.3,0.20958083832335328,0.3992015968063872,0.18962075848303395,False,True,True,True,False,16,24,0.00044239999260753393
paper_f1_cusp__uniform__n500,paper_f1_cusp,uniform,500,61,0.3,0.3,0.24151696606786427,0.36726546906187624,0.12574850299401197,False,True,True,True,False,16,26,0.0004362999461591244
paper_f1_cusp__uniform__n500,paper_f1_cusp,uniform,500,62,0.3,0.3,0.24151696606786427,0.4151696606786427,0.17365269461077842,False,True,True,True,False,17,23,0.0004340999876148999
paper_f1_cusp__uniform__n500,paper_f1_cusp,uniform,500,63,0.3,0.3,0.8363273453093812,0.36726546906187624,nan,True,False,False,False,False,18,28,0.0004922999651171267
paper_f1_cusp__uniform__n500,paper_f1_cusp,uniform,500,64,0.3,0.3,0.1936127744510978,0.36726546906187624,0.17365269461077842,False,True,True,True,False,15,23,0.0006173999863676727
paper_f1_cusp__uniform__n500,paper_f1_cusp,uniform,500,65,0.3,0.3,0.25748502994011974,0.36726546906187624,0.1097804391217565,False,True,True,True,False,18,29,0.00047209998592734337
paper_f1_cusp__uniform__n500,paper_f1_cusp,uniform,500,66,0.3,0.3,0.24151696606786427,0.4151696606786427,0.17365269461077842,False,True,True,True,False,19,26,0.0004566999850794673
paper_f1_cusp__uniform__n500,paper_f1_cusp,uniform,500,67,0.3,0.3,0.20958083832335328,0.3992015968063872,0.18962075848303395,False,True,True,True,False,16,24,0.0005025999853387475
paper_f1_cusp__uniform__n500,paper_f1_cusp,uniform,500,68,0.3,0.3,0.20958083832335328,0.4151696606786427,0.2055888223552894,False,True,True,True,False,16,23,0.0005412999889813364
paper_f1_cusp__uniform__n500,paper_f1_cusp,uniform,500,69,0.3,0.3,0.24151696606786427,0.35129740518962077,0.1097804391217565,False,True,True,True,False,18,26,0.000505700008943677
paper_f1_cusp__uniform__n500,paper_f1_cusp,uniform,500,70,0.3,0.3,0.20958083832335328,0.4151696606786427,0.2055888223552894,False,True,True,True,False,16,24,0.0004428999964147806
paper_f1_cusp__uniform__n500,paper_f1_cusp,uniform,500,71,0.3,0.3,0.20958083832335328,0.38323353293413176,0.17365269461077848,False,True,True,True,False,15,27,0.00046439998550340533
paper_f1_cusp__uniform__n500,paper_f1_cusp,uniform,500,72,0.3,0.3,0.20958083832335328,0.4151696606786427,0.2055888223552894,False,True,True,True,False,16,24,0.0006226000259630382
paper_f1_cusp__uniform__n500,paper_f1_cusp,uniform,500,73,0.3,0.3,0.20958083832335328,0.37524950099800397,0.1656686626746507,False,True,True,True,False,15,27,0.00046060001477599144
paper_f1_cusp__uniform__n500,paper_f1_cusp,uniform,500,74,0.3,0.3,0.22554890219560877,0.4151696606786427,0.18962075848303392,False,True,True,True,False,17,25,0.0006275000050663948
paper_f1_cusp__uniform__n500,paper_f1_cusp,uniform,500,75,0.3,0.3,0.24151696606786427,0.4151696606786427,0.17365269461077842,False,True,True,True,False,19,24,0.0006889000069350004
paper_f1_cusp__uniform__n500,paper_f1_cusp,uniform,500,76,0.3,0.3,0.22554890219560877,0.4151696606786427,0.18962075848303392,False,True,True,True,False,16,24,0.0004932000301778316
paper_f1_cusp__uniform__n500,paper_f1_cusp,uniform,500,77,0.3,0.3,0.25748502994011974,0.36726546906187624,0.1097804391217565,False,True,True,True,False,21,27,0.0004455999587662518
paper_f1_cusp__uniform__n500,paper_f1_cusp,uniform,500,78,0.3,0.3,0.24151696606786427,0.36726546906187624,0.12574850299401197,False,True,True,True,False,16,25,0.00046469998778775334
paper_f1_cusp__uniform__n500,paper_f1_cusp,uniform,500,79,0.3,0.3,0.25748502994011974,0.36726546906187624,0.1097804391217565,False,True,True,True,False,18,26,0.0004903000080958009
paper_f1_cusp__uniform__n500,paper_f1_cusp,uniform,500,80,0.3,0.3,0.25748502994011974,0.4151696606786427,0.15768463073852296,False,True,True,True,False,15,25,0.0005155999679118395
paper_f1_cusp__uniform__n500,paper_f1_cusp,uniform,500,81,0.3,0.3,0.24151696606786427,0.4151696606786427,0.17365269461077842,False,True,True,True,False,17,25,0.0004181999829597771
paper_f1_cusp__uniform__n500,paper_f1_cusp,uniform,500,82,0.3,0.3,0.24151696606786427,0.4151696606786427,0.17365269461077842,False,True,True,True,False,14,24,0.000471399980597198
paper_f1_cusp__uniform__n500,paper_f1_cusp,uniform,500,83,0.3,0.3,0.20958083832335328,0.3992015968063872,0.18962075848303395,False,True,True,True,False,17,24,0.0005395999760366976
paper_f1_cusp__uniform__n500,paper_f1_cusp,uniform,500,84,0.3,0.3,0.20958083832335328,0.4151696606786427,0.2055888223552894,False,True,True,True,False,16,27,0.0005234999698586762
paper_f1_cusp__uniform__n500,paper_f1_cusp,uniform,500,85,0.3,0.3,0.25748502994011974,0.38323353293413176,0.12574850299401202,False,True,True,True,False,19,28,0.0005224000196903944
paper_f1_cusp__uniform__n500,paper_f1_cusp,uniform,500,86,0.3,0.3,0.20958083832335328,0.36726546906187624,0.15768463073852296,False,True,True,True,False,16,26,0.0004620999679900706
paper_f1_cusp__uniform__n500,paper_f1_cusp,uniform,500,87,0.3,0.3,0.24151696606786427,0.4151696606786427,0.17365269461077842,False,True,True,True,False,17,24,0.00041849998524412513
paper_f1_cusp__uniform__n500,paper_f1_cusp,uniform,500,88,0.3,0.3,0.20958083832335328,0.4151696606786427,0.2055888223552894,False,True,True,True,False,17,28,0.00047369999811053276
paper_f1_cusp__uniform__n500,paper_f1_cusp,uniform,500,89,0.3,0.3,0.20958083832335328,0.38323353293413176,0.17365269461077848,False,True,True,True,False,14,26,0.0006078000296838582
paper_f1_cusp__uniform__n500,paper_f1_cusp,uniform,500,90,0.3,0.3,0.20958083832335328,0.4151696606786427,0.2055888223552894,False,True,True,True,False,17,23,0.0005575999966822565
paper_f1_cusp__uniform__n500,paper_f1_cusp,uniform,500,91,0.3,0.3,0.20958083832335328,0.4151696606786427,0.2055888223552894,False,True,True,True,False,15,28,0.0005432000034488738
paper_f1_cusp__uniform__n500,paper_f1_cusp,uniform,500,92,0.3,0.3,0.24151696606786427,0.36726546906187624,0.12574850299401197,False,True,True,True,False,17,27,0.0005122000002302229
paper_f1_cusp__uniform__n500,paper_f1_cusp,uniform,500,93,0.3,0.3,0.22554890219560877,0.4151696606786427,0.18962075848303392,False,True,True,True,False,16,24,0.0005799999926239252
paper_f1_cusp__uniform__n500,paper_f1_cusp,uniform,500,94,0.3,0.3,0.249500998003992,0.3992015968063872,0.14970059880239522,False,True,True,True,False,20,24,0.0006278000073507428
paper_f1_cusp__uniform__n500,paper_f1_cusp,uniform,500,95,0.3,0.3,0.24151696606786427,0.4151696606786427,0.17365269461077842,False,True,True,True,False,17,24,0.0005687999655492604
paper_f1_cusp__uniform__n500,paper_f1_cusp,uniform,500,96,0.3,0.3,0.25748502994011974,0.36726546906187624,0.1097804391217565,False,True,True,True,False,18,27,0.00047909998102113605
paper_f1_cusp__uniform__n500,paper_f1_cusp,uniform,500,97,0.3,0.3,0.20958083832335328,0.4151696606786427,0.2055888223552894,False,True,True,True,False,16,25,0.0004820000031031668
paper_f1_cusp__uniform__n500,paper_f1_cusp,uniform,500,98,0.3,0.3,0.20958083832335328,0.3992015968063872,0.18962075848303395,False,True,True,True,False,16,26,0.0004480000352486968
paper_f1_cusp__uniform__n500,paper_f1_cusp,uniform,500,99,0.3,0.3,0.20958083832335328,0.3992015968063872,0.18962075848303395,False,True,True,True,False,16,26,0.0005160000291652977
paper_f1_cusp__uniform__n500,paper_f1_cusp,uniform,500,100,0.3,0.3,0.20958083832335328,0.4151696606786427,0.2055888223552894,False,True,True,True,False,16,26,0.0005239000311121345
paper_f1_cusp__uniform__n500,paper_f1_cusp,uniform,500,101,0.3,0.3,0.20958083832335328,0.3992015968063872,0.18962075848303395,False,True,True,True,False,15,25,0.00044350000098347664
paper_f1_cusp__uniform__n500,paper_f1_cusp,uniform,500,102,0.3,0.3,0.22554890219560877,0.36726546906187624,0.14171656686626746,False,True,True,True,False,16,25,0.0004484999808482826
paper_f1_cusp__uniform__n500,paper_f1_cusp,uniform,500,103,0.3,0.3,0.20958083832335328,0.3992015968063872,0.18962075848303395,False,True,True,True,False,16,25,0.0004580000531859696
paper_f1_cusp__uniform__n500,paper_f1_cusp,uniform,500,104,0.3,0.3,0.20958083832335328,0.3992015968063872,0.18962075848303395,False,True,True,True,False,16,25,0.00045900000259280205
paper_f1_cusp__uniform__n500,paper_f1_cusp,uniform,500,105,0.3,0.3,0.1936127744510978,0.3992015968063872,0.2055888223552894,False,True,True,True,False,16,26,0.0005370000144466758
paper_f1_cusp__uniform__n500,paper_f1_cusp,uniform,500,106,0.3,0.3,0.20958083832335328,0.3992015968063872,0.18962075848303395,False,True,True,True,False,16,25,0.0005142999580129981
paper_f1_cusp__uniform__n500,paper_f1_cusp,uniform,500,107,0.3,0.3,0.20958083832335328,0.4151696606786427,0.2055888223552894,False,True,True,True,False,16,22,0.0005012000328861177
paper_f1_cusp__uniform__n500,paper_f1_cusp,uniform,500,108,0.3,0.3,0.20958083832335328,0.3992015968063872,0.18962075848303395,False,True,True,True,False,14,24,0.0005714999861083925
paper_f1_cusp__uniform__n500,paper_f1_cusp,uniform,500,109,0.3,0.3,0.24151696606786427,0.35129740518962077,0.1097804391217565,False,True,True,True,False,18,27,0.00046140002086758614
paper_f1_cusp__uniform__n500,paper_f1_cusp,uniform,500,110,0.3,0.3,0.249500998003992,0.4151696606786427,0.1656686626746507,False,True,True,True,False,19,24,0.0004591000033542514
paper_f1_cusp__uniform__n500,paper_f1_cusp,uniform,500,111,0.3,0.3,0.20958083832335328,0.36726546906187624,0.15768463073852296,False,True,True,True,False,15,26,0.0005186999915167689
paper_f1_cusp__uniform__n500,paper_f1_cusp,uniform,500,112,0.3,0.3,0.24151696606786427,0.38323353293413176,0.1417165668662675,False,True,True,True,False,16,26,0.0004670000053010881
paper_f1_cusp__uniform__n500,paper_f1_cusp,uniform,500,113,0.3,0.3,0.20958083832335328,0.3992015968063872,0.18962075848303395,False,True,True,True,False,17,24,0.000596500001847744
paper_f1_cusp__uniform__n500,paper_f1_cusp,uniform,500,114,0.3,0.3,0.24151696606786427,0.35129740518962077,0.1097804391217565,False,True,True,True,False,18,27,0.0008136999676935375
paper_f1_cusp__uniform__n500,paper_f1_cusp,uniform,500,115,0.3,0.3,0.22554890219560877,0.4151696606786427,0.18962075848303392,False,True,True,True,False,18,23,0.0005586000042967498
paper_f1_cusp__uniform__n500,paper_f1_cusp,uniform,500,116,0.3,0.3,0.24151696606786427,0.4151696606786427,0.17365269461077842,False,True,True,True,False,17,24,0.0005112000508233905
paper_f1_cusp__uniform__n500,paper_f1_cusp,uniform,500,117,0.3,0.3,0.24151696606786427,0.3992015968063872,0.15768463073852296,False,True,True,True,False,18,26,0.0004949000431224704
paper_f1_cusp__uniform__n500,paper_f1_cusp,uniform,500,118,0.3,0.3,0.22554890219560877,0.38323353293413176,0.15768463073852299,False,True,True,True,False,16,25,0.0005030999891459942
paper_f1_cusp__uniform__n500,paper_f1_cusp,uniform,500,119,0.3,0.3,0.20958083832335328,0.3992015968063872,0.18962075848303395,False,True,True,False,False,18,26,0.0005288000102154911
paper_f1_cusp__uniform__n500,paper_f1_cusp,uniform,500,120,0.3,0.3,0.22554890219560877,0.3992015968063872,0.17365269461077845,False,True,True,True,False,15,29,0.0005164999747648835
paper_f1_cusp__uniform__n500,paper_f1_cusp,uniform,500,121,0.3,0.3,0.20958083832335328,0.4151696606786427,0.2055888223552894,False,True,True,True,False,14,25,0.0004944000393152237
paper_f1_cusp__uniform__n500,paper_f1_cusp,uniform,500,122,0.3,0.3,0.22554890219560877,0.3992015968063872,0.17365269461077845,False,True,True,True,False,15,28,0.0005262999911792576
paper_f1_cusp__uniform__n500,paper_f1_cusp,uniform,500,123,0.3,0.3,0.22554890219560877,0.3992015968063872,0.17365269461077845,False,True,True,True,False,18,23,0.0005376999615691602
paper_f1_cusp__uniform__n500,paper_f1_cusp,uniform,500,124,0.3,0.3,0.24151696606786427,0.3992015968063872,0.15768463073852296,False,True,True,True,False,18,26,0.0006427000043913722
paper_f1_cusp__uniform__n500,paper_f1_cusp,uniform,500,125,0.3,0.3,0.1936127744510978,0.3992015968063872,0.2055888223552894,False,True,True,True,False,15,24,0.0005940999835729599
paper_f1_cusp__uniform__n500,paper_f1_cusp,uniform,500,126,0.3,0.3,0.20958083832335328,0.4151696606786427,0.2055888223552894,False,True,True,True,False,16,26,0.0005721000488847494
paper_f1_cusp__uniform__n500,paper_f1_cusp,uniform,500,127,0.3,0.3,0.20958083832335328,0.3592814371257485,0.14970059880239522,False,True,True,True,False,16,26,0.0005551999784074724
paper_f1_cusp__uniform__n500,paper_f1_cusp,uniform,500,128,0.3,0.3,0.20958083832335328,0.33532934131736525,0.12574850299401197,False,True,True,True,False,16,25,0.0006051999516785145
paper_f1_cusp__uniform__n500,paper_f1_cusp,uniform,500,129,0.3,0.3,0.20958083832335328,0.3992015968063872,0.18962075848303395,False,True,True,True,False,15,25,0.0007443000213243067
paper_f1_cusp__uniform__n500,paper_f1_cusp,uniform,500,130,0.3,0.3,0.24151696606786427,0.3992015968063872,0.15768463073852296,False,True,True,True,False,18,26,0.0006003000307828188
paper_f1_cusp__uniform__n500,paper_f1_cusp,uniform,500,131,0.3,0.3,0.249500998003992,0.3992015968063872,0.14970059880239522,False,True,True,True,False,17,27,0.0009454999817535281
paper_f1_cusp__uniform__n500,paper_f1_cusp,uniform,500,132,0.3,0.3,0.20958083832335328,0.4151696606786427,0.2055888223552894,False,True,True,True,False,17,25,0.0006749000167474151
paper_f1_cusp__uniform__n500,paper_f1_cusp,uniform,500,133,0.3,0.3,0.25748502994011974,0.36726546906187624,0.1097804391217565,False,True,True,True,False,17,27,0.0005484000430442393
paper_f1_cusp__uniform__n500,paper_f1_cusp,uniform,500,134,0.3,0.3,0.24151696606786427,0.4151696606786427,0.17365269461077842,False,True,True,True,False,17,24,0.000548599986359477
paper_f1_cusp__uniform__n500,paper_f1_cusp,uniform,500,135,0.3,0.3,0.22554890219560877,0.3992015968063872,0.17365269461077845,False,True,True,True,False,16,23,0.0005683000199496746
paper_f1_cusp__uniform__n500,paper_f1_cusp,uniform,500,136,0.3,0.3,0.20958083832335328,0.35129740518962077,0.1417165668662675,False,True,True,True,False,16,29,0.00046929996460676193
paper_f1_cusp__uniform__n500,paper_f1_cusp,uniform,500,137,0.3,0.3,0.27345309381237526,0.35129740518962077,0.07784431137724551,False,True,True,True,False,21,27,0.000499200017657131
paper_f1_cusp__uniform__n500,paper_f1_cusp,uniform,500,138,0.3,0.3,0.20958083832335328,0.38323353293413176,0.17365269461077848,False,True,True,True,False,16,27,0.0005851000314578414
paper_f1_cusp__uniform__n500,paper_f1_cusp,uniform,500,139,0.3,0.3,0.20958083832335328,0.4151696606786427,0.2055888223552894,False,True,True,True,False,15,24,0.000555099977646023
paper_f1_cusp__uniform__n500,paper_f1_cusp,uniform,500,140,0.3,0.3,0.20958083832335328,0.4151696606786427,0.2055888223552894,False,True,True,True,False,15,22,0.0006349000032059848
paper_f1_cusp__uniform__n500,paper_f1_cusp,uniform,500,141,0.3,0.3,0.20958083832335328,0.3592814371257485,0.14970059880239522,False,True,True,True,False,16,28,0.0005148999625816941
paper_f1_cusp__uniform__n500,paper_f1_cusp,uniform,500,142,0.3,0.3,0.24151696606786427,0.35129740518962077,0.1097804391217565,False,True,True,True,False,18,28,0.0004907000111415982
paper_f1_cusp__uniform__n500,paper_f1_cusp,uniform,500,143,0.3,0.3,0.25748502994011974,0.4151696606786427,0.15768463073852296,False,True,True,True,False,16,26,0.0005167999770492315
paper_f1_cusp__uniform__n500,paper_f1_cusp,uniform,500,144,0.3,0.3,0.22554890219560877,0.3992015968063872,0.17365269461077845,False,True,True,True,False,15,26,0.0005404999828897417
paper_f1_cusp__uniform__n500,paper_f1_cusp,uniform,500,145,0.3,0.3,0.20958083832335328,0.4151696606786427,0.2055888223552894,False,True,True,True,False,16,25,0.0005204000044614077
paper_f1_cusp__uniform__n500,paper_f1_cusp,uniform,500,146,0.3,0.3,0.24151696606786427,0.38323353293413176,0.1417165668662675,False,True,True,True,False,16,25,0.00046989996917545795
paper_f1_cusp__uniform__n500,paper_f1_cusp,uniform,500,147,0.3,0.3,0.24151696606786427,0.4151696606786427,0.17365269461077842,False,True,True,True,False,20,27,0.0004526000120677054
paper_f1_cusp__uniform__n500,paper_f1_cusp,uniform,500,148,0.3,0.3,0.20958083832335328,0.3992015968063872,0.18962075848303395,False,True,True,True,False,16,25,0.0004862999776378274
paper_f1_cusp__uniform__n500,paper_f1_cusp,uniform,500,149,0.3,0.3,0.24151696606786427,0.35129740518962077,0.1097804391217565,False,True,True,True,False,18,26,0.0006974000134505332
paper_f1_cusp__uniform__n500,paper_f1_cusp,uniform,500,150,0.3,0.3,0.24151696606786427,0.4151696606786427,0.17365269461077842,False,True,True,True,False,16,24,0.0007415000000037253
paper_f1_cusp__uniform__n500,paper_f1_cusp,uniform,500,151,0.3,0.3,0.22554890219560877,0.3992015968063872,0.17365269461077845,False,True,True,True,False,18,25,0.0005702999769710004
paper_f1_cusp__uniform__n500,paper_f1_cusp,uniform,500,152,0.3,0.3,0.20958083832335328,0.3992015968063872,0.18962075848303395,False,True,True,True,False,17,23,0.0005467000300996006
paper_f1_cusp__uniform__n500,paper_f1_cusp,uniform,500,153,0.3,0.3,0.1936127744510978,0.3992015968063872,0.2055888223552894,False,True,True,False,False,16,25,0.000639400037471205
paper_f1_cusp__uniform__n500,paper_f1_cusp,uniform,500,154,0.3,0.3,0.20958083832335328,0.4151696606786427,0.2055888223552894,False,True,True,True,False,15,24,0.0006212000153027475
paper_f1_cusp__uniform__n500,paper_f1_cusp,uniform,500,155,0.3,0.3,0.20958083832335328,0.36726546906187624,0.15768463073852296,False,True,True,True,False,16,27,0.00047959998482838273
paper_f1_cusp__uniform__n500,paper_f1_cusp,uniform,500,156,0.3,0.3,0.249500998003992,0.4311377245508982,0.1816367265469062,False,True,True,True,False,16,25,0.0005601000157184899
paper_f1_cusp__uniform__n500,paper_f1_cusp,uniform,500,157,0.3,0.3,0.24151696606786427,0.4151696606786427,0.17365269461077842,False,True,True,True,False,18,25,0.0006312999757938087
paper_f1_cusp__uniform__n500,paper_f1_cusp,uniform,500,158,0.3,0.3,0.20958083832335328,0.4151696606786427,0.2055888223552894,False,True,True,True,False,15,24,0.0005818000063300133
paper_f1_cusp__uniform__n500,paper_f1_cusp,uniform,500,159,0.3,0.3,0.20958083832335328,0.3592814371257485,0.14970059880239522,False,True,True,True,False,15,29,0.0004943999811075628
paper_f1_cusp__uniform__n500,paper_f1_cusp,uniform,500,160,0.3,0.3,0.24151696606786427,0.24750499001996007,0.0059880239520958,False,False,True,False,False,18,27,0.0005629999795928597
paper_f1_cusp__uniform__n500,paper_f1_cusp,uniform,500,161,0.3,0.3,0.20958083832335328,0.38323353293413176,0.17365269461077848,False,True,True,True,False,16,24,0.0005391000304371119
paper_f1_cusp__uniform__n500,paper_f1_cusp,uniform,500,162,0.3,0.3,0.24151696606786427,0.4151696606786427,0.17365269461077842,False,True,True,True,False,16,26,0.0006175999878905714
paper_f1_cusp__uniform__n500,paper_f1_cusp,uniform,500,163,0.3,0.3,0.1936127744510978,0.3992015968063872,0.2055888223552894,False,True,True,True,False,15,23,0.0005259999888949096
paper_f1_cusp__uniform__n500,paper_f1_cusp,uniform,500,164,0.3,0.3,0.24151696606786427,0.4151696606786427,0.17365269461077842,False,True,True,True,False,17,25,0.0005377000197768211
paper_f1_cusp__uniform__n500,paper_f1_cusp,uniform,500,165,0.3,0.3,0.20958083832335328,0.3992015968063872,0.18962075848303395,False,True,True,True,False,16,23,0.0005322000361047685
paper_f1_cusp__uniform__n500,paper_f1_cusp,uniform,500,166,0.3,0.3,0.20958083832335328,0.36726546906187624,0.15768463073852296,False,True,True,True,False,17,27,0.000603899999987334
paper_f1_cusp__uniform__n500,paper_f1_cusp,uniform,500,167,0.3,0.3,0.24151696606786427,0.35129740518962077,0.1097804391217565,False,True,True,False,False,17,30,0.0008205999620258808
paper_f1_cusp__uniform__n500,paper_f1_cusp,uniform,500,168,0.3,0.3,0.24151696606786427,0.4151696606786427,0.17365269461077842,False,True,True,True,False,19,24,0.0006939000450074673
paper_f1_cusp__uniform__n500,paper_f1_cusp,uniform,500,169,0.3,0.3,0.22554890219560877,0.4151696606786427,0.18962075848303392,False,True,True,True,False,16,25,0.0005736000020988286
paper_f1_cusp__uniform__n500,paper_f1_cusp,uniform,500,170,0.3,0.3,0.24151696606786427,0.4151696606786427,0.17365269461077842,False,True,True,True,False,15,24,0.0005246999789960682
paper_f1_cusp__uniform__n500,paper_f1_cusp,uniform,500,171,0.3,0.3,0.1936127744510978,0.4151696606786427,0.22155688622754488,False,True,True,True,False,16,24,0.0005026999861001968
paper_f1_cusp__uniform__n500,paper_f1_cusp,uniform,500,172,0.3,0.3,0.24151696606786427,0.3992015968063872,0.15768463073852296,False,True,True,True,False,19,24,0.000532899983227253
paper_f1_cusp__uniform__n500,paper_f1_cusp,uniform,500,173,0.3,0.3,0.24151696606786427,0.3992015968063872,0.15768463073852296,False,True,True,True,False,18,24,0.00047069997526705265
paper_f1_cusp__uniform__n500,paper_f1_cusp,uniform,500,174,0.3,0.3,0.20958083832335328,0.38323353293413176,0.17365269461077848,False,True,True,True,False,16,26,0.0006031999946571887
paper_f1_cusp__uniform__n500,paper_f1_cusp,uniform,500,175,0.3,0.3,0.20958083832335328,0.3992015968063872,0.18962075848303395,False,True,True,True,False,16,26,0.0007444000220857561
paper_f1_cusp__uniform__n500,paper_f1_cusp,uniform,500,176,0.3,0.3,0.249500998003992,0.35129740518962077,0.10179640718562877,False,True,True,True,False,17,25,0.0005626999773085117
paper_f1_cusp__uniform__n500,paper_f1_cusp,uniform,500,177,0.3,0.3,0.20958083832335328,0.3992015968063872,0.18962075848303395,False,True,True,True,False,15,25,0.0005469999741762877
paper_f1_cusp__uniform__n500,paper_f1_cusp,uniform,500,178,0.3,0.3,0.1936127744510978,0.36726546906187624,0.17365269461077842,False,True,True,True,False,15,25,0.00078369997208938
paper_f1_cusp__uniform__n500,paper_f1_cusp,uniform,500,179,0.3,0.3,0.20958083832335328,0.3992015968063872,0.18962075848303395,False,True,True,True,False,16,24,0.0005206000059843063
paper_f1_cusp__uniform__n500,paper_f1_cusp,uniform,500,180,0.3,0.3,0.22554890219560877,0.38323353293413176,0.15768463073852299,False,True,True,True,False,17,26,0.0005027999868616462
paper_f1_cusp__uniform__n500,paper_f1_cusp,uniform,500,181,0.3,0.3,0.24151696606786427,0.35129740518962077,0.1097804391217565,False,True,True,True,False,17,25,0.0005377000197768211
paper_f1_cusp__uniform__n500,paper_f1_cusp,uniform,500,182,0.3,0.3,0.22554890219560877,0.3992015968063872,0.17365269461077845,False,True,True,True,False,16,24,0.0005570000503212214
paper_f1_cusp__uniform__n500,paper_f1_cusp,uniform,500,183,0.3,0.3,0.1936127744510978,0.3992015968063872,0.2055888223552894,False,True,True,True,False,15,26,0.0005938000394962728
paper_f1_cusp__uniform__n500,paper_f1_cusp,uniform,500,184,0.3,0.3,0.1936127744510978,0.4151696606786427,0.22155688622754488,False,True,True,True,False,13,25,0.0008456999785266817
paper_f1_cusp__uniform__n500,paper_f1_cusp,uniform,500,185,0.3,0.3,0.24151696606786427,0.4151696606786427,0.17365269461077842,False,True,True,True,False,18,26,0.0007422000053338706
paper_f1_cusp__uniform__n500,paper_f1_cusp,uniform,500,186,0.3,0.3,0.20958083832335328,0.3992015968063872,0.18962075848303395,False,True,True,True,False,16,24,0.000568099960219115
paper_f1_cusp__uniform__n500,paper_f1_cusp,uniform,500,187,0.3,0.3,0.25748502994011974,0.36726546906187624,0.1097804391217565,False,True,True,True,False,18,27,0.0005333000444807112
paper_f1_cusp__uniform__n500,paper_f1_cusp,uniform,500,188,0.3,0.3,0.20958083832335328,0.36726546906187624,0.15768463073852296,False,True,True,True,False,16,26,0.0005246000364422798
paper_f1_cusp__uniform__n500,paper_f1_cusp,uniform,500,189,0.3,0.3,0.20958083832335328,0.3992015968063872,0.18962075848303395,False,True,True,True,False,17,26,0.0005161999724805355
paper_f1_cusp__uniform__n500,paper_f1_cusp,uniform,500,190,0.3,0.3,0.2774451097804391,0.4151696606786427,0.13772455089820357,False,True,True,True,False,20,25,0.0006249999860301614
paper_f1_cusp__uniform__n500,paper_f1_cusp,uniform,500,191,0.3,0.3,0.20958083832335328,0.4151696606786427,0.2055888223552894,False,True,True,True,False,17,25,0.0005947999889031053
paper_f1_cusp__uniform__n500,paper_f1_cusp,uniform,500,192,0.3,0.3,0.24151696606786427,0.3992015968063872,0.15768463073852296,False,True,True,True,False,17,25,0.0007124000112526119
paper_f1_cusp__uniform__n500,paper_f1_cusp,uniform,500,193,0.3,0.3,0.24151696606786427,0.3992015968063872,0.15768463073852296,False,True,True,True,False,18,26,0.0006711999885737896
paper_f1_cusp__uniform__n500,paper_f1_cusp,uniform,500,194,0.3,0.3,0.24151696606786427,0.4151696606786427,0.17365269461077842,False,True,True,True,False,18,26,0.0005797999911010265
paper_f1_cusp__uniform__n500,paper_f1_cusp,uniform,500,195,0.3,0.3,0.20958083832335328,0.36726546906187624,0.15768463073852296,False,True,True,True,False,16,25,0.0005204000044614077
paper_f1_cusp__uniform__n500,paper_f1_cusp,uniform,500,196,0.3,0.3,0.20958083832335328,0.3992015968063872,0.18962075848303395,False,True,True,True,False,17,26,0.0004887999966740608
paper_f1_cusp__uniform__n500,paper_f1_cusp,uniform,500,197,0.3,0.3,0.22554890219560877,0.3992015968063872,0.17365269461077845,False,True,True,True,False,16,26,0.0005287000094540417
paper_f1_cusp__uniform__n500,paper_f1_cusp,uniform,500,198,0.3,0.3,0.24151696606786427,0.3992015968063872,0.15768463073852296,False,True,True,True,False,16,24,0.0005747000104747713
paper_f1_cusp__uniform__n500,paper_f1_cusp,uniform,500,199,0.3,0.3,0.20958083832335328,0.4151696606786427,0.2055888223552894,False,True,True,True,False,16,26,0.0008415000047534704
paper_f2_onset__uniform__n500,paper_f2_onset,uniform,500,0,0.3,0.3,0.1936127744510978,0.8942115768463074,0.7005988023952096,False,True,True,True,False,9,4,0.0008767999825067818
paper_f2_onset__uniform__n500,paper_f2_onset,uniform,500,1,0.3,0.3,0.1936127744510978,0.8942115768463074,0.7005988023952096,False,True,True,True,False,9,6,0.000742000003810972
paper_f2_onset__uniform__n500,paper_f2_onset,uniform,500,2,0.3,0.3,0.1936127744510978,0.8303393213572854,0.6367265469061876,False,True,True,True,False,9,7,0.000754999986384064
paper_f2_onset__uniform__n500,paper_f2_onset,uniform,500,3,0.3,0.3,0.1936127744510978,0.9580838323353293,0.7644710578842315,False,True,True,True,False,10,4,0.0005441999528557062
paper_f2_onset__uniform__n500,paper_f2_onset,uniform,500,4,0.3,0.3,0.12974051896207583,0.8942115768463074,0.7644710578842315,False,True,True,True,False,7,6,0.0005920999683439732
paper_f2_onset__uniform__n500,paper_f2_onset,uniform,500,5,0.3,0.3,0.1936127744510978,0.8942115768463074,0.7005988023952096,False,True,True,True,False,8,4,0.0004667000030167401
paper_f2_onset__uniform__n500,paper_f2_onset,uniform,500,6,0.3,0.3,0.12974051896207583,0.9580838323353293,0.8283433133732535,False,True,True,True,False,8,4,0.0005126000032760203
paper_f2_onset__uniform__n500,paper_f2_onset,uniform,500,7,0.3,0.3,0.16167664670658682,0.5409181636726547,0.37924151696606784,False,True,True,False,False,10,6,0.000506000011228025
paper_f2_onset__uniform__n500,paper_f2_onset,uniform,500,8,0.3,0.3,0.12974051896207583,0.8942115768463074,0.7644710578842315,False,True,True,True,False,8,6,0.0005151000223122537
paper_f2_onset__uniform__n500,paper_f2_onset,uniform,500,9,0.3,0.3,0.12974051896207583,0.8942115768463074,0.7644710578842315,False,True,True,True,False,9,5,0.0005030999891459942
paper_f2_onset__uniform__n500,paper_f2_onset,uniform,500,10,0.3,0.3,0.16167664670658682,0.8942115768463074,0.7325349301397206,False,True,True,True,False,9,6,0.00047480000648647547
paper_f2_onset__uniform__n500,paper_f2_onset,uniform,500,11,0.3,0.3,0.21357285429141717,0.8942115768463074,0.6806387225548902,False,True,True,False,False,9,6,0.0004958999925293028
paper_f2_onset__uniform__n500,paper_f2_onset,uniform,500,12,0.3,0.3,0.1936127744510978,0.8942115768463074,0.7005988023952096,False,True,True,True,False,10,6,0.0004659999976865947
paper_f2_onset__uniform__n500,paper_f2_onset,uniform,500,13,0.3,0.3,0.1936127744510978,0.8942115768463074,0.7005988023952096,False,True,True,True,False,13,6,0.0004982000100426376
paper_f2_onset__uniform__n500,paper_f2_onset,uniform,500,14,0.3,0.3,0.16167664670658682,0.8942115768463074,0.7325349301397206,False,True,True,True,False,7,5,0.0005193999968469143
paper_f2_onset__uniform__n500,paper_f2_onset,uniform,500,15,0.3,0.3,0.16167664670658682,0.8942115768463074,0.7325349301397206,False,True,True,True,False,9,6,0.0005506000015884638
paper_f2_onset__uniform__n500,paper_f2_onset,uniform,500,16,0.3,0.3,0.22554890219560877,0.8942115768463074,0.6686626746506986,False,True,True,True,False,9,6,0.0007036000024527311
paper_f2_onset__uniform__n500,paper_f2_onset,uniform,500,17,0.3,0.3,0.1936127744510978,0.8942115768463074,0.7005988023952096,False,True,True,True,False,9,7,0.0006211000145412982
paper_f2_onset__uniform__n500,paper_f2_onset,uniform,500,18,0.3,0.3,0.12974051896207583,0.8303393213572854,0.7005988023952096,False,True,True,True,False,8,7,0.0006033999961800873
paper_f2_onset__uniform__n500,paper_f2_onset,uniform,500,19,0.3,0.3,0.12974051896207583,0.6387225548902196,0.5089820359281437,False,True,True,False,False,7,7,0.0005241000326350331
paper_f2_onset__uniform__n500,paper_f2_onset,uniform,500,20,0.3,0.3,0.12974051896207583,0.8942115768463074,0.7644710578842315,False,True,True,True,False,8,6,0.0006520000169984996
paper_f2_onset__uniform__n500,paper_f2_onset,uniform,500,21,0.3,0.3,0.16167664670658682,0.8942115768463074,0.7325349301397206,False,True,True,True,False,10,6,0.000534699996933341
paper_f2_onset__uniform__n500,paper_f2_onset,uniform,500,22,0.3,0.3,0.1936127744510978,0.8303393213572854,0.6367265469061876,False,True,True,True,False,10,7,0.000533199985511601
paper_f2_onset__uniform__n500,paper_f2_onset,uniform,500,23,0.3,0.3,0.5528942115768463,0.8942115768463074,0.3413173652694611,False,False,True,False,False,9,6,0.0006169999833218753
paper_f2_onset__uniform__n500,paper_f2_onset,uniform,500,24,0.3,0.3,0.1936127744510978,0.8942115768463074,0.7005988023952096,False,True,True,True,False,9,6,0.0005683000199496746
paper_f2_onset__uniform__n500,paper_f2_onset,uniform,500,25,0.3,0.3,0.16167664670658682,0.8942115768463074,0.7325349301397206,False,True,True,True,False,8,6,0.0005559999844990671
paper_f2_onset__uniform__n500,paper_f2_onset,uniform,500,26,0.3,0.3,0.12974051896207583,0.8303393213572854,0.7005988023952096,False,True,True,True,False,7,7,0.0004879999905824661
paper_f2_onset__uniform__n500,paper_f2_onset,uniform,500,27,0.3,0.3,0.16167664670658682,0.8942115768463074,0.7325349301397206,False,True,True,True,False,9,7,0.0004993000184185803
paper_f2_onset__uniform__n500,paper_f2_onset,uniform,500,28,0.3,0.3,0.12974051896207583,0.8942115768463074,0.7644710578842315,False,True,True,True,False,7,5,0.00049919995944947
paper_f2_onset__uniform__n500,paper_f2_onset,uniform,500,29,0.3,0.3,0.16167664670658682,0.8942115768463074,0.7325349301397206,False,True,True,True,False,8,6,0.00048049999168142676
paper_f2_onset__uniform__n500,paper_f2_onset,uniform,500,30,0.3,0.3,0.1936127744510978,0.8942115768463074,0.7005988023952096,False,True,True,True,False,8,5,0.0004589000018313527
paper_f2_onset__uniform__n500,paper_f2_onset,uniform,500,31,0.3,0.3,0.1936127744510978,0.8942115768463074,0.7005988023952096,False,True,True,True,False,10,5,0.00047720002476125956
paper_f2_onset__uniform__n500,paper_f2_onset,uniform,500,32,0.3,0.3,0.12974051896207583,0.8942115768463074,0.7644710578842315,False,True,True,True,False,8,5,0.0005486999871209264
paper_f2_onset__uniform__n500,paper_f2_onset,uniform,500,33,0.3,0.3,0.1936127744510978,0.8942115768463074,0.7005988023952096,False,True,True,True,False,10,6,0.0005167000344954431
paper_f2_onset__uniform__n500,paper_f2_onset,uniform,500,34,0.3,0.3,0.1936127744510978,0.8942115768463074,0.7005988023952096,False,True,True,True,False,11,6,0.0008459000382572412
paper_f2_onset__uniform__n500,paper_f2_onset,uniform,500,35,0.3,0.3,0.12974051896207583,0.9580838323353293,0.8283433133732535,False,True,True,True,False,7,3,0.0006935999845154583
paper_f2_onset__uniform__n500,paper_f2_onset,uniform,500,36,0.3,0.3,0.12974051896207583,0.8303393213572854,0.7005988023952096,False,True,True,True,False,7,4,0.0005032999906688929
paper_f2_onset__uniform__n500,paper_f2_onset,uniform,500,37,0.3,0.3,0.22554890219560877,0.8942115768463074,0.6686626746506986,False,True,True,True,False,11,6,0.0005205999477766454
paper_f2_onset__uniform__n500,paper_f2_onset,uniform,500,38,0.3,0.3,0.12974051896207583,0.8942115768463074,0.7644710578842315,False,True,True,True,False,8,6,0.0004900000058114529
paper_f2_onset__uniform__n500,paper_f2_onset,uniform,500,39,0.3,0.3,0.1936127744510978,0.8942115768463074,0.7005988023952096,False,True,True,True,False,11,6,0.0004891999997198582
paper_f2_onset__uniform__n500,paper_f2_onset,uniform,500,40,0.3,0.3,0.1936127744510978,0.8942115768463074,0.7005988023952096,False,True,True,True,False,11,5,0.00047959998482838273
paper_f2_onset__uniform__n500,paper_f2_onset,uniform,500,41,0.3,0.3,0.1936127744510978,0.8942115768463074,0.7005988023952096,False,True,True,True,False,9,7,0.0005354000022634864
paper_f2_onset__uniform__n500,paper_f2_onset,uniform,500,42,0.3,0.3,0.1936127744510978,0.8942115768463074,0.7005988023952096,False,True,True,True,False,8,4,0.0005266000516712666
paper_f2_onset__uniform__n500,paper_f2_onset,uniform,500,43,0.3,0.3,0.16167664670658682,0.8942115768463074,0.7325349301397206,False,True,True,True,False,9,6,0.0005587000050581992
paper_f2_onset__uniform__n500,paper_f2_onset,uniform,500,44,0.3,0.3,0.16167664670658682,0.8303393213572854,0.6686626746506985,False,True,True,True,False,9,7,0.00048149999929592013
paper_f2_onset__uniform__n500,paper_f2_onset,uniform,500,45,0.3,0.3,0.405189620758483,0.4151696606786427,0.009980039920159667,False,False,True,False,False,8,7,0.0005079000256955624
paper_f2_onset__uniform__n500,paper_f2_onset,uniform,500,46,0.3,0.3,0.1936127744510978,0.8942115768463074,0.7005988023952096,False,True,True,True,False,11,5,0.0004708000342361629
paper_f2_onset__uniform__n500,paper_f2_onset,uniform,500,47,0.3,0.3,0.1936127744510978,0.9580838323353293,0.7644710578842315,False,True,True,True,False,10,4,0.0004805999924428761
paper_f2_onset__uniform__n500,paper_f2_onset,uniform,500,48,0.3,0.3,0.1936127744510978,0.998003992015968,0.8043912175648702,False,True,True,True,False,10,3,0.0005073999636806548
paper_f2_onset__uniform__n500,paper_f2_onset,uniform,500,49,0.3,0.3,0.16167664670658682,0.8942115768463074,0.7325349301397206,False,True,True,True,False,7,5,0.00048560003051534295
paper_f2_onset__uniform__n500,paper_f2_onset,uniform,500,50,0.3,0.3,0.1936127744510978,0.7345309381237525,0.5409181636726547,False,True,True,True,False,10,8,0.0004894000012427568
paper_f2_onset__uniform__n500,paper_f2_onset,uniform,500,51,0.3,0.3,0.12974051896207583,0.8942115768463074,0.7644710578842315,False,True,True,True,False,6,5,0.0005331000429578125
paper_f2_onset__uniform__n500,paper_f2_onset,uniform,500,52,0.3,0.3,0.12974051896207583,0.8942115768463074,0.7644710578842315,False,True,True,True,False,8,6,0.0005239999736659229
paper_f2_onset__uniform__n500,paper_f2_onset,uniform,500,53,0.3,0.3,0.22554890219560877,0.8942115768463074,0.6686626746506986,False,True,True,True,False,10,5,0.0007264000014401972
paper_f2_onset__uniform__n500,paper_f2_onset,uniform,500,54,0.3,0.3,0.1936127744510978,0.9580838323353293,0.7644710578842315,False,True,True,True,False,7,4,0.0006287999567575753
paper_f2_onset__uniform__n500,paper_f2_onset,uniform,500,55,0.3,0.3,0.1936127744510978,0.8942115768463074,0.7005988023952096,False,True,True,True,False,8,6,0.0006338999955914915
paper_f2_onset__uniform__n500,paper_f2_onset,uniform,500,56,0.3,0.3,0.12974051896207583,0.8942115768463074,0.7644710578842315,False,True,True,True,False,8,5,0.0006498000002466142
paper_f2_onset__uniform__n500,paper_f2_onset,uniform,500,57,0.3,0.3,0.16167664670658682,0.0658682634730539,nan,True,False,False,False,False,10,7,0.0005133999511599541
paper_f2_onset__uniform__n500,paper_f2_onset,uniform,500,58,0.3,0.3,0.1936127744510978,0.8942115768463074,0.7005988023952096,False,True,True,True,False,8,6,0.000499499961733818
paper_f2_onset__uniform__n500,paper_f2_onset,uniform,500,59,0.3,0.3,0.12974051896207583,0.8942115768463074,0.7644710578842315,False,True,True,True,False,9,6,0.0004919999628327787
paper_f2_onset__uniform__n500,paper_f2_onset,uniform,500,60,0.3,0.3,0.12974051896207583,0.8942115768463074,0.7644710578842315,False,True,True,True,False,8,5,0.0005267999949865043
paper_f2_onset__uniform__n500,paper_f2_onset,uniform,500,61,0.3,0.3,0.12974051896207583,0.8942115768463074,0.7644710578842315,False,True,True,True,False,9,6,0.0005866999854333699
paper_f2_onset__uniform__n500,paper_f2_onset,uniform,500,62,0.3,0.3,0.16167664670658682,0.8942115768463074,0.7325349301397206,False,True,True,True,False,9,6,0.0005528999608941376
paper_f2_onset__uniform__n500,paper_f2_onset,uniform,500,63,0.3,0.3,0.12974051896207583,0.8942115768463074,0.7644710578842315,False,True,True,True,False,9,6,0.0005083000287413597
paper_f2_onset__uniform__n500,paper_f2_onset,uniform,500,64,0.3,0.3,0.16167664670658682,0.8942115768463074,0.7325349301397206,False,True,True,True,False,9,5,0.0005439000087790191
paper_f2_onset__uniform__n500,paper_f2_onset,uniform,500,65,0.3,0.3,0.1936127744510978,0.8303393213572854,0.6367265469061876,False,True,True,True,False,10,7,0.00047209998592734337
paper_f2_onset__uniform__n500,paper_f2_onset,uniform,500,66,0.3,0.3,0.1936127744510978,0.8942115768463074,0.7005988023952096,False,True,True,True,False,8,4,0.000522000016644597
paper_f2_onset__uniform__n500,paper_f2_onset,uniform,500,67,0.3,0.3,0.1936127744510978,0.9580838323353293,0.7644710578842315,False,True,True,True,False,9,4,0.000547999981790781
paper_f2_onset__uniform__n500,paper_f2_onset,uniform,500,68,0.3,0.3,0.1936127744510978,0.8942115768463074,0.7005988023952096,False,True,True,True,False,10,6,0.00046960002509877086
paper_f2_onset__uniform__n500,paper_f2_onset,uniform,500,69,0.3,0.3,0.16167664670658682,0.8942115768463074,0.7325349301397206,False,True,True,True,False,7,6,0.0004659999976865947
paper_f2_onset__uniform__n500,paper_f2_onset,uniform,500,70,0.3,0.3,0.1936127744510978,0.8303393213572854,0.6367265469061876,False,True,True,True,False,10,7,0.0007320999866351485
paper_f2_onset__uniform__n500,paper_f2_onset,uniform,500,71,0.3,0.3,0.1936127744510978,0.8942115768463074,0.7005988023952096,False,True,True,True,False,9,6,0.0006771999760530889
paper_f2_onset__uniform__n500,paper_f2_onset,uniform,500,72,0.3,0.3,0.12974051896207583,0.8942115768463074,0.7644710578842315,False,True,True,True,False,8,6,0.0005287000094540417
paper_f2_onset__uniform__n500,paper_f2_onset,uniform,500,73,0.3,0.3,0.12974051896207583,0.8942115768463074,0.7644710578842315,False,True,True,True,False,8,5,0.0005848999717272818
paper_f2_onset__uniform__n500,paper_f2_onset,uniform,500,74,0.3,0.3,0.1936127744510978,0.8303393213572854,0.6367265469061876,False,True,True,True,False,11,6,0.0005076999659650028
paper_f2_onset__uniform__n500,paper_f2_onset,uniform,500,75,0.3,0.3,0.12974051896207583,0.9580838323353293,0.8283433133732535,False,True,True,False,False,9,4,0.0005379000212997198
paper_f2_onset__uniform__n500,paper_f2_onset,uniform,500,76,0.3,0.3,0.12974051896207583,0.8942115768463074,0.7644710578842315,False,True,True,True,False,7,6,0.0005506000015884638
paper_f2_onset__uniform__n500,paper_f2_onset,uniform,500,77,0.3,0.3,0.1936127744510978,0.9580838323353293,0.7644710578842315,False,True,True,True,False,9,4,0.0005422999965958297
paper_f2_onset__uniform__n500,paper_f2_onset,uniform,500,78,0.3,0.3,0.12974051896207583,0.8942115768463074,0.7644710578842315,False,True,True,True,False,9,5,0.0005079000256955624
paper_f2_onset__uniform__n500,paper_f2_onset,uniform,500,79,0.3,0.3,0.1936127744510978,0.8942115768463074,0.7005988023952096,False,True,True,True,False,9,6,0.000542099995072931
paper_f2_onset__uniform__n500,paper_f2_onset,uniform,500,80,0.3,0.3,0.1936127744510978,0.8942115768463074,0.7005988023952096,False,True,True,True,False,10,8,0.0005684000207111239
paper_f2_onset__uniform__n500,paper_f2_onset,uniform,500,81,0.3,0.3,0.16167664670658682,0.8942115768463074,0.7325349301397206,False,True,True,True,False,8,6,0.0005418999935500324
paper_f2_onset__uniform__n500,paper_f2_onset,uniform,500,82,0.3,0.3,0.12974051896207583,0.8942115768463074,0.7644710578842315,False,True,True,True,False,8,6,0.0005344999954104424
paper_f2_onset__uniform__n500,paper_f2_onset,uniform,500,83,0.3,0.3,0.1936127744510978,0.8942115768463074,0.7005988023952096,False,True,True,True,False,10,5,0.0005126000032760203
paper_f2_onset__uniform__n500,paper_f2_onset,uniform,500,84,0.3,0.3,0.1936127744510978,0.8303393213572854,0.6367265469061876,False,True,True,True,False,10,6,0.0005846999702043831
paper_f2_onset__uniform__n500,paper_f2_onset,uniform,500,85,0.3,0.3,0.12974051896207583,0.7664670658682635,0.6367265469061877,False,True,True,True,False,6,7,0.0005295000155456364
paper_f2_onset__uniform__n500,paper_f2_onset,uniform,500,86,0.3,0.3,0.8842315369261478,0.8942115768463074,0.009980039920159611,False,False,True,False,False,11,6,0.0005316999740898609
paper_f2_onset__uniform__n500,paper_f2_onset,uniform,500,87,0.3,0.3,0.16167664670658682,0.8942115768463074,0.7325349301397206,False,True,True,True,False,9,6,0.0005292000132612884
paper_f2_onset__uniform__n500,paper_f2_onset,uniform,500,88,0.3,0.3,0.12974051896207583,0.8942115768463074,0.7644710578842315,False,True,True,True,False,7,6,0.000825099996291101
paper_f2_onset__uniform__n500,paper_f2_onset,uniform,500,89,0.3,0.3,0.16167664670658682,0.8942115768463074,0.7325349301397206,False,True,True,True,False,8,6,0.0005898000090382993
paper_f2_onset__uniform__n500,paper_f2_onset,uniform,500,90,0.3,0.3,0.12974051896207583,0.8942115768463074,0.7644710578842315,False,True,True,True,False,7,5,0.0005082000279799104
paper_f2_onset__uniform__n500,paper_f2_onset,uniform,500,91,0.3,0.3,0.16167664670658682,0.8942115768463074,0.7325349301397206,False,True,True,True,False,8,6,0.0004441999481059611
paper_f2_onset__uniform__n500,paper_f2_onset,uniform,500,92,0.3,0.3,0.12974051896207583,0.8942115768463074,0.7644710578842315,False,True,True,True,False,9,5,0.0005481000407598913
paper_f2_onset__uniform__n500,paper_f2_onset,uniform,500,93,0.3,0.3,0.1936127744510978,0.8942115768463074,0.7005988023952096,False,True,True,True,False,10,5,0.0005119999987073243
paper_f2_onset__uniform__n500,paper_f2_onset,uniform,500,94,0.3,0.3,0.16167664670658682,0.9580838323353293,0.7964071856287425,False,True,True,True,False,8,4,0.0005327999824658036
paper_f2_onset__uniform__n500,paper_f2_onset,uniform,500,95,0.3,0.3,0.12974051896207583,0.8942115768463074,0.7644710578842315,False,True,True,True,False,8,5,0.0005008999723941088
paper_f2_onset__uniform__n500,paper_f2_onset,uniform,500,96,0.3,0.3,0.16167664670658682,0.8942115768463074,0.7325349301397206,False,True,True,True,False,9,6,0.0006257999921217561
paper_f2_onset__uniform__n500,paper_f2_onset,uniform,500,97,0.3,0.3,0.1936127744510978,0.8942115768463074,0.7005988023952096,False,True,True,True,False,9,5,0.0005495999939739704
paper_f2_onset__uniform__n500,paper_f2_onset,uniform,500,98,0.3,0.3,0.1936127744510978,0.8942115768463074,0.7005988023952096,False,True,True,True,False,9,6,0.0004885999951511621
paper_f2_onset__uniform__n500,paper_f2_onset,uniform,500,99,0.3,0.3,0.16167664670658682,0.4311377245508982,0.2694610778443114,False,True,True,False,False,8,6,0.0004984000115655363
paper_f2_onset__uniform__n500,paper_f2_onset,uniform,500,100,0.3,0.3,0.1936127744510978,0.8942115768463074,0.7005988023952096,False,True,True,True,False,9,6,0.0005301000201143324
paper_f2_onset__uniform__n500,paper_f2_onset,uniform,500,101,0.3,0.3,0.1936127744510978,0.8303393213572854,0.6367265469061876,False,True,True,True,False,11,8,0.0004982000100426376
paper_f2_onset__uniform__n500,paper_f2_onset,uniform,500,102,0.3,0.3,0.1936127744510978,0.8942115768463074,0.7005988023952096,False,True,True,True,False,10,5,0.0004384999629110098
paper_f2_onset__uniform__n500,paper_f2_onset,uniform,500,103,0.3,0.3,0.1936127744510978,0.8942115768463074,0.7005988023952096,False,True,True,True,False,9,6,0.0004708000342361629
paper_f2_onset__uniform__n500,paper_f2_onset,uniform,500,104,0.3,0.3,0.1936127744510978,0.8303393213572854,0.6367265469061876,False,True,True,True,False,10,5,0.0005406999844126403
paper_f2_onset__uniform__n500,paper_f2_onset,uniform,500,105,0.3,0.3,0.16167664670658682,0.8942115768463074,0.7325349301397206,False,True,True,True,False,9,6,0.0006987000233493745
paper_f2_onset__uniform__n500,paper_f2_onset,uniform,500,106,0.3,0.3,0.16167664670658682,0.5968063872255489,0.4351297405189621,False,True,True,False,False,9,7,0.0007314999820664525
paper_f2_onset__uniform__n500,paper_f2_onset,uniform,500,107,0.3,0.3,0.16167664670658682,0.8942115768463074,0.7325349301397206,False,True,True,True,False,9,5,0.0005629000370390713
paper_f2_onset__uniform__n500,paper_f2_onset,uniform,500,108,0.3,0.3,0.12974051896207583,0.8942115768463074,0.7644710578842315,False,True,True,True,False,9,5,0.000569900032132864
paper_f2_onset__uniform__n500,paper_f2_onset,uniform,500,109,0.3,0.3,0.1936127744510978,0.8942115768463074,0.7005988023952096,False,True,True,True,False,11,5,0.000526699994225055
paper_f2_onset__uniform__n500,paper_f2_onset,uniform,500,110,0.3,0.3,0.12974051896207583,0.8942115768463074,0.7644710578842315,False,True,True,True,False,8,5,0.0005525000160560012
paper_f2_onset__uniform__n500,paper_f2_onset,uniform,500,111,0.3,0.3,0.1936127744510978,0.8303393213572854,0.6367265469061876,False,True,True,True,False,9,7,0.0005039000534452498
paper_f2_onset__uniform__n500,paper_f2_onset,uniform,500,112,0.3,0.3,0.1936127744510978,0.9580838323353293,0.7644710578842315,False,True,True,True,False,10,4,0.0005937000387348235
paper_f2_onset__uniform__n500,paper_f2_onset,uniform,500,113,0.3,0.3,0.1936127744510978,0.8942115768463074,0.7005988023952096,False,True,True,True,False,11,6,0.0005184999899938703
paper_f2_onset__uniform__n500,paper_f2_onset,uniform,500,114,0.3,0.3,0.1936127744510978,0.8942115768463074,0.7005988023952096,False,True,True,True,False,9,5,0.00046930002281442285
paper_f2_onset__uniform__n500,paper_f2_onset,uniform,500,115,0.3,0.3,0.16167664670658682,0.8303393213572854,0.6686626746506985,False,True,True,True,False,9,7,0.0005423999973572791
paper_f2_onset__uniform__n500,paper_f2_onset,uniform,500,116,0.3,0.3,0.1936127744510978,0.8942115768463074,0.7005988023952096,False,True,True,True,False,11,7,0.0004770999657921493
paper_f2_onset__uniform__n500,paper_f2_onset,uniform,500,117,0.3,0.3,0.12974051896207583,0.8942115768463074,0.7644710578842315,False,True,True,True,False,7,4,0.00047450000420212746
paper_f2_onset__uniform__n500,paper_f2_onset,uniform,500,118,0.3,0.3,0.16167664670658682,0.8942115768463074,0.7325349301397206,False,True,True,True,False,9,5,0.0004737999988719821
paper_f2_onset__uniform__n500,paper_f2_onset,uniform,500,119,0.3,0.3,0.16167664670658682,0.8942115768463074,0.7325349301397206,False,True,True,True,False,7,5,0.00048260000767186284
paper_f2_onset__uniform__n500,paper_f2_onset,uniform,500,120,0.3,0.3,0.1936127744510978,0.8942115768463074,0.7005988023952096,False,True,True,True,False,12,6,0.00042990001384168863
paper_f2_onset__uniform__n500,paper_f2_onset,uniform,500,121,0.3,0.3,0.1936127744510978,0.8942115768463074,0.7005988023952096,False,True,True,True,False,10,6,0.0006030999938957393
paper_f2_onset__uniform__n500,paper_f2_onset,uniform,500,122,0.3,0.3,0.16167664670658682,0.8942115768463074,0.7325349301397206,False,True,True,True,False,7,4,0.0006170999840833247
paper_f2_onset__uniform__n500,paper_f2_onset,uniform,500,123,0.3,0.3,0.1936127744510978,0.8303393213572854,0.6367265469061876,False,True,True,True,False,10,7,0.0006086000357754529
paper_f2_onset__uniform__n500,paper_f2_onset,uniform,500,124,0.3,0.3,0.1936127744510978,0.9580838323353293,0.7644710578842315,False,True,True,True,False,9,4,0.0006296999636106193
paper_f2_onset__uniform__n500,paper_f2_onset,uniform,500,125,0.3,0.3,0.12974051896207583,0.8942115768463074,0.7644710578842315,False,True,True,True,False,7,6,0.000576700025703758
paper_f2_onset__uniform__n500,paper_f2_onset,uniform,500,126,0.3,0.3,0.16167664670658682,0.9580838323353293,0.7964071856287425,False,True,True,True,False,8,4,0.0005744000081904233
paper_f2_onset__uniform__n500,paper_f2_onset,uniform,500,127,0.3,0.3,0.12974051896207583,0.8942115768463074,0.7644710578842315,False,True,True,True,False,9,5,0.0005247999797575176
paper_f2_onset__uniform__n500,paper_f2_onset,uniform,500,128,0.3,0.3,0.1936127744510978,0.8942115768463074,0.7005988023952096,False,True,True,True,False,10,6,0.00045009999303147197
paper_f2_onset__uniform__n500,paper_f2_onset,uniform,500,129,0.3,0.3,0.12974051896207583,0.8942115768463074,0.7644710578842315,False,True,True,True,False,9,5,0.0005094000371173024
paper_f2_onset__uniform__n500,paper_f2_onset,uniform,500,130,0.3,0.3,0.12974051896207583,0.8942115768463074,0.7644710578842315,False,True,True,True,False,6,5,0.0005176999839022756
paper_f2_onset__uniform__n500,paper_f2_onset,uniform,500,131,0.3,0.3,0.1936127744510978,0.998003992015968,0.8043912175648702,False,True,True,True,False,9,3,0.0005088999751023948
paper_f2_onset__uniform__n500,paper_f2_onset,uniform,500,132,0.3,0.3,0.12974051896207583,0.8942115768463074,0.7644710578842315,False,True,True,True,False,7,8,0.0005265999934636056
paper_f2_onset__uniform__n500,paper_f2_onset,uniform,500,133,0.3,0.3,0.1936127744510978,0.8942115768463074,0.7005988023952096,False,True,True,True,False,10,6,0.0004977000062353909
paper_f2_onset__uniform__n500,paper_f2_onset,uniform,500,134,0.3,0.3,0.16167664670658682,0.8942115768463074,0.7325349301397206,False,True,True,True,False,8,5,0.0005135000101290643
paper_f2_onset__uniform__n500,paper_f2_onset,uniform,500,135,0.3,0.3,0.16167664670658682,0.8942115768463074,0.7325349301397206,False,True,True,True,False,9,6,0.0004553999751806259
paper_f2_onset__uniform__n500,paper_f2_onset,uniform,500,136,0.3,0.3,0.1936127744510978,0.8942115768463074,0.7005988023952096,False,True,True,True,False,10,5,0.00044020003406330943
paper_f2_onset__uniform__n500,paper_f2_onset,uniform,500,137,0.3,0.3,0.12974051896207583,0.8942115768463074,0.7644710578842315,False,True,True,True,False,9,6,0.0004956999910064042
paper_f2_onset__uniform__n500,paper_f2_onset,uniform,500,138,0.3,0.3,0.16167664670658682,0.8942115768463074,0.7325349301397206,False,True,True,True,False,10,6,0.000451300002168864
paper_f2_onset__uniform__n500,paper_f2_onset,uniform,500,139,0.3,0.3,0.1936127744510978,0.8942115768463074,0.7005988023952096,False,True,True,True,False,9,6,0.0004689000197686255
paper_f2_onset__uniform__n500,paper_f2_onset,uniform,500,140,0.3,0.3,0.12974051896207583,0.8303393213572854,0.7005988023952096,False,True,True,True,False,9,7,0.000484699965454638
paper_f2_onset__uniform__n500,paper_f2_onset,uniform,500,141,0.3,0.3,0.12974051896207583,0.8942115768463074,0.7644710578842315,False,True,True,True,False,8,6,0.0004922000225633383
paper_f2_onset__uniform__n500,paper_f2_onset,uniform,500,142,0.3,0.3,0.16167664670658682,0.8942115768463074,0.7325349301397206,False,True,True,True,False,8,6,0.0006052999524399638
paper_f2_onset__uniform__n500,paper_f2_onset,uniform,500,143,0.3,0.3,0.1936127744510978,0.8942115768463074,0.7005988023952096,False,True,True,True,False,9,4,0.0006614000303670764
paper_f2_onset__uniform__n500,paper_f2_onset,uniform,500,144,0.3,0.3,0.12974051896207583,0.9580838323353293,0.8283433133732535,False,True,True,True,False,6,6,0.0005292000132612884
paper_f2_onset__uniform__n500,paper_f2_onset,uniform,500,145,0.3,0.3,0.16167664670658682,0.8942115768463074,0.7325349301397206,False,True,True,True,False,8,6,0.0005448000156320632
paper_f2_onset__uniform__n500,paper_f2_onset,uniform,500,146,0.3,0.3,0.16167664670658682,0.8942115768463074,0.7325349301397206,False,True,True,True,False,8,5,0.000548899988643825
paper_f2_onset__uniform__n500,paper_f2_onset,uniform,500,147,0.3,0.3,0.1936127744510978,0.8942115768463074,0.7005988023952096,False,True,True,True,False,7,5,0.0005589000065810978
paper_f2_onset__uniform__n500,paper_f2_onset,uniform,500,148,0.3,0.3,0.12974051896207583,0.8942115768463074,0.7644710578842315,False,True,True,True,False,7,6,0.00048779998905956745
paper_f2_onset__uniform__n500,paper_f2_onset,uniform,500,149,0.3,0.3,0.16167664670658682,0.8942115768463074,0.7325349301397206,False,True,True,True,False,8,6,0.0005437000072561204
paper_f2_onset__uniform__n500,paper_f2_onset,uniform,500,150,0.3,0.3,0.12974051896207583,0.6027944111776448,0.4730538922155689,False,True,True,False,False,9,6,0.0004948999849148095
paper_f2_onset__uniform__n500,paper_f2_onset,uniform,500,151,0.3,0.3,0.12974051896207583,0.8303393213572854,0.7005988023952096,False,True,True,True,False,9,7,0.0005107999895699322
paper_f2_onset__uniform__n500,paper_f2_onset,uniform,500,152,0.3,0.3,0.12974051896207583,0.8942115768463074,0.7644710578842315,False,True,True,True,False,7,6,0.0005612000240944326
paper_f2_onset__uniform__n500,paper_f2_onset,uniform,500,153,0.3,0.3,0.12974051896207583,0.8942115768463074,0.7644710578842315,False,True,True,True,False,7,6,0.00044980004895478487
paper_f2_onset__uniform__n500,paper_f2_onset,uniform,500,154,0.3,0.3,0.16167664670658682,0.8942115768463074,0.7325349301397206,False,True,True,True,False,9,6,0.0004572999896481633
paper_f2_onset__uniform__n500,paper_f2_onset,uniform,500,155,0.3,0.3,0.1936127744510978,0.8942115768463074,0.7005988023952096,False,True,True,True,False,11,6,0.0005379999638535082
paper_f2_onset__uniform__n500,paper_f2_onset,uniform,500,156,0.3,0.3,0.8762475049900199,0.8942115768463074,0.017964071856287456,False,False,True,False,False,10,5,0.0004501999937929213
paper_f2_onset__uniform__n500,paper_f2_onset,uniform,500,157,0.3,0.3,0.1936127744510978,0.8942115768463074,0.7005988023952096,False,True,True,True,False,9,6,0.0004928999696858227
paper_f2_onset__uniform__n500,paper_f2_onset,uniform,500,158,0.3,0.3,0.12974051896207583,0.9580838323353293,0.8283433133732535,False,True,True,True,False,7,4,0.0004607000155374408
paper_f2_onset__uniform__n500,paper_f2_onset,uniform,500,159,0.3,0.3,0.1936127744510978,0.8942115768463074,0.7005988023952096,False,True,True,True,False,11,6,0.00047640001866966486
paper_f2_onset__uniform__n500,paper_f2_onset,uniform,500,160,0.3,0.3,0.1936127744510978,0.8303393213572854,0.6367265469061876,False,True,True,True,False,10,7,0.0005917999660596251
paper_f2_onset__uniform__n500,paper_f2_onset,uniform,500,161,0.3,0.3,0.1936127744510978,0.8303393213572854,0.6367265469061876,False,True,True,True,False,10,7,0.0006347000016830862
paper_f2_onset__uniform__n500,paper_f2_onset,uniform,500,162,0.3,0.3,0.16167664670658682,0.8942115768463074,0.7325349301397206,False,True,True,True,False,8,6,0.0007658000104129314
paper_f2_onset__uniform__n500,paper_f2_onset,uniform,500,163,0.3,0.3,0.16167664670658682,0.8942115768463074,0.7325349301397206,False,True,True,True,False,6,5,0.0005555000388994813
paper_f2_onset__uniform__n500,paper_f2_onset,uniform,500,164,0.3,0.3,0.12974051896207583,0.8942115768463074,0.7644710578842315,False,True,True,True,False,8,6,0.0005723000504076481
paper_f2_onset__uniform__n500,paper_f2_onset,uniform,500,165,0.3,0.3,0.1936127744510978,0.8303393213572854,0.6367265469061876,False,True,True,True,False,10,7,0.0005691000260412693
paper_f2_onset__uniform__n500,paper_f2_onset,uniform,500,166,0.3,0.3,0.16167664670658682,0.8942115768463074,0.7325349301397206,False,True,True,True,False,9,6,0.0004900000058114529
paper_f2_onset__uniform__n500,paper_f2_onset,uniform,500,167,0.3,0.3,0.16167664670658682,0.8942115768463074,0.7325349301397206,False,True,True,True,False,9,6,0.0004437000025063753
paper_f2_onset__uniform__n500,paper_f2_onset,uniform,500,168,0.3,0.3,0.12974051896207583,0.8942115768463074,0.7644710578842315,False,True,True,True,False,8,6,0.00044050003634765744
paper_f2_onset__uniform__n500,paper_f2_onset,uniform,500,169,0.3,0.3,0.16167664670658682,0.8942115768463074,0.7325349301397206,False,True,True,True,False,9,6,0.0005044999998062849
paper_f2_onset__uniform__n500,paper_f2_onset,uniform,500,170,0.3,0.3,0.1936127744510978,0.8942115768463074,0.7005988023952096,False,True,True,True,False,11,4,0.0004759000148624182
paper_f2_onset__uniform__n500,paper_f2_onset,uniform,500,171,0.3,0.3,0.16167664670658682,0.8942115768463074,0.7325349301397206,False,True,True,True,False,9,5,0.0005182000459171832
paper_f2_onset__uniform__n500,paper_f2_onset,uniform,500,172,0.3,0.3,0.12974051896207583,0.8942115768463074,0.7644710578842315,False,True,True,True,False,7,6,0.0004780999734066427
paper_f2_onset__uniform__n500,paper_f2_onset,uniform,500,173,0.3,0.3,0.1936127744510978,0.8942115768463074,0.7005988023952096,False,True,True,True,False,10,6,0.0005006999708712101
paper_f2_onset__uniform__n500,paper_f2_onset,uniform,500,174,0.3,0.3,0.12974051896207583,0.8942115768463074,0.7644710578842315,False,True,True,True,False,8,6,0.00047109997831285
paper_f2_onset__uniform__n500,paper_f2_onset,uniform,500,175,0.3,0.3,0.1936127744510978,0.8942115768463074,0.7005988023952096,False,True,True,True,False,8,5,0.00046910002129152417
paper_f2_onset__uniform__n500,paper_f2_onset,uniform,500,176,0.3,0.3,0.12974051896207583,0.8942115768463074,0.7644710578842315,False,True,True,True,False,7,5,0.0004556999774649739
paper_f2_onset__uniform__n500,paper_f2_onset,uniform,500,177,0.3,0.3,0.16167664670658682,0.8942115768463074,0.7325349301397206,False,True,True,True,False,10,6,0.0004458000184968114
paper_f2_onset__uniform__n500,paper_f2_onset,uniform,500,178,0.3,0.3,0.1936127744510978,0.8942115768463074,0.7005988023952096,False,True,True,True,False,9,6,0.0005477999802678823
paper_f2_onset__uniform__n500,paper_f2_onset,uniform,500,179,0.3,0.3,0.16167664670658682,0.8942115768463074,0.7325349301397206,False,True,True,True,False,8,6,0.000519900000654161
paper_f2_onset__uniform__n500,paper_f2_onset,uniform,500,180,0.3,0.3,0.12974051896207583,0.8942115768463074,0.7644710578842315,False,True,True,True,False,7,6,0.0004846000229008496
paper_f2_onset__uniform__n500,paper_f2_onset,uniform,500,181,0.3,0.3,0.1936127744510978,0.8942115768463074,0.7005988023952096,False,True,True,True,False,10,6,0.000659200013615191
paper_f2_onset__uniform__n500,paper_f2_onset,uniform,500,182,0.3,0.3,0.12974051896207583,0.8942115768463074,0.7644710578842315,False,True,True,True,False,7,5,0.000539999979082495
paper_f2_onset__uniform__n500,paper_f2_onset,uniform,500,183,0.3,0.3,0.1936127744510978,0.8942115768463074,0.7005988023952096,False,True,True,True,False,11,5,0.0005791999865323305
paper_f2_onset__uniform__n500,paper_f2_onset,uniform,500,184,0.3,0.3,0.22554890219560877,0.8942115768463074,0.6686626746506986,False,True,True,True,False,10,5,0.0005147000192664564
paper_f2_onset__uniform__n500,paper_f2_onset,uniform,500,185,0.3,0.3,0.16167664670658682,0.9580838323353293,0.7964071856287425,False,True,True,True,False,10,4,0.0004953000461682677
paper_f2_onset__uniform__n500,paper_f2_onset,uniform,500,186,0.3,0.3,0.16167664670658682,0.8942115768463074,0.7325349301397206,False,True,True,True,False,8,4,0.0005006000283174217
paper_f2_onset__uniform__n500,paper_f2_onset,uniform,500,187,0.3,0.3,0.16167664670658682,0.8942115768463074,0.7325349301397206,False,True,True,True,False,9,5,0.0004854999715462327
paper_f2_onset__uniform__n500,paper_f2_onset,uniform,500,188,0.3,0.3,0.12974051896207583,0.8942115768463074,0.7644710578842315,False,True,True,True,False,7,4,0.000458399998024106
paper_f2_onset__uniform__n500,paper_f2_onset,uniform,500,189,0.3,0.3,0.12974051896207583,0.8942115768463074,0.7644710578842315,False,True,True,True,False,8,6,0.0004752000095322728
paper_f2_onset__uniform__n500,paper_f2_onset,uniform,500,190,0.3,0.3,0.12974051896207583,0.8303393213572854,0.7005988023952096,False,True,True,True,False,6,6,0.00043759995605796576
paper_f2_onset__uniform__n500,paper_f2_onset,uniform,500,191,0.3,0.3,0.16167664670658682,0.8942115768463074,0.7325349301397206,False,True,True,True,False,9,6,0.000493600033223629
paper_f2_onset__uniform__n500,paper_f2_onset,uniform,500,192,0.3,0.3,0.16167664670658682,0.8942115768463074,0.7325349301397206,False,True,True,True,False,8,6,0.00043919996824115515
paper_f2_onset__uniform__n500,paper_f2_onset,uniform,500,193,0.3,0.3,0.1936127744510978,0.8303393213572854,0.6367265469061876,False,True,True,True,False,10,7,0.00043750001350417733
paper_f2_onset__uniform__n500,paper_f2_onset,uniform,500,194,0.3,0.3,0.12974051896207583,0.8942115768463074,0.7644710578842315,False,True,True,True,False,7,6,0.00047209998592734337
paper_f2_onset__uniform__n500,paper_f2_onset,uniform,500,195,0.3,0.3,0.16167664670658682,0.8303393213572854,0.6686626746506985,False,True,True,True,False,10,7,0.00046249997103586793
paper_f2_onset__uniform__n500,paper_f2_onset,uniform,500,196,0.3,0.3,0.16167664670658682,0.8942115768463074,0.7325349301397206,False,True,True,True,False,9,5,0.00044329999946057796
paper_f2_onset__uniform__n500,paper_f2_onset,uniform,500,197,0.3,0.3,0.1936127744510978,0.8942115768463074,0.7005988023952096,False,True,True,True,False,10,6,0.00044869998237118125
paper_f2_onset__uniform__n500,paper_f2_onset,uniform,500,198,0.3,0.3,0.16167664670658682,0.8942115768463074,0.7325349301397206,False,True,True,True,False,9,6,0.00048719998449087143
paper_f2_onset__uniform__n500,paper_f2_onset,uniform,500,199,0.3,0.3,0.16167664670658682,0.8303393213572854,0.6686626746506985,False,True,True,True,False,9,7,0.0005529000191017985
paper_f3_jump__uniform__n500,paper_f3_jump,uniform,500,0,0.3,0.3,0.2934131736526946,0.3073852295409182,0.013972055888223589,False,True,True,True,False,36,47,0.0007088000420480967
paper_f3_jump__uniform__n500,paper_f3_jump,uniform,500,1,0.3,0.3,0.2934131736526946,0.3073852295409182,0.013972055888223589,False,True,True,True,False,35,43,0.0005655999993905425
paper_f3_jump__uniform__n500,paper_f3_jump,uniform,500,2,0.3,0.3,0.29740518962075846,0.3033932135728543,0.005988023952095856,False,True,True,True,False,39,46,0.0005051000043749809
paper_f3_jump__uniform__n500,paper_f3_jump,uniform,500,3,0.3,0.3,0.29740518962075846,0.3073852295409182,0.009980039920159722,False,True,True,True,False,35,40,0.0005413999897427857
paper_f3_jump__uniform__n500,paper_f3_jump,uniform,500,4,0.3,0.3,0.2934131736526946,0.3033932135728543,0.009980039920159722,False,True,True,True,False,34,42,0.0005142999580129981
paper_f3_jump__uniform__n500,paper_f3_jump,uniform,500,5,0.3,0.3,0.2934131736526946,0.3033932135728543,0.009980039920159722,False,True,True,True,False,37,44,0.0004967999993823469
paper_f3_jump__uniform__n500,paper_f3_jump,uniform,500,6,0.3,0.3,0.29740518962075846,0.3033932135728543,0.005988023952095856,False,True,True,True,False,37,46,0.0004958999925293028
paper_f3_jump__uniform__n500,paper_f3_jump,uniform,500,7,0.3,0.3,0.29740518962075846,0.3033932135728543,0.005988023952095856,False,True,True,True,False,36,45,0.00047480000648647547
paper_f3_jump__uniform__n500,paper_f3_jump,uniform,500,8,0.3,0.3,0.2934131736526946,0.30538922155688625,0.011976047904191656,False,True,True,True,False,35,44,0.00046469998778775334
paper_f3_jump__uniform__n500,paper_f3_jump,uniform,500,9,0.3,0.3,0.2934131736526946,0.3033932135728543,0.009980039920159722,False,True,True,True,False,34,45,0.0005003000260330737
paper_f3_jump__uniform__n500,paper_f3_jump,uniform,500,10,0.3,0.3,0.29740518962075846,0.3153692614770459,0.017964071856287456,False,True,True,True,False,34,38,0.0004991000168956816
paper_f3_jump__uniform__n500,paper_f3_jump,uniform,500,11,0.3,0.3,0.6167664670658682,0.3033932135728543,nan,True,False,False,False,False,34,43,0.0004945999826304615
paper_f3_jump__uniform__n500,paper_f3_jump,uniform,500,12,0.3,0.3,0.7684630738522954,0.3073852295409182,nan,True,False,False,False,False,38,42,0.0004854999715462327
paper_f3_jump__uniform__n500,paper_f3_jump,uniform,500,13,0.3,0.3,0.29740518962075846,0.3033932135728543,0.005988023952095856,False,True,True,True,False,38,47,0.0004965999978594482
paper_f3_jump__uniform__n500,paper_f3_jump,uniform,500,14,0.3,0.3,0.2934131736526946,0.30538922155688625,0.011976047904191656,False,True,True,True,False,31,45,0.0005339999916031957
paper_f3_jump__uniform__n500,paper_f3_jump,uniform,500,15,0.3,0.3,0.29740518962075846,0.3033932135728543,0.005988023952095856,False,True,True,False,False,40,45,0.0004925000248476863
paper_f3_jump__uniform__n500,paper_f3_jump,uniform,500,16,0.3,0.3,0.2934131736526946,0.3073852295409182,0.013972055888223589,False,True,True,True,False,35,41,0.0006019999855197966
paper_f3_jump__uniform__n500,paper_f3_jump,uniform,500,17,0.3,0.3,0.2954091816367265,0.3033932135728543,0.007984031936127789,False,True,True,True,False,38,45,0.0006326999864540994
paper_f3_jump__uniform__n500,paper_f3_jump,uniform,500,18,0.3,0.3,0.29740518962075846,0.3033932135728543,0.005988023952095856,False,True,True,True,False,35,44,0.0006091000395826995
paper_f3_jump__uniform__n500,paper_f3_jump,uniform,500,19,0.3,0.3,0.29740518962075846,0.3033932135728543,0.005988023952095856,False,True,True,True,False,39,45,0.0005477999802678823
paper_f3_jump__uniform__n500,paper_f3_jump,uniform,500,20,0.3,0.3,0.2934131736526946,0.30538922155688625,0.011976047904191656,False,True,True,True,False,35,43,0.0005955999949947
paper_f3_jump__uniform__n500,paper_f3_jump,uniform,500,21,0.3,0.3,0.2934131736526946,0.3033932135728543,0.009980039920159722,False,True,True,True,False,36,49,0.0004754999536089599
paper_f3_jump__uniform__n500,paper_f3_jump,uniform,500,22,0.3,0.3,0.2954091816367265,0.3073852295409182,0.011976047904191656,False,True,True,True,False,33,40,0.0004496999899856746
paper_f3_jump__uniform__n500,paper_f3_jump,uniform,500,23,0.3,0.3,0.29740518962075846,0.3073852295409182,0.009980039920159722,False,True,True,True,False,33,42,0.0006055999547243118
paper_f3_jump__uniform__n500,paper_f3_jump,uniform,500,24,0.3,0.3,0.29740518962075846,0.3033932135728543,0.005988023952095856,False,True,True,True,False,38,47,0.00048649997916072607
paper_f3_jump__uniform__n500,paper_f3_jump,uniform,500,25,0.3,0.3,0.2934131736526946,0.3073852295409182,0.013972055888223589,False,True,True,True,False,35,42,0.0005139000131748617
paper_f3_jump__uniform__n500,paper_f3_jump,uniform,500,26,0.3,0.3,0.29740518962075846,0.3033932135728543,0.005988023952095856,False,True,True,True,False,39,48,0.0005049000028520823
paper_f3_jump__uniform__n500,paper_f3_jump,uniform,500,27,0.3,0.3,0.29740518962075846,0.30538922155688625,0.007984031936127789,False,True,True,True,False,38,45,0.0005009000306017697
paper_f3_jump__uniform__n500,paper_f3_jump,uniform,500,28,0.3,0.3,0.29740518962075846,0.3073852295409182,0.009980039920159722,False,True,True,True,False,35,42,0.0005303000216372311
paper_f3_jump__uniform__n500,paper_f3_jump,uniform,500,29,0.3,0.3,0.29740518962075846,0.3033932135728543,0.005988023952095856,False,True,True,True,False,39,47,0.0005408000433817506
paper_f3_jump__uniform__n500,paper_f3_jump,uniform,500,30,0.3,0.3,0.29740518962075846,0.3033932135728543,0.005988023952095856,False,True,True,True,False,38,45,0.0005077999667264521
paper_f3_jump__uniform__n500,paper_f3_jump,uniform,500,31,0.3,0.3,0.29740518962075846,0.3033932135728543,0.005988023952095856,False,True,True,True,False,33,46,0.0005170999793335795
paper_f3_jump__uniform__n500,paper_f3_jump,uniform,500,32,0.3,0.3,0.2954091816367265,0.3073852295409182,0.011976047904191656,False,True,True,True,False,37,45,0.0005053000058978796
paper_f3_jump__uniform__n500,paper_f3_jump,uniform,500,33,0.3,0.3,0.5988023952095808,0.3033932135728543,nan,True,False,False,False,False,36,46,0.0004752000095322728
paper_f3_jump__uniform__n500,paper_f3_jump,uniform,500,34,0.3,0.3,0.2954091816367265,0.3073852295409182,0.011976047904191656,False,True,True,True,False,33,40,0.0005481999833136797
paper_f3_jump__uniform__n500,paper_f3_jump,uniform,500,35,0.3,0.3,0.29740518962075846,0.3033932135728543,0.005988023952095856,False,True,True,True,False,38,46,0.00048610003432258964
paper_f3_jump__uniform__n500,paper_f3_jump,uniform,500,36,0.3,0.3,0.2934131736526946,0.3073852295409182,0.013972055888223589,False,True,True,True,False,34,45,0.0006590000120922923
paper_f3_jump__uniform__n500,paper_f3_jump,uniform,500,37,0.3,0.3,0.2934131736526946,0.3073852295409182,0.013972055888223589,False,True,True,True,False,37,47,0.0005846999702043831
paper_f3_jump__uniform__n500,paper_f3_jump,uniform,500,38,0.3,0.3,0.29740518962075846,0.3033932135728543,0.005988023952095856,False,True,True,False,False,38,48,0.0005775000317953527
paper_f3_jump__uniform__n500,paper_f3_jump,uniform,500,39,0.3,0.3,0.29740518962075846,0.3073852295409182,0.009980039920159722,False,True,True,True,False,35,41,0.0005523000145331025
paper_f3_jump__uniform__n500,paper_f3_jump,uniform,500,40,0.3,0.3,0.2934131736526946,0.313373253493014,0.01996007984031939,False,True,True,True,False,35,40,0.0005291000124998391
paper_f3_jump__uniform__n500,paper_f3_jump,uniform,500,41,0.3,0.3,0.2934131736526946,0.3073852295409182,0.013972055888223589,False,True,True,True,False,35,44,0.0005303000216372311
paper_f3_jump__uniform__n500,paper_f3_jump,uniform,500,42,0.3,0.3,0.2934131736526946,0.3033932135728543,0.009980039920159722,False,True,True,True,False,37,49,0.0005380999646149576
paper_f3_jump__uniform__n500,paper_f3_jump,uniform,500,43,0.3,0.3,0.46506986027944114,0.3033932135728543,nan,True,False,False,False,False,37,45,0.000521100009791553
paper_f3_jump__uniform__n500,paper_f3_jump,uniform,500,44,0.3,0.3,0.29740518962075846,0.3033932135728543,0.005988023952095856,False,True,True,True,False,36,48,0.0005326000391505659
paper_f3_jump__uniform__n500,paper_f3_jump,uniform,500,45,0.3,0.3,0.2934131736526946,0.3033932135728543,0.009980039920159722,False,True,True,True,False,38,46,0.0005669000092893839
paper_f3_jump__uniform__n500,paper_f3_jump,uniform,500,46,0.3,0.3,0.2894211576846307,0.3073852295409182,0.017964071856287456,False,True,True,True,False,32,43,0.0005174999823793769
paper_f3_jump__uniform__n500,paper_f3_jump,uniform,500,47,0.3,0.3,0.29740518962075846,0.3033932135728543,0.005988023952095856,False,True,True,True,False,37,46,0.0004981000092811882
paper_f3_jump__uniform__n500,paper_f3_jump,uniform,500,48,0.3,0.3,0.2934131736526946,0.3073852295409182,0.013972055888223589,False,True,True,True,False,35,44,0.000526399991940707
paper_f3_jump__uniform__n500,paper_f3_jump,uniform,500,49,0.3,0.3,0.2894211576846307,0.3153692614770459,0.02594810379241519,False,True,True,True,False,32,41,0.0005757000180892646
paper_f3_jump__uniform__n500,paper_f3_jump,uniform,500,50,0.3,0.3,0.2894211576846307,0.3033932135728543,0.013972055888223589,False,True,True,True,False,36,42,0.000539999979082495
paper_f3_jump__uniform__n500,paper_f3_jump,uniform,500,51,0.3,0.3,0.2934131736526946,0.3073852295409182,0.013972055888223589,False,True,True,True,False,36,42,0.000500100024510175
paper_f3_jump__uniform__n500,paper_f3_jump,uniform,500,52,0.3,0.3,0.2954091816367265,0.3073852295409182,0.011976047904191656,False,True,True,True,False,36,42,0.0005325000383891165
paper_f3_jump__uniform__n500,paper_f3_jump,uniform,500,53,0.3,0.3,0.2934131736526946,0.3073852295409182,0.013972055888223589,False,True,True,True,False,31,39,0.0010346000199206173
paper_f3_jump__uniform__n500,paper_f3_jump,uniform,500,54,0.3,0.3,0.29740518962075846,0.3073852295409182,0.009980039920159722,False,True,True,True,False,38,47,0.0006532999686896801
paper_f3_jump__uniform__n500,paper_f3_jump,uniform,500,55,0.3,0.3,0.2894211576846307,0.3153692614770459,0.02594810379241519,False,True,True,True,False,33,41,0.0006184999947436154
paper_f3_jump__uniform__n500,paper_f3_jump,uniform,500,56,0.3,0.3,0.2954091816367265,0.3073852295409182,0.011976047904191656,False,True,True,True,False,36,46,0.0005504000000655651
paper_f3_jump__uniform__n500,paper_f3_jump,uniform,500,57,0.3,0.3,0.29740518962075846,0.3033932135728543,0.005988023952095856,False,True,True,True,False,38,46,0.0004594000056385994
paper_f3_jump__uniform__n500,paper_f3_jump,uniform,500,58,0.3,0.3,0.2934131736526946,0.3073852295409182,0.013972055888223589,False,True,True,True,False,33,41,0.00046120001934468746
paper_f3_jump__uniform__n500,paper_f3_jump,uniform,500,59,0.3,0.3,0.2934131736526946,0.3073852295409182,0.013972055888223589,False,True,True,True,False,36,44,0.0004699999699369073
paper_f3_jump__uniform__n500,paper_f3_jump,uniform,500,60,0.3,0.3,0.29740518962075846,0.3033932135728543,0.005988023952095856,False,True,True,True,False,35,44,0.0004854999715462327
paper_f3_jump__uniform__n500,paper_f3_jump,uniform,500,61,0.3,0.3,0.2954091816367265,0.30538922155688625,0.009980039920159722,False,True,True,True,False,38,48,0.0004605000140145421
paper_f3_jump__uniform__n500,paper_f3_jump,uniform,500,62,0.3,0.3,0.29740518962075846,0.30538922155688625,0.007984031936127789,False,True,True,True,False,32,42,0.00045599997974932194
paper_f3_jump__uniform__n500,paper_f3_jump,uniform,500,63,0.3,0.3,0.2954091816367265,0.30538922155688625,0.009980039920159722,False,True,True,True,False,38,48,0.0005124000017531216
paper_f3_jump__uniform__n500,paper_f3_jump,uniform,500,64,0.3,0.3,0.2934131736526946,0.3073852295409182,0.013972055888223589,False,True,True,True,False,33,43,0.0005292000132612884
paper_f3_jump__uniform__n500,paper_f3_jump,uniform,500,65,0.3,0.3,0.2934131736526946,0.30538922155688625,0.011976047904191656,False,True,True,True,False,34,40,0.0005687999655492604
paper_f3_jump__uniform__n500,paper_f3_jump,uniform,500,66,0.3,0.3,0.2934131736526946,0.30538922155688625,0.011976047904191656,False,True,True,True,False,37,44,0.0005954999942332506
paper_f3_jump__uniform__n500,paper_f3_jump,uniform,500,67,0.3,0.3,0.29740518962075846,0.3033932135728543,0.005988023952095856,False,True,True,True,False,37,44,0.0005206000059843063
paper_f3_jump__uniform__n500,paper_f3_jump,uniform,500,68,0.3,0.3,0.2954091816367265,0.3073852295409182,0.011976047904191656,False,True,True,True,False,35,45,0.0004936999757774174
paper_f3_jump__uniform__n500,paper_f3_jump,uniform,500,69,0.3,0.3,0.2934131736526946,0.3073852295409182,0.013972055888223589,False,True,True,True,False,37,46,0.00049919995944947
paper_f3_jump__uniform__n500,paper_f3_jump,uniform,500,70,0.3,0.3,0.2954091816367265,0.3073852295409182,0.011976047904191656,False,True,True,True,False,34,42,0.0004943999811075628
paper_f3_jump__uniform__n500,paper_f3_jump,uniform,500,71,0.3,0.3,0.2934131736526946,0.3073852295409182,0.013972055888223589,False,True,True,True,False,35,45,0.000609499984420836
paper_f3_jump__uniform__n500,paper_f3_jump,uniform,500,72,0.3,0.3,0.2934131736526946,0.3073852295409182,0.013972055888223589,False,True,True,True,False,33,40,0.0006909999647177756
paper_f3_jump__uniform__n500,paper_f3_jump,uniform,500,73,0.3,0.3,0.2934131736526946,0.3073852295409182,0.013972055888223589,False,True,True,True,False,35,39,0.0005716999876312912
paper_f3_jump__uniform__n500,paper_f3_jump,uniform,500,74,0.3,0.3,0.2894211576846307,0.3073852295409182,0.017964071856287456,False,True,True,True,False,35,44,0.0005491999909281731
paper_f3_jump__uniform__n500,paper_f3_jump,uniform,500,75,0.3,0.3,0.29740518962075846,0.3033932135728543,0.005988023952095856,False,True,True,True,False,40,46,0.0005392999737523496
paper_f3_jump__uniform__n500,paper_f3_jump,uniform,500,76,0.3,0.3,0.29740518962075846,0.3073852295409182,0.009980039920159722,False,True,True,True,False,34,43,0.0005191999953240156
paper_f3_jump__uniform__n500,paper_f3_jump,uniform,500,77,0.3,0.3,0.2954091816367265,0.30538922155688625,0.009980039920159722,False,True,True,True,False,37,46,0.0004835999570786953
paper_f3_jump__uniform__n500,paper_f3_jump,uniform,500,78,0.3,0.3,0.2934131736526946,0.3033932135728543,0.009980039920159722,False,True,True,True,False,37,46,0.0004813999985344708
paper_f3_jump__uniform__n500,paper_f3_jump,uniform,500,79,0.3,0.3,0.2934131736526946,0.30538922155688625,0.011976047904191656,False,True,True,True,False,33,46,0.0005591000081039965
paper_f3_jump__uniform__n500,paper_f3_jump,uniform,500,80,0.3,0.3,0.29740518962075846,0.3033932135728543,0.005988023952095856,False,True,True,True,False,35,47,0.0004655999946407974
paper_f3_jump__uniform__n500,paper_f3_jump,uniform,500,81,0.3,0.3,0.2934131736526946,0.3073852295409182,0.013972055888223589,False,True,True,True,False,34,41,0.0005066999583505094
paper_f3_jump__uniform__n500,paper_f3_jump,uniform,500,82,0.3,0.3,0.2934131736526946,0.3073852295409182,0.013972055888223589,False,True,True,True,False,34,41,0.0004504999960772693
paper_f3_jump__uniform__n500,paper_f3_jump,uniform,500,83,0.3,0.3,0.2934131736526946,0.3033932135728543,0.009980039920159722,False,True,True,True,False,36,46,0.0004403999773785472
paper_f3_jump__uniform__n500,paper_f3_jump,uniform,500,84,0.3,0.3,0.2934131736526946,0.3033932135728543,0.009980039920159722,False,True,True,True,False,36,44,0.00047880003694444895
paper_f3_jump__uniform__n500,paper_f3_jump,uniform,500,85,0.3,0.3,0.29740518962075846,0.30538922155688625,0.007984031936127789,False,True,True,True,False,38,44,0.0004797999863512814
paper_f3_jump__uniform__n500,paper_f3_jump,uniform,500,86,0.3,0.3,0.2934131736526946,0.3033932135728543,0.009980039920159722,False,True,True,True,False,33,44,0.00045819999650120735
paper_f3_jump__uniform__n500,paper_f3_jump,uniform,500,87,0.3,0.3,0.2934131736526946,0.3073852295409182,0.013972055888223589,False,True,True,True,False,36,44,0.00045330001739785075
paper_f3_jump__uniform__n500,paper_f3_jump,uniform,500,88,0.3,0.3,0.2954091816367265,0.3073852295409182,0.011976047904191656,False,True,True,True,False,35,45,0.00046259997179731727
paper_f3_jump__uniform__n500,paper_f3_jump,uniform,500,89,0.3,0.3,0.2934131736526946,0.30538922155688625,0.011976047904191656,False,True,True,True,False,36,47,0.0005016999784857035
paper_f3_jump__uniform__n500,paper_f3_jump,uniform,500,90,0.3,0.3,0.29740518962075846,0.3033932135728543,0.005988023952095856,False,True,True,True,False,35,42,0.0005073999636806548
paper_f3_jump__uniform__n500,paper_f3_jump,uniform,500,91,0.3,0.3,0.2934131736526946,0.3033932135728543,0.009980039920159722,False,True,True,True,False,36,44,0.000546799972653389
paper_f3_jump__uniform__n500,paper_f3_jump,uniform,500,92,0.3,0.3,0.29740518962075846,0.3033932135728543,0.005988023952095856,False,True,True,True,False,36,45,0.0007444000220857561
paper_f3_jump__uniform__n500,paper_f3_jump,uniform,500,93,0.3,0.3,0.29740518962075846,0.3073852295409182,0.009980039920159722,False,True,True,True,False,35,46,0.000596199999563396
paper_f3_jump__uniform__n500,paper_f3_jump,uniform,500,94,0.3,0.3,0.29740518962075846,0.3033932135728543,0.005988023952095856,False,True,True,True,False,36,45,0.0005682999617420137
paper_f3_jump__uniform__n500,paper_f3_jump,uniform,500,95,0.3,0.3,0.29740518962075846,0.3073852295409182,0.009980039920159722,False,True,True,True,False,34,44,0.0004943999811075628
paper_f3_jump__uniform__n500,paper_f3_jump,uniform,500,96,0.3,0.3,0.29740518962075846,0.30538922155688625,0.007984031936127789,False,True,True,True,False,37,46,0.0004702000296674669
paper_f3_jump__uniform__n500,paper_f3_jump,uniform,500,97,0.3,0.3,0.29740518962075846,0.3073852295409182,0.009980039920159722,False,True,True,True,False,34,42,0.000515200023073703
paper_f3_jump__uniform__n500,paper_f3_jump,uniform,500,98,0.3,0.3,0.29740518962075846,0.3073852295409182,0.009980039920159722,False,True,True,True,False,35,44,0.0005446000141091645
paper_f3_jump__uniform__n500,paper_f3_jump,uniform,500,99,0.3,0.3,0.2954091816367265,0.3073852295409182,0.011976047904191656,False,True,True,True,False,37,46,0.000532899983227253
paper_f3_jump__uniform__n500,paper_f3_jump,uniform,500,100,0.3,0.3,0.2934131736526946,0.30538922155688625,0.011976047904191656,False,True,True,True,False,35,46,0.00048070005141198635
paper_f3_jump__uniform__n500,paper_f3_jump,uniform,500,101,0.3,0.3,0.2894211576846307,0.3073852295409182,0.017964071856287456,False,True,True,True,False,35,41,0.0004632999771274626
paper_f3_jump__uniform__n500,paper_f3_jump,uniform,500,102,0.3,0.3,0.29740518962075846,0.3033932135728543,0.005988023952095856,False,True,True,True,False,39,47,0.00048479996621608734
paper_f3_jump__uniform__n500,paper_f3_jump,uniform,500,103,0.3,0.3,0.2934131736526946,0.3073852295409182,0.013972055888223589,False,True,True,True,False,35,44,0.000542099995072931
paper_f3_jump__uniform__n500,paper_f3_jump,uniform,500,104,0.3,0.3,0.2934131736526946,0.3033932135728543,0.009980039920159722,False,True,True,True,False,39,45,0.00047969998558983207
paper_f3_jump__uniform__n500,paper_f3_jump,uniform,500,105,0.3,0.3,0.2934131736526946,0.30538922155688625,0.011976047904191656,False,True,True,True,False,37,45,0.00047360005555674434
paper_f3_jump__uniform__n500,paper_f3_jump,uniform,500,106,0.3,0.3,0.2934131736526946,0.3073852295409182,0.013972055888223589,False,True,True,True,False,36,46,0.0004658999969251454
paper_f3_jump__uniform__n500,paper_f3_jump,uniform,500,107,0.3,0.3,0.2934131736526946,0.3033932135728543,0.009980039920159722,False,True,True,True,False,34,45,0.0004781000316143036
paper_f3_jump__uniform__n500,paper_f3_jump,uniform,500,108,0.3,0.3,0.2934131736526946,0.30538922155688625,0.011976047904191656,False,True,True,True,False,36,45,0.00047850003466010094
paper_f3_jump__uniform__n500,paper_f3_jump,uniform,500,109,0.3,0.3,0.2934131736526946,0.3073852295409182,0.013972055888223589,False,True,True,True,False,34,42,0.0004768000217154622
paper_f3_jump__uniform__n500,paper_f3_jump,uniform,500,110,0.3,0.3,0.2934131736526946,0.30538922155688625,0.011976047904191656,False,True,True,True,False,37,46,0.0009290999732911587
paper_f3_jump__uniform__n500,paper_f3_jump,uniform,500,111,0.3,0.3,0.29740518962075846,0.3033932135728543,0.005988023952095856,False,True,True,True,False,35,45,0.0008738000178709626
paper_f3_jump__uniform__n500,paper_f3_jump,uniform,500,112,0.3,0.3,0.29740518962075846,0.3073852295409182,0.009980039920159722,False,True,True,True,False,37,43,0.0005498999962583184
paper_f3_jump__uniform__n500,paper_f3_jump,uniform,500,113,0.3,0.3,0.29740518962075846,0.31137724550898205,0.013972055888223589,False,True,True,True,False,35,40,0.0005516000092029572
paper_f3_jump__uniform__n500,paper_f3_jump,uniform,500,114,0.3,0.3,0.29740518962075846,0.3073852295409182,0.009980039920159722,False,True,True,True,False,37,45,0.0005239999736659229
paper_f3_jump__uniform__n500,paper_f3_jump,uniform,500,115,0.3,0.3,0.2934131736526946,0.3073852295409182,0.013972055888223589,False,True,True,True,False,40,45,0.000492699968162924
paper_f3_jump__uniform__n500,paper_f3_jump,uniform,500,116,0.3,0.3,0.2934131736526946,0.3033932135728543,0.009980039920159722,False,True,True,True,False,35,42,0.0004602999542839825
paper_f3_jump__uniform__n500,paper_f3_jump,uniform,500,117,0.3,0.3,0.2954091816367265,0.3073852295409182,0.011976047904191656,False,True,True,True,False,36,41,0.0004771000239998102
paper_f3_jump__uniform__n500,paper_f3_jump,uniform,500,118,0.3,0.3,0.2954091816367265,0.30538922155688625,0.009980039920159722,False,True,True,True,False,33,39,0.0007734000100754201
paper_f3_jump__uniform__n500,paper_f3_jump,uniform,500,119,0.3,0.3,0.29740518962075846,0.3073852295409182,0.009980039920159722,False,True,True,True,False,37,41,0.0005984000163152814
paper_f3_jump__uniform__n500,paper_f3_jump,uniform,500,120,0.3,0.3,0.29740518962075846,0.3033932135728543,0.005988023952095856,False,True,True,True,False,35,45,0.0005012999754399061
paper_f3_jump__uniform__n500,paper_f3_jump,uniform,500,121,0.3,0.3,0.29740518962075846,0.3073852295409182,0.009980039920159722,False,True,True,True,False,40,45,0.0004773999680764973
paper_f3_jump__uniform__n500,paper_f3_jump,uniform,500,122,0.3,0.3,0.2934131736526946,0.3033932135728543,0.009980039920159722,False,True,True,True,False,35,47,0.0004820000031031668
paper_f3_jump__uniform__n500,paper_f3_jump,uniform,500,123,0.3,0.3,0.2934131736526946,0.3033932135728543,0.009980039920159722,False,True,True,False,False,36,45,0.00044020003406330943
paper_f3_jump__uniform__n500,paper_f3_jump,uniform,500,124,0.3,0.3,0.2934131736526946,0.3073852295409182,0.013972055888223589,False,True,True,True,False,32,38,0.0004524000105448067
paper_f3_jump__uniform__n500,paper_f3_jump,uniform,500,125,0.3,0.3,0.2934131736526946,0.3033932135728543,0.009980039920159722,False,True,True,True,False,34,42,0.0005787000409327447
paper_f3_jump__uniform__n500,paper_f3_jump,uniform,500,126,0.3,0.3,0.2954091816367265,0.3073852295409182,0.011976047904191656,False,True,True,True,False,38,43,0.0005710999830625951
paper_f3_jump__uniform__n500,paper_f3_jump,uniform,500,127,0.3,0.3,0.29740518962075846,0.3073852295409182,0.009980039920159722,False,True,True,True,False,36,43,0.00048290000995621085
paper_f3_jump__uniform__n500,paper_f3_jump,uniform,500,128,0.3,0.3,0.29740518962075846,0.3033932135728543,0.005988023952095856,False,True,True,True,False,38,46,0.000492399965878576
paper_f3_jump__uniform__n500,paper_f3_jump,uniform,500,129,0.3,0.3,0.2934131736526946,0.30538922155688625,0.011976047904191656,False,True,True,True,False,34,42,0.0006392000359483063
paper_f3_jump__uniform__n500,paper_f3_jump,uniform,500,130,0.3,0.3,0.29740518962075846,0.3033932135728543,0.005988023952095856,False,True,True,True,False,35,42,0.0006934000412002206
paper_f3_jump__uniform__n500,paper_f3_jump,uniform,500,131,0.3,0.3,0.2934131736526946,0.3073852295409182,0.013972055888223589,False,True,True,True,False,33,39,0.000666600011754781
paper_f3_jump__uniform__n500,paper_f3_jump,uniform,500,132,0.3,0.3,0.29740518962075846,0.3073852295409182,0.009980039920159722,False,True,True,True,False,36,42,0.0005382999661378562
paper_f3_jump__uniform__n500,paper_f3_jump,uniform,500,133,0.3,0.3,0.29740518962075846,0.3073852295409182,0.009980039920159722,False,True,True,True,False,37,43,0.0005136000108905137
paper_f3_jump__uniform__n500,paper_f3_jump,uniform,500,134,0.3,0.3,0.29740518962075846,0.3073852295409182,0.009980039920159722,False,True,True,True,False,39,45,0.00048069999320432544
paper_f3_jump__uniform__n500,paper_f3_jump,uniform,500,135,0.3,0.3,0.564870259481038,0.3073852295409182,nan,True,False,False,False,False,37,46,0.0005117999971844256
paper_f3_jump__uniform__n500,paper_f3_jump,uniform,500,136,0.3,0.3,0.2934131736526946,0.3033932135728543,0.009980039920159722,False,True,True,True,False,33,44,0.000535300001502037
paper_f3_jump__uniform__n500,paper_f3_jump,uniform,500,137,0.3,0.3,0.29740518962075846,0.3033932135728543,0.005988023952095856,False,True,True,True,False,38,47,0.0005206000059843063
paper_f3_jump__uniform__n500,paper_f3_jump,uniform,500,138,0.3,0.3,0.2934131736526946,0.3073852295409182,0.013972055888223589,False,True,True,True,False,37,46,0.000534699996933341
paper_f3_jump__uniform__n500,paper_f3_jump,uniform,500,139,0.3,0.3,0.2934131736526946,0.3033932135728543,0.009980039920159722,False,True,True,True,False,37,46,0.0004827000084333122
paper_f3_jump__uniform__n500,paper_f3_jump,uniform,500,140,0.3,0.3,0.29740518962075846,0.3073852295409182,0.009980039920159722,False,True,True,True,False,34,46,0.0004703000304289162
paper_f3_jump__uniform__n500,paper_f3_jump,uniform,500,141,0.3,0.3,0.29740518962075846,0.3033932135728543,0.005988023952095856,False,True,True,True,False,38,46,0.0004721999866887927
paper_f3_jump__uniform__n500,paper_f3_jump,uniform,500,142,0.3,0.3,0.29740518962075846,0.30538922155688625,0.007984031936127789,False,True,True,True,False,38,45,0.0005319000338204205
paper_f3_jump__uniform__n500,paper_f3_jump,uniform,500,143,0.3,0.3,0.29740518962075846,0.3033932135728543,0.005988023952095856,False,True,True,True,False,38,45,0.0005136000108905137
paper_f3_jump__uniform__n500,paper_f3_jump,uniform,500,144,0.3,0.3,0.29740518962075846,0.3033932135728543,0.005988023952095856,False,True,True,True,False,37,46,0.0004795000422745943
paper_f3_jump__uniform__n500,paper_f3_jump,uniform,500,145,0.3,0.3,0.2954091816367265,0.3073852295409182,0.011976047904191656,False,True,True,True,False,38,46,0.0004579999949783087
paper_f3_jump__uniform__n500,paper_f3_jump,uniform,500,146,0.3,0.3,0.2934131736526946,0.3073852295409182,0.013972055888223589,False,True,True,True,False,35,42,0.000450699997600168
paper_f3_jump__uniform__n500,paper_f3_jump,uniform,500,147,0.3,0.3,0.29740518962075846,0.3033932135728543,0.005988023952095856,False,True,True,True,False,37,43,0.0005239999736659229
paper_f3_jump__uniform__n500,paper_f3_jump,uniform,500,148,0.3,0.3,0.29740518962075846,0.1377245508982036,nan,True,False,False,False,False,35,43,0.0005784000386483967
paper_f3_jump__uniform__n500,paper_f3_jump,uniform,500,149,0.3,0.3,0.29740518962075846,0.3033932135728543,0.005988023952095856,False,True,True,True,False,37,44,0.0006259999936446548
paper_f3_jump__uniform__n500,paper_f3_jump,uniform,500,150,0.3,0.3,0.2934131736526946,0.3033932135728543,0.009980039920159722,False,True,True,True,False,35,44,0.0007213999633677304
paper_f3_jump__uniform__n500,paper_f3_jump,uniform,500,151,0.3,0.3,0.2934131736526946,0.30538922155688625,0.011976047904191656,False,True,True,True,False,35,39,0.0006788999889977276
paper_f3_jump__uniform__n500,paper_f3_jump,uniform,500,152,0.3,0.3,0.2954091816367265,0.3073852295409182,0.011976047904191656,False,True,True,True,False,37,44,0.0006888000061735511
paper_f3_jump__uniform__n500,paper_f3_jump,uniform,500,153,0.3,0.3,0.2954091816367265,0.30538922155688625,0.009980039920159722,False,True,True,True,False,35,41,0.0005304000223986804
paper_f3_jump__uniform__n500,paper_f3_jump,uniform,500,154,0.3,0.3,0.2934131736526946,0.3033932135728543,0.009980039920159722,False,True,True,True,False,34,43,0.000590600015129894
paper_f3_jump__uniform__n500,paper_f3_jump,uniform,500,155,0.3,0.3,0.2894211576846307,0.3073852295409182,0.017964071856287456,False,True,True,True,False,35,46,0.0005883999983780086
paper_f3_jump__uniform__n500,paper_f3_jump,uniform,500,156,0.3,0.3,0.2954091816367265,0.3033932135728543,0.007984031936127789,False,True,True,True,False,34,44,0.0005839000223204494
paper_f3_jump__uniform__n500,paper_f3_jump,uniform,500,157,0.3,0.3,0.29740518962075846,0.3073852295409182,0.009980039920159722,False,True,True,True,False,39,44,0.0005455000209622085
paper_f3_jump__uniform__n500,paper_f3_jump,uniform,500,158,0.3,0.3,0.2934131736526946,0.3033932135728543,0.009980039920159722,False,True,True,True,False,36,42,0.0006559999892488122
paper_f3_jump__uniform__n500,paper_f3_jump,uniform,500,159,0.3,0.3,0.2934131736526946,0.30538922155688625,0.011976047904191656,False,True,True,True,False,36,45,0.0006534999702125788
paper_f3_jump__uniform__n500,paper_f3_jump,uniform,500,160,0.3,0.3,0.2954091816367265,0.3073852295409182,0.011976047904191656,False,True,True,True,False,36,40,0.0006278000073507428
paper_f3_jump__uniform__n500,paper_f3_jump,uniform,500,161,0.3,0.3,0.2954091816367265,0.3073852295409182,0.011976047904191656,False,True,True,True,False,34,45,0.0005973999504931271
paper_f3_jump__uniform__n500,paper_f3_jump,uniform,500,162,0.3,0.3,0.2954091816367265,0.3073852295409182,0.011976047904191656,False,True,True,True,False,37,43,0.0005919999675825238
paper_f3_jump__uniform__n500,paper_f3_jump,uniform,500,163,0.3,0.3,0.29740518962075846,0.3033932135728543,0.005988023952095856,False,True,True,True,False,37,46,0.000790499965660274
paper_f3_jump__uniform__n500,paper_f3_jump,uniform,500,164,0.3,0.3,0.2954091816367265,0.3033932135728543,0.007984031936127789,False,True,True,True,False,36,46,0.0007330999942496419
paper_f3_jump__uniform__n500,paper_f3_jump,uniform,500,165,0.3,0.3,0.2954091816367265,0.3073852295409182,0.011976047904191656,False,True,True,True,False,35,42,0.000750000006519258
paper_f3_jump__uniform__n500,paper_f3_jump,uniform,500,166,0.3,0.3,0.29740518962075846,0.3033932135728543,0.005988023952095856,False,True,True,True,False,36,46,0.0007081999792717397
paper_f3_jump__uniform__n500,paper_f3_jump,uniform,500,167,0.3,0.3,0.2894211576846307,0.313373253493014,0.023952095808383256,False,True,True,True,False,31,39,0.0005990000208839774
paper_f3_jump__uniform__n500,paper_f3_jump,uniform,500,168,0.3,0.3,0.2954091816367265,0.30538922155688625,0.009980039920159722,False,True,True,True,False,38,47,0.0006340999971143901
paper_f3_jump__uniform__n500,paper_f3_jump,uniform,500,169,0.3,0.3,0.2874251497005988,0.3033932135728543,0.015968063872255522,False,True,True,True,False,31,40,0.0005955999949947
paper_f3_jump__uniform__n500,paper_f3_jump,uniform,500,170,0.3,0.3,0.2954091816367265,0.30538922155688625,0.009980039920159722,False,True,True,False,False,35,46,0.0005596999544650316
paper_f3_jump__uniform__n500,paper_f3_jump,uniform,500,171,0.3,0.3,0.29740518962075846,0.3073852295409182,0.009980039920159722,False,True,True,True,False,35,43,0.0006228000274859369
paper_f3_jump__uniform__n500,paper_f3_jump,uniform,500,172,0.3,0.3,0.2954091816367265,0.30538922155688625,0.009980039920159722,False,True,True,True,False,36,41,0.0005990999634377658
paper_f3_jump__uniform__n500,paper_f3_jump,uniform,500,173,0.3,0.3,0.2934131736526946,0.3033932135728543,0.009980039920159722,False,True,True,True,False,35,42,0.0005945999873802066
paper_f3_jump__uniform__n500,paper_f3_jump,uniform,500,174,0.3,0.3,0.2954091816367265,0.30538922155688625,0.009980039920159722,False,True,True,True,False,37,45,0.0006273000035434961
paper_f3_jump__uniform__n500,paper_f3_jump,uniform,500,175,0.3,0.3,0.29740518962075846,0.3033932135728543,0.005988023952095856,False,True,True,True,False,39,44,0.0005345000536181033
paper_f3_jump__uniform__n500,paper_f3_jump,uniform,500,176,0.3,0.3,0.29740518962075846,0.3033932135728543,0.005988023952095856,False,True,True,True,False,36,45,0.0005401999806053936
paper_f3_jump__uniform__n500,paper_f3_jump,uniform,500,177,0.3,0.3,0.2934131736526946,0.3073852295409182,0.013972055888223589,False,True,True,True,False,33,41,0.0005319999763742089
paper_f3_jump__uniform__n500,paper_f3_jump,uniform,500,178,0.3,0.3,0.29740518962075846,0.31137724550898205,0.013972055888223589,False,True,True,True,False,36,38,0.000611600000411272
paper_f3_jump__uniform__n500,paper_f3_jump,uniform,500,179,0.3,0.3,0.2934131736526946,0.3073852295409182,0.013972055888223589,False,True,True,True,False,34,40,0.0007000999758020043
paper_f3_jump__uniform__n500,paper_f3_jump,uniform,500,180,0.3,0.3,0.29740518962075846,0.3033932135728543,0.005988023952095856,False,True,True,True,False,34,47,0.0010665000299923122
paper_f3_jump__uniform__n500,paper_f3_jump,uniform,500,181,0.3,0.3,0.29740518962075846,0.3073852295409182,0.009980039920159722,False,True,True,True,False,34,44,0.0009156999876722693
paper_f3_jump__uniform__n500,paper_f3_jump,uniform,500,182,0.3,0.3,0.29740518962075846,0.3073852295409182,0.009980039920159722,False,True,True,True,False,39,44,0.0006817999528720975
paper_f3_jump__uniform__n500,paper_f3_jump,uniform,500,183,0.3,0.3,0.2934131736526946,0.30538922155688625,0.011976047904191656,False,True,True,True,False,35,47,0.0005762000218965113
paper_f3_jump__uniform__n500,paper_f3_jump,uniform,500,184,0.3,0.3,0.2934131736526946,0.3073852295409182,0.013972055888223589,False,True,True,True,False,36,45,0.0004915000172331929
paper_f3_jump__uniform__n500,paper_f3_jump,uniform,500,185,0.3,0.3,0.29740518962075846,0.3033932135728543,0.005988023952095856,False,True,True,True,False,37,46,0.0005631999811157584
paper_f3_jump__uniform__n500,paper_f3_jump,uniform,500,186,0.3,0.3,0.2934131736526946,0.30538922155688625,0.011976047904191656,False,True,True,True,False,36,44,0.0005684000207111239
paper_f3_jump__uniform__n500,paper_f3_jump,uniform,500,187,0.3,0.3,0.28542914171656686,0.3033932135728543,0.017964071856287456,False,True,True,True,False,32,41,0.0006041000015102327
paper_f3_jump__uniform__n500,paper_f3_jump,uniform,500,188,0.3,0.3,0.28542914171656686,0.3033932135728543,0.017964071856287456,False,True,True,True,False,30,42,0.0006792000494897366
paper_f3_jump__uniform__n500,paper_f3_jump,uniform,500,189,0.3,0.3,0.2954091816367265,0.3073852295409182,0.011976047904191656,False,True,True,True,False,35,42,0.0007198000093922019
paper_f3_jump__uniform__n500,paper_f3_jump,uniform,500,190,0.3,0.3,0.2934131736526946,0.3033932135728543,0.009980039920159722,False,True,True,True,False,30,43,0.0006392999785020947
paper_f3_jump__uniform__n500,paper_f3_jump,uniform,500,191,0.3,0.3,0.2954091816367265,0.3073852295409182,0.011976047904191656,False,True,True,True,False,36,48,0.0005724999937228858
paper_f3_jump__uniform__n500,paper_f3_jump,uniform,500,192,0.3,0.3,0.29740518962075846,0.3073852295409182,0.009980039920159722,False,True,True,True,False,38,46,0.0005750999553129077
paper_f3_jump__uniform__n500,paper_f3_jump,uniform,500,193,0.3,0.3,0.2934131736526946,0.3073852295409182,0.013972055888223589,False,True,True,True,False,37,42,0.0005893000052310526
paper_f3_jump__uniform__n500,paper_f3_jump,uniform,500,194,0.3,0.3,0.29740518962075846,0.3033932135728543,0.005988023952095856,False,True,True,True,False,38,47,0.0006160000339150429
paper_f3_jump__uniform__n500,paper_f3_jump,uniform,500,195,0.3,0.3,0.2934131736526946,0.3033932135728543,0.009980039920159722,False,True,True,True,False,36,45,0.0006212999578565359
paper_f3_jump__uniform__n500,paper_f3_jump,uniform,500,196,0.3,0.3,0.29740518962075846,0.3033932135728543,0.005988023952095856,False,True,True,True,False,35,43,0.0012764999992214143
paper_f3_jump__uniform__n500,paper_f3_jump,uniform,500,197,0.3,0.3,0.2954091816367265,0.3073852295409182,0.011976047904191656,False,True,True,True,False,36,44,0.0007556999917142093
paper_f3_jump__uniform__n500,paper_f3_jump,uniform,500,198,0.3,0.3,0.29740518962075846,0.3033932135728543,0.005988023952095856,False,True,True,True,False,38,48,0.0006901000160723925
paper_f3_jump__uniform__n500,paper_f3_jump,uniform,500,199,0.3,0.3,0.29740518962075846,0.3033932135728543,0.005988023952095856,False,True,True,True,False,36,42,0.0006403999868780375
paper_f4_logistic__uniform__n500,paper_f4_logistic,uniform,500,0,0.3,0.3,0.0,0.8942115768463074,0.8942115768463074,False,True,True,True,False,0,2,0.0006832999642938375
paper_f4_logistic__uniform__n500,paper_f4_logistic,uniform,500,1,0.3,0.3,0.0,1.0,1.0,False,True,False,True,False,0,0,0.0006105999927967787
paper_f4_logistic__uniform__n500,paper_f4_logistic,uniform,500,2,0.3,0.3,0.0,1.0,1.0,False,True,False,True,False,0,0,0.0006087999790906906
paper_f4_logistic__uniform__n500,paper_f4_logistic,uniform,500,3,0.3,0.3,0.0,1.0,1.0,False,True,False,True,False,0,0,0.0005517000099644065
paper_f4_logistic__uniform__n500,paper_f4_logistic,uniform,500,4,0.3,0.3,0.0,1.0,1.0,False,True,False,True,False,0,0,0.0005780000356025994
paper_f4_logistic__uniform__n500,paper_f4_logistic,uniform,500,5,0.3,0.3,0.0,0.25948103792415167,0.25948103792415167,False,False,True,False,False,0,2,0.0005329999839887023
paper_f4_logistic__uniform__n500,paper_f4_logistic,uniform,500,6,0.3,0.3,0.0,1.0,1.0,False,True,False,True,False,0,0,0.0006841999711468816
paper_f4_logistic__uniform__n500,paper_f4_logistic,uniform,500,7,0.3,0.3,0.0,0.998003992015968,0.998003992015968,False,True,True,True,False,0,2,0.0007138000219129026
paper_f4_logistic__uniform__n500,paper_f4_logistic,uniform,500,8,0.3,0.3,0.0,1.0,1.0,False,True,False,True,False,0,0,0.0005292000132612884
paper_f4_logistic__uniform__n500,paper_f4_logistic,uniform,500,9,0.3,0.3,0.30538922155688625,1.0,0.6946107784431137,False,False,True,False,False,1,0,0.0008017999934963882
paper_f4_logistic__uniform__n500,paper_f4_logistic,uniform,500,10,0.3,0.3,0.0,1.0,1.0,False,True,False,True,False,0,0,0.0007104999967850745
paper_f4_logistic__uniform__n500,paper_f4_logistic,uniform,500,11,0.3,0.3,0.0,1.0,1.0,False,True,False,True,False,0,0,0.0006190999993123114
paper_f4_logistic__uniform__n500,paper_f4_logistic,uniform,500,12,0.3,0.3,0.0,1.0,1.0,False,True,False,True,False,0,0,0.0006741000106558204
paper_f4_logistic__uniform__n500,paper_f4_logistic,uniform,500,13,0.3,0.3,0.0,1.0,1.0,False,True,False,True,False,0,0,0.0006263000541366637
paper_f4_logistic__uniform__n500,paper_f4_logistic,uniform,500,14,0.3,0.3,0.0,1.0,1.0,False,True,False,True,False,0,0,0.0005926999729126692
paper_f4_logistic__uniform__n500,paper_f4_logistic,uniform,500,15,0.3,0.3,0.0,1.0,1.0,False,True,False,True,False,0,0,0.0005317999748513103
paper_f4_logistic__uniform__n500,paper_f4_logistic,uniform,500,16,0.3,0.3,0.0,1.0,1.0,False,True,False,True,False,0,0,0.0005260000471025705
paper_f4_logistic__uniform__n500,paper_f4_logistic,uniform,500,17,0.3,0.3,0.0,1.0,1.0,False,True,False,True,False,0,0,0.0005932000349275768
paper_f4_logistic__uniform__n500,paper_f4_logistic,uniform,500,18,0.3,0.3,0.0,1.0,1.0,False,True,False,True,False,0,0,0.0005305000231601298
paper_f4_logistic__uniform__n500,paper_f4_logistic,uniform,500,19,0.3,0.3,0.0,1.0,1.0,False,True,False,True,False,0,0,0.0005359000060707331
paper_f4_logistic__uniform__n500,paper_f4_logistic,uniform,500,20,0.3,0.3,0.0,1.0,1.0,False,True,False,True,False,0,0,0.000559799955226481
paper_f4_logistic__uniform__n500,paper_f4_logistic,uniform,500,21,0.3,0.3,0.0,1.0,1.0,False,True,False,True,False,0,0,0.0005216000135987997
paper_f4_logistic__uniform__n500,paper_f4_logistic,uniform,500,22,0.3,0.3,0.0,1.0,1.0,False,True,False,True,False,0,0,0.0005712000420317054
paper_f4_logistic__uniform__n500,paper_f4_logistic,uniform,500,23,0.3,0.3,0.3013972055888224,0.998003992015968,0.6966067864271457,False,False,True,False,False,1,1,0.000824199989438057
paper_f4_logistic__uniform__n500,paper_f4_logistic,uniform,500,24,0.3,0.3,0.0,0.998003992015968,0.998003992015968,False,True,True,True,False,0,1,0.0010011999984271824
paper_f4_logistic__uniform__n500,paper_f4_logistic,uniform,500,25,0.3,0.3,0.0,0.998003992015968,0.998003992015968,False,True,True,True,False,0,1,0.00074230000609532
paper_f4_logistic__uniform__n500,paper_f4_logistic,uniform,500,26,0.3,0.3,0.0,1.0,1.0,False,True,False,True,False,0,0,0.0007293999660760164
paper_f4_logistic__uniform__n500,paper_f4_logistic,uniform,500,27,0.3,0.3,0.0,1.0,1.0,False,True,False,True,False,0,0,0.0006204000092111528
paper_f4_logistic__uniform__n500,paper_f4_logistic,uniform,500,28,0.3,0.3,0.0,1.0,1.0,False,True,False,True,False,0,0,0.0006024000467732549
paper_f4_logistic__uniform__n500,paper_f4_logistic,uniform,500,29,0.3,0.3,0.0,1.0,1.0,False,True,False,True,False,0,0,0.00048230000538751483
paper_f4_logistic__uniform__n500,paper_f4_logistic,uniform,500,30,0.3,0.3,0.0,1.0,1.0,False,True,False,True,False,0,0,0.0004979000077582896
paper_f4_logistic__uniform__n500,paper_f4_logistic,uniform,500,31,0.3,0.3,0.0,1.0,1.0,False,True,False,True,False,0,0,0.0005458999658003449
paper_f4_logistic__uniform__n500,paper_f4_logistic,uniform,500,32,0.3,0.3,0.0,1.0,1.0,False,True,False,True,False,0,0,0.0005679999594576657
paper_f4_logistic__uniform__n500,paper_f4_logistic,uniform,500,33,0.3,0.3,0.0,0.998003992015968,0.998003992015968,False,True,True,True,False,0,1,0.0006599000189453363
paper_f4_logistic__uniform__n500,paper_f4_logistic,uniform,500,34,0.3,0.3,0.0,1.0,1.0,False,True,False,True,False,0,0,0.000568700022995472
paper_f4_logistic__uniform__n500,paper_f4_logistic,uniform,500,35,0.3,0.3,0.0,1.0,1.0,False,True,False,True,False,0,0,0.0005246999789960682
paper_f4_logistic__uniform__n500,paper_f4_logistic,uniform,500,36,0.3,0.3,0.0,1.0,1.0,False,True,False,True,False,0,0,0.0004767999635078013
paper_f4_logistic__uniform__n500,paper_f4_logistic,uniform,500,37,0.3,0.3,0.0,0.998003992015968,0.998003992015968,False,True,True,True,False,0,1,0.0005289000109769404
paper_f4_logistic__uniform__n500,paper_f4_logistic,uniform,500,38,0.3,0.3,0.0,1.0,1.0,False,True,False,True,False,0,0,0.0005416999920271337
paper_f4_logistic__uniform__n500,paper_f4_logistic,uniform,500,39,0.3,0.3,0.0,1.0,1.0,False,True,False,True,False,0,0,0.0005234999698586762
paper_f4_logistic__uniform__n500,paper_f4_logistic,uniform,500,40,0.3,0.3,0.0,1.0,1.0,False,True,False,True,False,0,0,0.0006647999980486929
paper_f4_logistic__uniform__n500,paper_f4_logistic,uniform,500,41,0.3,0.3,0.0,1.0,1.0,False,True,False,True,False,0,0,0.0008848999859765172
paper_f4_logistic__uniform__n500,paper_f4_logistic,uniform,500,42,0.3,0.3,0.0,1.0,1.0,False,True,False,True,False,0,0,0.0006277000065892935
paper_f4_logistic__uniform__n500,paper_f4_logistic,uniform,500,43,0.3,0.3,0.0,1.0,1.0,False,True,False,True,False,0,0,0.0005801999941468239
paper_f4_logistic__uniform__n500,paper_f4_logistic,uniform,500,44,0.3,0.3,0.0,0.998003992015968,0.998003992015968,False,True,True,True,False,0,1,0.000603899999987334
paper_f4_logistic__uniform__n500,paper_f4_logistic,uniform,500,45,0.3,0.3,0.0,1.0,1.0,False,True,False,True,False,0,0,0.000471699982881546
paper_f4_logistic__uniform__n500,paper_f4_logistic,uniform,500,46,0.3,0.3,0.0,1.0,1.0,False,True,False,True,False,0,0,0.0004946999833919108
paper_f4_logistic__uniform__n500,paper_f4_logistic,uniform,500,47,0.3,0.3,0.0,1.0,1.0,False,True,False,True,False,0,0,0.000624600041192025
paper_f4_logistic__uniform__n500,paper_f4_logistic,uniform,500,48,0.3,0.3,0.0,1.0,1.0,False,True,False,True,False,0,0,0.0005183999892324209
paper_f4_logistic__uniform__n500,paper_f4_logistic,uniform,500,49,0.3,0.3,0.0,1.0,1.0,False,True,False,True,False,0,0,0.0007725000032223761
paper_f4_logistic__uniform__n500,paper_f4_logistic,uniform,500,50,0.3,0.3,0.0,1.0,1.0,False,True,False,True,False,0,0,0.0006107999943196774
paper_f4_logistic__uniform__n500,paper_f4_logistic,uniform,500,51,0.3,0.3,0.0,1.0,1.0,False,True,False,True,False,0,0,0.0006057999562472105
paper_f4_logistic__uniform__n500,paper_f4_logistic,uniform,500,52,0.3,0.3,0.0,0.998003992015968,0.998003992015968,False,True,True,True,False,0,1,0.0005470000323839486
paper_f4_logistic__uniform__n500,paper_f4_logistic,uniform,500,53,0.3,0.3,0.0,1.0,1.0,False,True,False,True,False,0,0,0.0006193000008352101
paper_f4_logistic__uniform__n500,paper_f4_logistic,uniform,500,54,0.3,0.3,0.0,1.0,1.0,False,True,False,True,False,0,0,0.0008157999836839736
paper_f4_logistic__uniform__n500,paper_f4_logistic,uniform,500,55,0.3,0.3,0.0,1.0,1.0,False,True,False,True,False,0,0,0.0006196000031195581
paper_f4_logistic__uniform__n500,paper_f4_logistic,uniform,500,56,0.3,0.3,0.0,1.0,1.0,False,True,False,True,False,0,0,0.000575500016566366
paper_f4_logistic__uniform__n500,paper_f4_logistic,uniform,500,57,0.3,0.3,0.0,0.998003992015968,0.998003992015968,False,True,True,True,False,0,2,0.0006897000130265951
paper_f4_logistic__uniform__n500,paper_f4_logistic,uniform,500,58,0.3,0.3,0.0,1.0,1.0,False,True,False,True,False,0,0,0.000819500011857599
paper_f4_logistic__uniform__n500,paper_f4_logistic,uniform,500,59,0.3,0.3,0.0,1.0,1.0,False,True,False,True,False,0,0,0.0005760000203736126
paper_f4_logistic__uniform__n500,paper_f4_logistic,uniform,500,60,0.3,0.3,0.0,1.0,1.0,False,True,False,True,False,0,0,0.000494200037792325
paper_f4_logistic__uniform__n500,paper_f4_logistic,uniform,500,61,0.3,0.3,0.0,1.0,1.0,False,True,False,True,False,0,0,0.0005054000066593289
paper_f4_logistic__uniform__n500,paper_f4_logistic,uniform,500,62,0.3,0.3,0.36726546906187624,1.0,0.6327345309381238,False,False,True,False,False,1,0,0.0005043999990448356
paper_f4_logistic__uniform__n500,paper_f4_logistic,uniform,500,63,0.3,0.3,0.0,1.0,1.0,False,True,False,True,False,0,0,0.0004784000338986516
paper_f4_logistic__uniform__n500,paper_f4_logistic,uniform,500,64,0.3,0.3,0.0,1.0,1.0,False,True,False,True,False,0,0,0.0006902000168338418
paper_f4_logistic__uniform__n500,paper_f4_logistic,uniform,500,65,0.3,0.3,0.0,1.0,1.0,False,True,False,True,False,0,0,0.0006576000014320016
paper_f4_logistic__uniform__n500,paper_f4_logistic,uniform,500,66,0.3,0.3,0.0,1.0,1.0,False,True,False,True,False,0,0,0.0005291000124998391
paper_f4_logistic__uniform__n500,paper_f4_logistic,uniform,500,67,0.3,0.3,0.0,0.998003992015968,0.998003992015968,False,True,True,True,False,0,1,0.0005335999885573983
paper_f4_logistic__uniform__n500,paper_f4_logistic,uniform,500,68,0.3,0.3,0.0,1.0,1.0,False,True,False,True,False,0,0,0.0005296000163070858
paper_f4_logistic__uniform__n500,paper_f4_logistic,uniform,500,69,0.3,0.3,0.0,1.0,1.0,False,True,False,True,False,0,0,0.0005494999932125211
paper_f4_logistic__uniform__n500,paper_f4_logistic,uniform,500,70,0.3,0.3,0.0,1.0,1.0,False,True,False,True,False,0,0,0.000624600041192025
paper_f4_logistic__uniform__n500,paper_f4_logistic,uniform,500,71,0.3,0.3,0.0,1.0,1.0,False,True,False,True,False,0,0,0.0008705999935045838
paper_f4_logistic__uniform__n500,paper_f4_logistic,uniform,500,72,0.3,0.3,0.0,1.0,1.0,False,True,False,True,False,0,0,0.0007118000066839159
paper_f4_logistic__uniform__n500,paper_f4_logistic,uniform,500,73,0.3,0.3,0.0,1.0,1.0,False,True,False,True,False,0,0,0.0007538999780081213
paper_f4_logistic__uniform__n500,paper_f4_logistic,uniform,500,74,0.3,0.3,0.0,1.0,1.0,False,True,False,True,False,0,0,0.0006166999810375273
paper_f4_logistic__uniform__n500,paper_f4_logistic,uniform,500,75,0.3,0.3,0.0,1.0,1.0,False,True,False,True,False,0,0,0.0006061000167392194
paper_f4_logistic__uniform__n500,paper_f4_logistic,uniform,500,76,0.3,0.3,0.0,0.998003992015968,0.998003992015968,False,True,True,True,False,0,1,0.0005660000024363399
paper_f4_logistic__uniform__n500,paper_f4_logistic,uniform,500,77,0.3,0.3,0.0,1.0,1.0,False,True,False,True,False,0,0,0.0006022000452503562
paper_f4_logistic__uniform__n500,paper_f4_logistic,uniform,500,78,0.3,0.3,0.0,1.0,1.0,False,True,False,True,False,0,0,0.0005070000188425183
paper_f4_logistic__uniform__n500,paper_f4_logistic,uniform,500,79,0.3,0.3,0.0,1.0,1.0,False,True,False,True,False,0,0,0.0005228000227361917
paper_f4_logistic__uniform__n500,paper_f4_logistic,uniform,500,80,0.3,0.3,0.0,1.0,1.0,False,True,False,True,False,0,0,0.000514300016220659
paper_f4_logistic__uniform__n500,paper_f4_logistic,uniform,500,81,0.3,0.3,0.0,1.0,1.0,False,True,False,True,False,0,0,0.0005862999823875725
paper_f4_logistic__uniform__n500,paper_f4_logistic,uniform,500,82,0.3,0.3,0.0,0.998003992015968,0.998003992015968,False,True,True,True,False,0,1,0.0005376999615691602
paper_f4_logistic__uniform__n500,paper_f4_logistic,uniform,500,83,0.3,0.3,0.0,1.0,1.0,False,True,False,True,False,0,0,0.0005294000147841871
paper_f4_logistic__uniform__n500,paper_f4_logistic,uniform,500,84,0.3,0.3,0.0,1.0,1.0,False,True,False,True,False,0,0,0.0005337000475265086
paper_f4_logistic__uniform__n500,paper_f4_logistic,uniform,500,85,0.3,0.3,0.0,1.0,1.0,False,True,False,True,False,0,0,0.0004763000179082155
paper_f4_logistic__uniform__n500,paper_f4_logistic,uniform,500,86,0.3,0.3,0.0,1.0,1.0,False,True,False,True,False,0,0,0.0005070000188425183
paper_f4_logistic__uniform__n500,paper_f4_logistic,uniform,500,87,0.3,0.3,0.0,1.0,1.0,False,True,False,True,False,0,0,0.0005087999743409455
paper_f4_logistic__uniform__n500,paper_f4_logistic,uniform,500,88,0.3,0.3,0.0,1.0,1.0,False,True,False,True,False,0,0,0.0005683000199496746
paper_f4_logistic__uniform__n500,paper_f4_logistic,uniform,500,89,0.3,0.3,0.0,1.0,1.0,False,True,False,True,False,0,0,0.000505699950736016
paper_f4_logistic__uniform__n500,paper_f4_logistic,uniform,500,90,0.3,0.3,0.0,1.0,1.0,False,True,False,True,False,0,0,0.0005642999894917011
paper_f4_logistic__uniform__n500,paper_f4_logistic,uniform,500,91,0.3,0.3,0.0,1.0,1.0,False,True,False,True,False,0,0,0.0008038000087253749
paper_f4_logistic__uniform__n500,paper_f4_logistic,uniform,500,92,0.3,0.3,0.0,1.0,1.0,False,True,False,True,False,0,0,0.0009561000042594969
paper_f4_logistic__uniform__n500,paper_f4_logistic,uniform,500,93,0.3,0.3,0.0,1.0,1.0,False,True,False,True,False,0,0,0.0007548999856226146
paper_f4_logistic__uniform__n500,paper_f4_logistic,uniform,500,94,0.3,0.3,0.0,1.0,1.0,False,True,False,True,False,0,0,0.0008151999791152775
paper_f4_logistic__uniform__n500,paper_f4_logistic,uniform,500,95,0.3,0.3,0.0,1.0,1.0,False,True,False,True,False,0,0,0.0006343999993987381
paper_f4_logistic__uniform__n500,paper_f4_logistic,uniform,500,96,0.3,0.3,0.0,1.0,1.0,False,True,False,True,False,0,0,0.0006720999954268336
paper_f4_logistic__uniform__n500,paper_f4_logistic,uniform,500,97,0.3,0.3,0.0,0.998003992015968,0.998003992015968,False,True,True,True,False,0,1,0.0006441000150516629
paper_f4_logistic__uniform__n500,paper_f4_logistic,uniform,500,98,0.3,0.3,0.0,1.0,1.0,False,True,False,True,False,0,0,0.0006718000513501465
paper_f4_logistic__uniform__n500,paper_f4_logistic,uniform,500,99,0.3,0.3,0.0,1.0,1.0,False,True,False,True,False,0,0,0.0006867999909445643
paper_f4_logistic__uniform__n500,paper_f4_logistic,uniform,500,100,0.3,0.3,0.0,1.0,1.0,False,True,False,True,False,0,0,0.0005194999976083636
paper_f4_logistic__uniform__n500,paper_f4_logistic,uniform,500,101,0.3,0.3,0.0,1.0,1.0,False,True,False,True,False,0,0,0.0005790999857708812
paper_f4_logistic__uniform__n500,paper_f4_logistic,uniform,500,102,0.3,0.3,0.0,1.0,1.0,False,True,False,True,False,0,0,0.0005692999693565071
paper_f4_logistic__uniform__n500,paper_f4_logistic,uniform,500,103,0.3,0.3,0.0,0.39520958083832336,0.39520958083832336,False,True,True,False,False,0,1,0.0007020999910309911
paper_f4_logistic__uniform__n500,paper_f4_logistic,uniform,500,104,0.3,0.3,0.0,1.0,1.0,False,True,False,True,False,0,0,0.0006065999623388052
paper_f4_logistic__uniform__n500,paper_f4_logistic,uniform,500,105,0.3,0.3,0.0,1.0,1.0,False,True,False,True,False,0,0,0.0005887000006623566
paper_f4_logistic__uniform__n500,paper_f4_logistic,uniform,500,106,0.3,0.3,0.0,0.998003992015968,0.998003992015968,False,True,True,True,False,0,1,0.000678999989759177
paper_f4_logistic__uniform__n500,paper_f4_logistic,uniform,500,107,0.3,0.3,0.0,1.0,1.0,False,True,False,True,False,0,0,0.0006829000194557011
paper_f4_logistic__uniform__n500,paper_f4_logistic,uniform,500,108,0.3,0.3,0.0,1.0,1.0,False,True,False,True,False,0,0,0.0009199000196531415
paper_f4_logistic__uniform__n500,paper_f4_logistic,uniform,500,109,0.3,0.3,0.0,0.998003992015968,0.998003992015968,False,True,True,True,False,0,1,0.0006880000000819564
paper_f4_logistic__uniform__n500,paper_f4_logistic,uniform,500,110,0.3,0.3,0.0,1.0,1.0,False,True,False,True,False,0,0,0.0005828000139445066
paper_f4_logistic__uniform__n500,paper_f4_logistic,uniform,500,111,0.3,0.3,0.0,1.0,1.0,False,True,False,True,False,0,0,0.0005513000069186091
paper_f4_logistic__uniform__n500,paper_f4_logistic,uniform,500,112,0.3,0.3,0.0,1.0,1.0,False,True,False,True,False,0,0,0.0005421999958343804
paper_f4_logistic__uniform__n500,paper_f4_logistic,uniform,500,113,0.3,0.3,0.0,1.0,1.0,False,True,False,True,False,0,0,0.0005526000168174505
paper_f4_logistic__uniform__n500,paper_f4_logistic,uniform,500,114,0.3,0.3,0.0,1.0,1.0,False,True,False,True,False,0,0,0.000989199965260923
paper_f4_logistic__uniform__n500,paper_f4_logistic,uniform,500,115,0.3,0.3,0.0,0.998003992015968,0.998003992015968,False,True,True,True,False,0,1,0.0005322000361047685
paper_f4_logistic__uniform__n500,paper_f4_logistic,uniform,500,116,0.3,0.3,0.0,0.998003992015968,0.998003992015968,False,True,True,True,False,0,1,0.0005376000190153718
paper_f4_logistic__uniform__n500,paper_f4_logistic,uniform,500,117,0.3,0.3,0.0,1.0,1.0,False,True,False,True,False,0,0,0.0005163999740034342
paper_f4_logistic__uniform__n500,paper_f4_logistic,uniform,500,118,0.3,0.3,0.0,1.0,1.0,False,True,False,True,False,0,0,0.00048260000767186284
paper_f4_logistic__uniform__n500,paper_f4_logistic,uniform,500,119,0.3,0.3,0.0,1.0,1.0,False,True,False,True,False,0,0,0.0004620999679900706
paper_f4_logistic__uniform__n500,paper_f4_logistic,uniform,500,120,0.3,0.3,0.0,1.0,1.0,False,True,False,True,False,0,0,0.0006186999962665141
paper_f4_logistic__uniform__n500,paper_f4_logistic,uniform,500,121,0.3,0.3,0.0,1.0,1.0,False,True,False,True,False,0,0,0.0006986999651417136
paper_f4_logistic__uniform__n500,paper_f4_logistic,uniform,500,122,0.3,0.3,0.0,1.0,1.0,False,True,False,True,False,0,0,0.000679299992043525
paper_f4_logistic__uniform__n500,paper_f4_logistic,uniform,500,123,0.3,0.3,0.0,1.0,1.0,False,True,False,True,False,0,0,0.0006655999459326267
paper_f4_logistic__uniform__n500,paper_f4_logistic,uniform,500,124,0.3,0.3,0.0,1.0,1.0,False,True,False,True,False,0,0,0.0006195000023581088
paper_f4_logistic__uniform__n500,paper_f4_logistic,uniform,500,125,0.3,0.3,0.0,1.0,1.0,False,True,False,True,False,0,0,0.0007664000149816275
paper_f4_logistic__uniform__n500,paper_f4_logistic,uniform,500,126,0.3,0.3,0.0,1.0,1.0,False,True,False,True,False,0,0,0.000532599980942905
paper_f4_logistic__uniform__n500,paper_f4_logistic,uniform,500,127,0.3,0.3,0.0,1.0,1.0,False,True,False,True,False,0,0,0.0006363000138662755
paper_f4_logistic__uniform__n500,paper_f4_logistic,uniform,500,128,0.3,0.3,0.0,1.0,1.0,False,True,False,True,False,0,0,0.0007171999895945191
paper_f4_logistic__uniform__n500,paper_f4_logistic,uniform,500,129,0.3,0.3,0.0,1.0,1.0,False,True,False,True,False,0,0,0.000548599986359477
paper_f4_logistic__uniform__n500,paper_f4_logistic,uniform,500,130,0.3,0.3,0.0,1.0,1.0,False,True,False,True,False,0,0,0.0006973000126890838
paper_f4_logistic__uniform__n500,paper_f4_logistic,uniform,500,131,0.3,0.3,0.0,1.0,1.0,False,True,False,True,False,0,0,0.0009481000015512109
paper_f4_logistic__uniform__n500,paper_f4_logistic,uniform,500,132,0.3,0.3,0.0,0.998003992015968,0.998003992015968,False,True,True,True,False,0,2,0.000791400030720979
paper_f4_logistic__uniform__n500,paper_f4_logistic,uniform,500,133,0.3,0.3,0.0,1.0,1.0,False,True,False,True,False,0,0,0.0008360000210814178
paper_f4_logistic__uniform__n500,paper_f4_logistic,uniform,500,134,0.3,0.3,0.0,1.0,1.0,False,True,False,True,False,0,0,0.0006682000239379704
paper_f4_logistic__uniform__n500,paper_f4_logistic,uniform,500,135,0.3,0.3,0.0,1.0,1.0,False,True,False,True,False,0,0,0.0010088999988511205
paper_f4_logistic__uniform__n500,paper_f4_logistic,uniform,500,136,0.3,0.3,0.0,1.0,1.0,False,True,False,True,False,0,0,0.0008991000358946621
paper_f4_logistic__uniform__n500,paper_f4_logistic,uniform,500,137,0.3,0.3,0.0,1.0,1.0,False,True,False,True,False,0,0,0.0008088999893516302
paper_f4_logistic__uniform__n500,paper_f4_logistic,uniform,500,138,0.3,0.3,0.0,1.0,1.0,False,True,False,True,False,0,0,0.0006717000505886972
paper_f4_logistic__uniform__n500,paper_f4_logistic,uniform,500,139,0.3,0.3,0.0,1.0,1.0,False,True,False,True,False,0,0,0.0008672999683767557
paper_f4_logistic__uniform__n500,paper_f4_logistic,uniform,500,140,0.3,0.3,0.0,1.0,1.0,False,True,False,True,False,0,0,0.0006260999944061041
paper_f4_logistic__uniform__n500,paper_f4_logistic,uniform,500,141,0.3,0.3,0.0,1.0,1.0,False,True,False,True,False,0,0,0.0006581000052392483
paper_f4_logistic__uniform__n500,paper_f4_logistic,uniform,500,142,0.3,0.3,0.0,0.998003992015968,0.998003992015968,False,True,True,True,False,0,3,0.0007323999889194965
paper_f4_logistic__uniform__n500,paper_f4_logistic,uniform,500,143,0.3,0.3,0.0,0.998003992015968,0.998003992015968,False,True,True,True,False,0,1,0.000750300008803606
paper_f4_logistic__uniform__n500,paper_f4_logistic,uniform,500,144,0.3,0.3,0.8423153692614771,1.0,0.1576846307385229,False,False,True,False,False,1,0,0.0006894000107422471
paper_f4_logistic__uniform__n500,paper_f4_logistic,uniform,500,145,0.3,0.3,0.0,1.0,1.0,False,True,False,True,False,0,0,0.0005879999953322113
paper_f4_logistic__uniform__n500,paper_f4_logistic,uniform,500,146,0.3,0.3,0.0,1.0,1.0,False,True,False,True,False,0,0,0.0006232000305317342
paper_f4_logistic__uniform__n500,paper_f4_logistic,uniform,500,147,0.3,0.3,0.0,1.0,1.0,False,True,False,True,False,0,0,0.0009255000040866435
paper_f4_logistic__uniform__n500,paper_f4_logistic,uniform,500,148,0.3,0.3,0.0,1.0,1.0,False,True,False,True,False,0,0,0.0007309999782592058
paper_f4_logistic__uniform__n500,paper_f4_logistic,uniform,500,149,0.3,0.3,0.0,1.0,1.0,False,True,False,True,False,0,0,0.0006049000076018274
paper_f4_logistic__uniform__n500,paper_f4_logistic,uniform,500,150,0.3,0.3,0.0,1.0,1.0,False,True,False,True,False,0,0,0.0007520999643020332
paper_f4_logistic__uniform__n500,paper_f4_logistic,uniform,500,151,0.3,0.3,0.0,0.998003992015968,0.998003992015968,False,True,True,True,False,0,2,0.000997499970253557
paper_f4_logistic__uniform__n500,paper_f4_logistic,uniform,500,152,0.3,0.3,0.0,1.0,1.0,False,True,False,True,False,0,0,0.0008545999880880117
paper_f4_logistic__uniform__n500,paper_f4_logistic,uniform,500,153,0.3,0.3,0.0,1.0,1.0,False,True,False,True,False,0,0,0.0007829000242054462
paper_f4_logistic__uniform__n500,paper_f4_logistic,uniform,500,154,0.3,0.3,0.0,1.0,1.0,False,True,False,True,False,0,0,0.0007146000280044973
paper_f4_logistic__uniform__n500,paper_f4_logistic,uniform,500,155,0.3,0.3,0.0,0.998003992015968,0.998003992015968,False,True,True,True,False,0,1,0.0007391999824903905
paper_f4_logistic__uniform__n500,paper_f4_logistic,uniform,500,156,0.3,0.3,0.0,1.0,1.0,False,True,False,True,False,0,0,0.0007275000098161399
paper_f4_logistic__uniform__n500,paper_f4_logistic,uniform,500,157,0.3,0.3,0.16966067864271456,1.0,0.8303393213572854,False,True,True,False,False,1,0,0.000754999986384064
paper_f4_logistic__uniform__n500,paper_f4_logistic,uniform,500,158,0.3,0.3,0.0,1.0,1.0,False,True,False,True,False,0,0,0.0006910999654792249
paper_f4_logistic__uniform__n500,paper_f4_logistic,uniform,500,159,0.3,0.3,0.0,1.0,1.0,False,True,False,True,False,0,0,0.0007372999680228531
paper_f4_logistic__uniform__n500,paper_f4_logistic,uniform,500,160,0.3,0.3,0.0,1.0,1.0,False,True,False,True,False,0,0,0.0006834999658167362
paper_f4_logistic__uniform__n500,paper_f4_logistic,uniform,500,161,0.3,0.3,0.0,1.0,1.0,False,True,False,True,False,0,0,0.0006809000042267144
paper_f4_logistic__uniform__n500,paper_f4_logistic,uniform,500,162,0.3,0.3,0.0,1.0,1.0,False,True,False,True,False,0,0,0.0006345000001601875
paper_f4_logistic__uniform__n500,paper_f4_logistic,uniform,500,163,0.3,0.3,0.0,1.0,1.0,False,True,False,True,False,0,0,0.0006836000247858465
paper_f4_logistic__uniform__n500,paper_f4_logistic,uniform,500,164,0.3,0.3,0.0,1.0,1.0,False,True,False,True,False,0,0,0.0007168999873101711
paper_f4_logistic__uniform__n500,paper_f4_logistic,uniform,500,165,0.3,0.3,0.0,1.0,1.0,False,True,False,True,False,0,0,0.0008478999952785671
paper_f4_logistic__uniform__n500,paper_f4_logistic,uniform,500,166,0.3,0.3,0.0,0.998003992015968,0.998003992015968,False,True,True,True,False,0,2,0.0010344000183977187
paper_f4_logistic__uniform__n500,paper_f4_logistic,uniform,500,167,0.3,0.3,0.0,1.0,1.0,False,True,False,True,False,0,0,0.0008435000199824572
paper_f4_logistic__uniform__n500,paper_f4_logistic,uniform,500,168,0.3,0.3,0.0,1.0,1.0,False,True,False,True,False,0,0,0.0010766000486910343
paper_f4_logistic__uniform__n500,paper_f4_logistic,uniform,500,169,0.3,0.3,0.0,1.0,1.0,False,True,False,True,False,0,0,0.0007794999983161688
paper_f4_logistic__uniform__n500,paper_f4_logistic,uniform,500,170,0.3,0.3,0.0,1.0,1.0,False,True,False,True,False,0,0,0.0007160999812185764
paper_f4_logistic__uniform__n500,paper_f4_logistic,uniform,500,171,0.3,0.3,0.0,0.8303393213572854,0.8303393213572854,False,True,True,True,False,0,2,0.0008712999988347292
paper_f4_logistic__uniform__n500,paper_f4_logistic,uniform,500,172,0.3,0.3,0.0,1.0,1.0,False,True,False,True,False,0,0,0.0007590000168420374
paper_f4_logistic__uniform__n500,paper_f4_logistic,uniform,500,173,0.3,0.3,0.0,1.0,1.0,False,True,False,True,False,0,0,0.0006906999624334276
paper_f4_logistic__uniform__n500,paper_f4_logistic,uniform,500,174,0.3,0.3,0.0,1.0,1.0,False,True,False,True,False,0,0,0.0005701999762095511
paper_f4_logistic__uniform__n500,paper_f4_logistic,uniform,500,175,0.3,0.3,0.0,1.0,1.0,False,True,False,True,False,0,0,0.0007352999527938664
paper_f4_logistic__uniform__n500,paper_f4_logistic,uniform,500,176,0.3,0.3,0.0,1.0,1.0,False,True,False,True,False,0,0,0.0008685999782755971
paper_f4_logistic__uniform__n500,paper_f4_logistic,uniform,500,177,0.3,0.3,0.0,1.0,1.0,False,True,False,True,False,0,0,0.0008697999874129891
paper_f4_logistic__uniform__n500,paper_f4_logistic,uniform,500,178,0.3,0.3,0.0,0.998003992015968,0.998003992015968,False,True,True,True,False,0,1,0.0006796999950893223
paper_f4_logistic__uniform__n500,paper_f4_logistic,uniform,500,179,0.3,0.3,0.0,1.0,1.0,False,True,False,True,False,0,0,0.0006366000161506236
paper_f4_logistic__uniform__n500,paper_f4_logistic,uniform,500,180,0.3,0.3,0.0,1.0,1.0,False,True,False,True,False,0,0,0.0009634000016376376
paper_f4_logistic__uniform__n500,paper_f4_logistic,uniform,500,181,0.3,0.3,0.0,1.0,1.0,False,True,False,True,False,0,0,0.0006145000224933028
paper_f4_logistic__uniform__n500,paper_f4_logistic,uniform,500,182,0.3,0.3,0.0,1.0,1.0,False,True,False,True,False,0,0,0.0006552999839186668
paper_f4_logistic__uniform__n500,paper_f4_logistic,uniform,500,183,0.3,0.3,0.0,0.8303393213572854,0.8303393213572854,False,True,True,True,False,0,3,0.0007169999880716205
paper_f4_logistic__uniform__n500,paper_f4_logistic,uniform,500,184,0.3,0.3,0.0,1.0,1.0,False,True,False,True,False,0,0,0.0006478999857790768
paper_f4_logistic__uniform__n500,paper_f4_logistic,uniform,500,185,0.3,0.3,0.0,1.0,1.0,False,True,False,True,False,0,0,0.000647700042463839
paper_f4_logistic__uniform__n500,paper_f4_logistic,uniform,500,186,0.3,0.3,0.0,1.0,1.0,False,True,False,True,False,0,0,0.0006851000362075865
paper_f4_logistic__uniform__n500,paper_f4_logistic,uniform,500,187,0.3,0.3,0.0,0.998003992015968,0.998003992015968,False,True,True,True,False,0,1,0.0005976000102236867
paper_f4_logistic__uniform__n500,paper_f4_logistic,uniform,500,188,0.3,0.3,0.0,0.998003992015968,0.998003992015968,False,True,True,True,False,0,1,0.0006118000019341707
paper_f4_logistic__uniform__n500,paper_f4_logistic,uniform,500,189,0.3,0.3,0.0,1.0,1.0,False,True,False,True,False,0,0,0.0006412999937310815
paper_f4_logistic__uniform__n500,paper_f4_logistic,uniform,500,190,0.3,0.3,0.0,1.0,1.0,False,True,False,True,False,0,0,0.0005723999929614365
paper_f4_logistic__uniform__n500,paper_f4_logistic,uniform,500,191,0.3,0.3,0.0,1.0,1.0,False,True,False,True,False,0,0,0.0007527000270783901
paper_f4_logistic__uniform__n500,paper_f4_logistic,uniform,500,192,0.3,0.3,0.0,1.0,1.0,False,True,False,True,False,0,0,0.0006219000206328928
paper_f4_logistic__uniform__n500,paper_f4_logistic,uniform,500,193,0.3,0.3,0.0,1.0,1.0,False,True,False,True,False,0,0,0.0006118000019341707
paper_f4_logistic__uniform__n500,paper_f4_logistic,uniform,500,194,0.3,0.3,0.0,1.0,1.0,False,True,False,True,False,0,0,0.0006199000054039061
paper_f4_logistic__uniform__n500,paper_f4_logistic,uniform,500,195,0.3,0.3,0.0,0.998003992015968,0.998003992015968,False,True,True,True,False,0,1,0.0005788999842479825
paper_f4_logistic__uniform__n500,paper_f4_logistic,uniform,500,196,0.3,0.3,0.0,1.0,1.0,False,True,False,True,False,0,0,0.000624299980700016
paper_f4_logistic__uniform__n500,paper_f4_logistic,uniform,500,197,0.3,0.3,0.0,1.0,1.0,False,True,False,True,False,0,0,0.0007562999962829053
paper_f4_logistic__uniform__n500,paper_f4_logistic,uniform,500,198,0.3,0.3,0.0,1.0,1.0,False,True,False,True,False,0,0,0.0007051999564282596
paper_f4_logistic__uniform__n500,paper_f4_logistic,uniform,500,199,0.3,0.3,0.0,1.0,1.0,False,True,False,True,False,0,0,0.0007119000074453652
control_affine__uniform__n500,control_affine,uniform,500,0,0.0,1.0,0.0,1.0,1.0,False,True,False,True,False,0,0,0.0007437999593093991
control_affine__uniform__n500,control_affine,uniform,500,1,0.0,1.0,0.0,1.0,1.0,False,True,False,True,False,0,0,0.0006401999853551388
control_affine__uniform__n500,control_affine,uniform,500,2,0.0,1.0,0.0,1.0,1.0,False,True,False,True,False,0,0,0.0005661000031977892
control_affine__uniform__n500,control_affine,uniform,500,3,0.0,1.0,0.0,1.0,1.0,False,True,False,True,False,0,0,0.0007039000047370791
control_affine__uniform__n500,control_affine,uniform,500,4,0.0,1.0,0.0,1.0,1.0,False,True,False,True,False,0,0,0.0007110000005923212
control_affine__uniform__n500,control_affine,uniform,500,5,0.0,1.0,0.0,1.0,1.0,False,True,False,True,False,0,0,0.0007368000224232674
control_affine__uniform__n500,control_affine,uniform,500,6,0.0,1.0,0.0,1.0,1.0,False,True,False,True,False,0,0,0.0007623000419698656
control_affine__uniform__n500,control_affine,uniform,500,7,0.0,1.0,0.0,1.0,1.0,False,True,False,True,False,0,0,0.0007238999824039638
control_affine__uniform__n500,control_affine,uniform,500,8,0.0,1.0,0.0,1.0,1.0,False,True,False,True,False,0,0,0.0006284999544732273
control_affine__uniform__n500,control_affine,uniform,500,9,0.0,1.0,0.0,1.0,1.0,False,True,False,True,False,0,0,0.0005772999720647931
control_affine__uniform__n500,control_affine,uniform,500,10,0.0,1.0,0.0,1.0,1.0,False,True,False,True,False,0,0,0.0005688000237569213
control_affine__uniform__n500,control_affine,uniform,500,11,0.0,1.0,0.0,1.0,1.0,False,True,False,True,False,0,0,0.0006584000075235963
control_affine__uniform__n500,control_affine,uniform,500,12,0.0,1.0,0.0,1.0,1.0,False,True,False,True,False,0,0,0.0006419999990612268
control_affine__uniform__n500,control_affine,uniform,500,13,0.0,1.0,0.0,1.0,1.0,False,True,False,True,False,0,0,0.0005549000343307853
control_affine__uniform__n500,control_affine,uniform,500,14,0.0,1.0,0.0,1.0,1.0,False,True,False,True,False,0,0,0.0005357000045478344
control_affine__uniform__n500,control_affine,uniform,500,15,0.0,1.0,0.0,1.0,1.0,False,True,False,True,False,0,0,0.0005105999880470335
control_affine__uniform__n500,control_affine,uniform,500,16,0.0,1.0,0.0,1.0,1.0,False,True,False,True,False,0,0,0.0005990000208839774
control_affine__uniform__n500,control_affine,uniform,500,17,0.0,1.0,0.0,1.0,1.0,False,True,False,True,False,0,0,0.0006668000132776797
control_affine__uniform__n500,control_affine,uniform,500,18,0.0,1.0,0.0,1.0,1.0,False,True,False,True,False,0,0,0.0005586000042967498
control_affine__uniform__n500,control_affine,uniform,500,19,0.0,1.0,0.0,1.0,1.0,False,True,False,True,False,0,0,0.0006410999922081828
control_affine__uniform__n500,control_affine,uniform,500,20,0.0,1.0,0.0,1.0,1.0,False,True,False,True,False,0,0,0.0006195000023581088
control_affine__uniform__n500,control_affine,uniform,500,21,0.0,1.0,0.0,1.0,1.0,False,True,False,True,False,0,0,0.0005654999986290932
control_affine__uniform__n500,control_affine,uniform,500,22,0.0,1.0,0.0,1.0,1.0,False,True,False,True,False,0,0,0.0005228999652899802
control_affine__uniform__n500,control_affine,uniform,500,23,0.0,1.0,0.0,1.0,1.0,False,True,False,True,False,0,0,0.0009172999998554587
control_affine__uniform__n500,control_affine,uniform,500,24,0.0,1.0,0.0,1.0,1.0,False,True,False,True,False,0,0,0.0006975999567657709
control_affine__uniform__n500,control_affine,uniform,500,25,0.0,1.0,0.0,1.0,1.0,False,True,False,True,False,0,0,0.0005439000087790191
control_affine__uniform__n500,control_affine,uniform,500,26,0.0,1.0,0.0,1.0,1.0,False,True,False,True,False,0,0,0.0004980000085197389
control_affine__uniform__n500,control_affine,uniform,500,27,0.0,1.0,0.0,1.0,1.0,False,True,False,True,False,0,0,0.0004735999973490834
control_affine__uniform__n500,control_affine,uniform,500,28,0.0,1.0,0.0,1.0,1.0,False,True,False,True,False,0,0,0.0004708999767899513
control_affine__uniform__n500,control_affine,uniform,500,29,0.0,1.0,0.0,1.0,1.0,False,True,False,True,False,0,0,0.0004957999917678535
control_affine__uniform__n500,control_affine,uniform,500,30,0.0,1.0,0.0,1.0,1.0,False,True,False,True,False,0,0,0.0005762999644502997
control_affine__uniform__n500,control_affine,uniform,500,31,0.0,1.0,0.0,1.0,1.0,False,True,False,True,False,0,0,0.0005563999875448644
control_affine__uniform__n500,control_affine,uniform,500,32,0.0,1.0,0.0,1.0,1.0,False,True,False,True,False,0,0,0.0007254999945871532
control_affine__uniform__n500,control_affine,uniform,500,33,0.0,1.0,0.0,1.0,1.0,False,True,False,True,False,0,0,0.0010749000357463956
control_affine__uniform__n500,control_affine,uniform,500,34,0.0,1.0,0.0,1.0,1.0,False,True,False,True,False,0,0,0.000839299988001585
control_affine__uniform__n500,control_affine,uniform,500,35,0.0,1.0,0.0,1.0,1.0,False,True,False,True,False,0,0,0.0009199999622069299
control_affine__uniform__n500,control_affine,uniform,500,36,0.0,1.0,0.0,1.0,1.0,False,True,False,True,False,0,0,0.0010311999940313399
control_affine__uniform__n500,control_affine,uniform,500,37,0.0,1.0,0.0,1.0,1.0,False,True,False,True,False,0,0,0.0006767000304535031
control_affine__uniform__n500,control_affine,uniform,500,38,0.0,1.0,0.0,1.0,1.0,False,True,False,True,False,0,0,0.0006136999581940472
control_affine__uniform__n500,control_affine,uniform,500,39,0.0,1.0,0.0,1.0,1.0,False,True,False,True,False,0,0,0.0005460000247694552
control_affine__uniform__n500,control_affine,uniform,500,40,0.0,1.0,0.0,1.0,1.0,False,True,False,True,False,0,0,0.0006336999940685928
control_affine__uniform__n500,control_affine,uniform,500,41,0.0,1.0,0.0,1.0,1.0,False,True,False,True,False,0,0,0.0006561000482179224
control_affine__uniform__n500,control_affine,uniform,500,42,0.0,1.0,0.0,1.0,1.0,False,True,False,True,False,0,0,0.0015595000004395843
control_affine__uniform__n500,control_affine,uniform,500,43,0.0,1.0,0.0,1.0,1.0,False,True,False,True,False,0,0,0.0007507000118494034
control_affine__uniform__n500,control_affine,uniform,500,44,0.0,1.0,0.0,1.0,1.0,False,True,False,True,False,0,0,0.0007603000267408788
control_affine__uniform__n500,control_affine,uniform,500,45,0.0,1.0,0.0,0.19560878243512975,0.19560878243512975,False,False,True,False,False,0,1,0.0011737000313587487
control_affine__uniform__n500,control_affine,uniform,500,46,0.0,1.0,0.0,1.0,1.0,False,True,False,True,False,0,0,0.0007565999985672534
control_affine__uniform__n500,control_affine,uniform,500,47,0.0,1.0,0.0,1.0,1.0,False,True,False,True,False,0,0,0.0007425000076182187
control_affine__uniform__n500,control_affine,uniform,500,48,0.0,1.0,0.0,1.0,1.0,False,True,False,True,False,0,0,0.0007813000120222569
control_affine__uniform__n500,control_affine,uniform,500,49,0.0,1.0,0.0,1.0,1.0,False,True,False,True,False,0,0,0.0009153999853879213
control_affine__uniform__n500,control_affine,uniform,500,50,0.0,1.0,0.0,1.0,1.0,False,True,False,True,False,0,0,0.0008613999816589057
control_affine__uniform__n500,control_affine,uniform,500,51,0.0,1.0,0.0,1.0,1.0,False,True,False,True,False,0,0,0.0012854000087827444
control_affine__uniform__n500,control_affine,uniform,500,52,0.0,1.0,0.0,1.0,1.0,False,True,False,True,False,0,0,0.000693799986038357
control_affine__uniform__n500,control_affine,uniform,500,53,0.0,1.0,0.0,1.0,1.0,False,True,False,True,False,0,0,0.0006466000340878963
control_affine__uniform__n500,control_affine,uniform,500,54,0.0,1.0,0.0,1.0,1.0,False,True,False,True,False,0,0,0.0007034000009298325
control_affine__uniform__n500,control_affine,uniform,500,55,0.0,1.0,0.0,1.0,1.0,False,True,False,True,False,0,0,0.0006839999696239829
control_affine__uniform__n500,control_affine,uniform,500,56,0.0,1.0,0.0,1.0,1.0,False,True,False,True,False,0,0,0.0006745999562554061
control_affine__uniform__n500,control_affine,uniform,500,57,0.0,1.0,0.0,1.0,1.0,False,True,False,True,False,0,0,0.0006530999671667814
control_affine__uniform__n500,control_affine,uniform,500,58,0.0,1.0,0.0,1.0,1.0,False,True,False,True,False,0,0,0.0006799999973736703
control_affine__uniform__n500,control_affine,uniform,500,59,0.0,1.0,0.0,1.0,1.0,False,True,False,True,False,0,0,0.000832799996715039
control_affine__uniform__n500,control_affine,uniform,500,60,0.0,1.0,0.0,1.0,1.0,False,True,False,True,False,0,0,0.0007822999614290893
control_affine__uniform__n500,control_affine,uniform,500,61,0.0,1.0,0.0,1.0,1.0,False,True,False,True,False,0,0,0.0007042000070214272
control_affine__uniform__n500,control_affine,uniform,500,62,0.0,1.0,0.0,1.0,1.0,False,True,False,True,False,0,0,0.0007152000325731933
control_affine__uniform__n500,control_affine,uniform,500,63,0.0,1.0,0.0,1.0,1.0,False,True,False,True,False,0,0,0.0006166999810375273
control_affine__uniform__n500,control_affine,uniform,500,64,0.0,1.0,0.0,0.5229540918163673,0.5229540918163673,False,False,True,False,False,0,1,0.0007558000506833196
control_affine__uniform__n500,control_affine,uniform,500,65,0.0,1.0,0.0,1.0,1.0,False,True,False,True,False,0,0,0.0007624999852851033
control_affine__uniform__n500,control_affine,uniform,500,66,0.0,1.0,0.0,1.0,1.0,False,True,False,True,False,0,0,0.0007714999956078827
control_affine__uniform__n500,control_affine,uniform,500,67,0.0,1.0,0.0,1.0,1.0,False,True,False,True,False,0,0,0.000678999989759177
control_affine__uniform__n500,control_affine,uniform,500,68,0.0,1.0,0.0,1.0,1.0,False,True,False,True,False,0,0,0.0007715999963693321
control_affine__uniform__n500,control_affine,uniform,500,69,0.0,1.0,0.0,1.0,1.0,False,True,False,True,False,0,0,0.0009287999710068107
control_affine__uniform__n500,control_affine,uniform,500,70,0.0,1.0,0.0,1.0,1.0,False,True,False,True,False,0,0,0.0026357000460848212
control_affine__uniform__n500,control_affine,uniform,500,71,0.0,1.0,0.0,1.0,1.0,False,True,False,True,False,0,0,0.0010593000333756208
control_affine__uniform__n500,control_affine,uniform,500,72,0.0,1.0,0.0,1.0,1.0,False,True,False,True,False,0,0,0.0008030000026337802
control_affine__uniform__n500,control_affine,uniform,500,73,0.0,1.0,0.0,1.0,1.0,False,True,False,True,False,0,0,0.000762399984523654
control_affine__uniform__n500,control_affine,uniform,500,74,0.0,1.0,0.7445109780439122,0.7504990019960079,0.0059880239520957446,False,False,True,False,False,1,1,0.0007899000192992389
control_affine__uniform__n500,control_affine,uniform,500,75,0.0,1.0,0.0,1.0,1.0,False,True,False,True,False,0,0,0.0008539999835193157
control_affine__uniform__n500,control_affine,uniform,500,76,0.0,1.0,0.0,1.0,1.0,False,True,False,True,False,0,0,0.0006621999782510102
control_affine__uniform__n500,control_affine,uniform,500,77,0.0,1.0,0.0,1.0,1.0,False,True,False,True,False,0,0,0.0009225999820046127
control_affine__uniform__n500,control_affine,uniform,500,78,0.0,1.0,0.0,1.0,1.0,False,True,False,True,False,0,0,0.0008509000181220472
control_affine__uniform__n500,control_affine,uniform,500,79,0.0,1.0,0.0,1.0,1.0,False,True,False,True,False,0,0,0.0007653999491594732
control_affine__uniform__n500,control_affine,uniform,500,80,0.0,1.0,0.0,1.0,1.0,False,True,False,True,False,0,0,0.0007370999664999545
control_affine__uniform__n500,control_affine,uniform,500,81,0.0,1.0,0.05189620758483034,1.0,0.9481037924151696,False,False,True,False,False,1,0,0.0007459999760612845
control_affine__uniform__n500,control_affine,uniform,500,82,0.0,1.0,0.0,1.0,1.0,False,True,False,True,False,0,0,0.0007128000142984092
control_affine__uniform__n500,control_affine,uniform,500,83,0.0,1.0,0.0,1.0,1.0,False,True,False,True,False,0,0,0.0006703000399284065
control_affine__uniform__n500,control_affine,uniform,500,84,0.0,1.0,0.0,1.0,1.0,False,True,False,True,False,0,0,0.0006553000421263278
control_affine__uniform__n500,control_affine,uniform,500,85,0.0,1.0,0.0,1.0,1.0,False,True,False,True,False,0,0,0.0006685999687761068
control_affine__uniform__n500,control_affine,uniform,500,86,0.0,1.0,0.0,1.0,1.0,False,True,False,True,False,0,0,0.0006316000362858176
control_affine__uniform__n500,control_affine,uniform,500,87,0.0,1.0,0.0,1.0,1.0,False,True,False,True,False,0,0,0.0006105999927967787
control_affine__uniform__n500,control_affine,uniform,500,88,0.0,1.0,0.0,1.0,1.0,False,True,False,True,False,0,0,0.0007849999819882214
control_affine__uniform__n500,control_affine,uniform,500,89,0.0,1.0,0.0,1.0,1.0,False,True,False,True,False,0,0,0.0006977999582886696
control_affine__uniform__n500,control_affine,uniform,500,90,0.0,1.0,0.0,1.0,1.0,False,True,False,True,False,0,0,0.0011261999607086182
control_affine__uniform__n500,control_affine,uniform,500,91,0.0,1.0,0.0,1.0,1.0,False,True,False,True,False,0,0,0.0008317000465467572
control_affine__uniform__n500,control_affine,uniform,500,92,0.0,1.0,0.0,0.31137724550898205,0.31137724550898205,False,False,True,False,False,0,1,0.0007464999798685312
control_affine__uniform__n500,control_affine,uniform,500,93,0.0,1.0,0.0,1.0,1.0,False,True,False,True,False,0,0,0.0006182999932207167
control_affine__uniform__n500,control_affine,uniform,500,94,0.0,1.0,0.0,1.0,1.0,False,True,False,True,False,0,0,0.000569600029848516
control_affine__uniform__n500,control_affine,uniform,500,95,0.0,1.0,0.0,1.0,1.0,False,True,False,True,False,0,0,0.0005849000299349427
control_affine__uniform__n500,control_affine,uniform,500,96,0.0,1.0,0.0,1.0,1.0,False,True,False,True,False,0,0,0.0006396999815478921
control_affine__uniform__n500,control_affine,uniform,500,97,0.0,1.0,0.0,1.0,1.0,False,True,False,True,False,0,0,0.0006156000308692455
control_affine__uniform__n500,control_affine,uniform,500,98,0.0,1.0,0.0,1.0,1.0,False,True,False,True,False,0,0,0.0005969000048935413
control_affine__uniform__n500,control_affine,uniform,500,99,0.0,1.0,0.0,1.0,1.0,False,True,False,True,False,0,0,0.000651499954983592
control_affine__uniform__n500,control_affine,uniform,500,100,0.0,1.0,0.0,1.0,1.0,False,True,False,True,False,0,0,0.0006853999802842736
control_affine__uniform__n500,control_affine,uniform,500,101,0.0,1.0,0.0,1.0,1.0,False,True,False,True,False,0,0,0.0006788999889977276
control_affine__uniform__n500,control_affine,uniform,500,102,0.0,1.0,0.0,1.0,1.0,False,True,False,True,False,0,0,0.0006902999593876302
control_affine__uniform__n500,control_affine,uniform,500,103,0.0,1.0,0.0,0.6906187624750499,0.6906187624750499,False,False,True,False,False,0,1,0.0007495000027120113
control_affine__uniform__n500,control_affine,uniform,500,104,0.0,1.0,0.0,1.0,1.0,False,True,False,True,False,0,0,0.0007044000085443258
control_affine__uniform__n500,control_affine,uniform,500,105,0.0,1.0,0.0,1.0,1.0,False,True,False,True,False,0,0,0.0007126000127755105
control_affine__uniform__n500,control_affine,uniform,500,106,0.0,1.0,0.0,1.0,1.0,False,True,False,True,False,0,0,0.0006966000073589385
control_affine__uniform__n500,control_affine,uniform,500,107,0.0,1.0,0.0,1.0,1.0,False,True,False,True,False,0,0,0.0009963000193238258
control_affine__uniform__n500,control_affine,uniform,500,108,0.0,1.0,0.0,1.0,1.0,False,True,False,True,False,0,0,0.0009230000432580709
control_affine__uniform__n500,control_affine,uniform,500,109,0.0,1.0,0.0,1.0,1.0,False,True,False,True,False,0,0,0.0009025000035762787
control_affine__uniform__n500,control_affine,uniform,500,110,0.0,1.0,0.0,1.0,1.0,False,True,False,True,False,0,0,0.0008696999866515398
control_affine__uniform__n500,control_affine,uniform,500,111,0.0,1.0,0.0,1.0,1.0,False,True,False,True,False,0,0,0.0008364000241272151
control_affine__uniform__n500,control_affine,uniform,500,112,0.0,1.0,0.0,1.0,1.0,False,True,False,True,False,0,0,0.0006900999578647316
control_affine__uniform__n500,control_affine,uniform,500,113,0.0,1.0,0.0,1.0,1.0,False,True,False,True,False,0,0,0.0007071000291034579
control_affine__uniform__n500,control_affine,uniform,500,114,0.0,1.0,0.0,1.0,1.0,False,True,False,True,False,0,0,0.0009283000254072249
control_affine__uniform__n500,control_affine,uniform,500,115,0.0,1.0,0.0,1.0,1.0,False,True,False,True,False,0,0,0.0011570000206120312
control_affine__uniform__n500,control_affine,uniform,500,116,0.0,1.0,0.0,1.0,1.0,False,True,False,True,False,0,0,0.001262500009033829
control_affine__uniform__n500,control_affine,uniform,500,117,0.0,1.0,0.0,1.0,1.0,False,True,False,True,False,0,0,0.001301499956753105
control_affine__uniform__n500,control_affine,uniform,500,118,0.0,1.0,0.0,1.0,1.0,False,True,False,True,False,0,0,0.001256599964108318
control_affine__uniform__n500,control_affine,uniform,500,119,0.0,1.0,0.0,1.0,1.0,False,True,False,True,False,0,0,0.0011153999948874116
control_affine__uniform__n500,control_affine,uniform,500,120,0.0,1.0,0.0,1.0,1.0,False,True,False,True,False,0,0,0.0010833999840542674
control_affine__uniform__n500,control_affine,uniform,500,121,0.0,1.0,0.5209580838323353,1.0,0.47904191616766467,False,False,True,False,False,1,0,0.0009404000011272728
control_affine__uniform__n500,control_affine,uniform,500,122,0.0,1.0,0.0,1.0,1.0,False,True,False,True,False,0,0,0.0009442999726161361
control_affine__uniform__n500,control_affine,uniform,500,123,0.0,1.0,0.0,1.0,1.0,False,True,False,True,False,0,0,0.0009955000132322311
control_affine__uniform__n500,control_affine,uniform,500,124,0.0,1.0,0.0,1.0,1.0,False,True,False,True,False,0,0,0.0007877000025473535
control_affine__uniform__n500,control_affine,uniform,500,125,0.0,1.0,0.0,1.0,1.0,False,True,False,True,False,0,0,0.0007160999812185764
control_affine__uniform__n500,control_affine,uniform,500,126,0.0,1.0,0.0,1.0,1.0,False,True,False,True,False,0,0,0.0008983999723568559
control_affine__uniform__n500,control_affine,uniform,500,127,0.0,1.0,0.0,1.0,1.0,False,True,False,True,False,0,0,0.0009579999605193734
control_affine__uniform__n500,control_affine,uniform,500,128,0.0,1.0,0.0,1.0,1.0,False,True,False,True,False,0,0,0.0011155999964103103
control_affine__uniform__n500,control_affine,uniform,500,129,0.0,1.0,0.0,1.0,1.0,False,True,False,True,False,0,0,0.0008658000151626766
control_affine__uniform__n500,control_affine,uniform,500,130,0.0,1.0,0.0,1.0,1.0,False,True,False,True,False,0,0,0.0009354999638162553
control_affine__uniform__n500,control_affine,uniform,500,131,0.0,1.0,0.0,1.0,1.0,False,True,False,True,False,0,0,0.0007787999929860234
control_affine__uniform__n500,control_affine,uniform,500,132,0.0,1.0,0.0,1.0,1.0,False,True,False,True,False,0,0,0.0009618999902158976
control_affine__uniform__n500,control_affine,uniform,500,133,0.0,1.0,0.0,1.0,1.0,False,True,False,True,False,0,0,0.0007835000287741423
control_affine__uniform__n500,control_affine,uniform,500,134,0.0,1.0,0.0,1.0,1.0,False,True,False,True,False,0,0,0.0009599999757483602
control_affine__uniform__n500,control_affine,uniform,500,135,0.0,1.0,0.0,1.0,1.0,False,True,False,True,False,0,0,0.0008722000056877732
control_affine__uniform__n500,control_affine,uniform,500,136,0.0,1.0,0.0,1.0,1.0,False,True,False,True,False,0,0,0.0007870999979786575
control_affine__uniform__n500,control_affine,uniform,500,137,0.0,1.0,0.0,1.0,1.0,False,True,False,True,False,0,0,0.0008375000325031579
control_affine__uniform__n500,control_affine,uniform,500,138,0.0,1.0,0.8782435129740519,1.0,0.1217564870259481,False,False,True,False,False,1,0,0.0008592999656684697
control_affine__uniform__n500,control_affine,uniform,500,139,0.0,1.0,0.0,1.0,1.0,False,True,False,True,False,0,0,0.0009248999995179474
control_affine__uniform__n500,control_affine,uniform,500,140,0.0,1.0,0.0,1.0,1.0,False,True,False,True,False,0,0,0.0008342000073753297
control_affine__uniform__n500,control_affine,uniform,500,141,0.0,1.0,0.0,1.0,1.0,False,True,False,True,False,0,0,0.000729900028090924
control_affine__uniform__n500,control_affine,uniform,500,142,0.0,1.0,0.0,1.0,1.0,False,True,False,True,False,0,0,0.0007117000059224665
control_affine__uniform__n500,control_affine,uniform,500,143,0.0,1.0,0.0,1.0,1.0,False,True,False,True,False,0,0,0.0007922999793663621
control_affine__uniform__n500,control_affine,uniform,500,144,0.0,1.0,0.0,1.0,1.0,False,True,False,True,False,0,0,0.0008497999515384436
control_affine__uniform__n500,control_affine,uniform,500,145,0.0,1.0,0.0,1.0,1.0,False,True,False,True,False,0,0,0.0012885000323876739
control_affine__uniform__n500,control_affine,uniform,500,146,0.0,1.0,0.0,1.0,1.0,False,True,False,True,False,0,0,0.0009690999868325889
control_affine__uniform__n500,control_affine,uniform,500,147,0.0,1.0,0.0,1.0,1.0,False,True,False,True,False,0,0,0.0008623999892733991
control_affine__uniform__n500,control_affine,uniform,500,148,0.0,1.0,0.0,1.0,1.0,False,True,False,True,False,0,0,0.000824799994006753
control_affine__uniform__n500,control_affine,uniform,500,149,0.0,1.0,0.0,1.0,1.0,False,True,False,True,False,0,0,0.0008018999942578375
control_affine__uniform__n500,control_affine,uniform,500,150,0.0,1.0,0.0,1.0,1.0,False,True,False,True,False,0,0,0.0009328000014647841
control_affine__uniform__n500,control_affine,uniform,500,151,0.0,1.0,0.0,1.0,1.0,False,True,False,True,False,0,0,0.000679299992043525
control_affine__uniform__n500,control_affine,uniform,500,152,0.0,1.0,0.0,1.0,1.0,False,True,False,True,False,0,0,0.0006420999998226762
control_affine__uniform__n500,control_affine,uniform,500,153,0.0,1.0,0.0,1.0,1.0,False,True,False,True,False,0,0,0.0007385000353679061
control_affine__uniform__n500,control_affine,uniform,500,154,0.0,1.0,0.0,1.0,1.0,False,True,False,True,False,0,0,0.0006548999808728695
control_affine__uniform__n500,control_affine,uniform,500,155,0.0,1.0,0.0,1.0,1.0,False,True,False,True,False,0,0,0.0006972999544814229
control_affine__uniform__n500,control_affine,uniform,500,156,0.0,1.0,0.0,1.0,1.0,False,True,False,True,False,0,0,0.0008204999612644315
control_affine__uniform__n500,control_affine,uniform,500,157,0.0,1.0,0.0,1.0,1.0,False,True,False,True,False,0,0,0.0007801000028848648
control_affine__uniform__n500,control_affine,uniform,500,158,0.0,1.0,0.0,1.0,1.0,False,True,False,True,False,0,0,0.0007601999677717686
control_affine__uniform__n500,control_affine,uniform,500,159,0.0,1.0,0.0,1.0,1.0,False,True,False,True,False,0,0,0.0007926999824121594
control_affine__uniform__n500,control_affine,uniform,500,160,0.0,1.0,0.0,1.0,1.0,False,True,False,True,False,0,0,0.0009707999997772276
control_affine__uniform__n500,control_affine,uniform,500,161,0.0,1.0,0.0,1.0,1.0,False,True,False,True,False,0,0,0.0007780999876558781
control_affine__uniform__n500,control_affine,uniform,500,162,0.0,1.0,0.0,1.0,1.0,False,True,False,True,False,0,0,0.0011516999802552164
control_affine__uniform__n500,control_affine,uniform,500,163,0.0,1.0,0.0,1.0,1.0,False,True,False,True,False,0,0,0.001106700045056641
control_affine__uniform__n500,control_affine,uniform,500,164,0.0,1.0,0.0,1.0,1.0,False,True,False,True,False,0,0,0.0013710000202991068
control_affine__uniform__n500,control_affine,uniform,500,165,0.0,1.0,0.0,1.0,1.0,False,True,False,True,False,0,0,0.0013252999633550644
control_affine__uniform__n500,control_affine,uniform,500,166,0.0,1.0,0.0,1.0,1.0,False,True,False,True,False,0,0,0.0008264000061899424
control_affine__uniform__n500,control_affine,uniform,500,167,0.0,1.0,0.0,1.0,1.0,False,True,False,True,False,0,0,0.0010451999842189252
control_affine__uniform__n500,control_affine,uniform,500,168,0.0,1.0,0.0,1.0,1.0,False,True,False,True,False,0,0,0.0007937999907881021
control_affine__uniform__n500,control_affine,uniform,500,169,0.0,1.0,0.0,1.0,1.0,False,True,False,True,False,0,0,0.00074230000609532
control_affine__uniform__n500,control_affine,uniform,500,170,0.0,1.0,0.0,1.0,1.0,False,True,False,True,False,0,0,0.0007201000116765499
control_affine__uniform__n500,control_affine,uniform,500,171,0.0,1.0,0.0,1.0,1.0,False,True,False,True,False,0,0,0.0005941999843344092
control_affine__uniform__n500,control_affine,uniform,500,172,0.0,1.0,0.0,1.0,1.0,False,True,False,True,False,0,0,0.0007597000221721828
control_affine__uniform__n500,control_affine,uniform,500,173,0.0,1.0,0.0,1.0,1.0,False,True,False,True,False,0,0,0.0007444999646395445
control_affine__uniform__n500,control_affine,uniform,500,174,0.0,1.0,0.0,1.0,1.0,False,True,False,True,False,0,0,0.000653300026897341
control_affine__uniform__n500,control_affine,uniform,500,175,0.0,1.0,0.0,1.0,1.0,False,True,False,True,False,0,0,0.0006478999857790768
control_affine__uniform__n500,control_affine,uniform,500,176,0.0,1.0,0.0,1.0,1.0,False,True,False,True,False,0,0,0.0004950000438839197
control_affine__uniform__n500,control_affine,uniform,500,177,0.0,1.0,0.0,1.0,1.0,False,True,False,True,False,0,0,0.0005024999845772982
control_affine__uniform__n500,control_affine,uniform,500,178,0.0,1.0,0.0,1.0,1.0,False,True,False,True,False,0,0,0.0005230000242590904
control_affine__uniform__n500,control_affine,uniform,500,179,0.0,1.0,0.0,1.0,1.0,False,True,False,True,False,0,0,0.000575199956074357
control_affine__uniform__n500,control_affine,uniform,500,180,0.0,1.0,0.0,1.0,1.0,False,True,False,True,False,0,0,0.00048749998677521944
control_affine__uniform__n500,control_affine,uniform,500,181,0.0,1.0,0.0,1.0,1.0,False,True,False,True,False,0,0,0.0006920000305399299
control_affine__uniform__n500,control_affine,uniform,500,182,0.0,1.0,0.0,1.0,1.0,False,True,False,True,False,0,0,0.0007446000236086547
control_affine__uniform__n500,control_affine,uniform,500,183,0.0,1.0,0.0,1.0,1.0,False,True,False,True,False,0,0,0.000901699997484684
control_affine__uniform__n500,control_affine,uniform,500,184,0.0,1.0,0.0,0.7764471057884231,0.7764471057884231,False,False,True,False,False,0,1,0.0008727000094950199
control_affine__uniform__n500,control_affine,uniform,500,185,0.0,1.0,0.0,1.0,1.0,False,True,False,True,False,0,0,0.0009545999928377569
control_affine__uniform__n500,control_affine,uniform,500,186,0.0,1.0,0.0,1.0,1.0,False,True,False,True,False,0,0,0.0011809999705292284
control_affine__uniform__n500,control_affine,uniform,500,187,0.0,1.0,0.0,0.38323353293413176,0.38323353293413176,False,False,True,False,False,0,1,0.0009697999921627343
control_affine__uniform__n500,control_affine,uniform,500,188,0.0,1.0,0.0,1.0,1.0,False,True,False,True,False,0,0,0.0007859999896027148
control_affine__uniform__n500,control_affine,uniform,500,189,0.0,1.0,0.0,1.0,1.0,False,True,False,True,False,0,0,0.000889300019480288
control_affine__uniform__n500,control_affine,uniform,500,190,0.0,1.0,0.04590818363273453,1.0,0.9540918163672655,False,False,True,False,False,1,0,0.0007737000123597682
control_affine__uniform__n500,control_affine,uniform,500,191,0.0,1.0,0.0,1.0,1.0,False,True,False,True,False,0,0,0.0007265000022016466
control_affine__uniform__n500,control_affine,uniform,500,192,0.0,1.0,0.0,1.0,1.0,False,True,False,True,False,0,0,0.0008028000011108816
control_affine__uniform__n500,control_affine,uniform,500,193,0.0,1.0,0.0,1.0,1.0,False,True,False,True,False,0,0,0.0010784000041894615
control_affine__uniform__n500,control_affine,uniform,500,194,0.0,1.0,0.0,1.0,1.0,False,True,False,True,False,0,0,0.0007688000332564116
control_affine__uniform__n500,control_affine,uniform,500,195,0.0,1.0,0.0,1.0,1.0,False,True,False,True,False,0,0,0.0007668000180274248
control_affine__uniform__n500,control_affine,uniform,500,196,0.0,1.0,0.0,1.0,1.0,False,True,False,True,False,0,0,0.0007081999792717397
control_affine__uniform__n500,control_affine,uniform,500,197,0.0,1.0,0.0,0.9880239520958084,0.9880239520958084,False,False,True,False,False,0,1,0.0008092999923974276
control_affine__uniform__n500,control_affine,uniform,500,198,0.0,1.0,0.5049900199600799,1.0,0.49500998003992014,False,False,True,False,False,1,0,0.0007495000027120113
control_affine__uniform__n500,control_affine,uniform,500,199,0.0,1.0,0.0,1.0,1.0,False,True,False,True,False,0,0,0.0006684999680146575
control_convex__uniform__n500,control_convex,uniform,500,0,1.0,1.0,0.4251497005988024,1.0,0.5748502994011976,False,True,True,True,False,13,0,0.0010210999753326178
control_convex__uniform__n500,control_convex,uniform,500,1,1.0,1.0,0.4251497005988024,1.0,0.5748502994011976,False,True,True,True,False,14,0,0.00085350003791973
control_convex__uniform__n500,control_convex,uniform,500,2,1.0,1.0,0.4251497005988024,1.0,0.5748502994011976,False,True,True,True,False,14,0,0.0008660000166855752
control_convex__uniform__n500,control_convex,uniform,500,3,1.0,1.0,0.4251497005988024,1.0,0.5748502994011976,False,True,True,True,False,14,0,0.000858499959576875
control_convex__uniform__n500,control_convex,uniform,500,4,1.0,1.0,0.4251497005988024,1.0,0.5748502994011976,False,True,True,True,False,13,0,0.0008589999633841217
control_convex__uniform__n500,control_convex,uniform,500,5,1.0,1.0,0.4251497005988024,1.0,0.5748502994011976,False,True,True,True,False,13,0,0.0009031000081449747
control_convex__uniform__n500,control_convex,uniform,500,6,1.0,1.0,0.4251497005988024,1.0,0.5748502994011976,False,True,True,True,False,14,0,0.0008008999866433442
control_convex__uniform__n500,control_convex,uniform,500,7,1.0,1.0,0.4251497005988024,1.0,0.5748502994011976,False,True,True,True,False,15,0,0.0008214999688789248
control_convex__uniform__n500,control_convex,uniform,500,8,1.0,1.0,0.4251497005988024,1.0,0.5748502994011976,False,True,True,True,False,13,0,0.0007446000236086547
control_convex__uniform__n500,control_convex,uniform,500,9,1.0,1.0,0.5129740518962076,0.35528942115768464,nan,True,False,False,False,False,15,1,0.000728100014384836
control_convex__uniform__n500,control_convex,uniform,500,10,1.0,1.0,0.4251497005988024,1.0,0.5748502994011976,False,True,True,True,False,13,0,0.0007378999725915492
control_convex__uniform__n500,control_convex,uniform,500,11,1.0,1.0,0.4251497005988024,1.0,0.5748502994011976,False,True,True,True,False,13,0,0.0007764999754726887
control_convex__uniform__n500,control_convex,uniform,500,12,1.0,1.0,0.36127744510978044,1.0,0.6387225548902196,False,True,True,True,False,12,0,0.0007609999738633633
control_convex__uniform__n500,control_convex,uniform,500,13,1.0,1.0,0.4251497005988024,1.0,0.5748502994011976,False,True,True,True,False,14,0,0.000810900004580617
control_convex__uniform__n500,control_convex,uniform,500,14,1.0,1.0,0.4251497005988024,1.0,0.5748502994011976,False,True,True,True,False,14,0,0.0008140000281855464
control_convex__uniform__n500,control_convex,uniform,500,15,1.0,1.0,0.4251497005988024,1.0,0.5748502994011976,False,True,True,True,False,14,0,0.0008684000349603593
control_convex__uniform__n500,control_convex,uniform,500,16,1.0,1.0,0.4251497005988024,1.0,0.5748502994011976,False,True,True,True,False,14,0,0.0007187000010162592
control_convex__uniform__n500,control_convex,uniform,500,17,1.0,1.0,0.5129740518962076,1.0,0.4870259481037924,False,True,True,True,False,16,0,0.000687599997036159
control_convex__uniform__n500,control_convex,uniform,500,18,1.0,1.0,0.4251497005988024,1.0,0.5748502994011976,False,True,True,True,False,14,0,0.0006812999490648508
control_convex__uniform__n500,control_convex,uniform,500,19,1.0,1.0,0.3852295409181637,1.0,0.6147704590818364,False,True,True,True,False,13,0,0.0005981000140309334
control_convex__uniform__n500,control_convex,uniform,500,20,1.0,1.0,0.4251497005988024,1.0,0.5748502994011976,False,True,True,True,False,14,0,0.0006473000394180417
control_convex__uniform__n500,control_convex,uniform,500,21,1.0,1.0,0.4251497005988024,1.0,0.5748502994011976,False,True,True,True,False,14,0,0.0008216000278480351
control_convex__uniform__n500,control_convex,uniform,500,22,1.0,1.0,0.4251497005988024,1.0,0.5748502994011976,False,True,True,True,False,12,0,0.0008755000308156013
control_convex__uniform__n500,control_convex,uniform,500,23,1.0,1.0,0.3852295409181637,1.0,0.6147704590818364,False,True,True,True,False,13,0,0.0008492000051774085
control_convex__uniform__n500,control_convex,uniform,500,24,1.0,1.0,0.4251497005988024,1.0,0.5748502994011976,False,True,True,True,False,15,0,0.0008514000219292939
control_convex__uniform__n500,control_convex,uniform,500,25,1.0,1.0,0.4251497005988024,1.0,0.5748502994011976,False,True,True,True,False,14,0,0.0011297999881207943
control_convex__uniform__n500,control_convex,uniform,500,26,1.0,1.0,0.6806387225548902,1.0,0.3193612774451098,False,True,True,True,False,15,0,0.0009407000034116209
control_convex__uniform__n500,control_convex,uniform,500,27,1.0,1.0,0.4251497005988024,1.0,0.5748502994011976,False,True,True,True,False,13,0,0.0007804000051692128
control_convex__uniform__n500,control_convex,uniform,500,28,1.0,1.0,0.4251497005988024,1.0,0.5748502994011976,False,True,True,True,False,14,0,0.0009079000446945429
control_convex__uniform__n500,control_convex,uniform,500,29,1.0,1.0,0.4251497005988024,1.0,0.5748502994011976,False,True,True,True,False,14,0,0.0008319999906234443
control_convex__uniform__n500,control_convex,uniform,500,30,1.0,1.0,0.4251497005988024,1.0,0.5748502994011976,False,True,True,True,False,14,0,0.0008073999779298902
control_convex__uniform__n500,control_convex,uniform,500,31,1.0,1.0,0.4251497005988024,1.0,0.5748502994011976,False,True,True,True,False,14,0,0.0008092999923974276
control_convex__uniform__n500,control_convex,uniform,500,32,1.0,1.0,0.4251497005988024,0.5109780439121756,0.08582834331337319,False,False,True,False,False,13,1,0.0008655000128783286
control_convex__uniform__n500,control_convex,uniform,500,33,1.0,1.0,0.4251497005988024,1.0,0.5748502994011976,False,True,True,True,False,14,0,0.0008203999605029821
control_convex__uniform__n500,control_convex,uniform,500,34,1.0,1.0,0.4251497005988024,1.0,0.5748502994011976,False,True,True,True,False,14,0,0.0007664999575354159
control_convex__uniform__n500,control_convex,uniform,500,35,1.0,1.0,0.4251497005988024,1.0,0.5748502994011976,False,True,True,True,False,13,0,0.0007640999974682927
control_convex__uniform__n500,control_convex,uniform,500,36,1.0,1.0,0.4251497005988024,1.0,0.5748502994011976,False,True,True,True,False,14,0,0.0007954000029712915
control_convex__uniform__n500,control_convex,uniform,500,37,1.0,1.0,0.4251497005988024,1.0,0.5748502994011976,False,True,True,True,False,14,0,0.0007269000052474439
control_convex__uniform__n500,control_convex,uniform,500,38,1.0,1.0,0.4251497005988024,1.0,0.5748502994011976,False,True,True,True,False,14,0,0.0009466999908909202
control_convex__uniform__n500,control_convex,uniform,500,39,1.0,1.0,0.4251497005988024,1.0,0.5748502994011976,False,True,True,True,False,14,0,0.0010412000119686127
control_convex__uniform__n500,control_convex,uniform,500,40,1.0,1.0,0.4251497005988024,1.0,0.5748502994011976,False,True,True,True,False,14,0,0.0009144000359810889
control_convex__uniform__n500,control_convex,uniform,500,41,1.0,1.0,0.4251497005988024,1.0,0.5748502994011976,False,True,True,True,False,13,0,0.0009162999922409654
control_convex__uniform__n500,control_convex,uniform,500,42,1.0,1.0,0.4251497005988024,1.0,0.5748502994011976,False,True,True,True,False,14,0,0.0008303000358864665
control_convex__uniform__n500,control_convex,uniform,500,43,1.0,1.0,0.4251497005988024,1.0,0.5748502994011976,False,True,True,True,False,14,0,0.0007610999746248126
control_convex__uniform__n500,control_convex,uniform,500,44,1.0,1.0,0.4251497005988024,1.0,0.5748502994011976,False,True,True,True,False,13,0,0.0007598000229336321
control_convex__uniform__n500,control_convex,uniform,500,45,1.0,1.0,0.4251497005988024,1.0,0.5748502994011976,False,True,True,True,False,13,0,0.0007680999697186053
control_convex__uniform__n500,control_convex,uniform,500,46,1.0,1.0,0.4251497005988024,1.0,0.5748502994011976,False,True,True,True,False,14,0,0.0007634999928995967
control_convex__uniform__n500,control_convex,uniform,500,47,1.0,1.0,0.4251497005988024,1.0,0.5748502994011976,False,True,True,True,False,15,0,0.0008422000100836158
control_convex__uniform__n500,control_convex,uniform,500,48,1.0,1.0,0.4251497005988024,1.0,0.5748502994011976,False,True,True,True,False,13,0,0.0009475999977439642
control_convex__uniform__n500,control_convex,uniform,500,49,1.0,1.0,0.4251497005988024,1.0,0.5748502994011976,False,True,True,True,False,14,0,0.0008261000039055943
control_convex__uniform__n500,control_convex,uniform,500,50,1.0,1.0,0.4251497005988024,1.0,0.5748502994011976,False,True,True,True,False,14,0,0.0007335999980568886
control_convex__uniform__n500,control_convex,uniform,500,51,1.0,1.0,0.4251497005988024,1.0,0.5748502994011976,False,True,True,True,False,14,0,0.0006947999936528504
control_convex__uniform__n500,control_convex,uniform,500,52,1.0,1.0,0.4251497005988024,1.0,0.5748502994011976,False,True,True,True,False,14,0,0.0007897000177763402
control_convex__uniform__n500,control_convex,uniform,500,53,1.0,1.0,0.8023952095808383,1.0,0.19760479041916168,False,True,True,False,False,15,0,0.0007158000371418893
control_convex__uniform__n500,control_convex,uniform,500,54,1.0,1.0,0.4251497005988024,1.0,0.5748502994011976,False,True,True,True,False,13,0,0.0006396999815478921
control_convex__uniform__n500,control_convex,uniform,500,55,1.0,1.0,0.4251497005988024,1.0,0.5748502994011976,False,True,True,True,False,13,0,0.0007307000341825187
control_convex__uniform__n500,control_convex,uniform,500,56,1.0,1.0,0.4251497005988024,1.0,0.5748502994011976,False,True,True,True,False,14,0,0.0007535000331699848
control_convex__uniform__n500,control_convex,uniform,500,57,1.0,1.0,0.5129740518962076,1.0,0.4870259481037924,False,True,True,True,False,14,0,0.0008948999457061291
control_convex__uniform__n500,control_convex,uniform,500,58,1.0,1.0,0.3852295409181637,1.0,0.6147704590818364,False,True,True,True,False,14,0,0.0007160999812185764
control_convex__uniform__n500,control_convex,uniform,500,59,1.0,1.0,0.4251497005988024,1.0,0.5748502994011976,False,True,True,True,False,14,0,0.0007341000018641353
control_convex__uniform__n500,control_convex,uniform,500,60,1.0,1.0,0.4251497005988024,1.0,0.5748502994011976,False,True,True,True,False,14,0,0.0011478000087663531
control_convex__uniform__n500,control_convex,uniform,500,61,1.0,1.0,0.4251497005988024,1.0,0.5748502994011976,False,True,True,False,False,13,0,0.0009689999860711396
control_convex__uniform__n500,control_convex,uniform,500,62,1.0,1.0,0.4251497005988024,1.0,0.5748502994011976,False,True,True,True,False,14,0,0.0008515000226907432
control_convex__uniform__n500,control_convex,uniform,500,63,1.0,1.0,0.4251497005988024,1.0,0.5748502994011976,False,True,True,True,False,14,0,0.0007912000291980803
control_convex__uniform__n500,control_convex,uniform,500,64,1.0,1.0,0.4251497005988024,1.0,0.5748502994011976,False,True,True,True,False,14,0,0.0007880000048317015
control_convex__uniform__n500,control_convex,uniform,500,65,1.0,1.0,0.4251497005988024,1.0,0.5748502994011976,False,True,True,True,False,14,0,0.0007954000029712915
control_convex__uniform__n500,control_convex,uniform,500,66,1.0,1.0,0.4251497005988024,1.0,0.5748502994011976,False,True,True,True,False,14,0,0.0009037000127136707
control_convex__uniform__n500,control_convex,uniform,500,67,1.0,1.0,0.4251497005988024,1.0,0.5748502994011976,False,True,True,True,False,14,0,0.0008306999807246029
control_convex__uniform__n500,control_convex,uniform,500,68,1.0,1.0,0.4251497005988024,1.0,0.5748502994011976,False,True,True,True,False,14,0,0.0007845000363886356
control_convex__uniform__n500,control_convex,uniform,500,69,1.0,1.0,0.4251497005988024,1.0,0.5748502994011976,False,True,True,True,False,14,0,0.000720699958037585
control_convex__uniform__n500,control_convex,uniform,500,70,1.0,1.0,0.4251497005988024,1.0,0.5748502994011976,False,True,True,True,False,14,0,0.0006772000342607498
control_convex__uniform__n500,control_convex,uniform,500,71,1.0,1.0,0.4251497005988024,1.0,0.5748502994011976,False,True,True,True,False,13,0,0.0008046000148169696
control_convex__uniform__n500,control_convex,uniform,500,72,1.0,1.0,0.5129740518962076,1.0,0.4870259481037924,False,True,True,True,False,15,0,0.0007576000061817467
control_convex__uniform__n500,control_convex,uniform,500,73,1.0,1.0,0.4251497005988024,1.0,0.5748502994011976,False,True,True,True,False,14,0,0.0005908999592065811
control_convex__uniform__n500,control_convex,uniform,500,74,1.0,1.0,0.4251497005988024,1.0,0.5748502994011976,False,True,True,True,False,14,0,0.0006522999610751867
control_convex__uniform__n500,control_convex,uniform,500,75,1.0,1.0,0.4251497005988024,1.0,0.5748502994011976,False,True,True,True,False,14,0,0.00074230000609532
control_convex__uniform__n500,control_convex,uniform,500,76,1.0,1.0,0.4251497005988024,1.0,0.5748502994011976,False,True,True,True,False,14,0,0.0007671999628655612
control_convex__uniform__n500,control_convex,uniform,500,77,1.0,1.0,0.4251497005988024,1.0,0.5748502994011976,False,True,True,True,False,13,0,0.0008156000403687358
control_convex__uniform__n500,control_convex,uniform,500,78,1.0,1.0,0.3852295409181637,1.0,0.6147704590818364,False,True,True,True,False,12,0,0.0008844999829307199
control_convex__uniform__n500,control_convex,uniform,500,79,1.0,1.0,0.4251497005988024,1.0,0.5748502994011976,False,True,True,True,False,13,0,0.0009053000248968601
control_convex__uniform__n500,control_convex,uniform,500,80,1.0,1.0,0.4251497005988024,1.0,0.5748502994011976,False,True,True,True,False,13,0,0.0010963999666273594
control_convex__uniform__n500,control_convex,uniform,500,81,1.0,1.0,0.4251497005988024,1.0,0.5748502994011976,False,True,True,True,False,14,0,0.0007893000147305429
control_convex__uniform__n500,control_convex,uniform,500,82,1.0,1.0,0.6806387225548902,1.0,0.3193612774451098,False,True,True,True,False,14,0,0.0007519000209867954
control_convex__uniform__n500,control_convex,uniform,500,83,1.0,1.0,0.4251497005988024,1.0,0.5748502994011976,False,True,True,True,False,14,0,0.0006516000139527023
control_convex__uniform__n500,control_convex,uniform,500,84,1.0,1.0,0.4251497005988024,1.0,0.5748502994011976,False,True,True,True,False,13,0,0.0006113999988883734
control_convex__uniform__n500,control_convex,uniform,500,85,1.0,1.0,0.4251497005988024,1.0,0.5748502994011976,False,True,True,True,False,13,0,0.0007323999889194965
control_convex__uniform__n500,control_convex,uniform,500,86,1.0,1.0,0.4251497005988024,1.0,0.5748502994011976,False,True,True,True,False,13,0,0.0007957000052556396
control_convex__uniform__n500,control_convex,uniform,500,87,1.0,1.0,0.4251497005988024,1.0,0.5748502994011976,False,True,True,True,False,14,0,0.0007380999741144478
control_convex__uniform__n500,control_convex,uniform,500,88,1.0,1.0,0.4251497005988024,1.0,0.5748502994011976,False,True,True,True,False,13,0,0.0006689999718219042
control_convex__uniform__n500,control_convex,uniform,500,89,1.0,1.0,0.4251497005988024,1.0,0.5748502994011976,False,True,True,True,False,14,0,0.0006588000105693936
control_convex__uniform__n500,control_convex,uniform,500,90,1.0,1.0,0.4251497005988024,1.0,0.5748502994011976,False,True,True,True,False,13,0,0.0007053999579511583
control_convex__uniform__n500,control_convex,uniform,500,91,1.0,1.0,0.4251497005988024,1.0,0.5748502994011976,False,True,True,True,False,14,0,0.0008054000209085643
control_convex__uniform__n500,control_convex,uniform,500,92,1.0,1.0,0.4251497005988024,1.0,0.5748502994011976,False,True,True,True,False,14,0,0.001077399996574968
control_convex__uniform__n500,control_convex,uniform,500,93,1.0,1.0,0.4251497005988024,1.0,0.5748502994011976,False,True,True,True,False,14,0,0.0006544999778270721
control_convex__uniform__n500,control_convex,uniform,500,94,1.0,1.0,0.4251497005988024,1.0,0.5748502994011976,False,True,True,True,False,14,0,0.0008378999773412943
control_convex__uniform__n500,control_convex,uniform,500,95,1.0,1.0,0.4251497005988024,1.0,0.5748502994011976,False,True,True,True,False,13,0,0.0007945999968796968
control_convex__uniform__n500,control_convex,uniform,500,96,1.0,1.0,0.4251497005988024,1.0,0.5748502994011976,False,True,True,True,False,14,0,0.0008018999942578375
control_convex__uniform__n500,control_convex,uniform,500,97,1.0,1.0,0.4251497005988024,1.0,0.5748502994011976,False,True,True,True,False,14,0,0.0008425000123679638
control_convex__uniform__n500,control_convex,uniform,500,98,1.0,1.0,0.4251497005988024,1.0,0.5748502994011976,False,True,True,True,False,14,0,0.0008650000090710819
control_convex__uniform__n500,control_convex,uniform,500,99,1.0,1.0,0.4251497005988024,1.0,0.5748502994011976,False,True,True,True,False,12,0,0.000994000001810491
control_convex__uniform__n500,control_convex,uniform,500,100,1.0,1.0,0.4251497005988024,1.0,0.5748502994011976,False,True,True,True,False,14,0,0.0008279999601654708
control_convex__uniform__n500,control_convex,uniform,500,101,1.0,1.0,0.4251497005988024,1.0,0.5748502994011976,False,True,True,True,False,13,0,0.0007914999732747674
control_convex__uniform__n500,control_convex,uniform,500,102,1.0,1.0,0.4251497005988024,1.0,0.5748502994011976,False,True,True,True,False,14,0,0.0008634000550955534
control_convex__uniform__n500,control_convex,uniform,500,103,1.0,1.0,0.4251497005988024,1.0,0.5748502994011976,False,True,True,True,False,13,0,0.0007118000066839159
control_convex__uniform__n500,control_convex,uniform,500,104,1.0,1.0,0.4251497005988024,1.0,0.5748502994011976,False,True,True,True,False,14,0,0.0007446000236086547
control_convex__uniform__n500,control_convex,uniform,500,105,1.0,1.0,0.4251497005988024,1.0,0.5748502994011976,False,True,True,True,False,14,0,0.0006809000042267144
control_convex__uniform__n500,control_convex,uniform,500,106,1.0,1.0,0.4251497005988024,1.0,0.5748502994011976,False,True,True,True,False,13,0,0.0006570999976247549
control_convex__uniform__n500,control_convex,uniform,500,107,1.0,1.0,0.4251497005988024,1.0,0.5748502994011976,False,True,True,True,False,13,0,0.0007446999661624432
control_convex__uniform__n500,control_convex,uniform,500,108,1.0,1.0,0.5768463073852296,0.35129740518962077,nan,True,False,False,False,False,14,3,0.0007970999577082694
control_convex__uniform__n500,control_convex,uniform,500,109,1.0,1.0,0.4491017964071856,1.0,0.5508982035928144,False,True,True,True,False,15,0,0.000701200042385608
control_convex__uniform__n500,control_convex,uniform,500,110,1.0,1.0,0.4251497005988024,1.0,0.5748502994011976,False,True,True,True,False,13,0,0.0007723000016994774
control_convex__uniform__n500,control_convex,uniform,500,111,1.0,1.0,0.4251497005988024,0.8043912175648703,0.3792415169660679,False,False,True,False,False,14,1,0.0007808000082150102
control_convex__uniform__n500,control_convex,uniform,500,112,1.0,1.0,0.4251497005988024,1.0,0.5748502994011976,False,True,True,True,False,13,0,0.0006628000410273671
control_convex__uniform__n500,control_convex,uniform,500,113,1.0,1.0,0.4251497005988024,1.0,0.5748502994011976,False,True,True,True,False,14,0,0.000735800014808774
control_convex__uniform__n500,control_convex,uniform,500,114,1.0,1.0,0.4251497005988024,1.0,0.5748502994011976,False,True,True,True,False,13,0,0.0007189000025391579
control_convex__uniform__n500,control_convex,uniform,500,115,1.0,1.0,0.4251497005988024,1.0,0.5748502994011976,False,True,True,True,False,14,0,0.0006938999867998064
control_convex__uniform__n500,control_convex,uniform,500,116,1.0,1.0,0.4251497005988024,1.0,0.5748502994011976,False,True,True,True,False,14,0,0.0007452999707311392
control_convex__uniform__n500,control_convex,uniform,500,117,1.0,1.0,0.4251497005988024,0.718562874251497,0.2934131736526946,False,False,True,False,False,14,1,0.00076149997767061
control_convex__uniform__n500,control_convex,uniform,500,118,1.0,1.0,0.4251497005988024,1.0,0.5748502994011976,False,True,True,True,False,14,0,0.0008379000355489552
control_convex__uniform__n500,control_convex,uniform,500,119,1.0,1.0,0.4251497005988024,1.0,0.5748502994011976,False,True,True,True,False,14,0,0.0009091999963857234
control_convex__uniform__n500,control_convex,uniform,500,120,1.0,1.0,0.8323353293413174,0.8942115768463074,0.06187624750498999,False,False,True,False,False,14,1,0.000813300022855401
control_convex__uniform__n500,control_convex,uniform,500,121,1.0,1.0,0.4251497005988024,1.0,0.5748502994011976,False,True,True,True,False,14,0,0.0007585000130347908
control_convex__uniform__n500,control_convex,uniform,500,122,1.0,1.0,0.4251497005988024,1.0,0.5748502994011976,False,True,True,True,False,14,0,0.0007639999967068434
control_convex__uniform__n500,control_convex,uniform,500,123,1.0,1.0,0.4251497005988024,1.0,0.5748502994011976,False,True,True,True,False,13,0,0.0007504999521188438
control_convex__uniform__n500,control_convex,uniform,500,124,1.0,1.0,0.4251497005988024,1.0,0.5748502994011976,False,True,True,True,False,15,0,0.0007984000258147717
control_convex__uniform__n500,control_convex,uniform,500,125,1.0,1.0,0.4251497005988024,1.0,0.5748502994011976,False,True,True,True,False,15,0,0.0007220000261440873
control_convex__uniform__n500,control_convex,uniform,500,126,1.0,1.0,0.4251497005988024,1.0,0.5748502994011976,False,True,True,True,False,14,0,0.0006865999894216657
control_convex__uniform__n500,control_convex,uniform,500,127,1.0,1.0,0.4251497005988024,1.0,0.5748502994011976,False,True,True,True,False,14,0,0.0005190999945625663
control_convex__uniform__n500,control_convex,uniform,500,128,1.0,1.0,0.4251497005988024,1.0,0.5748502994011976,False,True,True,True,False,14,0,0.00058970000827685
control_convex__uniform__n500,control_convex,uniform,500,129,1.0,1.0,0.4251497005988024,1.0,0.5748502994011976,False,True,True,True,False,14,0,0.0006802999996580184
control_convex__uniform__n500,control_convex,uniform,500,130,1.0,1.0,0.4251497005988024,1.0,0.5748502994011976,False,True,True,True,False,14,0,0.0005663000047206879
control_convex__uniform__n500,control_convex,uniform,500,131,1.0,1.0,0.4251497005988024,1.0,0.5748502994011976,False,True,True,True,False,14,0,0.0006148000247776508
control_convex__uniform__n500,control_convex,uniform,500,132,1.0,1.0,0.4251497005988024,1.0,0.5748502994011976,False,True,True,True,False,14,0,0.0006915000267326832
control_convex__uniform__n500,control_convex,uniform,500,133,1.0,1.0,0.4251497005988024,1.0,0.5748502994011976,False,True,True,True,False,14,0,0.0006706000422127545
control_convex__uniform__n500,control_convex,uniform,500,134,1.0,1.0,0.4251497005988024,1.0,0.5748502994011976,False,True,True,True,False,14,0,0.0006080000312067568
control_convex__uniform__n500,control_convex,uniform,500,135,1.0,1.0,0.4251497005988024,1.0,0.5748502994011976,False,True,True,True,False,14,0,0.0006222999654710293
control_convex__uniform__n500,control_convex,uniform,500,136,1.0,1.0,0.4251497005988024,1.0,0.5748502994011976,False,True,True,True,False,14,0,0.0006989999674260616
control_convex__uniform__n500,control_convex,uniform,500,137,1.0,1.0,0.4251497005988024,1.0,0.5748502994011976,False,True,True,True,False,14,0,0.0007486999966204166
control_convex__uniform__n500,control_convex,uniform,500,138,1.0,1.0,0.4251497005988024,1.0,0.5748502994011976,False,True,True,True,False,14,0,0.0007814000127837062
control_convex__uniform__n500,control_convex,uniform,500,139,1.0,1.0,0.4251497005988024,1.0,0.5748502994011976,False,True,True,True,False,14,0,0.0006638999911956489
control_convex__uniform__n500,control_convex,uniform,500,140,1.0,1.0,0.4251497005988024,1.0,0.5748502994011976,False,True,True,True,False,14,0,0.0006303000263869762
control_convex__uniform__n500,control_convex,uniform,500,141,1.0,1.0,0.4251497005988024,1.0,0.5748502994011976,False,True,True,True,False,14,0,0.0009439000277779996
control_convex__uniform__n500,control_convex,uniform,500,142,1.0,1.0,0.4251497005988024,1.0,0.5748502994011976,False,True,True,True,False,14,0,0.0009110000100918114
control_convex__uniform__n500,control_convex,uniform,500,143,1.0,1.0,0.4251497005988024,1.0,0.5748502994011976,False,True,True,True,False,14,0,0.0007959000067785382
control_convex__uniform__n500,control_convex,uniform,500,144,1.0,1.0,0.4251497005988024,1.0,0.5748502994011976,False,True,True,True,False,14,0,0.0006395999807864428
control_convex__uniform__n500,control_convex,uniform,500,145,1.0,1.0,0.4251497005988024,1.0,0.5748502994011976,False,True,True,True,False,14,0,0.000707700033672154
control_convex__uniform__n500,control_convex,uniform,500,146,1.0,1.0,0.4251497005988024,1.0,0.5748502994011976,False,True,True,True,False,14,0,0.0007636000518687069
control_convex__uniform__n500,control_convex,uniform,500,147,1.0,1.0,0.4251497005988024,1.0,0.5748502994011976,False,True,True,True,False,14,0,0.0007373999687843025
control_convex__uniform__n500,control_convex,uniform,500,148,1.0,1.0,0.4251497005988024,1.0,0.5748502994011976,False,True,True,True,False,14,0,0.0006520999595522881
control_convex__uniform__n500,control_convex,uniform,500,149,1.0,1.0,0.4251497005988024,1.0,0.5748502994011976,False,True,True,True,False,14,0,0.0006567999953404069
control_convex__uniform__n500,control_convex,uniform,500,150,1.0,1.0,0.3852295409181637,1.0,0.6147704590818364,False,True,True,True,False,13,0,0.000770700047723949
control_convex__uniform__n500,control_convex,uniform,500,151,1.0,1.0,0.4251497005988024,1.0,0.5748502994011976,False,True,True,True,False,14,0,0.0006799999973736703
control_convex__uniform__n500,control_convex,uniform,500,152,1.0,1.0,0.4251497005988024,1.0,0.5748502994011976,False,True,True,True,False,13,0,0.0006065999623388052
control_convex__uniform__n500,control_convex,uniform,500,153,1.0,1.0,0.4251497005988024,1.0,0.5748502994011976,False,True,True,True,False,14,0,0.000729900028090924
control_convex__uniform__n500,control_convex,uniform,500,154,1.0,1.0,0.4251497005988024,1.0,0.5748502994011976,False,True,True,True,False,14,0,0.0007447999669238925
control_convex__uniform__n500,control_convex,uniform,500,155,1.0,1.0,0.4251497005988024,1.0,0.5748502994011976,False,True,True,True,False,14,0,0.0006154000293463469
control_convex__uniform__n500,control_convex,uniform,500,156,1.0,1.0,0.3852295409181637,1.0,0.6147704590818364,False,True,True,True,False,13,0,0.0007711999933235347
control_convex__uniform__n500,control_convex,uniform,500,157,1.0,1.0,0.3852295409181637,1.0,0.6147704590818364,False,True,True,True,False,13,0,0.0006744000129401684
control_convex__uniform__n500,control_convex,uniform,500,158,1.0,1.0,0.4251497005988024,1.0,0.5748502994011976,False,True,True,True,False,14,0,0.0005956999957561493
control_convex__uniform__n500,control_convex,uniform,500,159,1.0,1.0,0.4251497005988024,1.0,0.5748502994011976,False,True,True,True,False,14,0,0.0005858999793417752
control_convex__uniform__n500,control_convex,uniform,500,160,1.0,1.0,0.4251497005988024,1.0,0.5748502994011976,False,True,True,True,False,14,0,0.0005796999903395772
control_convex__uniform__n500,control_convex,uniform,500,161,1.0,1.0,0.4251497005988024,1.0,0.5748502994011976,False,True,True,True,False,14,0,0.0007308999774977565
control_convex__uniform__n500,control_convex,uniform,500,162,1.0,1.0,0.4251497005988024,1.0,0.5748502994011976,False,True,True,True,False,14,0,0.0007705999887548387
control_convex__uniform__n500,control_convex,uniform,500,163,1.0,1.0,0.6167664670658682,0.6706586826347305,0.053892215568862256,False,False,True,False,False,14,1,0.0009126000222750008
control_convex__uniform__n500,control_convex,uniform,500,164,1.0,1.0,0.4251497005988024,1.0,0.5748502994011976,False,True,True,True,False,14,0,0.0009205999667756259
control_convex__uniform__n500,control_convex,uniform,500,165,1.0,1.0,0.4251497005988024,1.0,0.5748502994011976,False,True,True,True,False,14,0,0.0008079999824985862
control_convex__uniform__n500,control_convex,uniform,500,166,1.0,1.0,0.4251497005988024,1.0,0.5748502994011976,False,True,True,True,False,13,0,0.0007704999879933894
control_convex__uniform__n500,control_convex,uniform,500,167,1.0,1.0,0.4251497005988024,1.0,0.5748502994011976,False,True,True,True,False,14,0,0.0007483999943360686
control_convex__uniform__n500,control_convex,uniform,500,168,1.0,1.0,0.5449101796407185,1.0,0.45508982035928147,False,True,True,True,False,18,0,0.000727800012100488
control_convex__uniform__n500,control_convex,uniform,500,169,1.0,1.0,0.4251497005988024,1.0,0.5748502994011976,False,True,True,True,False,15,0,0.0005947999889031053
control_convex__uniform__n500,control_convex,uniform,500,170,1.0,1.0,0.4251497005988024,0.5868263473053892,0.16167664670658677,False,False,True,False,False,14,1,0.0006236000335775316
control_convex__uniform__n500,control_convex,uniform,500,171,1.0,1.0,0.4251497005988024,1.0,0.5748502994011976,False,True,True,True,False,13,0,0.0006240000366233289
control_convex__uniform__n500,control_convex,uniform,500,172,1.0,1.0,0.4251497005988024,1.0,0.5748502994011976,False,True,True,True,False,13,0,0.0006133999559096992
control_convex__uniform__n500,control_convex,uniform,500,173,1.0,1.0,0.4251497005988024,1.0,0.5748502994011976,False,True,True,True,False,14,0,0.0006500000017695129
control_convex__uniform__n500,control_convex,uniform,500,174,1.0,1.0,0.4251497005988024,1.0,0.5748502994011976,False,True,True,True,False,14,0,0.0005472999764606357
control_convex__uniform__n500,control_convex,uniform,500,175,1.0,1.0,0.3852295409181637,1.0,0.6147704590818364,False,True,True,True,False,14,0,0.000533499987795949
control_convex__uniform__n500,control_convex,uniform,500,176,1.0,1.0,0.4251497005988024,1.0,0.5748502994011976,False,True,True,True,False,14,0,0.0005437000072561204
control_convex__uniform__n500,control_convex,uniform,500,177,1.0,1.0,0.3852295409181637,1.0,0.6147704590818364,False,True,True,True,False,13,0,0.0005761999636888504
control_convex__uniform__n500,control_convex,uniform,500,178,1.0,1.0,0.4251497005988024,1.0,0.5748502994011976,False,True,True,True,False,14,0,0.0007081999792717397
control_convex__uniform__n500,control_convex,uniform,500,179,1.0,1.0,0.4251497005988024,1.0,0.5748502994011976,False,True,True,True,False,13,0,0.0007171999895945191
control_convex__uniform__n500,control_convex,uniform,500,180,1.0,1.0,0.4251497005988024,0.3093812375249501,nan,True,False,False,False,False,14,1,0.0007729000062681735
control_convex__uniform__n500,control_convex,uniform,500,181,1.0,1.0,0.4251497005988024,1.0,0.5748502994011976,False,True,True,True,False,14,0,0.0007197000086307526
control_convex__uniform__n500,control_convex,uniform,500,182,1.0,1.0,0.4251497005988024,1.0,0.5748502994011976,False,True,True,True,False,14,0,0.0006336000515148044
control_convex__uniform__n500,control_convex,uniform,500,183,1.0,1.0,0.4251497005988024,1.0,0.5748502994011976,False,True,True,True,False,14,0,0.0005130000063218176
control_convex__uniform__n500,control_convex,uniform,500,184,1.0,1.0,0.4251497005988024,1.0,0.5748502994011976,False,True,True,True,False,14,0,0.0006364999571815133
control_convex__uniform__n500,control_convex,uniform,500,185,1.0,1.0,0.4251497005988024,1.0,0.5748502994011976,False,True,True,True,False,13,0,0.0009111000108532608
control_convex__uniform__n500,control_convex,uniform,500,186,1.0,1.0,0.4251497005988024,1.0,0.5748502994011976,False,True,True,True,False,14,0,0.0009187000105157495
control_convex__uniform__n500,control_convex,uniform,500,187,1.0,1.0,0.4251497005988024,1.0,0.5748502994011976,False,True,True,True,False,13,0,0.0008844999829307199
control_convex__uniform__n500,control_convex,uniform,500,188,1.0,1.0,0.4251497005988024,1.0,0.5748502994011976,False,True,True,True,False,13,0,0.0008002999820746481
control_convex__uniform__n500,control_convex,uniform,500,189,1.0,1.0,0.4251497005988024,1.0,0.5748502994011976,False,True,True,True,False,13,0,0.0008620000444352627
control_convex__uniform__n500,control_convex,uniform,500,190,1.0,1.0,0.4251497005988024,1.0,0.5748502994011976,False,True,True,True,False,14,0,0.0007024999940767884
control_convex__uniform__n500,control_convex,uniform,500,191,1.0,1.0,0.4251497005988024,1.0,0.5748502994011976,False,True,True,True,False,14,0,0.0008590000215917826
control_convex__uniform__n500,control_convex,uniform,500,192,1.0,1.0,0.4251497005988024,1.0,0.5748502994011976,False,True,True,True,False,13,0,0.0007632000488229096
control_convex__uniform__n500,control_convex,uniform,500,193,1.0,1.0,0.4251497005988024,1.0,0.5748502994011976,False,True,True,True,False,14,0,0.0007642999989911914
control_convex__uniform__n500,control_convex,uniform,500,194,1.0,1.0,0.4251497005988024,1.0,0.5748502994011976,False,True,True,True,False,14,0,0.0007226999732665718
control_convex__uniform__n500,control_convex,uniform,500,195,1.0,1.0,0.4251497005988024,1.0,0.5748502994011976,False,True,True,True,False,13,0,0.0007213999633677304
control_convex__uniform__n500,control_convex,uniform,500,196,1.0,1.0,0.5129740518962076,1.0,0.4870259481037924,False,True,True,True,False,13,0,0.0006711999885737896
control_convex__uniform__n500,control_convex,uniform,500,197,1.0,1.0,0.4251497005988024,1.0,0.5748502994011976,False,True,True,True,False,14,0,0.0005378000205382705
control_convex__uniform__n500,control_convex,uniform,500,198,1.0,1.0,0.4251497005988024,1.0,0.5748502994011976,False,True,True,True,False,14,0,0.0005564999883063138
control_convex__uniform__n500,control_convex,uniform,500,199,1.0,1.0,0.4251497005988024,0.23952095808383234,nan,True,False,False,False,False,12,1,0.0008783999946899712
control_concave__uniform__n500,control_concave,uniform,500,0,0.0,0.0,0.0,0.5748502994011976,0.5748502994011976,False,True,True,True,False,0,14,0.0005693999701179564
control_concave__uniform__n500,control_concave,uniform,500,1,0.0,0.0,0.0,0.5748502994011976,0.5748502994011976,False,True,True,True,False,0,14,0.0005015000351704657
control_concave__uniform__n500,control_concave,uniform,500,2,0.0,0.0,0.0,0.5748502994011976,0.5748502994011976,False,True,True,True,False,0,13,0.0005294000147841871
control_concave__uniform__n500,control_concave,uniform,500,3,0.0,0.0,0.0,0.5748502994011976,0.5748502994011976,False,True,True,True,False,0,14,0.0005869000451639295
control_concave__uniform__n500,control_concave,uniform,500,4,0.0,0.0,0.0,0.5748502994011976,0.5748502994011976,False,True,True,True,False,0,14,0.0004780999734066427
control_concave__uniform__n500,control_concave,uniform,500,5,0.0,0.0,0.0,0.5748502994011976,0.5748502994011976,False,True,True,True,False,0,14,0.00048729998525232077
control_concave__uniform__n500,control_concave,uniform,500,6,0.0,0.0,0.0,0.5748502994011976,0.5748502994011976,False,True,True,True,False,0,14,0.0006876999977976084
control_concave__uniform__n500,control_concave,uniform,500,7,0.0,0.0,0.0,0.6387225548902196,0.6387225548902196,False,True,True,True,False,0,13,0.0008313999860547483
control_concave__uniform__n500,control_concave,uniform,500,8,0.0,0.0,0.0,0.5748502994011976,0.5748502994011976,False,True,True,True,False,0,14,0.0007476000464521348
control_concave__uniform__n500,control_concave,uniform,500,9,0.0,0.0,0.0,0.5748502994011976,0.5748502994011976,False,True,True,True,False,0,14,0.0006938999867998064
control_concave__uniform__n500,control_concave,uniform,500,10,0.0,0.0,0.0,0.6387225548902196,0.6387225548902196,False,True,True,True,False,0,11,0.0005090999766252935
control_concave__uniform__n500,control_concave,uniform,500,11,0.0,0.0,0.0,0.5748502994011976,0.5748502994011976,False,True,True,True,False,0,14,0.0009063999750651419
control_concave__uniform__n500,control_concave,uniform,500,12,0.0,0.0,0.0,0.5748502994011976,0.5748502994011976,False,True,True,True,False,0,14,0.0007851999835111201
control_concave__uniform__n500,control_concave,uniform,500,13,0.0,0.0,0.0,0.5748502994011976,0.5748502994011976,False,True,True,True,False,0,14,0.0006037999992258847
control_concave__uniform__n500,control_concave,uniform,500,14,0.0,0.0,0.0,0.5748502994011976,0.5748502994011976,False,True,True,True,False,0,14,0.0005490000476129353
control_concave__uniform__n500,control_concave,uniform,500,15,0.0,0.0,0.0,0.5748502994011976,0.5748502994011976,False,True,True,True,False,0,15,0.0007366000209003687
control_concave__uniform__n500,control_concave,uniform,500,16,0.0,0.0,0.0,0.5748502994011976,0.5748502994011976,False,True,True,True,False,0,14,0.0007625999860465527
control_concave__uniform__n500,control_concave,uniform,500,17,0.0,0.0,0.0,0.5748502994011976,0.5748502994011976,False,True,True,True,False,0,14,0.000678699987474829
control_concave__uniform__n500,control_concave,uniform,500,18,0.0,0.0,0.0,0.5748502994011976,0.5748502994011976,False,True,True,True,False,0,14,0.0006370999617502093
control_concave__uniform__n500,control_concave,uniform,500,19,0.0,0.0,0.0,0.5748502994011976,0.5748502994011976,False,True,True,True,False,0,15,0.000513100007083267
control_concave__uniform__n500,control_concave,uniform,500,20,0.0,0.0,0.0,0.5748502994011976,0.5748502994011976,False,True,True,True,False,0,13,0.000555399979930371
control_concave__uniform__n500,control_concave,uniform,500,21,0.0,0.0,0.0,0.5748502994011976,0.5748502994011976,False,True,True,True,False,0,14,0.0005016999784857035
control_concave__uniform__n500,control_concave,uniform,500,22,0.0,0.0,0.0,0.5748502994011976,0.5748502994011976,False,True,True,True,False,0,14,0.0008237000438384712
control_concave__uniform__n500,control_concave,uniform,500,23,0.0,0.0,0.0,0.5748502994011976,0.5748502994011976,False,True,True,True,False,0,14,0.0007263999432325363
control_concave__uniform__n500,control_concave,uniform,500,24,0.0,0.0,0.0,0.5748502994011976,0.5748502994011976,False,True,True,True,False,0,14,0.0006308999727480114
control_concave__uniform__n500,control_concave,uniform,500,25,0.0,0.0,0.0,0.5748502994011976,0.5748502994011976,False,True,True,True,False,0,13,0.000596199999563396
control_concave__uniform__n500,control_concave,uniform,500,26,0.0,0.0,0.0,0.5748502994011976,0.5748502994011976,False,True,True,True,False,0,14,0.000637299963273108
control_concave__uniform__n500,control_concave,uniform,500,27,0.0,0.0,0.0,0.5748502994011976,0.5748502994011976,False,True,True,True,False,0,14,0.0007178000523708761
control_concave__uniform__n500,control_concave,uniform,500,28,0.0,0.0,0.0,0.5748502994011976,0.5748502994011976,False,True,True,True,False,0,14,0.0006458000279963017
control_concave__uniform__n500,control_concave,uniform,500,29,0.0,0.0,0.0,0.5748502994011976,0.5748502994011976,False,True,True,True,False,0,14,0.0007849999819882214
control_concave__uniform__n500,control_concave,uniform,500,30,0.0,0.0,0.21756487025948104,0.5748502994011976,0.35728542914171657,False,False,True,False,False,1,14,0.0007631999906152487
control_concave__uniform__n500,control_concave,uniform,500,31,0.0,0.0,0.0,0.5748502994011976,0.5748502994011976,False,True,True,True,False,0,14,0.0005161000299267471
control_concave__uniform__n500,control_concave,uniform,500,32,0.0,0.0,0.0,0.5748502994011976,0.5748502994011976,False,True,True,True,False,0,14,0.0004632999771274626
control_concave__uniform__n500,control_concave,uniform,500,33,0.0,0.0,0.0,0.5748502994011976,0.5748502994011976,False,True,True,True,False,0,14,0.0004369000089354813
control_concave__uniform__n500,control_concave,uniform,500,34,0.0,0.0,0.0,0.5748502994011976,0.5748502994011976,False,True,True,True,False,0,14,0.00045470002805814147
control_concave__uniform__n500,control_concave,uniform,500,35,0.0,0.0,0.0,0.5748502994011976,0.5748502994011976,False,True,True,True,False,0,14,0.0004388000234030187
control_concave__uniform__n500,control_concave,uniform,500,36,0.0,0.0,0.0,0.5748502994011976,0.5748502994011976,False,True,True,True,False,0,14,0.00042990001384168863
control_concave__uniform__n500,control_concave,uniform,500,37,0.0,0.0,0.0,0.6387225548902196,0.6387225548902196,False,True,True,True,False,0,13,0.0004434000002220273
control_concave__uniform__n500,control_concave,uniform,500,38,0.0,0.0,0.0,0.5748502994011976,0.5748502994011976,False,True,True,True,False,0,14,0.0004969000001437962
control_concave__uniform__n500,control_concave,uniform,500,39,0.0,0.0,0.0,0.5748502994011976,0.5748502994011976,False,True,True,True,False,0,13,0.0005765000241808593
control_concave__uniform__n500,control_concave,uniform,500,40,0.0,0.0,0.0,0.5748502994011976,0.5748502994011976,False,True,True,True,False,0,14,0.000513700011651963
control_concave__uniform__n500,control_concave,uniform,500,41,0.0,0.0,0.0,0.5748502994011976,0.5748502994011976,False,True,True,True,False,0,14,0.00043970003025606275
control_concave__uniform__n500,control_concave,uniform,500,42,0.0,0.0,0.0,0.5748502994011976,0.5748502994011976,False,True,True,True,False,0,14,0.0004988000146113336
control_concave__uniform__n500,control_concave,uniform,500,43,0.0,0.0,0.0,0.5748502994011976,0.5748502994011976,False,True,True,True,False,0,14,0.0008520000264979899
control_concave__uniform__n500,control_concave,uniform,500,44,0.0,0.0,0.0,0.38323353293413176,0.38323353293413176,False,True,True,True,False,0,15,0.0008491000044159591
control_concave__uniform__n500,control_concave,uniform,500,45,0.0,0.0,0.0,0.5748502994011976,0.5748502994011976,False,True,True,True,False,0,14,0.0007955000037327409
control_concave__uniform__n500,control_concave,uniform,500,46,0.0,0.0,0.0,0.5748502994011976,0.5748502994011976,False,True,True,True,False,0,14,0.0005556999822147191
control_concave__uniform__n500,control_concave,uniform,500,47,0.0,0.0,0.0,0.5748502994011976,0.5748502994011976,False,True,True,True,False,0,14,0.0005458999658003449
control_concave__uniform__n500,control_concave,uniform,500,48,0.0,0.0,0.0,0.5748502994011976,0.5748502994011976,False,True,True,True,False,0,14,0.0005024999845772982
control_concave__uniform__n500,control_concave,uniform,500,49,0.0,0.0,0.0,0.5748502994011976,0.5748502994011976,False,True,True,True,False,0,13,0.00043810001807287335
control_concave__uniform__n500,control_concave,uniform,500,50,0.0,0.0,0.0,0.38323353293413176,0.38323353293413176,False,True,True,True,False,0,15,0.00048129999777302146
control_concave__uniform__n500,control_concave,uniform,500,51,0.0,0.0,0.0,0.5748502994011976,0.5748502994011976,False,True,True,True,False,0,12,0.00042669998947530985
control_concave__uniform__n500,control_concave,uniform,500,52,0.0,0.0,0.0,0.5748502994011976,0.5748502994011976,False,True,True,True,False,0,14,0.00045950000640004873
control_concave__uniform__n500,control_concave,uniform,500,53,0.0,0.0,0.0,0.5748502994011976,0.5748502994011976,False,True,True,True,False,0,14,0.0003921000170521438
control_concave__uniform__n500,control_concave,uniform,500,54,0.0,0.0,0.0,0.6387225548902196,0.6387225548902196,False,True,True,True,False,0,11,0.0004152000183239579
control_concave__uniform__n500,control_concave,uniform,500,55,0.0,0.0,0.0,0.5748502994011976,0.5748502994011976,False,True,True,True,False,0,14,0.0004313999670557678
control_concave__uniform__n500,control_concave,uniform,500,56,0.0,0.0,0.0,0.5748502994011976,0.5748502994011976,False,True,True,True,False,0,14,0.00043299997923895717
control_concave__uniform__n500,control_concave,uniform,500,57,0.0,0.0,0.5289421157684631,0.5748502994011976,0.04590818363273452,False,False,True,False,False,1,14,0.0004474000306800008
control_concave__uniform__n500,control_concave,uniform,500,58,0.0,0.0,0.0,0.5748502994011976,0.5748502994011976,False,True,True,True,False,0,13,0.0004708999767899513
control_concave__uniform__n500,control_concave,uniform,500,59,0.0,0.0,0.0,0.5748502994011976,0.5748502994011976,False,True,True,True,False,0,13,0.0006305999704636633
control_concave__uniform__n500,control_concave,uniform,500,60,0.0,0.0,0.0,0.5748502994011976,0.5748502994011976,False,True,True,True,False,0,14,0.0006226000259630382
control_concave__uniform__n500,control_concave,uniform,500,61,0.0,0.0,0.0,0.5748502994011976,0.5748502994011976,False,True,True,True,False,0,13,0.0007752000237815082
control_concave__uniform__n500,control_concave,uniform,500,62,0.0,0.0,0.0,0.5748502994011976,0.5748502994011976,False,True,True,True,False,0,13,0.0007336999988183379
control_concave__uniform__n500,control_concave,uniform,500,63,0.0,0.0,0.0,0.5748502994011976,0.5748502994011976,False,True,True,True,False,0,14,0.0005770999705418944
control_concave__uniform__n500,control_concave,uniform,500,64,0.0,0.0,0.0,0.5748502994011976,0.5748502994011976,False,True,True,True,False,0,14,0.0004857999738305807
control_concave__uniform__n500,control_concave,uniform,500,65,0.0,0.0,0.0,0.5748502994011976,0.5748502994011976,False,True,True,True,False,0,14,0.0004941000370308757
control_concave__uniform__n500,control_concave,uniform,500,66,0.0,0.0,0.0,0.5748502994011976,0.5748502994011976,False,True,True,True,False,0,14,0.0004844000213779509
control_concave__uniform__n500,control_concave,uniform,500,67,0.0,0.0,0.0,0.6387225548902196,0.6387225548902196,False,True,True,True,False,0,13,0.00045849999878555536
control_concave__uniform__n500,control_concave,uniform,500,68,0.0,0.0,0.0,0.5748502994011976,0.5748502994011976,False,True,True,False,False,0,15,0.0004839000175707042
control_concave__uniform__n500,control_concave,uniform,500,69,0.0,0.0,0.0,0.5748502994011976,0.5748502994011976,False,True,True,True,False,0,14,0.0004192999913357198
control_concave__uniform__n500,control_concave,uniform,500,70,0.0,0.0,0.0,0.5748502994011976,0.5748502994011976,False,True,True,True,False,0,14,0.00043670000741258264
control_concave__uniform__n500,control_concave,uniform,500,71,0.0,0.0,0.0,0.5748502994011976,0.5748502994011976,False,True,True,True,False,0,13,0.0005590000073425472
control_concave__uniform__n500,control_concave,uniform,500,72,0.0,0.0,0.0,0.5748502994011976,0.5748502994011976,False,True,True,True,False,0,13,0.0007205999572761357
control_concave__uniform__n500,control_concave,uniform,500,73,0.0,0.0,0.0,0.5748502994011976,0.5748502994011976,False,True,True,True,False,0,13,0.0008538999827578664
control_concave__uniform__n500,control_concave,uniform,500,74,0.0,0.0,0.0,0.5748502994011976,0.5748502994011976,False,True,True,True,False,0,14,0.0006336999940685928
control_concave__uniform__n500,control_concave,uniform,500,75,0.0,0.0,0.0,0.5748502994011976,0.5748502994011976,False,True,True,True,False,0,14,0.0007321999873965979
control_concave__uniform__n500,control_concave,uniform,500,76,0.0,0.0,0.0,0.5748502994011976,0.5748502994011976,False,True,True,True,False,0,15,0.0007499000057578087
control_concave__uniform__n500,control_concave,uniform,500,77,0.0,0.0,0.0,0.5748502994011976,0.5748502994011976,False,True,True,True,False,0,14,0.0008206000202335417
control_concave__uniform__n500,control_concave,uniform,500,78,0.0,0.0,0.0,0.5748502994011976,0.5748502994011976,False,True,True,True,False,0,14,0.0006921000313013792
control_concave__uniform__n500,control_concave,uniform,500,79,0.0,0.0,0.0,0.5748502994011976,0.5748502994011976,False,True,True,True,False,0,14,0.0006052999524399638
control_concave__uniform__n500,control_concave,uniform,500,80,0.0,0.0,0.0,0.5748502994011976,0.5748502994011976,False,True,True,True,False,0,14,0.0006000999710522592
control_concave__uniform__n500,control_concave,uniform,500,81,0.0,0.0,0.0,0.5748502994011976,0.5748502994011976,False,True,True,True,False,0,14,0.0005300000193528831
control_concave__uniform__n500,control_concave,uniform,500,82,0.0,0.0,0.0,0.5748502994011976,0.5748502994011976,False,True,True,True,False,0,14,0.000678699987474829
control_concave__uniform__n500,control_concave,uniform,500,83,0.0,0.0,0.0,0.5748502994011976,0.5748502994011976,False,True,True,True,False,0,13,0.0006618999759666622
control_concave__uniform__n500,control_concave,uniform,500,84,0.0,0.0,0.0,0.5748502994011976,0.5748502994011976,False,True,True,True,False,0,14,0.0006926999776624143
control_concave__uniform__n500,control_concave,uniform,500,85,0.0,0.0,0.0,0.38323353293413176,0.38323353293413176,False,True,True,True,False,0,15,0.000691999972332269
control_concave__uniform__n500,control_concave,uniform,500,86,0.0,0.0,0.0,0.5748502994011976,0.5748502994011976,False,True,True,True,False,0,14,0.0006762000266462564
control_concave__uniform__n500,control_concave,uniform,500,87,0.0,0.0,0.0,0.5748502994011976,0.5748502994011976,False,True,True,True,False,0,14,0.0007815000135451555
control_concave__uniform__n500,control_concave,uniform,500,88,0.0,0.0,0.0,0.5748502994011976,0.5748502994011976,False,True,True,True,False,0,14,0.0006726999999955297
control_concave__uniform__n500,control_concave,uniform,500,89,0.0,0.0,0.42115768463073855,0.5748502994011976,0.15369261477045904,False,False,True,False,False,1,13,0.0005956999957561493
control_concave__uniform__n500,control_concave,uniform,500,90,0.0,0.0,0.0,0.5109780439121756,0.5109780439121756,False,True,True,True,False,0,16,0.0006818000110797584
control_concave__uniform__n500,control_concave,uniform,500,91,0.0,0.0,0.0,0.5748502994011976,0.5748502994011976,False,True,True,True,False,0,14,0.0006609000265598297
control_concave__uniform__n500,control_concave,uniform,500,92,0.0,0.0,0.0,0.5748502994011976,0.5748502994011976,False,True,True,True,False,0,14,0.0006947999936528504
control_concave__uniform__n500,control_concave,uniform,500,93,0.0,0.0,0.0,0.5748502994011976,0.5748502994011976,False,True,True,True,False,0,13,0.0005901000113226473
control_concave__uniform__n500,control_concave,uniform,500,94,0.0,0.0,0.0,0.5748502994011976,0.5748502994011976,False,True,True,True,False,0,14,0.0005412999889813364
control_concave__uniform__n500,control_concave,uniform,500,95,0.0,0.0,0.0,0.5748502994011976,0.5748502994011976,False,True,True,True,False,0,14,0.0006498000002466142
control_concave__uniform__n500,control_concave,uniform,500,96,0.0,0.0,0.0,0.5748502994011976,0.5748502994011976,False,True,True,True,False,0,14,0.0006945999921299517
control_concave__uniform__n500,control_concave,uniform,500,97,0.0,0.0,0.0,0.5748502994011976,0.5748502994011976,False,True,True,True,False,0,14,0.0007483999943360686
control_concave__uniform__n500,control_concave,uniform,500,98,0.0,0.0,0.0,0.5109780439121756,0.5109780439121756,False,True,True,True,False,0,15,0.0007187000010162592
control_concave__uniform__n500,control_concave,uniform,500,99,0.0,0.0,0.0,0.5748502994011976,0.5748502994011976,False,True,True,True,False,0,14,0.0005335999885573983
control_concave__uniform__n500,control_concave,uniform,500,100,0.0,0.0,0.0,0.5748502994011976,0.5748502994011976,False,True,True,True,False,0,14,0.0005920000257901847
control_concave__uniform__n500,control_concave,uniform,500,101,0.0,0.0,0.0,0.5748502994011976,0.5748502994011976,False,True,True,True,False,0,13,0.0006484999903477728
control_concave__uniform__n500,control_concave,uniform,500,102,0.0,0.0,0.0,0.5748502994011976,0.5748502994011976,False,True,True,True,False,0,14,0.0005364999524317682
control_concave__uniform__n500,control_concave,uniform,500,103,0.0,0.0,0.0,0.5748502994011976,0.5748502994011976,False,True,True,True,False,0,14,0.000512500002514571
control_concave__uniform__n500,control_concave,uniform,500,104,0.0,0.0,0.0,0.5748502994011976,0.5748502994011976,False,True,True,True,False,0,14,0.0004780999734066427
control_concave__uniform__n500,control_concave,uniform,500,105,0.0,0.0,0.0,0.6387225548902196,0.6387225548902196,False,True,True,True,False,0,13,0.000484999967738986
control_concave__uniform__n500,control_concave,uniform,500,106,0.0,0.0,0.0,0.5748502994011976,0.5748502994011976,False,True,True,True,False,0,14,0.0004249999765306711
control_concave__uniform__n500,control_concave,uniform,500,107,0.0,0.0,0.0,0.5748502994011976,0.5748502994011976,False,True,True,True,False,0,13,0.00043239997467026114
control_concave__uniform__n500,control_concave,uniform,500,108,0.0,0.0,0.0,0.5748502994011976,0.5748502994011976,False,True,True,True,False,0,13,0.00041610002517700195
control_concave__uniform__n500,control_concave,uniform,500,109,0.0,0.0,0.0,0.5748502994011976,0.5748502994011976,False,True,True,True,False,0,14,0.0004734999965876341
control_concave__uniform__n500,control_concave,uniform,500,110,0.0,0.0,0.0,0.5748502994011976,0.5748502994011976,False,True,True,True,False,0,14,0.0006688999710604548
control_concave__uniform__n500,control_concave,uniform,500,111,0.0,0.0,0.0,0.5748502994011976,0.5748502994011976,False,True,True,True,False,0,14,0.0008908999734558165
control_concave__uniform__n500,control_concave,uniform,500,112,0.0,0.0,0.0,0.5748502994011976,0.5748502994011976,False,True,True,True,False,0,14,0.0006772000342607498
control_concave__uniform__n500,control_concave,uniform,500,113,0.0,0.0,0.0,0.5748502994011976,0.5748502994011976,False,True,True,True,False,0,14,0.0007131999591365457
control_concave__uniform__n500,control_concave,uniform,500,114,0.0,0.0,0.0,0.5748502994011976,0.5748502994011976,False,True,True,True,False,0,14,0.0007953000022098422
control_concave__uniform__n500,control_concave,uniform,500,115,0.0,0.0,0.0,0.5748502994011976,0.5748502994011976,False,True,True,True,False,0,14,0.0006812000065110624
control_concave__uniform__n500,control_concave,uniform,500,116,0.0,0.0,0.0,0.5748502994011976,0.5748502994011976,False,True,True,True,False,0,14,0.0006144000217318535
control_concave__uniform__n500,control_concave,uniform,500,117,0.0,0.0,0.0,0.5748502994011976,0.5748502994011976,False,True,True,True,False,0,14,0.0005368000129237771
control_concave__uniform__n500,control_concave,uniform,500,118,0.0,0.0,0.0,0.5748502994011976,0.5748502994011976,False,True,True,True,False,0,14,0.0006024999893270433
control_concave__uniform__n500,control_concave,uniform,500,119,0.0,0.0,0.0,0.5748502994011976,0.5748502994011976,False,True,True,True,False,0,14,0.0006907999631948769
control_concave__uniform__n500,control_concave,uniform,500,120,0.0,0.0,0.0,0.5748502994011976,0.5748502994011976,False,True,True,True,False,0,14,0.0006643999950028956
control_concave__uniform__n500,control_concave,uniform,500,121,0.0,0.0,0.0,0.5748502994011976,0.5748502994011976,False,True,True,True,False,0,14,0.0004894000012427568
control_concave__uniform__n500,control_concave,uniform,500,122,0.0,0.0,0.0,0.5748502994011976,0.5748502994011976,False,True,True,True,False,0,14,0.0004989999579265714
control_concave__uniform__n500,control_concave,uniform,500,123,0.0,0.0,0.0,0.5748502994011976,0.5748502994011976,False,True,True,True,False,0,13,0.0005421999958343804
control_concave__uniform__n500,control_concave,uniform,500,124,0.0,0.0,0.0,0.5748502994011976,0.5748502994011976,False,True,True,True,False,0,14,0.0005300000193528831
control_concave__uniform__n500,control_concave,uniform,500,125,0.0,0.0,0.0,0.5748502994011976,0.5748502994011976,False,True,True,True,False,0,14,0.0005098999827168882
control_concave__uniform__n500,control_concave,uniform,500,126,0.0,0.0,0.0,0.5748502994011976,0.5748502994011976,False,True,True,True,False,0,13,0.000582900014705956
control_concave__uniform__n500,control_concave,uniform,500,127,0.0,0.0,0.0,0.5748502994011976,0.5748502994011976,False,True,True,True,False,0,14,0.000756199995521456
control_concave__uniform__n500,control_concave,uniform,500,128,0.0,0.0,0.0,0.5748502994011976,0.5748502994011976,False,True,True,True,False,0,13,0.0006525999633595347
control_concave__uniform__n500,control_concave,uniform,500,129,0.0,0.0,0.0,0.5748502994011976,0.5748502994011976,False,True,True,True,False,0,14,0.0006914000259712338
control_concave__uniform__n500,control_concave,uniform,500,130,0.0,0.0,0.0,0.5748502994011976,0.5748502994011976,False,True,True,True,False,0,14,0.0006492999964393675
control_concave__uniform__n500,control_concave,uniform,500,131,0.0,0.0,0.0,0.2874251497005988,0.2874251497005988,False,True,True,True,False,0,17,0.000672499998472631
control_concave__uniform__n500,control_concave,uniform,500,132,0.0,0.0,0.0,0.5748502994011976,0.5748502994011976,False,True,True,True,False,0,14,0.0006352000054903328
control_concave__uniform__n500,control_concave,uniform,500,133,0.0,0.0,0.0,0.5748502994011976,0.5748502994011976,False,True,True,True,False,0,13,0.0006274000043049455
control_concave__uniform__n500,control_concave,uniform,500,134,0.0,0.0,0.0,0.5748502994011976,0.5748502994011976,False,True,True,True,False,0,14,0.0006036999984644353
control_concave__uniform__n500,control_concave,uniform,500,135,0.0,0.0,0.0,0.5748502994011976,0.5748502994011976,False,True,True,True,False,0,14,0.0005271999980323017
control_concave__uniform__n500,control_concave,uniform,500,136,0.0,0.0,0.0,0.5748502994011976,0.5748502994011976,False,True,True,True,False,0,13,0.0005967000033706427
control_concave__uniform__n500,control_concave,uniform,500,137,0.0,0.0,0.0,0.5748502994011976,0.5748502994011976,False,True,True,True,False,0,14,0.0006287000142037868
control_concave__uniform__n500,control_concave,uniform,500,138,0.0,0.0,0.0,0.5748502994011976,0.5748502994011976,False,True,True,True,False,0,14,0.0004936999757774174
control_concave__uniform__n500,control_concave,uniform,500,139,0.0,0.0,0.0,0.5748502994011976,0.5748502994011976,False,True,True,True,False,0,14,0.0004950999864377081
control_concave__uniform__n500,control_concave,uniform,500,140,0.0,0.0,0.0,0.5748502994011976,0.5748502994011976,False,True,True,True,False,0,14,0.0006073000258766115
control_concave__uniform__n500,control_concave,uniform,500,141,0.0,0.0,0.0,0.5748502994011976,0.5748502994011976,False,True,True,True,False,0,14,0.0008221000316552818
control_concave__uniform__n500,control_concave,uniform,500,142,0.0,0.0,0.0,0.5748502994011976,0.5748502994011976,False,True,True,True,False,0,14,0.0006757000228390098
control_concave__uniform__n500,control_concave,uniform,500,143,0.0,0.0,0.0,0.5748502994011976,0.5748502994011976,False,True,True,True,False,0,13,0.000539699976798147
control_concave__uniform__n500,control_concave,uniform,500,144,0.0,0.0,0.0,0.5748502994011976,0.5748502994011976,False,True,True,True,False,0,13,0.000457199988886714
control_concave__uniform__n500,control_concave,uniform,500,145,0.0,0.0,0.0,0.5748502994011976,0.5748502994011976,False,True,True,True,False,0,14,0.00044780003372579813
control_concave__uniform__n500,control_concave,uniform,500,146,0.0,0.0,0.0,0.5748502994011976,0.5748502994011976,False,True,True,True,False,0,14,0.00044839998008683324
control_concave__uniform__n500,control_concave,uniform,500,147,0.0,0.0,0.0,0.5748502994011976,0.5748502994011976,False,True,True,True,False,0,12,0.00040419999277219176
control_concave__uniform__n500,control_concave,uniform,500,148,0.0,0.0,0.0,0.5748502994011976,0.5748502994011976,False,True,True,True,False,0,14,0.000568399962503463
control_concave__uniform__n500,control_concave,uniform,500,149,0.0,0.0,0.0,0.5748502994011976,0.5748502994011976,False,True,True,True,False,0,12,0.0005149999633431435
control_concave__uniform__n500,control_concave,uniform,500,150,0.0,0.0,0.0,0.5748502994011976,0.5748502994011976,False,True,True,True,False,0,14,0.0004914000164717436
control_concave__uniform__n500,control_concave,uniform,500,151,0.0,0.0,0.0,0.5748502994011976,0.5748502994011976,False,True,True,True,False,0,13,0.0005010999739170074
control_concave__uniform__n500,control_concave,uniform,500,152,0.0,0.0,0.0,0.5748502994011976,0.5748502994011976,False,True,True,True,False,0,14,0.0005857999785803258
control_concave__uniform__n500,control_concave,uniform,500,153,0.0,0.0,0.0,0.5748502994011976,0.5748502994011976,False,True,True,True,False,0,13,0.0005887000006623566
control_concave__uniform__n500,control_concave,uniform,500,154,0.0,0.0,0.0,0.38323353293413176,0.38323353293413176,False,True,True,True,False,0,15,0.0004999999655410647
control_concave__uniform__n500,control_concave,uniform,500,155,0.0,0.0,0.0,0.5748502994011976,0.5748502994011976,False,True,True,True,False,0,13,0.0004729999927803874
control_concave__uniform__n500,control_concave,uniform,500,156,0.0,0.0,0.0,0.5748502994011976,0.5748502994011976,False,True,True,True,False,0,14,0.00046309997560456395
control_concave__uniform__n500,control_concave,uniform,500,157,0.0,0.0,0.0,0.5748502994011976,0.5748502994011976,False,True,True,True,False,0,13,0.0005186999915167689
control_concave__uniform__n500,control_concave,uniform,500,158,0.0,0.0,0.0,0.5748502994011976,0.5748502994011976,False,True,True,True,False,0,14,0.0005376999615691602
control_concave__uniform__n500,control_concave,uniform,500,159,0.0,0.0,0.0,0.5748502994011976,0.5748502994011976,False,True,True,True,False,0,14,0.0004322999739088118
control_concave__uniform__n500,control_concave,uniform,500,160,0.0,0.0,0.0,0.5748502994011976,0.5748502994011976,False,True,True,True,False,0,14,0.0004744000034406781
control_concave__uniform__n500,control_concave,uniform,500,161,0.0,0.0,0.0,0.5748502994011976,0.5748502994011976,False,True,True,True,False,0,14,0.0004390999674797058
control_concave__uniform__n500,control_concave,uniform,500,162,0.0,0.0,0.0,0.5748502994011976,0.5748502994011976,False,True,True,True,False,0,13,0.00040710001485422254
control_concave__uniform__n500,control_concave,uniform,500,163,0.0,0.0,0.0,0.5748502994011976,0.5748502994011976,False,True,True,True,False,0,14,0.0005499999970197678
control_concave__uniform__n500,control_concave,uniform,500,164,0.0,0.0,0.0,0.5748502994011976,0.5748502994011976,False,True,True,True,False,0,13,0.0005680000176653266
control_concave__uniform__n500,control_concave,uniform,500,165,0.0,0.0,0.0,0.5748502994011976,0.5748502994011976,False,True,True,True,False,0,14,0.0007599000236950815
control_concave__uniform__n500,control_concave,uniform,500,166,0.0,0.0,0.0,0.5748502994011976,0.5748502994011976,False,True,True,True,False,0,15,0.0010088999988511205
control_concave__uniform__n500,control_concave,uniform,500,167,0.0,0.0,0.0,0.5748502994011976,0.5748502994011976,False,True,True,True,False,0,14,0.0010121000232174993
control_concave__uniform__n500,control_concave,uniform,500,168,0.0,0.0,0.0,0.5748502994011976,0.5748502994011976,False,True,True,True,False,0,14,0.0007537999772466719
control_concave__uniform__n500,control_concave,uniform,500,169,0.0,0.0,0.0,0.5748502994011976,0.5748502994011976,False,True,True,True,False,0,13,0.0007605000282637775
control_concave__uniform__n500,control_concave,uniform,500,170,0.0,0.0,0.0,0.5748502994011976,0.5748502994011976,False,True,True,True,False,0,13,0.0007811000104993582
control_concave__uniform__n500,control_concave,uniform,500,171,0.0,0.0,0.0,0.5748502994011976,0.5748502994011976,False,True,True,True,False,0,14,0.0007599000236950815
control_concave__uniform__n500,control_concave,uniform,500,172,0.0,0.0,0.0,0.5748502994011976,0.5748502994011976,False,True,True,True,False,0,14,0.0007221000269055367
control_concave__uniform__n500,control_concave,uniform,500,173,0.0,0.0,0.0,0.5748502994011976,0.5748502994011976,False,True,True,True,False,0,14,0.0005919000250287354
control_concave__uniform__n500,control_concave,uniform,500,174,0.0,0.0,0.0,0.5748502994011976,0.5748502994011976,False,True,True,True,False,0,13,0.0005086999735794961
control_concave__uniform__n500,control_concave,uniform,500,175,0.0,0.0,0.0,0.5748502994011976,0.5748502994011976,False,True,True,True,False,0,14,0.000499499961733818
control_concave__uniform__n500,control_concave,uniform,500,176,0.0,0.0,0.0,0.5748502994011976,0.5748502994011976,False,True,True,True,False,0,12,0.0005685000214725733
control_concave__uniform__n500,control_concave,uniform,500,177,0.0,0.0,0.0,0.5748502994011976,0.5748502994011976,False,True,True,True,False,0,14,0.0006927000358700752
control_concave__uniform__n500,control_concave,uniform,500,178,0.0,0.0,0.0,0.5748502994011976,0.5748502994011976,False,True,True,True,False,0,14,0.000840499997138977
control_concave__uniform__n500,control_concave,uniform,500,179,0.0,0.0,0.0,0.5748502994011976,0.5748502994011976,False,True,True,True,False,0,12,0.0006921000313013792
control_concave__uniform__n500,control_concave,uniform,500,180,0.0,0.0,0.0,0.5748502994011976,0.5748502994011976,False,True,True,True,False,0,14,0.0007089999853633344
control_concave__uniform__n500,control_concave,uniform,500,181,0.0,0.0,0.0,0.5748502994011976,0.5748502994011976,False,True,True,True,False,0,14,0.0008452999754808843
control_concave__uniform__n500,control_concave,uniform,500,182,0.0,0.0,0.0,0.5748502994011976,0.5748502994011976,False,True,True,True,False,0,14,0.0005988000193610787
control_concave__uniform__n500,control_concave,uniform,500,183,0.0,0.0,0.0,0.5748502994011976,0.5748502994011976,False,True,True,True,False,0,14,0.00060299999313429
control_concave__uniform__n500,control_concave,uniform,500,184,0.0,0.0,0.0,0.5748502994011976,0.5748502994011976,False,True,True,True,False,0,14,0.0005003999685868621
control_concave__uniform__n500,control_concave,uniform,500,185,0.0,0.0,0.0,0.5748502994011976,0.5748502994011976,False,True,True,True,False,0,14,0.00046930002281442285
control_concave__uniform__n500,control_concave,uniform,500,186,0.0,0.0,0.0,0.5748502994011976,0.5748502994011976,False,True,True,True,False,0,13,0.0005313999718055129
control_concave__uniform__n500,control_concave,uniform,500,187,0.0,0.0,0.0,0.5748502994011976,0.5748502994011976,False,True,True,True,False,0,14,0.0005923000280745327
control_concave__uniform__n500,control_concave,uniform,500,188,0.0,0.0,0.0,0.5748502994011976,0.5748502994011976,False,True,True,True,False,0,13,0.000575500016566366
control_concave__uniform__n500,control_concave,uniform,500,189,0.0,0.0,0.0,0.5748502994011976,0.5748502994011976,False,True,True,True,False,0,13,0.0007602999685332179
control_concave__uniform__n500,control_concave,uniform,500,190,0.0,0.0,0.0,0.5748502994011976,0.5748502994011976,False,True,True,True,False,0,13,0.0007092999876476824
control_concave__uniform__n500,control_concave,uniform,500,191,0.0,0.0,0.3013972055888224,0.6387225548902196,0.3373253493013972,False,False,True,False,False,1,13,0.0006464000325649977
control_concave__uniform__n500,control_concave,uniform,500,192,0.0,0.0,0.0,0.5748502994011976,0.5748502994011976,False,True,True,True,False,0,13,0.0005001999670639634
control_concave__uniform__n500,control_concave,uniform,500,193,0.0,0.0,0.0,0.5748502994011976,0.5748502994011976,False,True,True,True,False,0,14,0.0004786999779753387
control_concave__uniform__n500,control_concave,uniform,500,194,0.0,0.0,0.0,0.5748502994011976,0.5748502994011976,False,True,True,True,False,0,14,0.0005765000241808593
control_concave__uniform__n500,control_concave,uniform,500,195,0.0,0.0,0.0,0.5748502994011976,0.5748502994011976,False,True,True,True,False,0,14,0.0008933999924920499
control_concave__uniform__n500,control_concave,uniform,500,196,0.0,0.0,0.0,0.5748502994011976,0.5748502994011976,False,True,True,True,False,0,15,0.0006847999757155776
control_concave__uniform__n500,control_concave,uniform,500,197,0.0,0.0,0.0,0.5748502994011976,0.5748502994011976,False,True,True,True,False,0,14,0.0006524999625980854
control_concave__uniform__n500,control_concave,uniform,500,198,0.0,0.0,0.0,0.5748502994011976,0.5748502994011976,False,True,True,True,False,0,14,0.0006628000410273671
control_concave__uniform__n500,control_concave,uniform,500,199,0.0,0.0,0.0,0.5748502994011976,0.5748502994011976,False,True,True,True,False,0,12,0.0008134000236168504
paper_f1_cusp__beta_4_8__n500,paper_f1_cusp,beta_4_8,500,0,0.3,0.3,0.26800992885750663,0.3387633522444092,0.07075342338690255,False,True,True,True,False,15,16,0.001117300009354949
paper_f1_cusp__beta_4_8__n500,paper_f1_cusp,beta_4_8,500,1,0.3,0.3,0.23922412271716317,0.3444219962961773,0.10519787357901414,False,True,True,False,False,13,16,0.0009889000211842358
paper_f1_cusp__beta_4_8__n500,paper_f1_cusp,beta_4_8,500,2,0.3,0.3,0.2624020460335445,0.3387633522444092,0.07636130621086468,False,True,True,True,False,14,16,0.0006547999801114202
paper_f1_cusp__beta_4_8__n500,paper_f1_cusp,beta_4_8,500,3,0.3,0.3,0.2624020460335445,0.33315959125111794,0.07075754521757344,False,True,True,True,False,15,17,0.0006688000285066664
paper_f1_cusp__beta_4_8__n500,paper_f1_cusp,beta_4_8,500,4,0.3,0.3,0.26800992885750663,0.33315959125111794,0.06514966239361131,False,True,True,True,False,15,19,0.000548899988643825
paper_f1_cusp__beta_4_8__n500,paper_f1_cusp,beta_4_8,500,5,0.3,0.3,0.2624020460335445,0.3387633522444092,0.07636130621086468,False,True,True,True,False,14,18,0.0005631999811157584
paper_f1_cusp__beta_4_8__n500,paper_f1_cusp,beta_4_8,500,6,0.3,0.3,0.2624020460335445,0.3738696188633492,0.11146757282980468,False,True,True,True,False,13,13,0.0005678000161424279
paper_f1_cusp__beta_4_8__n500,paper_f1_cusp,beta_4_8,500,7,0.3,0.3,0.23922412271716317,0.3738696188633492,0.134645496146186,False,True,True,True,False,11,15,0.0005562999867834151
paper_f1_cusp__beta_4_8__n500,paper_f1_cusp,beta_4_8,500,8,0.3,0.3,0.23922412271716317,0.3444219962961773,0.10519787357901414,False,True,True,True,False,11,16,0.0006452000234276056
paper_f1_cusp__beta_4_8__n500,paper_f1_cusp,beta_4_8,500,9,0.3,0.3,0.2624020460335445,0.35014435853181086,0.08774231249826636,False,True,True,True,False,14,15,0.0007234999793581665
paper_f1_cusp__beta_4_8__n500,paper_f1_cusp,beta_4_8,500,10,0.3,0.3,0.2624020460335445,0.3387633522444092,0.07636130621086468,False,True,True,True,False,13,16,0.0006640999927185476
paper_f1_cusp__beta_4_8__n500,paper_f1_cusp,beta_4_8,500,11,0.3,0.3,0.26800992885750663,0.3738696188633492,0.10585969000584255,False,True,True,True,False,15,14,0.0007850000401958823
paper_f1_cusp__beta_4_8__n500,paper_f1_cusp,beta_4_8,500,12,0.3,0.3,0.23922412271716317,0.38639788498343836,0.14717376226627518,False,True,True,True,False,12,10,0.0005902000120840967
paper_f1_cusp__beta_4_8__n500,paper_f1_cusp,beta_4_8,500,13,0.3,0.3,0.23922412271716317,0.38639788498343836,0.14717376226627518,False,True,True,True,False,12,10,0.0006143000209704041
paper_f1_cusp__beta_4_8__n500,paper_f1_cusp,beta_4_8,500,14,0.3,0.3,0.23922412271716317,0.3738696188633492,0.134645496146186,False,True,True,True,False,12,15,0.0007872999995015562
paper_f1_cusp__beta_4_8__n500,paper_f1_cusp,beta_4_8,500,15,0.3,0.3,0.2624020460335445,0.3387633522444092,0.07636130621086468,False,True,True,True,False,15,16,0.0008157999836839736
paper_f1_cusp__beta_4_8__n500,paper_f1_cusp,beta_4_8,500,16,0.3,0.3,0.2624020460335445,0.35014435853181086,0.08774231249826636,False,True,True,True,False,13,14,0.0006363000138662755
paper_f1_cusp__beta_4_8__n500,paper_f1_cusp,beta_4_8,500,17,0.3,0.3,0.2624020460335445,0.3738696188633492,0.11146757282980468,False,True,True,True,False,13,14,0.0005101999850012362
paper_f1_cusp__beta_4_8__n500,paper_f1_cusp,beta_4_8,500,18,0.3,0.3,0.2567323456867654,0.35014435853181086,0.09341201284504547,False,True,True,True,False,15,15,0.0005074000218883157
paper_f1_cusp__beta_4_8__n500,paper_f1_cusp,beta_4_8,500,19,0.3,0.3,0.23922412271716317,0.3738696188633492,0.134645496146186,False,True,True,True,False,12,12,0.0004833000130020082
paper_f1_cusp__beta_4_8__n500,paper_f1_cusp,beta_4_8,500,20,0.3,0.3,0.23922412271716317,0.3738696188633492,0.134645496146186,False,True,True,True,False,12,14,0.0004883999936282635
paper_f1_cusp__beta_4_8__n500,paper_f1_cusp,beta_4_8,500,21,0.3,0.3,0.3472746403935983,0.3738696188633492,0.026594978469750896,False,False,True,False,False,13,13,0.0004808999947272241
paper_f1_cusp__beta_4_8__n500,paper_f1_cusp,beta_4_8,500,22,0.3,0.3,0.23922412271716317,0.35014435853181086,0.11092023581464769,False,True,True,True,False,12,16,0.00048719998449087143
paper_f1_cusp__beta_4_8__n500,paper_f1_cusp,beta_4_8,500,23,0.3,0.3,0.27356695129620123,0.31659527313620683,0.0430283218400056,False,True,True,True,False,18,18,0.00048240000614896417
paper_f1_cusp__beta_4_8__n500,paper_f1_cusp,beta_4_8,500,24,0.3,0.3,0.2624020460335445,0.35014435853181086,0.08774231249826636,False,True,True,True,False,13,15,0.00048809999134391546
paper_f1_cusp__beta_4_8__n500,paper_f1_cusp,beta_4_8,500,25,0.3,0.3,0.2624020460335445,0.35014435853181086,0.08774231249826636,False,True,True,True,False,14,15,0.000443900004029274
paper_f1_cusp__beta_4_8__n500,paper_f1_cusp,beta_4_8,500,26,0.3,0.3,0.23922412271716317,0.36181844311487416,0.12259432039771098,False,True,True,True,False,12,14,0.000547399977222085
paper_f1_cusp__beta_4_8__n500,paper_f1_cusp,beta_4_8,500,27,0.3,0.3,0.2624020460335445,0.3738696188633492,0.11146757282980468,False,True,True,True,False,12,13,0.0008224000339396298
paper_f1_cusp__beta_4_8__n500,paper_f1_cusp,beta_4_8,500,28,0.3,0.3,0.2624020460335445,0.35014435853181086,0.08774231249826636,False,True,True,True,False,14,16,0.0008131999638862908
paper_f1_cusp__beta_4_8__n500,paper_f1_cusp,beta_4_8,500,29,0.3,0.3,0.2624020460335445,0.35014435853181086,0.08774231249826636,False,True,True,True,False,13,15,0.0005452000186778605
paper_f1_cusp__beta_4_8__n500,paper_f1_cusp,beta_4_8,500,30,0.3,0.3,0.28182890473154487,0.3387633522444092,0.056934447512864306,False,True,True,True,False,16,16,0.000546199968084693
paper_f1_cusp__beta_4_8__n500,paper_f1_cusp,beta_4_8,500,31,0.3,0.3,0.26800992885750663,0.3387633522444092,0.07075342338690255,False,True,True,True,False,14,16,0.0005421999958343804
paper_f1_cusp__beta_4_8__n500,paper_f1_cusp,beta_4_8,500,32,0.3,0.3,0.2624020460335445,0.3387633522444092,0.07636130621086468,False,True,True,True,False,12,16,0.0006865999894216657
paper_f1_cusp__beta_4_8__n500,paper_f1_cusp,beta_4_8,500,33,0.3,0.3,0.2624020460335445,0.3387633522444092,0.07636130621086468,False,True,True,True,False,15,17,0.0007755999686196446
paper_f1_cusp__beta_4_8__n500,paper_f1_cusp,beta_4_8,500,34,0.3,0.3,0.2624020460335445,0.3738696188633492,0.11146757282980468,False,True,True,True,False,15,14,0.0007158999796956778
paper_f1_cusp__beta_4_8__n500,paper_f1_cusp,beta_4_8,500,35,0.3,0.3,0.2624020460335445,0.3738696188633492,0.11146757282980468,False,True,True,True,False,13,14,0.0008761999779380858
paper_f1_cusp__beta_4_8__n500,paper_f1_cusp,beta_4_8,500,36,0.3,0.3,0.2624020460335445,0.3444219962961773,0.08201995026263281,False,True,True,True,False,12,18,0.000757400004658848
paper_f1_cusp__beta_4_8__n500,paper_f1_cusp,beta_4_8,500,37,0.3,0.3,0.23922412271716317,0.3738696188633492,0.134645496146186,False,True,True,True,False,12,15,0.0007195999496616423
paper_f1_cusp__beta_4_8__n500,paper_f1_cusp,beta_4_8,500,38,0.3,0.3,0.26800992885750663,0.3387633522444092,0.07075342338690255,False,True,True,True,False,14,17,0.0006335999933071434
paper_f1_cusp__beta_4_8__n500,paper_f1_cusp,beta_4_8,500,39,0.3,0.3,0.26800992885750663,0.3387633522444092,0.07075342338690255,False,True,True,True,False,15,17,0.0008251999970525503
paper_f1_cusp__beta_4_8__n500,paper_f1_cusp,beta_4_8,500,40,0.3,0.3,0.23922412271716317,0.3738696188633492,0.134645496146186,False,True,True,True,False,12,14,0.0007656000088900328
paper_f1_cusp__beta_4_8__n500,paper_f1_cusp,beta_4_8,500,41,0.3,0.3,0.26800992885750663,0.35014435853181086,0.08213442967430423,False,True,True,True,False,14,15,0.0008058000239543617
paper_f1_cusp__beta_4_8__n500,paper_f1_cusp,beta_4_8,500,42,0.3,0.3,0.2624020460335445,0.35014435853181086,0.08774231249826636,False,True,True,True,False,14,15,0.0005996000254526734
paper_f1_cusp__beta_4_8__n500,paper_f1_cusp,beta_4_8,500,43,0.3,0.3,0.5143679408752347,0.35014435853181086,nan,True,False,False,False,False,17,15,0.000514000013936311
paper_f1_cusp__beta_4_8__n500,paper_f1_cusp,beta_4_8,500,44,0.3,0.3,0.2624020460335445,0.3738696188633492,0.11146757282980468,False,True,True,True,False,14,14,0.000477599969599396
paper_f1_cusp__beta_4_8__n500,paper_f1_cusp,beta_4_8,500,45,0.3,0.3,0.26800992885750663,0.3387633522444092,0.07075342338690255,False,True,True,True,False,15,15,0.0005302999634295702
paper_f1_cusp__beta_4_8__n500,paper_f1_cusp,beta_4_8,500,46,0.3,0.3,0.23922412271716317,0.3738696188633492,0.134645496146186,False,True,True,True,False,13,13,0.0006261999951675534
paper_f1_cusp__beta_4_8__n500,paper_f1_cusp,beta_4_8,500,47,0.3,0.3,0.2624020460335445,0.3444219962961773,0.08201995026263281,False,True,True,True,False,15,17,0.0006279000081121922
paper_f1_cusp__beta_4_8__n500,paper_f1_cusp,beta_4_8,500,48,0.3,0.3,0.2624020460335445,0.35014435853181086,0.08774231249826636,False,True,True,True,False,16,13,0.000784600037150085
paper_f1_cusp__beta_4_8__n500,paper_f1_cusp,beta_4_8,500,49,0.3,0.3,0.2624020460335445,0.3387633522444092,0.07636130621086468,False,True,True,True,False,14,16,0.0007540999795310199
paper_f1_cusp__beta_4_8__n500,paper_f1_cusp,beta_4_8,500,50,0.3,0.3,0.26800992885750663,0.3387633522444092,0.07075342338690255,False,True,True,True,False,16,18,0.000742600008379668
paper_f1_cusp__beta_4_8__n500,paper_f1_cusp,beta_4_8,500,51,0.3,0.3,0.2624020460335445,0.3387633522444092,0.07636130621086468,False,True,True,True,False,15,16,0.0006924999761395156
paper_f1_cusp__beta_4_8__n500,paper_f1_cusp,beta_4_8,500,52,0.3,0.3,0.23922412271716317,0.3738696188633492,0.134645496146186,False,True,True,True,False,10,14,0.0005321999778971076
paper_f1_cusp__beta_4_8__n500,paper_f1_cusp,beta_4_8,500,53,0.3,0.3,0.26800992885750663,0.31796487202281715,0.04995494316531052,False,True,True,False,False,17,20,0.0005206000059843063
paper_f1_cusp__beta_4_8__n500,paper_f1_cusp,beta_4_8,500,54,0.3,0.3,0.2624020460335445,0.3387633522444092,0.07636130621086468,False,True,True,True,False,15,17,0.0005146999610587955
paper_f1_cusp__beta_4_8__n500,paper_f1_cusp,beta_4_8,500,55,0.3,0.3,0.2567323456867654,0.35014435853181086,0.09341201284504547,False,True,True,True,False,12,14,0.0005506000015884638
paper_f1_cusp__beta_4_8__n500,paper_f1_cusp,beta_4_8,500,56,0.3,0.3,0.2624020460335445,0.3738696188633492,0.11146757282980468,False,True,True,True,False,13,14,0.0006237000343389809
paper_f1_cusp__beta_4_8__n500,paper_f1_cusp,beta_4_8,500,57,0.3,0.3,0.2624020460335445,0.3387633522444092,0.07636130621086468,False,True,True,True,False,15,16,0.0007074999739415944
paper_f1_cusp__beta_4_8__n500,paper_f1_cusp,beta_4_8,500,58,0.3,0.3,0.23922412271716317,0.35014435853181086,0.11092023581464769,False,True,True,True,False,11,14,0.0006667000125162303
paper_f1_cusp__beta_4_8__n500,paper_f1_cusp,beta_4_8,500,59,0.3,0.3,0.23922412271716317,0.3387633522444092,0.099539229527246,False,True,True,True,False,12,15,0.000685199978761375
paper_f1_cusp__beta_4_8__n500,paper_f1_cusp,beta_4_8,500,60,0.3,0.3,0.23922412271716317,0.35014435853181086,0.11092023581464769,False,True,True,True,False,12,15,0.0005390999722294509
paper_f1_cusp__beta_4_8__n500,paper_f1_cusp,beta_4_8,500,61,0.3,0.3,0.2624020460335445,0.3738696188633492,0.11146757282980468,False,True,True,True,False,13,13,0.0005248999805189669
paper_f1_cusp__beta_4_8__n500,paper_f1_cusp,beta_4_8,500,62,0.3,0.3,0.26800992885750663,0.3738696188633492,0.10585969000584255,False,True,True,True,False,16,12,0.0005546999746002257
paper_f1_cusp__beta_4_8__n500,paper_f1_cusp,beta_4_8,500,63,0.3,0.3,0.23922412271716317,0.35014435853181086,0.11092023581464769,False,True,True,True,False,13,16,0.0005434000049717724
paper_f1_cusp__beta_4_8__n500,paper_f1_cusp,beta_4_8,500,64,0.3,0.3,0.2624020460335445,0.3738696188633492,0.11146757282980468,False,True,True,True,False,13,12,0.0005676000146195292
paper_f1_cusp__beta_4_8__n500,paper_f1_cusp,beta_4_8,500,65,0.3,0.3,0.2624020460335445,0.35014435853181086,0.08774231249826636,False,True,True,True,False,15,16,0.0007856999873183668
paper_f1_cusp__beta_4_8__n500,paper_f1_cusp,beta_4_8,500,66,0.3,0.3,0.2624020460335445,0.3387633522444092,0.07636130621086468,False,True,True,True,False,13,16,0.0006697999779134989
paper_f1_cusp__beta_4_8__n500,paper_f1_cusp,beta_4_8,500,67,0.3,0.3,0.26800992885750663,0.3387633522444092,0.07075342338690255,False,True,True,True,False,14,17,0.0005190000520087779
paper_f1_cusp__beta_4_8__n500,paper_f1_cusp,beta_4_8,500,68,0.3,0.3,0.2624020460335445,0.3738696188633492,0.11146757282980468,False,True,True,True,False,13,15,0.0005306999664753675
paper_f1_cusp__beta_4_8__n500,paper_f1_cusp,beta_4_8,500,69,0.3,0.3,0.2624020460335445,0.3387633522444092,0.07636130621086468,False,True,True,True,False,14,18,0.0005005999701097608
paper_f1_cusp__beta_4_8__n500,paper_f1_cusp,beta_4_8,500,70,0.3,0.3,0.23922412271716317,0.3738696188633492,0.134645496146186,False,True,True,True,False,12,13,0.0005194999976083636
paper_f1_cusp__beta_4_8__n500,paper_f1_cusp,beta_4_8,500,71,0.3,0.3,0.2567323456867654,0.35014435853181086,0.09341201284504547,False,True,True,True,False,12,16,0.0006210999563336372
paper_f1_cusp__beta_4_8__n500,paper_f1_cusp,beta_4_8,500,72,0.3,0.3,0.28456789204568683,0.3220834785524643,0.03751558650677744,False,True,True,True,False,16,17,0.0007070000283420086
paper_f1_cusp__beta_4_8__n500,paper_f1_cusp,beta_4_8,500,73,0.3,0.3,0.23922412271716317,0.38639788498343836,0.14717376226627518,False,True,True,True,False,11,11,0.0005567999905906618
paper_f1_cusp__beta_4_8__n500,paper_f1_cusp,beta_4_8,500,74,0.3,0.3,0.2624020460335445,0.35014435853181086,0.08774231249826636,False,True,True,True,False,14,16,0.0005370999570004642
paper_f1_cusp__beta_4_8__n500,paper_f1_cusp,beta_4_8,500,75,0.3,0.3,0.23922412271716317,0.36181844311487416,0.12259432039771098,False,True,True,True,False,12,14,0.0005348999984562397
paper_f1_cusp__beta_4_8__n500,paper_f1_cusp,beta_4_8,500,76,0.3,0.3,0.27908316391352345,0.3387633522444092,0.05968018833088573,False,True,True,True,False,14,16,0.0004990000161342323
paper_f1_cusp__beta_4_8__n500,paper_f1_cusp,beta_4_8,500,77,0.3,0.3,0.23922412271716317,0.35014435853181086,0.11092023581464769,False,True,True,True,False,12,16,0.000507800024934113
paper_f1_cusp__beta_4_8__n500,paper_f1_cusp,beta_4_8,500,78,0.3,0.3,0.2624020460335445,0.35014435853181086,0.08774231249826636,False,True,True,True,False,13,15,0.0004941999795846641
paper_f1_cusp__beta_4_8__n500,paper_f1_cusp,beta_4_8,500,79,0.3,0.3,0.23922412271716317,0.3738696188633492,0.134645496146186,False,True,True,True,False,12,13,0.0004579999949783087
paper_f1_cusp__beta_4_8__n500,paper_f1_cusp,beta_4_8,500,80,0.3,0.3,0.23922412271716317,0.35014435853181086,0.11092023581464769,False,True,True,True,False,11,15,0.00046710000606253743
paper_f1_cusp__beta_4_8__n500,paper_f1_cusp,beta_4_8,500,81,0.3,0.3,0.2624020460335445,0.3387633522444092,0.07636130621086468,False,True,True,True,False,14,17,0.0005080000264570117
paper_f1_cusp__beta_4_8__n500,paper_f1_cusp,beta_4_8,500,82,0.3,0.3,0.2624020460335445,0.3387633522444092,0.07636130621086468,False,True,True,True,False,14,16,0.00048019998939707875
paper_f1_cusp__beta_4_8__n500,paper_f1_cusp,beta_4_8,500,83,0.3,0.3,0.23922412271716317,0.3738696188633492,0.134645496146186,False,True,True,True,False,12,14,0.0006756000220775604
paper_f1_cusp__beta_4_8__n500,paper_f1_cusp,beta_4_8,500,84,0.3,0.3,0.2624020460335445,0.31659527313620683,0.054193227102662334,False,True,True,True,False,16,19,0.0006102999905124307
paper_f1_cusp__beta_4_8__n500,paper_f1_cusp,beta_4_8,500,85,0.3,0.3,0.2567323456867654,0.36181844311487416,0.10508609742810876,False,True,True,True,False,16,15,0.000515200023073703
paper_f1_cusp__beta_4_8__n500,paper_f1_cusp,beta_4_8,500,86,0.3,0.3,0.26800992885750663,0.35014435853181086,0.08213442967430423,False,True,True,True,False,14,15,0.0005152999656274915
paper_f1_cusp__beta_4_8__n500,paper_f1_cusp,beta_4_8,500,87,0.3,0.3,0.23922412271716317,0.35014435853181086,0.11092023581464769,False,True,True,True,False,11,15,0.00045280001359060407
paper_f1_cusp__beta_4_8__n500,paper_f1_cusp,beta_4_8,500,88,0.3,0.3,0.23922412271716317,0.3738696188633492,0.134645496146186,False,True,True,True,False,11,15,0.0004683000151999295
paper_f1_cusp__beta_4_8__n500,paper_f1_cusp,beta_4_8,500,89,0.3,0.3,0.2624020460335445,0.3738696188633492,0.11146757282980468,False,True,True,True,False,12,14,0.0005804999964311719
paper_f1_cusp__beta_4_8__n500,paper_f1_cusp,beta_4_8,500,90,0.3,0.3,0.27356695129620123,0.3444219962961773,0.07085504499997608,False,True,True,True,False,15,16,0.0004973000031895936
paper_f1_cusp__beta_4_8__n500,paper_f1_cusp,beta_4_8,500,91,0.3,0.3,0.2624020460335445,0.35014435853181086,0.08774231249826636,False,True,True,True,False,14,16,0.0005291000124998391
paper_f1_cusp__beta_4_8__n500,paper_f1_cusp,beta_4_8,500,92,0.3,0.3,0.2624020460335445,0.35014435853181086,0.08774231249826636,False,True,True,True,False,12,14,0.0005563999875448644
paper_f1_cusp__beta_4_8__n500,paper_f1_cusp,beta_4_8,500,93,0.3,0.3,0.2624020460335445,0.35014435853181086,0.08774231249826636,False,True,True,True,False,13,15,0.0005320000345818698
paper_f1_cusp__beta_4_8__n500,paper_f1_cusp,beta_4_8,500,94,0.3,0.3,0.2624020460335445,0.3387633522444092,0.07636130621086468,False,True,True,True,False,14,17,0.0005017999792471528
paper_f1_cusp__beta_4_8__n500,paper_f1_cusp,beta_4_8,500,95,0.3,0.3,0.23922412271716317,0.35014435853181086,0.11092023581464769,False,True,True,True,False,14,14,0.00077039998723194
paper_f1_cusp__beta_4_8__n500,paper_f1_cusp,beta_4_8,500,96,0.3,0.3,0.2624020460335445,0.35014435853181086,0.08774231249826636,False,True,True,True,False,14,15,0.0008165999897755682
paper_f1_cusp__beta_4_8__n500,paper_f1_cusp,beta_4_8,500,97,0.3,0.3,0.2624020460335445,0.3220834785524643,0.059681432518919775,False,True,True,True,False,15,19,0.0005303000216372311
paper_f1_cusp__beta_4_8__n500,paper_f1_cusp,beta_4_8,500,98,0.3,0.3,0.2624020460335445,0.38639788498343836,0.12399583894989386,False,True,True,True,False,12,13,0.0005817999481223524
paper_f1_cusp__beta_4_8__n500,paper_f1_cusp,beta_4_8,500,99,0.3,0.3,0.26800992885750663,0.35014435853181086,0.08213442967430423,False,True,True,True,False,16,15,0.0007055000169202685
paper_f1_cusp__beta_4_8__n500,paper_f1_cusp,beta_4_8,500,100,0.3,0.3,0.2624020460335445,0.35014435853181086,0.08774231249826636,False,True,True,True,False,15,14,0.0007794999983161688
paper_f1_cusp__beta_4_8__n500,paper_f1_cusp,beta_4_8,500,101,0.3,0.3,0.23922412271716317,0.3738696188633492,0.134645496146186,False,True,True,True,False,14,13,0.0007535000331699848
paper_f1_cusp__beta_4_8__n500,paper_f1_cusp,beta_4_8,500,102,0.3,0.3,0.29002988697592097,0.3738696188633492,0.08383973188742821,False,True,True,True,False,15,14,0.0007211999618448317
paper_f1_cusp__beta_4_8__n500,paper_f1_cusp,beta_4_8,500,103,0.3,0.3,0.2624020460335445,0.3738696188633492,0.11146757282980468,False,True,True,True,False,14,14,0.0005684000207111239
paper_f1_cusp__beta_4_8__n500,paper_f1_cusp,beta_4_8,500,104,0.3,0.3,0.26800992885750663,0.3387633522444092,0.07075342338690255,False,True,True,True,False,14,19,0.0007751000230200589
paper_f1_cusp__beta_4_8__n500,paper_f1_cusp,beta_4_8,500,105,0.3,0.3,0.2624020460335445,0.3738696188633492,0.11146757282980468,False,True,True,True,False,15,14,0.0005950999911874533
paper_f1_cusp__beta_4_8__n500,paper_f1_cusp,beta_4_8,500,106,0.3,0.3,0.27908316391352345,0.3738696188633492,0.09478645494982574,False,True,True,True,False,15,13,0.0004919000202789903
paper_f1_cusp__beta_4_8__n500,paper_f1_cusp,beta_4_8,500,107,0.3,0.3,0.23922412271716317,0.35014435853181086,0.11092023581464769,False,True,True,True,False,11,14,0.0005165000329725444
paper_f1_cusp__beta_4_8__n500,paper_f1_cusp,beta_4_8,500,108,0.3,0.3,0.23922412271716317,0.35014435853181086,0.11092023581464769,False,True,True,True,False,12,14,0.0004789999802596867
paper_f1_cusp__beta_4_8__n500,paper_f1_cusp,beta_4_8,500,109,0.3,0.3,0.23922412271716317,0.3738696188633492,0.134645496146186,False,True,True,True,False,11,14,0.0005017000366933644
paper_f1_cusp__beta_4_8__n500,paper_f1_cusp,beta_4_8,500,110,0.3,0.3,0.26800992885750663,0.3387633522444092,0.07075342338690255,False,True,True,True,False,15,14,0.0007147000287659466
paper_f1_cusp__beta_4_8__n500,paper_f1_cusp,beta_4_8,500,111,0.3,0.3,0.2624020460335445,0.3738696188633492,0.11146757282980468,False,True,True,True,False,13,15,0.0006840000278316438
paper_f1_cusp__beta_4_8__n500,paper_f1_cusp,beta_4_8,500,112,0.3,0.3,0.23922412271716317,0.3738696188633492,0.134645496146186,False,True,True,True,False,13,13,0.0006796000525355339
paper_f1_cusp__beta_4_8__n500,paper_f1_cusp,beta_4_8,500,113,0.3,0.3,0.2624020460335445,0.3738696188633492,0.11146757282980468,False,True,True,True,False,13,14,0.0005383999668993056
paper_f1_cusp__beta_4_8__n500,paper_f1_cusp,beta_4_8,500,114,0.3,0.3,0.2624020460335445,0.3738696188633492,0.11146757282980468,False,True,True,True,False,13,14,0.0005507000023499131
paper_f1_cusp__beta_4_8__n500,paper_f1_cusp,beta_4_8,500,115,0.3,0.3,0.2624020460335445,0.3738696188633492,0.11146757282980468,False,True,True,True,False,12,14,0.0004811999970115721
paper_f1_cusp__beta_4_8__n500,paper_f1_cusp,beta_4_8,500,116,0.3,0.3,0.2624020460335445,0.35014435853181086,0.08774231249826636,False,True,True,True,False,14,15,0.0004819999448955059
paper_f1_cusp__beta_4_8__n500,paper_f1_cusp,beta_4_8,500,117,0.3,0.3,0.2624020460335445,0.35014435853181086,0.08774231249826636,False,True,True,True,False,12,15,0.000534099992364645
paper_f1_cusp__beta_4_8__n500,paper_f1_cusp,beta_4_8,500,118,0.3,0.3,0.27356695129620123,0.3387633522444092,0.06519640094820794,False,True,True,False,False,17,17,0.0005849999724887311
paper_f1_cusp__beta_4_8__n500,paper_f1_cusp,beta_4_8,500,119,0.3,0.3,0.2509887426083319,0.3738696188633492,0.12288087625501726,False,True,True,False,False,13,14,0.0006030999938957393
paper_f1_cusp__beta_4_8__n500,paper_f1_cusp,beta_4_8,500,120,0.3,0.3,0.2624020460335445,0.3387633522444092,0.07636130621086468,False,True,True,True,False,12,16,0.0005339999916031957
paper_f1_cusp__beta_4_8__n500,paper_f1_cusp,beta_4_8,500,121,0.3,0.3,0.26800992885750663,0.3738696188633492,0.10585969000584255,False,True,True,True,False,14,12,0.00047560001257807016
paper_f1_cusp__beta_4_8__n500,paper_f1_cusp,beta_4_8,500,122,0.3,0.3,0.26800992885750663,0.3387633522444092,0.07075342338690255,False,True,True,True,False,15,16,0.0004521000082604587
paper_f1_cusp__beta_4_8__n500,paper_f1_cusp,beta_4_8,500,123,0.3,0.3,0.28456789204568683,0.3220834785524643,0.03751558650677744,False,True,True,True,False,15,20,0.0005058000097051263
paper_f1_cusp__beta_4_8__n500,paper_f1_cusp,beta_4_8,500,124,0.3,0.3,0.26800992885750663,0.3387633522444092,0.07075342338690255,False,True,True,True,False,16,17,0.00041960005182772875
paper_f1_cusp__beta_4_8__n500,paper_f1_cusp,beta_4_8,500,125,0.3,0.3,0.2624020460335445,0.3387633522444092,0.07636130621086468,False,True,True,True,False,13,16,0.00041769997915253043
paper_f1_cusp__beta_4_8__n500,paper_f1_cusp,beta_4_8,500,126,0.3,0.3,0.2624020460335445,0.35014435853181086,0.08774231249826636,False,True,True,True,False,15,15,0.0004951999871991575
paper_f1_cusp__beta_4_8__n500,paper_f1_cusp,beta_4_8,500,127,0.3,0.3,0.5906099432324707,0.3738696188633492,nan,True,False,False,False,False,14,14,0.0005091999773867428
paper_f1_cusp__beta_4_8__n500,paper_f1_cusp,beta_4_8,500,128,0.3,0.3,0.23922412271716317,0.35014435853181086,0.11092023581464769,False,True,True,True,False,11,16,0.0005062000127509236
paper_f1_cusp__beta_4_8__n500,paper_f1_cusp,beta_4_8,500,129,0.3,0.3,0.2624020460335445,0.35014435853181086,0.08774231249826636,False,True,True,True,False,12,16,0.0006758000236004591
paper_f1_cusp__beta_4_8__n500,paper_f1_cusp,beta_4_8,500,130,0.3,0.3,0.27356695129620123,0.3444219962961773,0.07085504499997608,False,True,True,True,False,15,16,0.000781899958383292
paper_f1_cusp__beta_4_8__n500,paper_f1_cusp,beta_4_8,500,131,0.3,0.3,0.26800992885750663,0.3387633522444092,0.07075342338690255,False,True,True,True,False,16,16,0.0006430999492295086
paper_f1_cusp__beta_4_8__n500,paper_f1_cusp,beta_4_8,500,132,0.3,0.3,0.2624020460335445,0.35014435853181086,0.08774231249826636,False,True,True,True,False,13,14,0.0006385999731719494
paper_f1_cusp__beta_4_8__n500,paper_f1_cusp,beta_4_8,500,133,0.3,0.3,0.23922412271716317,0.3738696188633492,0.134645496146186,False,True,True,True,False,11,14,0.0008088999893516302
paper_f1_cusp__beta_4_8__n500,paper_f1_cusp,beta_4_8,500,134,0.3,0.3,0.2624020460335445,0.3738696188633492,0.11146757282980468,False,True,True,True,False,13,13,0.0011978000402450562
paper_f1_cusp__beta_4_8__n500,paper_f1_cusp,beta_4_8,500,135,0.3,0.3,0.2624020460335445,0.35014435853181086,0.08774231249826636,False,True,True,True,False,13,15,0.0014915000065229833
paper_f1_cusp__beta_4_8__n500,paper_f1_cusp,beta_4_8,500,136,0.3,0.3,0.2624020460335445,0.35014435853181086,0.08774231249826636,False,True,True,True,False,13,15,0.0008040000102482736
paper_f1_cusp__beta_4_8__n500,paper_f1_cusp,beta_4_8,500,137,0.3,0.3,0.23922412271716317,0.3738696188633492,0.134645496146186,False,True,True,True,False,12,14,0.000666600011754781
paper_f1_cusp__beta_4_8__n500,paper_f1_cusp,beta_4_8,500,138,0.3,0.3,0.2624020460335445,0.35014435853181086,0.08774231249826636,False,True,True,True,False,13,15,0.0006211000145412982
paper_f1_cusp__beta_4_8__n500,paper_f1_cusp,beta_4_8,500,139,0.3,0.3,0.2624020460335445,0.35014435853181086,0.08774231249826636,False,True,True,True,False,13,15,0.0005120999994687736
paper_f1_cusp__beta_4_8__n500,paper_f1_cusp,beta_4_8,500,140,0.3,0.3,0.2624020460335445,0.35014435853181086,0.08774231249826636,False,True,True,True,False,14,15,0.0006151999696157873
paper_f1_cusp__beta_4_8__n500,paper_f1_cusp,beta_4_8,500,141,0.3,0.3,0.26800992885750663,0.3738696188633492,0.10585969000584255,False,True,True,True,False,14,14,0.0006152000278234482
paper_f1_cusp__beta_4_8__n500,paper_f1_cusp,beta_4_8,500,142,0.3,0.3,0.2624020460335445,0.3738696188633492,0.11146757282980468,False,True,True,True,False,15,13,0.001104000024497509
paper_f1_cusp__beta_4_8__n500,paper_f1_cusp,beta_4_8,500,143,0.3,0.3,0.2624020460335445,0.3387633522444092,0.07636130621086468,False,True,True,True,False,15,15,0.0005371999577619135
paper_f1_cusp__beta_4_8__n500,paper_f1_cusp,beta_4_8,500,144,0.3,0.3,0.23922412271716317,0.35014435853181086,0.11092023581464769,False,True,True,True,False,11,15,0.0005490999901667237
paper_f1_cusp__beta_4_8__n500,paper_f1_cusp,beta_4_8,500,145,0.3,0.3,0.2624020460335445,0.3387633522444092,0.07636130621086468,False,True,True,True,False,14,15,0.0005078999674879014
paper_f1_cusp__beta_4_8__n500,paper_f1_cusp,beta_4_8,500,146,0.3,0.3,0.23922412271716317,0.3444219962961773,0.10519787357901414,False,True,True,True,False,11,15,0.0006495999987237155
paper_f1_cusp__beta_4_8__n500,paper_f1_cusp,beta_4_8,500,147,0.3,0.3,0.26800992885750663,0.35014435853181086,0.08213442967430423,False,True,True,True,False,17,15,0.0006188999977894127
paper_f1_cusp__beta_4_8__n500,paper_f1_cusp,beta_4_8,500,148,0.3,0.3,0.2624020460335445,0.35014435853181086,0.08774231249826636,False,True,True,True,False,13,15,0.0006107999943196774
paper_f1_cusp__beta_4_8__n500,paper_f1_cusp,beta_4_8,500,149,0.3,0.3,0.23922412271716317,0.3738696188633492,0.134645496146186,False,True,True,True,False,11,14,0.00059710000641644
paper_f1_cusp__beta_4_8__n500,paper_f1_cusp,beta_4_8,500,150,0.3,0.3,0.2624020460335445,0.3387633522444092,0.07636130621086468,False,True,True,True,False,14,15,0.0007051000138744712
paper_f1_cusp__beta_4_8__n500,paper_f1_cusp,beta_4_8,500,151,0.3,0.3,0.26800992885750663,0.35014435853181086,0.08213442967430423,False,True,True,True,False,17,14,0.0008231999818235636
paper_f1_cusp__beta_4_8__n500,paper_f1_cusp,beta_4_8,500,152,0.3,0.3,0.2624020460335445,0.3387633522444092,0.07636130621086468,False,True,True,True,False,14,17,0.001298299990594387
paper_f1_cusp__beta_4_8__n500,paper_f1_cusp,beta_4_8,500,153,0.3,0.3,0.2624020460335445,0.35014435853181086,0.08774231249826636,False,True,True,True,False,16,15,0.0009490999509580433
paper_f1_cusp__beta_4_8__n500,paper_f1_cusp,beta_4_8,500,154,0.3,0.3,0.26800992885750663,0.3444219962961773,0.07641206743867068,False,True,True,True,False,17,16,0.000935999967623502
paper_f1_cusp__beta_4_8__n500,paper_f1_cusp,beta_4_8,500,155,0.3,0.3,0.23922412271716317,0.2961577858596159,0.05693366314245271,False,False,True,False,False,12,17,0.0010585999698378146
paper_f1_cusp__beta_4_8__n500,paper_f1_cusp,beta_4_8,500,156,0.3,0.3,0.2624020460335445,0.35014435853181086,0.08774231249826636,False,True,True,True,False,14,15,0.000963500002399087
paper_f1_cusp__beta_4_8__n500,paper_f1_cusp,beta_4_8,500,157,0.3,0.3,0.2624020460335445,0.35014435853181086,0.08774231249826636,False,True,True,True,False,12,15,0.0008449999731965363
paper_f1_cusp__beta_4_8__n500,paper_f1_cusp,beta_4_8,500,158,0.3,0.3,0.2624020460335445,0.3738696188633492,0.11146757282980468,False,True,True,True,False,13,13,0.0007891999557614326
paper_f1_cusp__beta_4_8__n500,paper_f1_cusp,beta_4_8,500,159,0.3,0.3,0.2624020460335445,0.35014435853181086,0.08774231249826636,False,True,True,True,False,14,15,0.000862700049765408
paper_f1_cusp__beta_4_8__n500,paper_f1_cusp,beta_4_8,500,160,0.3,0.3,0.2624020460335445,0.3387633522444092,0.07636130621086468,False,True,True,True,False,14,16,0.001025600009597838
paper_f1_cusp__beta_4_8__n500,paper_f1_cusp,beta_4_8,500,161,0.3,0.3,0.28456789204568683,0.3193360265724081,0.034768134526721284,False,True,True,True,False,15,22,0.0012730999733321369
paper_f1_cusp__beta_4_8__n500,paper_f1_cusp,beta_4_8,500,162,0.3,0.3,0.2624020460335445,0.35014435853181086,0.08774231249826636,False,True,True,True,False,12,15,0.000972100009676069
paper_f1_cusp__beta_4_8__n500,paper_f1_cusp,beta_4_8,500,163,0.3,0.3,0.28182890473154487,0.3387633522444092,0.056934447512864306,False,True,True,True,False,16,19,0.0008757000323385
paper_f1_cusp__beta_4_8__n500,paper_f1_cusp,beta_4_8,500,164,0.3,0.3,0.2624020460335445,0.35014435853181086,0.08774231249826636,False,True,True,True,False,13,15,0.0008938000537455082
paper_f1_cusp__beta_4_8__n500,paper_f1_cusp,beta_4_8,500,165,0.3,0.3,0.23922412271716317,0.35014435853181086,0.11092023581464769,False,True,True,True,False,13,16,0.0008747999672777951
paper_f1_cusp__beta_4_8__n500,paper_f1_cusp,beta_4_8,500,166,0.3,0.3,0.2624020460335445,0.3387633522444092,0.07636130621086468,False,True,True,True,False,14,15,0.0008696000440977514
paper_f1_cusp__beta_4_8__n500,paper_f1_cusp,beta_4_8,500,167,0.3,0.3,0.2624020460335445,0.3738696188633492,0.11146757282980468,False,True,True,True,False,14,14,0.0008436000207439065
paper_f1_cusp__beta_4_8__n500,paper_f1_cusp,beta_4_8,500,168,0.3,0.3,0.2624020460335445,0.3738696188633492,0.11146757282980468,False,True,True,True,False,14,14,0.000820100016426295
paper_f1_cusp__beta_4_8__n500,paper_f1_cusp,beta_4_8,500,169,0.3,0.3,0.2624020460335445,0.3387633522444092,0.07636130621086468,False,True,True,True,False,12,17,0.0011402000091038644
paper_f1_cusp__beta_4_8__n500,paper_f1_cusp,beta_4_8,500,170,0.3,0.3,0.2913928151095648,0.3738696188633492,0.08247680375378441,False,True,True,True,False,14,14,0.0009255000040866435
paper_f1_cusp__beta_4_8__n500,paper_f1_cusp,beta_4_8,500,171,0.3,0.3,0.2624020460335445,0.35014435853181086,0.08774231249826636,False,True,True,True,False,14,16,0.000923299987334758
paper_f1_cusp__beta_4_8__n500,paper_f1_cusp,beta_4_8,500,172,0.3,0.3,0.2624020460335445,0.3387633522444092,0.07636130621086468,False,True,True,True,False,15,16,0.0009148999815806746
paper_f1_cusp__beta_4_8__n500,paper_f1_cusp,beta_4_8,500,173,0.3,0.3,0.23922412271716317,0.3738696188633492,0.134645496146186,False,True,True,True,False,12,12,0.0008948000031523407
paper_f1_cusp__beta_4_8__n500,paper_f1_cusp,beta_4_8,500,174,0.3,0.3,0.2624020460335445,0.35014435853181086,0.08774231249826636,False,True,True,True,False,13,14,0.0012722999672405422
paper_f1_cusp__beta_4_8__n500,paper_f1_cusp,beta_4_8,500,175,0.3,0.3,0.2624020460335445,0.35014435853181086,0.08774231249826636,False,True,True,True,False,14,15,0.0010035000159405172
paper_f1_cusp__beta_4_8__n500,paper_f1_cusp,beta_4_8,500,176,0.3,0.3,0.2624020460335445,0.35014435853181086,0.08774231249826636,False,True,True,True,False,13,14,0.0009693999891169369
paper_f1_cusp__beta_4_8__n500,paper_f1_cusp,beta_4_8,500,177,0.3,0.3,0.2624020460335445,0.3738696188633492,0.11146757282980468,False,True,True,True,False,14,14,0.0007993999752216041
paper_f1_cusp__beta_4_8__n500,paper_f1_cusp,beta_4_8,500,178,0.3,0.3,0.23922412271716317,0.36181844311487416,0.12259432039771098,False,True,True,True,False,12,15,0.0008742999634705484
paper_f1_cusp__beta_4_8__n500,paper_f1_cusp,beta_4_8,500,179,0.3,0.3,0.2624020460335445,0.3387633522444092,0.07636130621086468,False,True,True,True,False,14,16,0.0008237999863922596
paper_f1_cusp__beta_4_8__n500,paper_f1_cusp,beta_4_8,500,180,0.3,0.3,0.23922412271716317,0.3738696188633492,0.134645496146186,False,True,True,True,False,12,14,0.000785500044003129
paper_f1_cusp__beta_4_8__n500,paper_f1_cusp,beta_4_8,500,181,0.3,0.3,0.2624020460335445,0.35014435853181086,0.08774231249826636,False,True,True,True,False,14,15,0.0008706999942660332
paper_f1_cusp__beta_4_8__n500,paper_f1_cusp,beta_4_8,500,182,0.3,0.3,0.2624020460335445,0.3387633522444092,0.07636130621086468,False,True,True,True,False,14,18,0.0008995999814942479
paper_f1_cusp__beta_4_8__n500,paper_f1_cusp,beta_4_8,500,183,0.3,0.3,0.22697643714297383,0.3387633522444092,0.11178691510143535,False,True,True,False,False,11,15,0.0008553999941796064
paper_f1_cusp__beta_4_8__n500,paper_f1_cusp,beta_4_8,500,184,0.3,0.3,0.26800992885750663,0.35014435853181086,0.08213442967430423,False,True,True,True,False,16,15,0.0010897000320255756
paper_f1_cusp__beta_4_8__n500,paper_f1_cusp,beta_4_8,500,185,0.3,0.3,0.2624020460335445,0.3387633522444092,0.07636130621086468,False,True,True,True,False,13,16,0.001047199999447912
paper_f1_cusp__beta_4_8__n500,paper_f1_cusp,beta_4_8,500,186,0.3,0.3,0.2624020460335445,0.3387633522444092,0.07636130621086468,False,True,True,True,False,16,18,0.0009275999618694186
paper_f1_cusp__beta_4_8__n500,paper_f1_cusp,beta_4_8,500,187,0.3,0.3,0.2624020460335445,0.35014435853181086,0.08774231249826636,False,True,True,True,False,14,15,0.0008981999708339572
paper_f1_cusp__beta_4_8__n500,paper_f1_cusp,beta_4_8,500,188,0.3,0.3,0.2624020460335445,0.3387633522444092,0.07636130621086468,False,True,True,True,False,14,18,0.0009340000106021762
paper_f1_cusp__beta_4_8__n500,paper_f1_cusp,beta_4_8,500,189,0.3,0.3,0.2624020460335445,0.3738696188633492,0.11146757282980468,False,True,True,True,False,16,13,0.001048400008585304
paper_f1_cusp__beta_4_8__n500,paper_f1_cusp,beta_4_8,500,190,0.3,0.3,0.2624020460335445,0.3738696188633492,0.11146757282980468,False,True,True,True,False,13,13,0.0008926999871619046
paper_f1_cusp__beta_4_8__n500,paper_f1_cusp,beta_4_8,500,191,0.3,0.3,0.28456789204568683,0.3387633522444092,0.054195460198722345,False,True,True,True,False,13,16,0.0008659000159241259
paper_f1_cusp__beta_4_8__n500,paper_f1_cusp,beta_4_8,500,192,0.3,0.3,0.2624020460335445,0.3387633522444092,0.07636130621086468,False,True,True,True,False,14,17,0.0008862999966368079
paper_f1_cusp__beta_4_8__n500,paper_f1_cusp,beta_4_8,500,193,0.3,0.3,0.2624020460335445,0.35014435853181086,0.08774231249826636,False,True,True,True,False,14,14,0.0008281999616883695
paper_f1_cusp__beta_4_8__n500,paper_f1_cusp,beta_4_8,500,194,0.3,0.3,0.2624020460335445,0.35014435853181086,0.08774231249826636,False,True,True,True,False,15,15,0.000991899985820055
paper_f1_cusp__beta_4_8__n500,paper_f1_cusp,beta_4_8,500,195,0.3,0.3,0.2624020460335445,0.14301586413894388,nan,True,False,False,False,False,14,18,0.0009252000018022954
paper_f1_cusp__beta_4_8__n500,paper_f1_cusp,beta_4_8,500,196,0.3,0.3,0.2624020460335445,0.3387633522444092,0.07636130621086468,False,True,True,True,False,14,15,0.0009269000147469342
paper_f1_cusp__beta_4_8__n500,paper_f1_cusp,beta_4_8,500,197,0.3,0.3,0.23922412271716317,0.36181844311487416,0.12259432039771098,False,True,True,True,False,11,14,0.000805600022431463
paper_f1_cusp__beta_4_8__n500,paper_f1_cusp,beta_4_8,500,198,0.3,0.3,0.2624020460335445,0.35014435853181086,0.08774231249826636,False,True,True,True,False,14,15,0.0009065999765880406
paper_f1_cusp__beta_4_8__n500,paper_f1_cusp,beta_4_8,500,199,0.3,0.3,0.2624020460335445,0.35014435853181086,0.08774231249826636,False,True,True,True,False,15,15,0.0008175999973900616
paper_f2_onset__beta_4_8__n500,paper_f2_onset,beta_4_8,500,0,0.3,0.3,0.18510407546200522,1.0,0.8148959245379948,False,True,True,True,False,5,0,0.0008869999437592924
paper_f2_onset__beta_4_8__n500,paper_f2_onset,beta_4_8,500,1,0.3,0.3,0.18510407546200522,1.0,0.8148959245379948,False,True,True,True,False,2,0,0.0008258000016212463
paper_f2_onset__beta_4_8__n500,paper_f2_onset,beta_4_8,500,2,0.3,0.3,0.23922412271716317,1.0,0.7607758772828368,False,True,True,True,False,5,0,0.0007191000040620565
paper_f2_onset__beta_4_8__n500,paper_f2_onset,beta_4_8,500,3,0.3,0.3,0.05351478110023497,1.0,0.946485218899765,False,True,True,True,False,1,0,0.0007688999758102
paper_f2_onset__beta_4_8__n500,paper_f2_onset,beta_4_8,500,4,0.3,0.3,0.18510407546200522,1.0,0.8148959245379948,False,True,True,True,False,3,0,0.0008307000389322639
paper_f2_onset__beta_4_8__n500,paper_f2_onset,beta_4_8,500,5,0.3,0.3,0.18510407546200522,1.0,0.8148959245379948,False,True,True,True,False,3,0,0.0012402000138536096
paper_f2_onset__beta_4_8__n500,paper_f2_onset,beta_4_8,500,6,0.3,0.3,0.23922412271716317,1.0,0.7607758772828368,False,True,True,True,False,5,0,0.0008764999802224338
paper_f2_onset__beta_4_8__n500,paper_f2_onset,beta_4_8,500,7,0.3,0.3,0.18510407546200522,1.0,0.8148959245379948,False,True,True,True,False,5,0,0.0009215999743901193
paper_f2_onset__beta_4_8__n500,paper_f2_onset,beta_4_8,500,8,0.3,0.3,0.21406776462522864,1.0,0.7859322353747713,False,True,True,True,False,5,0,0.000797899963799864
paper_f2_onset__beta_4_8__n500,paper_f2_onset,beta_4_8,500,9,0.3,0.3,0.18510407546200522,1.0,0.8148959245379948,False,True,True,True,False,4,0,0.0007204000139608979
paper_f2_onset__beta_4_8__n500,paper_f2_onset,beta_4_8,500,10,0.3,0.3,0.18510407546200522,1.0,0.8148959245379948,False,True,True,True,False,3,0,0.0007699999841861427
paper_f2_onset__beta_4_8__n500,paper_f2_onset,beta_4_8,500,11,0.3,0.3,0.23922412271716317,1.0,0.7607758772828368,False,True,True,True,False,6,0,0.0008317999891005456
paper_f2_onset__beta_4_8__n500,paper_f2_onset,beta_4_8,500,12,0.3,0.3,0.18510407546200522,1.0,0.8148959245379948,False,True,True,True,False,4,0,0.001041300012730062
paper_f2_onset__beta_4_8__n500,paper_f2_onset,beta_4_8,500,13,0.3,0.3,0.21406776462522864,1.0,0.7859322353747713,False,True,True,True,False,5,0,0.0007526000263169408
paper_f2_onset__beta_4_8__n500,paper_f2_onset,beta_4_8,500,14,0.3,0.3,0.21406776462522864,1.0,0.7859322353747713,False,True,True,True,False,3,0,0.0006747000152245164
paper_f2_onset__beta_4_8__n500,paper_f2_onset,beta_4_8,500,15,0.3,0.3,0.18510407546200522,1.0,0.8148959245379948,False,True,True,True,False,4,0,0.0005319999763742089
paper_f2_onset__beta_4_8__n500,paper_f2_onset,beta_4_8,500,16,0.3,0.3,0.18510407546200522,1.0,0.8148959245379948,False,True,True,True,False,4,0,0.0005382999661378562
paper_f2_onset__beta_4_8__n500,paper_f2_onset,beta_4_8,500,17,0.3,0.3,0.21406776462522864,1.0,0.7859322353747713,False,True,True,True,False,6,0,0.0011267000227235258
paper_f2_onset__beta_4_8__n500,paper_f2_onset,beta_4_8,500,18,0.3,0.3,0.23922412271716317,1.0,0.7607758772828368,False,True,True,True,False,5,0,0.0010617999942041934
paper_f2_onset__beta_4_8__n500,paper_f2_onset,beta_4_8,500,19,0.3,0.3,0.18510407546200522,1.0,0.8148959245379948,False,True,True,True,False,2,0,0.0008656000136397779
paper_f2_onset__beta_4_8__n500,paper_f2_onset,beta_4_8,500,20,0.3,0.3,0.18510407546200522,1.0,0.8148959245379948,False,True,True,True,False,6,0,0.0010430000256747007
paper_f2_onset__beta_4_8__n500,paper_f2_onset,beta_4_8,500,21,0.3,0.3,0.21406776462522864,1.0,0.7859322353747713,False,True,True,True,False,5,0,0.0008319000480696559
paper_f2_onset__beta_4_8__n500,paper_f2_onset,beta_4_8,500,22,0.3,0.3,0.23922412271716317,1.0,0.7607758772828368,False,True,True,True,False,4,0,0.0008827999699860811
paper_f2_onset__beta_4_8__n500,paper_f2_onset,beta_4_8,500,23,0.3,0.3,0.18510407546200522,1.0,0.8148959245379948,False,True,True,True,False,3,0,0.001241200021468103
paper_f2_onset__beta_4_8__n500,paper_f2_onset,beta_4_8,500,24,0.3,0.3,0.23922412271716317,1.0,0.7607758772828368,False,True,True,True,False,3,0,0.001110800018068403
paper_f2_onset__beta_4_8__n500,paper_f2_onset,beta_4_8,500,25,0.3,0.3,0.21406776462522864,1.0,0.7859322353747713,False,True,True,True,False,4,0,0.0010438999743200839
paper_f2_onset__beta_4_8__n500,paper_f2_onset,beta_4_8,500,26,0.3,0.3,0.18510407546200522,1.0,0.8148959245379948,False,True,True,True,False,3,0,0.0008083000429905951
paper_f2_onset__beta_4_8__n500,paper_f2_onset,beta_4_8,500,27,0.3,0.3,0.18510407546200522,1.0,0.8148959245379948,False,True,True,True,False,3,0,0.00103859999217093
paper_f2_onset__beta_4_8__n500,paper_f2_onset,beta_4_8,500,28,0.3,0.3,0.18510407546200522,1.0,0.8148959245379948,False,True,True,True,False,5,0,0.0011214999831281602
paper_f2_onset__beta_4_8__n500,paper_f2_onset,beta_4_8,500,29,0.3,0.3,0.18510407546200522,1.0,0.8148959245379948,False,True,True,True,False,3,0,0.0008873000042513013
paper_f2_onset__beta_4_8__n500,paper_f2_onset,beta_4_8,500,30,0.3,0.3,0.18510407546200522,1.0,0.8148959245379948,False,True,True,True,False,3,0,0.0013343000318855047
paper_f2_onset__beta_4_8__n500,paper_f2_onset,beta_4_8,500,31,0.3,0.3,0.21406776462522864,1.0,0.7859322353747713,False,True,True,True,False,3,0,0.00108299998100847
paper_f2_onset__beta_4_8__n500,paper_f2_onset,beta_4_8,500,32,0.3,0.3,0.21406776462522864,1.0,0.7859322353747713,False,True,True,True,False,4,0,0.000977700052317232
paper_f2_onset__beta_4_8__n500,paper_f2_onset,beta_4_8,500,33,0.3,0.3,0.18510407546200522,1.0,0.8148959245379948,False,True,True,True,False,2,0,0.00101200002245605
paper_f2_onset__beta_4_8__n500,paper_f2_onset,beta_4_8,500,34,0.3,0.3,0.18510407546200522,1.0,0.8148959245379948,False,True,True,True,False,4,0,0.0009668000275269151
paper_f2_onset__beta_4_8__n500,paper_f2_onset,beta_4_8,500,35,0.3,0.3,0.18510407546200522,1.0,0.8148959245379948,False,True,True,True,False,2,0,0.0008967999601736665
paper_f2_onset__beta_4_8__n500,paper_f2_onset,beta_4_8,500,36,0.3,0.3,0.18510407546200522,1.0,0.8148959245379948,False,True,True,True,False,4,0,0.0009518000297248363
paper_f2_onset__beta_4_8__n500,paper_f2_onset,beta_4_8,500,37,0.3,0.3,0.18510407546200522,1.0,0.8148959245379948,False,True,True,True,False,4,0,0.0008722000056877732
paper_f2_onset__beta_4_8__n500,paper_f2_onset,beta_4_8,500,38,0.3,0.3,0.21406776462522864,1.0,0.7859322353747713,False,True,True,True,False,4,0,0.001305699988733977
paper_f2_onset__beta_4_8__n500,paper_f2_onset,beta_4_8,500,39,0.3,0.3,0.18510407546200522,1.0,0.8148959245379948,False,True,True,True,False,3,0,0.0009800000116229057
paper_f2_onset__beta_4_8__n500,paper_f2_onset,beta_4_8,500,40,0.3,0.3,0.18510407546200522,1.0,0.8148959245379948,False,True,True,True,False,5,0,0.0009590999688953161
paper_f2_onset__beta_4_8__n500,paper_f2_onset,beta_4_8,500,41,0.3,0.3,0.18510407546200522,1.0,0.8148959245379948,False,True,True,True,False,5,0,0.0010129999718628824
paper_f2_onset__beta_4_8__n500,paper_f2_onset,beta_4_8,500,42,0.3,0.3,0.21406776462522864,0.2285393186006804,0.014471553975451773,False,False,True,False,False,6,1,0.0009909000364132226
paper_f2_onset__beta_4_8__n500,paper_f2_onset,beta_4_8,500,43,0.3,0.3,0.18510407546200522,1.0,0.8148959245379948,False,True,True,True,False,3,0,0.006618799990974367
paper_f2_onset__beta_4_8__n500,paper_f2_onset,beta_4_8,500,44,0.3,0.3,0.18510407546200522,1.0,0.8148959245379948,False,True,True,True,False,3,0,0.0010180000099353492
paper_f2_onset__beta_4_8__n500,paper_f2_onset,beta_4_8,500,45,0.3,0.3,0.18510407546200522,1.0,0.8148959245379948,False,True,True,True,False,3,0,0.0009275999618694186
paper_f2_onset__beta_4_8__n500,paper_f2_onset,beta_4_8,500,46,0.3,0.3,0.18510407546200522,1.0,0.8148959245379948,False,True,True,True,False,5,0,0.000965900020673871
paper_f2_onset__beta_4_8__n500,paper_f2_onset,beta_4_8,500,47,0.3,0.3,0.21406776462522864,1.0,0.7859322353747713,False,True,True,True,False,3,0,0.000762399984523654
paper_f2_onset__beta_4_8__n500,paper_f2_onset,beta_4_8,500,48,0.3,0.3,0.18510407546200522,1.0,0.8148959245379948,False,True,True,True,False,4,0,0.0008199999574571848
paper_f2_onset__beta_4_8__n500,paper_f2_onset,beta_4_8,500,49,0.3,0.3,0.18510407546200522,1.0,0.8148959245379948,False,True,True,True,False,3,0,0.0011117999674752355
paper_f2_onset__beta_4_8__n500,paper_f2_onset,beta_4_8,500,50,0.3,0.3,0.18510407546200522,1.0,0.8148959245379948,False,True,True,True,False,4,0,0.000971800007391721
paper_f2_onset__beta_4_8__n500,paper_f2_onset,beta_4_8,500,51,0.3,0.3,0.18510407546200522,1.0,0.8148959245379948,False,True,True,True,False,3,0,0.0007955000037327409
paper_f2_onset__beta_4_8__n500,paper_f2_onset,beta_4_8,500,52,0.3,0.3,0.21406776462522864,1.0,0.7859322353747713,False,True,True,True,False,4,0,0.0009429999627172947
paper_f2_onset__beta_4_8__n500,paper_f2_onset,beta_4_8,500,53,0.3,0.3,0.21406776462522864,1.0,0.7859322353747713,False,True,True,True,False,4,0,0.0010372999822720885
paper_f2_onset__beta_4_8__n500,paper_f2_onset,beta_4_8,500,54,0.3,0.3,0.21406776462522864,1.0,0.7859322353747713,False,True,True,True,False,6,0,0.0008607999770902097
paper_f2_onset__beta_4_8__n500,paper_f2_onset,beta_4_8,500,55,0.3,0.3,0.18510407546200522,1.0,0.8148959245379948,False,True,True,True,False,5,0,0.0009089999948628247
paper_f2_onset__beta_4_8__n500,paper_f2_onset,beta_4_8,500,56,0.3,0.3,0.18510407546200522,1.0,0.8148959245379948,False,True,True,True,False,5,0,0.00089640001533553
paper_f2_onset__beta_4_8__n500,paper_f2_onset,beta_4_8,500,57,0.3,0.3,0.18510407546200522,1.0,0.8148959245379948,False,True,True,True,False,5,0,0.0009225999820046127
paper_f2_onset__beta_4_8__n500,paper_f2_onset,beta_4_8,500,58,0.3,0.3,0.18510407546200522,1.0,0.8148959245379948,False,True,True,True,False,4,0,0.0009532999829389155
paper_f2_onset__beta_4_8__n500,paper_f2_onset,beta_4_8,500,59,0.3,0.3,0.18510407546200522,1.0,0.8148959245379948,False,True,True,True,False,2,0,0.0007851999835111201
paper_f2_onset__beta_4_8__n500,paper_f2_onset,beta_4_8,500,60,0.3,0.3,0.18510407546200522,1.0,0.8148959245379948,False,True,True,True,False,3,0,0.0008336000028066337
paper_f2_onset__beta_4_8__n500,paper_f2_onset,beta_4_8,500,61,0.3,0.3,0.18510407546200522,1.0,0.8148959245379948,False,True,True,True,False,4,0,0.0009258000063709915
paper_f2_onset__beta_4_8__n500,paper_f2_onset,beta_4_8,500,62,0.3,0.3,0.21406776462522864,1.0,0.7859322353747713,False,True,True,True,False,5,0,0.0007665999582968652
paper_f2_onset__beta_4_8__n500,paper_f2_onset,beta_4_8,500,63,0.3,0.3,0.21406776462522864,1.0,0.7859322353747713,False,True,True,True,False,5,0,0.000755299988668412
paper_f2_onset__beta_4_8__n500,paper_f2_onset,beta_4_8,500,64,0.3,0.3,0.21406776462522864,1.0,0.7859322353747713,False,True,True,True,False,5,0,0.0008274000138044357
paper_f2_onset__beta_4_8__n500,paper_f2_onset,beta_4_8,500,65,0.3,0.3,0.18510407546200522,1.0,0.8148959245379948,False,True,True,True,False,5,0,0.0007663999567739666
paper_f2_onset__beta_4_8__n500,paper_f2_onset,beta_4_8,500,66,0.3,0.3,0.21406776462522864,1.0,0.7859322353747713,False,True,True,True,False,4,0,0.000896100013051182
paper_f2_onset__beta_4_8__n500,paper_f2_onset,beta_4_8,500,67,0.3,0.3,0.21406776462522864,1.0,0.7859322353747713,False,True,True,True,False,4,0,0.0009345000144094229
paper_f2_onset__beta_4_8__n500,paper_f2_onset,beta_4_8,500,68,0.3,0.3,0.21406776462522864,1.0,0.7859322353747713,False,True,True,True,False,4,0,0.0008606999763287604
paper_f2_onset__beta_4_8__n500,paper_f2_onset,beta_4_8,500,69,0.3,0.3,0.3002385138282177,1.0,0.6997614861717822,False,False,True,False,False,6,0,0.0010107000125572085
paper_f2_onset__beta_4_8__n500,paper_f2_onset,beta_4_8,500,70,0.3,0.3,0.21406776462522864,0.1724966349752317,nan,True,False,False,False,False,4,1,0.0010096000041812658
paper_f2_onset__beta_4_8__n500,paper_f2_onset,beta_4_8,500,71,0.3,0.3,0.21406776462522864,1.0,0.7859322353747713,False,True,True,True,False,3,0,0.0009922999888658524
paper_f2_onset__beta_4_8__n500,paper_f2_onset,beta_4_8,500,72,0.3,0.3,0.18510407546200522,0.3090850093828243,0.12398093392081908,False,True,True,False,False,2,1,0.0008924000430852175
paper_f2_onset__beta_4_8__n500,paper_f2_onset,beta_4_8,500,73,0.3,0.3,0.21406776462522864,1.0,0.7859322353747713,False,True,True,True,False,3,0,0.0008797000045888126
paper_f2_onset__beta_4_8__n500,paper_f2_onset,beta_4_8,500,74,0.3,0.3,0.18510407546200522,1.0,0.8148959245379948,False,True,True,True,False,4,0,0.000810900004580617
paper_f2_onset__beta_4_8__n500,paper_f2_onset,beta_4_8,500,75,0.3,0.3,0.23922412271716317,1.0,0.7607758772828368,False,True,True,True,False,4,0,0.0010529999854043126
paper_f2_onset__beta_4_8__n500,paper_f2_onset,beta_4_8,500,76,0.3,0.3,0.18510407546200522,1.0,0.8148959245379948,False,True,True,True,False,2,0,0.0008843000396154821
paper_f2_onset__beta_4_8__n500,paper_f2_onset,beta_4_8,500,77,0.3,0.3,0.18510407546200522,1.0,0.8148959245379948,False,True,True,True,False,4,0,0.0008483999990858138
paper_f2_onset__beta_4_8__n500,paper_f2_onset,beta_4_8,500,78,0.3,0.3,0.1474576519341967,1.0,0.8525423480658033,False,True,True,True,False,3,0,0.0007251000497490168
paper_f2_onset__beta_4_8__n500,paper_f2_onset,beta_4_8,500,79,0.3,0.3,0.18510407546200522,1.0,0.8148959245379948,False,True,True,True,False,2,0,0.0007180999964475632
paper_f2_onset__beta_4_8__n500,paper_f2_onset,beta_4_8,500,80,0.3,0.3,0.18510407546200522,1.0,0.8148959245379948,False,True,True,True,False,5,0,0.0007942999945953488
paper_f2_onset__beta_4_8__n500,paper_f2_onset,beta_4_8,500,81,0.3,0.3,0.18510407546200522,1.0,0.8148959245379948,False,True,True,True,False,4,0,0.0011000999948009849
paper_f2_onset__beta_4_8__n500,paper_f2_onset,beta_4_8,500,82,0.3,0.3,0.23009236149177018,1.0,0.7699076385082299,False,True,True,True,False,3,0,0.001243600039742887
paper_f2_onset__beta_4_8__n500,paper_f2_onset,beta_4_8,500,83,0.3,0.3,0.18510407546200522,1.0,0.8148959245379948,False,True,True,True,False,2,0,0.0009840000420808792
paper_f2_onset__beta_4_8__n500,paper_f2_onset,beta_4_8,500,84,0.3,0.3,0.23922412271716317,1.0,0.7607758772828368,False,True,True,True,False,5,0,0.0010056999744847417
paper_f2_onset__beta_4_8__n500,paper_f2_onset,beta_4_8,500,85,0.3,0.3,0.18510407546200522,1.0,0.8148959245379948,False,True,True,True,False,3,0,0.0009642000077292323
paper_f2_onset__beta_4_8__n500,paper_f2_onset,beta_4_8,500,86,0.3,0.3,0.18510407546200522,1.0,0.8148959245379948,False,True,True,True,False,4,0,0.0008320000488311052
paper_f2_onset__beta_4_8__n500,paper_f2_onset,beta_4_8,500,87,0.3,0.3,0.21406776462522864,1.0,0.7859322353747713,False,True,True,True,False,6,0,0.0008851999882608652
paper_f2_onset__beta_4_8__n500,paper_f2_onset,beta_4_8,500,88,0.3,0.3,0.18510407546200522,1.0,0.8148959245379948,False,True,True,True,False,4,0,0.0009493000106886029
paper_f2_onset__beta_4_8__n500,paper_f2_onset,beta_4_8,500,89,0.3,0.3,0.21406776462522864,1.0,0.7859322353747713,False,True,True,True,False,6,0,0.0009123000199906528
paper_f2_onset__beta_4_8__n500,paper_f2_onset,beta_4_8,500,90,0.3,0.3,0.21406776462522864,1.0,0.7859322353747713,False,True,True,True,False,4,0,0.000832199992146343
paper_f2_onset__beta_4_8__n500,paper_f2_onset,beta_4_8,500,91,0.3,0.3,0.18510407546200522,1.0,0.8148959245379948,False,True,True,True,False,4,0,0.0008906999719329178
paper_f2_onset__beta_4_8__n500,paper_f2_onset,beta_4_8,500,92,0.3,0.3,0.2624020460335445,1.0,0.7375979539664554,False,True,True,True,False,6,0,0.0008520999690517783
paper_f2_onset__beta_4_8__n500,paper_f2_onset,beta_4_8,500,93,0.3,0.3,0.23922412271716317,1.0,0.7607758772828368,False,True,True,True,False,4,0,0.0009650999563746154
paper_f2_onset__beta_4_8__n500,paper_f2_onset,beta_4_8,500,94,0.3,0.3,0.18510407546200522,1.0,0.8148959245379948,False,True,True,True,False,3,0,0.0008373000309802592
paper_f2_onset__beta_4_8__n500,paper_f2_onset,beta_4_8,500,95,0.3,0.3,0.18510407546200522,1.0,0.8148959245379948,False,True,True,True,False,2,0,0.0011165000032633543
paper_f2_onset__beta_4_8__n500,paper_f2_onset,beta_4_8,500,96,0.3,0.3,0.18510407546200522,1.0,0.8148959245379948,False,True,True,True,False,3,0,0.0007773999823257327
paper_f2_onset__beta_4_8__n500,paper_f2_onset,beta_4_8,500,97,0.3,0.3,0.21406776462522864,1.0,0.7859322353747713,False,True,True,True,False,5,0,0.0008162999874912202
paper_f2_onset__beta_4_8__n500,paper_f2_onset,beta_4_8,500,98,0.3,0.3,0.18510407546200522,1.0,0.8148959245379948,False,True,True,True,False,3,0,0.0010318999993614852
paper_f2_onset__beta_4_8__n500,paper_f2_onset,beta_4_8,500,99,0.3,0.3,0.18510407546200522,1.0,0.8148959245379948,False,True,True,True,False,5,0,0.000825099996291101
paper_f2_onset__beta_4_8__n500,paper_f2_onset,beta_4_8,500,100,0.3,0.3,0.18510407546200522,1.0,0.8148959245379948,False,True,True,True,False,2,0,0.0009187999530695379
paper_f2_onset__beta_4_8__n500,paper_f2_onset,beta_4_8,500,101,0.3,0.3,0.18510407546200522,1.0,0.8148959245379948,False,True,True,True,False,4,0,0.0010512999724596739
paper_f2_onset__beta_4_8__n500,paper_f2_onset,beta_4_8,500,102,0.3,0.3,0.18510407546200522,1.0,0.8148959245379948,False,True,True,True,False,4,0,0.0010023000068031251
paper_f2_onset__beta_4_8__n500,paper_f2_onset,beta_4_8,500,103,0.3,0.3,0.21406776462522864,1.0,0.7859322353747713,False,True,True,True,False,4,0,0.0010606000432744622
paper_f2_onset__beta_4_8__n500,paper_f2_onset,beta_4_8,500,104,0.3,0.3,0.1474576519341967,1.0,0.8525423480658033,False,True,True,True,False,3,0,0.0011351999710313976
paper_f2_onset__beta_4_8__n500,paper_f2_onset,beta_4_8,500,105,0.3,0.3,0.18510407546200522,1.0,0.8148959245379948,False,True,True,True,False,3,0,0.0010570999584160745
paper_f2_onset__beta_4_8__n500,paper_f2_onset,beta_4_8,500,106,0.3,0.3,0.18510407546200522,1.0,0.8148959245379948,False,True,True,True,False,4,0,0.0010286999749951065
paper_f2_onset__beta_4_8__n500,paper_f2_onset,beta_4_8,500,107,0.3,0.3,0.18510407546200522,1.0,0.8148959245379948,False,True,True,True,False,2,0,0.0009527999791316688
paper_f2_onset__beta_4_8__n500,paper_f2_onset,beta_4_8,500,108,0.3,0.3,0.18510407546200522,1.0,0.8148959245379948,False,True,True,True,False,4,0,0.0009386999881826341
paper_f2_onset__beta_4_8__n500,paper_f2_onset,beta_4_8,500,109,0.3,0.3,0.23922412271716317,1.0,0.7607758772828368,False,True,True,True,False,5,0,0.0009373999782837927
paper_f2_onset__beta_4_8__n500,paper_f2_onset,beta_4_8,500,110,0.3,0.3,0.18510407546200522,1.0,0.8148959245379948,False,True,True,True,False,3,0,0.0007247999892570078
paper_f2_onset__beta_4_8__n500,paper_f2_onset,beta_4_8,500,111,0.3,0.3,0.21406776462522864,1.0,0.7859322353747713,False,True,True,False,False,4,0,0.0006982999620959163
paper_f2_onset__beta_4_8__n500,paper_f2_onset,beta_4_8,500,112,0.3,0.3,0.18510407546200522,1.0,0.8148959245379948,False,True,True,True,False,4,0,0.0006751999608241022
paper_f2_onset__beta_4_8__n500,paper_f2_onset,beta_4_8,500,113,0.3,0.3,0.18510407546200522,1.0,0.8148959245379948,False,True,True,True,False,4,0,0.0006894000107422471
paper_f2_onset__beta_4_8__n500,paper_f2_onset,beta_4_8,500,114,0.3,0.3,0.18510407546200522,1.0,0.8148959245379948,False,True,True,True,False,4,0,0.0006690999725833535
paper_f2_onset__beta_4_8__n500,paper_f2_onset,beta_4_8,500,115,0.3,0.3,0.18510407546200522,1.0,0.8148959245379948,False,True,True,True,False,3,0,0.0008140999707393348
paper_f2_onset__beta_4_8__n500,paper_f2_onset,beta_4_8,500,116,0.3,0.3,0.21406776462522864,1.0,0.7859322353747713,False,True,True,True,False,4,0,0.0010044000227935612
paper_f2_onset__beta_4_8__n500,paper_f2_onset,beta_4_8,500,117,0.3,0.3,0.18510407546200522,1.0,0.8148959245379948,False,True,True,True,False,3,0,0.0013646000297740102
paper_f2_onset__beta_4_8__n500,paper_f2_onset,beta_4_8,500,118,0.3,0.3,0.1474576519341967,1.0,0.8525423480658033,False,True,True,True,False,3,0,0.0010976999765262008
paper_f2_onset__beta_4_8__n500,paper_f2_onset,beta_4_8,500,119,0.3,0.3,0.18510407546200522,1.0,0.8148959245379948,False,True,True,True,False,3,0,0.0010435000294819474
paper_f2_onset__beta_4_8__n500,paper_f2_onset,beta_4_8,500,120,0.3,0.3,0.18510407546200522,1.0,0.8148959245379948,False,True,True,True,False,4,0,0.0009188000112771988
paper_f2_onset__beta_4_8__n500,paper_f2_onset,beta_4_8,500,121,0.3,0.3,0.21406776462522864,1.0,0.7859322353747713,False,True,True,True,False,4,0,0.0009085999918170273
paper_f2_onset__beta_4_8__n500,paper_f2_onset,beta_4_8,500,122,0.3,0.3,0.18510407546200522,1.0,0.8148959245379948,False,True,True,True,False,3,0,0.0009537000441923738
paper_f2_onset__beta_4_8__n500,paper_f2_onset,beta_4_8,500,123,0.3,0.3,0.18510407546200522,1.0,0.8148959245379948,False,True,True,True,False,4,0,0.0010590000310912728
paper_f2_onset__beta_4_8__n500,paper_f2_onset,beta_4_8,500,124,0.3,0.3,0.18510407546200522,1.0,0.8148959245379948,False,True,True,True,False,3,0,0.0012825000449083745
paper_f2_onset__beta_4_8__n500,paper_f2_onset,beta_4_8,500,125,0.3,0.3,0.21406776462522864,1.0,0.7859322353747713,False,True,True,True,False,3,0,0.0011427000281400979
paper_f2_onset__beta_4_8__n500,paper_f2_onset,beta_4_8,500,126,0.3,0.3,0.18510407546200522,1.0,0.8148959245379948,False,True,True,True,False,3,0,0.0008605000330135226
paper_f2_onset__beta_4_8__n500,paper_f2_onset,beta_4_8,500,127,0.3,0.3,0.18510407546200522,1.0,0.8148959245379948,False,True,True,True,False,3,0,0.001137399987783283
paper_f2_onset__beta_4_8__n500,paper_f2_onset,beta_4_8,500,128,0.3,0.3,0.23922412271716317,1.0,0.7607758772828368,False,True,True,True,False,3,0,0.0011434999760240316
paper_f2_onset__beta_4_8__n500,paper_f2_onset,beta_4_8,500,129,0.3,0.3,0.23922412271716317,1.0,0.7607758772828368,False,True,True,True,False,4,0,0.0012171000125817955
paper_f2_onset__beta_4_8__n500,paper_f2_onset,beta_4_8,500,130,0.3,0.3,0.23922412271716317,1.0,0.7607758772828368,False,True,True,True,False,5,0,0.001483700005337596
paper_f2_onset__beta_4_8__n500,paper_f2_onset,beta_4_8,500,131,0.3,0.3,0.18510407546200522,1.0,0.8148959245379948,False,True,True,True,False,5,0,0.0012238000053912401
paper_f2_onset__beta_4_8__n500,paper_f2_onset,beta_4_8,500,132,0.3,0.3,0.05351478110023497,1.0,0.946485218899765,False,True,True,True,False,2,0,0.001097499975003302
paper_f2_onset__beta_4_8__n500,paper_f2_onset,beta_4_8,500,133,0.3,0.3,0.23922412271716317,1.0,0.7607758772828368,False,True,True,True,False,5,0,0.0010426999651826918
paper_f2_onset__beta_4_8__n500,paper_f2_onset,beta_4_8,500,134,0.3,0.3,0.21406776462522864,1.0,0.7859322353747713,False,True,True,True,False,5,0,0.0008449000306427479
paper_f2_onset__beta_4_8__n500,paper_f2_onset,beta_4_8,500,135,0.3,0.3,0.18510407546200522,1.0,0.8148959245379948,False,True,True,True,False,2,0,0.0009124000207521021
paper_f2_onset__beta_4_8__n500,paper_f2_onset,beta_4_8,500,136,0.3,0.3,0.21406776462522864,1.0,0.7859322353747713,False,True,True,True,False,6,0,0.0009333000052720308
paper_f2_onset__beta_4_8__n500,paper_f2_onset,beta_4_8,500,137,0.3,0.3,0.18510407546200522,1.0,0.8148959245379948,False,True,True,True,False,4,0,0.001097200030926615
paper_f2_onset__beta_4_8__n500,paper_f2_onset,beta_4_8,500,138,0.3,0.3,0.18510407546200522,1.0,0.8148959245379948,False,True,True,True,False,5,0,0.0012153999996371567
paper_f2_onset__beta_4_8__n500,paper_f2_onset,beta_4_8,500,139,0.3,0.3,0.21406776462522864,1.0,0.7859322353747713,False,True,True,True,False,3,0,0.0010500000207684934
paper_f2_onset__beta_4_8__n500,paper_f2_onset,beta_4_8,500,140,0.3,0.3,0.21406776462522864,1.0,0.7859322353747713,False,True,True,True,False,3,0,0.0010999999940395355
paper_f2_onset__beta_4_8__n500,paper_f2_onset,beta_4_8,500,141,0.3,0.3,0.23922412271716317,1.0,0.7607758772828368,False,True,True,True,False,4,0,0.0010987999849021435
paper_f2_onset__beta_4_8__n500,paper_f2_onset,beta_4_8,500,142,0.3,0.3,0.21406776462522864,1.0,0.7859322353747713,False,True,True,True,False,3,0,0.0010860000038519502
paper_f2_onset__beta_4_8__n500,paper_f2_onset,beta_4_8,500,143,0.3,0.3,0.21406776462522864,1.0,0.7859322353747713,False,True,True,True,False,4,0,0.0011683999910019338
paper_f2_onset__beta_4_8__n500,paper_f2_onset,beta_4_8,500,144,0.3,0.3,0.18510407546200522,1.0,0.8148959245379948,False,True,True,True,False,3,0,0.0011056999792344868
paper_f2_onset__beta_4_8__n500,paper_f2_onset,beta_4_8,500,145,0.3,0.3,0.18510407546200522,1.0,0.8148959245379948,False,True,True,True,False,5,0,0.0010560000082477927
paper_f2_onset__beta_4_8__n500,paper_f2_onset,beta_4_8,500,146,0.3,0.3,0.18510407546200522,1.0,0.8148959245379948,False,True,True,True,False,5,0,0.0011629000073298812
paper_f2_onset__beta_4_8__n500,paper_f2_onset,beta_4_8,500,147,0.3,0.3,0.18510407546200522,1.0,0.8148959245379948,False,True,True,True,False,4,0,0.0011233999975956976
paper_f2_onset__beta_4_8__n500,paper_f2_onset,beta_4_8,500,148,0.3,0.3,0.18510407546200522,1.0,0.8148959245379948,False,True,True,True,False,2,0,0.0007993000326678157
paper_f2_onset__beta_4_8__n500,paper_f2_onset,beta_4_8,500,149,0.3,0.3,0.18510407546200522,1.0,0.8148959245379948,False,True,True,True,False,2,0,0.0010973999742418528
paper_f2_onset__beta_4_8__n500,paper_f2_onset,beta_4_8,500,150,0.3,0.3,0.18510407546200522,1.0,0.8148959245379948,False,True,True,True,False,5,0,0.0012764999992214143
paper_f2_onset__beta_4_8__n500,paper_f2_onset,beta_4_8,500,151,0.3,0.3,0.18510407546200522,1.0,0.8148959245379948,False,True,True,True,False,5,0,0.001031499996315688
paper_f2_onset__beta_4_8__n500,paper_f2_onset,beta_4_8,500,152,0.3,0.3,0.18510407546200522,1.0,0.8148959245379948,False,True,True,True,False,3,0,0.0009951000101864338
paper_f2_onset__beta_4_8__n500,paper_f2_onset,beta_4_8,500,153,0.3,0.3,0.23922412271716317,1.0,0.7607758772828368,False,True,True,True,False,5,0,0.000971500005107373
paper_f2_onset__beta_4_8__n500,paper_f2_onset,beta_4_8,500,154,0.3,0.3,0.21406776462522864,1.0,0.7859322353747713,False,True,True,True,False,6,0,0.0009221999789588153
paper_f2_onset__beta_4_8__n500,paper_f2_onset,beta_4_8,500,155,0.3,0.3,0.18510407546200522,1.0,0.8148959245379948,False,True,True,True,False,5,0,0.0009574999567121267
paper_f2_onset__beta_4_8__n500,paper_f2_onset,beta_4_8,500,156,0.3,0.3,0.23922412271716317,1.0,0.7607758772828368,False,True,True,True,False,4,0,0.0009459999855607748
paper_f2_onset__beta_4_8__n500,paper_f2_onset,beta_4_8,500,157,0.3,0.3,0.18510407546200522,1.0,0.8148959245379948,False,True,True,True,False,4,0,0.000943400023970753
paper_f2_onset__beta_4_8__n500,paper_f2_onset,beta_4_8,500,158,0.3,0.3,0.18510407546200522,1.0,0.8148959245379948,False,True,True,True,False,5,0,0.000888100010342896
paper_f2_onset__beta_4_8__n500,paper_f2_onset,beta_4_8,500,159,0.3,0.3,0.18510407546200522,1.0,0.8148959245379948,False,True,True,True,False,4,0,0.0010399000020697713
paper_f2_onset__beta_4_8__n500,paper_f2_onset,beta_4_8,500,160,0.3,0.3,0.18510407546200522,1.0,0.8148959245379948,False,True,True,True,False,4,0,0.0009154999861493707
paper_f2_onset__beta_4_8__n500,paper_f2_onset,beta_4_8,500,161,0.3,0.3,0.21406776462522864,1.0,0.7859322353747713,False,True,True,True,False,4,0,0.0008584000170230865
paper_f2_onset__beta_4_8__n500,paper_f2_onset,beta_4_8,500,162,0.3,0.3,0.18510407546200522,1.0,0.8148959245379948,False,True,True,True,False,4,0,0.0009330000029876828
paper_f2_onset__beta_4_8__n500,paper_f2_onset,beta_4_8,500,163,0.3,0.3,0.23009236149177018,1.0,0.7699076385082299,False,True,True,True,False,2,0,0.0010081999935209751
paper_f2_onset__beta_4_8__n500,paper_f2_onset,beta_4_8,500,164,0.3,0.3,0.23922412271716317,1.0,0.7607758772828368,False,True,True,True,False,5,0,0.0010403000051155686
paper_f2_onset__beta_4_8__n500,paper_f2_onset,beta_4_8,500,165,0.3,0.3,0.21406776462522864,1.0,0.7859322353747713,False,True,True,True,False,3,0,0.0010446999804116786
paper_f2_onset__beta_4_8__n500,paper_f2_onset,beta_4_8,500,166,0.3,0.3,0.18510407546200522,1.0,0.8148959245379948,False,True,True,True,False,3,0,0.0011629000073298812
paper_f2_onset__beta_4_8__n500,paper_f2_onset,beta_4_8,500,167,0.3,0.3,0.18510407546200522,1.0,0.8148959245379948,False,True,True,True,False,4,0,0.001205099979415536
paper_f2_onset__beta_4_8__n500,paper_f2_onset,beta_4_8,500,168,0.3,0.3,0.18510407546200522,1.0,0.8148959245379948,False,True,True,True,False,5,0,0.0010151999886147678
paper_f2_onset__beta_4_8__n500,paper_f2_onset,beta_4_8,500,169,0.3,0.3,0.23009236149177018,1.0,0.7699076385082299,False,True,True,True,False,4,0,0.0008757000323385
paper_f2_onset__beta_4_8__n500,paper_f2_onset,beta_4_8,500,170,0.3,0.3,0.18510407546200522,1.0,0.8148959245379948,False,True,True,True,False,3,0,0.0008637999999336898
paper_f2_onset__beta_4_8__n500,paper_f2_onset,beta_4_8,500,171,0.3,0.3,0.18510407546200522,1.0,0.8148959245379948,False,True,True,True,False,3,0,0.0010294999810867012
paper_f2_onset__beta_4_8__n500,paper_f2_onset,beta_4_8,500,172,0.3,0.3,0.18510407546200522,1.0,0.8148959245379948,False,True,True,True,False,4,0,0.0010296999826095998
paper_f2_onset__beta_4_8__n500,paper_f2_onset,beta_4_8,500,173,0.3,0.3,0.18510407546200522,1.0,0.8148959245379948,False,True,True,True,False,3,0,0.0008871000027284026
paper_f2_onset__beta_4_8__n500,paper_f2_onset,beta_4_8,500,174,0.3,0.3,0.21406776462522864,1.0,0.7859322353747713,False,True,True,True,False,5,0,0.0008972000214271247
paper_f2_onset__beta_4_8__n500,paper_f2_onset,beta_4_8,500,175,0.3,0.3,0.21406776462522864,1.0,0.7859322353747713,False,True,True,True,False,4,0,0.0008419000077992678
paper_f2_onset__beta_4_8__n500,paper_f2_onset,beta_4_8,500,176,0.3,0.3,0.18510407546200522,1.0,0.8148959245379948,False,True,True,True,False,3,0,0.0007878000033088028
paper_f2_onset__beta_4_8__n500,paper_f2_onset,beta_4_8,500,177,0.3,0.3,0.18510407546200522,1.0,0.8148959245379948,False,True,True,True,False,4,0,0.0011211000382900238
paper_f2_onset__beta_4_8__n500,paper_f2_onset,beta_4_8,500,178,0.3,0.3,0.18510407546200522,1.0,0.8148959245379948,False,True,True,True,False,3,0,0.0010354999685660005
paper_f2_onset__beta_4_8__n500,paper_f2_onset,beta_4_8,500,179,0.3,0.3,0.2624020460335445,1.0,0.7375979539664554,False,True,True,True,False,5,0,0.0007861999911256135
paper_f2_onset__beta_4_8__n500,paper_f2_onset,beta_4_8,500,180,0.3,0.3,0.18510407546200522,1.0,0.8148959245379948,False,True,True,True,False,3,0,0.0009068999788723886
paper_f2_onset__beta_4_8__n500,paper_f2_onset,beta_4_8,500,181,0.3,0.3,0.21406776462522864,1.0,0.7859322353747713,False,True,True,True,False,6,0,0.0008276999578811228
paper_f2_onset__beta_4_8__n500,paper_f2_onset,beta_4_8,500,182,0.3,0.3,0.23922412271716317,1.0,0.7607758772828368,False,True,True,True,False,5,0,0.0009464999893680215
paper_f2_onset__beta_4_8__n500,paper_f2_onset,beta_4_8,500,183,0.3,0.3,0.18510407546200522,1.0,0.8148959245379948,False,True,True,True,False,5,0,0.0009356000227853656
paper_f2_onset__beta_4_8__n500,paper_f2_onset,beta_4_8,500,184,0.3,0.3,0.18510407546200522,1.0,0.8148959245379948,False,True,True,True,False,3,0,0.0009066000347957015
paper_f2_onset__beta_4_8__n500,paper_f2_onset,beta_4_8,500,185,0.3,0.3,0.18510407546200522,1.0,0.8148959245379948,False,True,True,True,False,4,0,0.0009550999966450036
paper_f2_onset__beta_4_8__n500,paper_f2_onset,beta_4_8,500,186,0.3,0.3,0.18510407546200522,1.0,0.8148959245379948,False,True,True,True,False,2,0,0.000868000031914562
paper_f2_onset__beta_4_8__n500,paper_f2_onset,beta_4_8,500,187,0.3,0.3,0.18510407546200522,1.0,0.8148959245379948,False,True,True,True,False,2,0,0.0009104000055231154
paper_f2_onset__beta_4_8__n500,paper_f2_onset,beta_4_8,500,188,0.3,0.3,0.18510407546200522,1.0,0.8148959245379948,False,True,True,True,False,3,0,0.0009387999889440835
paper_f2_onset__beta_4_8__n500,paper_f2_onset,beta_4_8,500,189,0.3,0.3,0.21406776462522864,1.0,0.7859322353747713,False,True,True,True,False,4,0,0.0011972999782301486
paper_f2_onset__beta_4_8__n500,paper_f2_onset,beta_4_8,500,190,0.3,0.3,0.18510407546200522,1.0,0.8148959245379948,False,True,True,True,False,3,0,0.0009690999868325889
paper_f2_onset__beta_4_8__n500,paper_f2_onset,beta_4_8,500,191,0.3,0.3,0.21406776462522864,1.0,0.7859322353747713,False,True,True,True,False,6,0,0.0009264000109396875
paper_f2_onset__beta_4_8__n500,paper_f2_onset,beta_4_8,500,192,0.3,0.3,0.18510407546200522,1.0,0.8148959245379948,False,True,True,True,False,2,0,0.0008548999903723598
paper_f2_onset__beta_4_8__n500,paper_f2_onset,beta_4_8,500,193,0.3,0.3,0.21406776462522864,1.0,0.7859322353747713,False,True,True,True,False,5,0,0.000881000014487654
paper_f2_onset__beta_4_8__n500,paper_f2_onset,beta_4_8,500,194,0.3,0.3,0.18510407546200522,1.0,0.8148959245379948,False,True,True,True,False,3,0,0.0008632999961264431
paper_f2_onset__beta_4_8__n500,paper_f2_onset,beta_4_8,500,195,0.3,0.3,0.21406776462522864,1.0,0.7859322353747713,False,True,True,True,False,5,0,0.0009394000517204404
paper_f2_onset__beta_4_8__n500,paper_f2_onset,beta_4_8,500,196,0.3,0.3,0.23922412271716317,1.0,0.7607758772828368,False,True,True,True,False,4,0,0.0009070999803952873
paper_f2_onset__beta_4_8__n500,paper_f2_onset,beta_4_8,500,197,0.3,0.3,0.18510407546200522,1.0,0.8148959245379948,False,True,True,True,False,4,0,0.000882200023625046
paper_f2_onset__beta_4_8__n500,paper_f2_onset,beta_4_8,500,198,0.3,0.3,0.2624020460335445,1.0,0.7375979539664554,False,True,True,True,False,4,0,0.0009196999599225819
paper_f2_onset__beta_4_8__n500,paper_f2_onset,beta_4_8,500,199,0.3,0.3,0.21406776462522864,1.0,0.7859322353747713,False,True,True,True,False,6,0,0.000931900052819401
paper_f3_jump__beta_4_8__n500,paper_f3_jump,beta_4_8,500,0,0.3,0.3,0.2975182080677609,0.3015986381215167,0.004080430053755801,False,True,True,True,False,37,44,0.0009328000014647841
paper_f3_jump__beta_4_8__n500,paper_f3_jump,beta_4_8,500,1,0.3,0.3,0.2988784104851793,0.3009185658792136,0.002040155394034293,False,True,True,True,False,40,44,0.0009542999905534089
paper_f3_jump__beta_4_8__n500,paper_f3_jump,beta_4_8,500,2,0.3,0.3,0.2988784104851793,0.3015986381215167,0.002720227636337391,False,True,True,True,False,41,42,0.0008880000095814466
paper_f3_jump__beta_4_8__n500,paper_f3_jump,beta_4_8,500,3,0.3,0.3,0.2961577858596159,0.30227874546416805,0.0061209596045521675,False,True,True,True,False,34,43,0.0009290999732911587
paper_f3_jump__beta_4_8__n500,paper_f3_jump,beta_4_8,500,4,0.3,0.3,0.2947970223654199,0.3009185658792136,0.006121543513793737,False,True,True,True,False,32,38,0.000907899986486882
paper_f3_jump__beta_4_8__n500,paper_f3_jump,beta_4_8,500,5,0.3,0.3,0.2988784104851793,0.3009185658792136,0.002040155394034293,False,True,True,True,False,41,43,0.0008204999612644315
paper_f3_jump__beta_4_8__n500,paper_f3_jump,beta_4_8,500,6,0.3,0.3,0.29547745439958495,0.304319426710886,0.008841972311301072,False,True,True,True,False,34,41,0.0007409999961964786
paper_f3_jump__beta_4_8__n500,paper_f3_jump,beta_4_8,500,7,0.3,0.3,0.2988784104851793,0.30227874546416805,0.0034003349789887283,False,True,True,True,False,42,41,0.0007596999639645219
paper_f3_jump__beta_4_8__n500,paper_f3_jump,beta_4_8,500,8,0.3,0.3,0.2975182080677609,0.304319426710886,0.0068012186431251065,False,True,True,True,False,35,40,0.0008209999650716782
paper_f3_jump__beta_4_8__n500,paper_f3_jump,beta_4_8,500,9,0.3,0.3,0.2968380320116948,0.3036391249261807,0.00680109291448594,False,True,True,True,False,38,41,0.0010859000030905008
paper_f3_jump__beta_4_8__n500,paper_f3_jump,beta_4_8,500,10,0.3,0.3,0.2975182080677609,0.3029589027835902,0.005440694715829308,False,True,True,True,False,37,40,0.0009415000095032156
paper_f3_jump__beta_4_8__n500,paper_f3_jump,beta_4_8,500,11,0.3,0.3,0.2988784104851793,0.30227874546416805,0.0034003349789887283,False,True,True,True,False,37,42,0.0009601000347174704
paper_f3_jump__beta_4_8__n500,paper_f3_jump,beta_4_8,500,12,0.3,0.3,0.2988784104851793,0.3009185658792136,0.002040155394034293,False,True,True,True,False,35,40,0.0012875000247731805
paper_f3_jump__beta_4_8__n500,paper_f3_jump,beta_4_8,500,13,0.3,0.3,0.2988784104851793,0.3009185658792136,0.002040155394034293,False,True,True,True,False,38,43,0.0010915999882854521
paper_f3_jump__beta_4_8__n500,paper_f3_jump,beta_4_8,500,14,0.3,0.3,0.2988784104851793,0.3009185658792136,0.002040155394034293,False,True,True,True,False,38,40,0.000875400030054152
paper_f3_jump__beta_4_8__n500,paper_f3_jump,beta_4_8,500,15,0.3,0.3,0.2961577858596159,0.3029589027835902,0.006801116923974337,False,True,True,True,False,35,38,0.0007929999846965075
paper_f3_jump__beta_4_8__n500,paper_f3_jump,beta_4_8,500,16,0.3,0.3,0.2961577858596159,0.30227874546416805,0.0061209596045521675,False,True,True,True,False,37,42,0.0008653000113554299
paper_f3_jump__beta_4_8__n500,paper_f3_jump,beta_4_8,500,17,0.3,0.3,0.29819832918831346,0.30227874546416805,0.0040804162758545925,False,True,True,True,False,37,41,0.0008921999833546579
paper_f3_jump__beta_4_8__n500,paper_f3_jump,beta_4_8,500,18,0.3,0.3,0.2988784104851793,0.3009185658792136,0.002040155394034293,False,True,True,True,False,34,43,0.000931300048250705
paper_f3_jump__beta_4_8__n500,paper_f3_jump,beta_4_8,500,19,0.3,0.3,0.2988784104851793,0.3009185658792136,0.002040155394034293,False,True,True,True,False,36,40,0.0008744999649934471
paper_f3_jump__beta_4_8__n500,paper_f3_jump,beta_4_8,500,20,0.3,0.3,0.29819832918831346,0.30227874546416805,0.0040804162758545925,False,True,True,True,False,37,41,0.0009580999612808228
paper_f3_jump__beta_4_8__n500,paper_f3_jump,beta_4_8,500,21,0.3,0.3,0.2988784104851793,0.3009185658792136,0.002040155394034293,False,True,True,True,False,35,42,0.000923299987334758
paper_f3_jump__beta_4_8__n500,paper_f3_jump,beta_4_8,500,22,0.3,0.3,0.2988784104851793,0.3009185658792136,0.002040155394034293,False,True,True,True,False,41,43,0.000987200008239597
paper_f3_jump__beta_4_8__n500,paper_f3_jump,beta_4_8,500,23,0.3,0.3,0.2927549692829676,0.304319426710886,0.011564457427918395,False,True,True,True,False,31,39,0.0009652000153437257
paper_f3_jump__beta_4_8__n500,paper_f3_jump,beta_4_8,500,24,0.3,0.3,0.29547745439958495,0.3015986381215167,0.006121183721931767,False,True,True,True,False,36,40,0.0009347000159323215
paper_f3_jump__beta_4_8__n500,paper_f3_jump,beta_4_8,500,25,0.3,0.3,0.2988784104851793,0.3009185658792136,0.002040155394034293,False,True,True,True,False,37,43,0.0008966000168584287
paper_f3_jump__beta_4_8__n500,paper_f3_jump,beta_4_8,500,26,0.3,0.3,0.29547745439958495,0.30227874546416805,0.006801291064583104,False,True,True,True,False,37,40,0.0008688000380061567
paper_f3_jump__beta_4_8__n500,paper_f3_jump,beta_4_8,500,27,0.3,0.3,0.29819832918831346,0.3009185658792136,0.0027202366909001574,False,True,True,True,False,38,41,0.0008579000132158399
paper_f3_jump__beta_4_8__n500,paper_f3_jump,beta_4_8,500,28,0.3,0.3,0.2988784104851793,0.30227874546416805,0.0034003349789887283,False,True,True,True,False,37,42,0.0008288000244647264
paper_f3_jump__beta_4_8__n500,paper_f3_jump,beta_4_8,500,29,0.3,0.3,0.2975182080677609,0.3009185658792136,0.0034003578114527033,False,True,True,True,False,37,44,0.0008715000003576279
paper_f3_jump__beta_4_8__n500,paper_f3_jump,beta_4_8,500,30,0.3,0.3,0.29819832918831346,0.30227874546416805,0.0040804162758545925,False,True,True,True,False,39,42,0.0009634000016376376
paper_f3_jump__beta_4_8__n500,paper_f3_jump,beta_4_8,500,31,0.3,0.3,0.2913928151095648,0.304319426710886,0.012926611601321247,False,True,True,True,False,33,39,0.0011180999572388828
paper_f3_jump__beta_4_8__n500,paper_f3_jump,beta_4_8,500,32,0.3,0.3,0.29547745439958495,0.304319426710886,0.008841972311301072,False,True,True,True,False,37,39,0.001295599970035255
paper_f3_jump__beta_4_8__n500,paper_f3_jump,beta_4_8,500,33,0.3,0.3,0.2988784104851793,0.3009185658792136,0.002040155394034293,False,True,True,True,False,41,43,0.0009697999921627343
paper_f3_jump__beta_4_8__n500,paper_f3_jump,beta_4_8,500,34,0.3,0.3,0.2975182080677609,0.3009185658792136,0.0034003578114527033,False,True,True,True,False,36,41,0.0009883000166155398
paper_f3_jump__beta_4_8__n500,paper_f3_jump,beta_4_8,500,35,0.3,0.3,0.29819832918831346,0.3015986381215167,0.0034003089332032554,False,True,True,True,False,41,42,0.0008437000215053558
paper_f3_jump__beta_4_8__n500,paper_f3_jump,beta_4_8,500,36,0.3,0.3,0.2988784104851793,0.3009185658792136,0.002040155394034293,False,True,True,True,False,35,41,0.0008950000046752393
paper_f3_jump__beta_4_8__n500,paper_f3_jump,beta_4_8,500,37,0.3,0.3,0.2988784104851793,0.3009185658792136,0.002040155394034293,False,True,True,True,False,39,45,0.0010023000068031251
paper_f3_jump__beta_4_8__n500,paper_f3_jump,beta_4_8,500,38,0.3,0.3,0.2988784104851793,0.3009185658792136,0.002040155394034293,False,True,True,True,False,39,44,0.0009873000090010464
paper_f3_jump__beta_4_8__n500,paper_f3_jump,beta_4_8,500,39,0.3,0.3,0.2988784104851793,0.3009185658792136,0.002040155394034293,False,True,True,True,False,38,41,0.0008941999985836446
paper_f3_jump__beta_4_8__n500,paper_f3_jump,beta_4_8,500,40,0.3,0.3,0.2961577858596159,0.3009185658792136,0.004760780019597732,False,True,True,True,False,36,41,0.0009261000086553395
paper_f3_jump__beta_4_8__n500,paper_f3_jump,beta_4_8,500,41,0.3,0.3,0.2968380320116948,0.304319426710886,0.007481394699191235,False,True,True,True,False,37,39,0.0009103000047616661
paper_f3_jump__beta_4_8__n500,paper_f3_jump,beta_4_8,500,42,0.3,0.3,0.2988784104851793,0.30227874546416805,0.0034003349789887283,False,True,True,True,False,36,41,0.0009228999842889607
paper_f3_jump__beta_4_8__n500,paper_f3_jump,beta_4_8,500,43,0.3,0.3,0.2975182080677609,0.304319426710886,0.0068012186431251065,False,True,True,True,False,35,37,0.0011264999629929662
paper_f3_jump__beta_4_8__n500,paper_f3_jump,beta_4_8,500,44,0.3,0.3,0.2975182080677609,0.3015986381215167,0.004080430053755801,False,True,True,True,False,33,40,0.0009144000359810889
paper_f3_jump__beta_4_8__n500,paper_f3_jump,beta_4_8,500,45,0.3,0.3,0.2988784104851793,0.3009185658792136,0.002040155394034293,False,True,True,True,False,35,37,0.0008904000278562307
paper_f3_jump__beta_4_8__n500,paper_f3_jump,beta_4_8,500,46,0.3,0.3,0.29547745439958495,0.304319426710886,0.008841972311301072,False,True,True,True,False,34,41,0.0009581999620422721
paper_f3_jump__beta_4_8__n500,paper_f3_jump,beta_4_8,500,47,0.3,0.3,0.2988784104851793,0.3009185658792136,0.002040155394034293,False,True,True,True,False,32,36,0.0009112999541684985
paper_f3_jump__beta_4_8__n500,paper_f3_jump,beta_4_8,500,48,0.3,0.3,0.2988784104851793,0.3029589027835902,0.004080492298410898,False,True,True,True,False,39,40,0.0008695999858900905
paper_f3_jump__beta_4_8__n500,paper_f3_jump,beta_4_8,500,49,0.3,0.3,0.29547745439958495,0.3036391249261807,0.008161670526595777,False,True,True,True,False,33,38,0.0008560999995097518
paper_f3_jump__beta_4_8__n500,paper_f3_jump,beta_4_8,500,50,0.3,0.3,0.2988784104851793,0.3036391249261807,0.004760714441001401,False,True,True,True,False,37,40,0.000949900015257299
paper_f3_jump__beta_4_8__n500,paper_f3_jump,beta_4_8,500,51,0.3,0.3,0.29819832918831346,0.30227874546416805,0.0040804162758545925,False,True,True,True,False,39,41,0.0008953000069595873
paper_f3_jump__beta_4_8__n500,paper_f3_jump,beta_4_8,500,52,0.3,0.3,0.2988784104851793,0.3009185658792136,0.002040155394034293,False,True,True,True,False,37,39,0.0008605000330135226
paper_f3_jump__beta_4_8__n500,paper_f3_jump,beta_4_8,500,53,0.3,0.3,0.29547745439958495,0.304319426710886,0.008841972311301072,False,True,True,True,False,35,39,0.0008784999954514205
paper_f3_jump__beta_4_8__n500,paper_f3_jump,beta_4_8,500,54,0.3,0.3,0.2975182080677609,0.3029589027835902,0.005440694715829308,False,True,True,False,False,36,39,0.0009612999856472015
paper_f3_jump__beta_4_8__n500,paper_f3_jump,beta_4_8,500,55,0.3,0.3,0.29819832918831346,0.30227874546416805,0.0040804162758545925,False,True,True,True,False,36,40,0.0009701999952085316
paper_f3_jump__beta_4_8__n500,paper_f3_jump,beta_4_8,500,56,0.3,0.3,0.2988784104851793,0.30227874546416805,0.0034003349789887283,False,True,True,True,False,41,44,0.0009461999870836735
paper_f3_jump__beta_4_8__n500,paper_f3_jump,beta_4_8,500,57,0.3,0.3,0.29819832918831346,0.3036391249261807,0.0054407957378672656,False,True,True,True,False,40,41,0.0009124999633058906
paper_f3_jump__beta_4_8__n500,paper_f3_jump,beta_4_8,500,58,0.3,0.3,0.2975182080677609,0.3056803283604902,0.00816212029272928,False,True,True,True,False,35,37,0.000903200008906424
paper_f3_jump__beta_4_8__n500,paper_f3_jump,beta_4_8,500,59,0.3,0.3,0.2947970223654199,0.3015986381215167,0.006801615756096835,False,True,True,True,False,33,38,0.0008650000090710819
paper_f3_jump__beta_4_8__n500,paper_f3_jump,beta_4_8,500,60,0.3,0.3,0.2975182080677609,0.3009185658792136,0.0034003578114527033,False,True,True,True,False,36,42,0.0010028000106103718
paper_f3_jump__beta_4_8__n500,paper_f3_jump,beta_4_8,500,61,0.3,0.3,0.2988784104851793,0.304319426710886,0.005441016225706696,False,True,True,True,False,34,39,0.0008476999937556684
paper_f3_jump__beta_4_8__n500,paper_f3_jump,beta_4_8,500,62,0.3,0.3,0.2988784104851793,0.3009185658792136,0.002040155394034293,False,True,True,True,False,38,43,0.0008780000498518348
paper_f3_jump__beta_4_8__n500,paper_f3_jump,beta_4_8,500,63,0.3,0.3,0.2988784104851793,0.3009185658792136,0.002040155394034293,False,True,True,True,False,42,43,0.0009220000356435776
paper_f3_jump__beta_4_8__n500,paper_f3_jump,beta_4_8,500,64,0.3,0.3,0.2968380320116948,0.304319426710886,0.007481394699191235,False,True,True,True,False,38,40,0.0008951999479904771
paper_f3_jump__beta_4_8__n500,paper_f3_jump,beta_4_8,500,65,0.3,0.3,0.2968380320116948,0.30227874546416805,0.005440713452473267,False,True,True,False,False,38,41,0.0011015000054612756
paper_f3_jump__beta_4_8__n500,paper_f3_jump,beta_4_8,500,66,0.3,0.3,0.2988784104851793,0.3009185658792136,0.002040155394034293,False,True,True,True,False,39,44,0.0010149999870918691
paper_f3_jump__beta_4_8__n500,paper_f3_jump,beta_4_8,500,67,0.3,0.3,0.29819832918831346,0.3015986381215167,0.0034003089332032554,False,True,True,True,False,39,42,0.0009586000232957304
paper_f3_jump__beta_4_8__n500,paper_f3_jump,beta_4_8,500,68,0.3,0.3,0.2988784104851793,0.3009185658792136,0.002040155394034293,False,True,True,True,False,38,42,0.0008547999896109104
paper_f3_jump__beta_4_8__n500,paper_f3_jump,beta_4_8,500,69,0.3,0.3,0.2975182080677609,0.3015986381215167,0.004080430053755801,False,True,True,True,False,41,40,0.0008352000149898231
paper_f3_jump__beta_4_8__n500,paper_f3_jump,beta_4_8,500,70,0.3,0.3,0.2961577858596159,0.3029589027835902,0.006801116923974337,False,True,True,True,False,39,41,0.00107999995816499
paper_f3_jump__beta_4_8__n500,paper_f3_jump,beta_4_8,500,71,0.3,0.3,0.2988784104851793,0.304319426710886,0.005441016225706696,False,True,True,True,False,38,42,0.0009286999702453613
paper_f3_jump__beta_4_8__n500,paper_f3_jump,beta_4_8,500,72,0.3,0.3,0.2988784104851793,0.3036391249261807,0.004760714441001401,False,True,True,True,False,40,41,0.000845499977003783
paper_f3_jump__beta_4_8__n500,paper_f3_jump,beta_4_8,500,73,0.3,0.3,0.2975182080677609,0.3029589027835902,0.005440694715829308,False,True,True,True,False,36,39,0.0008919999818317592
paper_f3_jump__beta_4_8__n500,paper_f3_jump,beta_4_8,500,74,0.3,0.3,0.2988784104851793,0.30227874546416805,0.0034003349789887283,False,True,True,True,False,34,38,0.0009136999724432826
paper_f3_jump__beta_4_8__n500,paper_f3_jump,beta_4_8,500,75,0.3,0.3,0.2961577858596159,0.304319426710886,0.008161640851270135,False,True,True,True,False,36,38,0.00092149997362867
paper_f3_jump__beta_4_8__n500,paper_f3_jump,beta_4_8,500,76,0.3,0.3,0.2975182080677609,0.30227874546416805,0.0047605373964071385,False,True,True,True,False,39,43,0.0011325000086799264
paper_f3_jump__beta_4_8__n500,paper_f3_jump,beta_4_8,500,77,0.3,0.3,0.29819832918831346,0.30227874546416805,0.0040804162758545925,False,True,True,True,False,38,42,0.0011284000356681645
paper_f3_jump__beta_4_8__n500,paper_f3_jump,beta_4_8,500,78,0.3,0.3,0.2988784104851793,0.3009185658792136,0.002040155394034293,False,True,True,True,False,34,41,0.0009406000026501715
paper_f3_jump__beta_4_8__n500,paper_f3_jump,beta_4_8,500,79,0.3,0.3,0.29819832918831346,0.30227874546416805,0.0040804162758545925,False,True,True,True,False,41,41,0.0008830000297166407
paper_f3_jump__beta_4_8__n500,paper_f3_jump,beta_4_8,500,80,0.3,0.3,0.2975182080677609,0.304319426710886,0.0068012186431251065,False,True,True,True,False,39,39,0.000907599984202534
paper_f3_jump__beta_4_8__n500,paper_f3_jump,beta_4_8,500,81,0.3,0.3,0.2988784104851793,0.3009185658792136,0.002040155394034293,False,True,True,True,False,39,41,0.0010086999973282218
paper_f3_jump__beta_4_8__n500,paper_f3_jump,beta_4_8,500,82,0.3,0.3,0.2975182080677609,0.3009185658792136,0.0034003578114527033,False,True,True,True,False,33,41,0.001012899971101433
paper_f3_jump__beta_4_8__n500,paper_f3_jump,beta_4_8,500,83,0.3,0.3,0.2968380320116948,0.3009185658792136,0.004080533867518832,False,True,True,True,False,35,38,0.0009187999530695379
paper_f3_jump__beta_4_8__n500,paper_f3_jump,beta_4_8,500,84,0.3,0.3,0.29547745439958495,0.3036391249261807,0.008161670526595777,False,True,True,True,False,34,40,0.0009535999852232635
paper_f3_jump__beta_4_8__n500,paper_f3_jump,beta_4_8,500,85,0.3,0.3,0.2947970223654199,0.3015986381215167,0.006801615756096835,False,True,True,True,False,33,41,0.0008474999922327697
paper_f3_jump__beta_4_8__n500,paper_f3_jump,beta_4_8,500,86,0.3,0.3,0.29547745439958495,0.304319426710886,0.008841972311301072,False,True,True,True,False,38,39,0.0008846999844536185
paper_f3_jump__beta_4_8__n500,paper_f3_jump,beta_4_8,500,87,0.3,0.3,0.2975182080677609,0.3009185658792136,0.0034003578114527033,False,True,True,True,False,35,43,0.0009736999636515975
paper_f3_jump__beta_4_8__n500,paper_f3_jump,beta_4_8,500,88,0.3,0.3,0.2988784104851793,0.30227874546416805,0.0034003349789887283,False,True,True,True,False,37,41,0.0010359000298194587
paper_f3_jump__beta_4_8__n500,paper_f3_jump,beta_4_8,500,89,0.3,0.3,0.2988784104851793,0.3009185658792136,0.002040155394034293,False,True,True,True,False,42,46,0.000977699994109571
paper_f3_jump__beta_4_8__n500,paper_f3_jump,beta_4_8,500,90,0.3,0.3,0.2988784104851793,0.3009185658792136,0.002040155394034293,False,True,True,True,False,34,39,0.0009661000221967697
paper_f3_jump__beta_4_8__n500,paper_f3_jump,beta_4_8,500,91,0.3,0.3,0.2968380320116948,0.3036391249261807,0.00680109291448594,False,True,True,False,False,36,39,0.0009713000035844743
paper_f3_jump__beta_4_8__n500,paper_f3_jump,beta_4_8,500,92,0.3,0.3,0.2988784104851793,0.3009185658792136,0.002040155394034293,False,True,True,True,False,41,41,0.0009280999656766653
paper_f3_jump__beta_4_8__n500,paper_f3_jump,beta_4_8,500,93,0.3,0.3,0.2988784104851793,0.30227874546416805,0.0034003349789887283,False,True,True,True,False,36,40,0.0009472999954596162
paper_f3_jump__beta_4_8__n500,paper_f3_jump,beta_4_8,500,94,0.3,0.3,0.29547745439958495,0.3009185658792136,0.005441111479628669,False,True,True,True,False,33,38,0.0008842000388540328
paper_f3_jump__beta_4_8__n500,paper_f3_jump,beta_4_8,500,95,0.3,0.3,0.2975182080677609,0.3015986381215167,0.004080430053755801,False,True,True,True,False,34,40,0.0008824999677017331
paper_f3_jump__beta_4_8__n500,paper_f3_jump,beta_4_8,500,96,0.3,0.3,0.29819832918831346,0.30227874546416805,0.0040804162758545925,False,True,True,True,False,41,42,0.0009245999972335994
paper_f3_jump__beta_4_8__n500,paper_f3_jump,beta_4_8,500,97,0.3,0.3,0.2988784104851793,0.3009185658792136,0.002040155394034293,False,True,True,True,False,42,44,0.0008744999649934471
paper_f3_jump__beta_4_8__n500,paper_f3_jump,beta_4_8,500,98,0.3,0.3,0.2927549692829676,0.304319426710886,0.011564457427918395,False,True,True,True,False,34,38,0.0010359999723732471
paper_f3_jump__beta_4_8__n500,paper_f3_jump,beta_4_8,500,99,0.3,0.3,0.2988784104851793,0.3009185658792136,0.002040155394034293,False,True,True,True,False,39,43,0.0010924999951384962
paper_f3_jump__beta_4_8__n500,paper_f3_jump,beta_4_8,500,100,0.3,0.3,0.2968380320116948,0.3009185658792136,0.004080533867518832,False,True,True,True,False,37,40,0.0010415000142529607
paper_f3_jump__beta_4_8__n500,paper_f3_jump,beta_4_8,500,101,0.3,0.3,0.2988784104851793,0.3009185658792136,0.002040155394034293,False,True,True,True,False,37,40,0.0009575000149197876
paper_f3_jump__beta_4_8__n500,paper_f3_jump,beta_4_8,500,102,0.3,0.3,0.2988784104851793,0.3009185658792136,0.002040155394034293,False,True,True,True,False,42,44,0.0009685000404715538
paper_f3_jump__beta_4_8__n500,paper_f3_jump,beta_4_8,500,103,0.3,0.3,0.2975182080677609,0.3015986381215167,0.004080430053755801,False,True,True,True,False,37,41,0.0009476999985054135
paper_f3_jump__beta_4_8__n500,paper_f3_jump,beta_4_8,500,104,0.3,0.3,0.2975182080677609,0.3009185658792136,0.0034003578114527033,False,True,True,True,False,35,38,0.0009668999700807035
paper_f3_jump__beta_4_8__n500,paper_f3_jump,beta_4_8,500,105,0.3,0.3,0.2968380320116948,0.3009185658792136,0.004080533867518832,False,True,True,True,False,35,40,0.0009234999888576567
paper_f3_jump__beta_4_8__n500,paper_f3_jump,beta_4_8,500,106,0.3,0.3,0.29547745439958495,0.304319426710886,0.008841972311301072,False,True,True,True,False,33,38,0.0009077999857254326
paper_f3_jump__beta_4_8__n500,paper_f3_jump,beta_4_8,500,107,0.3,0.3,0.2988784104851793,0.3009185658792136,0.002040155394034293,False,True,True,True,False,38,41,0.0008233999833464622
paper_f3_jump__beta_4_8__n500,paper_f3_jump,beta_4_8,500,108,0.3,0.3,0.29547745439958495,0.30227874546416805,0.006801291064583104,False,True,True,True,False,37,41,0.0008316999883390963
paper_f3_jump__beta_4_8__n500,paper_f3_jump,beta_4_8,500,109,0.3,0.3,0.2988784104851793,0.30227874546416805,0.0034003349789887283,False,True,True,True,False,36,40,0.0010275999666191638
paper_f3_jump__beta_4_8__n500,paper_f3_jump,beta_4_8,500,110,0.3,0.3,0.29819832918831346,0.30227874546416805,0.0040804162758545925,False,True,True,True,False,39,42,0.001094500010367483
paper_f3_jump__beta_4_8__n500,paper_f3_jump,beta_4_8,500,111,0.3,0.3,0.2988784104851793,0.3009185658792136,0.002040155394034293,False,True,True,True,False,40,42,0.0009951000101864338
paper_f3_jump__beta_4_8__n500,paper_f3_jump,beta_4_8,500,112,0.3,0.3,0.2988784104851793,0.3009185658792136,0.002040155394034293,False,True,True,True,False,37,42,0.0008869000012055039
paper_f3_jump__beta_4_8__n500,paper_f3_jump,beta_4_8,500,113,0.3,0.3,0.2988784104851793,0.3009185658792136,0.002040155394034293,False,True,True,True,False,36,39,0.0009292999748140574
paper_f3_jump__beta_4_8__n500,paper_f3_jump,beta_4_8,500,114,0.3,0.3,0.29547745439958495,0.3036391249261807,0.008161670526595777,False,True,True,True,False,35,41,0.0009263000101782382
paper_f3_jump__beta_4_8__n500,paper_f3_jump,beta_4_8,500,115,0.3,0.3,0.2988784104851793,0.304319426710886,0.005441016225706696,False,True,True,True,False,39,41,0.0009067999781109393
paper_f3_jump__beta_4_8__n500,paper_f3_jump,beta_4_8,500,116,0.3,0.3,0.2961577858596159,0.304319426710886,0.008161640851270135,False,True,True,True,False,36,39,0.0008746000239625573
paper_f3_jump__beta_4_8__n500,paper_f3_jump,beta_4_8,500,117,0.3,0.3,0.2968380320116948,0.3009185658792136,0.004080533867518832,False,True,True,True,False,34,42,0.0008664000197313726
paper_f3_jump__beta_4_8__n500,paper_f3_jump,beta_4_8,500,118,0.3,0.3,0.2968380320116948,0.30227874546416805,0.005440713452473267,False,True,True,True,False,39,43,0.0008238000445999205
paper_f3_jump__beta_4_8__n500,paper_f3_jump,beta_4_8,500,119,0.3,0.3,0.29819832918831346,0.3009185658792136,0.0027202366909001574,False,True,True,True,False,40,42,0.0009592999704182148
paper_f3_jump__beta_4_8__n500,paper_f3_jump,beta_4_8,500,120,0.3,0.3,0.2975182080677609,0.3015986381215167,0.004080430053755801,False,True,True,True,False,39,41,0.000957600015681237
paper_f3_jump__beta_4_8__n500,paper_f3_jump,beta_4_8,500,121,0.3,0.3,0.29819832918831346,0.30227874546416805,0.0040804162758545925,False,True,True,True,False,38,40,0.0009268000139854848
paper_f3_jump__beta_4_8__n500,paper_f3_jump,beta_4_8,500,122,0.3,0.3,0.29547745439958495,0.3036391249261807,0.008161670526595777,False,True,True,True,False,35,41,0.0010988999856635928
paper_f3_jump__beta_4_8__n500,paper_f3_jump,beta_4_8,500,123,0.3,0.3,0.2988784104851793,0.30227874546416805,0.0034003349789887283,False,True,True,True,False,34,40,0.0011105999583378434
paper_f3_jump__beta_4_8__n500,paper_f3_jump,beta_4_8,500,124,0.3,0.3,0.2988784104851793,0.3009185658792136,0.002040155394034293,False,True,True,True,False,37,42,0.00086830003419891
paper_f3_jump__beta_4_8__n500,paper_f3_jump,beta_4_8,500,125,0.3,0.3,0.29547745439958495,0.3036391249261807,0.008161670526595777,False,True,True,True,False,34,39,0.000826000003144145
paper_f3_jump__beta_4_8__n500,paper_f3_jump,beta_4_8,500,126,0.3,0.3,0.2988784104851793,0.3009185658792136,0.002040155394034293,False,True,True,True,False,36,41,0.0008753000292927027
paper_f3_jump__beta_4_8__n500,paper_f3_jump,beta_4_8,500,127,0.3,0.3,0.2975182080677609,0.3009185658792136,0.0034003578114527033,False,True,True,True,False,39,43,0.0008985000313259661
paper_f3_jump__beta_4_8__n500,paper_f3_jump,beta_4_8,500,128,0.3,0.3,0.2988784104851793,0.3009185658792136,0.002040155394034293,False,True,True,True,False,37,40,0.000852599972859025
paper_f3_jump__beta_4_8__n500,paper_f3_jump,beta_4_8,500,129,0.3,0.3,0.2988784104851793,0.3009185658792136,0.002040155394034293,False,True,True,True,False,38,42,0.0008144999737851322
paper_f3_jump__beta_4_8__n500,paper_f3_jump,beta_4_8,500,130,0.3,0.3,0.2988784104851793,0.3009185658792136,0.002040155394034293,False,True,True,True,False,40,44,0.000743500015232712
paper_f3_jump__beta_4_8__n500,paper_f3_jump,beta_4_8,500,131,0.3,0.3,0.2961577858596159,0.3009185658792136,0.004760780019597732,False,True,True,True,False,35,42,0.0008277000160887837
paper_f3_jump__beta_4_8__n500,paper_f3_jump,beta_4_8,500,132,0.3,0.3,0.2961577858596159,0.3029589027835902,0.006801116923974337,False,True,True,True,False,36,40,0.0011310999980196357
paper_f3_jump__beta_4_8__n500,paper_f3_jump,beta_4_8,500,133,0.3,0.3,0.2988784104851793,0.3009185658792136,0.002040155394034293,False,True,True,True,False,40,44,0.0009481000015512109
paper_f3_jump__beta_4_8__n500,paper_f3_jump,beta_4_8,500,134,0.3,0.3,0.29819832918831346,0.30227874546416805,0.0040804162758545925,False,True,True,True,False,36,41,0.0009543999913148582
paper_f3_jump__beta_4_8__n500,paper_f3_jump,beta_4_8,500,135,0.3,0.3,0.29547745439958495,0.304319426710886,0.008841972311301072,False,True,True,True,False,37,38,0.0008924999856390059
paper_f3_jump__beta_4_8__n500,paper_f3_jump,beta_4_8,500,136,0.3,0.3,0.2975182080677609,0.3009185658792136,0.0034003578114527033,False,True,True,True,False,38,39,0.0007775999838486314
paper_f3_jump__beta_4_8__n500,paper_f3_jump,beta_4_8,500,137,0.3,0.3,0.2988784104851793,0.3009185658792136,0.002040155394034293,False,True,True,True,False,35,39,0.0008783000521361828
paper_f3_jump__beta_4_8__n500,paper_f3_jump,beta_4_8,500,138,0.3,0.3,0.2975182080677609,0.3015986381215167,0.004080430053755801,False,True,True,True,False,36,43,0.0008229999803006649
paper_f3_jump__beta_4_8__n500,paper_f3_jump,beta_4_8,500,139,0.3,0.3,0.2975182080677609,0.30227874546416805,0.0047605373964071385,False,True,True,True,False,41,42,0.0007955000037327409
paper_f3_jump__beta_4_8__n500,paper_f3_jump,beta_4_8,500,140,0.3,0.3,0.2988784104851793,0.3009185658792136,0.002040155394034293,False,True,True,True,False,38,42,0.0008100999984890223
paper_f3_jump__beta_4_8__n500,paper_f3_jump,beta_4_8,500,141,0.3,0.3,0.2975182080677609,0.3015986381215167,0.004080430053755801,False,True,True,True,False,40,43,0.0008111000061035156
paper_f3_jump__beta_4_8__n500,paper_f3_jump,beta_4_8,500,142,0.3,0.3,0.2968380320116948,0.304319426710886,0.007481394699191235,False,True,True,True,False,38,41,0.0007816000143066049
paper_f3_jump__beta_4_8__n500,paper_f3_jump,beta_4_8,500,143,0.3,0.3,0.2988784104851793,0.30227874546416805,0.0034003349789887283,False,True,True,True,False,37,41,0.0007754000253044069
paper_f3_jump__beta_4_8__n500,paper_f3_jump,beta_4_8,500,144,0.3,0.3,0.2988784104851793,0.30227874546416805,0.0034003349789887283,False,True,True,True,False,39,41,0.0012017000117339194
paper_f3_jump__beta_4_8__n500,paper_f3_jump,beta_4_8,500,145,0.3,0.3,0.2968380320116948,0.3009185658792136,0.004080533867518832,False,True,True,True,False,34,41,0.0011688999948091805
paper_f3_jump__beta_4_8__n500,paper_f3_jump,beta_4_8,500,146,0.3,0.3,0.29547745439958495,0.3036391249261807,0.008161670526595777,False,True,True,True,False,34,39,0.0008130999631248415
paper_f3_jump__beta_4_8__n500,paper_f3_jump,beta_4_8,500,147,0.3,0.3,0.29819832918831346,0.3029589027835902,0.0047605735952767625,False,True,True,True,False,35,42,0.0008234000415541232
paper_f3_jump__beta_4_8__n500,paper_f3_jump,beta_4_8,500,148,0.3,0.3,0.2961577858596159,0.3029589027835902,0.006801116923974337,False,True,True,True,False,37,39,0.0008243000484071672
paper_f3_jump__beta_4_8__n500,paper_f3_jump,beta_4_8,500,149,0.3,0.3,0.2988784104851793,0.3009185658792136,0.002040155394034293,False,True,True,True,False,41,42,0.0008342000073753297
paper_f3_jump__beta_4_8__n500,paper_f3_jump,beta_4_8,500,150,0.3,0.3,0.2988784104851793,0.3009185658792136,0.002040155394034293,False,True,True,True,False,39,43,0.0008258000016212463
paper_f3_jump__beta_4_8__n500,paper_f3_jump,beta_4_8,500,151,0.3,0.3,0.2988784104851793,0.3009185658792136,0.002040155394034293,False,True,True,True,False,35,38,0.0008464999846182764
paper_f3_jump__beta_4_8__n500,paper_f3_jump,beta_4_8,500,152,0.3,0.3,0.2988784104851793,0.3009185658792136,0.002040155394034293,False,True,True,True,False,36,42,0.0008751999703235924
paper_f3_jump__beta_4_8__n500,paper_f3_jump,beta_4_8,500,153,0.3,0.3,0.2988784104851793,0.30227874546416805,0.0034003349789887283,False,True,True,True,False,38,42,0.0008570000063627958
paper_f3_jump__beta_4_8__n500,paper_f3_jump,beta_4_8,500,154,0.3,0.3,0.2975182080677609,0.3015986381215167,0.004080430053755801,False,True,True,True,False,33,39,0.0008520999690517783
paper_f3_jump__beta_4_8__n500,paper_f3_jump,beta_4_8,500,155,0.3,0.3,0.2975182080677609,0.3036391249261807,0.0061209168584198115,False,True,True,True,False,41,40,0.0011372000444680452
paper_f3_jump__beta_4_8__n500,paper_f3_jump,beta_4_8,500,156,0.3,0.3,0.29819832918831346,0.304319426710886,0.006121097522572561,False,True,True,True,False,35,40,0.0009068999788723886
paper_f3_jump__beta_4_8__n500,paper_f3_jump,beta_4_8,500,157,0.3,0.3,0.2975182080677609,0.304319426710886,0.0068012186431251065,False,True,True,True,False,37,38,0.0009079000446945429
paper_f3_jump__beta_4_8__n500,paper_f3_jump,beta_4_8,500,158,0.3,0.3,0.29547745439958495,0.3029589027835902,0.007481448384005274,False,True,True,True,False,36,41,0.0008941999985836446
paper_f3_jump__beta_4_8__n500,paper_f3_jump,beta_4_8,500,159,0.3,0.3,0.2988784104851793,0.3009185658792136,0.002040155394034293,False,True,True,True,False,40,42,0.0009147000382654369
paper_f3_jump__beta_4_8__n500,paper_f3_jump,beta_4_8,500,160,0.3,0.3,0.2988784104851793,0.3009185658792136,0.002040155394034293,False,True,True,True,False,34,41,0.0008713999995961785
paper_f3_jump__beta_4_8__n500,paper_f3_jump,beta_4_8,500,161,0.3,0.3,0.29547745439958495,0.30840373694618783,0.012926282546602885,False,True,True,True,False,34,36,0.0009232000447809696
paper_f3_jump__beta_4_8__n500,paper_f3_jump,beta_4_8,500,162,0.3,0.3,0.2988784104851793,0.3009185658792136,0.002040155394034293,False,True,True,True,False,37,39,0.000889600021764636
paper_f3_jump__beta_4_8__n500,paper_f3_jump,beta_4_8,500,163,0.3,0.3,0.2988784104851793,0.3009185658792136,0.002040155394034293,False,True,True,True,False,34,40,0.0008480999968014657
paper_f3_jump__beta_4_8__n500,paper_f3_jump,beta_4_8,500,164,0.3,0.3,0.2988784104851793,0.3009185658792136,0.002040155394034293,False,True,True,True,False,43,45,0.0007882000063546002
paper_f3_jump__beta_4_8__n500,paper_f3_jump,beta_4_8,500,165,0.3,0.3,0.2961577858596159,0.3029589027835902,0.006801116923974337,False,True,True,True,False,38,40,0.0008424000116065145
paper_f3_jump__beta_4_8__n500,paper_f3_jump,beta_4_8,500,166,0.3,0.3,0.2988784104851793,0.304319426710886,0.005441016225706696,False,True,True,True,False,36,39,0.0009942000033333898
paper_f3_jump__beta_4_8__n500,paper_f3_jump,beta_4_8,500,167,0.3,0.3,0.2988784104851793,0.30227874546416805,0.0034003349789887283,False,True,True,True,False,36,43,0.0010831999825313687
paper_f3_jump__beta_4_8__n500,paper_f3_jump,beta_4_8,500,168,0.3,0.3,0.2988784104851793,0.3009185658792136,0.002040155394034293,False,True,True,True,False,39,44,0.0009963999618776143
paper_f3_jump__beta_4_8__n500,paper_f3_jump,beta_4_8,500,169,0.3,0.3,0.2988784104851793,0.30227874546416805,0.0034003349789887283,False,True,True,True,False,43,41,0.0009589999681338668
paper_f3_jump__beta_4_8__n500,paper_f3_jump,beta_4_8,500,170,0.3,0.3,0.2975182080677609,0.3009185658792136,0.0034003578114527033,False,True,True,True,False,40,43,0.0010133999749086797
paper_f3_jump__beta_4_8__n500,paper_f3_jump,beta_4_8,500,171,0.3,0.3,0.2975182080677609,0.3015986381215167,0.004080430053755801,False,True,True,True,False,40,40,0.000965600018389523
paper_f3_jump__beta_4_8__n500,paper_f3_jump,beta_4_8,500,172,0.3,0.3,0.29819832918831346,0.30227874546416805,0.0040804162758545925,False,True,True,True,False,34,39,0.0009229000424966216
paper_f3_jump__beta_4_8__n500,paper_f3_jump,beta_4_8,500,173,0.3,0.3,0.2988784104851793,0.30227874546416805,0.0034003349789887283,False,True,True,True,False,37,41,0.0009492000099271536
paper_f3_jump__beta_4_8__n500,paper_f3_jump,beta_4_8,500,174,0.3,0.3,0.2988784104851793,0.3009185658792136,0.002040155394034293,False,True,True,True,False,38,44,0.0008759000338613987
paper_f3_jump__beta_4_8__n500,paper_f3_jump,beta_4_8,500,175,0.3,0.3,0.2988784104851793,0.3009185658792136,0.002040155394034293,False,True,True,True,False,38,42,0.0009165999945253134
paper_f3_jump__beta_4_8__n500,paper_f3_jump,beta_4_8,500,176,0.3,0.3,0.2961577858596159,0.30227874546416805,0.0061209596045521675,False,True,True,True,False,34,40,0.0007822000188753009
paper_f3_jump__beta_4_8__n500,paper_f3_jump,beta_4_8,500,177,0.3,0.3,0.2988784104851793,0.3029589027835902,0.004080492298410898,False,True,True,True,False,42,43,0.0008821999654173851
paper_f3_jump__beta_4_8__n500,paper_f3_jump,beta_4_8,500,178,0.3,0.3,0.2975182080677609,0.3015986381215167,0.004080430053755801,False,True,True,True,False,37,42,0.00088900001719594
paper_f3_jump__beta_4_8__n500,paper_f3_jump,beta_4_8,500,179,0.3,0.3,0.2988784104851793,0.3009185658792136,0.002040155394034293,False,True,True,True,False,37,42,0.0008838000358082354
paper_f3_jump__beta_4_8__n500,paper_f3_jump,beta_4_8,500,180,0.3,0.3,0.29547745439958495,0.3015986381215167,0.006121183721931767,False,True,True,True,False,36,42,0.0008844999829307199
paper_f3_jump__beta_4_8__n500,paper_f3_jump,beta_4_8,500,181,0.3,0.3,0.29547745439958495,0.3009185658792136,0.005441111479628669,False,True,True,True,False,35,40,0.0007183999987319112
paper_f3_jump__beta_4_8__n500,paper_f3_jump,beta_4_8,500,182,0.3,0.3,0.29547745439958495,0.30227874546416805,0.006801291064583104,False,True,True,True,False,32,42,0.0007764000329189003
paper_f3_jump__beta_4_8__n500,paper_f3_jump,beta_4_8,500,183,0.3,0.3,0.2988784104851793,0.3009185658792136,0.002040155394034293,False,True,True,True,False,39,42,0.0008149999775923789
paper_f3_jump__beta_4_8__n500,paper_f3_jump,beta_4_8,500,184,0.3,0.3,0.2975182080677609,0.3015986381215167,0.004080430053755801,False,True,True,True,False,40,40,0.0008216999704018235
paper_f3_jump__beta_4_8__n500,paper_f3_jump,beta_4_8,500,185,0.3,0.3,0.2988784104851793,0.3009185658792136,0.002040155394034293,False,True,True,True,False,37,40,0.000699699972756207
paper_f3_jump__beta_4_8__n500,paper_f3_jump,beta_4_8,500,186,0.3,0.3,0.2988784104851793,0.3009185658792136,0.002040155394034293,False,True,True,True,False,40,42,0.0006845000316388905
paper_f3_jump__beta_4_8__n500,paper_f3_jump,beta_4_8,500,187,0.3,0.3,0.29819832918831346,0.30227874546416805,0.0040804162758545925,False,True,True,True,False,40,42,0.0009547999943606555
paper_f3_jump__beta_4_8__n500,paper_f3_jump,beta_4_8,500,188,0.3,0.3,0.29819832918831346,0.3009185658792136,0.0027202366909001574,False,True,True,True,False,34,40,0.0009806000161916018
paper_f3_jump__beta_4_8__n500,paper_f3_jump,beta_4_8,500,189,0.3,0.3,0.29819832918831346,0.30227874546416805,0.0040804162758545925,False,True,True,True,False,37,42,0.0008930000476539135
paper_f3_jump__beta_4_8__n500,paper_f3_jump,beta_4_8,500,190,0.3,0.3,0.2975182080677609,0.304319426710886,0.0068012186431251065,False,True,True,True,False,39,39,0.0011454999912530184
paper_f3_jump__beta_4_8__n500,paper_f3_jump,beta_4_8,500,191,0.3,0.3,0.2988784104851793,0.3009185658792136,0.002040155394034293,False,True,True,True,False,41,41,0.0010040999623015523
paper_f3_jump__beta_4_8__n500,paper_f3_jump,beta_4_8,500,192,0.3,0.3,0.2975182080677609,0.3009185658792136,0.0034003578114527033,False,True,True,True,False,39,41,0.001074700034223497
paper_f3_jump__beta_4_8__n500,paper_f3_jump,beta_4_8,500,193,0.3,0.3,0.2968380320116948,0.27425851211586777,nan,True,False,False,False,False,36,43,0.0009180000051856041
paper_f3_jump__beta_4_8__n500,paper_f3_jump,beta_4_8,500,194,0.3,0.3,0.2988784104851793,0.30227874546416805,0.0034003349789887283,False,True,True,True,False,40,42,0.0011355000315234065
paper_f3_jump__beta_4_8__n500,paper_f3_jump,beta_4_8,500,195,0.3,0.3,0.2988784104851793,0.3009185658792136,0.002040155394034293,False,True,True,True,False,38,42,0.0008702999912202358
paper_f3_jump__beta_4_8__n500,paper_f3_jump,beta_4_8,500,196,0.3,0.3,0.29819832918831346,0.30227874546416805,0.0040804162758545925,False,True,True,True,False,38,40,0.0008709999965503812
paper_f3_jump__beta_4_8__n500,paper_f3_jump,beta_4_8,500,197,0.3,0.3,0.2975182080677609,0.3015986381215167,0.004080430053755801,False,True,True,True,False,35,41,0.0009122000192292035
paper_f3_jump__beta_4_8__n500,paper_f3_jump,beta_4_8,500,198,0.3,0.3,0.29819832918831346,0.304319426710886,0.006121097522572561,False,True,True,True,False,39,41,0.0008045000140555203
paper_f3_jump__beta_4_8__n500,paper_f3_jump,beta_4_8,500,199,0.3,0.3,0.29547745439958495,0.3029589027835902,0.007481448384005274,False,True,True,True,False,35,41,0.0009228999842889607
paper_f4_logistic__beta_4_8__n500,paper_f4_logistic,beta_4_8,500,0,0.3,0.3,0.0,1.0,1.0,False,True,False,True,False,0,0,0.000742600008379668
paper_f4_logistic__beta_4_8__n500,paper_f4_logistic,beta_4_8,500,1,0.3,0.3,0.0,1.0,1.0,False,True,False,True,False,0,0,0.0005400999798439443
paper_f4_logistic__beta_4_8__n500,paper_f4_logistic,beta_4_8,500,2,0.3,0.3,0.0,1.0,1.0,False,True,False,True,False,0,0,0.0006099999882280827
paper_f4_logistic__beta_4_8__n500,paper_f4_logistic,beta_4_8,500,3,0.3,0.3,0.0,1.0,1.0,False,True,False,True,False,0,0,0.000681100005749613
paper_f4_logistic__beta_4_8__n500,paper_f4_logistic,beta_4_8,500,4,0.3,0.3,0.4497304316917215,1.0,0.5502695683082786,False,False,True,False,False,1,0,0.0007677999674342573
paper_f4_logistic__beta_4_8__n500,paper_f4_logistic,beta_4_8,500,5,0.3,0.3,0.0,1.0,1.0,False,True,False,True,False,0,0,0.0006037999992258847
paper_f4_logistic__beta_4_8__n500,paper_f4_logistic,beta_4_8,500,6,0.3,0.3,0.0,1.0,1.0,False,True,False,True,False,0,0,0.0007435999577865005
paper_f4_logistic__beta_4_8__n500,paper_f4_logistic,beta_4_8,500,7,0.3,0.3,0.0,1.0,1.0,False,True,False,True,False,0,0,0.0008700999896973372
paper_f4_logistic__beta_4_8__n500,paper_f4_logistic,beta_4_8,500,8,0.3,0.3,0.0,1.0,1.0,False,True,False,True,False,0,0,0.0009344000136479735
paper_f4_logistic__beta_4_8__n500,paper_f4_logistic,beta_4_8,500,9,0.3,0.3,0.0,1.0,1.0,False,True,False,True,False,0,0,0.0007836000295355916
paper_f4_logistic__beta_4_8__n500,paper_f4_logistic,beta_4_8,500,10,0.3,0.3,0.0,1.0,1.0,False,True,False,True,False,0,0,0.0009070999803952873
paper_f4_logistic__beta_4_8__n500,paper_f4_logistic,beta_4_8,500,11,0.3,0.3,0.0,1.0,1.0,False,True,False,True,False,0,0,0.0008985000313259661
paper_f4_logistic__beta_4_8__n500,paper_f4_logistic,beta_4_8,500,12,0.3,0.3,0.0,1.0,1.0,False,True,False,True,False,0,0,0.0009110999526455998
paper_f4_logistic__beta_4_8__n500,paper_f4_logistic,beta_4_8,500,13,0.3,0.3,0.0,1.0,1.0,False,True,False,True,False,0,0,0.0008990999776870012
paper_f4_logistic__beta_4_8__n500,paper_f4_logistic,beta_4_8,500,14,0.3,0.3,0.0,1.0,1.0,False,True,False,True,False,0,0,0.0008165999897755682
paper_f4_logistic__beta_4_8__n500,paper_f4_logistic,beta_4_8,500,15,0.3,0.3,0.0,1.0,1.0,False,True,False,True,False,0,0,0.0008066999725997448
paper_f4_logistic__beta_4_8__n500,paper_f4_logistic,beta_4_8,500,16,0.3,0.3,0.0,1.0,1.0,False,True,False,True,False,0,0,0.0008184000034816563
paper_f4_logistic__beta_4_8__n500,paper_f4_logistic,beta_4_8,500,17,0.3,0.3,0.0,1.0,1.0,False,True,False,True,False,0,0,0.0008502000127919018
paper_f4_logistic__beta_4_8__n500,paper_f4_logistic,beta_4_8,500,18,0.3,0.3,0.0,1.0,1.0,False,True,False,True,False,0,0,0.0008606999763287604
paper_f4_logistic__beta_4_8__n500,paper_f4_logistic,beta_4_8,500,19,0.3,0.3,0.0,1.0,1.0,False,True,False,True,False,0,0,0.0010400000028312206
paper_f4_logistic__beta_4_8__n500,paper_f4_logistic,beta_4_8,500,20,0.3,0.3,0.0,1.0,1.0,False,True,False,True,False,0,0,0.0008996999822556973
paper_f4_logistic__beta_4_8__n500,paper_f4_logistic,beta_4_8,500,21,0.3,0.3,0.0,1.0,1.0,False,True,False,True,False,0,0,0.0008595999679528177
paper_f4_logistic__beta_4_8__n500,paper_f4_logistic,beta_4_8,500,22,0.3,0.3,0.0,1.0,1.0,False,True,False,True,False,0,0,0.000831299985293299
paper_f4_logistic__beta_4_8__n500,paper_f4_logistic,beta_4_8,500,23,0.3,0.3,0.0,1.0,1.0,False,True,False,True,False,0,0,0.0014455000055022538
paper_f4_logistic__beta_4_8__n500,paper_f4_logistic,beta_4_8,500,24,0.3,0.3,0.0,1.0,1.0,False,True,False,True,False,0,0,0.0013266999740153551
paper_f4_logistic__beta_4_8__n500,paper_f4_logistic,beta_4_8,500,25,0.3,0.3,0.0,1.0,1.0,False,True,False,True,False,0,0,0.0011885000276379287
paper_f4_logistic__beta_4_8__n500,paper_f4_logistic,beta_4_8,500,26,0.3,0.3,0.0,1.0,1.0,False,True,False,True,False,0,0,0.0010087999980896711
paper_f4_logistic__beta_4_8__n500,paper_f4_logistic,beta_4_8,500,27,0.3,0.3,0.0,1.0,1.0,False,True,False,True,False,0,0,0.0010609999881125987
paper_f4_logistic__beta_4_8__n500,paper_f4_logistic,beta_4_8,500,28,0.3,0.3,0.0,1.0,1.0,False,True,False,True,False,0,0,0.0009022000012919307
paper_f4_logistic__beta_4_8__n500,paper_f4_logistic,beta_4_8,500,29,0.3,0.3,0.0,1.0,1.0,False,True,False,True,False,0,0,0.0009052999666891992
paper_f4_logistic__beta_4_8__n500,paper_f4_logistic,beta_4_8,500,30,0.3,0.3,0.0,1.0,1.0,False,True,False,True,False,0,0,0.0008274000138044357
paper_f4_logistic__beta_4_8__n500,paper_f4_logistic,beta_4_8,500,31,0.3,0.3,0.0,1.0,1.0,False,True,False,True,False,0,0,0.0008333000005222857
paper_f4_logistic__beta_4_8__n500,paper_f4_logistic,beta_4_8,500,32,0.3,0.3,0.0,1.0,1.0,False,True,False,True,False,0,0,0.0007945999968796968
paper_f4_logistic__beta_4_8__n500,paper_f4_logistic,beta_4_8,500,33,0.3,0.3,0.0,1.0,1.0,False,True,False,True,False,0,0,0.000846399983856827
paper_f4_logistic__beta_4_8__n500,paper_f4_logistic,beta_4_8,500,34,0.3,0.3,0.0,1.0,1.0,False,True,False,True,False,0,0,0.0008379999781027436
paper_f4_logistic__beta_4_8__n500,paper_f4_logistic,beta_4_8,500,35,0.3,0.3,0.0,1.0,1.0,False,True,False,True,False,0,0,0.0008433000184595585
paper_f4_logistic__beta_4_8__n500,paper_f4_logistic,beta_4_8,500,36,0.3,0.3,0.0,1.0,1.0,False,True,False,True,False,0,0,0.0007959000067785382
paper_f4_logistic__beta_4_8__n500,paper_f4_logistic,beta_4_8,500,37,0.3,0.3,0.0,1.0,1.0,False,True,False,True,False,0,0,0.0007080999785102904
paper_f4_logistic__beta_4_8__n500,paper_f4_logistic,beta_4_8,500,38,0.3,0.3,0.0,1.0,1.0,False,True,False,True,False,0,0,0.0008351000142283738
paper_f4_logistic__beta_4_8__n500,paper_f4_logistic,beta_4_8,500,39,0.3,0.3,0.0,1.0,1.0,False,True,False,True,False,0,0,0.0009233999880962074
paper_f4_logistic__beta_4_8__n500,paper_f4_logistic,beta_4_8,500,40,0.3,0.3,0.0,0.4321619610032791,0.4321619610032791,False,True,True,False,False,0,1,0.0009973999694921076
paper_f4_logistic__beta_4_8__n500,paper_f4_logistic,beta_4_8,500,41,0.3,0.3,0.0,1.0,1.0,False,True,False,True,False,0,0,0.0009345000144094229
paper_f4_logistic__beta_4_8__n500,paper_f4_logistic,beta_4_8,500,42,0.3,0.3,0.0,1.0,1.0,False,True,False,True,False,0,0,0.0009694000473245978
paper_f4_logistic__beta_4_8__n500,paper_f4_logistic,beta_4_8,500,43,0.3,0.3,0.0,1.0,1.0,False,True,False,True,False,0,0,0.000950800022110343
paper_f4_logistic__beta_4_8__n500,paper_f4_logistic,beta_4_8,500,44,0.3,0.3,0.0,1.0,1.0,False,True,False,True,False,0,0,0.0009541999897919595
paper_f4_logistic__beta_4_8__n500,paper_f4_logistic,beta_4_8,500,45,0.3,0.3,0.0,1.0,1.0,False,True,False,True,False,0,0,0.0011240000021643937
paper_f4_logistic__beta_4_8__n500,paper_f4_logistic,beta_4_8,500,46,0.3,0.3,0.0,1.0,1.0,False,True,False,True,False,0,0,0.00104310002643615
paper_f4_logistic__beta_4_8__n500,paper_f4_logistic,beta_4_8,500,47,0.3,0.3,0.0,1.0,1.0,False,True,False,True,False,0,0,0.000838699983432889
paper_f4_logistic__beta_4_8__n500,paper_f4_logistic,beta_4_8,500,48,0.3,0.3,0.0,1.0,1.0,False,True,False,True,False,0,0,0.0011748999822884798
paper_f4_logistic__beta_4_8__n500,paper_f4_logistic,beta_4_8,500,49,0.3,0.3,0.0,1.0,1.0,False,True,False,True,False,0,0,0.000929799978621304
paper_f4_logistic__beta_4_8__n500,paper_f4_logistic,beta_4_8,500,50,0.3,0.3,0.0,1.0,1.0,False,True,False,True,False,0,0,0.0008514000219292939
paper_f4_logistic__beta_4_8__n500,paper_f4_logistic,beta_4_8,500,51,0.3,0.3,0.0,1.0,1.0,False,True,False,True,False,0,0,0.0008379000355489552
paper_f4_logistic__beta_4_8__n500,paper_f4_logistic,beta_4_8,500,52,0.3,0.3,0.0,1.0,1.0,False,True,False,True,False,0,0,0.0009885000181384385
paper_f4_logistic__beta_4_8__n500,paper_f4_logistic,beta_4_8,500,53,0.3,0.3,0.0,1.0,1.0,False,True,False,True,False,0,0,0.0008642000029794872
paper_f4_logistic__beta_4_8__n500,paper_f4_logistic,beta_4_8,500,54,0.3,0.3,0.0,1.0,1.0,False,True,False,True,False,0,0,0.0007807999500073493
paper_f4_logistic__beta_4_8__n500,paper_f4_logistic,beta_4_8,500,55,0.3,0.3,0.0,1.0,1.0,False,True,False,True,False,0,0,0.0008434000192210078
paper_f4_logistic__beta_4_8__n500,paper_f4_logistic,beta_4_8,500,56,0.3,0.3,0.23847436232630131,0.24220479669336845,0.0037304343670671314,False,False,True,False,False,1,1,0.000805300020147115
paper_f4_logistic__beta_4_8__n500,paper_f4_logistic,beta_4_8,500,57,0.3,0.3,0.0,1.0,1.0,False,True,False,True,False,0,0,0.0009114000131376088
paper_f4_logistic__beta_4_8__n500,paper_f4_logistic,beta_4_8,500,58,0.3,0.3,0.0,1.0,1.0,False,True,False,True,False,0,0,0.0008177999989129603
paper_f4_logistic__beta_4_8__n500,paper_f4_logistic,beta_4_8,500,59,0.3,0.3,0.0,1.0,1.0,False,True,False,True,False,0,0,0.000825700000859797
paper_f4_logistic__beta_4_8__n500,paper_f4_logistic,beta_4_8,500,60,0.3,0.3,0.0,1.0,1.0,False,True,False,True,False,0,0,0.000631400034762919
paper_f4_logistic__beta_4_8__n500,paper_f4_logistic,beta_4_8,500,61,0.3,0.3,0.0,1.0,1.0,False,True,False,True,False,0,0,0.0006387999746948481
paper_f4_logistic__beta_4_8__n500,paper_f4_logistic,beta_4_8,500,62,0.3,0.3,0.0,1.0,1.0,False,True,False,True,False,0,0,0.0005864999839104712
paper_f4_logistic__beta_4_8__n500,paper_f4_logistic,beta_4_8,500,63,0.3,0.3,0.0,1.0,1.0,False,True,False,True,False,0,0,0.0005662000039592385
paper_f4_logistic__beta_4_8__n500,paper_f4_logistic,beta_4_8,500,64,0.3,0.3,0.0,1.0,1.0,False,True,False,True,False,0,0,0.0006135000148788095
paper_f4_logistic__beta_4_8__n500,paper_f4_logistic,beta_4_8,500,65,0.3,0.3,0.0,1.0,1.0,False,True,False,True,False,0,0,0.0006199000054039061
paper_f4_logistic__beta_4_8__n500,paper_f4_logistic,beta_4_8,500,66,0.3,0.3,0.0,1.0,1.0,False,True,False,True,False,0,0,0.0006447000196203589
paper_f4_logistic__beta_4_8__n500,paper_f4_logistic,beta_4_8,500,67,0.3,0.3,0.0,1.0,1.0,False,True,False,True,False,0,0,0.0006924999761395156
paper_f4_logistic__beta_4_8__n500,paper_f4_logistic,beta_4_8,500,68,0.3,0.3,0.0,1.0,1.0,False,True,False,True,False,0,0,0.0010718000121414661
paper_f4_logistic__beta_4_8__n500,paper_f4_logistic,beta_4_8,500,69,0.3,0.3,0.0,1.0,1.0,False,True,False,True,False,0,0,0.0009146000375039876
paper_f4_logistic__beta_4_8__n500,paper_f4_logistic,beta_4_8,500,70,0.3,0.3,0.0,1.0,1.0,False,True,False,True,False,0,0,0.0010149000445380807
paper_f4_logistic__beta_4_8__n500,paper_f4_logistic,beta_4_8,500,71,0.3,0.3,0.0,1.0,1.0,False,True,False,True,False,0,0,0.0011467000003904104
paper_f4_logistic__beta_4_8__n500,paper_f4_logistic,beta_4_8,500,72,0.3,0.3,0.0,1.0,1.0,False,True,False,True,False,0,0,0.0008753000292927027
paper_f4_logistic__beta_4_8__n500,paper_f4_logistic,beta_4_8,500,73,0.3,0.3,0.0,1.0,1.0,False,True,False,True,False,0,0,0.0008162999874912202
paper_f4_logistic__beta_4_8__n500,paper_f4_logistic,beta_4_8,500,74,0.3,0.3,0.0,1.0,1.0,False,True,False,True,False,0,0,0.0008039000094868243
paper_f4_logistic__beta_4_8__n500,paper_f4_logistic,beta_4_8,500,75,0.3,0.3,0.0,1.0,1.0,False,True,False,True,False,0,0,0.0008164999890141189
paper_f4_logistic__beta_4_8__n500,paper_f4_logistic,beta_4_8,500,76,0.3,0.3,0.0,1.0,1.0,False,True,False,True,False,0,0,0.0007866999949328601
paper_f4_logistic__beta_4_8__n500,paper_f4_logistic,beta_4_8,500,77,0.3,0.3,0.0,1.0,1.0,False,True,False,True,False,0,0,0.0007653000066056848
paper_f4_logistic__beta_4_8__n500,paper_f4_logistic,beta_4_8,500,78,0.3,0.3,0.0,1.0,1.0,False,True,False,True,False,0,0,0.0007752999663352966
paper_f4_logistic__beta_4_8__n500,paper_f4_logistic,beta_4_8,500,79,0.3,0.3,0.0,1.0,1.0,False,True,False,True,False,0,0,0.0007794000557623804
paper_f4_logistic__beta_4_8__n500,paper_f4_logistic,beta_4_8,500,80,0.3,0.3,0.0,1.0,1.0,False,True,False,True,False,0,0,0.0007530999719165266
paper_f4_logistic__beta_4_8__n500,paper_f4_logistic,beta_4_8,500,81,0.3,0.3,0.0,1.0,1.0,False,True,False,True,False,0,0,0.0008350000134669244
paper_f4_logistic__beta_4_8__n500,paper_f4_logistic,beta_4_8,500,82,0.3,0.3,0.0,1.0,1.0,False,True,False,True,False,0,0,0.0009542999905534089
paper_f4_logistic__beta_4_8__n500,paper_f4_logistic,beta_4_8,500,83,0.3,0.3,0.0,1.0,1.0,False,True,False,True,False,0,0,0.0009195999591611326
paper_f4_logistic__beta_4_8__n500,paper_f4_logistic,beta_4_8,500,84,0.3,0.3,0.0,1.0,1.0,False,True,False,True,False,0,0,0.0008775999885983765
paper_f4_logistic__beta_4_8__n500,paper_f4_logistic,beta_4_8,500,85,0.3,0.3,0.0,1.0,1.0,False,True,False,True,False,0,0,0.0008291000267490745
paper_f4_logistic__beta_4_8__n500,paper_f4_logistic,beta_4_8,500,86,0.3,0.3,0.0,1.0,1.0,False,True,False,True,False,0,0,0.000825700000859797
paper_f4_logistic__beta_4_8__n500,paper_f4_logistic,beta_4_8,500,87,0.3,0.3,0.0,1.0,1.0,False,True,False,True,False,0,0,0.0008248999947682023
paper_f4_logistic__beta_4_8__n500,paper_f4_logistic,beta_4_8,500,88,0.3,0.3,0.0,1.0,1.0,False,True,False,True,False,0,0,0.0008213000255636871
paper_f4_logistic__beta_4_8__n500,paper_f4_logistic,beta_4_8,500,89,0.3,0.3,0.0,1.0,1.0,False,True,False,True,False,0,0,0.000764199998229742
paper_f4_logistic__beta_4_8__n500,paper_f4_logistic,beta_4_8,500,90,0.3,0.3,0.0,1.0,1.0,False,True,False,True,False,0,0,0.000914999982342124
paper_f4_logistic__beta_4_8__n500,paper_f4_logistic,beta_4_8,500,91,0.3,0.3,0.0,1.0,1.0,False,True,False,True,False,0,0,0.0008207999635487795
paper_f4_logistic__beta_4_8__n500,paper_f4_logistic,beta_4_8,500,92,0.3,0.3,0.0,1.0,1.0,False,True,False,True,False,0,0,0.0009413999505341053
paper_f4_logistic__beta_4_8__n500,paper_f4_logistic,beta_4_8,500,93,0.3,0.3,0.0,1.0,1.0,False,True,False,True,False,0,0,0.0006392999785020947
paper_f4_logistic__beta_4_8__n500,paper_f4_logistic,beta_4_8,500,94,0.3,0.3,0.0,1.0,1.0,False,True,False,True,False,0,0,0.0007853000424802303
paper_f4_logistic__beta_4_8__n500,paper_f4_logistic,beta_4_8,500,95,0.3,0.3,0.0,1.0,1.0,False,True,False,True,False,0,0,0.0008322000503540039
paper_f4_logistic__beta_4_8__n500,paper_f4_logistic,beta_4_8,500,96,0.3,0.3,0.0,1.0,1.0,False,True,False,True,False,0,0,0.0007100999937392771
paper_f4_logistic__beta_4_8__n500,paper_f4_logistic,beta_4_8,500,97,0.3,0.3,0.0,0.2123961466252838,0.2123961466252838,False,False,True,False,False,0,1,0.0005425999988801777
paper_f4_logistic__beta_4_8__n500,paper_f4_logistic,beta_4_8,500,98,0.3,0.3,0.0,1.0,1.0,False,True,False,True,False,0,0,0.0006361000123433769
paper_f4_logistic__beta_4_8__n500,paper_f4_logistic,beta_4_8,500,99,0.3,0.3,0.0,1.0,1.0,False,True,False,True,False,0,0,0.0006072000251151621
paper_f4_logistic__beta_4_8__n500,paper_f4_logistic,beta_4_8,500,100,0.3,0.3,0.0,1.0,1.0,False,True,False,True,False,0,0,0.000661000027321279
paper_f4_logistic__beta_4_8__n500,paper_f4_logistic,beta_4_8,500,101,0.3,0.3,0.0,1.0,1.0,False,True,False,True,False,0,0,0.0007165999850258231
paper_f4_logistic__beta_4_8__n500,paper_f4_logistic,beta_4_8,500,102,0.3,0.3,0.0,1.0,1.0,False,True,False,True,False,0,0,0.0006773999775759876
paper_f4_logistic__beta_4_8__n500,paper_f4_logistic,beta_4_8,500,103,0.3,0.3,0.0,1.0,1.0,False,True,False,True,False,0,0,0.0007650000043213367
paper_f4_logistic__beta_4_8__n500,paper_f4_logistic,beta_4_8,500,104,0.3,0.3,0.0,1.0,1.0,False,True,False,True,False,0,0,0.0005679000169038773
paper_f4_logistic__beta_4_8__n500,paper_f4_logistic,beta_4_8,500,105,0.3,0.3,0.0,1.0,1.0,False,True,False,True,False,0,0,0.0006188999977894127
paper_f4_logistic__beta_4_8__n500,paper_f4_logistic,beta_4_8,500,106,0.3,0.3,0.0,1.0,1.0,False,True,False,True,False,0,0,0.0007036000024527311
paper_f4_logistic__beta_4_8__n500,paper_f4_logistic,beta_4_8,500,107,0.3,0.3,0.0,1.0,1.0,False,True,False,True,False,0,0,0.0008626999915577471
paper_f4_logistic__beta_4_8__n500,paper_f4_logistic,beta_4_8,500,108,0.3,0.3,0.0,1.0,1.0,False,True,False,True,False,0,0,0.0010636000079102814
paper_f4_logistic__beta_4_8__n500,paper_f4_logistic,beta_4_8,500,109,0.3,0.3,0.0,1.0,1.0,False,True,False,True,False,0,0,0.0009175000013783574
paper_f4_logistic__beta_4_8__n500,paper_f4_logistic,beta_4_8,500,110,0.3,0.3,0.0,1.0,1.0,False,True,False,True,False,0,0,0.000881300016772002
paper_f4_logistic__beta_4_8__n500,paper_f4_logistic,beta_4_8,500,111,0.3,0.3,0.0,1.0,1.0,False,True,False,True,False,0,0,0.0008756000315770507
paper_f4_logistic__beta_4_8__n500,paper_f4_logistic,beta_4_8,500,112,0.3,0.3,0.0,1.0,1.0,False,True,False,True,False,0,0,0.0008132000220939517
paper_f4_logistic__beta_4_8__n500,paper_f4_logistic,beta_4_8,500,113,0.3,0.3,0.0,1.0,1.0,False,True,False,True,False,0,0,0.0006716000498272479
paper_f4_logistic__beta_4_8__n500,paper_f4_logistic,beta_4_8,500,114,0.3,0.3,0.0,1.0,1.0,False,True,False,True,False,0,0,0.0007396999862976372
paper_f4_logistic__beta_4_8__n500,paper_f4_logistic,beta_4_8,500,115,0.3,0.3,0.0,1.0,1.0,False,True,False,True,False,0,0,0.0007879000040702522
paper_f4_logistic__beta_4_8__n500,paper_f4_logistic,beta_4_8,500,116,0.3,0.3,0.0,1.0,1.0,False,True,False,True,False,0,0,0.0007981999660842121
paper_f4_logistic__beta_4_8__n500,paper_f4_logistic,beta_4_8,500,117,0.3,0.3,0.0,1.0,1.0,False,True,False,True,False,0,0,0.0007357000140473247
paper_f4_logistic__beta_4_8__n500,paper_f4_logistic,beta_4_8,500,118,0.3,0.3,0.0,1.0,1.0,False,True,False,True,False,0,0,0.0007793999975547194
paper_f4_logistic__beta_4_8__n500,paper_f4_logistic,beta_4_8,500,119,0.3,0.3,0.0,1.0,1.0,False,True,False,True,False,0,0,0.0007933999877423048
paper_f4_logistic__beta_4_8__n500,paper_f4_logistic,beta_4_8,500,120,0.3,0.3,0.0,1.0,1.0,False,True,False,True,False,0,0,0.0006972000119276345
paper_f4_logistic__beta_4_8__n500,paper_f4_logistic,beta_4_8,500,121,0.3,0.3,0.0,1.0,1.0,False,True,False,True,False,0,0,0.001011099957395345
paper_f4_logistic__beta_4_8__n500,paper_f4_logistic,beta_4_8,500,122,0.3,0.3,0.0,1.0,1.0,False,True,False,True,False,0,0,0.0009112000116147101
paper_f4_logistic__beta_4_8__n500,paper_f4_logistic,beta_4_8,500,123,0.3,0.3,0.0,0.2728747537475589,0.2728747537475589,False,False,True,False,False,0,1,0.0007114000036381185
paper_f4_logistic__beta_4_8__n500,paper_f4_logistic,beta_4_8,500,124,0.3,0.3,0.0,1.0,1.0,False,True,False,True,False,0,0,0.0008131000213325024
paper_f4_logistic__beta_4_8__n500,paper_f4_logistic,beta_4_8,500,125,0.3,0.3,0.0,1.0,1.0,False,True,False,True,False,0,0,0.000779300055000931
paper_f4_logistic__beta_4_8__n500,paper_f4_logistic,beta_4_8,500,126,0.3,0.3,0.2148982294420239,1.0,0.7851017705579761,False,True,True,False,False,1,0,0.0008407999994233251
paper_f4_logistic__beta_4_8__n500,paper_f4_logistic,beta_4_8,500,127,0.3,0.3,0.0,1.0,1.0,False,True,False,True,False,0,0,0.0007593000191263855
paper_f4_logistic__beta_4_8__n500,paper_f4_logistic,beta_4_8,500,128,0.3,0.3,0.0,1.0,1.0,False,True,False,True,False,0,0,0.0007639999967068434
paper_f4_logistic__beta_4_8__n500,paper_f4_logistic,beta_4_8,500,129,0.3,0.3,0.0,1.0,1.0,False,True,False,True,False,0,0,0.0007044999510981143
paper_f4_logistic__beta_4_8__n500,paper_f4_logistic,beta_4_8,500,130,0.3,0.3,0.0,1.0,1.0,False,True,False,True,False,0,0,0.0008329999982379377
paper_f4_logistic__beta_4_8__n500,paper_f4_logistic,beta_4_8,500,131,0.3,0.3,0.0,1.0,1.0,False,True,False,True,False,0,0,0.0006763000274077058
paper_f4_logistic__beta_4_8__n500,paper_f4_logistic,beta_4_8,500,132,0.3,0.3,0.0,1.0,1.0,False,True,False,True,False,0,0,0.0007069000275805593
paper_f4_logistic__beta_4_8__n500,paper_f4_logistic,beta_4_8,500,133,0.3,0.3,0.0,1.0,1.0,False,True,False,True,False,0,0,0.0007685000309720635
paper_f4_logistic__beta_4_8__n500,paper_f4_logistic,beta_4_8,500,134,0.3,0.3,0.0,1.0,1.0,False,True,False,True,False,0,0,0.0009345999569632113
paper_f4_logistic__beta_4_8__n500,paper_f4_logistic,beta_4_8,500,135,0.3,0.3,0.0,1.0,1.0,False,True,False,True,False,0,0,0.0007601000252179801
paper_f4_logistic__beta_4_8__n500,paper_f4_logistic,beta_4_8,500,136,0.3,0.3,0.0,1.0,1.0,False,True,False,True,False,0,0,0.0006236000335775316
paper_f4_logistic__beta_4_8__n500,paper_f4_logistic,beta_4_8,500,137,0.3,0.3,0.0,1.0,1.0,False,True,False,True,False,0,0,0.0007129000150598586
paper_f4_logistic__beta_4_8__n500,paper_f4_logistic,beta_4_8,500,138,0.3,0.3,0.0,1.0,1.0,False,True,False,True,False,0,0,0.0007658999529667199
paper_f4_logistic__beta_4_8__n500,paper_f4_logistic,beta_4_8,500,139,0.3,0.3,0.0,1.0,1.0,False,True,False,True,False,0,0,0.0006841999711468816
paper_f4_logistic__beta_4_8__n500,paper_f4_logistic,beta_4_8,500,140,0.3,0.3,0.0,1.0,1.0,False,True,False,True,False,0,0,0.0007807000074535608
paper_f4_logistic__beta_4_8__n500,paper_f4_logistic,beta_4_8,500,141,0.3,0.3,0.0,1.0,1.0,False,True,False,True,False,0,0,0.0006489999941550195
paper_f4_logistic__beta_4_8__n500,paper_f4_logistic,beta_4_8,500,142,0.3,0.3,0.0,1.0,1.0,False,True,False,True,False,0,0,0.0006920999730937183
paper_f4_logistic__beta_4_8__n500,paper_f4_logistic,beta_4_8,500,143,0.3,0.3,0.0,1.0,1.0,False,True,False,True,False,0,0,0.0005979999550618231
paper_f4_logistic__beta_4_8__n500,paper_f4_logistic,beta_4_8,500,144,0.3,0.3,0.0,1.0,1.0,False,True,False,True,False,0,0,0.0005471000331453979
paper_f4_logistic__beta_4_8__n500,paper_f4_logistic,beta_4_8,500,145,0.3,0.3,0.0,1.0,1.0,False,True,False,True,False,0,0,0.0006188999977894127
paper_f4_logistic__beta_4_8__n500,paper_f4_logistic,beta_4_8,500,146,0.3,0.3,0.0,1.0,1.0,False,True,False,True,False,0,0,0.0006358000100590289
paper_f4_logistic__beta_4_8__n500,paper_f4_logistic,beta_4_8,500,147,0.3,0.3,0.0,1.0,1.0,False,True,False,True,False,0,0,0.0006312000332400203
paper_f4_logistic__beta_4_8__n500,paper_f4_logistic,beta_4_8,500,148,0.3,0.3,0.0,1.0,1.0,False,True,False,True,False,0,0,0.0008366000256501138
paper_f4_logistic__beta_4_8__n500,paper_f4_logistic,beta_4_8,500,149,0.3,0.3,0.0,1.0,1.0,False,True,False,True,False,0,0,0.0007920999778434634
paper_f4_logistic__beta_4_8__n500,paper_f4_logistic,beta_4_8,500,150,0.3,0.3,0.0,1.0,1.0,False,True,False,True,False,0,0,0.0007509000133723021
paper_f4_logistic__beta_4_8__n500,paper_f4_logistic,beta_4_8,500,151,0.3,0.3,0.0,1.0,1.0,False,True,False,True,False,0,0,0.0006192000000737607
paper_f4_logistic__beta_4_8__n500,paper_f4_logistic,beta_4_8,500,152,0.3,0.3,0.0,1.0,1.0,False,True,False,True,False,0,0,0.000584700028412044
paper_f4_logistic__beta_4_8__n500,paper_f4_logistic,beta_4_8,500,153,0.3,0.3,0.0,0.33806005668544536,0.33806005668544536,False,True,True,False,False,0,1,0.0004996000207029283
paper_f4_logistic__beta_4_8__n500,paper_f4_logistic,beta_4_8,500,154,0.3,0.3,0.0,1.0,1.0,False,True,False,True,False,0,0,0.0005117999971844256
paper_f4_logistic__beta_4_8__n500,paper_f4_logistic,beta_4_8,500,155,0.3,0.3,0.0,1.0,1.0,False,True,False,True,False,0,0,0.0004830000107176602
paper_f4_logistic__beta_4_8__n500,paper_f4_logistic,beta_4_8,500,156,0.3,0.3,0.0,1.0,1.0,False,True,False,True,False,0,0,0.0004854999715462327
paper_f4_logistic__beta_4_8__n500,paper_f4_logistic,beta_4_8,500,157,0.3,0.3,0.0,1.0,1.0,False,True,False,True,False,0,0,0.0005173999816179276
paper_f4_logistic__beta_4_8__n500,paper_f4_logistic,beta_4_8,500,158,0.3,0.3,0.0,1.0,1.0,False,True,False,True,False,0,0,0.0005122000002302229
paper_f4_logistic__beta_4_8__n500,paper_f4_logistic,beta_4_8,500,159,0.3,0.3,0.0,1.0,1.0,False,True,False,True,False,0,0,0.0005217999569140375
paper_f4_logistic__beta_4_8__n500,paper_f4_logistic,beta_4_8,500,160,0.3,0.3,0.0,1.0,1.0,False,True,False,True,False,0,0,0.0004876000457443297
paper_f4_logistic__beta_4_8__n500,paper_f4_logistic,beta_4_8,500,161,0.3,0.3,0.0,1.0,1.0,False,True,False,True,False,0,0,0.0004767999635078013
paper_f4_logistic__beta_4_8__n500,paper_f4_logistic,beta_4_8,500,162,0.3,0.3,0.0,1.0,1.0,False,True,False,True,False,0,0,0.0005067999591119587
paper_f4_logistic__beta_4_8__n500,paper_f4_logistic,beta_4_8,500,163,0.3,0.3,0.0,1.0,1.0,False,True,False,True,False,0,0,0.000499500019941479
paper_f4_logistic__beta_4_8__n500,paper_f4_logistic,beta_4_8,500,164,0.3,0.3,0.0,1.0,1.0,False,True,False,True,False,0,0,0.0006286999559961259
paper_f4_logistic__beta_4_8__n500,paper_f4_logistic,beta_4_8,500,165,0.3,0.3,0.0,1.0,1.0,False,True,False,True,False,0,0,0.0010603000409901142
paper_f4_logistic__beta_4_8__n500,paper_f4_logistic,beta_4_8,500,166,0.3,0.3,0.0,1.0,1.0,False,True,False,True,False,0,0,0.0009885000181384385
paper_f4_logistic__beta_4_8__n500,paper_f4_logistic,beta_4_8,500,167,0.3,0.3,0.0,1.0,1.0,False,True,False,True,False,0,0,0.0008585000177845359
paper_f4_logistic__beta_4_8__n500,paper_f4_logistic,beta_4_8,500,168,0.3,0.3,0.0,1.0,1.0,False,True,False,True,False,0,0,0.0009241999941878021
paper_f4_logistic__beta_4_8__n500,paper_f4_logistic,beta_4_8,500,169,0.3,0.3,0.0,1.0,1.0,False,True,False,True,False,0,0,0.0007177999941632152
paper_f4_logistic__beta_4_8__n500,paper_f4_logistic,beta_4_8,500,170,0.3,0.3,0.0,1.0,1.0,False,True,False,True,False,0,0,0.0007152000325731933
paper_f4_logistic__beta_4_8__n500,paper_f4_logistic,beta_4_8,500,171,0.3,0.3,0.0,1.0,1.0,False,True,False,True,False,0,0,0.0007976999622769654
paper_f4_logistic__beta_4_8__n500,paper_f4_logistic,beta_4_8,500,172,0.3,0.3,0.0,1.0,1.0,False,True,False,True,False,0,0,0.0007250999915413558
paper_f4_logistic__beta_4_8__n500,paper_f4_logistic,beta_4_8,500,173,0.3,0.3,0.0,1.0,1.0,False,True,False,True,False,0,0,0.0005445000133477151
paper_f4_logistic__beta_4_8__n500,paper_f4_logistic,beta_4_8,500,174,0.3,0.3,0.0,1.0,1.0,False,True,False,True,False,0,0,0.0005999999702908099
paper_f4_logistic__beta_4_8__n500,paper_f4_logistic,beta_4_8,500,175,0.3,0.3,0.0,1.0,1.0,False,True,False,True,False,0,0,0.0006277000065892935
paper_f4_logistic__beta_4_8__n500,paper_f4_logistic,beta_4_8,500,176,0.3,0.3,0.0,1.0,1.0,False,True,False,True,False,0,0,0.0005186999915167689
paper_f4_logistic__beta_4_8__n500,paper_f4_logistic,beta_4_8,500,177,0.3,0.3,0.0,1.0,1.0,False,True,False,True,False,0,0,0.0005489999894052744
paper_f4_logistic__beta_4_8__n500,paper_f4_logistic,beta_4_8,500,178,0.3,0.3,0.0,1.0,1.0,False,True,False,True,False,0,0,0.0006073000258766115
paper_f4_logistic__beta_4_8__n500,paper_f4_logistic,beta_4_8,500,179,0.3,0.3,0.0,1.0,1.0,False,True,False,True,False,0,0,0.0009238999919034541
paper_f4_logistic__beta_4_8__n500,paper_f4_logistic,beta_4_8,500,180,0.3,0.3,0.0,1.0,1.0,False,True,False,True,False,0,0,0.0006194000015966594
paper_f4_logistic__beta_4_8__n500,paper_f4_logistic,beta_4_8,500,181,0.3,0.3,0.0,1.0,1.0,False,True,False,True,False,0,0,0.0007283000159077346
paper_f4_logistic__beta_4_8__n500,paper_f4_logistic,beta_4_8,500,182,0.3,0.3,0.0,1.0,1.0,False,True,False,True,False,0,0,0.0007754000253044069
paper_f4_logistic__beta_4_8__n500,paper_f4_logistic,beta_4_8,500,183,0.3,0.3,0.0,1.0,1.0,False,True,False,True,False,0,0,0.0007183000561781228
paper_f4_logistic__beta_4_8__n500,paper_f4_logistic,beta_4_8,500,184,0.3,0.3,0.0,1.0,1.0,False,True,False,True,False,0,0,0.0007864999934099615
paper_f4_logistic__beta_4_8__n500,paper_f4_logistic,beta_4_8,500,185,0.3,0.3,0.0,1.0,1.0,False,True,False,True,False,0,0,0.0007353999535553157
paper_f4_logistic__beta_4_8__n500,paper_f4_logistic,beta_4_8,500,186,0.3,0.3,0.28182890473154487,1.0,0.7181710952684551,False,True,True,False,False,1,0,0.0007811000104993582
paper_f4_logistic__beta_4_8__n500,paper_f4_logistic,beta_4_8,500,187,0.3,0.3,0.0,1.0,1.0,False,True,False,True,False,0,0,0.00077039998723194
paper_f4_logistic__beta_4_8__n500,paper_f4_logistic,beta_4_8,500,188,0.3,0.3,0.0,1.0,1.0,False,True,False,True,False,0,0,0.000686699990183115
paper_f4_logistic__beta_4_8__n500,paper_f4_logistic,beta_4_8,500,189,0.3,0.3,0.0,1.0,1.0,False,True,False,True,False,0,0,0.0006962000043131411
paper_f4_logistic__beta_4_8__n500,paper_f4_logistic,beta_4_8,500,190,0.3,0.3,0.0,1.0,1.0,False,True,False,True,False,0,0,0.0007418000022880733
paper_f4_logistic__beta_4_8__n500,paper_f4_logistic,beta_4_8,500,191,0.3,0.3,0.0,1.0,1.0,False,True,False,True,False,0,0,0.0007759000291116536
paper_f4_logistic__beta_4_8__n500,paper_f4_logistic,beta_4_8,500,192,0.3,0.3,0.0,1.0,1.0,False,True,False,True,False,0,0,0.0008439999655820429
paper_f4_logistic__beta_4_8__n500,paper_f4_logistic,beta_4_8,500,193,0.3,0.3,0.0,1.0,1.0,False,True,False,True,False,0,0,0.000754999986384064
paper_f4_logistic__beta_4_8__n500,paper_f4_logistic,beta_4_8,500,194,0.3,0.3,0.4125191117507585,1.0,0.5874808882492415,False,False,True,False,False,1,0,0.0006413999944925308
paper_f4_logistic__beta_4_8__n500,paper_f4_logistic,beta_4_8,500,195,0.3,0.3,0.0,1.0,1.0,False,True,False,True,False,0,0,0.0006926000351086259
paper_f4_logistic__beta_4_8__n500,paper_f4_logistic,beta_4_8,500,196,0.3,0.3,0.0,1.0,1.0,False,True,False,True,False,0,0,0.0010556000052019954
paper_f4_logistic__beta_4_8__n500,paper_f4_logistic,beta_4_8,500,197,0.3,0.3,0.0,1.0,1.0,False,True,False,True,False,0,0,0.0008148999768309295
paper_f4_logistic__beta_4_8__n500,paper_f4_logistic,beta_4_8,500,198,0.3,0.3,0.0,1.0,1.0,False,True,False,True,False,0,0,0.0008169999928213656
paper_f4_logistic__beta_4_8__n500,paper_f4_logistic,beta_4_8,500,199,0.3,0.3,0.0,1.0,1.0,False,True,False,True,False,0,0,0.0007719999994151294
control_affine__beta_4_8__n500,control_affine,beta_4_8,500,0,0.0,1.0,0.37310357959793894,0.3785057897032731,0.005402210105334149,False,False,True,False,False,5,3,0.0007250999915413558
control_affine__beta_4_8__n500,control_affine,beta_4_8,500,1,0.0,1.0,0.0,1.0,1.0,False,True,False,True,False,0,0,0.0005992000224068761
control_affine__beta_4_8__n500,control_affine,beta_4_8,500,2,0.0,1.0,0.0,1.0,1.0,False,True,False,True,False,0,0,0.0006155999726615846
control_affine__beta_4_8__n500,control_affine,beta_4_8,500,3,0.0,1.0,0.0,1.0,1.0,False,True,False,True,False,0,0,0.0008802000083960593
control_affine__beta_4_8__n500,control_affine,beta_4_8,500,4,0.0,1.0,0.0,1.0,1.0,False,True,False,True,False,0,0,0.0007977000204846263
control_affine__beta_4_8__n500,control_affine,beta_4_8,500,5,0.0,1.0,0.0,1.0,1.0,False,True,False,True,False,0,0,0.0009024000028148293
control_affine__beta_4_8__n500,control_affine,beta_4_8,500,6,0.0,1.0,0.0,1.0,1.0,False,True,False,True,False,0,0,0.0008363999659195542
control_affine__beta_4_8__n500,control_affine,beta_4_8,500,7,0.0,1.0,0.0,1.0,1.0,False,True,False,True,False,0,0,0.0009679000359028578
control_affine__beta_4_8__n500,control_affine,beta_4_8,500,8,0.0,1.0,0.0,1.0,1.0,False,True,False,True,False,0,0,0.0009062999743036926
control_affine__beta_4_8__n500,control_affine,beta_4_8,500,9,0.0,1.0,0.0,1.0,1.0,False,True,False,True,False,0,0,0.0007717999978922307
control_affine__beta_4_8__n500,control_affine,beta_4_8,500,10,0.0,1.0,0.0,1.0,1.0,False,True,False,True,False,0,0,0.0007953000022098422
control_affine__beta_4_8__n500,control_affine,beta_4_8,500,11,0.0,1.0,0.0,1.0,1.0,False,True,False,True,False,0,0,0.0006965000065974891
control_affine__beta_4_8__n500,control_affine,beta_4_8,500,12,0.0,1.0,0.0,1.0,1.0,False,True,False,True,False,0,0,0.0006540999747812748
control_affine__beta_4_8__n500,control_affine,beta_4_8,500,13,0.0,1.0,0.0,1.0,1.0,False,True,False,True,False,0,0,0.0005525999586097896
control_affine__beta_4_8__n500,control_affine,beta_4_8,500,14,0.0,1.0,0.37005745900629167,1.0,0.6299425409937083,False,False,True,False,False,1,0,0.0006543999770656228
control_affine__beta_4_8__n500,control_affine,beta_4_8,500,15,0.0,1.0,0.0,1.0,1.0,False,True,False,True,False,0,0,0.0007530000293627381
control_affine__beta_4_8__n500,control_affine,beta_4_8,500,16,0.0,1.0,0.0,1.0,1.0,False,True,False,True,False,0,0,0.0007314999820664525
control_affine__beta_4_8__n500,control_affine,beta_4_8,500,17,0.0,1.0,0.0,1.0,1.0,False,True,False,True,False,0,0,0.0007602999685332179
control_affine__beta_4_8__n500,control_affine,beta_4_8,500,18,0.0,1.0,0.0,1.0,1.0,False,True,False,True,False,0,0,0.0007986999698914587
control_affine__beta_4_8__n500,control_affine,beta_4_8,500,19,0.0,1.0,0.0,1.0,1.0,False,True,False,True,False,0,0,0.0006947999936528504
control_affine__beta_4_8__n500,control_affine,beta_4_8,500,20,0.0,1.0,0.0,1.0,1.0,False,True,False,True,False,0,0,0.0005665000062435865
control_affine__beta_4_8__n500,control_affine,beta_4_8,500,21,0.0,1.0,0.0,1.0,1.0,False,True,False,True,False,0,0,0.0006930999807082117
control_affine__beta_4_8__n500,control_affine,beta_4_8,500,22,0.0,1.0,0.0,1.0,1.0,False,True,False,True,False,0,0,0.0004805999924428761
control_affine__beta_4_8__n500,control_affine,beta_4_8,500,23,0.0,1.0,0.0,1.0,1.0,False,True,False,True,False,0,0,0.0005098999827168882
control_affine__beta_4_8__n500,control_affine,beta_4_8,500,24,0.0,1.0,0.0,1.0,1.0,False,True,False,True,False,0,0,0.0007374999695457518
control_affine__beta_4_8__n500,control_affine,beta_4_8,500,25,0.0,1.0,0.0,1.0,1.0,False,True,False,True,False,0,0,0.0006492999964393675
control_affine__beta_4_8__n500,control_affine,beta_4_8,500,26,0.0,1.0,0.0,1.0,1.0,False,True,False,True,False,0,0,0.0006225000252015889
control_affine__beta_4_8__n500,control_affine,beta_4_8,500,27,0.0,1.0,0.0,1.0,1.0,False,True,False,True,False,0,0,0.0007284999592229724
control_affine__beta_4_8__n500,control_affine,beta_4_8,500,28,0.0,1.0,0.0,1.0,1.0,False,True,False,True,False,0,0,0.0008734000148251653
control_affine__beta_4_8__n500,control_affine,beta_4_8,500,29,0.0,1.0,0.0,1.0,1.0,False,True,False,True,False,0,0,0.0007010999834164977
control_affine__beta_4_8__n500,control_affine,beta_4_8,500,30,0.0,1.0,0.0,1.0,1.0,False,True,False,True,False,0,0,0.0007039999472908676
control_affine__beta_4_8__n500,control_affine,beta_4_8,500,31,0.0,1.0,0.0,1.0,1.0,False,True,False,True,False,0,0,0.0004958999925293028
control_affine__beta_4_8__n500,control_affine,beta_4_8,500,32,0.0,1.0,0.0,1.0,1.0,False,True,False,True,False,0,0,0.0005350999999791384
control_affine__beta_4_8__n500,control_affine,beta_4_8,500,33,0.0,1.0,0.0,1.0,1.0,False,True,False,True,False,0,0,0.0005181999877095222
control_affine__beta_4_8__n500,control_affine,beta_4_8,500,34,0.0,1.0,0.0,1.0,1.0,False,True,False,True,False,0,0,0.0004910000134259462
control_affine__beta_4_8__n500,control_affine,beta_4_8,500,35,0.0,1.0,0.0,1.0,1.0,False,True,False,True,False,0,0,0.0005709999823011458
control_affine__beta_4_8__n500,control_affine,beta_4_8,500,36,0.0,1.0,0.0,1.0,1.0,False,True,False,True,False,0,0,0.0007686999742873013
control_affine__beta_4_8__n500,control_affine,beta_4_8,500,37,0.0,1.0,0.0,1.0,1.0,False,True,False,True,False,0,0,0.0008004999835975468
control_affine__beta_4_8__n500,control_affine,beta_4_8,500,38,0.0,1.0,0.0,1.0,1.0,False,True,False,True,False,0,0,0.0007180999964475632
control_affine__beta_4_8__n500,control_affine,beta_4_8,500,39,0.0,1.0,0.0,1.0,1.0,False,True,False,True,False,0,0,0.0005226999637670815
control_affine__beta_4_8__n500,control_affine,beta_4_8,500,40,0.0,1.0,0.0,1.0,1.0,False,True,False,True,False,0,0,0.0006754999631084502
control_affine__beta_4_8__n500,control_affine,beta_4_8,500,41,0.0,1.0,0.0,1.0,1.0,False,True,False,True,False,0,0,0.0006865999894216657
control_affine__beta_4_8__n500,control_affine,beta_4_8,500,42,0.0,1.0,0.0,1.0,1.0,False,True,False,True,False,0,0,0.0006223999662324786
control_affine__beta_4_8__n500,control_affine,beta_4_8,500,43,0.0,1.0,0.0,1.0,1.0,False,True,False,True,False,0,0,0.0005296000163070858
control_affine__beta_4_8__n500,control_affine,beta_4_8,500,44,0.0,1.0,0.0,1.0,1.0,False,True,False,True,False,0,0,0.0005097999819554389
control_affine__beta_4_8__n500,control_affine,beta_4_8,500,45,0.0,1.0,0.0,1.0,1.0,False,True,False,True,False,0,0,0.0005542000290006399
control_affine__beta_4_8__n500,control_affine,beta_4_8,500,46,0.0,1.0,0.0,1.0,1.0,False,True,False,True,False,0,0,0.0006219000206328928
control_affine__beta_4_8__n500,control_affine,beta_4_8,500,47,0.0,1.0,0.0,1.0,1.0,False,True,False,True,False,0,0,0.000560699962079525
control_affine__beta_4_8__n500,control_affine,beta_4_8,500,48,0.0,1.0,0.0,1.0,1.0,False,True,False,True,False,0,0,0.0005781999789178371
control_affine__beta_4_8__n500,control_affine,beta_4_8,500,49,0.0,1.0,0.0,1.0,1.0,False,True,False,True,False,0,0,0.0005756000173278153
control_affine__beta_4_8__n500,control_affine,beta_4_8,500,50,0.0,1.0,0.0,1.0,1.0,False,True,False,True,False,0,0,0.0007377000292763114
control_affine__beta_4_8__n500,control_affine,beta_4_8,500,51,0.0,1.0,0.0,1.0,1.0,False,True,False,True,False,0,0,0.0010918999905698001
control_affine__beta_4_8__n500,control_affine,beta_4_8,500,52,0.0,1.0,0.0,1.0,1.0,False,True,False,True,False,0,0,0.0009216999751515687
control_affine__beta_4_8__n500,control_affine,beta_4_8,500,53,0.0,1.0,0.0,1.0,1.0,False,True,False,True,False,0,0,0.0006902999593876302
control_affine__beta_4_8__n500,control_affine,beta_4_8,500,54,0.0,1.0,0.1928707057331177,1.0,0.8071292942668823,False,False,True,False,False,1,0,0.0006323999841697514
control_affine__beta_4_8__n500,control_affine,beta_4_8,500,55,0.0,1.0,0.0,1.0,1.0,False,True,False,True,False,0,0,0.0005126999458298087
control_affine__beta_4_8__n500,control_affine,beta_4_8,500,56,0.0,1.0,0.0,1.0,1.0,False,True,False,True,False,0,0,0.0005190999945625663
control_affine__beta_4_8__n500,control_affine,beta_4_8,500,57,0.0,1.0,0.0,1.0,1.0,False,True,False,True,False,0,0,0.0005239999736659229
control_affine__beta_4_8__n500,control_affine,beta_4_8,500,58,0.0,1.0,0.0,1.0,1.0,False,True,False,True,False,0,0,0.00046740000834688544
control_affine__beta_4_8__n500,control_affine,beta_4_8,500,59,0.0,1.0,0.0,1.0,1.0,False,True,False,True,False,0,0,0.0004974000039510429
control_affine__beta_4_8__n500,control_affine,beta_4_8,500,60,0.0,1.0,0.0,1.0,1.0,False,True,False,True,False,0,0,0.0005764999659731984
control_affine__beta_4_8__n500,control_affine,beta_4_8,500,61,0.0,1.0,0.0,1.0,1.0,False,True,False,True,False,0,0,0.0006773999775759876
control_affine__beta_4_8__n500,control_affine,beta_4_8,500,62,0.0,1.0,0.0,1.0,1.0,False,True,False,True,False,0,0,0.0008577000116929412
control_affine__beta_4_8__n500,control_affine,beta_4_8,500,63,0.0,1.0,0.0,1.0,1.0,False,True,False,True,False,0,0,0.0008056999649852514
control_affine__beta_4_8__n500,control_affine,beta_4_8,500,64,0.0,1.0,0.0,1.0,1.0,False,True,False,True,False,0,0,0.0006730000022798777
control_affine__beta_4_8__n500,control_affine,beta_4_8,500,65,0.0,1.0,0.0,0.28319917456252436,0.28319917456252436,False,False,True,False,False,0,1,0.0006369000184349716
control_affine__beta_4_8__n500,control_affine,beta_4_8,500,66,0.0,1.0,0.0,1.0,1.0,False,True,False,True,False,0,0,0.0005872000474482775
control_affine__beta_4_8__n500,control_affine,beta_4_8,500,67,0.0,1.0,0.0,1.0,1.0,False,True,False,True,False,0,0,0.0008061999687924981
control_affine__beta_4_8__n500,control_affine,beta_4_8,500,68,0.0,1.0,0.0,1.0,1.0,False,True,False,True,False,0,0,0.0008128000190481544
control_affine__beta_4_8__n500,control_affine,beta_4_8,500,69,0.0,1.0,0.0,1.0,1.0,False,True,False,True,False,0,0,0.0008265000069513917
control_affine__beta_4_8__n500,control_affine,beta_4_8,500,70,0.0,1.0,0.37005745900629167,1.0,0.6299425409937083,False,False,True,False,False,1,0,0.000776599976234138
control_affine__beta_4_8__n500,control_affine,beta_4_8,500,71,0.0,1.0,0.0,1.0,1.0,False,True,False,True,False,0,0,0.0007099999929778278
control_affine__beta_4_8__n500,control_affine,beta_4_8,500,72,0.0,1.0,0.0,1.0,1.0,False,True,False,True,False,0,0,0.0008811000152491033
control_affine__beta_4_8__n500,control_affine,beta_4_8,500,73,0.0,1.0,0.0,1.0,1.0,False,True,False,True,False,0,0,0.0008929999894462526
control_affine__beta_4_8__n500,control_affine,beta_4_8,500,74,0.0,1.0,0.0,1.0,1.0,False,True,False,True,False,0,0,0.0008288999670185149
control_affine__beta_4_8__n500,control_affine,beta_4_8,500,75,0.0,1.0,0.0,1.0,1.0,False,True,False,True,False,0,0,0.0008548000478185713
control_affine__beta_4_8__n500,control_affine,beta_4_8,500,76,0.0,1.0,0.0,1.0,1.0,False,True,False,True,False,0,0,0.0008940000552684069
control_affine__beta_4_8__n500,control_affine,beta_4_8,500,77,0.0,1.0,0.0,1.0,1.0,False,True,False,True,False,0,0,0.0009111000108532608
control_affine__beta_4_8__n500,control_affine,beta_4_8,500,78,0.0,1.0,0.0,1.0,1.0,False,True,False,True,False,0,0,0.0008061000262387097
control_affine__beta_4_8__n500,control_affine,beta_4_8,500,79,0.0,1.0,0.0,1.0,1.0,False,True,False,True,False,0,0,0.0008512999629601836
control_affine__beta_4_8__n500,control_affine,beta_4_8,500,80,0.0,1.0,0.0,1.0,1.0,False,True,False,True,False,0,0,0.0006776000373065472
control_affine__beta_4_8__n500,control_affine,beta_4_8,500,81,0.0,1.0,0.0,1.0,1.0,False,True,False,True,False,0,0,0.0007467999821528792
control_affine__beta_4_8__n500,control_affine,beta_4_8,500,82,0.0,1.0,0.0,1.0,1.0,False,True,False,True,False,0,0,0.0006883000023663044
control_affine__beta_4_8__n500,control_affine,beta_4_8,500,83,0.0,1.0,0.0,1.0,1.0,False,True,False,True,False,0,0,0.0008045000140555203
control_affine__beta_4_8__n500,control_affine,beta_4_8,500,84,0.0,1.0,0.0,1.0,1.0,False,True,False,True,False,0,0,0.0007542999810539186
control_affine__beta_4_8__n500,control_affine,beta_4_8,500,85,0.0,1.0,0.0,1.0,1.0,False,True,False,True,False,0,0,0.0006655999459326267
control_affine__beta_4_8__n500,control_affine,beta_4_8,500,86,0.0,1.0,0.0,1.0,1.0,False,True,False,True,False,0,0,0.0005781999789178371
control_affine__beta_4_8__n500,control_affine,beta_4_8,500,87,0.0,1.0,0.0,1.0,1.0,False,True,False,True,False,0,0,0.0007056000176817179
control_affine__beta_4_8__n500,control_affine,beta_4_8,500,88,0.0,1.0,0.0,1.0,1.0,False,True,False,True,False,0,0,0.0006960999453440309
control_affine__beta_4_8__n500,control_affine,beta_4_8,500,89,0.0,1.0,0.0,1.0,1.0,False,True,False,True,False,0,0,0.0006900000153109431
control_affine__beta_4_8__n500,control_affine,beta_4_8,500,90,0.0,1.0,0.0,1.0,1.0,False,True,False,True,False,0,0,0.0007128999568521976
control_affine__beta_4_8__n500,control_affine,beta_4_8,500,91,0.0,1.0,0.0,1.0,1.0,False,True,False,True,False,0,0,0.0006423000013455749
control_affine__beta_4_8__n500,control_affine,beta_4_8,500,92,0.0,1.0,0.0,1.0,1.0,False,True,False,True,False,0,0,0.0007082999800331891
control_affine__beta_4_8__n500,control_affine,beta_4_8,500,93,0.0,1.0,0.0,1.0,1.0,False,True,False,True,False,0,0,0.0009399999980814755
control_affine__beta_4_8__n500,control_affine,beta_4_8,500,94,0.0,1.0,0.0,1.0,1.0,False,True,False,True,False,0,0,0.0008618999854661524
control_affine__beta_4_8__n500,control_affine,beta_4_8,500,95,0.0,1.0,0.0,1.0,1.0,False,True,False,True,False,0,0,0.0006335999933071434
control_affine__beta_4_8__n500,control_affine,beta_4_8,500,96,0.0,1.0,0.0,1.0,1.0,False,True,False,True,False,0,0,0.0005996000254526734
control_affine__beta_4_8__n500,control_affine,beta_4_8,500,97,0.0,1.0,0.0,1.0,1.0,False,True,False,True,False,0,0,0.0004988000146113336
control_affine__beta_4_8__n500,control_affine,beta_4_8,500,98,0.0,1.0,0.0,1.0,1.0,False,True,False,True,False,0,0,0.0006835999665781856
control_affine__beta_4_8__n500,control_affine,beta_4_8,500,99,0.0,1.0,0.0,1.0,1.0,False,True,False,True,False,0,0,0.0007331999950110912
control_affine__beta_4_8__n500,control_affine,beta_4_8,500,100,0.0,1.0,0.0,1.0,1.0,False,True,False,True,False,0,0,0.0008063000277616084
control_affine__beta_4_8__n500,control_affine,beta_4_8,500,101,0.0,1.0,0.0,1.0,1.0,False,True,False,True,False,0,0,0.0008443999686278403
control_affine__beta_4_8__n500,control_affine,beta_4_8,500,102,0.0,1.0,0.0,1.0,1.0,False,True,False,True,False,0,0,0.0007276999531313777
control_affine__beta_4_8__n500,control_affine,beta_4_8,500,103,0.0,1.0,0.0,1.0,1.0,False,True,False,True,False,0,0,0.0007411999977193773
control_affine__beta_4_8__n500,control_affine,beta_4_8,500,104,0.0,1.0,0.0,1.0,1.0,False,True,False,True,False,0,0,0.000748499995097518
control_affine__beta_4_8__n500,control_affine,beta_4_8,500,105,0.0,1.0,0.0,1.0,1.0,False,True,False,True,False,0,0,0.000575200014282018
control_affine__beta_4_8__n500,control_affine,beta_4_8,500,106,0.0,1.0,0.0,1.0,1.0,False,True,False,True,False,0,0,0.0006177000468596816
control_affine__beta_4_8__n500,control_affine,beta_4_8,500,107,0.0,1.0,0.0,1.0,1.0,False,True,False,True,False,0,0,0.000639400037471205
control_affine__beta_4_8__n500,control_affine,beta_4_8,500,108,0.0,1.0,0.0,1.0,1.0,False,True,False,True,False,0,0,0.0006125000072643161
control_affine__beta_4_8__n500,control_affine,beta_4_8,500,109,0.0,1.0,0.0,1.0,1.0,False,True,False,True,False,0,0,0.0005508000031113625
control_affine__beta_4_8__n500,control_affine,beta_4_8,500,110,0.0,1.0,0.0,1.0,1.0,False,True,False,True,False,0,0,0.0004969000001437962
control_affine__beta_4_8__n500,control_affine,beta_4_8,500,111,0.0,1.0,0.0,1.0,1.0,False,True,False,True,False,0,0,0.0005706000374630094
control_affine__beta_4_8__n500,control_affine,beta_4_8,500,112,0.0,1.0,0.0,1.0,1.0,False,True,False,True,False,0,0,0.0006777000380679965
control_affine__beta_4_8__n500,control_affine,beta_4_8,500,113,0.0,1.0,0.0,1.0,1.0,False,True,False,True,False,0,0,0.000735500012524426
control_affine__beta_4_8__n500,control_affine,beta_4_8,500,114,0.0,1.0,0.0,1.0,1.0,False,True,False,True,False,0,0,0.0005865999846719205
control_affine__beta_4_8__n500,control_affine,beta_4_8,500,115,0.0,1.0,0.0,1.0,1.0,False,True,False,True,False,0,0,0.0006631999858655035
control_affine__beta_4_8__n500,control_affine,beta_4_8,500,116,0.0,1.0,0.0,1.0,1.0,False,True,False,True,False,0,0,0.0008523000287823379
control_affine__beta_4_8__n500,control_affine,beta_4_8,500,117,0.0,1.0,0.0,1.0,1.0,False,True,False,True,False,0,0,0.0010460000485181808
control_affine__beta_4_8__n500,control_affine,beta_4_8,500,118,0.0,1.0,0.0,1.0,1.0,False,True,False,True,False,0,0,0.0008583999588154256
control_affine__beta_4_8__n500,control_affine,beta_4_8,500,119,0.0,1.0,0.0,1.0,1.0,False,True,False,True,False,0,0,0.0008411000017076731
control_affine__beta_4_8__n500,control_affine,beta_4_8,500,120,0.0,1.0,0.0,1.0,1.0,False,True,False,True,False,0,0,0.0008267000084742904
control_affine__beta_4_8__n500,control_affine,beta_4_8,500,121,0.0,1.0,0.0,1.0,1.0,False,True,False,True,False,0,0,0.0008111000061035156
control_affine__beta_4_8__n500,control_affine,beta_4_8,500,122,0.0,1.0,0.0,1.0,1.0,False,True,False,True,False,0,0,0.0008723000064492226
control_affine__beta_4_8__n500,control_affine,beta_4_8,500,123,0.0,1.0,0.0,1.0,1.0,False,True,False,True,False,0,0,0.0007707999902777374
control_affine__beta_4_8__n500,control_affine,beta_4_8,500,124,0.0,1.0,0.0,1.0,1.0,False,True,False,True,False,0,0,0.0007200000109151006
control_affine__beta_4_8__n500,control_affine,beta_4_8,500,125,0.0,1.0,0.0,1.0,1.0,False,True,False,True,False,0,0,0.0007186000002548099
control_affine__beta_4_8__n500,control_affine,beta_4_8,500,126,0.0,1.0,0.39042948786080817,1.0,0.6095705121391919,False,False,True,False,False,1,0,0.0008295999723486602
control_affine__beta_4_8__n500,control_affine,beta_4_8,500,127,0.0,1.0,0.0,1.0,1.0,False,True,False,True,False,0,0,0.0008045000140555203
control_affine__beta_4_8__n500,control_affine,beta_4_8,500,128,0.0,1.0,0.0,1.0,1.0,False,True,False,True,False,0,0,0.0007608000305481255
control_affine__beta_4_8__n500,control_affine,beta_4_8,500,129,0.0,1.0,0.0,1.0,1.0,False,True,False,True,False,0,0,0.0007687999750487506
control_affine__beta_4_8__n500,control_affine,beta_4_8,500,130,0.0,1.0,0.0,1.0,1.0,False,True,False,True,False,0,0,0.0008010000456124544
control_affine__beta_4_8__n500,control_affine,beta_4_8,500,131,0.0,1.0,0.0,1.0,1.0,False,True,False,True,False,0,0,0.0007496000034734607
control_affine__beta_4_8__n500,control_affine,beta_4_8,500,132,0.0,1.0,0.0,1.0,1.0,False,True,False,True,False,0,0,0.0006976000149734318
control_affine__beta_4_8__n500,control_affine,beta_4_8,500,133,0.0,1.0,0.0,1.0,1.0,False,True,False,True,False,0,0,0.0006888000061735511
control_affine__beta_4_8__n500,control_affine,beta_4_8,500,134,0.0,1.0,0.0,1.0,1.0,False,True,False,True,False,0,0,0.0007794999983161688
control_affine__beta_4_8__n500,control_affine,beta_4_8,500,135,0.0,1.0,0.0,1.0,1.0,False,True,False,True,False,0,0,0.0007126000127755105
control_affine__beta_4_8__n500,control_affine,beta_4_8,500,136,0.0,1.0,0.0,1.0,1.0,False,True,False,True,False,0,0,0.0009755000355653465
control_affine__beta_4_8__n500,control_affine,beta_4_8,500,137,0.0,1.0,0.0,1.0,1.0,False,True,False,True,False,0,0,0.0008809000137262046
control_affine__beta_4_8__n500,control_affine,beta_4_8,500,138,0.0,1.0,0.0,1.0,1.0,False,True,False,True,False,0,0,0.0007195000071078539
control_affine__beta_4_8__n500,control_affine,beta_4_8,500,139,0.0,1.0,0.0,1.0,1.0,False,True,False,True,False,0,0,0.0006067000213079154
control_affine__beta_4_8__n500,control_affine,beta_4_8,500,140,0.0,1.0,0.0,1.0,1.0,False,True,False,True,False,0,0,0.0005865999846719205
control_affine__beta_4_8__n500,control_affine,beta_4_8,500,141,0.0,1.0,0.0,1.0,1.0,False,True,False,True,False,0,0,0.001195400021970272
control_affine__beta_4_8__n500,control_affine,beta_4_8,500,142,0.0,1.0,0.0,1.0,1.0,False,True,False,True,False,0,0,0.0009429000201635063
control_affine__beta_4_8__n500,control_affine,beta_4_8,500,143,0.0,1.0,0.0,1.0,1.0,False,True,False,True,False,0,0,0.0009039000142365694
control_affine__beta_4_8__n500,control_affine,beta_4_8,500,144,0.0,1.0,0.0,1.0,1.0,False,True,False,True,False,0,0,0.0008256000000983477
control_affine__beta_4_8__n500,control_affine,beta_4_8,500,145,0.0,1.0,0.0,1.0,1.0,False,True,False,True,False,0,0,0.0008499000105075538
control_affine__beta_4_8__n500,control_affine,beta_4_8,500,146,0.0,1.0,0.0,1.0,1.0,False,True,False,True,False,0,0,0.000728100014384836
control_affine__beta_4_8__n500,control_affine,beta_4_8,500,147,0.0,1.0,0.0,1.0,1.0,False,True,False,True,False,0,0,0.0006820000126026571
control_affine__beta_4_8__n500,control_affine,beta_4_8,500,148,0.0,1.0,0.0,1.0,1.0,False,True,False,True,False,0,0,0.0007659999537281692
control_affine__beta_4_8__n500,control_affine,beta_4_8,500,149,0.0,1.0,0.0,1.0,1.0,False,True,False,True,False,0,0,0.0007139000226743519
control_affine__beta_4_8__n500,control_affine,beta_4_8,500,150,0.0,1.0,0.0,1.0,1.0,False,True,False,True,False,0,0,0.0006750000175088644
control_affine__beta_4_8__n500,control_affine,beta_4_8,500,151,0.0,1.0,0.0,1.0,1.0,False,True,False,True,False,0,0,0.000659800018183887
control_affine__beta_4_8__n500,control_affine,beta_4_8,500,152,0.0,1.0,0.0,1.0,1.0,False,True,False,True,False,0,0,0.0006525999633595347
control_affine__beta_4_8__n500,control_affine,beta_4_8,500,153,0.0,1.0,0.0,1.0,1.0,False,True,False,True,False,0,0,0.0007542999810539186
control_affine__beta_4_8__n500,control_affine,beta_4_8,500,154,0.0,1.0,0.0,1.0,1.0,False,True,False,True,False,0,0,0.0006957000005058944
control_affine__beta_4_8__n500,control_affine,beta_4_8,500,155,0.0,1.0,0.0,1.0,1.0,False,True,False,True,False,0,0,0.0005920000257901847
control_affine__beta_4_8__n500,control_affine,beta_4_8,500,156,0.0,1.0,0.0,1.0,1.0,False,True,False,True,False,0,0,0.0007525000255554914
control_affine__beta_4_8__n500,control_affine,beta_4_8,500,157,0.0,1.0,0.0,0.32760231779915516,0.32760231779915516,False,False,True,False,False,0,1,0.0006419999990612268
control_affine__beta_4_8__n500,control_affine,beta_4_8,500,158,0.0,1.0,0.0,0.32760231779915516,0.32760231779915516,False,False,True,False,False,0,3,0.0007245999877341092
control_affine__beta_4_8__n500,control_affine,beta_4_8,500,159,0.0,1.0,0.0,1.0,1.0,False,True,False,True,False,0,0,0.0008426000131294131
control_affine__beta_4_8__n500,control_affine,beta_4_8,500,160,0.0,1.0,0.0,1.0,1.0,False,True,False,True,False,0,0,0.0009213000303134322
control_affine__beta_4_8__n500,control_affine,beta_4_8,500,161,0.0,1.0,0.0,1.0,1.0,False,True,False,True,False,0,0,0.0008478999952785671
control_affine__beta_4_8__n500,control_affine,beta_4_8,500,162,0.0,1.0,0.0,1.0,1.0,False,True,False,True,False,0,0,0.0008382000378333032
control_affine__beta_4_8__n500,control_affine,beta_4_8,500,163,0.0,1.0,0.0,1.0,1.0,False,True,False,True,False,0,0,0.000743200012948364
control_affine__beta_4_8__n500,control_affine,beta_4_8,500,164,0.0,1.0,0.0,1.0,1.0,False,True,False,True,False,0,0,0.0007860999903641641
control_affine__beta_4_8__n500,control_affine,beta_4_8,500,165,0.0,1.0,0.0,1.0,1.0,False,True,False,True,False,0,0,0.0007437000167556107
control_affine__beta_4_8__n500,control_affine,beta_4_8,500,166,0.0,1.0,0.0,1.0,1.0,False,True,False,True,False,0,0,0.0007026999955996871
control_affine__beta_4_8__n500,control_affine,beta_4_8,500,167,0.0,1.0,0.0,1.0,1.0,False,True,False,True,False,0,0,0.0007089999853633344
control_affine__beta_4_8__n500,control_affine,beta_4_8,500,168,0.0,1.0,0.0,1.0,1.0,False,True,False,True,False,0,0,0.0007847000379115343
control_affine__beta_4_8__n500,control_affine,beta_4_8,500,169,0.0,1.0,0.0,1.0,1.0,False,True,False,True,False,0,0,0.0007178999949246645
control_affine__beta_4_8__n500,control_affine,beta_4_8,500,170,0.0,1.0,0.0,1.0,1.0,False,True,False,True,False,0,0,0.0007178999949246645
control_affine__beta_4_8__n500,control_affine,beta_4_8,500,171,0.0,1.0,0.0,1.0,1.0,False,True,False,True,False,0,0,0.0006590000120922923
control_affine__beta_4_8__n500,control_affine,beta_4_8,500,172,0.0,1.0,0.0,1.0,1.0,False,True,False,True,False,0,0,0.0007056000176817179
control_affine__beta_4_8__n500,control_affine,beta_4_8,500,173,0.0,1.0,0.0,1.0,1.0,False,True,False,True,False,0,0,0.0007179999956861138
control_affine__beta_4_8__n500,control_affine,beta_4_8,500,174,0.0,1.0,0.0,1.0,1.0,False,True,False,True,False,0,0,0.000672499998472631
control_affine__beta_4_8__n500,control_affine,beta_4_8,500,175,0.0,1.0,0.0,1.0,1.0,False,True,False,True,False,0,0,0.0006541000329889357
control_affine__beta_4_8__n500,control_affine,beta_4_8,500,176,0.0,1.0,0.0,1.0,1.0,False,True,False,True,False,0,0,0.0006641000509262085
control_affine__beta_4_8__n500,control_affine,beta_4_8,500,177,0.0,1.0,0.0,1.0,1.0,False,True,False,True,False,0,0,0.0006907000206410885
control_affine__beta_4_8__n500,control_affine,beta_4_8,500,178,0.0,1.0,0.0,1.0,1.0,False,True,False,True,False,0,0,0.0008512999629601836
control_affine__beta_4_8__n500,control_affine,beta_4_8,500,179,0.0,1.0,0.0,1.0,1.0,False,True,False,True,False,0,0,0.0008159999852068722
control_affine__beta_4_8__n500,control_affine,beta_4_8,500,180,0.0,1.0,0.0,1.0,1.0,False,True,False,True,False,0,0,0.0006265999982133508
control_affine__beta_4_8__n500,control_affine,beta_4_8,500,181,0.0,1.0,0.0,1.0,1.0,False,True,False,True,False,0,0,0.0007501999498344958
control_affine__beta_4_8__n500,control_affine,beta_4_8,500,182,0.0,1.0,0.0,1.0,1.0,False,True,False,True,False,0,0,0.0008303000358864665
control_affine__beta_4_8__n500,control_affine,beta_4_8,500,183,0.0,1.0,0.0,1.0,1.0,False,True,False,True,False,0,0,0.0008023999980650842
control_affine__beta_4_8__n500,control_affine,beta_4_8,500,184,0.0,1.0,0.0,1.0,1.0,False,True,False,True,False,0,0,0.0007912999717518687
control_affine__beta_4_8__n500,control_affine,beta_4_8,500,185,0.0,1.0,0.0,1.0,1.0,False,True,False,True,False,0,0,0.000840499997138977
control_affine__beta_4_8__n500,control_affine,beta_4_8,500,186,0.0,1.0,0.0,1.0,1.0,False,True,False,True,False,0,0,0.0008045000140555203
control_affine__beta_4_8__n500,control_affine,beta_4_8,500,187,0.0,1.0,0.0,1.0,1.0,False,True,False,True,False,0,0,0.0007623000419698656
control_affine__beta_4_8__n500,control_affine,beta_4_8,500,188,0.0,1.0,0.0,1.0,1.0,False,True,False,True,False,0,0,0.0008511000196449459
control_affine__beta_4_8__n500,control_affine,beta_4_8,500,189,0.0,1.0,0.0,1.0,1.0,False,True,False,True,False,0,0,0.0005653999978676438
control_affine__beta_4_8__n500,control_affine,beta_4_8,500,190,0.0,1.0,0.0,1.0,1.0,False,True,False,True,False,0,0,0.0005677000153809786
control_affine__beta_4_8__n500,control_affine,beta_4_8,500,191,0.0,1.0,0.0,1.0,1.0,False,True,False,True,False,0,0,0.0006479999865405262
control_affine__beta_4_8__n500,control_affine,beta_4_8,500,192,0.0,1.0,0.0,1.0,1.0,False,True,False,True,False,0,0,0.0007787999929860234
control_affine__beta_4_8__n500,control_affine,beta_4_8,500,193,0.0,1.0,0.0,1.0,1.0,False,True,False,True,False,0,0,0.0007587000145576894
control_affine__beta_4_8__n500,control_affine,beta_4_8,500,194,0.0,1.0,0.0,1.0,1.0,False,True,False,True,False,0,0,0.0007370999664999545
control_affine__beta_4_8__n500,control_affine,beta_4_8,500,195,0.0,1.0,0.0,1.0,1.0,False,True,False,True,False,0,0,0.000755899993237108
control_affine__beta_4_8__n500,control_affine,beta_4_8,500,196,0.0,1.0,0.19660108686055244,1.0,0.8033989131394476,False,False,True,False,False,1,0,0.0007258000550791621
control_affine__beta_4_8__n500,control_affine,beta_4_8,500,197,0.0,1.0,0.0,1.0,1.0,False,True,False,True,False,0,0,0.0006113999988883734
control_affine__beta_4_8__n500,control_affine,beta_4_8,500,198,0.0,1.0,0.0,1.0,1.0,False,True,False,True,False,0,0,0.0007172999903559685
control_affine__beta_4_8__n500,control_affine,beta_4_8,500,199,0.0,1.0,0.0,1.0,1.0,False,True,False,True,False,0,0,0.001110199955292046
control_convex__beta_4_8__n500,control_convex,beta_4_8,500,0,1.0,1.0,0.0,1.0,1.0,False,True,False,True,False,0,0,0.001053999993018806
control_convex__beta_4_8__n500,control_convex,beta_4_8,500,1,1.0,1.0,0.0,1.0,1.0,False,True,False,True,False,0,0,0.0008656000136397779
control_convex__beta_4_8__n500,control_convex,beta_4_8,500,2,1.0,1.0,0.0,1.0,1.0,False,True,False,True,False,0,0,0.0008234999841079116
control_convex__beta_4_8__n500,control_convex,beta_4_8,500,3,1.0,1.0,0.0,1.0,1.0,False,True,False,True,False,0,0,0.0007728000055067241
control_convex__beta_4_8__n500,control_convex,beta_4_8,500,4,1.0,1.0,0.0,1.0,1.0,False,True,False,True,False,0,0,0.0007550999871455133
control_convex__beta_4_8__n500,control_convex,beta_4_8,500,5,1.0,1.0,0.0,1.0,1.0,False,True,False,True,False,0,0,0.000672499998472631
control_convex__beta_4_8__n500,control_convex,beta_4_8,500,6,1.0,1.0,0.0,1.0,1.0,False,True,False,True,False,0,0,0.0006682000239379704
control_convex__beta_4_8__n500,control_convex,beta_4_8,500,7,1.0,1.0,0.0,1.0,1.0,False,True,False,True,False,0,0,0.0006715999916195869
control_convex__beta_4_8__n500,control_convex,beta_4_8,500,8,1.0,1.0,0.0,1.0,1.0,False,True,False,True,False,0,0,0.0007260000566020608
control_convex__beta_4_8__n500,control_convex,beta_4_8,500,9,1.0,1.0,0.0,1.0,1.0,False,True,False,True,False,0,0,0.0007031999994069338
control_convex__beta_4_8__n500,control_convex,beta_4_8,500,10,1.0,1.0,0.0,1.0,1.0,False,True,False,True,False,0,0,0.0006786000449210405
control_convex__beta_4_8__n500,control_convex,beta_4_8,500,11,1.0,1.0,0.0,1.0,1.0,False,True,False,True,False,0,0,0.0007022000500001013
control_convex__beta_4_8__n500,control_convex,beta_4_8,500,12,1.0,1.0,0.0,1.0,1.0,False,True,False,True,False,0,0,0.0006837000255472958
control_convex__beta_4_8__n500,control_convex,beta_4_8,500,13,1.0,1.0,0.0,1.0,1.0,False,True,False,True,False,0,0,0.0007388000376522541
control_convex__beta_4_8__n500,control_convex,beta_4_8,500,14,1.0,1.0,0.29002988697592097,1.0,0.709970113024079,False,True,True,False,False,1,0,0.000775999971665442
control_convex__beta_4_8__n500,control_convex,beta_4_8,500,15,1.0,1.0,0.0,1.0,1.0,False,True,False,True,False,0,0,0.0005805999971926212
control_convex__beta_4_8__n500,control_convex,beta_4_8,500,16,1.0,1.0,0.0,1.0,1.0,False,True,False,True,False,0,0,0.0007454999722540379
control_convex__beta_4_8__n500,control_convex,beta_4_8,500,17,1.0,1.0,0.0,1.0,1.0,False,True,False,True,False,0,0,0.000818600005004555
control_convex__beta_4_8__n500,control_convex,beta_4_8,500,18,1.0,1.0,0.0,1.0,1.0,False,True,False,True,False,0,0,0.0007953000022098422
control_convex__beta_4_8__n500,control_convex,beta_4_8,500,19,1.0,1.0,0.0,1.0,1.0,False,True,False,True,False,0,0,0.0007450000266544521
control_convex__beta_4_8__n500,control_convex,beta_4_8,500,20,1.0,1.0,0.3855987034540632,1.0,0.6144012965459368,False,True,True,False,False,1,0,0.00073640001937747
control_convex__beta_4_8__n500,control_convex,beta_4_8,500,21,1.0,1.0,0.0,1.0,1.0,False,True,False,True,False,0,0,0.0006101999897509813
control_convex__beta_4_8__n500,control_convex,beta_4_8,500,22,1.0,1.0,0.0,1.0,1.0,False,True,False,True,False,0,0,0.0006110999966040254
control_convex__beta_4_8__n500,control_convex,beta_4_8,500,23,1.0,1.0,0.0,1.0,1.0,False,True,False,True,False,0,0,0.00047470000572502613
control_convex__beta_4_8__n500,control_convex,beta_4_8,500,24,1.0,1.0,0.0,1.0,1.0,False,True,False,True,False,0,0,0.0006490999949164689
control_convex__beta_4_8__n500,control_convex,beta_4_8,500,25,1.0,1.0,0.0,1.0,1.0,False,True,False,True,False,0,0,0.0007702000439167023
control_convex__beta_4_8__n500,control_convex,beta_4_8,500,26,1.0,1.0,0.0,1.0,1.0,False,True,False,True,False,0,0,0.0008060999680310488
control_convex__beta_4_8__n500,control_convex,beta_4_8,500,27,1.0,1.0,0.0,1.0,1.0,False,True,False,True,False,0,0,0.0007857999880798161
control_convex__beta_4_8__n500,control_convex,beta_4_8,500,28,1.0,1.0,0.0,1.0,1.0,False,True,False,True,False,0,0,0.0007201999542303383
control_convex__beta_4_8__n500,control_convex,beta_4_8,500,29,1.0,1.0,0.0,1.0,1.0,False,True,False,True,False,0,0,0.0007777999853715301
control_convex__beta_4_8__n500,control_convex,beta_4_8,500,30,1.0,1.0,0.0,1.0,1.0,False,True,False,True,False,0,0,0.000762099982239306
control_convex__beta_4_8__n500,control_convex,beta_4_8,500,31,1.0,1.0,0.23009236149177018,1.0,0.7699076385082299,False,True,True,True,False,1,0,0.0008016999927349389
control_convex__beta_4_8__n500,control_convex,beta_4_8,500,32,1.0,1.0,0.0,1.0,1.0,False,True,False,True,False,0,0,0.0007305999752134085
control_convex__beta_4_8__n500,control_convex,beta_4_8,500,33,1.0,1.0,0.0,1.0,1.0,False,True,False,True,False,0,0,0.0007542000385001302
control_convex__beta_4_8__n500,control_convex,beta_4_8,500,34,1.0,1.0,0.0,1.0,1.0,False,True,False,True,False,0,0,0.0006889000069350004
control_convex__beta_4_8__n500,control_convex,beta_4_8,500,35,1.0,1.0,0.0,1.0,1.0,False,True,False,True,False,0,0,0.0006999000324867666
control_convex__beta_4_8__n500,control_convex,beta_4_8,500,36,1.0,1.0,0.0,1.0,1.0,False,True,False,True,False,0,0,0.0006602000212296844
control_convex__beta_4_8__n500,control_convex,beta_4_8,500,37,1.0,1.0,0.0,1.0,1.0,False,True,False,True,False,0,0,0.0008699999889358878
control_convex__beta_4_8__n500,control_convex,beta_4_8,500,38,1.0,1.0,0.0,1.0,1.0,False,True,False,True,False,0,0,0.0007164999842643738
control_convex__beta_4_8__n500,control_convex,beta_4_8,500,39,1.0,1.0,0.0,1.0,1.0,False,True,False,True,False,0,0,0.0007806000066921115
control_convex__beta_4_8__n500,control_convex,beta_4_8,500,40,1.0,1.0,0.0,1.0,1.0,False,True,False,True,False,0,0,0.0010272000217810273
control_convex__beta_4_8__n500,control_convex,beta_4_8,500,41,1.0,1.0,0.0,1.0,1.0,False,True,False,True,False,0,0,0.0008114999509416521
control_convex__beta_4_8__n500,control_convex,beta_4_8,500,42,1.0,1.0,0.0,1.0,1.0,False,True,False,True,False,0,0,0.0008455000352114439
control_convex__beta_4_8__n500,control_convex,beta_4_8,500,43,1.0,1.0,0.0,1.0,1.0,False,True,False,True,False,0,0,0.0007942999945953488
control_convex__beta_4_8__n500,control_convex,beta_4_8,500,44,1.0,1.0,0.0,0.16563169824045473,0.16563169824045473,False,False,True,False,False,0,1,0.0007285999599844217
control_convex__beta_4_8__n500,control_convex,beta_4_8,500,45,1.0,1.0,0.0,1.0,1.0,False,True,False,True,False,0,0,0.000672499998472631
control_convex__beta_4_8__n500,control_convex,beta_4_8,500,46,1.0,1.0,0.0,1.0,1.0,False,True,False,True,False,0,0,0.0006896000122651458
control_convex__beta_4_8__n500,control_convex,beta_4_8,500,47,1.0,1.0,0.0,1.0,1.0,False,True,False,True,False,0,0,0.0007240999839268625
control_convex__beta_4_8__n500,control_convex,beta_4_8,500,48,1.0,1.0,0.0,1.0,1.0,False,True,False,True,False,0,0,0.0006664000102318823
control_convex__beta_4_8__n500,control_convex,beta_4_8,500,49,1.0,1.0,0.0,1.0,1.0,False,True,False,True,False,0,0,0.0006904000183567405
control_convex__beta_4_8__n500,control_convex,beta_4_8,500,50,1.0,1.0,0.0,1.0,1.0,False,True,False,True,False,0,0,0.0006431000074371696
control_convex__beta_4_8__n500,control_convex,beta_4_8,500,51,1.0,1.0,0.0,1.0,1.0,False,True,False,True,False,0,0,0.0005815000040456653
control_convex__beta_4_8__n500,control_convex,beta_4_8,500,52,1.0,1.0,0.0,1.0,1.0,False,True,False,True,False,0,0,0.0006329999887384474
control_convex__beta_4_8__n500,control_convex,beta_4_8,500,53,1.0,1.0,0.0,1.0,1.0,False,True,False,True,False,0,0,0.000590600015129894
control_convex__beta_4_8__n500,control_convex,beta_4_8,500,54,1.0,1.0,0.0,1.0,1.0,False,True,False,True,False,0,0,0.0005490999901667237
control_convex__beta_4_8__n500,control_convex,beta_4_8,500,55,1.0,1.0,0.2189999910887638,0.22061835978505392,0.0016183686962901178,False,False,True,False,False,1,2,0.0005590999498963356
control_convex__beta_4_8__n500,control_convex,beta_4_8,500,56,1.0,1.0,0.0,1.0,1.0,False,True,False,True,False,0,0,0.0006498000002466142
control_convex__beta_4_8__n500,control_convex,beta_4_8,500,57,1.0,1.0,0.0,1.0,1.0,False,True,False,True,False,0,0,0.0007503999513573945
control_convex__beta_4_8__n500,control_convex,beta_4_8,500,58,1.0,1.0,0.0,1.0,1.0,False,True,False,True,False,0,0,0.0007444999646395445
control_convex__beta_4_8__n500,control_convex,beta_4_8,500,59,1.0,1.0,0.0,1.0,1.0,False,True,False,True,False,0,0,0.0007650000043213367
control_convex__beta_4_8__n500,control_convex,beta_4_8,500,60,1.0,1.0,0.0,1.0,1.0,False,True,False,True,False,0,0,0.0007402000483125448
control_convex__beta_4_8__n500,control_convex,beta_4_8,500,61,1.0,1.0,0.0,1.0,1.0,False,True,False,True,False,0,0,0.0006460000295192003
control_convex__beta_4_8__n500,control_convex,beta_4_8,500,62,1.0,1.0,0.0,1.0,1.0,False,True,False,True,False,0,0,0.000728400016669184
control_convex__beta_4_8__n500,control_convex,beta_4_8,500,63,1.0,1.0,0.0,1.0,1.0,False,True,False,True,False,0,0,0.0006985999643802643
control_convex__beta_4_8__n500,control_convex,beta_4_8,500,64,1.0,1.0,0.0,1.0,1.0,False,True,False,True,False,0,0,0.0006883000023663044
control_convex__beta_4_8__n500,control_convex,beta_4_8,500,65,1.0,1.0,0.0,1.0,1.0,False,True,False,True,False,0,0,0.0006638999911956489
control_convex__beta_4_8__n500,control_convex,beta_4_8,500,66,1.0,1.0,0.0,1.0,1.0,False,True,False,True,False,0,0,0.0006111999973654747
control_convex__beta_4_8__n500,control_convex,beta_4_8,500,67,1.0,1.0,0.0,1.0,1.0,False,True,False,True,False,0,0,0.0005384999676607549
control_convex__beta_4_8__n500,control_convex,beta_4_8,500,68,1.0,1.0,0.0,1.0,1.0,False,True,False,True,False,0,0,0.0005309999687597156
control_convex__beta_4_8__n500,control_convex,beta_4_8,500,69,1.0,1.0,0.0,1.0,1.0,False,True,False,True,False,0,0,0.0005913999630138278
control_convex__beta_4_8__n500,control_convex,beta_4_8,500,70,1.0,1.0,0.0,1.0,1.0,False,True,False,True,False,0,0,0.0006636000471189618
control_convex__beta_4_8__n500,control_convex,beta_4_8,500,71,1.0,1.0,0.0,1.0,1.0,False,True,False,True,False,0,0,0.0006662000087089837
control_convex__beta_4_8__n500,control_convex,beta_4_8,500,72,1.0,1.0,0.0,1.0,1.0,False,True,False,True,False,0,0,0.0005003000260330737
control_convex__beta_4_8__n500,control_convex,beta_4_8,500,73,1.0,1.0,0.0,1.0,1.0,False,True,False,True,False,0,0,0.0006125999498181045
control_convex__beta_4_8__n500,control_convex,beta_4_8,500,74,1.0,1.0,0.0,1.0,1.0,False,True,False,True,False,0,0,0.0006954999989829957
control_convex__beta_4_8__n500,control_convex,beta_4_8,500,75,1.0,1.0,0.0,1.0,1.0,False,True,False,True,False,0,0,0.0005960999988019466
control_convex__beta_4_8__n500,control_convex,beta_4_8,500,76,1.0,1.0,0.0,1.0,1.0,False,True,False,True,False,0,0,0.0005251999828033149
control_convex__beta_4_8__n500,control_convex,beta_4_8,500,77,1.0,1.0,0.0,1.0,1.0,False,True,False,True,False,0,0,0.0004591000033542514
control_convex__beta_4_8__n500,control_convex,beta_4_8,500,78,1.0,1.0,0.23009236149177018,1.0,0.7699076385082299,False,True,True,True,False,1,0,0.0005540000274777412
control_convex__beta_4_8__n500,control_convex,beta_4_8,500,79,1.0,1.0,0.1104864411776117,0.15699173641693334,0.04650529523932165,False,False,True,False,False,1,1,0.0005053000058978796
control_convex__beta_4_8__n500,control_convex,beta_4_8,500,80,1.0,1.0,0.0,1.0,1.0,False,True,False,True,False,0,0,0.0005029999883845448
control_convex__beta_4_8__n500,control_convex,beta_4_8,500,81,1.0,1.0,0.0,1.0,1.0,False,True,False,True,False,0,0,0.0005559000419452786
control_convex__beta_4_8__n500,control_convex,beta_4_8,500,82,1.0,1.0,0.0,1.0,1.0,False,True,False,True,False,0,0,0.0005102999857626855
control_convex__beta_4_8__n500,control_convex,beta_4_8,500,83,1.0,1.0,0.0,1.0,1.0,False,True,False,True,False,0,0,0.0005150000215508044
control_convex__beta_4_8__n500,control_convex,beta_4_8,500,84,1.0,1.0,0.0,1.0,1.0,False,True,False,True,False,0,0,0.0005753999575972557
control_convex__beta_4_8__n500,control_convex,beta_4_8,500,85,1.0,1.0,0.0,1.0,1.0,False,True,False,True,False,0,0,0.0005423999973572791
control_convex__beta_4_8__n500,control_convex,beta_4_8,500,86,1.0,1.0,0.0,1.0,1.0,False,True,False,True,False,0,0,0.0006311000324785709
control_convex__beta_4_8__n500,control_convex,beta_4_8,500,87,1.0,1.0,0.0,1.0,1.0,False,True,False,True,False,0,0,0.0004956999910064042
control_convex__beta_4_8__n500,control_convex,beta_4_8,500,88,1.0,1.0,0.0,1.0,1.0,False,True,False,True,False,0,0,0.000547099974937737
control_convex__beta_4_8__n500,control_convex,beta_4_8,500,89,1.0,1.0,0.0,1.0,1.0,False,True,False,True,False,0,0,0.0005707999807782471
control_convex__beta_4_8__n500,control_convex,beta_4_8,500,90,1.0,1.0,0.0,1.0,1.0,False,True,False,True,False,0,0,0.0004703000304289162
control_convex__beta_4_8__n500,control_convex,beta_4_8,500,91,1.0,1.0,0.0,1.0,1.0,False,True,False,True,False,0,0,0.0004891999997198582
control_convex__beta_4_8__n500,control_convex,beta_4_8,500,92,1.0,1.0,0.29819832918831346,1.0,0.7018016708116865,False,True,True,True,False,1,0,0.0005264999927021563
control_convex__beta_4_8__n500,control_convex,beta_4_8,500,93,1.0,1.0,0.0,1.0,1.0,False,True,False,True,False,0,0,0.0004480000352486968
control_convex__beta_4_8__n500,control_convex,beta_4_8,500,94,1.0,1.0,0.0,1.0,1.0,False,True,False,True,False,0,0,0.0005120999994687736
control_convex__beta_4_8__n500,control_convex,beta_4_8,500,95,1.0,1.0,0.0,1.0,1.0,False,True,False,True,False,0,0,0.0006212999578565359
control_convex__beta_4_8__n500,control_convex,beta_4_8,500,96,1.0,1.0,0.0,1.0,1.0,False,True,False,True,False,0,0,0.000743500015232712
control_convex__beta_4_8__n500,control_convex,beta_4_8,500,97,1.0,1.0,0.0,1.0,1.0,False,True,False,True,False,0,0,0.0007071999716572464
control_convex__beta_4_8__n500,control_convex,beta_4_8,500,98,1.0,1.0,0.0,1.0,1.0,False,True,False,True,False,0,0,0.0009999999892897904
control_convex__beta_4_8__n500,control_convex,beta_4_8,500,99,1.0,1.0,0.0,1.0,1.0,False,True,False,True,False,0,0,0.000833400001283735
control_convex__beta_4_8__n500,control_convex,beta_4_8,500,100,1.0,1.0,0.0,1.0,1.0,False,True,False,True,False,0,0,0.000604200002271682
control_convex__beta_4_8__n500,control_convex,beta_4_8,500,101,1.0,1.0,0.38400721075895217,1.0,0.6159927892410478,False,True,True,False,False,1,0,0.0007514999597333372
control_convex__beta_4_8__n500,control_convex,beta_4_8,500,102,1.0,1.0,0.0,1.0,1.0,False,True,False,True,False,0,0,0.0007954000029712915
control_convex__beta_4_8__n500,control_convex,beta_4_8,500,103,1.0,1.0,0.0,1.0,1.0,False,True,False,True,False,0,0,0.0007740000146441162
control_convex__beta_4_8__n500,control_convex,beta_4_8,500,104,1.0,1.0,0.0,1.0,1.0,False,True,False,True,False,0,0,0.0007573000038973987
control_convex__beta_4_8__n500,control_convex,beta_4_8,500,105,1.0,1.0,0.0,1.0,1.0,False,True,False,True,False,0,0,0.0008095999946817756
control_convex__beta_4_8__n500,control_convex,beta_4_8,500,106,1.0,1.0,0.0,1.0,1.0,False,True,False,True,False,0,0,0.0007411999977193773
control_convex__beta_4_8__n500,control_convex,beta_4_8,500,107,1.0,1.0,0.0,1.0,1.0,False,True,False,True,False,0,0,0.0006659000064246356
control_convex__beta_4_8__n500,control_convex,beta_4_8,500,108,1.0,1.0,0.2763295608999613,1.0,0.7236704391000387,False,True,True,True,False,1,0,0.0007415000000037253
control_convex__beta_4_8__n500,control_convex,beta_4_8,500,109,1.0,1.0,0.0,1.0,1.0,False,True,False,True,False,0,0,0.0006841999711468816
control_convex__beta_4_8__n500,control_convex,beta_4_8,500,110,1.0,1.0,0.0,1.0,1.0,False,True,False,True,False,0,0,0.0007081999792717397
control_convex__beta_4_8__n500,control_convex,beta_4_8,500,111,1.0,1.0,0.0,1.0,1.0,False,True,False,True,False,0,0,0.0008001999813131988
control_convex__beta_4_8__n500,control_convex,beta_4_8,500,112,1.0,1.0,0.0,1.0,1.0,False,True,False,True,False,0,0,0.0007128999568521976
control_convex__beta_4_8__n500,control_convex,beta_4_8,500,113,1.0,1.0,0.0,1.0,1.0,False,True,False,True,False,0,0,0.0007508000126108527
control_convex__beta_4_8__n500,control_convex,beta_4_8,500,114,1.0,1.0,0.0,1.0,1.0,False,True,False,True,False,0,0,0.0007446000236086547
control_convex__beta_4_8__n500,control_convex,beta_4_8,500,115,1.0,1.0,0.0,1.0,1.0,False,True,False,True,False,0,0,0.0006980000180192292
control_convex__beta_4_8__n500,control_convex,beta_4_8,500,116,1.0,1.0,0.0,1.0,1.0,False,True,False,True,False,0,0,0.0006471999804489315
control_convex__beta_4_8__n500,control_convex,beta_4_8,500,117,1.0,1.0,0.0,1.0,1.0,False,True,False,True,False,0,0,0.0007477999897673726
control_convex__beta_4_8__n500,control_convex,beta_4_8,500,118,1.0,1.0,0.0,1.0,1.0,False,True,False,True,False,0,0,0.0006861999863758683
control_convex__beta_4_8__n500,control_convex,beta_4_8,500,119,1.0,1.0,0.0,1.0,1.0,False,True,False,True,False,0,0,0.000609799986705184
control_convex__beta_4_8__n500,control_convex,beta_4_8,500,120,1.0,1.0,0.0,1.0,1.0,False,True,False,True,False,0,0,0.0007276000105775893
control_convex__beta_4_8__n500,control_convex,beta_4_8,500,121,1.0,1.0,0.0,1.0,1.0,False,True,False,True,False,0,0,0.0008273000130429864
control_convex__beta_4_8__n500,control_convex,beta_4_8,500,122,1.0,1.0,0.0,1.0,1.0,False,True,False,True,False,0,0,0.0008110000053420663
control_convex__beta_4_8__n500,control_convex,beta_4_8,500,123,1.0,1.0,0.0,1.0,1.0,False,True,False,True,False,0,0,0.0009421000140719116
control_convex__beta_4_8__n500,control_convex,beta_4_8,500,124,1.0,1.0,0.0,1.0,1.0,False,True,False,True,False,0,0,0.0008164999890141189
control_convex__beta_4_8__n500,control_convex,beta_4_8,500,125,1.0,1.0,0.39042948786080817,1.0,0.6095705121391919,False,True,True,True,False,1,0,0.0008170999935828149
control_convex__beta_4_8__n500,control_convex,beta_4_8,500,126,1.0,1.0,0.0,1.0,1.0,False,True,False,True,False,0,0,0.0006674999604001641
control_convex__beta_4_8__n500,control_convex,beta_4_8,500,127,1.0,1.0,0.0,1.0,1.0,False,True,False,True,False,0,0,0.0007190000033006072
control_convex__beta_4_8__n500,control_convex,beta_4_8,500,128,1.0,1.0,0.0,1.0,1.0,False,True,False,True,False,0,0,0.000672499998472631
control_convex__beta_4_8__n500,control_convex,beta_4_8,500,129,1.0,1.0,0.0,1.0,1.0,False,True,False,True,False,0,0,0.00062369997613132
control_convex__beta_4_8__n500,control_convex,beta_4_8,500,130,1.0,1.0,0.0,1.0,1.0,False,True,False,True,False,0,0,0.0006853999802842736
control_convex__beta_4_8__n500,control_convex,beta_4_8,500,131,1.0,1.0,0.0,1.0,1.0,False,True,False,True,False,0,0,0.0009479000000283122
control_convex__beta_4_8__n500,control_convex,beta_4_8,500,132,1.0,1.0,0.0,1.0,1.0,False,True,False,True,False,0,0,0.0008494000067003071
control_convex__beta_4_8__n500,control_convex,beta_4_8,500,133,1.0,1.0,0.0,1.0,1.0,False,True,False,True,False,0,0,0.000775099964812398
control_convex__beta_4_8__n500,control_convex,beta_4_8,500,134,1.0,1.0,0.0,1.0,1.0,False,True,False,True,False,0,0,0.0007000000332482159
control_convex__beta_4_8__n500,control_convex,beta_4_8,500,135,1.0,1.0,0.0,1.0,1.0,False,True,False,True,False,0,0,0.0007652000058442354
control_convex__beta_4_8__n500,control_convex,beta_4_8,500,136,1.0,1.0,0.0,1.0,1.0,False,True,False,True,False,0,0,0.0007480999920517206
control_convex__beta_4_8__n500,control_convex,beta_4_8,500,137,1.0,1.0,0.0,1.0,1.0,False,True,False,True,False,0,0,0.0006707999855279922
control_convex__beta_4_8__n500,control_convex,beta_4_8,500,138,1.0,1.0,0.0,1.0,1.0,False,True,False,True,False,0,0,0.000638500030618161
control_convex__beta_4_8__n500,control_convex,beta_4_8,500,139,1.0,1.0,0.0,1.0,1.0,False,True,False,True,False,0,0,0.0006086999783292413
control_convex__beta_4_8__n500,control_convex,beta_4_8,500,140,1.0,1.0,0.0,1.0,1.0,False,True,False,True,False,0,0,0.0006284999544732273
control_convex__beta_4_8__n500,control_convex,beta_4_8,500,141,1.0,1.0,0.0,1.0,1.0,False,True,False,True,False,0,0,0.0007350000087171793
control_convex__beta_4_8__n500,control_convex,beta_4_8,500,142,1.0,1.0,0.0,1.0,1.0,False,True,False,True,False,0,0,0.0007071000291034579
control_convex__beta_4_8__n500,control_convex,beta_4_8,500,143,1.0,1.0,0.0,1.0,1.0,False,True,False,True,False,0,0,0.0007035000016912818
control_convex__beta_4_8__n500,control_convex,beta_4_8,500,144,1.0,1.0,0.0,1.0,1.0,False,True,False,True,False,0,0,0.0006545999785885215
control_convex__beta_4_8__n500,control_convex,beta_4_8,500,145,1.0,1.0,0.0,1.0,1.0,False,True,False,True,False,0,0,0.000799100031144917
control_convex__beta_4_8__n500,control_convex,beta_4_8,500,146,1.0,1.0,0.0,1.0,1.0,False,True,False,True,False,0,0,0.0007146000280044973
control_convex__beta_4_8__n500,control_convex,beta_4_8,500,147,1.0,1.0,0.0,1.0,1.0,False,True,False,True,False,0,0,0.0006959000020287931
control_convex__beta_4_8__n500,control_convex,beta_4_8,500,148,1.0,1.0,0.0,1.0,1.0,False,True,False,True,False,0,0,0.0005236000288277864
control_convex__beta_4_8__n500,control_convex,beta_4_8,500,149,1.0,1.0,0.0,1.0,1.0,False,True,False,True,False,0,0,0.0004979000077582896
control_convex__beta_4_8__n500,control_convex,beta_4_8,500,150,1.0,1.0,0.0,1.0,1.0,False,True,False,True,False,0,0,0.0005278000026009977
control_convex__beta_4_8__n500,control_convex,beta_4_8,500,151,1.0,1.0,0.0,1.0,1.0,False,True,False,True,False,0,0,0.0006506000063382089
control_convex__beta_4_8__n500,control_convex,beta_4_8,500,152,1.0,1.0,0.0,1.0,1.0,False,True,False,True,False,0,0,0.0005784999812021852
control_convex__beta_4_8__n500,control_convex,beta_4_8,500,153,1.0,1.0,0.0,1.0,1.0,False,True,False,True,False,0,0,0.0005502999993041158
control_convex__beta_4_8__n500,control_convex,beta_4_8,500,154,1.0,1.0,0.0,1.0,1.0,False,True,False,True,False,0,0,0.0006163999787531793
control_convex__beta_4_8__n500,control_convex,beta_4_8,500,155,1.0,1.0,0.0,1.0,1.0,False,True,False,True,False,0,0,0.000667800020892173
control_convex__beta_4_8__n500,control_convex,beta_4_8,500,156,1.0,1.0,0.0,1.0,1.0,False,True,False,True,False,0,0,0.0007588000153191388
control_convex__beta_4_8__n500,control_convex,beta_4_8,500,157,1.0,1.0,0.0,1.0,1.0,False,True,False,True,False,0,0,0.0006804000004194677
control_convex__beta_4_8__n500,control_convex,beta_4_8,500,158,1.0,1.0,0.0,1.0,1.0,False,True,False,True,False,0,0,0.0006902000168338418
control_convex__beta_4_8__n500,control_convex,beta_4_8,500,159,1.0,1.0,0.0,1.0,1.0,False,True,False,True,False,0,0,0.0006701999809592962
control_convex__beta_4_8__n500,control_convex,beta_4_8,500,160,1.0,1.0,0.0,1.0,1.0,False,True,False,True,False,0,0,0.0007309999782592058
control_convex__beta_4_8__n500,control_convex,beta_4_8,500,161,1.0,1.0,0.0,1.0,1.0,False,True,False,True,False,0,0,0.0006370000191964209
control_convex__beta_4_8__n500,control_convex,beta_4_8,500,162,1.0,1.0,0.0,0.2700992149035549,0.2700992149035549,False,False,True,False,False,0,1,0.0006241000373847783
control_convex__beta_4_8__n500,control_convex,beta_4_8,500,163,1.0,1.0,0.0,1.0,1.0,False,True,False,True,False,0,0,0.0006119999452494085
control_convex__beta_4_8__n500,control_convex,beta_4_8,500,164,1.0,1.0,0.0,1.0,1.0,False,True,False,True,False,0,0,0.0005933000356890261
control_convex__beta_4_8__n500,control_convex,beta_4_8,500,165,1.0,1.0,0.0,1.0,1.0,False,True,False,True,False,0,0,0.000652400020044297
control_convex__beta_4_8__n500,control_convex,beta_4_8,500,166,1.0,1.0,0.2763295608999613,1.0,0.7236704391000387,False,True,True,True,False,2,0,0.0007060000207275152
control_convex__beta_4_8__n500,control_convex,beta_4_8,500,167,1.0,1.0,0.23009236149177018,1.0,0.7699076385082299,False,True,True,True,False,1,0,0.0007248000474646688
control_convex__beta_4_8__n500,control_convex,beta_4_8,500,168,1.0,1.0,0.29819832918831346,1.0,0.7018016708116865,False,True,True,True,False,1,0,0.0007962000090628862
control_convex__beta_4_8__n500,control_convex,beta_4_8,500,169,1.0,1.0,0.0,1.0,1.0,False,True,False,True,False,0,0,0.0009463999886065722
control_convex__beta_4_8__n500,control_convex,beta_4_8,500,170,1.0,1.0,0.0,1.0,1.0,False,True,False,True,False,0,0,0.0007872999995015562
control_convex__beta_4_8__n500,control_convex,beta_4_8,500,171,1.0,1.0,0.0,1.0,1.0,False,True,False,True,False,0,0,0.0007956000044941902
control_convex__beta_4_8__n500,control_convex,beta_4_8,500,172,1.0,1.0,0.0,1.0,1.0,False,True,False,True,False,0,0,0.0009111000108532608
control_convex__beta_4_8__n500,control_convex,beta_4_8,500,173,1.0,1.0,0.0,1.0,1.0,False,True,False,True,False,0,0,0.0009190999553538859
control_convex__beta_4_8__n500,control_convex,beta_4_8,500,174,1.0,1.0,0.0,1.0,1.0,False,True,False,True,False,0,0,0.0008574999519623816
control_convex__beta_4_8__n500,control_convex,beta_4_8,500,175,1.0,1.0,0.0,1.0,1.0,False,True,False,True,False,0,0,0.0005398999783210456
control_convex__beta_4_8__n500,control_convex,beta_4_8,500,176,1.0,1.0,0.0,1.0,1.0,False,True,False,True,False,0,0,0.0006853999802842736
control_convex__beta_4_8__n500,control_convex,beta_4_8,500,177,1.0,1.0,0.0,1.0,1.0,False,True,False,True,False,0,0,0.0009244999964721501
control_convex__beta_4_8__n500,control_convex,beta_4_8,500,178,1.0,1.0,0.0,1.0,1.0,False,True,False,True,False,0,0,0.0007630999898537993
control_convex__beta_4_8__n500,control_convex,beta_4_8,500,179,1.0,1.0,0.0,1.0,1.0,False,True,False,True,False,0,0,0.0008634999976493418
control_convex__beta_4_8__n500,control_convex,beta_4_8,500,180,1.0,1.0,0.0,1.0,1.0,False,True,False,True,False,0,0,0.0007634999928995967
control_convex__beta_4_8__n500,control_convex,beta_4_8,500,181,1.0,1.0,0.0,1.0,1.0,False,True,False,True,False,0,0,0.0007448000251315534
control_convex__beta_4_8__n500,control_convex,beta_4_8,500,182,1.0,1.0,0.0,1.0,1.0,False,True,False,True,False,0,0,0.0007969000143930316
control_convex__beta_4_8__n500,control_convex,beta_4_8,500,183,1.0,1.0,0.0,1.0,1.0,False,True,False,True,False,0,0,0.0007377999718300998
control_convex__beta_4_8__n500,control_convex,beta_4_8,500,184,1.0,1.0,0.23009236149177018,1.0,0.7699076385082299,False,True,True,True,False,1,0,0.0007039000047370791
control_convex__beta_4_8__n500,control_convex,beta_4_8,500,185,1.0,1.0,0.0,1.0,1.0,False,True,False,True,False,0,0,0.0007788000511936843
control_convex__beta_4_8__n500,control_convex,beta_4_8,500,186,1.0,1.0,0.0,1.0,1.0,False,True,False,True,False,0,0,0.0007766999769955873
control_convex__beta_4_8__n500,control_convex,beta_4_8,500,187,1.0,1.0,0.0,1.0,1.0,False,True,False,True,False,0,0,0.0008310000412166119
control_convex__beta_4_8__n500,control_convex,beta_4_8,500,188,1.0,1.0,0.0,1.0,1.0,False,True,False,True,False,0,0,0.0007832000264897943
control_convex__beta_4_8__n500,control_convex,beta_4_8,500,189,1.0,1.0,0.2377226925828516,1.0,0.7622773074171484,False,True,True,False,False,1,0,0.000798800028860569
control_convex__beta_4_8__n500,control_convex,beta_4_8,500,190,1.0,1.0,0.0,1.0,1.0,False,True,False,True,False,0,0,0.0006623000372201204
control_convex__beta_4_8__n500,control_convex,beta_4_8,500,191,1.0,1.0,0.0,1.0,1.0,False,True,False,True,False,0,0,0.0007118000066839159
control_convex__beta_4_8__n500,control_convex,beta_4_8,500,192,1.0,1.0,0.0,1.0,1.0,False,True,False,True,False,0,0,0.0007064000237733126
control_convex__beta_4_8__n500,control_convex,beta_4_8,500,193,1.0,1.0,0.0,1.0,1.0,False,True,False,True,False,0,0,0.0006876999977976084
control_convex__beta_4_8__n500,control_convex,beta_4_8,500,194,1.0,1.0,0.0,1.0,1.0,False,True,False,True,False,0,0,0.0006481999880634248
control_convex__beta_4_8__n500,control_convex,beta_4_8,500,195,1.0,1.0,0.0,1.0,1.0,False,True,False,True,False,0,0,0.0006559999892488122
control_convex__beta_4_8__n500,control_convex,beta_4_8,500,196,1.0,1.0,0.0,1.0,1.0,False,True,False,True,False,0,0,0.0007730000070296228
control_convex__beta_4_8__n500,control_convex,beta_4_8,500,197,1.0,1.0,0.0,1.0,1.0,False,True,False,True,False,0,0,0.000638800032902509
control_convex__beta_4_8__n500,control_convex,beta_4_8,500,198,1.0,1.0,0.0,1.0,1.0,False,True,False,True,False,0,0,0.0009241999941878021
control_convex__beta_4_8__n500,control_convex,beta_4_8,500,199,1.0,1.0,0.0,1.0,1.0,False,True,False,True,False,0,0,0.0009380000410601497
control_concave__beta_4_8__n500,control_concave,beta_4_8,500,0,0.0,0.0,0.0,1.0,1.0,False,True,False,True,False,0,0,0.0011006999993696809
control_concave__beta_4_8__n500,control_concave,beta_4_8,500,1,0.0,0.0,0.0,1.0,1.0,False,True,False,True,False,0,0,0.0007834999705664814
control_concave__beta_4_8__n500,control_concave,beta_4_8,500,2,0.0,0.0,0.0,1.0,1.0,False,True,False,True,False,0,0,0.0005959000554867089
control_concave__beta_4_8__n500,control_concave,beta_4_8,500,3,0.0,0.0,0.0,1.0,1.0,False,True,False,True,False,0,0,0.000818900007288903
control_concave__beta_4_8__n500,control_concave,beta_4_8,500,4,0.0,0.0,0.0,1.0,1.0,False,True,False,True,False,0,0,0.0008948000031523407
control_concave__beta_4_8__n500,control_concave,beta_4_8,500,5,0.0,0.0,0.0,1.0,1.0,False,True,False,True,False,0,0,0.0006979000172577798
control_concave__beta_4_8__n500,control_concave,beta_4_8,500,6,0.0,0.0,0.0,1.0,1.0,False,True,False,True,False,0,0,0.0007065000245347619
control_concave__beta_4_8__n500,control_concave,beta_4_8,500,7,0.0,0.0,0.0,1.0,1.0,False,True,False,True,False,0,0,0.0006683999672532082
control_concave__beta_4_8__n500,control_concave,beta_4_8,500,8,0.0,0.0,0.0,1.0,1.0,False,True,False,True,False,0,0,0.0006260999944061041
control_concave__beta_4_8__n500,control_concave,beta_4_8,500,9,0.0,0.0,0.0,1.0,1.0,False,True,False,True,False,0,0,0.0007798000006005168
control_concave__beta_4_8__n500,control_concave,beta_4_8,500,10,0.0,0.0,0.0,1.0,1.0,False,True,False,True,False,0,0,0.0008271999540738761
control_concave__beta_4_8__n500,control_concave,beta_4_8,500,11,0.0,0.0,0.0,1.0,1.0,False,True,False,True,False,0,0,0.0007590000168420374
control_concave__beta_4_8__n500,control_concave,beta_4_8,500,12,0.0,0.0,0.0,1.0,1.0,False,True,False,True,False,0,0,0.0007324999896809459
control_concave__beta_4_8__n500,control_concave,beta_4_8,500,13,0.0,0.0,0.0,1.0,1.0,False,True,False,True,False,0,0,0.0008897000225260854
control_concave__beta_4_8__n500,control_concave,beta_4_8,500,14,0.0,0.0,0.0,0.731081992819171,0.731081992819171,False,True,True,True,False,0,2,0.0008619999862276018
control_concave__beta_4_8__n500,control_concave,beta_4_8,500,15,0.0,0.0,0.0,1.0,1.0,False,True,False,True,False,0,0,0.0007176999934017658
control_concave__beta_4_8__n500,control_concave,beta_4_8,500,16,0.0,0.0,0.0,1.0,1.0,False,True,False,True,False,0,0,0.0006638999911956489
control_concave__beta_4_8__n500,control_concave,beta_4_8,500,17,0.0,0.0,0.0,1.0,1.0,False,True,False,True,False,0,0,0.0008004000410437584
control_concave__beta_4_8__n500,control_concave,beta_4_8,500,18,0.0,0.0,0.0,1.0,1.0,False,True,False,True,False,0,0,0.0007376000285148621
control_concave__beta_4_8__n500,control_concave,beta_4_8,500,19,0.0,0.0,0.0,1.0,1.0,False,True,False,True,False,0,0,0.0006110999966040254
control_concave__beta_4_8__n500,control_concave,beta_4_8,500,20,0.0,0.0,0.0,1.0,1.0,False,True,False,True,False,0,0,0.0008084000437520444
control_concave__beta_4_8__n500,control_concave,beta_4_8,500,21,0.0,0.0,0.0,1.0,1.0,False,True,False,True,False,0,0,0.0007550999871455133
control_concave__beta_4_8__n500,control_concave,beta_4_8,500,22,0.0,0.0,0.0,1.0,1.0,False,True,False,True,False,0,0,0.0006923000328242779
control_concave__beta_4_8__n500,control_concave,beta_4_8,500,23,0.0,0.0,0.17684777383169262,1.0,0.8231522261683074,False,False,True,False,False,1,0,0.0007404999923892319
control_concave__beta_4_8__n500,control_concave,beta_4_8,500,24,0.0,0.0,0.0,1.0,1.0,False,True,False,True,False,0,0,0.0006952000549063087
control_concave__beta_4_8__n500,control_concave,beta_4_8,500,25,0.0,0.0,0.0,1.0,1.0,False,True,False,True,False,0,0,0.0006924000335857272
control_concave__beta_4_8__n500,control_concave,beta_4_8,500,26,0.0,0.0,0.0,1.0,1.0,False,True,False,True,False,0,0,0.0007831000257283449
control_concave__beta_4_8__n500,control_concave,beta_4_8,500,27,0.0,0.0,0.0,1.0,1.0,False,True,False,True,False,0,0,0.0007671000203117728
control_concave__beta_4_8__n500,control_concave,beta_4_8,500,28,0.0,0.0,0.0,1.0,1.0,False,True,False,True,False,0,0,0.0006311999750323594
control_concave__beta_4_8__n500,control_concave,beta_4_8,500,29,0.0,0.0,0.0,1.0,1.0,False,True,False,True,False,0,0,0.0006606999668292701
control_concave__beta_4_8__n500,control_concave,beta_4_8,500,30,0.0,0.0,0.0,1.0,1.0,False,True,False,True,False,0,0,0.0006859999848529696
control_concave__beta_4_8__n500,control_concave,beta_4_8,500,31,0.0,0.0,0.0,1.0,1.0,False,True,False,True,False,0,0,0.000617499987129122
control_concave__beta_4_8__n500,control_concave,beta_4_8,500,32,0.0,0.0,0.0,1.0,1.0,False,True,False,True,False,0,0,0.000569900032132864
control_concave__beta_4_8__n500,control_concave,beta_4_8,500,33,0.0,0.0,0.0,1.0,1.0,False,True,False,True,False,0,0,0.0007165000424720347
control_concave__beta_4_8__n500,control_concave,beta_4_8,500,34,0.0,0.0,0.0,1.0,1.0,False,True,False,True,False,0,0,0.0008427999564446509
control_concave__beta_4_8__n500,control_concave,beta_4_8,500,35,0.0,0.0,0.0,1.0,1.0,False,True,False,True,False,0,0,0.000888100010342896
control_concave__beta_4_8__n500,control_concave,beta_4_8,500,36,0.0,0.0,0.0,1.0,1.0,False,True,False,True,False,0,0,0.0006788999889977276
control_concave__beta_4_8__n500,control_concave,beta_4_8,500,37,0.0,0.0,0.0,1.0,1.0,False,True,False,True,False,0,0,0.0005565999890677631
control_concave__beta_4_8__n500,control_concave,beta_4_8,500,38,0.0,0.0,0.0,1.0,1.0,False,True,False,True,False,0,0,0.0006494999979622662
control_concave__beta_4_8__n500,control_concave,beta_4_8,500,39,0.0,0.0,0.0,1.0,1.0,False,True,False,True,False,0,0,0.0007608000305481255
control_concave__beta_4_8__n500,control_concave,beta_4_8,500,40,0.0,0.0,0.0,1.0,1.0,False,True,False,True,False,0,0,0.0006753999623470008
control_concave__beta_4_8__n500,control_concave,beta_4_8,500,41,0.0,0.0,0.0,1.0,1.0,False,True,False,True,False,0,0,0.0006301000248640776
control_concave__beta_4_8__n500,control_concave,beta_4_8,500,42,0.0,0.0,0.0,1.0,1.0,False,True,False,True,False,0,0,0.0006160000339150429
control_concave__beta_4_8__n500,control_concave,beta_4_8,500,43,0.0,0.0,0.0,1.0,1.0,False,True,False,True,False,0,0,0.0007592000183649361
control_concave__beta_4_8__n500,control_concave,beta_4_8,500,44,0.0,0.0,0.0,1.0,1.0,False,True,False,True,False,0,0,0.0007686000317335129
control_concave__beta_4_8__n500,control_concave,beta_4_8,500,45,0.0,0.0,0.0,1.0,1.0,False,True,False,True,False,0,0,0.0007320999866351485
control_concave__beta_4_8__n500,control_concave,beta_4_8,500,46,0.0,0.0,0.0,1.0,1.0,False,True,False,True,False,0,0,0.0005794999888166785
control_concave__beta_4_8__n500,control_concave,beta_4_8,500,47,0.0,0.0,0.0,1.0,1.0,False,True,False,True,False,0,0,0.0005694000283256173
control_concave__beta_4_8__n500,control_concave,beta_4_8,500,48,0.0,0.0,0.0,1.0,1.0,False,True,False,True,False,0,0,0.0005508999456651509
control_concave__beta_4_8__n500,control_concave,beta_4_8,500,49,0.0,0.0,0.0,1.0,1.0,False,True,False,True,False,0,0,0.0005460000247694552
control_concave__beta_4_8__n500,control_concave,beta_4_8,500,50,0.0,0.0,0.0,1.0,1.0,False,True,False,True,False,0,0,0.0005564999883063138
control_concave__beta_4_8__n500,control_concave,beta_4_8,500,51,0.0,0.0,0.0,1.0,1.0,False,True,False,True,False,0,0,0.0005301000201143324
control_concave__beta_4_8__n500,control_concave,beta_4_8,500,52,0.0,0.0,0.0,1.0,1.0,False,True,False,True,False,0,0,0.0004582999972626567
control_concave__beta_4_8__n500,control_concave,beta_4_8,500,53,0.0,0.0,0.0,1.0,1.0,False,True,False,True,False,0,0,0.0004943000385537744
control_concave__beta_4_8__n500,control_concave,beta_4_8,500,54,0.0,0.0,0.0,1.0,1.0,False,True,False,True,False,0,0,0.0005138000124134123
control_concave__beta_4_8__n500,control_concave,beta_4_8,500,55,0.0,0.0,0.0,1.0,1.0,False,True,False,True,False,0,0,0.0005814999458380044
control_concave__beta_4_8__n500,control_concave,beta_4_8,500,56,0.0,0.0,0.0,1.0,1.0,False,True,False,True,False,0,0,0.0009422000148333609
control_concave__beta_4_8__n500,control_concave,beta_4_8,500,57,0.0,0.0,0.0,0.731081992819171,0.731081992819171,False,True,True,True,False,0,1,0.001261900004465133
control_concave__beta_4_8__n500,control_concave,beta_4_8,500,58,0.0,0.0,0.0,1.0,1.0,False,True,False,True,False,0,0,0.0015189999830909073
control_concave__beta_4_8__n500,control_concave,beta_4_8,500,59,0.0,0.0,0.0,1.0,1.0,False,True,False,True,False,0,0,0.0008929999894462526
control_concave__beta_4_8__n500,control_concave,beta_4_8,500,60,0.0,0.0,0.0,1.0,1.0,False,True,False,True,False,0,0,0.0008468000451102853
control_concave__beta_4_8__n500,control_concave,beta_4_8,500,61,0.0,0.0,0.0,1.0,1.0,False,True,False,True,False,0,0,0.00088160001905635
control_concave__beta_4_8__n500,control_concave,beta_4_8,500,62,0.0,0.0,0.0,1.0,1.0,False,True,False,True,False,0,0,0.0007941000512801111
control_concave__beta_4_8__n500,control_concave,beta_4_8,500,63,0.0,0.0,0.0,1.0,1.0,False,True,False,True,False,0,0,0.0008415000047534704
control_concave__beta_4_8__n500,control_concave,beta_4_8,500,64,0.0,0.0,0.0,1.0,1.0,False,True,False,True,False,0,0,0.0008452999754808843
control_concave__beta_4_8__n500,control_concave,beta_4_8,500,65,0.0,0.0,0.0,1.0,1.0,False,True,False,True,False,0,0,0.0008048000163398683
control_concave__beta_4_8__n500,control_concave,beta_4_8,500,66,0.0,0.0,0.0,0.493590617134453,0.493590617134453,False,True,True,False,False,0,1,0.0006692000315524638
control_concave__beta_4_8__n500,control_concave,beta_4_8,500,67,0.0,0.0,0.0,1.0,1.0,False,True,False,True,False,0,0,0.0006445999606512487
control_concave__beta_4_8__n500,control_concave,beta_4_8,500,68,0.0,0.0,0.0,1.0,1.0,False,True,False,True,False,0,0,0.0008717000018805265
control_concave__beta_4_8__n500,control_concave,beta_4_8,500,69,0.0,0.0,0.0,0.28661834958372195,0.28661834958372195,False,True,True,False,False,0,1,0.0009037000127136707
control_concave__beta_4_8__n500,control_concave,beta_4_8,500,70,0.0,0.0,0.0,1.0,1.0,False,True,False,True,False,0,0,0.0008274000138044357
control_concave__beta_4_8__n500,control_concave,beta_4_8,500,71,0.0,0.0,0.0,0.5765997805366625,0.5765997805366625,False,True,True,True,False,0,1,0.0007844999781809747
control_concave__beta_4_8__n500,control_concave,beta_4_8,500,72,0.0,0.0,0.0,1.0,1.0,False,True,False,True,False,0,0,0.0006470999796874821
control_concave__beta_4_8__n500,control_concave,beta_4_8,500,73,0.0,0.0,0.0,1.0,1.0,False,True,False,True,False,0,0,0.0006193000008352101
control_concave__beta_4_8__n500,control_concave,beta_4_8,500,74,0.0,0.0,0.0,1.0,1.0,False,True,False,True,False,0,0,0.0008173999958671629
control_concave__beta_4_8__n500,control_concave,beta_4_8,500,75,0.0,0.0,0.0,1.0,1.0,False,True,False,True,False,0,0,0.000965900020673871
control_concave__beta_4_8__n500,control_concave,beta_4_8,500,76,0.0,0.0,0.0,1.0,1.0,False,True,False,True,False,0,0,0.0009435000247322023
control_concave__beta_4_8__n500,control_concave,beta_4_8,500,77,0.0,0.0,0.0,1.0,1.0,False,True,False,True,False,0,0,0.0009123000199906528
control_concave__beta_4_8__n500,control_concave,beta_4_8,500,78,0.0,0.0,0.0,1.0,1.0,False,True,False,True,False,0,0,0.0008308000396937132
control_concave__beta_4_8__n500,control_concave,beta_4_8,500,79,0.0,0.0,0.0,1.0,1.0,False,True,False,True,False,0,0,0.0007418000022880733
control_concave__beta_4_8__n500,control_concave,beta_4_8,500,80,0.0,0.0,0.0,1.0,1.0,False,True,False,True,False,0,0,0.0007605999708175659
control_concave__beta_4_8__n500,control_concave,beta_4_8,500,81,0.0,0.0,0.0,1.0,1.0,False,True,False,True,False,0,0,0.0007146999705582857
control_concave__beta_4_8__n500,control_concave,beta_4_8,500,82,0.0,0.0,0.0,0.4207027963546227,0.4207027963546227,False,True,True,False,False,0,1,0.0006985000218264759
control_concave__beta_4_8__n500,control_concave,beta_4_8,500,83,0.0,0.0,0.0,1.0,1.0,False,True,False,True,False,0,0,0.0007332999957725406
control_concave__beta_4_8__n500,control_concave,beta_4_8,500,84,0.0,0.0,0.0,1.0,1.0,False,True,False,True,False,0,0,0.0008159999852068722
control_concave__beta_4_8__n500,control_concave,beta_4_8,500,85,0.0,0.0,0.0,1.0,1.0,False,True,False,True,False,0,0,0.0009606999810785055
control_concave__beta_4_8__n500,control_concave,beta_4_8,500,86,0.0,0.0,0.0,1.0,1.0,False,True,False,True,False,0,0,0.0009275000193156302
control_concave__beta_4_8__n500,control_concave,beta_4_8,500,87,0.0,0.0,0.0,1.0,1.0,False,True,False,True,False,0,0,0.000914399977773428
control_concave__beta_4_8__n500,control_concave,beta_4_8,500,88,0.0,0.0,0.0,1.0,1.0,False,True,False,True,False,0,0,0.0007656000088900328
control_concave__beta_4_8__n500,control_concave,beta_4_8,500,89,0.0,0.0,0.0,0.731081992819171,0.731081992819171,False,True,True,True,False,0,1,0.000806500029284507
control_concave__beta_4_8__n500,control_concave,beta_4_8,500,90,0.0,0.0,0.0,1.0,1.0,False,True,False,True,False,0,0,0.0008630999946035445
control_concave__beta_4_8__n500,control_concave,beta_4_8,500,91,0.0,0.0,0.0,1.0,1.0,False,True,False,True,False,0,0,0.0008698999881744385
control_concave__beta_4_8__n500,control_concave,beta_4_8,500,92,0.0,0.0,0.0,1.0,1.0,False,True,False,True,False,0,0,0.0007464000373147428
control_concave__beta_4_8__n500,control_concave,beta_4_8,500,93,0.0,0.0,0.0,1.0,1.0,False,True,False,True,False,0,0,0.0007995000341907144
control_concave__beta_4_8__n500,control_concave,beta_4_8,500,94,0.0,0.0,0.0,1.0,1.0,False,True,False,True,False,0,0,0.000819200009573251
control_concave__beta_4_8__n500,control_concave,beta_4_8,500,95,0.0,0.0,0.0,1.0,1.0,False,True,False,True,False,0,0,0.0009557000012136996
control_concave__beta_4_8__n500,control_concave,beta_4_8,500,96,0.0,0.0,0.0,1.0,1.0,False,True,False,True,False,0,0,0.0008805000106804073
control_concave__beta_4_8__n500,control_concave,beta_4_8,500,97,0.0,0.0,0.0,1.0,1.0,False,True,False,True,False,0,0,0.0008767999825067818
control_concave__beta_4_8__n500,control_concave,beta_4_8,500,98,0.0,0.0,0.0,1.0,1.0,False,True,False,True,False,0,0,0.0008440000237897038
control_concave__beta_4_8__n500,control_concave,beta_4_8,500,99,0.0,0.0,0.0,1.0,1.0,False,True,False,True,False,0,0,0.0007771000382490456
control_concave__beta_4_8__n500,control_concave,beta_4_8,500,100,0.0,0.0,0.0,1.0,1.0,False,True,False,True,False,0,0,0.0007757000275887549
control_concave__beta_4_8__n500,control_concave,beta_4_8,500,101,0.0,0.0,0.0,1.0,1.0,False,True,False,True,False,0,0,0.0007150999736040831
control_concave__beta_4_8__n500,control_concave,beta_4_8,500,102,0.0,0.0,0.0,1.0,1.0,False,True,False,True,False,0,0,0.0007059000199660659
control_concave__beta_4_8__n500,control_concave,beta_4_8,500,103,0.0,0.0,0.0,0.731081992819171,0.731081992819171,False,True,True,True,False,0,1,0.0007150000310502946
control_concave__beta_4_8__n500,control_concave,beta_4_8,500,104,0.0,0.0,0.0,1.0,1.0,False,True,False,True,False,0,0,0.0006985000218264759
control_concave__beta_4_8__n500,control_concave,beta_4_8,500,105,0.0,0.0,0.0,1.0,1.0,False,True,False,True,False,0,0,0.0006834000232629478
control_concave__beta_4_8__n500,control_concave,beta_4_8,500,106,0.0,0.0,0.0,1.0,1.0,False,True,False,True,False,0,0,0.0007050999556668103
control_concave__beta_4_8__n500,control_concave,beta_4_8,500,107,0.0,0.0,0.0,1.0,1.0,False,True,False,True,False,0,0,0.0006973000126890838
control_concave__beta_4_8__n500,control_concave,beta_4_8,500,108,0.0,0.0,0.0,1.0,1.0,False,True,False,True,False,0,0,0.0006823999574407935
control_concave__beta_4_8__n500,control_concave,beta_4_8,500,109,0.0,0.0,0.0,1.0,1.0,False,True,False,True,False,0,0,0.0007044000085443258
control_concave__beta_4_8__n500,control_concave,beta_4_8,500,110,0.0,0.0,0.0,1.0,1.0,False,True,False,True,False,0,0,0.0007165999850258231
control_concave__beta_4_8__n500,control_concave,beta_4_8,500,111,0.0,0.0,0.0,1.0,1.0,False,True,False,True,False,0,0,0.0006235999753698707
control_concave__beta_4_8__n500,control_concave,beta_4_8,500,112,0.0,0.0,0.0,1.0,1.0,False,True,False,True,False,0,0,0.0006539999740198255
control_concave__beta_4_8__n500,control_concave,beta_4_8,500,113,0.0,0.0,0.0,1.0,1.0,False,True,False,True,False,0,0,0.0007294999668374658
control_concave__beta_4_8__n500,control_concave,beta_4_8,500,114,0.0,0.0,0.0,1.0,1.0,False,True,False,True,False,0,0,0.0007770999800413847
control_concave__beta_4_8__n500,control_concave,beta_4_8,500,115,0.0,0.0,0.0,1.0,1.0,False,True,False,True,False,0,0,0.0007588999578729272
control_concave__beta_4_8__n500,control_concave,beta_4_8,500,116,0.0,0.0,0.0,1.0,1.0,False,True,False,True,False,0,0,0.0007073000306263566
control_concave__beta_4_8__n500,control_concave,beta_4_8,500,117,0.0,0.0,0.0,1.0,1.0,False,True,False,True,False,0,0,0.0008921999833546579
control_concave__beta_4_8__n500,control_concave,beta_4_8,500,118,0.0,0.0,0.0,1.0,1.0,False,True,False,True,False,0,0,0.0008049000171013176
control_concave__beta_4_8__n500,control_concave,beta_4_8,500,119,0.0,0.0,0.0,1.0,1.0,False,True,False,True,False,0,0,0.0007932999869808555
control_concave__beta_4_8__n500,control_concave,beta_4_8,500,120,0.0,0.0,0.0,1.0,1.0,False,True,False,True,False,0,0,0.0007173999911174178
control_concave__beta_4_8__n500,control_concave,beta_4_8,500,121,0.0,0.0,0.0,1.0,1.0,False,True,False,True,False,0,0,0.0006955999997444451
control_concave__beta_4_8__n500,control_concave,beta_4_8,500,122,0.0,0.0,0.0,1.0,1.0,False,True,False,True,False,0,0,0.0007418000022880733
control_concave__beta_4_8__n500,control_concave,beta_4_8,500,123,0.0,0.0,0.0,1.0,1.0,False,True,False,True,False,0,0,0.0007159999804571271
control_concave__beta_4_8__n500,control_concave,beta_4_8,500,124,0.0,0.0,0.0,1.0,1.0,False,True,False,True,False,0,0,0.000714799971319735
control_concave__beta_4_8__n500,control_concave,beta_4_8,500,125,0.0,0.0,0.0,1.0,1.0,False,True,False,True,False,0,0,0.0007309000357054174
control_concave__beta_4_8__n500,control_concave,beta_4_8,500,126,0.0,0.0,0.0,1.0,1.0,False,True,False,True,False,0,0,0.0007543000392615795
control_concave__beta_4_8__n500,control_concave,beta_4_8,500,127,0.0,0.0,0.0,1.0,1.0,False,True,False,True,False,0,0,0.0007215000223368406
control_concave__beta_4_8__n500,control_concave,beta_4_8,500,128,0.0,0.0,0.0,1.0,1.0,False,True,False,True,False,0,0,0.0007033000001683831
control_concave__beta_4_8__n500,control_concave,beta_4_8,500,129,0.0,0.0,0.0,1.0,1.0,False,True,False,True,False,0,0,0.0007153000333346426
control_concave__beta_4_8__n500,control_concave,beta_4_8,500,130,0.0,0.0,0.0,1.0,1.0,False,True,False,True,False,0,0,0.000694699992891401
control_concave__beta_4_8__n500,control_concave,beta_4_8,500,131,0.0,0.0,0.0,1.0,1.0,False,True,False,True,False,0,0,0.0006913999677635729
control_concave__beta_4_8__n500,control_concave,beta_4_8,500,132,0.0,0.0,0.0,1.0,1.0,False,True,False,True,False,0,0,0.0007174999918788671
control_concave__beta_4_8__n500,control_concave,beta_4_8,500,133,0.0,0.0,0.0,1.0,1.0,False,True,False,True,False,0,0,0.0007124000112526119
control_concave__beta_4_8__n500,control_concave,beta_4_8,500,134,0.0,0.0,0.0,1.0,1.0,False,True,False,True,False,0,0,0.0007148999720811844
control_concave__beta_4_8__n500,control_concave,beta_4_8,500,135,0.0,0.0,0.0,1.0,1.0,False,True,False,True,False,0,0,0.0007537000346928835
control_concave__beta_4_8__n500,control_concave,beta_4_8,500,136,0.0,0.0,0.0,1.0,1.0,False,True,False,True,False,0,0,0.0007024999940767884
control_concave__beta_4_8__n500,control_concave,beta_4_8,500,137,0.0,0.0,0.0,1.0,1.0,False,True,False,True,False,0,0,0.0008313999860547483
control_concave__beta_4_8__n500,control_concave,beta_4_8,500,138,0.0,0.0,0.0,1.0,1.0,False,True,False,True,False,0,0,0.0007945999968796968
control_concave__beta_4_8__n500,control_concave,beta_4_8,500,139,0.0,0.0,0.0,1.0,1.0,False,True,False,True,False,0,0,0.0009392000501975417
control_concave__beta_4_8__n500,control_concave,beta_4_8,500,140,0.0,0.0,0.0,1.0,1.0,False,True,False,True,False,0,0,0.0008554999949410558
control_concave__beta_4_8__n500,control_concave,beta_4_8,500,141,0.0,0.0,0.0,1.0,1.0,False,True,False,True,False,0,0,0.0008193000103347003
control_concave__beta_4_8__n500,control_concave,beta_4_8,500,142,0.0,0.0,0.0,1.0,1.0,False,True,False,True,False,0,0,0.0007705999887548387
control_concave__beta_4_8__n500,control_concave,beta_4_8,500,143,0.0,0.0,0.0,1.0,1.0,False,True,False,True,False,0,0,0.0008021999965421855
control_concave__beta_4_8__n500,control_concave,beta_4_8,500,144,0.0,0.0,0.0,1.0,1.0,False,True,False,True,False,0,0,0.0006751999608241022
control_concave__beta_4_8__n500,control_concave,beta_4_8,500,145,0.0,0.0,0.0,1.0,1.0,False,True,False,True,False,0,0,0.0007364999619312584
control_concave__beta_4_8__n500,control_concave,beta_4_8,500,146,0.0,0.0,0.0,1.0,1.0,False,True,False,True,False,0,0,0.0007110000005923212
control_concave__beta_4_8__n500,control_concave,beta_4_8,500,147,0.0,0.0,0.2838837189501925,1.0,0.7161162810498075,False,False,True,False,False,1,0,0.0007448999676853418
control_concave__beta_4_8__n500,control_concave,beta_4_8,500,148,0.0,0.0,0.0,1.0,1.0,False,True,False,True,False,0,0,0.0006850999779999256
control_concave__beta_4_8__n500,control_concave,beta_4_8,500,149,0.0,0.0,0.0,1.0,1.0,False,True,False,True,False,0,0,0.0006760000251233578
control_concave__beta_4_8__n500,control_concave,beta_4_8,500,150,0.0,0.0,0.0,1.0,1.0,False,True,False,True,False,0,0,0.0006815999513491988
control_concave__beta_4_8__n500,control_concave,beta_4_8,500,151,0.0,0.0,0.0,1.0,1.0,False,True,False,True,False,0,0,0.0007099999929778278
control_concave__beta_4_8__n500,control_concave,beta_4_8,500,152,0.0,0.0,0.0,1.0,1.0,False,True,False,True,False,0,0,0.000693499983754009
control_concave__beta_4_8__n500,control_concave,beta_4_8,500,153,0.0,0.0,0.0,1.0,1.0,False,True,False,True,False,0,0,0.0007386000361293554
control_concave__beta_4_8__n500,control_concave,beta_4_8,500,154,0.0,0.0,0.0,1.0,1.0,False,True,False,True,False,0,0,0.0007050999556668103
control_concave__beta_4_8__n500,control_concave,beta_4_8,500,155,0.0,0.0,0.0,1.0,1.0,False,True,False,True,False,0,0,0.000791400030720979
control_concave__beta_4_8__n500,control_concave,beta_4_8,500,156,0.0,0.0,0.0,1.0,1.0,False,True,False,True,False,0,0,0.0007989000296220183
control_concave__beta_4_8__n500,control_concave,beta_4_8,500,157,0.0,0.0,0.0,1.0,1.0,False,True,False,True,False,0,0,0.0007657000096514821
control_concave__beta_4_8__n500,control_concave,beta_4_8,500,158,0.0,0.0,0.0,1.0,1.0,False,True,False,True,False,0,0,0.000707099970895797
control_concave__beta_4_8__n500,control_concave,beta_4_8,500,159,0.0,0.0,0.0,1.0,1.0,False,True,False,True,False,0,0,0.0006716999923810363
control_concave__beta_4_8__n500,control_concave,beta_4_8,500,160,0.0,0.0,0.0,1.0,1.0,False,True,False,True,False,0,0,0.0008535999804735184
control_concave__beta_4_8__n500,control_concave,beta_4_8,500,161,0.0,0.0,0.0,1.0,1.0,False,True,False,True,False,0,0,0.000706799968611449
control_concave__beta_4_8__n500,control_concave,beta_4_8,500,162,0.0,0.0,0.0,1.0,1.0,False,True,False,True,False,0,0,0.0007031999994069338
control_concave__beta_4_8__n500,control_concave,beta_4_8,500,163,0.0,0.0,0.0,1.0,1.0,False,True,False,True,False,0,0,0.0006606999668292701
control_concave__beta_4_8__n500,control_concave,beta_4_8,500,164,0.0,0.0,0.0,1.0,1.0,False,True,False,True,False,0,0,0.0006749000167474151
control_concave__beta_4_8__n500,control_concave,beta_4_8,500,165,0.0,0.0,0.0,0.3373576013885147,0.3373576013885147,False,True,True,False,False,0,1,0.0006861999863758683
control_concave__beta_4_8__n500,control_concave,beta_4_8,500,166,0.0,0.0,0.0,1.0,1.0,False,True,False,True,False,0,0,0.00072160002309829
control_concave__beta_4_8__n500,control_concave,beta_4_8,500,167,0.0,0.0,0.0,1.0,1.0,False,True,False,True,False,0,0,0.0007240999839268625
control_concave__beta_4_8__n500,control_concave,beta_4_8,500,168,0.0,0.0,0.0,1.0,1.0,False,True,False,True,False,0,0,0.0007034000009298325
control_concave__beta_4_8__n500,control_concave,beta_4_8,500,169,0.0,0.0,0.0,1.0,1.0,False,True,False,True,False,0,0,0.000685499981045723
control_concave__beta_4_8__n500,control_concave,beta_4_8,500,170,0.0,0.0,0.0,1.0,1.0,False,True,False,True,False,0,0,0.0007643999997526407
control_concave__beta_4_8__n500,control_concave,beta_4_8,500,171,0.0,0.0,0.0,1.0,1.0,False,True,False,True,False,0,0,0.0007627999875694513
control_concave__beta_4_8__n500,control_concave,beta_4_8,500,172,0.0,0.0,0.0,1.0,1.0,False,True,False,True,False,0,0,0.0007661000126972795
control_concave__beta_4_8__n500,control_concave,beta_4_8,500,173,0.0,0.0,0.0,1.0,1.0,False,True,False,True,False,0,0,0.000729600025806576
control_concave__beta_4_8__n500,control_concave,beta_4_8,500,174,0.0,0.0,0.0,1.0,1.0,False,True,False,True,False,0,0,0.0006984000210650265
control_concave__beta_4_8__n500,control_concave,beta_4_8,500,175,0.0,0.0,0.0,1.0,1.0,False,True,False,True,False,0,0,0.0007272000075317919
control_concave__beta_4_8__n500,control_concave,beta_4_8,500,176,0.0,0.0,0.0,1.0,1.0,False,True,False,True,False,0,0,0.0007394999847747386
control_concave__beta_4_8__n500,control_concave,beta_4_8,500,177,0.0,0.0,0.0,1.0,1.0,False,True,False,True,False,0,0,0.0007234999793581665
control_concave__beta_4_8__n500,control_concave,beta_4_8,500,178,0.0,0.0,0.0,0.731081992819171,0.731081992819171,False,True,True,True,False,0,1,0.0007863999926485121
control_concave__beta_4_8__n500,control_concave,beta_4_8,500,179,0.0,0.0,0.0,1.0,1.0,False,True,False,True,False,0,0,0.0008012000471353531
control_concave__beta_4_8__n500,control_concave,beta_4_8,500,180,0.0,0.0,0.0,1.0,1.0,False,True,False,True,False,0,0,0.0007729000062681735
control_concave__beta_4_8__n500,control_concave,beta_4_8,500,181,0.0,0.0,0.0,1.0,1.0,False,True,False,True,False,0,0,0.0008379999781027436
control_concave__beta_4_8__n500,control_concave,beta_4_8,500,182,0.0,0.0,0.0,1.0,1.0,False,True,False,True,False,0,0,0.0007946999976411462
control_concave__beta_4_8__n500,control_concave,beta_4_8,500,183,0.0,0.0,0.0,1.0,1.0,False,True,False,True,False,0,0,0.0007443000213243067
control_concave__beta_4_8__n500,control_concave,beta_4_8,500,184,0.0,0.0,0.0,1.0,1.0,False,True,False,True,False,0,0,0.0006750000175088644
control_concave__beta_4_8__n500,control_concave,beta_4_8,500,185,0.0,0.0,0.0,1.0,1.0,False,True,False,True,False,0,0,0.0006900999578647316
control_concave__beta_4_8__n500,control_concave,beta_4_8,500,186,0.0,0.0,0.11981105811010999,0.23847436232630131,0.11866330421619133,False,False,True,False,False,1,1,0.000735200010240078
control_concave__beta_4_8__n500,control_concave,beta_4_8,500,187,0.0,0.0,0.0,1.0,1.0,False,True,False,True,False,0,0,0.0007112000021152198
control_concave__beta_4_8__n500,control_concave,beta_4_8,500,188,0.0,0.0,0.0,1.0,1.0,False,True,False,True,False,0,0,0.000706199964042753
control_concave__beta_4_8__n500,control_concave,beta_4_8,500,189,0.0,0.0,0.0,1.0,1.0,False,True,False,True,False,0,0,0.0006861000438220799
control_concave__beta_4_8__n500,control_concave,beta_4_8,500,190,0.0,0.0,0.0,1.0,1.0,False,True,False,True,False,0,0,0.000665400002617389
control_concave__beta_4_8__n500,control_concave,beta_4_8,500,191,0.0,0.0,0.0,1.0,1.0,False,True,False,True,False,0,0,0.0006671000155620277
control_concave__beta_4_8__n500,control_concave,beta_4_8,500,192,0.0,0.0,0.0,1.0,1.0,False,True,False,True,False,0,0,0.0006456999690271914
control_concave__beta_4_8__n500,control_concave,beta_4_8,500,193,0.0,0.0,0.0,1.0,1.0,False,True,False,True,False,0,0,0.0006844999734312296
control_concave__beta_4_8__n500,control_concave,beta_4_8,500,194,0.0,0.0,0.0,1.0,1.0,False,True,False,True,False,0,0,0.000692899979185313
control_concave__beta_4_8__n500,control_concave,beta_4_8,500,195,0.0,0.0,0.0,1.0,1.0,False,True,False,True,False,0,0,0.0006719000521115959
control_concave__beta_4_8__n500,control_concave,beta_4_8,500,196,0.0,0.0,0.0,0.731081992819171,0.731081992819171,False,True,True,True,False,0,1,0.0007088000420480967
control_concave__beta_4_8__n500,control_concave,beta_4_8,500,197,0.0,0.0,0.0,1.0,1.0,False,True,False,True,False,0,0,0.0008188999490812421
control_concave__beta_4_8__n500,control_concave,beta_4_8,500,198,0.0,0.0,0.0,1.0,1.0,False,True,False,True,False,0,0,0.000847299990709871
control_concave__beta_4_8__n500,control_concave,beta_4_8,500,199,0.0,0.0,0.0,1.0,1.0,False,True,False,True,False,0,0,0.0007100999937392771
paper_f1_cusp__uniform__n1000,paper_f1_cusp,uniform,1000,0,0.3,0.3,0.25674325674325676,0.3516483516483517,0.09490509490509491,False,True,True,True,False,21,32,0.001777400029823184
paper_f1_cusp__uniform__n1000,paper_f1_cusp,uniform,1000,1,0.3,0.3,0.24875124875124874,0.3996003996003996,0.15084915084915088,False,True,True,True,False,21,28,0.0015107000363059342
paper_f1_cusp__uniform__n1000,paper_f1_cusp,uniform,1000,2,0.3,0.3,0.25674325674325676,0.3596403596403596,0.10289710289710285,False,True,True,True,False,25,31,0.001743400003761053
paper_f1_cusp__uniform__n1000,paper_f1_cusp,uniform,1000,3,0.3,0.3,0.22477522477522477,0.3836163836163836,0.15884115884115885,False,True,True,True,False,19,29,0.001664099982008338
paper_f1_cusp__uniform__n1000,paper_f1_cusp,uniform,1000,4,0.3,0.3,0.24075924075924077,0.3676323676323676,0.12687312687312685,False,True,True,True,False,21,29,0.0016385000199079514
paper_f1_cusp__uniform__n1000,paper_f1_cusp,uniform,1000,5,0.3,0.3,0.24875124875124874,0.3516483516483517,0.10289710289710294,False,True,True,True,False,20,32,0.001570400025229901
paper_f1_cusp__uniform__n1000,paper_f1_cusp,uniform,1000,6,0.3,0.3,0.22477522477522477,0.3596403596403596,0.13486513486513485,False,True,True,True,False,18,29,0.0013552000164054334
paper_f1_cusp__uniform__n1000,paper_f1_cusp,uniform,1000,7,0.3,0.3,0.24875124875124874,0.3516483516483517,0.10289710289710294,False,True,True,True,False,20,32,0.0013649000320583582
paper_f1_cusp__uniform__n1000,paper_f1_cusp,uniform,1000,8,0.3,0.3,0.24875124875124874,0.3996003996003996,0.15084915084915088,False,True,True,True,False,21,28,0.0012868000194430351
paper_f1_cusp__uniform__n1000,paper_f1_cusp,uniform,1000,9,0.3,0.3,0.25674325674325676,0.3676323676323676,0.11088911088911085,False,True,True,True,False,21,31,0.001659100002143532
paper_f1_cusp__uniform__n1000,paper_f1_cusp,uniform,1000,10,0.3,0.3,0.25674325674325676,0.3836163836163836,0.12687312687312685,False,True,True,True,False,21,28,0.0015177999739535153
paper_f1_cusp__uniform__n1000,paper_f1_cusp,uniform,1000,11,0.3,0.3,0.24075924075924077,0.3596403596403596,0.11888111888111885,False,True,True,True,False,19,31,0.0014407000271603465
paper_f1_cusp__uniform__n1000,paper_f1_cusp,uniform,1000,12,0.3,0.3,0.24875124875124874,0.3516483516483517,0.10289710289710294,False,True,True,True,False,22,31,0.0016050999984145164
paper_f1_cusp__uniform__n1000,paper_f1_cusp,uniform,1000,13,0.3,0.3,0.24875124875124874,0.3516483516483517,0.10289710289710294,False,True,True,True,False,20,31,0.0015252000303007662
paper_f1_cusp__uniform__n1000,paper_f1_cusp,uniform,1000,14,0.3,0.3,0.24875124875124874,0.3516483516483517,0.10289710289710294,False,True,True,True,False,24,29,0.0015716999769210815
paper_f1_cusp__uniform__n1000,paper_f1_cusp,uniform,1000,15,0.3,0.3,0.24875124875124874,0.3596403596403596,0.11088911088911088,False,True,True,True,False,21,31,0.001458299986552447
paper_f1_cusp__uniform__n1000,paper_f1_cusp,uniform,1000,16,0.3,0.3,0.24875124875124874,0.3516483516483517,0.10289710289710294,False,True,True,True,False,23,29,0.0017398000345565379
paper_f1_cusp__uniform__n1000,paper_f1_cusp,uniform,1000,17,0.3,0.3,0.24875124875124874,0.3516483516483517,0.10289710289710294,False,True,True,True,False,20,29,0.0017239000299014151
paper_f1_cusp__uniform__n1000,paper_f1_cusp,uniform,1000,18,0.3,0.3,0.24075924075924077,0.3996003996003996,0.15884115884115885,False,True,True,True,False,22,28,0.00165200000628829
paper_f1_cusp__uniform__n1000,paper_f1_cusp,uniform,1000,19,0.3,0.3,0.24875124875124874,0.3516483516483517,0.10289710289710294,False,True,True,True,False,21,30,0.0015346999862231314
paper_f1_cusp__uniform__n1000,paper_f1_cusp,uniform,1000,20,0.3,0.3,0.24875124875124874,0.3516483516483517,0.10289710289710294,False,True,True,True,False,20,33,0.0014203000464476645
paper_f1_cusp__uniform__n1000,paper_f1_cusp,uniform,1000,21,0.3,0.3,0.25674325674325676,0.3596403596403596,0.10289710289710285,False,True,True,True,False,21,30,0.001429299998562783
paper_f1_cusp__uniform__n1000,paper_f1_cusp,uniform,1000,22,0.3,0.3,0.24075924075924077,0.3996003996003996,0.15884115884115885,False,True,True,True,False,20,30,0.0015672000008635223
paper_f1_cusp__uniform__n1000,paper_f1_cusp,uniform,1000,23,0.3,0.3,0.25674325674325676,0.3676323676323676,0.11088911088911085,False,True,True,True,False,21,30,0.001762899977620691
paper_f1_cusp__uniform__n1000,paper_f1_cusp,uniform,1000,24,0.3,0.3,0.25674325674325676,0.3596403596403596,0.10289710289710285,False,True,True,True,False,22,30,0.001643700001295656
paper_f1_cusp__uniform__n1000,paper_f1_cusp,uniform,1000,25,0.3,0.3,0.25674325674325676,0.3516483516483517,0.09490509490509491,False,True,True,True,False,22,32,0.0014545000158250332
paper_f1_cusp__uniform__n1000,paper_f1_cusp,uniform,1000,26,0.3,0.3,0.24875124875124874,0.3836163836163836,0.13486513486513488,False,True,True,True,False,20,30,0.0014479999663308263
paper_f1_cusp__uniform__n1000,paper_f1_cusp,uniform,1000,27,0.3,0.3,0.24075924075924077,0.3676323676323676,0.12687312687312685,False,True,True,True,False,20,28,0.0011410000151954591
paper_f1_cusp__uniform__n1000,paper_f1_cusp,uniform,1000,28,0.3,0.3,0.2647352647352647,0.3996003996003996,0.1348651348651349,False,True,True,True,False,20,27,0.0012729999725706875
paper_f1_cusp__uniform__n1000,paper_f1_cusp,uniform,1000,29,0.3,0.3,0.2727272727272727,0.3156843156843157,0.042957042957043,False,True,True,True,False,26,35,0.0014462000108323991
paper_f1_cusp__uniform__n1000,paper_f1_cusp,uniform,1000,30,0.3,0.3,0.24875124875124874,0.3516483516483517,0.10289710289710294,False,True,True,True,False,20,29,0.0015452000079676509
paper_f1_cusp__uniform__n1000,paper_f1_cusp,uniform,1000,31,0.3,0.3,0.2727272727272727,0.3596403596403596,0.08691308691308691,False,True,True,True,False,24,30,0.001507400011178106
paper_f1_cusp__uniform__n1000,paper_f1_cusp,uniform,1000,32,0.3,0.3,0.24875124875124874,0.3596403596403596,0.11088911088911088,False,True,True,True,False,22,32,0.0015660999924875796
paper_f1_cusp__uniform__n1000,paper_f1_cusp,uniform,1000,33,0.3,0.3,0.24875124875124874,0.3356643356643357,0.08691308691308694,False,True,True,True,False,21,32,0.0018919000285677612
paper_f1_cusp__uniform__n1000,paper_f1_cusp,uniform,1000,34,0.3,0.3,0.24075924075924077,0.3676323676323676,0.12687312687312685,False,True,True,True,False,19,32,0.001503199979197234
paper_f1_cusp__uniform__n1000,paper_f1_cusp,uniform,1000,35,0.3,0.3,0.24875124875124874,0.3596403596403596,0.11088911088911088,False,True,True,True,False,19,32,0.0014115000376477838
paper_f1_cusp__uniform__n1000,paper_f1_cusp,uniform,1000,36,0.3,0.3,0.24075924075924077,0.3676323676323676,0.12687312687312685,False,True,True,True,False,19,28,0.0015422999858856201
paper_f1_cusp__uniform__n1000,paper_f1_cusp,uniform,1000,37,0.3,0.3,0.25674325674325676,0.3356643356643357,0.07892107892107891,False,True,True,True,False,22,36,0.0016505999956279993
paper_f1_cusp__uniform__n1000,paper_f1_cusp,uniform,1000,38,0.3,0.3,0.25674325674325676,0.3996003996003996,0.14285714285714285,False,True,True,True,False,22,27,0.0015983000048436224
paper_f1_cusp__uniform__n1000,paper_f1_cusp,uniform,1000,39,0.3,0.3,0.25674325674325676,0.3676323676323676,0.11088911088911085,False,True,True,True,False,22,28,0.0016542000230401754
paper_f1_cusp__uniform__n1000,paper_f1_cusp,uniform,1000,40,0.3,0.3,0.24875124875124874,0.3996003996003996,0.15084915084915088,False,True,True,True,False,21,30,0.0018567999941296875
paper_f1_cusp__uniform__n1000,paper_f1_cusp,uniform,1000,41,0.3,0.3,0.24075924075924077,0.3516483516483517,0.11088911088911091,False,True,True,True,False,21,28,0.0014551999629475176
paper_f1_cusp__uniform__n1000,paper_f1_cusp,uniform,1000,42,0.3,0.3,0.24875124875124874,0.3516483516483517,0.10289710289710294,False,True,True,True,False,20,33,0.001665899995714426
paper_f1_cusp__uniform__n1000,paper_f1_cusp,uniform,1000,43,0.3,0.3,0.24875124875124874,0.3516483516483517,0.10289710289710294,False,True,True,True,False,22,30,0.0017612000228837132
paper_f1_cusp__uniform__n1000,paper_f1_cusp,uniform,1000,44,0.3,0.3,0.24875124875124874,0.3996003996003996,0.15084915084915088,False,True,True,True,False,21,29,0.00146390002919361
paper_f1_cusp__uniform__n1000,paper_f1_cusp,uniform,1000,45,0.3,0.3,0.24075924075924077,0.3596403596403596,0.11888111888111885,False,True,True,True,False,20,33,0.0014515999937430024
paper_f1_cusp__uniform__n1000,paper_f1_cusp,uniform,1000,46,0.3,0.3,0.22477522477522477,0.3596403596403596,0.13486513486513485,False,True,True,True,False,17,30,0.0013168000150471926
paper_f1_cusp__uniform__n1000,paper_f1_cusp,uniform,1000,47,0.3,0.3,0.25674325674325676,0.3676323676323676,0.11088911088911085,False,True,True,True,False,22,30,0.0016586999990977347
paper_f1_cusp__uniform__n1000,paper_f1_cusp,uniform,1000,48,0.3,0.3,0.25674325674325676,0.3996003996003996,0.14285714285714285,False,True,True,True,False,19,29,0.001525700034108013
paper_f1_cusp__uniform__n1000,paper_f1_cusp,uniform,1000,49,0.3,0.3,0.22477522477522477,0.3676323676323676,0.14285714285714285,False,True,True,True,False,20,32,0.0016736999968998134
paper_f1_cusp__uniform__n1000,paper_f1_cusp,uniform,1000,50,0.3,0.3,0.25674325674325676,0.3596403596403596,0.10289710289710285,False,True,True,True,False,20,31,0.0018508000066503882
paper_f1_cusp__uniform__n1000,paper_f1_cusp,uniform,1000,51,0.3,0.3,0.22477522477522477,0.3996003996003996,0.17482517482517484,False,True,True,True,False,17,27,0.0016165999695658684
paper_f1_cusp__uniform__n1000,paper_f1_cusp,uniform,1000,52,0.3,0.3,0.24075924075924077,0.3996003996003996,0.15884115884115885,False,True,True,True,False,21,28,0.0014929999597370625
paper_f1_cusp__uniform__n1000,paper_f1_cusp,uniform,1000,53,0.3,0.3,0.24075924075924077,0.3996003996003996,0.15884115884115885,False,True,True,True,False,20,28,0.001469200011342764
paper_f1_cusp__uniform__n1000,paper_f1_cusp,uniform,1000,54,0.3,0.3,0.25674325674325676,0.3996003996003996,0.14285714285714285,False,True,True,True,False,21,27,0.0016615999629721045
paper_f1_cusp__uniform__n1000,paper_f1_cusp,uniform,1000,55,0.3,0.3,0.24875124875124874,0.3516483516483517,0.10289710289710294,False,True,True,True,False,21,29,0.0017556999810039997
paper_f1_cusp__uniform__n1000,paper_f1_cusp,uniform,1000,56,0.3,0.3,0.24075924075924077,0.3676323676323676,0.12687312687312685,False,True,True,True,False,19,30,0.00148460001219064
paper_f1_cusp__uniform__n1000,paper_f1_cusp,uniform,1000,57,0.3,0.3,0.24075924075924077,0.3996003996003996,0.15884115884115885,False,True,True,True,False,19,28,0.0018701999797485769
paper_f1_cusp__uniform__n1000,paper_f1_cusp,uniform,1000,58,0.3,0.3,0.24075924075924077,0.3996003996003996,0.15884115884115885,False,True,True,True,False,18,28,0.0015888999914750457
paper_f1_cusp__uniform__n1000,paper_f1_cusp,uniform,1000,59,0.3,0.3,0.25674325674325676,0.3516483516483517,0.09490509490509491,False,True,True,True,False,21,30,0.0013697999529540539
paper_f1_cusp__uniform__n1000,paper_f1_cusp,uniform,1000,60,0.3,0.3,0.24075924075924077,0.3836163836163836,0.14285714285714285,False,True,True,True,False,18,31,0.0015505999908782542
paper_f1_cusp__uniform__n1000,paper_f1_cusp,uniform,1000,61,0.3,0.3,0.24075924075924077,0.3676323676323676,0.12687312687312685,False,True,True,True,False,20,30,0.0015350999892689288
paper_f1_cusp__uniform__n1000,paper_f1_cusp,uniform,1000,62,0.3,0.3,0.22477522477522477,0.14385614385614387,nan,True,False,False,False,False,18,30,0.0015090000233612955
paper_f1_cusp__uniform__n1000,paper_f1_cusp,uniform,1000,63,0.3,0.3,0.25674325674325676,0.3996003996003996,0.14285714285714285,False,True,True,True,False,24,28,0.001491100003477186
paper_f1_cusp__uniform__n1000,paper_f1_cusp,uniform,1000,64,0.3,0.3,0.2727272727272727,0.3676323676323676,0.09490509490509491,False,True,True,True,False,23,32,0.0016790999798104167
paper_f1_cusp__uniform__n1000,paper_f1_cusp,uniform,1000,65,0.3,0.3,0.24875124875124874,0.3996003996003996,0.15084915084915088,False,True,True,True,False,21,27,0.0015522000030614436
paper_f1_cusp__uniform__n1000,paper_f1_cusp,uniform,1000,66,0.3,0.3,0.25674325674325676,0.3596403596403596,0.10289710289710285,False,True,True,True,False,22,31,0.0016308000194840133
paper_f1_cusp__uniform__n1000,paper_f1_cusp,uniform,1000,67,0.3,0.3,0.24075924075924077,0.3996003996003996,0.15884115884115885,False,True,True,True,False,20,26,0.001749599992763251
paper_f1_cusp__uniform__n1000,paper_f1_cusp,uniform,1000,68,0.3,0.3,0.24875124875124874,0.3516483516483517,0.10289710289710294,False,True,True,True,False,20,32,0.0018653000006452203
paper_f1_cusp__uniform__n1000,paper_f1_cusp,uniform,1000,69,0.3,0.3,0.24075924075924077,0.3996003996003996,0.15884115884115885,False,True,True,True,False,20,28,0.0016982000088319182
paper_f1_cusp__uniform__n1000,paper_f1_cusp,uniform,1000,70,0.3,0.3,0.25674325674325676,0.3676323676323676,0.11088911088911085,False,True,True,True,False,23,29,0.001662899972870946
paper_f1_cusp__uniform__n1000,paper_f1_cusp,uniform,1000,71,0.3,0.3,0.24075924075924077,0.3516483516483517,0.11088911088911091,False,True,True,True,False,21,33,0.001616800029296428
paper_f1_cusp__uniform__n1000,paper_f1_cusp,uniform,1000,72,0.3,0.3,0.24075924075924077,0.3836163836163836,0.14285714285714285,False,True,True,True,False,20,29,0.001433399971574545
paper_f1_cusp__uniform__n1000,paper_f1_cusp,uniform,1000,73,0.3,0.3,0.24875124875124874,0.3996003996003996,0.15084915084915088,False,True,True,True,False,22,29,0.0014293999993242323
paper_f1_cusp__uniform__n1000,paper_f1_cusp,uniform,1000,74,0.3,0.3,0.24075924075924077,0.3996003996003996,0.15884115884115885,False,True,True,True,False,18,29,0.001289999985601753
paper_f1_cusp__uniform__n1000,paper_f1_cusp,uniform,1000,75,0.3,0.3,0.24075924075924077,0.3996003996003996,0.15884115884115885,False,True,True,True,False,19,29,0.001531599962618202
paper_f1_cusp__uniform__n1000,paper_f1_cusp,uniform,1000,76,0.3,0.3,0.22477522477522477,0.3676323676323676,0.14285714285714285,False,True,True,True,False,19,30,0.0014031000318937004
paper_f1_cusp__uniform__n1000,paper_f1_cusp,uniform,1000,77,0.3,0.3,0.25674325674325676,0.3516483516483517,0.09490509490509491,False,True,True,True,False,21,30,0.0015098000294528902
paper_f1_cusp__uniform__n1000,paper_f1_cusp,uniform,1000,78,0.3,0.3,0.25674325674325676,0.3676323676323676,0.11088911088911085,False,True,True,True,False,19,29,0.001567400002386421
paper_f1_cusp__uniform__n1000,paper_f1_cusp,uniform,1000,79,0.3,0.3,0.24075924075924077,0.3516483516483517,0.11088911088911091,False,True,True,True,False,19,31,0.0012994000571779907
paper_f1_cusp__uniform__n1000,paper_f1_cusp,uniform,1000,80,0.3,0.3,0.24875124875124874,0.3356643356643357,0.08691308691308694,False,True,True,True,False,22,33,0.001222899998538196
paper_f1_cusp__uniform__n1000,paper_f1_cusp,uniform,1000,81,0.3,0.3,0.25674325674325676,0.3516483516483517,0.09490509490509491,False,True,True,False,False,24,33,0.0013846000074408948
paper_f1_cusp__uniform__n1000,paper_f1_cusp,uniform,1000,82,0.3,0.3,0.24875124875124874,0.3516483516483517,0.10289710289710294,False,True,True,True,False,22,31,0.0013171000173315406
paper_f1_cusp__uniform__n1000,paper_f1_cusp,uniform,1000,83,0.3,0.3,0.25674325674325676,0.3596403596403596,0.10289710289710285,False,True,True,True,False,22,31,0.0011613999959081411
paper_f1_cusp__uniform__n1000,paper_f1_cusp,uniform,1000,84,0.3,0.3,0.2087912087912088,0.3996003996003996,0.19080919080919082,False,True,True,True,False,17,27,0.0011463999981060624
paper_f1_cusp__uniform__n1000,paper_f1_cusp,uniform,1000,85,0.3,0.3,0.24075924075924077,0.3996003996003996,0.15884115884115885,False,True,True,True,False,20,28,0.0013414000277407467
paper_f1_cusp__uniform__n1000,paper_f1_cusp,uniform,1000,86,0.3,0.3,0.24875124875124874,0.3516483516483517,0.10289710289710294,False,True,True,True,False,22,33,0.0012086000060662627
paper_f1_cusp__uniform__n1000,paper_f1_cusp,uniform,1000,87,0.3,0.3,0.25674325674325676,0.3516483516483517,0.09490509490509491,False,True,True,True,False,24,31,0.0011168000055477023
paper_f1_cusp__uniform__n1000,paper_f1_cusp,uniform,1000,88,0.3,0.3,0.2727272727272727,0.3356643356643357,0.06293706293706297,False,True,True,True,False,25,34,0.0010674000368453562
paper_f1_cusp__uniform__n1000,paper_f1_cusp,uniform,1000,89,0.3,0.3,0.25674325674325676,0.3676323676323676,0.11088911088911085,False,True,True,True,False,23,29,0.0012370999902486801
paper_f1_cusp__uniform__n1000,paper_f1_cusp,uniform,1000,90,0.3,0.3,0.24075924075924077,0.3516483516483517,0.11088911088911091,False,True,True,True,False,19,29,0.0013506999821402133
paper_f1_cusp__uniform__n1000,paper_f1_cusp,uniform,1000,91,0.3,0.3,0.24075924075924077,0.3836163836163836,0.14285714285714285,False,True,True,True,False,19,28,0.0013214999926276505
paper_f1_cusp__uniform__n1000,paper_f1_cusp,uniform,1000,92,0.3,0.3,0.24075924075924077,0.3836163836163836,0.14285714285714285,False,True,True,True,False,19,28,0.001220500038471073
paper_f1_cusp__uniform__n1000,paper_f1_cusp,uniform,1000,93,0.3,0.3,0.24875124875124874,0.3996003996003996,0.15084915084915088,False,True,True,False,False,19,29,0.0013137999922037125
paper_f1_cusp__uniform__n1000,paper_f1_cusp,uniform,1000,94,0.3,0.3,0.29270729270729273,0.3516483516483517,0.058941058941058944,False,True,True,True,False,23,28,0.0012419000267982483
paper_f1_cusp__uniform__n1000,paper_f1_cusp,uniform,1000,95,0.3,0.3,0.24075924075924077,0.3836163836163836,0.14285714285714285,False,True,True,True,False,19,30,0.001109000004362315
paper_f1_cusp__uniform__n1000,paper_f1_cusp,uniform,1000,96,0.3,0.3,0.24075924075924077,0.3676323676323676,0.12687312687312685,False,True,True,True,False,20,30,0.001101000001654029
paper_f1_cusp__uniform__n1000,paper_f1_cusp,uniform,1000,97,0.3,0.3,0.25674325674325676,0.3676323676323676,0.11088911088911085,False,True,True,True,False,20,28,0.001138599996920675
paper_f1_cusp__uniform__n1000,paper_f1_cusp,uniform,1000,98,0.3,0.3,0.24875124875124874,0.3516483516483517,0.10289710289710294,False,True,True,True,False,20,31,0.001254499948117882
paper_f1_cusp__uniform__n1000,paper_f1_cusp,uniform,1000,99,0.3,0.3,0.25674325674325676,0.3596403596403596,0.10289710289710285,False,True,True,True,False,19,32,0.0011074000503867865
paper_f1_cusp__uniform__n1000,paper_f1_cusp,uniform,1000,100,0.3,0.3,0.25674325674325676,0.3356643356643357,0.07892107892107891,False,True,True,True,False,25,33,0.001229999994393438
paper_f1_cusp__uniform__n1000,paper_f1_cusp,uniform,1000,101,0.3,0.3,0.24875124875124874,0.3996003996003996,0.15084915084915088,False,True,True,True,False,19,28,0.0012336000218056142
paper_f1_cusp__uniform__n1000,paper_f1_cusp,uniform,1000,102,0.3,0.3,0.24075924075924077,0.3676323676323676,0.12687312687312685,False,True,True,True,False,21,28,0.0012128999806009233
paper_f1_cusp__uniform__n1000,paper_f1_cusp,uniform,1000,103,0.3,0.3,0.24075924075924077,0.3676323676323676,0.12687312687312685,False,True,True,True,False,22,30,0.0011906999861821532
paper_f1_cusp__uniform__n1000,paper_f1_cusp,uniform,1000,104,0.3,0.3,0.2727272727272727,0.3596403596403596,0.08691308691308691,False,True,True,True,False,25,30,0.0011730999685823917
paper_f1_cusp__uniform__n1000,paper_f1_cusp,uniform,1000,105,0.3,0.3,0.24075924075924077,0.3676323676323676,0.12687312687312685,False,True,True,True,False,21,30,0.0012506999773904681
paper_f1_cusp__uniform__n1000,paper_f1_cusp,uniform,1000,106,0.3,0.3,0.25674325674325676,0.3596403596403596,0.10289710289710285,False,True,True,True,False,21,31,0.0012335999635979533
paper_f1_cusp__uniform__n1000,paper_f1_cusp,uniform,1000,107,0.3,0.3,0.2727272727272727,0.3516483516483517,0.07892107892107897,False,True,True,False,False,23,33,0.0012521999888122082
paper_f1_cusp__uniform__n1000,paper_f1_cusp,uniform,1000,108,0.3,0.3,0.24075924075924077,0.3676323676323676,0.12687312687312685,False,True,True,True,False,20,30,0.0015631999704055488
paper_f1_cusp__uniform__n1000,paper_f1_cusp,uniform,1000,109,0.3,0.3,0.2727272727272727,0.3516483516483517,0.07892107892107897,False,True,True,True,False,23,33,0.002055400051176548
paper_f1_cusp__uniform__n1000,paper_f1_cusp,uniform,1000,110,0.3,0.3,0.22477522477522477,0.3996003996003996,0.17482517482517484,False,True,True,True,False,18,29,0.0014750999980606139
paper_f1_cusp__uniform__n1000,paper_f1_cusp,uniform,1000,111,0.3,0.3,0.25674325674325676,0.3596403596403596,0.10289710289710285,False,True,True,True,False,22,31,0.0015096000279299915
paper_f1_cusp__uniform__n1000,paper_f1_cusp,uniform,1000,112,0.3,0.3,0.24075924075924077,0.3996003996003996,0.15884115884115885,False,True,True,True,False,20,30,0.001333200023509562
paper_f1_cusp__uniform__n1000,paper_f1_cusp,uniform,1000,113,0.3,0.3,0.24075924075924077,0.3516483516483517,0.11088911088911091,False,True,True,True,False,19,34,0.0012888999772258103
paper_f1_cusp__uniform__n1000,paper_f1_cusp,uniform,1000,114,0.3,0.3,0.25674325674325676,0.3596403596403596,0.10289710289710285,False,True,True,True,False,21,29,0.0013345999759621918
paper_f1_cusp__uniform__n1000,paper_f1_cusp,uniform,1000,115,0.3,0.3,0.25674325674325676,0.3516483516483517,0.09490509490509491,False,True,True,True,False,22,30,0.0014276999863795936
paper_f1_cusp__uniform__n1000,paper_f1_cusp,uniform,1000,116,0.3,0.3,0.25674325674325676,0.4155844155844156,0.15884115884115885,False,True,True,True,False,22,28,0.0014548999606631696
paper_f1_cusp__uniform__n1000,paper_f1_cusp,uniform,1000,117,0.3,0.3,0.24875124875124874,0.3516483516483517,0.10289710289710294,False,True,True,True,False,20,30,0.0014338999753817916
paper_f1_cusp__uniform__n1000,paper_f1_cusp,uniform,1000,118,0.3,0.3,0.25674325674325676,0.3596403596403596,0.10289710289710285,False,True,True,True,False,20,33,0.0014670999953523278
paper_f1_cusp__uniform__n1000,paper_f1_cusp,uniform,1000,119,0.3,0.3,0.25674325674325676,0.3676323676323676,0.11088911088911085,False,True,True,True,False,19,31,0.0013405000208877027
paper_f1_cusp__uniform__n1000,paper_f1_cusp,uniform,1000,120,0.3,0.3,0.24875124875124874,0.3676323676323676,0.11888111888111888,False,True,True,True,False,20,30,0.0014118000399321318
paper_f1_cusp__uniform__n1000,paper_f1_cusp,uniform,1000,121,0.3,0.3,0.24875124875124874,0.3356643356643357,0.08691308691308694,False,True,True,True,False,21,32,0.0013772000093013048
paper_f1_cusp__uniform__n1000,paper_f1_cusp,uniform,1000,122,0.3,0.3,0.2087912087912088,0.3676323676323676,0.15884115884115882,False,True,True,True,False,18,30,0.0012942000175826252
paper_f1_cusp__uniform__n1000,paper_f1_cusp,uniform,1000,123,0.3,0.3,0.24075924075924077,0.3996003996003996,0.15884115884115885,False,True,True,True,False,20,28,0.0014492000336758792
paper_f1_cusp__uniform__n1000,paper_f1_cusp,uniform,1000,124,0.3,0.3,0.25674325674325676,0.3996003996003996,0.14285714285714285,False,True,True,True,False,20,27,0.0015780999674461782
paper_f1_cusp__uniform__n1000,paper_f1_cusp,uniform,1000,125,0.3,0.3,0.24075924075924077,0.3516483516483517,0.11088911088911091,False,True,True,True,False,19,32,0.0015238000196404755
paper_f1_cusp__uniform__n1000,paper_f1_cusp,uniform,1000,126,0.3,0.3,0.24075924075924077,0.3516483516483517,0.11088911088911091,False,True,True,True,False,19,29,0.0014430999872274697
paper_f1_cusp__uniform__n1000,paper_f1_cusp,uniform,1000,127,0.3,0.3,0.24075924075924077,0.3996003996003996,0.15884115884115885,False,True,True,True,False,21,28,0.001452099997550249
paper_f1_cusp__uniform__n1000,paper_f1_cusp,uniform,1000,128,0.3,0.3,0.2727272727272727,0.3356643356643357,0.06293706293706297,False,True,True,True,False,24,35,0.0013675999944098294
paper_f1_cusp__uniform__n1000,paper_f1_cusp,uniform,1000,129,0.3,0.3,0.24075924075924077,0.3516483516483517,0.11088911088911091,False,True,True,True,False,20,30,0.001483400003053248
paper_f1_cusp__uniform__n1000,paper_f1_cusp,uniform,1000,130,0.3,0.3,0.22477522477522477,0.3996003996003996,0.17482517482517484,False,True,True,True,False,19,31,0.001401799963787198
paper_f1_cusp__uniform__n1000,paper_f1_cusp,uniform,1000,131,0.3,0.3,0.24075924075924077,0.3996003996003996,0.15884115884115885,False,True,True,True,False,21,27,0.0016979000065475702
paper_f1_cusp__uniform__n1000,paper_f1_cusp,uniform,1000,132,0.3,0.3,0.4925074925074925,0.3276723276723277,nan,True,False,False,False,False,22,29,0.0015544999623671174
paper_f1_cusp__uniform__n1000,paper_f1_cusp,uniform,1000,133,0.3,0.3,0.22477522477522477,0.3996003996003996,0.17482517482517484,False,True,True,False,False,19,28,0.0017033999902196229
paper_f1_cusp__uniform__n1000,paper_f1_cusp,uniform,1000,134,0.3,0.3,0.24075924075924077,0.3596403596403596,0.11888111888111885,False,True,True,True,False,19,29,0.0015601000050082803
paper_f1_cusp__uniform__n1000,paper_f1_cusp,uniform,1000,135,0.3,0.3,0.24875124875124874,0.3596403596403596,0.11088911088911088,False,True,True,False,False,21,31,0.0017573999939486384
paper_f1_cusp__uniform__n1000,paper_f1_cusp,uniform,1000,136,0.3,0.3,0.24875124875124874,0.3516483516483517,0.10289710289710294,False,True,True,True,False,21,29,0.00150090001989156
paper_f1_cusp__uniform__n1000,paper_f1_cusp,uniform,1000,137,0.3,0.3,0.24875124875124874,0.3996003996003996,0.15084915084915088,False,True,True,True,False,19,28,0.0014691000105813146
paper_f1_cusp__uniform__n1000,paper_f1_cusp,uniform,1000,138,0.3,0.3,0.2727272727272727,0.3516483516483517,0.07892107892107897,False,True,True,True,False,23,31,0.0017336999881081283
paper_f1_cusp__uniform__n1000,paper_f1_cusp,uniform,1000,139,0.3,0.3,0.24075924075924077,0.3996003996003996,0.15884115884115885,False,True,True,True,False,19,27,0.001377199951093644
paper_f1_cusp__uniform__n1000,paper_f1_cusp,uniform,1000,140,0.3,0.3,0.24875124875124874,0.3516483516483517,0.10289710289710294,False,True,True,True,False,21,31,0.0013376999995671213
paper_f1_cusp__uniform__n1000,paper_f1_cusp,uniform,1000,141,0.3,0.3,0.24075924075924077,0.3596403596403596,0.11888111888111885,False,True,True,True,False,20,31,0.0018337999936193228
paper_f1_cusp__uniform__n1000,paper_f1_cusp,uniform,1000,142,0.3,0.3,0.24075924075924077,0.3596403596403596,0.11888111888111885,False,True,True,True,False,20,32,0.0016787999775260687
paper_f1_cusp__uniform__n1000,paper_f1_cusp,uniform,1000,143,0.3,0.3,0.25674325674325676,0.3596403596403596,0.10289710289710285,False,True,True,True,False,21,30,0.001734199991915375
paper_f1_cusp__uniform__n1000,paper_f1_cusp,uniform,1000,144,0.3,0.3,0.24875124875124874,0.3996003996003996,0.15084915084915088,False,True,True,True,False,20,30,0.0015031000366434455
paper_f1_cusp__uniform__n1000,paper_f1_cusp,uniform,1000,145,0.3,0.3,0.24075924075924077,0.3676323676323676,0.12687312687312685,False,True,True,True,False,20,28,0.0013741999864578247
paper_f1_cusp__uniform__n1000,paper_f1_cusp,uniform,1000,146,0.3,0.3,0.24875124875124874,0.3996003996003996,0.15084915084915088,False,True,True,True,False,18,27,0.001498800003901124
paper_f1_cusp__uniform__n1000,paper_f1_cusp,uniform,1000,147,0.3,0.3,0.24875124875124874,0.3596403596403596,0.11088911088911088,False,True,True,True,False,21,30,0.0014060999965295196
paper_f1_cusp__uniform__n1000,paper_f1_cusp,uniform,1000,148,0.3,0.3,0.24875124875124874,0.3516483516483517,0.10289710289710294,False,True,True,True,False,20,28,0.0015097999712452292
paper_f1_cusp__uniform__n1000,paper_f1_cusp,uniform,1000,149,0.3,0.3,0.24075924075924077,0.3516483516483517,0.11088911088911091,False,True,True,True,False,18,34,0.0014976999955251813
paper_f1_cusp__uniform__n1000,paper_f1_cusp,uniform,1000,150,0.3,0.3,0.24875124875124874,0.3596403596403596,0.11088911088911088,False,True,True,True,False,21,30,0.0015342000406235456
paper_f1_cusp__uniform__n1000,paper_f1_cusp,uniform,1000,151,0.3,0.3,0.24075924075924077,0.3596403596403596,0.11888111888111885,False,True,True,True,False,19,32,0.0015776999644003808
paper_f1_cusp__uniform__n1000,paper_f1_cusp,uniform,1000,152,0.3,0.3,0.24075924075924077,0.3676323676323676,0.12687312687312685,False,True,True,True,False,20,29,0.001541100034955889
paper_f1_cusp__uniform__n1000,paper_f1_cusp,uniform,1000,153,0.3,0.3,0.24875124875124874,0.3516483516483517,0.10289710289710294,False,True,True,True,False,21,29,0.0017025999841280282
paper_f1_cusp__uniform__n1000,paper_f1_cusp,uniform,1000,154,0.3,0.3,0.2727272727272727,0.3516483516483517,0.07892107892107897,False,True,True,True,False,23,32,0.0015592999989166856
paper_f1_cusp__uniform__n1000,paper_f1_cusp,uniform,1000,155,0.3,0.3,0.24075924075924077,0.3516483516483517,0.11088911088911091,False,True,True,True,False,20,31,0.0014665999915450811
paper_f1_cusp__uniform__n1000,paper_f1_cusp,uniform,1000,156,0.3,0.3,0.25674325674325676,0.3516483516483517,0.09490509490509491,False,True,True,True,False,21,28,0.0015158000169321895
paper_f1_cusp__uniform__n1000,paper_f1_cusp,uniform,1000,157,0.3,0.3,0.24075924075924077,0.3996003996003996,0.15884115884115885,False,True,True,True,False,22,30,0.0013813000405207276
paper_f1_cusp__uniform__n1000,paper_f1_cusp,uniform,1000,158,0.3,0.3,0.24075924075924077,0.3996003996003996,0.15884115884115885,False,True,True,True,False,20,28,0.001755199977196753
paper_f1_cusp__uniform__n1000,paper_f1_cusp,uniform,1000,159,0.3,0.3,0.25674325674325676,0.3356643356643357,0.07892107892107891,False,True,True,True,False,22,32,0.0015629000263288617
paper_f1_cusp__uniform__n1000,paper_f1_cusp,uniform,1000,160,0.3,0.3,0.25674325674325676,0.3676323676323676,0.11088911088911085,False,True,True,True,False,21,31,0.001561200013384223
paper_f1_cusp__uniform__n1000,paper_f1_cusp,uniform,1000,161,0.3,0.3,0.24875124875124874,0.3516483516483517,0.10289710289710294,False,True,True,True,False,22,28,0.001664399984292686
paper_f1_cusp__uniform__n1000,paper_f1_cusp,uniform,1000,162,0.3,0.3,0.25674325674325676,0.3436563436563437,0.08691308691308691,False,True,True,True,False,24,35,0.0015925000188872218
paper_f1_cusp__uniform__n1000,paper_f1_cusp,uniform,1000,163,0.3,0.3,0.25674325674325676,0.3596403596403596,0.10289710289710285,False,True,True,True,False,20,32,0.001615600020159036
paper_f1_cusp__uniform__n1000,paper_f1_cusp,uniform,1000,164,0.3,0.3,0.24075924075924077,0.3996003996003996,0.15884115884115885,False,True,True,True,False,19,30,0.0014307000092230737
paper_f1_cusp__uniform__n1000,paper_f1_cusp,uniform,1000,165,0.3,0.3,0.25674325674325676,0.3516483516483517,0.09490509490509491,False,True,True,True,False,21,32,0.0017538999672979116
paper_f1_cusp__uniform__n1000,paper_f1_cusp,uniform,1000,166,0.3,0.3,0.25674325674325676,0.3516483516483517,0.09490509490509491,False,True,True,True,False,21,29,0.0019068000256083906
paper_f1_cusp__uniform__n1000,paper_f1_cusp,uniform,1000,167,0.3,0.3,0.25674325674325676,0.3596403596403596,0.10289710289710285,False,True,True,True,False,23,31,0.0016992000164464116
paper_f1_cusp__uniform__n1000,paper_f1_cusp,uniform,1000,168,0.3,0.3,0.22477522477522477,0.3676323676323676,0.14285714285714285,False,True,True,True,False,18,30,0.0015050999936647713
paper_f1_cusp__uniform__n1000,paper_f1_cusp,uniform,1000,169,0.3,0.3,0.24075924075924077,0.3676323676323676,0.12687312687312685,False,True,True,True,False,20,32,0.001425200025551021
paper_f1_cusp__uniform__n1000,paper_f1_cusp,uniform,1000,170,0.3,0.3,0.24875124875124874,0.3836163836163836,0.13486513486513488,False,True,True,True,False,21,30,0.0016515000024810433
paper_f1_cusp__uniform__n1000,paper_f1_cusp,uniform,1000,171,0.3,0.3,0.24875124875124874,0.3596403596403596,0.11088911088911088,False,True,True,True,False,23,31,0.001601399970240891
paper_f1_cusp__uniform__n1000,paper_f1_cusp,uniform,1000,172,0.3,0.3,0.24875124875124874,0.3516483516483517,0.10289710289710294,False,True,True,True,False,21,31,0.0013811999815516174
paper_f1_cusp__uniform__n1000,paper_f1_cusp,uniform,1000,173,0.3,0.3,0.24875124875124874,0.3516483516483517,0.10289710289710294,False,True,True,False,False,23,30,0.0015112999826669693
paper_f1_cusp__uniform__n1000,paper_f1_cusp,uniform,1000,174,0.3,0.3,0.24075924075924077,0.3836163836163836,0.14285714285714285,False,True,True,True,False,20,29,0.001730400021187961
paper_f1_cusp__uniform__n1000,paper_f1_cusp,uniform,1000,175,0.3,0.3,0.24875124875124874,0.3356643356643357,0.08691308691308694,False,True,True,True,False,21,31,0.0012118000304326415
paper_f1_cusp__uniform__n1000,paper_f1_cusp,uniform,1000,176,0.3,0.3,0.27672327672327673,0.3676323676323676,0.09090909090909088,False,True,True,True,False,25,32,0.0013340999721549451
paper_f1_cusp__uniform__n1000,paper_f1_cusp,uniform,1000,177,0.3,0.3,0.25674325674325676,0.3516483516483517,0.09490509490509491,False,True,True,True,False,23,31,0.0013672999921254814
paper_f1_cusp__uniform__n1000,paper_f1_cusp,uniform,1000,178,0.3,0.3,0.25674325674325676,0.4155844155844156,0.15884115884115885,False,True,True,True,False,21,26,0.0013739000423811376
paper_f1_cusp__uniform__n1000,paper_f1_cusp,uniform,1000,179,0.3,0.3,0.25674325674325676,0.3516483516483517,0.09490509490509491,False,True,True,True,False,22,30,0.0017162999720312655
paper_f1_cusp__uniform__n1000,paper_f1_cusp,uniform,1000,180,0.3,0.3,0.24875124875124874,0.3996003996003996,0.15084915084915088,False,True,True,True,False,20,29,0.0017307999660260975
paper_f1_cusp__uniform__n1000,paper_f1_cusp,uniform,1000,181,0.3,0.3,0.25674325674325676,0.3676323676323676,0.11088911088911085,False,True,True,True,False,21,30,0.0015133999986574054
paper_f1_cusp__uniform__n1000,paper_f1_cusp,uniform,1000,182,0.3,0.3,0.25674325674325676,0.3596403596403596,0.10289710289710285,False,True,True,True,False,21,29,0.0015202999929897487
paper_f1_cusp__uniform__n1000,paper_f1_cusp,uniform,1000,183,0.3,0.3,0.24075924075924077,0.3996003996003996,0.15884115884115885,False,True,True,True,False,20,29,0.0015258000348694623
paper_f1_cusp__uniform__n1000,paper_f1_cusp,uniform,1000,184,0.3,0.3,0.24075924075924077,0.3356643356643357,0.09490509490509491,False,True,True,True,False,20,28,0.0016262999852187932
paper_f1_cusp__uniform__n1000,paper_f1_cusp,uniform,1000,185,0.3,0.3,0.25674325674325676,0.3676323676323676,0.11088911088911085,False,True,True,True,False,22,30,0.0015317000215873122
paper_f1_cusp__uniform__n1000,paper_f1_cusp,uniform,1000,186,0.3,0.3,0.25674325674325676,0.3996003996003996,0.14285714285714285,False,True,True,True,False,21,28,0.0014818999916315079
paper_f1_cusp__uniform__n1000,paper_f1_cusp,uniform,1000,187,0.3,0.3,0.2727272727272727,0.3356643356643357,0.06293706293706297,False,True,True,True,False,25,34,0.0014776000170968473
paper_f1_cusp__uniform__n1000,paper_f1_cusp,uniform,1000,188,0.3,0.3,0.25674325674325676,0.3516483516483517,0.09490509490509491,False,True,True,True,False,21,30,0.0014724000357091427
paper_f1_cusp__uniform__n1000,paper_f1_cusp,uniform,1000,189,0.3,0.3,0.24875124875124874,0.3516483516483517,0.10289710289710294,False,True,True,True,False,22,31,0.0016248999745585024
paper_f1_cusp__uniform__n1000,paper_f1_cusp,uniform,1000,190,0.3,0.3,0.24075924075924077,0.3676323676323676,0.12687312687312685,False,True,True,True,False,22,28,0.001525399973616004
paper_f1_cusp__uniform__n1000,paper_f1_cusp,uniform,1000,191,0.3,0.3,0.25674325674325676,0.3676323676323676,0.11088911088911085,False,True,True,True,False,24,32,0.0014270999818108976
paper_f1_cusp__uniform__n1000,paper_f1_cusp,uniform,1000,192,0.3,0.3,0.25674325674325676,0.3596403596403596,0.10289710289710285,False,True,True,True,False,24,33,0.0012003000010736287
paper_f1_cusp__uniform__n1000,paper_f1_cusp,uniform,1000,193,0.3,0.3,0.24875124875124874,0.3516483516483517,0.10289710289710294,False,True,True,True,False,21,32,0.00152009999146685
paper_f1_cusp__uniform__n1000,paper_f1_cusp,uniform,1000,194,0.3,0.3,0.24875124875124874,0.3676323676323676,0.11888111888111888,False,True,True,True,False,20,30,0.001596400048583746
paper_f1_cusp__uniform__n1000,paper_f1_cusp,uniform,1000,195,0.3,0.3,0.24075924075924077,0.3996003996003996,0.15884115884115885,False,True,True,True,False,20,28,0.0014186000335030258
paper_f1_cusp__uniform__n1000,paper_f1_cusp,uniform,1000,196,0.3,0.3,0.24875124875124874,0.3996003996003996,0.15084915084915088,False,True,True,True,False,22,28,0.001516799966339022
paper_f1_cusp__uniform__n1000,paper_f1_cusp,uniform,1000,197,0.3,0.3,0.24875124875124874,0.3676323676323676,0.11888111888111888,False,True,True,True,False,22,29,0.0012060000444762409
paper_f1_cusp__uniform__n1000,paper_f1_cusp,uniform,1000,198,0.3,0.3,0.25674325674325676,0.3596403596403596,0.10289710289710285,False,True,True,True,False,22,32,0.001366599986795336
paper_f1_cusp__uniform__n1000,paper_f1_cusp,uniform,1000,199,0.3,0.3,0.8591408591408591,0.33166833166833165,nan,True,False,False,False,False,20,31,0.0014266999787651002
paper_f2_onset__uniform__n1000,paper_f2_onset,uniform,1000,0,0.3,0.3,0.16083916083916083,0.8951048951048951,0.7342657342657343,False,True,True,True,False,11,7,0.0017940999823622406
paper_f2_onset__uniform__n1000,paper_f2_onset,uniform,1000,1,0.3,0.3,0.1928071928071928,0.8951048951048951,0.7022977022977023,False,True,True,True,False,11,7,0.0015502999885939062
paper_f2_onset__uniform__n1000,paper_f2_onset,uniform,1000,2,0.3,0.3,0.1928071928071928,0.8311688311688312,0.6383616383616384,False,True,True,True,False,12,7,0.0015162000199779868
paper_f2_onset__uniform__n1000,paper_f2_onset,uniform,1000,3,0.3,0.3,0.1928071928071928,0.8311688311688312,0.6383616383616384,False,True,True,True,False,12,8,0.001409499964211136
paper_f2_onset__uniform__n1000,paper_f2_onset,uniform,1000,4,0.3,0.3,0.1928071928071928,0.8311688311688312,0.6383616383616384,False,True,True,True,False,11,7,0.0016772000235505402
paper_f2_onset__uniform__n1000,paper_f2_onset,uniform,1000,5,0.3,0.3,0.22477522477522477,0.8951048951048951,0.6703296703296704,False,True,True,True,False,13,6,0.0016447999514639378
paper_f2_onset__uniform__n1000,paper_f2_onset,uniform,1000,6,0.3,0.3,0.1928071928071928,0.8951048951048951,0.7022977022977023,False,True,True,True,False,11,6,0.0014812999870628119
paper_f2_onset__uniform__n1000,paper_f2_onset,uniform,1000,7,0.3,0.3,0.1928071928071928,0.8951048951048951,0.7022977022977023,False,True,True,True,False,11,7,0.001358899986371398
paper_f2_onset__uniform__n1000,paper_f2_onset,uniform,1000,8,0.3,0.3,0.1928071928071928,0.8311688311688312,0.6383616383616384,False,True,True,True,False,11,7,0.00167119997786358
paper_f2_onset__uniform__n1000,paper_f2_onset,uniform,1000,9,0.3,0.3,0.16083916083916083,0.8311688311688312,0.6703296703296704,False,True,True,True,False,10,7,0.0012882999726571143
paper_f2_onset__uniform__n1000,paper_f2_onset,uniform,1000,10,0.3,0.3,0.25674325674325676,0.8951048951048951,0.6383616383616384,False,True,True,True,False,13,6,0.0015728999860584736
paper_f2_onset__uniform__n1000,paper_f2_onset,uniform,1000,11,0.3,0.3,0.1928071928071928,0.8951048951048951,0.7022977022977023,False,True,True,True,False,11,6,0.001501200022175908
paper_f2_onset__uniform__n1000,paper_f2_onset,uniform,1000,12,0.3,0.3,0.1928071928071928,0.8311688311688312,0.6383616383616384,False,True,True,True,False,14,7,0.0015524000045843422
paper_f2_onset__uniform__n1000,paper_f2_onset,uniform,1000,13,0.3,0.3,0.1928071928071928,0.8311688311688312,0.6383616383616384,False,True,True,True,False,11,7,0.001436699996702373
paper_f2_onset__uniform__n1000,paper_f2_onset,uniform,1000,14,0.3,0.3,0.1928071928071928,0.8311688311688312,0.6383616383616384,False,True,True,True,False,14,8,0.0016681000124663115
paper_f2_onset__uniform__n1000,paper_f2_onset,uniform,1000,15,0.3,0.3,0.1928071928071928,0.8311688311688312,0.6383616383616384,False,True,True,True,False,13,7,0.001624500029720366
paper_f2_onset__uniform__n1000,paper_f2_onset,uniform,1000,16,0.3,0.3,0.16083916083916083,0.8951048951048951,0.7342657342657343,False,True,True,True,False,10,6,0.0015533000114373863
paper_f2_onset__uniform__n1000,paper_f2_onset,uniform,1000,17,0.3,0.3,0.22477522477522477,0.8311688311688312,0.6063936063936064,False,True,True,True,False,12,8,0.0020179999992251396
paper_f2_onset__uniform__n1000,paper_f2_onset,uniform,1000,18,0.3,0.3,0.1928071928071928,0.8951048951048951,0.7022977022977023,False,True,True,True,False,10,6,0.0017542000277899206
paper_f2_onset__uniform__n1000,paper_f2_onset,uniform,1000,19,0.3,0.3,0.1928071928071928,0.8311688311688312,0.6383616383616384,False,True,True,True,False,12,7,0.001829999964684248
paper_f2_onset__uniform__n1000,paper_f2_onset,uniform,1000,20,0.3,0.3,0.1928071928071928,0.8311688311688312,0.6383616383616384,False,True,True,True,False,11,7,0.0016139000072143972
paper_f2_onset__uniform__n1000,paper_f2_onset,uniform,1000,21,0.3,0.3,0.1928071928071928,0.8311688311688312,0.6383616383616384,False,True,True,True,False,13,7,0.0015308000147342682
paper_f2_onset__uniform__n1000,paper_f2_onset,uniform,1000,22,0.3,0.3,0.1928071928071928,0.8951048951048951,0.7022977022977023,False,True,True,True,False,12,6,0.001642799994442612
paper_f2_onset__uniform__n1000,paper_f2_onset,uniform,1000,23,0.3,0.3,0.16083916083916083,0.8311688311688312,0.6703296703296704,False,True,True,True,False,10,7,0.0018340999959036708
paper_f2_onset__uniform__n1000,paper_f2_onset,uniform,1000,24,0.3,0.3,0.16083916083916083,0.8951048951048951,0.7342657342657343,False,True,True,True,False,12,6,0.0017558999825268984
paper_f2_onset__uniform__n1000,paper_f2_onset,uniform,1000,25,0.3,0.3,0.1928071928071928,0.8311688311688312,0.6383616383616384,False,True,True,True,False,11,7,0.0016889999969862401
paper_f2_onset__uniform__n1000,paper_f2_onset,uniform,1000,26,0.3,0.3,0.1928071928071928,0.8311688311688312,0.6383616383616384,False,True,True,True,False,11,8,0.0017163999727927148
paper_f2_onset__uniform__n1000,paper_f2_onset,uniform,1000,27,0.3,0.3,0.1928071928071928,0.8311688311688312,0.6383616383616384,False,True,True,True,False,11,7,0.001492300012614578
paper_f2_onset__uniform__n1000,paper_f2_onset,uniform,1000,28,0.3,0.3,0.22477522477522477,0.8311688311688312,0.6063936063936064,False,True,True,True,False,14,7,0.001386700023431331
paper_f2_onset__uniform__n1000,paper_f2_onset,uniform,1000,29,0.3,0.3,0.1928071928071928,0.8311688311688312,0.6383616383616384,False,True,True,True,False,11,8,0.0014627999626100063
paper_f2_onset__uniform__n1000,paper_f2_onset,uniform,1000,30,0.3,0.3,0.1928071928071928,0.8311688311688312,0.6383616383616384,False,True,True,True,False,10,7,0.0016831000102683902
paper_f2_onset__uniform__n1000,paper_f2_onset,uniform,1000,31,0.3,0.3,0.1928071928071928,0.8951048951048951,0.7022977022977023,False,True,True,True,False,11,6,0.0017405999824404716
paper_f2_onset__uniform__n1000,paper_f2_onset,uniform,1000,32,0.3,0.3,0.1928071928071928,0.8951048951048951,0.7022977022977023,False,True,True,True,False,11,6,0.0017719999887049198
paper_f2_onset__uniform__n1000,paper_f2_onset,uniform,1000,33,0.3,0.3,0.1928071928071928,0.8311688311688312,0.6383616383616384,False,True,True,True,False,12,7,0.001630999962799251
paper_f2_onset__uniform__n1000,paper_f2_onset,uniform,1000,34,0.3,0.3,0.1928071928071928,0.8951048951048951,0.7022977022977023,False,True,True,True,False,12,7,0.0015734999906271696
paper_f2_onset__uniform__n1000,paper_f2_onset,uniform,1000,35,0.3,0.3,0.22477522477522477,0.8311688311688312,0.6063936063936064,False,True,True,True,False,12,7,0.001521300000604242
paper_f2_onset__uniform__n1000,paper_f2_onset,uniform,1000,36,0.3,0.3,0.1928071928071928,0.8951048951048951,0.7022977022977023,False,True,True,True,False,12,7,0.0016122999950312078
paper_f2_onset__uniform__n1000,paper_f2_onset,uniform,1000,37,0.3,0.3,0.1928071928071928,0.8951048951048951,0.7022977022977023,False,True,True,True,False,12,6,0.001700200024060905
paper_f2_onset__uniform__n1000,paper_f2_onset,uniform,1000,38,0.3,0.3,0.16083916083916083,0.8311688311688312,0.6703296703296704,False,True,True,True,False,12,9,0.001415700011420995
paper_f2_onset__uniform__n1000,paper_f2_onset,uniform,1000,39,0.3,0.3,0.1928071928071928,0.8951048951048951,0.7022977022977023,False,True,True,True,False,14,8,0.0015934000257402658
paper_f2_onset__uniform__n1000,paper_f2_onset,uniform,1000,40,0.3,0.3,0.1928071928071928,0.8311688311688312,0.6383616383616384,False,True,True,True,False,12,8,0.0016993999597616494
paper_f2_onset__uniform__n1000,paper_f2_onset,uniform,1000,41,0.3,0.3,0.1928071928071928,0.8951048951048951,0.7022977022977023,False,True,True,True,False,11,6,0.0015130999963730574
paper_f2_onset__uniform__n1000,paper_f2_onset,uniform,1000,42,0.3,0.3,0.1928071928071928,0.8311688311688312,0.6383616383616384,False,True,True,True,False,14,7,0.0015487000346183777
paper_f2_onset__uniform__n1000,paper_f2_onset,uniform,1000,43,0.3,0.3,0.1928071928071928,0.8951048951048951,0.7022977022977023,False,True,True,True,False,11,6,0.0015906000044196844
paper_f2_onset__uniform__n1000,paper_f2_onset,uniform,1000,44,0.3,0.3,0.1928071928071928,0.8951048951048951,0.7022977022977023,False,True,True,True,False,10,6,0.001707300019916147
paper_f2_onset__uniform__n1000,paper_f2_onset,uniform,1000,45,0.3,0.3,0.1928071928071928,0.8951048951048951,0.7022977022977023,False,True,True,True,False,12,7,0.001667400007136166
paper_f2_onset__uniform__n1000,paper_f2_onset,uniform,1000,46,0.3,0.3,0.16083916083916083,0.8311688311688312,0.6703296703296704,False,True,True,True,False,13,7,0.0015503999893553555
paper_f2_onset__uniform__n1000,paper_f2_onset,uniform,1000,47,0.3,0.3,0.1928071928071928,0.8311688311688312,0.6383616383616384,False,True,True,True,False,12,8,0.0017110999906435609
paper_f2_onset__uniform__n1000,paper_f2_onset,uniform,1000,48,0.3,0.3,0.1928071928071928,0.8311688311688312,0.6383616383616384,False,True,True,True,False,10,7,0.002195000008214265
paper_f2_onset__uniform__n1000,paper_f2_onset,uniform,1000,49,0.3,0.3,0.1928071928071928,0.8311688311688312,0.6383616383616384,False,True,True,True,False,13,7,0.0018211000133305788
paper_f2_onset__uniform__n1000,paper_f2_onset,uniform,1000,50,0.3,0.3,0.16083916083916083,0.8951048951048951,0.7342657342657343,False,True,True,True,False,10,6,0.0014615000109188259
paper_f2_onset__uniform__n1000,paper_f2_onset,uniform,1000,51,0.3,0.3,0.1928071928071928,0.8951048951048951,0.7022977022977023,False,True,True,True,False,12,7,0.0015310000162571669
paper_f2_onset__uniform__n1000,paper_f2_onset,uniform,1000,52,0.3,0.3,0.1928071928071928,0.8951048951048951,0.7022977022977023,False,True,True,True,False,11,6,0.0014603000017814338
paper_f2_onset__uniform__n1000,paper_f2_onset,uniform,1000,53,0.3,0.3,0.1928071928071928,0.8951048951048951,0.7022977022977023,False,True,True,True,False,11,7,0.0014140999992378056
paper_f2_onset__uniform__n1000,paper_f2_onset,uniform,1000,54,0.3,0.3,0.1928071928071928,0.8311688311688312,0.6383616383616384,False,True,True,True,False,12,7,0.0013888999819755554
paper_f2_onset__uniform__n1000,paper_f2_onset,uniform,1000,55,0.3,0.3,0.1928071928071928,0.8311688311688312,0.6383616383616384,False,True,True,True,False,12,7,0.0016610999591648579
paper_f2_onset__uniform__n1000,paper_f2_onset,uniform,1000,56,0.3,0.3,0.1928071928071928,0.8311688311688312,0.6383616383616384,False,True,True,True,False,12,8,0.0015977000002749264
paper_f2_onset__uniform__n1000,paper_f2_onset,uniform,1000,57,0.3,0.3,0.1928071928071928,0.8951048951048951,0.7022977022977023,False,True,True,True,False,11,6,0.0016408999799750745
paper_f2_onset__uniform__n1000,paper_f2_onset,uniform,1000,58,0.3,0.3,0.1928071928071928,0.8951048951048951,0.7022977022977023,False,True,True,True,False,12,6,0.0016104999813251197
paper_f2_onset__uniform__n1000,paper_f2_onset,uniform,1000,59,0.3,0.3,0.1928071928071928,0.8951048951048951,0.7022977022977023,False,True,True,True,False,11,6,0.001489899994339794
paper_f2_onset__uniform__n1000,paper_f2_onset,uniform,1000,60,0.3,0.3,0.1928071928071928,0.8951048951048951,0.7022977022977023,False,True,True,True,False,13,6,0.0014973999932408333
paper_f2_onset__uniform__n1000,paper_f2_onset,uniform,1000,61,0.3,0.3,0.1928071928071928,0.8951048951048951,0.7022977022977023,False,True,True,True,False,11,6,0.0016884999931789935
paper_f2_onset__uniform__n1000,paper_f2_onset,uniform,1000,62,0.3,0.3,0.22477522477522477,0.8951048951048951,0.6703296703296704,False,True,True,True,False,14,6,0.0014989000046625733
paper_f2_onset__uniform__n1000,paper_f2_onset,uniform,1000,63,0.3,0.3,0.22477522477522477,0.8311688311688312,0.6063936063936064,False,True,True,True,False,13,7,0.001295299967750907
paper_f2_onset__uniform__n1000,paper_f2_onset,uniform,1000,64,0.3,0.3,0.1928071928071928,0.8951048951048951,0.7022977022977023,False,True,True,True,False,12,7,0.0014052000478841364
paper_f2_onset__uniform__n1000,paper_f2_onset,uniform,1000,65,0.3,0.3,0.1928071928071928,0.8951048951048951,0.7022977022977023,False,True,True,True,False,12,7,0.001431700016837567
paper_f2_onset__uniform__n1000,paper_f2_onset,uniform,1000,66,0.3,0.3,0.1928071928071928,0.8311688311688312,0.6383616383616384,False,True,True,True,False,13,7,0.0013260000268928707
paper_f2_onset__uniform__n1000,paper_f2_onset,uniform,1000,67,0.3,0.3,0.1928071928071928,0.8311688311688312,0.6383616383616384,False,True,True,True,False,12,8,0.0015918999561108649
paper_f2_onset__uniform__n1000,paper_f2_onset,uniform,1000,68,0.3,0.3,0.1928071928071928,0.8311688311688312,0.6383616383616384,False,True,True,True,False,12,7,0.0013698999537155032
paper_f2_onset__uniform__n1000,paper_f2_onset,uniform,1000,69,0.3,0.3,0.22477522477522477,0.8311688311688312,0.6063936063936064,False,True,True,True,False,11,7,0.0012805000296793878
paper_f2_onset__uniform__n1000,paper_f2_onset,uniform,1000,70,0.3,0.3,0.1928071928071928,0.8951048951048951,0.7022977022977023,False,True,True,True,False,12,6,0.0013968999846838415
paper_f2_onset__uniform__n1000,paper_f2_onset,uniform,1000,71,0.3,0.3,0.1928071928071928,0.8951048951048951,0.7022977022977023,False,True,True,True,False,10,6,0.001560600008815527
paper_f2_onset__uniform__n1000,paper_f2_onset,uniform,1000,72,0.3,0.3,0.16083916083916083,0.8951048951048951,0.7342657342657343,False,True,True,True,False,13,7,0.0016971000004559755
paper_f2_onset__uniform__n1000,paper_f2_onset,uniform,1000,73,0.3,0.3,0.1928071928071928,0.8311688311688312,0.6383616383616384,False,True,True,True,False,13,11,0.0018202000064775348
paper_f2_onset__uniform__n1000,paper_f2_onset,uniform,1000,74,0.3,0.3,0.1928071928071928,0.8951048951048951,0.7022977022977023,False,True,True,True,False,10,6,0.001652300008572638
paper_f2_onset__uniform__n1000,paper_f2_onset,uniform,1000,75,0.3,0.3,0.1928071928071928,0.8951048951048951,0.7022977022977023,False,True,True,True,False,11,6,0.001705200003925711
paper_f2_onset__uniform__n1000,paper_f2_onset,uniform,1000,76,0.3,0.3,0.16083916083916083,0.8951048951048951,0.7342657342657343,False,True,True,True,False,11,6,0.0017784999799914658
paper_f2_onset__uniform__n1000,paper_f2_onset,uniform,1000,77,0.3,0.3,0.1928071928071928,0.8951048951048951,0.7022977022977023,False,True,True,True,False,9,6,0.0015971999964676797
paper_f2_onset__uniform__n1000,paper_f2_onset,uniform,1000,78,0.3,0.3,0.1928071928071928,0.8951048951048951,0.7022977022977023,False,True,True,True,False,12,6,0.0016706999740563333
paper_f2_onset__uniform__n1000,paper_f2_onset,uniform,1000,79,0.3,0.3,0.1928071928071928,0.8951048951048951,0.7022977022977023,False,True,True,True,False,11,6,0.0017628000350669026
paper_f2_onset__uniform__n1000,paper_f2_onset,uniform,1000,80,0.3,0.3,0.16083916083916083,0.8311688311688312,0.6703296703296704,False,True,True,True,False,13,7,0.001784199965186417
paper_f2_onset__uniform__n1000,paper_f2_onset,uniform,1000,81,0.3,0.3,0.22477522477522477,0.8311688311688312,0.6063936063936064,False,True,True,True,False,12,7,0.0015805999864824116
paper_f2_onset__uniform__n1000,paper_f2_onset,uniform,1000,82,0.3,0.3,0.1928071928071928,0.8951048951048951,0.7022977022977023,False,True,True,True,False,11,6,0.001604399993084371
paper_f2_onset__uniform__n1000,paper_f2_onset,uniform,1000,83,0.3,0.3,0.1928071928071928,0.8951048951048951,0.7022977022977023,False,True,True,True,False,11,8,0.0015939000295475125
paper_f2_onset__uniform__n1000,paper_f2_onset,uniform,1000,84,0.3,0.3,0.1928071928071928,0.8311688311688312,0.6383616383616384,False,True,True,True,False,12,7,0.0020862999954260886
paper_f2_onset__uniform__n1000,paper_f2_onset,uniform,1000,85,0.3,0.3,0.1928071928071928,0.8311688311688312,0.6383616383616384,False,True,True,True,False,11,7,0.0018625000375322998
paper_f2_onset__uniform__n1000,paper_f2_onset,uniform,1000,86,0.3,0.3,0.1928071928071928,0.8951048951048951,0.7022977022977023,False,True,True,True,False,12,7,0.001642799994442612
paper_f2_onset__uniform__n1000,paper_f2_onset,uniform,1000,87,0.3,0.3,0.16083916083916083,0.8951048951048951,0.7342657342657343,False,True,True,True,False,9,6,0.0014976999955251813
paper_f2_onset__uniform__n1000,paper_f2_onset,uniform,1000,88,0.3,0.3,0.16083916083916083,0.8311688311688312,0.6703296703296704,False,True,True,True,False,12,7,0.001588099985383451
paper_f2_onset__uniform__n1000,paper_f2_onset,uniform,1000,89,0.3,0.3,0.1928071928071928,0.8311688311688312,0.6383616383616384,False,True,True,True,False,13,7,0.0015642999787814915
paper_f2_onset__uniform__n1000,paper_f2_onset,uniform,1000,90,0.3,0.3,0.16083916083916083,0.8951048951048951,0.7342657342657343,False,True,True,True,False,10,6,0.0015795999788679183
paper_f2_onset__uniform__n1000,paper_f2_onset,uniform,1000,91,0.3,0.3,0.1928071928071928,0.8311688311688312,0.6383616383616384,False,True,True,True,False,14,8,0.0018312999745830894
paper_f2_onset__uniform__n1000,paper_f2_onset,uniform,1000,92,0.3,0.3,0.1928071928071928,0.8311688311688312,0.6383616383616384,False,True,True,True,False,12,7,0.0019658999517560005
paper_f2_onset__uniform__n1000,paper_f2_onset,uniform,1000,93,0.3,0.3,0.16083916083916083,0.8951048951048951,0.7342657342657343,False,True,True,True,False,10,6,0.0015836000093258917
paper_f2_onset__uniform__n1000,paper_f2_onset,uniform,1000,94,0.3,0.3,0.22477522477522477,0.8311688311688312,0.6063936063936064,False,True,True,True,False,11,7,0.001520699996035546
paper_f2_onset__uniform__n1000,paper_f2_onset,uniform,1000,95,0.3,0.3,0.1928071928071928,0.8951048951048951,0.7022977022977023,False,True,True,True,False,13,6,0.0015485999756492674
paper_f2_onset__uniform__n1000,paper_f2_onset,uniform,1000,96,0.3,0.3,0.1928071928071928,0.8951048951048951,0.7022977022977023,False,True,True,True,False,12,6,0.0014408000279217958
paper_f2_onset__uniform__n1000,paper_f2_onset,uniform,1000,97,0.3,0.3,0.16083916083916083,0.8311688311688312,0.6703296703296704,False,True,True,True,False,9,7,0.0014729999820701778
paper_f2_onset__uniform__n1000,paper_f2_onset,uniform,1000,98,0.3,0.3,0.1928071928071928,0.8311688311688312,0.6383616383616384,False,True,True,True,False,12,7,0.0019482999923639
paper_f2_onset__uniform__n1000,paper_f2_onset,uniform,1000,99,0.3,0.3,0.1928071928071928,0.8311688311688312,0.6383616383616384,False,True,True,True,False,12,8,0.0017948000459000468
paper_f2_onset__uniform__n1000,paper_f2_onset,uniform,1000,100,0.3,0.3,0.16083916083916083,0.8951048951048951,0.7342657342657343,False,True,True,True,False,11,8,0.0018771999748423696
paper_f2_onset__uniform__n1000,paper_f2_onset,uniform,1000,101,0.3,0.3,0.1928071928071928,0.8951048951048951,0.7022977022977023,False,True,True,True,False,10,6,0.0014729999820701778
paper_f2_onset__uniform__n1000,paper_f2_onset,uniform,1000,102,0.3,0.3,0.16083916083916083,0.8311688311688312,0.6703296703296704,False,True,True,True,False,12,7,0.0014124999870546162
paper_f2_onset__uniform__n1000,paper_f2_onset,uniform,1000,103,0.3,0.3,0.1928071928071928,0.8311688311688312,0.6383616383616384,False,True,True,True,False,12,8,0.0015557999722659588
paper_f2_onset__uniform__n1000,paper_f2_onset,uniform,1000,104,0.3,0.3,0.16083916083916083,0.8951048951048951,0.7342657342657343,False,True,True,True,False,12,6,0.0014482000260613859
paper_f2_onset__uniform__n1000,paper_f2_onset,uniform,1000,105,0.3,0.3,0.16083916083916083,0.8951048951048951,0.7342657342657343,False,True,True,True,False,13,6,0.001774100004695356
paper_f2_onset__uniform__n1000,paper_f2_onset,uniform,1000,106,0.3,0.3,0.22477522477522477,0.8951048951048951,0.6703296703296704,False,True,True,True,False,12,6,0.0016500999918207526
paper_f2_onset__uniform__n1000,paper_f2_onset,uniform,1000,107,0.3,0.3,0.25674325674325676,0.8951048951048951,0.6383616383616384,False,True,True,True,False,13,6,0.0015994999557733536
paper_f2_onset__uniform__n1000,paper_f2_onset,uniform,1000,108,0.3,0.3,0.12887112887112886,0.8311688311688312,0.7022977022977024,False,True,True,True,False,11,7,0.0014551999629475176
paper_f2_onset__uniform__n1000,paper_f2_onset,uniform,1000,109,0.3,0.3,0.1928071928071928,0.8951048951048951,0.7022977022977023,False,True,True,True,False,11,6,0.0016269999905489385
paper_f2_onset__uniform__n1000,paper_f2_onset,uniform,1000,110,0.3,0.3,0.1928071928071928,0.7672327672327672,0.5744255744255744,False,True,True,True,False,11,8,0.0017457000212743878
paper_f2_onset__uniform__n1000,paper_f2_onset,uniform,1000,111,0.3,0.3,0.1928071928071928,0.8311688311688312,0.6383616383616384,False,True,True,True,False,11,8,0.0015930000226944685
paper_f2_onset__uniform__n1000,paper_f2_onset,uniform,1000,112,0.3,0.3,0.1928071928071928,0.8311688311688312,0.6383616383616384,False,True,True,True,False,13,7,0.001519799989182502
paper_f2_onset__uniform__n1000,paper_f2_onset,uniform,1000,113,0.3,0.3,0.1928071928071928,0.8951048951048951,0.7022977022977023,False,True,True,True,False,12,7,0.0018676999607123435
paper_f2_onset__uniform__n1000,paper_f2_onset,uniform,1000,114,0.3,0.3,0.16583416583416583,0.8311688311688312,0.6653346653346655,False,True,True,False,False,13,7,0.00154079997446388
paper_f2_onset__uniform__n1000,paper_f2_onset,uniform,1000,115,0.3,0.3,0.1928071928071928,0.8951048951048951,0.7022977022977023,False,True,True,True,False,11,6,0.001562400022521615
paper_f2_onset__uniform__n1000,paper_f2_onset,uniform,1000,116,0.3,0.3,0.16083916083916083,0.8951048951048951,0.7342657342657343,False,True,True,True,False,10,6,0.0016867000376805663
paper_f2_onset__uniform__n1000,paper_f2_onset,uniform,1000,117,0.3,0.3,0.16083916083916083,0.8311688311688312,0.6703296703296704,False,True,True,True,False,11,8,0.0014693000121042132
paper_f2_onset__uniform__n1000,paper_f2_onset,uniform,1000,118,0.3,0.3,0.1928071928071928,0.8951048951048951,0.7022977022977023,False,True,True,True,False,13,6,0.0014202999882400036
paper_f2_onset__uniform__n1000,paper_f2_onset,uniform,1000,119,0.3,0.3,0.1928071928071928,0.8311688311688312,0.6383616383616384,False,True,True,True,False,10,7,0.0014112999779172242
paper_f2_onset__uniform__n1000,paper_f2_onset,uniform,1000,120,0.3,0.3,0.1928071928071928,0.8951048951048951,0.7022977022977023,False,True,True,True,False,12,6,0.0014640000299550593
paper_f2_onset__uniform__n1000,paper_f2_onset,uniform,1000,121,0.3,0.3,0.1928071928071928,0.8311688311688312,0.6383616383616384,False,True,True,True,False,11,7,0.0013892999850213528
paper_f2_onset__uniform__n1000,paper_f2_onset,uniform,1000,122,0.3,0.3,0.16083916083916083,0.7672327672327672,0.6063936063936064,False,True,True,True,False,10,8,0.0018307000282220542
paper_f2_onset__uniform__n1000,paper_f2_onset,uniform,1000,123,0.3,0.3,0.22477522477522477,0.8951048951048951,0.6703296703296704,False,True,True,True,False,12,6,0.0016828000079840422
paper_f2_onset__uniform__n1000,paper_f2_onset,uniform,1000,124,0.3,0.3,0.22477522477522477,0.8311688311688312,0.6063936063936064,False,True,True,True,False,12,7,0.0016950999852269888
paper_f2_onset__uniform__n1000,paper_f2_onset,uniform,1000,125,0.3,0.3,0.1928071928071928,0.8951048951048951,0.7022977022977023,False,True,True,True,False,10,6,0.0015224000089801848
paper_f2_onset__uniform__n1000,paper_f2_onset,uniform,1000,126,0.3,0.3,0.1928071928071928,0.8311688311688312,0.6383616383616384,False,True,True,True,False,10,7,0.0014569999766536057
paper_f2_onset__uniform__n1000,paper_f2_onset,uniform,1000,127,0.3,0.3,0.1928071928071928,0.8951048951048951,0.7022977022977023,False,True,True,True,False,12,6,0.0014529000036418438
paper_f2_onset__uniform__n1000,paper_f2_onset,uniform,1000,128,0.3,0.3,0.1928071928071928,0.8951048951048951,0.7022977022977023,False,True,True,True,False,11,6,0.0016771000227890909
paper_f2_onset__uniform__n1000,paper_f2_onset,uniform,1000,129,0.3,0.3,0.16083916083916083,0.8951048951048951,0.7342657342657343,False,True,True,True,False,10,7,0.0017148000188171864
paper_f2_onset__uniform__n1000,paper_f2_onset,uniform,1000,130,0.3,0.3,0.1928071928071928,0.8311688311688312,0.6383616383616384,False,True,True,True,False,13,7,0.001305999991018325
paper_f2_onset__uniform__n1000,paper_f2_onset,uniform,1000,131,0.3,0.3,0.1928071928071928,0.8951048951048951,0.7022977022977023,False,True,True,True,False,10,9,0.0012874999665655196
paper_f2_onset__uniform__n1000,paper_f2_onset,uniform,1000,132,0.3,0.3,0.1928071928071928,0.8951048951048951,0.7022977022977023,False,True,True,True,False,11,7,0.0011483000125735998
paper_f2_onset__uniform__n1000,paper_f2_onset,uniform,1000,133,0.3,0.3,0.7012987012987013,0.8311688311688312,0.1298701298701299,False,False,True,False,False,15,9,0.001234699971973896
paper_f2_onset__uniform__n1000,paper_f2_onset,uniform,1000,134,0.3,0.3,0.16083916083916083,0.8311688311688312,0.6703296703296704,False,True,True,True,False,11,7,0.0015649000415578485
paper_f2_onset__uniform__n1000,paper_f2_onset,uniform,1000,135,0.3,0.3,0.1928071928071928,0.8951048951048951,0.7022977022977023,False,True,True,True,False,12,6,0.0014792000292800367
paper_f2_onset__uniform__n1000,paper_f2_onset,uniform,1000,136,0.3,0.3,0.1928071928071928,0.8311688311688312,0.6383616383616384,False,True,True,True,False,12,7,0.0016490999842062593
paper_f2_onset__uniform__n1000,paper_f2_onset,uniform,1000,137,0.3,0.3,0.1928071928071928,0.8951048951048951,0.7022977022977023,False,True,True,True,False,13,7,0.0015769999590702355
paper_f2_onset__uniform__n1000,paper_f2_onset,uniform,1000,138,0.3,0.3,0.6843156843156843,0.8951048951048951,0.21078921078921076,False,False,True,False,False,13,6,0.001570400025229901
paper_f2_onset__uniform__n1000,paper_f2_onset,uniform,1000,139,0.3,0.3,0.1928071928071928,0.8311688311688312,0.6383616383616384,False,True,True,True,False,12,7,0.0014507999876514077
paper_f2_onset__uniform__n1000,paper_f2_onset,uniform,1000,140,0.3,0.3,0.1928071928071928,0.8311688311688312,0.6383616383616384,False,True,True,True,False,14,7,0.001412999990861863
paper_f2_onset__uniform__n1000,paper_f2_onset,uniform,1000,141,0.3,0.3,0.1928071928071928,0.8311688311688312,0.6383616383616384,False,True,True,True,False,12,8,0.001707599963992834
paper_f2_onset__uniform__n1000,paper_f2_onset,uniform,1000,142,0.3,0.3,0.1928071928071928,0.8951048951048951,0.7022977022977023,False,True,True,True,False,12,6,0.001662599970586598
paper_f2_onset__uniform__n1000,paper_f2_onset,uniform,1000,143,0.3,0.3,0.16083916083916083,0.8951048951048951,0.7342657342657343,False,True,True,True,False,11,6,0.001461199950426817
paper_f2_onset__uniform__n1000,paper_f2_onset,uniform,1000,144,0.3,0.3,0.16083916083916083,0.8311688311688312,0.6703296703296704,False,True,True,True,False,10,7,0.0014387000119313598
paper_f2_onset__uniform__n1000,paper_f2_onset,uniform,1000,145,0.3,0.3,0.1928071928071928,0.8951048951048951,0.7022977022977023,False,True,True,True,False,12,6,0.0015088000218383968
paper_f2_onset__uniform__n1000,paper_f2_onset,uniform,1000,146,0.3,0.3,0.1928071928071928,0.8311688311688312,0.6383616383616384,False,True,True,True,False,12,7,0.0013753999955952168
paper_f2_onset__uniform__n1000,paper_f2_onset,uniform,1000,147,0.3,0.3,0.1928071928071928,0.8951048951048951,0.7022977022977023,False,True,True,True,False,11,6,0.001596099988091737
paper_f2_onset__uniform__n1000,paper_f2_onset,uniform,1000,148,0.3,0.3,0.1928071928071928,0.8311688311688312,0.6383616383616384,False,True,True,True,False,10,7,0.0013850000104866922
paper_f2_onset__uniform__n1000,paper_f2_onset,uniform,1000,149,0.3,0.3,0.1928071928071928,0.8311688311688312,0.6383616383616384,False,True,True,True,False,10,7,0.0012678999919444323
paper_f2_onset__uniform__n1000,paper_f2_onset,uniform,1000,150,0.3,0.3,0.1928071928071928,0.8311688311688312,0.6383616383616384,False,True,True,True,False,13,7,0.002020200015977025
paper_f2_onset__uniform__n1000,paper_f2_onset,uniform,1000,151,0.3,0.3,0.16083916083916083,0.8951048951048951,0.7342657342657343,False,True,True,True,False,10,6,0.0019638999947346747
paper_f2_onset__uniform__n1000,paper_f2_onset,uniform,1000,152,0.3,0.3,0.16083916083916083,0.8951048951048951,0.7342657342657343,False,True,True,True,False,12,6,0.001559700001962483
paper_f2_onset__uniform__n1000,paper_f2_onset,uniform,1000,153,0.3,0.3,0.1928071928071928,0.8951048951048951,0.7022977022977023,False,True,True,True,False,12,6,0.0013861999614164233
paper_f2_onset__uniform__n1000,paper_f2_onset,uniform,1000,154,0.3,0.3,0.1928071928071928,0.8951048951048951,0.7022977022977023,False,True,True,True,False,12,6,0.0017426999984309077
paper_f2_onset__uniform__n1000,paper_f2_onset,uniform,1000,155,0.3,0.3,0.1928071928071928,0.8951048951048951,0.7022977022977023,False,True,True,False,False,12,7,0.0018156999722123146
paper_f2_onset__uniform__n1000,paper_f2_onset,uniform,1000,156,0.3,0.3,0.1928071928071928,0.8311688311688312,0.6383616383616384,False,True,True,True,False,12,7,0.0014547000173479319
paper_f2_onset__uniform__n1000,paper_f2_onset,uniform,1000,157,0.3,0.3,0.1928071928071928,0.8311688311688312,0.6383616383616384,False,True,True,True,False,11,7,0.001506200002040714
paper_f2_onset__uniform__n1000,paper_f2_onset,uniform,1000,158,0.3,0.3,0.1928071928071928,0.8951048951048951,0.7022977022977023,False,True,True,True,False,10,6,0.0018133000121451914
paper_f2_onset__uniform__n1000,paper_f2_onset,uniform,1000,159,0.3,0.3,0.1928071928071928,0.8951048951048951,0.7022977022977023,False,True,True,True,False,12,6,0.001403300033416599
paper_f2_onset__uniform__n1000,paper_f2_onset,uniform,1000,160,0.3,0.3,0.1928071928071928,0.8311688311688312,0.6383616383616384,False,True,True,True,False,12,9,0.001277300005313009
paper_f2_onset__uniform__n1000,paper_f2_onset,uniform,1000,161,0.3,0.3,0.1928071928071928,0.27172827172827174,0.07892107892107894,False,False,True,False,False,12,8,0.001428999996278435
paper_f2_onset__uniform__n1000,paper_f2_onset,uniform,1000,162,0.3,0.3,0.1928071928071928,0.8311688311688312,0.6383616383616384,False,True,True,True,False,12,7,0.0014888999867253006
paper_f2_onset__uniform__n1000,paper_f2_onset,uniform,1000,163,0.3,0.3,0.1928071928071928,0.8951048951048951,0.7022977022977023,False,True,True,True,False,10,7,0.0015170000260695815
paper_f2_onset__uniform__n1000,paper_f2_onset,uniform,1000,164,0.3,0.3,0.1928071928071928,0.8311688311688312,0.6383616383616384,False,True,True,True,False,12,7,0.0016944999806582928
paper_f2_onset__uniform__n1000,paper_f2_onset,uniform,1000,165,0.3,0.3,0.16083916083916083,0.8951048951048951,0.7342657342657343,False,True,True,True,False,11,6,0.0015448000049218535
paper_f2_onset__uniform__n1000,paper_f2_onset,uniform,1000,166,0.3,0.3,0.22477522477522477,0.8951048951048951,0.6703296703296704,False,True,True,True,False,10,7,0.001859300013165921
paper_f2_onset__uniform__n1000,paper_f2_onset,uniform,1000,167,0.3,0.3,0.1928071928071928,0.8851148851148851,0.6923076923076923,False,True,True,False,False,12,7,0.0018105999915860593
paper_f2_onset__uniform__n1000,paper_f2_onset,uniform,1000,168,0.3,0.3,0.1928071928071928,0.8311688311688312,0.6383616383616384,False,True,True,True,False,10,7,0.002109499997459352
paper_f2_onset__uniform__n1000,paper_f2_onset,uniform,1000,169,0.3,0.3,0.1928071928071928,0.8951048951048951,0.7022977022977023,False,True,True,True,False,12,6,0.001584600016940385
paper_f2_onset__uniform__n1000,paper_f2_onset,uniform,1000,170,0.3,0.3,0.16083916083916083,0.8311688311688312,0.6703296703296704,False,True,True,True,False,11,7,0.001437300001271069
paper_f2_onset__uniform__n1000,paper_f2_onset,uniform,1000,171,0.3,0.3,0.1928071928071928,0.8311688311688312,0.6383616383616384,False,True,True,True,False,14,7,0.0014250000240281224
paper_f2_onset__uniform__n1000,paper_f2_onset,uniform,1000,172,0.3,0.3,0.22477522477522477,0.8311688311688312,0.6063936063936064,False,True,True,True,False,12,7,0.0017240000306628644
paper_f2_onset__uniform__n1000,paper_f2_onset,uniform,1000,173,0.3,0.3,0.1928071928071928,0.8951048951048951,0.7022977022977023,False,True,True,True,False,10,6,0.0015222000074572861
paper_f2_onset__uniform__n1000,paper_f2_onset,uniform,1000,174,0.3,0.3,0.16083916083916083,0.7032967032967034,0.5424575424575425,False,True,True,True,False,10,9,0.0011825999827124178
paper_f2_onset__uniform__n1000,paper_f2_onset,uniform,1000,175,0.3,0.3,0.1928071928071928,0.8951048951048951,0.7022977022977023,False,True,True,True,False,11,6,0.0011610999936237931
paper_f2_onset__uniform__n1000,paper_f2_onset,uniform,1000,176,0.3,0.3,0.16083916083916083,0.8951048951048951,0.7342657342657343,False,True,True,True,False,10,6,0.0014171999646350741
paper_f2_onset__uniform__n1000,paper_f2_onset,uniform,1000,177,0.3,0.3,0.1928071928071928,0.8951048951048951,0.7022977022977023,False,True,True,True,False,12,6,0.0014657999854534864
paper_f2_onset__uniform__n1000,paper_f2_onset,uniform,1000,178,0.3,0.3,0.1928071928071928,0.8951048951048951,0.7022977022977023,False,True,True,True,False,12,7,0.0013395999558269978
paper_f2_onset__uniform__n1000,paper_f2_onset,uniform,1000,179,0.3,0.3,0.22477522477522477,0.8311688311688312,0.6063936063936064,False,True,True,True,False,14,7,0.001519799989182502
paper_f2_onset__uniform__n1000,paper_f2_onset,uniform,1000,180,0.3,0.3,0.22477522477522477,0.8311688311688312,0.6063936063936064,False,True,True,True,False,15,7,0.001440799969714135
paper_f2_onset__uniform__n1000,paper_f2_onset,uniform,1000,181,0.3,0.3,0.1928071928071928,0.8951048951048951,0.7022977022977023,False,True,True,True,False,13,7,0.0013028999674133956
paper_f2_onset__uniform__n1000,paper_f2_onset,uniform,1000,182,0.3,0.3,0.16083916083916083,0.8951048951048951,0.7342657342657343,False,True,True,True,False,11,7,0.0012898000422865152
paper_f2_onset__uniform__n1000,paper_f2_onset,uniform,1000,183,0.3,0.3,0.22477522477522477,0.8951048951048951,0.6703296703296704,False,True,True,True,False,12,7,0.0012253000168129802
paper_f2_onset__uniform__n1000,paper_f2_onset,uniform,1000,184,0.3,0.3,0.1928071928071928,0.8951048951048951,0.7022977022977023,False,True,True,True,False,11,6,0.0013592999894171953
paper_f2_onset__uniform__n1000,paper_f2_onset,uniform,1000,185,0.3,0.3,0.1928071928071928,0.8311688311688312,0.6383616383616384,False,True,True,True,False,11,7,0.0011430999729782343
paper_f2_onset__uniform__n1000,paper_f2_onset,uniform,1000,186,0.3,0.3,0.1928071928071928,0.8951048951048951,0.7022977022977023,False,True,True,True,False,11,6,0.0012446999899111688
paper_f2_onset__uniform__n1000,paper_f2_onset,uniform,1000,187,0.3,0.3,0.16083916083916083,0.7992007992007992,0.6383616383616384,False,True,True,True,False,11,8,0.0017413999885320663
paper_f2_onset__uniform__n1000,paper_f2_onset,uniform,1000,188,0.3,0.3,0.22477522477522477,0.8311688311688312,0.6063936063936064,False,True,True,True,False,13,7,0.001382000045850873
paper_f2_onset__uniform__n1000,paper_f2_onset,uniform,1000,189,0.3,0.3,0.16083916083916083,0.8311688311688312,0.6703296703296704,False,True,True,True,False,12,7,0.0014468000154010952
paper_f2_onset__uniform__n1000,paper_f2_onset,uniform,1000,190,0.3,0.3,0.1928071928071928,0.8311688311688312,0.6383616383616384,False,True,True,True,False,12,7,0.0014880999806337059
paper_f2_onset__uniform__n1000,paper_f2_onset,uniform,1000,191,0.3,0.3,0.22477522477522477,0.8311688311688312,0.6063936063936064,False,True,True,True,False,14,7,0.0015425999881699681
paper_f2_onset__uniform__n1000,paper_f2_onset,uniform,1000,192,0.3,0.3,0.1928071928071928,0.8311688311688312,0.6383616383616384,False,True,True,True,False,12,7,0.0014350000419653952
paper_f2_onset__uniform__n1000,paper_f2_onset,uniform,1000,193,0.3,0.3,0.1928071928071928,0.8311688311688312,0.6383616383616384,False,True,True,True,False,11,7,0.001373099978081882
paper_f2_onset__uniform__n1000,paper_f2_onset,uniform,1000,194,0.3,0.3,0.1928071928071928,0.8311688311688312,0.6383616383616384,False,True,True,True,False,12,7,0.00153189996490255
paper_f2_onset__uniform__n1000,paper_f2_onset,uniform,1000,195,0.3,0.3,0.22477522477522477,0.8951048951048951,0.6703296703296704,False,True,True,True,False,13,6,0.001344699994660914
paper_f2_onset__uniform__n1000,paper_f2_onset,uniform,1000,196,0.3,0.3,0.1928071928071928,0.8311688311688312,0.6383616383616384,False,True,True,True,False,12,7,0.0013067999971099198
paper_f2_onset__uniform__n1000,paper_f2_onset,uniform,1000,197,0.3,0.3,0.1928071928071928,0.8311688311688312,0.6383616383616384,False,True,True,True,False,11,7,0.0013923000078648329
paper_f2_onset__uniform__n1000,paper_f2_onset,uniform,1000,198,0.3,0.3,0.1928071928071928,0.8951048951048951,0.7022977022977023,False,True,True,True,False,11,6,0.0013351000379770994
paper_f2_onset__uniform__n1000,paper_f2_onset,uniform,1000,199,0.3,0.3,0.16083916083916083,0.8951048951048951,0.7342657342657343,False,True,True,False,False,11,7,0.0014103999710641801
paper_f3_jump__uniform__n1000,paper_f3_jump,uniform,1000,0,0.3,0.3,0.2967032967032967,0.3016983016983017,0.004995004995004992,False,True,True,True,False,43,55,0.001658799999859184
paper_f3_jump__uniform__n1000,paper_f3_jump,uniform,1000,1,0.3,0.3,0.2987012987012987,0.3036963036963037,0.004995004995004992,False,True,True,True,False,46,54,0.0016023999778553843
paper_f3_jump__uniform__n1000,paper_f3_jump,uniform,1000,2,0.3,0.3,0.2967032967032967,0.3036963036963037,0.006993006993006978,False,True,True,True,False,43,51,0.0015503999893553555
paper_f3_jump__uniform__n1000,paper_f3_jump,uniform,1000,3,0.3,0.3,0.2987012987012987,0.3016983016983017,0.0029970029970030065,False,True,True,True,False,45,54,0.0019461999763734639
paper_f3_jump__uniform__n1000,paper_f3_jump,uniform,1000,4,0.3,0.3,0.29270729270729273,0.3076923076923077,0.014985014985014977,False,True,True,True,False,38,48,0.0015103999758139253
paper_f3_jump__uniform__n1000,paper_f3_jump,uniform,1000,5,0.3,0.3,0.2967032967032967,0.3026973026973027,0.005994005994006013,False,True,True,True,False,43,54,0.0014545000158250332
paper_f3_jump__uniform__n1000,paper_f3_jump,uniform,1000,6,0.3,0.3,0.2977022977022977,0.3036963036963037,0.005994005994005958,False,True,True,True,False,49,55,0.0013830999960191548
paper_f3_jump__uniform__n1000,paper_f3_jump,uniform,1000,7,0.3,0.3,0.2967032967032967,0.3026973026973027,0.005994005994006013,False,True,True,True,False,46,57,0.0014224000042304397
paper_f3_jump__uniform__n1000,paper_f3_jump,uniform,1000,8,0.3,0.3,0.2967032967032967,0.3036963036963037,0.006993006993006978,False,True,True,True,False,44,54,0.0015287999995052814
paper_f3_jump__uniform__n1000,paper_f3_jump,uniform,1000,9,0.3,0.3,0.2967032967032967,0.3036963036963037,0.006993006993006978,False,True,True,True,False,43,55,0.0016185999847948551
paper_f3_jump__uniform__n1000,paper_f3_jump,uniform,1000,10,0.3,0.3,0.2987012987012987,0.3016983016983017,0.0029970029970030065,False,True,True,True,False,47,57,0.0014683000044897199
paper_f3_jump__uniform__n1000,paper_f3_jump,uniform,1000,11,0.3,0.3,0.2987012987012987,0.3016983016983017,0.0029970029970030065,False,True,True,True,False,45,54,0.0017485000425949693
paper_f3_jump__uniform__n1000,paper_f3_jump,uniform,1000,12,0.3,0.3,0.2987012987012987,0.3036963036963037,0.004995004995004992,False,True,True,True,False,46,53,0.0013509999844245613
paper_f3_jump__uniform__n1000,paper_f3_jump,uniform,1000,13,0.3,0.3,0.2967032967032967,0.3036963036963037,0.006993006993006978,False,True,True,True,False,43,51,0.0013897999888285995
paper_f3_jump__uniform__n1000,paper_f3_jump,uniform,1000,14,0.3,0.3,0.2967032967032967,0.3026973026973027,0.005994005994006013,False,True,True,True,False,46,56,0.0015658000484108925
paper_f3_jump__uniform__n1000,paper_f3_jump,uniform,1000,15,0.3,0.3,0.2987012987012987,0.3026973026973027,0.003996003996004027,False,True,True,True,False,44,52,0.001595799985807389
paper_f3_jump__uniform__n1000,paper_f3_jump,uniform,1000,16,0.3,0.3,0.2987012987012987,0.3016983016983017,0.0029970029970030065,False,True,True,True,False,46,55,0.0015160999610088766
paper_f3_jump__uniform__n1000,paper_f3_jump,uniform,1000,17,0.3,0.3,0.2947052947052947,0.3036963036963037,0.008991008991008964,False,True,True,True,False,43,50,0.001520999998319894
paper_f3_jump__uniform__n1000,paper_f3_jump,uniform,1000,18,0.3,0.3,0.2987012987012987,0.3016983016983017,0.0029970029970030065,False,True,True,True,False,47,55,0.0014574999804608524
paper_f3_jump__uniform__n1000,paper_f3_jump,uniform,1000,19,0.3,0.3,0.2967032967032967,0.3036963036963037,0.006993006993006978,False,True,True,True,False,45,53,0.0013184999697841704
paper_f3_jump__uniform__n1000,paper_f3_jump,uniform,1000,20,0.3,0.3,0.2987012987012987,0.3016983016983017,0.0029970029970030065,False,True,True,True,False,45,55,0.001422499946784228
paper_f3_jump__uniform__n1000,paper_f3_jump,uniform,1000,21,0.3,0.3,0.2987012987012987,0.3016983016983017,0.0029970029970030065,False,True,True,True,False,46,55,0.0014217999996617436
paper_f3_jump__uniform__n1000,paper_f3_jump,uniform,1000,22,0.3,0.3,0.2967032967032967,0.3036963036963037,0.006993006993006978,False,True,True,True,False,45,55,0.0013964000390842557
paper_f3_jump__uniform__n1000,paper_f3_jump,uniform,1000,23,0.3,0.3,0.2967032967032967,0.3036963036963037,0.006993006993006978,False,True,True,True,False,42,51,0.0014924000133760273
paper_f3_jump__uniform__n1000,paper_f3_jump,uniform,1000,24,0.3,0.3,0.2977022977022977,0.3026973026973027,0.004995004995004992,False,True,True,True,False,46,54,0.0016896000015549362
paper_f3_jump__uniform__n1000,paper_f3_jump,uniform,1000,25,0.3,0.3,0.2967032967032967,0.3016983016983017,0.004995004995004992,False,True,True,True,False,46,53,0.0014412999735213816
paper_f3_jump__uniform__n1000,paper_f3_jump,uniform,1000,26,0.3,0.3,0.2987012987012987,0.3016983016983017,0.0029970029970030065,False,True,True,True,False,47,57,0.0012359999818727374
paper_f3_jump__uniform__n1000,paper_f3_jump,uniform,1000,27,0.3,0.3,0.2977022977022977,0.3026973026973027,0.004995004995004992,False,True,True,True,False,44,54,0.0013817999861203134
paper_f3_jump__uniform__n1000,paper_f3_jump,uniform,1000,28,0.3,0.3,0.2967032967032967,0.3016983016983017,0.004995004995004992,False,True,True,True,False,43,54,0.0012096999562345445
paper_f3_jump__uniform__n1000,paper_f3_jump,uniform,1000,29,0.3,0.3,0.2987012987012987,0.3016983016983017,0.0029970029970030065,False,True,True,True,False,49,58,0.0013713000225834548
paper_f3_jump__uniform__n1000,paper_f3_jump,uniform,1000,30,0.3,0.3,0.2977022977022977,0.3026973026973027,0.004995004995004992,False,True,True,True,False,47,55,0.0013957000337541103
paper_f3_jump__uniform__n1000,paper_f3_jump,uniform,1000,31,0.3,0.3,0.2967032967032967,0.3026973026973027,0.005994005994006013,False,True,True,True,False,44,54,0.0012575999717228115
paper_f3_jump__uniform__n1000,paper_f3_jump,uniform,1000,32,0.3,0.3,0.2967032967032967,0.3036963036963037,0.006993006993006978,False,True,True,True,False,42,53,0.0016781000304035842
paper_f3_jump__uniform__n1000,paper_f3_jump,uniform,1000,33,0.3,0.3,0.2987012987012987,0.3016983016983017,0.0029970029970030065,False,True,True,True,False,46,53,0.0016258999821729958
paper_f3_jump__uniform__n1000,paper_f3_jump,uniform,1000,34,0.3,0.3,0.2987012987012987,0.3036963036963037,0.004995004995004992,False,True,True,True,False,44,50,0.0014736000448465347
paper_f3_jump__uniform__n1000,paper_f3_jump,uniform,1000,35,0.3,0.3,0.2987012987012987,0.3016983016983017,0.0029970029970030065,False,True,True,True,False,48,56,0.0015221000066958368
paper_f3_jump__uniform__n1000,paper_f3_jump,uniform,1000,36,0.3,0.3,0.2987012987012987,0.3036963036963037,0.004995004995004992,False,True,True,True,False,45,54,0.0015269999857991934
paper_f3_jump__uniform__n1000,paper_f3_jump,uniform,1000,37,0.3,0.3,0.2967032967032967,0.30569430569430567,0.008991008991008964,False,True,True,True,False,46,52,0.0014118000399321318
paper_f3_jump__uniform__n1000,paper_f3_jump,uniform,1000,38,0.3,0.3,0.2967032967032967,0.3026973026973027,0.005994005994006013,False,True,True,True,False,42,53,0.0012803999707102776
paper_f3_jump__uniform__n1000,paper_f3_jump,uniform,1000,39,0.3,0.3,0.2987012987012987,0.3036963036963037,0.004995004995004992,False,True,True,True,False,46,55,0.0013901999918743968
paper_f3_jump__uniform__n1000,paper_f3_jump,uniform,1000,40,0.3,0.3,0.2967032967032967,0.3016983016983017,0.004995004995004992,False,True,True,True,False,44,53,0.0014962999848648906
paper_f3_jump__uniform__n1000,paper_f3_jump,uniform,1000,41,0.3,0.3,0.2967032967032967,0.3036963036963037,0.006993006993006978,False,True,True,True,False,47,53,0.0013859999598935246
paper_f3_jump__uniform__n1000,paper_f3_jump,uniform,1000,42,0.3,0.3,0.2987012987012987,0.30569430569430567,0.006993006993006978,False,True,True,True,False,45,52,0.0016840000171214342
paper_f3_jump__uniform__n1000,paper_f3_jump,uniform,1000,43,0.3,0.3,0.2987012987012987,0.3016983016983017,0.0029970029970030065,False,True,True,True,False,46,52,0.0017475999775342643
paper_f3_jump__uniform__n1000,paper_f3_jump,uniform,1000,44,0.3,0.3,0.2937062937062937,0.3026973026973027,0.00899100899100902,False,True,True,True,False,40,51,0.0012132000410929322
paper_f3_jump__uniform__n1000,paper_f3_jump,uniform,1000,45,0.3,0.3,0.2967032967032967,0.3036963036963037,0.006993006993006978,False,True,True,True,False,43,50,0.001462699961848557
paper_f3_jump__uniform__n1000,paper_f3_jump,uniform,1000,46,0.3,0.3,0.2967032967032967,0.3016983016983017,0.004995004995004992,False,True,True,True,False,41,51,0.00182529998710379
paper_f3_jump__uniform__n1000,paper_f3_jump,uniform,1000,47,0.3,0.3,0.2947052947052947,0.30569430569430567,0.01098901098901095,False,True,True,True,False,43,52,0.0017597000114619732
paper_f3_jump__uniform__n1000,paper_f3_jump,uniform,1000,48,0.3,0.3,0.2967032967032967,0.3036963036963037,0.006993006993006978,False,True,True,True,False,44,51,0.001541100034955889
paper_f3_jump__uniform__n1000,paper_f3_jump,uniform,1000,49,0.3,0.3,0.2987012987012987,0.3016983016983017,0.0029970029970030065,False,True,True,True,False,46,54,0.00165940000442788
paper_f3_jump__uniform__n1000,paper_f3_jump,uniform,1000,50,0.3,0.3,0.2967032967032967,0.30569430569430567,0.008991008991008964,False,True,True,True,False,42,52,0.0014938999665901065
paper_f3_jump__uniform__n1000,paper_f3_jump,uniform,1000,51,0.3,0.3,0.2967032967032967,0.3016983016983017,0.004995004995004992,False,True,True,True,False,43,55,0.0014742999919690192
paper_f3_jump__uniform__n1000,paper_f3_jump,uniform,1000,52,0.3,0.3,0.2987012987012987,0.3016983016983017,0.0029970029970030065,False,True,True,True,False,50,55,0.001372800034005195
paper_f3_jump__uniform__n1000,paper_f3_jump,uniform,1000,53,0.3,0.3,0.2967032967032967,0.3026973026973027,0.005994005994006013,False,True,True,True,False,45,53,0.0013895000447519124
paper_f3_jump__uniform__n1000,paper_f3_jump,uniform,1000,54,0.3,0.3,0.2987012987012987,0.3016983016983017,0.0029970029970030065,False,True,True,False,False,49,56,0.001597000053152442
paper_f3_jump__uniform__n1000,paper_f3_jump,uniform,1000,55,0.3,0.3,0.2987012987012987,0.3036963036963037,0.004995004995004992,False,True,True,True,False,46,53,0.0015882000443525612
paper_f3_jump__uniform__n1000,paper_f3_jump,uniform,1000,56,0.3,0.3,0.2967032967032967,0.3036963036963037,0.006993006993006978,False,True,True,True,False,43,54,0.0016580999945290387
paper_f3_jump__uniform__n1000,paper_f3_jump,uniform,1000,57,0.3,0.3,0.29270729270729273,0.3036963036963037,0.01098901098901095,False,True,True,True,False,42,50,0.0015516999992541969
paper_f3_jump__uniform__n1000,paper_f3_jump,uniform,1000,58,0.3,0.3,0.2947052947052947,0.30569430569430567,0.01098901098901095,False,True,True,True,False,43,50,0.00204320001648739
paper_f3_jump__uniform__n1000,paper_f3_jump,uniform,1000,59,0.3,0.3,0.2987012987012987,0.3016983016983017,0.0029970029970030065,False,True,True,True,False,47,55,0.001539899967610836
paper_f3_jump__uniform__n1000,paper_f3_jump,uniform,1000,60,0.3,0.3,0.7622377622377622,0.3016983016983017,nan,True,False,False,False,False,45,56,0.0014370999997481704
paper_f3_jump__uniform__n1000,paper_f3_jump,uniform,1000,61,0.3,0.3,0.2967032967032967,0.3026973026973027,0.005994005994006013,False,True,True,True,False,43,49,0.0016703000292181969
paper_f3_jump__uniform__n1000,paper_f3_jump,uniform,1000,62,0.3,0.3,0.2987012987012987,0.3036963036963037,0.004995004995004992,False,True,True,True,False,47,54,0.0017359000048600137
paper_f3_jump__uniform__n1000,paper_f3_jump,uniform,1000,63,0.3,0.3,0.2977022977022977,0.3036963036963037,0.005994005994005958,False,True,True,True,False,43,52,0.0017788999830372632
paper_f3_jump__uniform__n1000,paper_f3_jump,uniform,1000,64,0.3,0.3,0.2987012987012987,0.3036963036963037,0.004995004995004992,False,True,True,True,False,46,55,0.0018394000362604856
paper_f3_jump__uniform__n1000,paper_f3_jump,uniform,1000,65,0.3,0.3,0.2987012987012987,0.3016983016983017,0.0029970029970030065,False,True,True,True,False,46,53,0.0018124999478459358
paper_f3_jump__uniform__n1000,paper_f3_jump,uniform,1000,66,0.3,0.3,0.2937062937062937,0.3036963036963037,0.009990009990009985,False,True,True,True,False,41,53,0.0015994999557733536
paper_f3_jump__uniform__n1000,paper_f3_jump,uniform,1000,67,0.3,0.3,0.2987012987012987,0.3016983016983017,0.0029970029970030065,False,True,True,True,False,49,58,0.0017789999837987125
paper_f3_jump__uniform__n1000,paper_f3_jump,uniform,1000,68,0.3,0.3,0.8681318681318682,0.3016983016983017,nan,True,False,False,False,False,44,54,0.0015696000191383064
paper_f3_jump__uniform__n1000,paper_f3_jump,uniform,1000,69,0.3,0.3,0.2977022977022977,0.3036963036963037,0.005994005994005958,False,True,True,True,False,42,53,0.0016253999783657491
paper_f3_jump__uniform__n1000,paper_f3_jump,uniform,1000,70,0.3,0.3,0.2987012987012987,0.3016983016983017,0.0029970029970030065,False,True,True,True,False,45,52,0.0017460000235587358
paper_f3_jump__uniform__n1000,paper_f3_jump,uniform,1000,71,0.3,0.3,0.2987012987012987,0.3036963036963037,0.004995004995004992,False,True,True,True,False,46,54,0.001699000014923513
paper_f3_jump__uniform__n1000,paper_f3_jump,uniform,1000,72,0.3,0.3,0.2947052947052947,0.30569430569430567,0.01098901098901095,False,True,True,True,False,42,50,0.001742499996908009
paper_f3_jump__uniform__n1000,paper_f3_jump,uniform,1000,73,0.3,0.3,0.2967032967032967,0.3036963036963037,0.006993006993006978,False,True,True,True,False,42,50,0.0016181000391952693
paper_f3_jump__uniform__n1000,paper_f3_jump,uniform,1000,74,0.3,0.3,0.3706293706293706,0.3016983016983017,nan,True,False,False,False,False,48,57,0.0016092999721877277
paper_f3_jump__uniform__n1000,paper_f3_jump,uniform,1000,75,0.3,0.3,0.2967032967032967,0.3016983016983017,0.004995004995004992,False,True,True,True,False,44,55,0.0015917000127956271
paper_f3_jump__uniform__n1000,paper_f3_jump,uniform,1000,76,0.3,0.3,0.2987012987012987,0.3016983016983017,0.0029970029970030065,False,True,True,True,False,48,58,0.001393499958794564
paper_f3_jump__uniform__n1000,paper_f3_jump,uniform,1000,77,0.3,0.3,0.2967032967032967,0.3036963036963037,0.006993006993006978,False,True,True,True,False,43,50,0.0015181000344455242
paper_f3_jump__uniform__n1000,paper_f3_jump,uniform,1000,78,0.3,0.3,0.2987012987012987,0.3036963036963037,0.004995004995004992,False,True,True,True,False,43,51,0.0017669000080786645
paper_f3_jump__uniform__n1000,paper_f3_jump,uniform,1000,79,0.3,0.3,0.2987012987012987,0.3036963036963037,0.004995004995004992,False,True,True,True,False,47,55,0.0017025999841280282
paper_f3_jump__uniform__n1000,paper_f3_jump,uniform,1000,80,0.3,0.3,0.2987012987012987,0.3036963036963037,0.004995004995004992,False,True,True,True,False,40,48,0.0016070000128820539
paper_f3_jump__uniform__n1000,paper_f3_jump,uniform,1000,81,0.3,0.3,0.2967032967032967,0.3016983016983017,0.004995004995004992,False,True,True,True,False,42,53,0.0015939000295475125
paper_f3_jump__uniform__n1000,paper_f3_jump,uniform,1000,82,0.3,0.3,0.2987012987012987,0.3026973026973027,0.003996003996004027,False,True,True,True,False,47,55,0.0016707999748177826
paper_f3_jump__uniform__n1000,paper_f3_jump,uniform,1000,83,0.3,0.3,0.2967032967032967,0.3026973026973027,0.005994005994006013,False,True,True,True,False,45,53,0.0014523999998345971
paper_f3_jump__uniform__n1000,paper_f3_jump,uniform,1000,84,0.3,0.3,0.2977022977022977,0.3036963036963037,0.005994005994005958,False,True,True,True,False,47,55,0.0017784999799914658
paper_f3_jump__uniform__n1000,paper_f3_jump,uniform,1000,85,0.3,0.3,0.2967032967032967,0.3036963036963037,0.006993006993006978,False,True,True,True,False,46,54,0.001588999992236495
paper_f3_jump__uniform__n1000,paper_f3_jump,uniform,1000,86,0.3,0.3,0.2987012987012987,0.3036963036963037,0.004995004995004992,False,True,True,True,False,45,54,0.00152160000288859
paper_f3_jump__uniform__n1000,paper_f3_jump,uniform,1000,87,0.3,0.3,0.2967032967032967,0.3016983016983017,0.004995004995004992,False,True,True,True,False,45,58,0.0016158000216819346
paper_f3_jump__uniform__n1000,paper_f3_jump,uniform,1000,88,0.3,0.3,0.2967032967032967,0.3026973026973027,0.005994005994006013,False,True,True,True,False,44,53,0.00138819997664541
paper_f3_jump__uniform__n1000,paper_f3_jump,uniform,1000,89,0.3,0.3,0.2987012987012987,0.3036963036963037,0.004995004995004992,False,True,True,True,False,44,51,0.0014644000330008566
paper_f3_jump__uniform__n1000,paper_f3_jump,uniform,1000,90,0.3,0.3,0.2937062937062937,0.3036963036963037,0.009990009990009985,False,True,True,True,False,42,50,0.0015650999848730862
paper_f3_jump__uniform__n1000,paper_f3_jump,uniform,1000,91,0.3,0.3,0.2977022977022977,0.3016983016983017,0.003996003996003972,False,True,True,True,False,48,56,0.0015029999776743352
paper_f3_jump__uniform__n1000,paper_f3_jump,uniform,1000,92,0.3,0.3,0.2987012987012987,0.3036963036963037,0.004995004995004992,False,True,True,True,False,45,52,0.0016607999568805099
paper_f3_jump__uniform__n1000,paper_f3_jump,uniform,1000,93,0.3,0.3,0.2967032967032967,0.3036963036963037,0.006993006993006978,False,True,True,True,False,44,54,0.0016327999765053391
paper_f3_jump__uniform__n1000,paper_f3_jump,uniform,1000,94,0.3,0.3,0.2987012987012987,0.3016983016983017,0.0029970029970030065,False,True,True,True,False,44,52,0.0014161000144667923
paper_f3_jump__uniform__n1000,paper_f3_jump,uniform,1000,95,0.3,0.3,0.2987012987012987,0.3036963036963037,0.004995004995004992,False,True,True,True,False,47,54,0.0016721999854780734
paper_f3_jump__uniform__n1000,paper_f3_jump,uniform,1000,96,0.3,0.3,0.2977022977022977,0.3026973026973027,0.004995004995004992,False,True,True,True,False,47,54,0.001736900012474507
paper_f3_jump__uniform__n1000,paper_f3_jump,uniform,1000,97,0.3,0.3,0.2967032967032967,0.3016983016983017,0.004995004995004992,False,True,True,True,False,47,56,0.0019210000173188746
paper_f3_jump__uniform__n1000,paper_f3_jump,uniform,1000,98,0.3,0.3,0.2947052947052947,0.30569430569430567,0.01098901098901095,False,True,True,True,False,45,53,0.0016971000004559755
paper_f3_jump__uniform__n1000,paper_f3_jump,uniform,1000,99,0.3,0.3,0.2947052947052947,0.3066933066933067,0.01198801198801197,False,True,True,True,False,41,51,0.001499099947977811
paper_f3_jump__uniform__n1000,paper_f3_jump,uniform,1000,100,0.3,0.3,0.2987012987012987,0.3076923076923077,0.00899100899100902,False,True,True,True,False,44,50,0.0017381000216118991
paper_f3_jump__uniform__n1000,paper_f3_jump,uniform,1000,101,0.3,0.3,0.2987012987012987,0.3016983016983017,0.0029970029970030065,False,True,True,True,False,46,57,0.001567999948747456
paper_f3_jump__uniform__n1000,paper_f3_jump,uniform,1000,102,0.3,0.3,0.2987012987012987,0.3036963036963037,0.004995004995004992,False,True,True,True,False,45,53,0.0013858000165782869
paper_f3_jump__uniform__n1000,paper_f3_jump,uniform,1000,103,0.3,0.3,0.2977022977022977,0.3036963036963037,0.005994005994005958,False,True,True,True,False,44,53,0.0015530000091530383
paper_f3_jump__uniform__n1000,paper_f3_jump,uniform,1000,104,0.3,0.3,0.2977022977022977,0.3036963036963037,0.005994005994005958,False,True,True,True,False,46,56,0.0014400000218302011
paper_f3_jump__uniform__n1000,paper_f3_jump,uniform,1000,105,0.3,0.3,0.2967032967032967,0.3036963036963037,0.006993006993006978,False,True,True,True,False,44,52,0.0014012999599799514
paper_f3_jump__uniform__n1000,paper_f3_jump,uniform,1000,106,0.3,0.3,0.2987012987012987,0.3016983016983017,0.0029970029970030065,False,True,True,True,False,47,55,0.0015008000191301107
paper_f3_jump__uniform__n1000,paper_f3_jump,uniform,1000,107,0.3,0.3,0.2967032967032967,0.3036963036963037,0.006993006993006978,False,True,True,True,False,44,51,0.0015086000203154981
paper_f3_jump__uniform__n1000,paper_f3_jump,uniform,1000,108,0.3,0.3,0.2987012987012987,0.3016983016983017,0.0029970029970030065,False,True,True,True,False,42,54,0.0014817999908700585
paper_f3_jump__uniform__n1000,paper_f3_jump,uniform,1000,109,0.3,0.3,0.2967032967032967,0.3026973026973027,0.005994005994006013,False,True,True,True,False,46,53,0.0013883999781683087
paper_f3_jump__uniform__n1000,paper_f3_jump,uniform,1000,110,0.3,0.3,0.2967032967032967,0.3036963036963037,0.006993006993006978,False,True,True,True,False,44,50,0.0014795999741181731
paper_f3_jump__uniform__n1000,paper_f3_jump,uniform,1000,111,0.3,0.3,0.2967032967032967,0.3036963036963037,0.006993006993006978,False,True,True,True,False,43,53,0.0014951000339351594
paper_f3_jump__uniform__n1000,paper_f3_jump,uniform,1000,112,0.3,0.3,0.2967032967032967,0.3016983016983017,0.004995004995004992,False,True,True,True,False,45,56,0.0014425000408664346
paper_f3_jump__uniform__n1000,paper_f3_jump,uniform,1000,113,0.3,0.3,0.2987012987012987,0.3016983016983017,0.0029970029970030065,False,True,True,True,False,47,54,0.0016954999882727861
paper_f3_jump__uniform__n1000,paper_f3_jump,uniform,1000,114,0.3,0.3,0.2967032967032967,0.3026973026973027,0.005994005994006013,False,True,True,False,False,43,55,0.0015066000050865114
paper_f3_jump__uniform__n1000,paper_f3_jump,uniform,1000,115,0.3,0.3,0.2967032967032967,0.3036963036963037,0.006993006993006978,False,True,True,True,False,42,51,0.0014081999543122947
paper_f3_jump__uniform__n1000,paper_f3_jump,uniform,1000,116,0.3,0.3,0.2987012987012987,0.3016983016983017,0.0029970029970030065,False,True,True,True,False,45,56,0.0015044999890960753
paper_f3_jump__uniform__n1000,paper_f3_jump,uniform,1000,117,0.3,0.3,0.2987012987012987,0.3016983016983017,0.0029970029970030065,False,True,True,False,False,44,53,0.0016139000072143972
paper_f3_jump__uniform__n1000,paper_f3_jump,uniform,1000,118,0.3,0.3,0.2967032967032967,0.3036963036963037,0.006993006993006978,False,True,True,True,False,45,53,0.0015119000454433262
paper_f3_jump__uniform__n1000,paper_f3_jump,uniform,1000,119,0.3,0.3,0.2967032967032967,0.3066933066933067,0.009990009990009985,False,True,True,True,False,44,51,0.001534000039100647
paper_f3_jump__uniform__n1000,paper_f3_jump,uniform,1000,120,0.3,0.3,0.2967032967032967,0.3036963036963037,0.006993006993006978,False,True,True,True,False,43,53,0.00134240003535524
paper_f3_jump__uniform__n1000,paper_f3_jump,uniform,1000,121,0.3,0.3,0.2967032967032967,0.3036963036963037,0.006993006993006978,False,True,True,True,False,40,50,0.0011749000404961407
paper_f3_jump__uniform__n1000,paper_f3_jump,uniform,1000,122,0.3,0.3,0.2987012987012987,0.3016983016983017,0.0029970029970030065,False,True,True,True,False,45,54,0.0013695000088773668
paper_f3_jump__uniform__n1000,paper_f3_jump,uniform,1000,123,0.3,0.3,0.2987012987012987,0.3016983016983017,0.0029970029970030065,False,True,True,True,False,49,58,0.0015138000017032027
paper_f3_jump__uniform__n1000,paper_f3_jump,uniform,1000,124,0.3,0.3,0.2967032967032967,0.3026973026973027,0.005994005994006013,False,True,True,True,False,44,53,0.0014622000162489712
paper_f3_jump__uniform__n1000,paper_f3_jump,uniform,1000,125,0.3,0.3,0.2987012987012987,0.3026973026973027,0.003996003996004027,False,True,True,True,False,44,51,0.0015345000429078937
paper_f3_jump__uniform__n1000,paper_f3_jump,uniform,1000,126,0.3,0.3,0.2967032967032967,0.3026973026973027,0.005994005994006013,False,True,True,True,False,43,52,0.0015785000286996365
paper_f3_jump__uniform__n1000,paper_f3_jump,uniform,1000,127,0.3,0.3,0.2967032967032967,0.3036963036963037,0.006993006993006978,False,True,True,True,False,45,54,0.00146980001591146
paper_f3_jump__uniform__n1000,paper_f3_jump,uniform,1000,128,0.3,0.3,0.29270729270729273,0.3026973026973027,0.009990009990009985,False,True,True,True,False,41,51,0.0015299000078812242
paper_f3_jump__uniform__n1000,paper_f3_jump,uniform,1000,129,0.3,0.3,0.2967032967032967,0.3016983016983017,0.004995004995004992,False,True,True,True,False,44,55,0.001494700030889362
paper_f3_jump__uniform__n1000,paper_f3_jump,uniform,1000,130,0.3,0.3,0.2987012987012987,0.3016983016983017,0.0029970029970030065,False,True,True,True,False,49,56,0.0016066000098362565
paper_f3_jump__uniform__n1000,paper_f3_jump,uniform,1000,131,0.3,0.3,0.2987012987012987,0.3036963036963037,0.004995004995004992,False,True,True,True,False,46,53,0.0015790999750606716
paper_f3_jump__uniform__n1000,paper_f3_jump,uniform,1000,132,0.3,0.3,0.2987012987012987,0.3016983016983017,0.0029970029970030065,False,True,True,True,False,48,56,0.0014807999832555652
paper_f3_jump__uniform__n1000,paper_f3_jump,uniform,1000,133,0.3,0.3,0.2967032967032967,0.3016983016983017,0.004995004995004992,False,True,True,True,False,43,54,0.0015155999572016299
paper_f3_jump__uniform__n1000,paper_f3_jump,uniform,1000,134,0.3,0.3,0.2967032967032967,0.3036963036963037,0.006993006993006978,False,True,True,True,False,44,52,0.0016978000057861209
paper_f3_jump__uniform__n1000,paper_f3_jump,uniform,1000,135,0.3,0.3,0.2987012987012987,0.3016983016983017,0.0029970029970030065,False,True,True,True,False,47,56,0.001548800035379827
paper_f3_jump__uniform__n1000,paper_f3_jump,uniform,1000,136,0.3,0.3,0.2967032967032967,0.3026973026973027,0.005994005994006013,False,True,True,True,False,45,52,0.0016446000081487
paper_f3_jump__uniform__n1000,paper_f3_jump,uniform,1000,137,0.3,0.3,0.2967032967032967,0.3016983016983017,0.004995004995004992,False,True,True,True,False,43,52,0.0015127999940887094
paper_f3_jump__uniform__n1000,paper_f3_jump,uniform,1000,138,0.3,0.3,0.29270729270729273,0.3036963036963037,0.01098901098901095,False,True,True,True,False,41,50,0.001415099948644638
paper_f3_jump__uniform__n1000,paper_f3_jump,uniform,1000,139,0.3,0.3,0.2987012987012987,0.3016983016983017,0.0029970029970030065,False,True,True,True,False,43,51,0.001381699985358864
paper_f3_jump__uniform__n1000,paper_f3_jump,uniform,1000,140,0.3,0.3,0.2967032967032967,0.3036963036963037,0.006993006993006978,False,True,True,True,False,45,50,0.0012851000064983964
paper_f3_jump__uniform__n1000,paper_f3_jump,uniform,1000,141,0.3,0.3,0.2967032967032967,0.3026973026973027,0.005994005994006013,False,True,True,True,False,44,51,0.0012823999859392643
paper_f3_jump__uniform__n1000,paper_f3_jump,uniform,1000,142,0.3,0.3,0.2967032967032967,0.3036963036963037,0.006993006993006978,False,True,True,True,False,42,50,0.001304799981880933
paper_f3_jump__uniform__n1000,paper_f3_jump,uniform,1000,143,0.3,0.3,0.2967032967032967,0.3016983016983017,0.004995004995004992,False,True,True,True,False,44,56,0.0016914000152610242
paper_f3_jump__uniform__n1000,paper_f3_jump,uniform,1000,144,0.3,0.3,0.2967032967032967,0.3016983016983017,0.004995004995004992,False,True,True,True,False,46,54,0.0015054999967105687
paper_f3_jump__uniform__n1000,paper_f3_jump,uniform,1000,145,0.3,0.3,0.2967032967032967,0.3036963036963037,0.006993006993006978,False,True,True,True,False,44,53,0.001552300003822893
paper_f3_jump__uniform__n1000,paper_f3_jump,uniform,1000,146,0.3,0.3,0.2947052947052947,0.3036963036963037,0.008991008991008964,False,True,True,True,False,42,54,0.0016288000042550266
paper_f3_jump__uniform__n1000,paper_f3_jump,uniform,1000,147,0.3,0.3,0.2937062937062937,0.3036963036963037,0.009990009990009985,False,True,True,True,False,39,51,0.0013750999933108687
paper_f3_jump__uniform__n1000,paper_f3_jump,uniform,1000,148,0.3,0.3,0.2967032967032967,0.3036963036963037,0.006993006993006978,False,True,True,True,False,45,53,0.0015464999596588314
paper_f3_jump__uniform__n1000,paper_f3_jump,uniform,1000,149,0.3,0.3,0.2947052947052947,0.3076923076923077,0.012987012987012991,False,True,True,True,False,40,50,0.0014404000248759985
paper_f3_jump__uniform__n1000,paper_f3_jump,uniform,1000,150,0.3,0.3,0.2977022977022977,0.3036963036963037,0.005994005994005958,False,True,True,True,False,45,55,0.0015325999702326953
paper_f3_jump__uniform__n1000,paper_f3_jump,uniform,1000,151,0.3,0.3,0.2977022977022977,0.3036963036963037,0.005994005994005958,False,True,True,True,False,46,52,0.001318999973591417
paper_f3_jump__uniform__n1000,paper_f3_jump,uniform,1000,152,0.3,0.3,0.2967032967032967,0.3036963036963037,0.006993006993006978,False,True,True,True,False,44,52,0.0014537000097334385
paper_f3_jump__uniform__n1000,paper_f3_jump,uniform,1000,153,0.3,0.3,0.2967032967032967,0.3036963036963037,0.006993006993006978,False,True,True,True,False,39,52,0.0014546000165864825
paper_f3_jump__uniform__n1000,paper_f3_jump,uniform,1000,154,0.3,0.3,0.2987012987012987,0.3016983016983017,0.0029970029970030065,False,True,True,False,False,47,56,0.0014150000060908496
paper_f3_jump__uniform__n1000,paper_f3_jump,uniform,1000,155,0.3,0.3,0.2947052947052947,0.3036963036963037,0.008991008991008964,False,True,True,True,False,44,52,0.0015102000324986875
paper_f3_jump__uniform__n1000,paper_f3_jump,uniform,1000,156,0.3,0.3,0.2987012987012987,0.3036963036963037,0.004995004995004992,False,True,True,True,False,47,51,0.001549100037664175
paper_f3_jump__uniform__n1000,paper_f3_jump,uniform,1000,157,0.3,0.3,0.2987012987012987,0.3016983016983017,0.0029970029970030065,False,True,True,True,False,50,58,0.0014472000184468925
paper_f3_jump__uniform__n1000,paper_f3_jump,uniform,1000,158,0.3,0.3,0.2987012987012987,0.3036963036963037,0.004995004995004992,False,True,True,True,False,40,52,0.001569800020661205
paper_f3_jump__uniform__n1000,paper_f3_jump,uniform,1000,159,0.3,0.3,0.2977022977022977,0.3036963036963037,0.005994005994005958,False,True,True,True,False,46,54,0.0016460000188089907
paper_f3_jump__uniform__n1000,paper_f3_jump,uniform,1000,160,0.3,0.3,0.2987012987012987,0.3016983016983017,0.0029970029970030065,False,True,True,True,False,44,53,0.001484300009906292
paper_f3_jump__uniform__n1000,paper_f3_jump,uniform,1000,161,0.3,0.3,0.2987012987012987,0.3016983016983017,0.0029970029970030065,False,True,True,True,False,47,54,0.0016309000202454627
paper_f3_jump__uniform__n1000,paper_f3_jump,uniform,1000,162,0.3,0.3,0.2987012987012987,0.3016983016983017,0.0029970029970030065,False,True,True,True,False,44,55,0.0015941000310704112
paper_f3_jump__uniform__n1000,paper_f3_jump,uniform,1000,163,0.3,0.3,0.2977022977022977,0.3036963036963037,0.005994005994005958,False,True,True,True,False,44,51,0.0014322999631986022
paper_f3_jump__uniform__n1000,paper_f3_jump,uniform,1000,164,0.3,0.3,0.2987012987012987,0.3036963036963037,0.004995004995004992,False,True,True,True,False,47,50,0.0013098000199534
paper_f3_jump__uniform__n1000,paper_f3_jump,uniform,1000,165,0.3,0.3,0.2987012987012987,0.3016983016983017,0.0029970029970030065,False,True,True,True,False,47,55,0.0011960999690927565
paper_f3_jump__uniform__n1000,paper_f3_jump,uniform,1000,166,0.3,0.3,0.2977022977022977,0.3036963036963037,0.005994005994005958,False,True,True,True,False,45,51,0.0014445999986492097
paper_f3_jump__uniform__n1000,paper_f3_jump,uniform,1000,167,0.3,0.3,0.2967032967032967,0.3036963036963037,0.006993006993006978,False,True,True,True,False,39,50,0.0014857000205665827
paper_f3_jump__uniform__n1000,paper_f3_jump,uniform,1000,168,0.3,0.3,0.2967032967032967,0.3036963036963037,0.006993006993006978,False,True,True,True,False,44,52,0.0015814999933354557
paper_f3_jump__uniform__n1000,paper_f3_jump,uniform,1000,169,0.3,0.3,0.29270729270729273,0.3046953046953047,0.01198801198801197,False,True,True,True,False,43,51,0.001452099997550249
paper_f3_jump__uniform__n1000,paper_f3_jump,uniform,1000,170,0.3,0.3,0.2967032967032967,0.3016983016983017,0.004995004995004992,False,True,True,True,False,45,53,0.0013873999705538154
paper_f3_jump__uniform__n1000,paper_f3_jump,uniform,1000,171,0.3,0.3,0.2967032967032967,0.3076923076923077,0.010989010989011005,False,True,True,True,False,45,50,0.001318099966738373
paper_f3_jump__uniform__n1000,paper_f3_jump,uniform,1000,172,0.3,0.3,0.2947052947052947,0.3036963036963037,0.008991008991008964,False,True,True,True,False,43,53,0.001277000003028661
paper_f3_jump__uniform__n1000,paper_f3_jump,uniform,1000,173,0.3,0.3,0.2967032967032967,0.3016983016983017,0.004995004995004992,False,True,True,True,False,43,53,0.0015294000040739775
paper_f3_jump__uniform__n1000,paper_f3_jump,uniform,1000,174,0.3,0.3,0.2987012987012987,0.3016983016983017,0.0029970029970030065,False,True,True,True,False,46,54,0.0014455000055022538
paper_f3_jump__uniform__n1000,paper_f3_jump,uniform,1000,175,0.3,0.3,0.2967032967032967,0.3026973026973027,0.005994005994006013,False,True,True,True,False,43,53,0.001401799963787198
paper_f3_jump__uniform__n1000,paper_f3_jump,uniform,1000,176,0.3,0.3,0.2967032967032967,0.3036963036963037,0.006993006993006978,False,True,True,True,False,42,52,0.0014627999626100063
paper_f3_jump__uniform__n1000,paper_f3_jump,uniform,1000,177,0.3,0.3,0.2967032967032967,0.3036963036963037,0.006993006993006978,False,True,True,True,False,41,53,0.0015076000127010047
paper_f3_jump__uniform__n1000,paper_f3_jump,uniform,1000,178,0.3,0.3,0.2987012987012987,0.3016983016983017,0.0029970029970030065,False,True,True,True,False,47,56,0.0013752999948337674
paper_f3_jump__uniform__n1000,paper_f3_jump,uniform,1000,179,0.3,0.3,0.2977022977022977,0.3036963036963037,0.005994005994005958,False,True,True,True,False,43,52,0.0013011000119149685
paper_f3_jump__uniform__n1000,paper_f3_jump,uniform,1000,180,0.3,0.3,0.2977022977022977,0.3026973026973027,0.004995004995004992,False,True,True,True,False,45,52,0.0013977999915368855
paper_f3_jump__uniform__n1000,paper_f3_jump,uniform,1000,181,0.3,0.3,0.2987012987012987,0.3016983016983017,0.0029970029970030065,False,True,True,True,False,47,57,0.0013037000317126513
paper_f3_jump__uniform__n1000,paper_f3_jump,uniform,1000,182,0.3,0.3,0.29270729270729273,0.30569430569430567,0.012987012987012936,False,True,True,True,False,41,49,0.0016067000105977058
paper_f3_jump__uniform__n1000,paper_f3_jump,uniform,1000,183,0.3,0.3,0.2977022977022977,0.3036963036963037,0.005994005994005958,False,True,True,True,False,45,51,0.0014779999619349837
paper_f3_jump__uniform__n1000,paper_f3_jump,uniform,1000,184,0.3,0.3,0.2967032967032967,0.3036963036963037,0.006993006993006978,False,True,True,True,False,43,51,0.001516199961770326
paper_f3_jump__uniform__n1000,paper_f3_jump,uniform,1000,185,0.3,0.3,0.29270729270729273,0.30569430569430567,0.012987012987012936,False,True,True,True,False,40,49,0.0014013999607414007
paper_f3_jump__uniform__n1000,paper_f3_jump,uniform,1000,186,0.3,0.3,0.2967032967032967,0.3026973026973027,0.005994005994006013,False,True,True,True,False,44,53,0.0013097000191919506
paper_f3_jump__uniform__n1000,paper_f3_jump,uniform,1000,187,0.3,0.3,0.2967032967032967,0.3026973026973027,0.005994005994006013,False,True,True,True,False,46,53,0.0013664000434800982
paper_f3_jump__uniform__n1000,paper_f3_jump,uniform,1000,188,0.3,0.3,0.29270729270729273,0.3036963036963037,0.01098901098901095,False,True,True,True,False,41,53,0.0012281000381335616
paper_f3_jump__uniform__n1000,paper_f3_jump,uniform,1000,189,0.3,0.3,0.2987012987012987,0.3016983016983017,0.0029970029970030065,False,True,True,True,False,44,55,0.001215500000398606
paper_f3_jump__uniform__n1000,paper_f3_jump,uniform,1000,190,0.3,0.3,0.2967032967032967,0.3026973026973027,0.005994005994006013,False,True,True,False,False,49,57,0.0014553000219166279
paper_f3_jump__uniform__n1000,paper_f3_jump,uniform,1000,191,0.3,0.3,0.2987012987012987,0.3036963036963037,0.004995004995004992,False,True,True,True,False,45,52,0.00149500003317371
paper_f3_jump__uniform__n1000,paper_f3_jump,uniform,1000,192,0.3,0.3,0.2977022977022977,0.3036963036963037,0.005994005994005958,False,True,True,True,False,44,53,0.0014688000082969666
paper_f3_jump__uniform__n1000,paper_f3_jump,uniform,1000,193,0.3,0.3,0.2977022977022977,0.3036963036963037,0.005994005994005958,False,True,True,True,False,45,55,0.0015385000151582062
paper_f3_jump__uniform__n1000,paper_f3_jump,uniform,1000,194,0.3,0.3,0.2987012987012987,0.3016983016983017,0.0029970029970030065,False,True,True,True,False,43,51,0.0016305000171996653
paper_f3_jump__uniform__n1000,paper_f3_jump,uniform,1000,195,0.3,0.3,0.2977022977022977,0.3016983016983017,0.003996003996003972,False,True,True,True,False,43,54,0.0014291999978013337
paper_f3_jump__uniform__n1000,paper_f3_jump,uniform,1000,196,0.3,0.3,0.2967032967032967,0.3036963036963037,0.006993006993006978,False,True,True,True,False,43,51,0.001664399984292686
paper_f3_jump__uniform__n1000,paper_f3_jump,uniform,1000,197,0.3,0.3,0.29270729270729273,0.3076923076923077,0.014985014985014977,False,True,True,True,False,39,48,0.0018761000246740878
paper_f3_jump__uniform__n1000,paper_f3_jump,uniform,1000,198,0.3,0.3,0.2967032967032967,0.3036963036963037,0.006993006993006978,False,True,True,True,False,44,54,0.0017873999895527959
paper_f3_jump__uniform__n1000,paper_f3_jump,uniform,1000,199,0.3,0.3,0.2967032967032967,0.3036963036963037,0.006993006993006978,False,True,True,True,False,44,52,0.002280699962284416
paper_f4_logistic__uniform__n1000,paper_f4_logistic,uniform,1000,0,0.3,0.3,0.0,1.0,1.0,False,True,False,True,False,0,0,0.002330699993763119
paper_f4_logistic__uniform__n1000,paper_f4_logistic,uniform,1000,1,0.3,0.3,0.0,1.0,1.0,False,True,False,True,False,0,0,0.0019248999888077378
paper_f4_logistic__uniform__n1000,paper_f4_logistic,uniform,1000,2,0.3,0.3,0.0,0.15484515484515485,0.15484515484515485,False,False,True,False,False,0,2,0.0019181999959982932
paper_f4_logistic__uniform__n1000,paper_f4_logistic,uniform,1000,3,0.3,0.3,0.0,0.999000999000999,0.999000999000999,False,True,True,True,False,0,2,0.0017161000287160277
paper_f4_logistic__uniform__n1000,paper_f4_logistic,uniform,1000,4,0.3,0.3,0.0,0.999000999000999,0.999000999000999,False,True,True,True,False,0,1,0.001684799965005368
paper_f4_logistic__uniform__n1000,paper_f4_logistic,uniform,1000,5,0.3,0.3,0.0,1.0,1.0,False,True,False,True,False,0,0,0.0019583000103011727
paper_f4_logistic__uniform__n1000,paper_f4_logistic,uniform,1000,6,0.3,0.3,0.0,1.0,1.0,False,True,False,True,False,0,0,0.0018185999942943454
paper_f4_logistic__uniform__n1000,paper_f4_logistic,uniform,1000,7,0.3,0.3,0.0,0.999000999000999,0.999000999000999,False,True,True,True,False,0,1,0.0021695999894291162
paper_f4_logistic__uniform__n1000,paper_f4_logistic,uniform,1000,8,0.3,0.3,0.0,0.999000999000999,0.999000999000999,False,True,True,True,False,0,1,0.0019523999653756618
paper_f4_logistic__uniform__n1000,paper_f4_logistic,uniform,1000,9,0.3,0.3,0.0,0.7672327672327672,0.7672327672327672,False,True,True,False,False,0,2,0.0019765000324696302
paper_f4_logistic__uniform__n1000,paper_f4_logistic,uniform,1000,10,0.3,0.3,0.0,1.0,1.0,False,True,False,True,False,0,0,0.003128900018054992
paper_f4_logistic__uniform__n1000,paper_f4_logistic,uniform,1000,11,0.3,0.3,0.0,0.999000999000999,0.999000999000999,False,True,True,True,False,0,1,0.001996800012420863
paper_f4_logistic__uniform__n1000,paper_f4_logistic,uniform,1000,12,0.3,0.3,0.0,0.999000999000999,0.999000999000999,False,True,True,True,False,0,2,0.0019913999713025987
paper_f4_logistic__uniform__n1000,paper_f4_logistic,uniform,1000,13,0.3,0.3,0.0,1.0,1.0,False,True,False,True,False,0,0,0.00181049999082461
paper_f4_logistic__uniform__n1000,paper_f4_logistic,uniform,1000,14,0.3,0.3,0.0,0.8951048951048951,0.8951048951048951,False,True,True,True,False,0,1,0.0019236000371165574
paper_f4_logistic__uniform__n1000,paper_f4_logistic,uniform,1000,15,0.3,0.3,0.0,1.0,1.0,False,True,False,True,False,0,0,0.0033449999755248427
paper_f4_logistic__uniform__n1000,paper_f4_logistic,uniform,1000,16,0.3,0.3,0.0,0.999000999000999,0.999000999000999,False,True,True,True,False,0,1,0.002126400009728968
paper_f4_logistic__uniform__n1000,paper_f4_logistic,uniform,1000,17,0.3,0.3,0.0,0.999000999000999,0.999000999000999,False,True,True,True,False,0,2,0.0024231999996118248
paper_f4_logistic__uniform__n1000,paper_f4_logistic,uniform,1000,18,0.3,0.3,0.0,1.0,1.0,False,True,False,True,False,0,0,0.0019253999926149845
paper_f4_logistic__uniform__n1000,paper_f4_logistic,uniform,1000,19,0.3,0.3,0.0,1.0,1.0,False,True,False,True,False,0,0,0.0021299999789334834
paper_f4_logistic__uniform__n1000,paper_f4_logistic,uniform,1000,20,0.3,0.3,0.0,1.0,1.0,False,True,False,True,False,0,0,0.0019988000276498497
paper_f4_logistic__uniform__n1000,paper_f4_logistic,uniform,1000,21,0.3,0.3,0.0,1.0,1.0,False,True,False,True,False,0,0,0.001977299980353564
paper_f4_logistic__uniform__n1000,paper_f4_logistic,uniform,1000,22,0.3,0.3,0.0,1.0,1.0,False,True,False,True,False,0,0,0.0018819000106304884
paper_f4_logistic__uniform__n1000,paper_f4_logistic,uniform,1000,23,0.3,0.3,0.0,1.0,1.0,False,True,False,True,False,0,0,0.0020038000075146556
paper_f4_logistic__uniform__n1000,paper_f4_logistic,uniform,1000,24,0.3,0.3,0.0,0.999000999000999,0.999000999000999,False,True,True,True,False,0,2,0.001974000013433397
paper_f4_logistic__uniform__n1000,paper_f4_logistic,uniform,1000,25,0.3,0.3,0.0,0.21978021978021978,0.21978021978021978,False,False,True,False,False,0,1,0.001874400011729449
paper_f4_logistic__uniform__n1000,paper_f4_logistic,uniform,1000,26,0.3,0.3,0.0,0.999000999000999,0.999000999000999,False,True,True,True,False,0,1,0.002110100002028048
paper_f4_logistic__uniform__n1000,paper_f4_logistic,uniform,1000,27,0.3,0.3,0.0,0.999000999000999,0.999000999000999,False,True,True,True,False,0,2,0.0020022999960929155
paper_f4_logistic__uniform__n1000,paper_f4_logistic,uniform,1000,28,0.3,0.3,0.0,1.0,1.0,False,True,False,True,False,0,0,0.001833599992096424
paper_f4_logistic__uniform__n1000,paper_f4_logistic,uniform,1000,29,0.3,0.3,0.0,1.0,1.0,False,True,False,True,False,0,0,0.0018082999740727246
paper_f4_logistic__uniform__n1000,paper_f4_logistic,uniform,1000,30,0.3,0.3,0.0,0.999000999000999,0.999000999000999,False,True,True,True,False,0,2,0.001684800023213029
paper_f4_logistic__uniform__n1000,paper_f4_logistic,uniform,1000,31,0.3,0.3,0.0,0.999000999000999,0.999000999000999,False,True,True,True,False,0,1,0.001617399975657463
paper_f4_logistic__uniform__n1000,paper_f4_logistic,uniform,1000,32,0.3,0.3,0.0,1.0,1.0,False,True,False,True,False,0,0,0.001492300012614578
paper_f4_logistic__uniform__n1000,paper_f4_logistic,uniform,1000,33,0.3,0.3,0.0,0.999000999000999,0.999000999000999,False,True,True,True,False,0,1,0.0019330000504851341
paper_f4_logistic__uniform__n1000,paper_f4_logistic,uniform,1000,34,0.3,0.3,0.0,1.0,1.0,False,True,False,True,False,0,0,0.0017801999929361045
paper_f4_logistic__uniform__n1000,paper_f4_logistic,uniform,1000,35,0.3,0.3,0.0,0.999000999000999,0.999000999000999,False,True,True,True,False,0,1,0.0016833000117912889
paper_f4_logistic__uniform__n1000,paper_f4_logistic,uniform,1000,36,0.3,0.3,0.0,0.7112887112887113,0.7112887112887113,False,True,True,False,False,0,4,0.0021342000109143555
paper_f4_logistic__uniform__n1000,paper_f4_logistic,uniform,1000,37,0.3,0.3,0.0,1.0,1.0,False,True,False,True,False,0,0,0.0016958999913185835
paper_f4_logistic__uniform__n1000,paper_f4_logistic,uniform,1000,38,0.3,0.3,0.0,0.999000999000999,0.999000999000999,False,True,True,True,False,0,1,0.0019037000020034611
paper_f4_logistic__uniform__n1000,paper_f4_logistic,uniform,1000,39,0.3,0.3,0.0,0.999000999000999,0.999000999000999,False,True,True,True,False,0,1,0.002116000046953559
paper_f4_logistic__uniform__n1000,paper_f4_logistic,uniform,1000,40,0.3,0.3,0.0,1.0,1.0,False,True,False,True,False,0,0,0.0020389999845065176
paper_f4_logistic__uniform__n1000,paper_f4_logistic,uniform,1000,41,0.3,0.3,0.0,1.0,1.0,False,True,False,True,False,0,0,0.0019087999826297164
paper_f4_logistic__uniform__n1000,paper_f4_logistic,uniform,1000,42,0.3,0.3,0.0,1.0,1.0,False,True,False,True,False,0,0,0.001726499991491437
paper_f4_logistic__uniform__n1000,paper_f4_logistic,uniform,1000,43,0.3,0.3,0.0,1.0,1.0,False,True,False,True,False,0,0,0.0017268999945372343
paper_f4_logistic__uniform__n1000,paper_f4_logistic,uniform,1000,44,0.3,0.3,0.0,1.0,1.0,False,True,False,True,False,0,0,0.0018421999993734062
paper_f4_logistic__uniform__n1000,paper_f4_logistic,uniform,1000,45,0.3,0.3,0.0,0.8951048951048951,0.8951048951048951,False,True,True,True,False,0,4,0.0018898999551311135
paper_f4_logistic__uniform__n1000,paper_f4_logistic,uniform,1000,46,0.3,0.3,0.0,1.0,1.0,False,True,False,True,False,0,0,0.001753099961206317
paper_f4_logistic__uniform__n1000,paper_f4_logistic,uniform,1000,47,0.3,0.3,0.0,1.0,1.0,False,True,False,True,False,0,0,0.0023231999948620796
paper_f4_logistic__uniform__n1000,paper_f4_logistic,uniform,1000,48,0.3,0.3,0.0,0.999000999000999,0.999000999000999,False,True,True,True,False,0,1,0.0020542999845929444
paper_f4_logistic__uniform__n1000,paper_f4_logistic,uniform,1000,49,0.3,0.3,0.0,0.999000999000999,0.999000999000999,False,True,True,True,False,0,1,0.00209360005101189
paper_f4_logistic__uniform__n1000,paper_f4_logistic,uniform,1000,50,0.3,0.3,0.0,0.8951048951048951,0.8951048951048951,False,True,True,True,False,0,3,0.0021658000187017024
paper_f4_logistic__uniform__n1000,paper_f4_logistic,uniform,1000,51,0.3,0.3,0.0,0.999000999000999,0.999000999000999,False,True,True,True,False,0,2,0.002119200013112277
paper_f4_logistic__uniform__n1000,paper_f4_logistic,uniform,1000,52,0.3,0.3,0.0,0.999000999000999,0.999000999000999,False,True,True,True,False,0,2,0.00236320000840351
paper_f4_logistic__uniform__n1000,paper_f4_logistic,uniform,1000,53,0.3,0.3,0.0,1.0,1.0,False,True,False,True,False,0,0,0.0018543999758549035
paper_f4_logistic__uniform__n1000,paper_f4_logistic,uniform,1000,54,0.3,0.3,0.0,1.0,1.0,False,True,False,True,False,0,0,0.0015690000145696104
paper_f4_logistic__uniform__n1000,paper_f4_logistic,uniform,1000,55,0.3,0.3,0.0,0.999000999000999,0.999000999000999,False,True,True,True,False,0,1,0.0015943999751470983
paper_f4_logistic__uniform__n1000,paper_f4_logistic,uniform,1000,56,0.3,0.3,0.0,1.0,1.0,False,True,False,True,False,0,0,0.0019064000225625932
paper_f4_logistic__uniform__n1000,paper_f4_logistic,uniform,1000,57,0.3,0.3,0.0,0.999000999000999,0.999000999000999,False,True,True,True,False,0,1,0.0016027000383473933
paper_f4_logistic__uniform__n1000,paper_f4_logistic,uniform,1000,58,0.3,0.3,0.0,0.999000999000999,0.999000999000999,False,True,True,True,False,0,1,0.0020169999916106462
paper_f4_logistic__uniform__n1000,paper_f4_logistic,uniform,1000,59,0.3,0.3,0.0,0.999000999000999,0.999000999000999,False,True,True,True,False,0,1,0.0018275000038556755
paper_f4_logistic__uniform__n1000,paper_f4_logistic,uniform,1000,60,0.3,0.3,0.0,0.8951048951048951,0.8951048951048951,False,True,True,True,False,0,2,0.001916099980007857
paper_f4_logistic__uniform__n1000,paper_f4_logistic,uniform,1000,61,0.3,0.3,0.0,0.5224775224775224,0.5224775224775224,False,True,True,False,False,0,3,0.0018378999666310847
paper_f4_logistic__uniform__n1000,paper_f4_logistic,uniform,1000,62,0.3,0.3,0.0,1.0,1.0,False,True,False,True,False,0,0,0.0019285999587737024
paper_f4_logistic__uniform__n1000,paper_f4_logistic,uniform,1000,63,0.3,0.3,0.0,0.999000999000999,0.999000999000999,False,True,True,True,False,0,2,0.0022874000133015215
paper_f4_logistic__uniform__n1000,paper_f4_logistic,uniform,1000,64,0.3,0.3,0.0,1.0,1.0,False,True,False,True,False,0,0,0.0024569000233896077
paper_f4_logistic__uniform__n1000,paper_f4_logistic,uniform,1000,65,0.3,0.3,0.0,0.999000999000999,0.999000999000999,False,True,True,True,False,0,1,0.0020345000084489584
paper_f4_logistic__uniform__n1000,paper_f4_logistic,uniform,1000,66,0.3,0.3,0.0,0.8951048951048951,0.8951048951048951,False,True,True,True,False,0,4,0.0016592999454587698
paper_f4_logistic__uniform__n1000,paper_f4_logistic,uniform,1000,67,0.3,0.3,0.0,0.999000999000999,0.999000999000999,False,True,True,True,False,0,1,0.001461499952711165
paper_f4_logistic__uniform__n1000,paper_f4_logistic,uniform,1000,68,0.3,0.3,0.0,1.0,1.0,False,True,False,True,False,0,0,0.0017253999831154943
paper_f4_logistic__uniform__n1000,paper_f4_logistic,uniform,1000,69,0.3,0.3,0.0,1.0,1.0,False,True,False,True,False,0,0,0.0018280000076629221
paper_f4_logistic__uniform__n1000,paper_f4_logistic,uniform,1000,70,0.3,0.3,0.0,0.999000999000999,0.999000999000999,False,True,True,True,False,0,3,0.00163720001000911
paper_f4_logistic__uniform__n1000,paper_f4_logistic,uniform,1000,71,0.3,0.3,0.8861138861138861,0.999000999000999,0.11288711288711295,False,False,True,False,False,1,3,0.0018521000165492296
paper_f4_logistic__uniform__n1000,paper_f4_logistic,uniform,1000,72,0.3,0.3,0.0,0.999000999000999,0.999000999000999,False,True,True,True,False,0,1,0.0019036000012420118
paper_f4_logistic__uniform__n1000,paper_f4_logistic,uniform,1000,73,0.3,0.3,0.0,0.8951048951048951,0.8951048951048951,False,True,True,True,False,0,3,0.0019130000146105886
paper_f4_logistic__uniform__n1000,paper_f4_logistic,uniform,1000,74,0.3,0.3,0.0,1.0,1.0,False,True,False,True,False,0,0,0.0018283000099472702
paper_f4_logistic__uniform__n1000,paper_f4_logistic,uniform,1000,75,0.3,0.3,0.0,1.0,1.0,False,True,False,True,False,0,0,0.001908999984152615
paper_f4_logistic__uniform__n1000,paper_f4_logistic,uniform,1000,76,0.3,0.3,0.0,1.0,1.0,False,True,False,True,False,0,0,0.0018432000069878995
paper_f4_logistic__uniform__n1000,paper_f4_logistic,uniform,1000,77,0.3,0.3,0.0,0.999000999000999,0.999000999000999,False,True,True,True,False,0,1,0.0017256999853998423
paper_f4_logistic__uniform__n1000,paper_f4_logistic,uniform,1000,78,0.3,0.3,0.0,1.0,1.0,False,True,False,True,False,0,0,0.0018136999569833279
paper_f4_logistic__uniform__n1000,paper_f4_logistic,uniform,1000,79,0.3,0.3,0.0,1.0,1.0,False,True,False,True,False,0,0,0.0020219000289216638
paper_f4_logistic__uniform__n1000,paper_f4_logistic,uniform,1000,80,0.3,0.3,0.0,0.999000999000999,0.999000999000999,False,True,True,True,False,0,2,0.0019472999847494066
paper_f4_logistic__uniform__n1000,paper_f4_logistic,uniform,1000,81,0.3,0.3,0.0,0.999000999000999,0.999000999000999,False,True,True,True,False,0,2,0.0021581999608315527
paper_f4_logistic__uniform__n1000,paper_f4_logistic,uniform,1000,82,0.3,0.3,0.0,0.999000999000999,0.999000999000999,False,True,True,True,False,0,1,0.0019751000218093395
paper_f4_logistic__uniform__n1000,paper_f4_logistic,uniform,1000,83,0.3,0.3,0.0,1.0,1.0,False,True,False,True,False,0,0,0.0016481000347994268
paper_f4_logistic__uniform__n1000,paper_f4_logistic,uniform,1000,84,0.3,0.3,0.0,0.9590409590409591,0.9590409590409591,False,True,True,True,False,0,3,0.00191430002450943
paper_f4_logistic__uniform__n1000,paper_f4_logistic,uniform,1000,85,0.3,0.3,0.0,0.999000999000999,0.999000999000999,False,True,True,True,False,0,2,0.0018225000239908695
paper_f4_logistic__uniform__n1000,paper_f4_logistic,uniform,1000,86,0.3,0.3,0.0,0.999000999000999,0.999000999000999,False,True,True,True,False,0,1,0.0020560999982990324
paper_f4_logistic__uniform__n1000,paper_f4_logistic,uniform,1000,87,0.3,0.3,0.0,1.0,1.0,False,True,False,True,False,0,0,0.001891799969598651
paper_f4_logistic__uniform__n1000,paper_f4_logistic,uniform,1000,88,0.3,0.3,0.0,1.0,1.0,False,True,False,True,False,0,0,0.0016920000198297203
paper_f4_logistic__uniform__n1000,paper_f4_logistic,uniform,1000,89,0.3,0.3,0.0,0.27672327672327673,0.27672327672327673,False,False,True,False,False,0,1,0.0018666000105440617
paper_f4_logistic__uniform__n1000,paper_f4_logistic,uniform,1000,90,0.3,0.3,0.0,1.0,1.0,False,True,False,True,False,0,0,0.0020259000011719763
paper_f4_logistic__uniform__n1000,paper_f4_logistic,uniform,1000,91,0.3,0.3,0.0,1.0,1.0,False,True,False,True,False,0,0,0.0018438000115565956
paper_f4_logistic__uniform__n1000,paper_f4_logistic,uniform,1000,92,0.3,0.3,0.0,0.999000999000999,0.999000999000999,False,True,True,True,False,0,1,0.0018553999834693968
paper_f4_logistic__uniform__n1000,paper_f4_logistic,uniform,1000,93,0.3,0.3,0.11888111888111888,0.999000999000999,0.8801198801198802,False,True,True,False,False,1,1,0.0019712999928742647
paper_f4_logistic__uniform__n1000,paper_f4_logistic,uniform,1000,94,0.3,0.3,0.0,1.0,1.0,False,True,False,True,False,0,0,0.0018636999884620309
paper_f4_logistic__uniform__n1000,paper_f4_logistic,uniform,1000,95,0.3,0.3,0.0,0.999000999000999,0.999000999000999,False,True,True,True,False,0,2,0.0019360000151209533
paper_f4_logistic__uniform__n1000,paper_f4_logistic,uniform,1000,96,0.3,0.3,0.0,1.0,1.0,False,True,False,True,False,0,0,0.0021320999949239194
paper_f4_logistic__uniform__n1000,paper_f4_logistic,uniform,1000,97,0.3,0.3,0.0,0.999000999000999,0.999000999000999,False,True,True,True,False,0,1,0.002070799993816763
paper_f4_logistic__uniform__n1000,paper_f4_logistic,uniform,1000,98,0.3,0.3,0.0,1.0,1.0,False,True,False,True,False,0,0,0.0016349999932572246
paper_f4_logistic__uniform__n1000,paper_f4_logistic,uniform,1000,99,0.3,0.3,0.0,0.999000999000999,0.999000999000999,False,True,True,True,False,0,2,0.002308800001628697
paper_f4_logistic__uniform__n1000,paper_f4_logistic,uniform,1000,100,0.3,0.3,0.0,1.0,1.0,False,True,False,True,False,0,0,0.0017999999690800905
paper_f4_logistic__uniform__n1000,paper_f4_logistic,uniform,1000,101,0.3,0.3,0.0,1.0,1.0,False,True,False,True,False,0,0,0.0017971000052057207
paper_f4_logistic__uniform__n1000,paper_f4_logistic,uniform,1000,102,0.3,0.3,0.0,0.9590409590409591,0.9590409590409591,False,True,True,True,False,0,4,0.0016702000284567475
paper_f4_logistic__uniform__n1000,paper_f4_logistic,uniform,1000,103,0.3,0.3,0.0,1.0,1.0,False,True,False,True,False,0,0,0.0015743999974802136
paper_f4_logistic__uniform__n1000,paper_f4_logistic,uniform,1000,104,0.3,0.3,0.0,1.0,1.0,False,True,False,True,False,0,0,0.0015736999921500683
paper_f4_logistic__uniform__n1000,paper_f4_logistic,uniform,1000,105,0.3,0.3,0.0,0.999000999000999,0.999000999000999,False,True,True,True,False,0,1,0.0016494000446982682
paper_f4_logistic__uniform__n1000,paper_f4_logistic,uniform,1000,106,0.3,0.3,0.0,0.999000999000999,0.999000999000999,False,True,True,True,False,0,2,0.0017094999784603715
paper_f4_logistic__uniform__n1000,paper_f4_logistic,uniform,1000,107,0.3,0.3,0.0,1.0,1.0,False,True,False,True,False,0,0,0.0017436000052839518
paper_f4_logistic__uniform__n1000,paper_f4_logistic,uniform,1000,108,0.3,0.3,0.0,0.999000999000999,0.999000999000999,False,True,True,True,False,0,1,0.0018958000000566244
paper_f4_logistic__uniform__n1000,paper_f4_logistic,uniform,1000,109,0.3,0.3,0.0,1.0,1.0,False,True,False,True,False,0,0,0.0017528999596834183
paper_f4_logistic__uniform__n1000,paper_f4_logistic,uniform,1000,110,0.3,0.3,0.0,0.7672327672327672,0.7672327672327672,False,True,True,True,False,0,1,0.0018074000254273415
paper_f4_logistic__uniform__n1000,paper_f4_logistic,uniform,1000,111,0.3,0.3,0.0,0.999000999000999,0.999000999000999,False,True,True,True,False,0,1,0.001791900023818016
paper_f4_logistic__uniform__n1000,paper_f4_logistic,uniform,1000,112,0.3,0.3,0.0,0.999000999000999,0.999000999000999,False,True,True,True,False,0,2,0.002001899993047118
paper_f4_logistic__uniform__n1000,paper_f4_logistic,uniform,1000,113,0.3,0.3,0.0,0.999000999000999,0.999000999000999,False,True,True,True,False,0,2,0.0017574999947100878
paper_f4_logistic__uniform__n1000,paper_f4_logistic,uniform,1000,114,0.3,0.3,0.0,1.0,1.0,False,True,False,True,False,0,0,0.0015855000237934291
paper_f4_logistic__uniform__n1000,paper_f4_logistic,uniform,1000,115,0.3,0.3,0.3786213786213786,0.999000999000999,0.6203796203796204,False,False,True,False,False,1,1,0.0018958000000566244
paper_f4_logistic__uniform__n1000,paper_f4_logistic,uniform,1000,116,0.3,0.3,0.0,1.0,1.0,False,True,False,True,False,0,0,0.0016818000003695488
paper_f4_logistic__uniform__n1000,paper_f4_logistic,uniform,1000,117,0.3,0.3,0.0,1.0,1.0,False,True,False,True,False,0,0,0.0015669999993406236
paper_f4_logistic__uniform__n1000,paper_f4_logistic,uniform,1000,118,0.3,0.3,0.0,1.0,1.0,False,True,False,True,False,0,0,0.0016635000356473029
paper_f4_logistic__uniform__n1000,paper_f4_logistic,uniform,1000,119,0.3,0.3,0.0,0.999000999000999,0.999000999000999,False,True,True,True,False,0,2,0.0014066000003367662
paper_f4_logistic__uniform__n1000,paper_f4_logistic,uniform,1000,120,0.3,0.3,0.0,0.999000999000999,0.999000999000999,False,True,True,True,False,0,1,0.0015118999872356653
paper_f4_logistic__uniform__n1000,paper_f4_logistic,uniform,1000,121,0.3,0.3,0.0,1.0,1.0,False,True,False,True,False,0,0,0.0017829000134952366
paper_f4_logistic__uniform__n1000,paper_f4_logistic,uniform,1000,122,0.3,0.3,0.0,1.0,1.0,False,True,False,True,False,0,0,0.0019913999713025987
paper_f4_logistic__uniform__n1000,paper_f4_logistic,uniform,1000,123,0.3,0.3,0.0,0.999000999000999,0.999000999000999,False,True,True,True,False,0,1,0.0017752000130712986
paper_f4_logistic__uniform__n1000,paper_f4_logistic,uniform,1000,124,0.3,0.3,0.0,0.999000999000999,0.999000999000999,False,True,True,True,False,0,1,0.0018528999644331634
paper_f4_logistic__uniform__n1000,paper_f4_logistic,uniform,1000,125,0.3,0.3,0.0,0.999000999000999,0.999000999000999,False,True,True,True,False,0,3,0.001742199994623661
paper_f4_logistic__uniform__n1000,paper_f4_logistic,uniform,1000,126,0.3,0.3,0.0,0.5924075924075924,0.5924075924075924,False,True,True,False,False,0,1,0.0017201000009663403
paper_f4_logistic__uniform__n1000,paper_f4_logistic,uniform,1000,127,0.3,0.3,0.0,0.999000999000999,0.999000999000999,False,True,True,True,False,0,1,0.0016450000111944973
paper_f4_logistic__uniform__n1000,paper_f4_logistic,uniform,1000,128,0.3,0.3,0.0,1.0,1.0,False,True,False,True,False,0,0,0.0015509999939240515
paper_f4_logistic__uniform__n1000,paper_f4_logistic,uniform,1000,129,0.3,0.3,0.0,0.8951048951048951,0.8951048951048951,False,True,True,True,False,0,2,0.0015518000000156462
paper_f4_logistic__uniform__n1000,paper_f4_logistic,uniform,1000,130,0.3,0.3,0.0,1.0,1.0,False,True,False,True,False,0,0,0.0015234000165946782
paper_f4_logistic__uniform__n1000,paper_f4_logistic,uniform,1000,131,0.3,0.3,0.0,0.8951048951048951,0.8951048951048951,False,True,True,True,False,0,3,0.0017299000173807144
paper_f4_logistic__uniform__n1000,paper_f4_logistic,uniform,1000,132,0.3,0.3,0.0,1.0,1.0,False,True,False,True,False,0,0,0.001692800025921315
paper_f4_logistic__uniform__n1000,paper_f4_logistic,uniform,1000,133,0.3,0.3,0.0,0.999000999000999,0.999000999000999,False,True,True,True,False,0,2,0.0018547999789007008
paper_f4_logistic__uniform__n1000,paper_f4_logistic,uniform,1000,134,0.3,0.3,0.0,1.0,1.0,False,True,False,True,False,0,0,0.0016174999764189124
paper_f4_logistic__uniform__n1000,paper_f4_logistic,uniform,1000,135,0.3,0.3,0.0,1.0,1.0,False,True,False,True,False,0,0,0.0016684000147506595
paper_f4_logistic__uniform__n1000,paper_f4_logistic,uniform,1000,136,0.3,0.3,0.0,0.7732267732267732,0.7732267732267732,False,True,True,False,False,0,1,0.0019889999530278146
paper_f4_logistic__uniform__n1000,paper_f4_logistic,uniform,1000,137,0.3,0.3,0.0,1.0,1.0,False,True,False,True,False,0,0,0.001563600031659007
paper_f4_logistic__uniform__n1000,paper_f4_logistic,uniform,1000,138,0.3,0.3,0.0,0.999000999000999,0.999000999000999,False,True,True,True,False,0,2,0.0015866000321693718
paper_f4_logistic__uniform__n1000,paper_f4_logistic,uniform,1000,139,0.3,0.3,0.0,1.0,1.0,False,True,False,True,False,0,0,0.00146690005203709
paper_f4_logistic__uniform__n1000,paper_f4_logistic,uniform,1000,140,0.3,0.3,0.0,1.0,1.0,False,True,False,True,False,0,0,0.001514200004749
paper_f4_logistic__uniform__n1000,paper_f4_logistic,uniform,1000,141,0.3,0.3,0.0,1.0,1.0,False,True,False,True,False,0,0,0.0015994000132195652
paper_f4_logistic__uniform__n1000,paper_f4_logistic,uniform,1000,142,0.3,0.3,0.0,1.0,1.0,False,True,False,True,False,0,0,0.0017548000323586166
paper_f4_logistic__uniform__n1000,paper_f4_logistic,uniform,1000,143,0.3,0.3,0.0,0.999000999000999,0.999000999000999,False,True,True,True,False,0,1,0.0017758000176399946
paper_f4_logistic__uniform__n1000,paper_f4_logistic,uniform,1000,144,0.3,0.3,0.0,1.0,1.0,False,True,False,True,False,0,0,0.0019539999775588512
paper_f4_logistic__uniform__n1000,paper_f4_logistic,uniform,1000,145,0.3,0.3,0.0,1.0,1.0,False,True,False,True,False,0,0,0.0018370000179857016
paper_f4_logistic__uniform__n1000,paper_f4_logistic,uniform,1000,146,0.3,0.3,0.0,1.0,1.0,False,True,False,True,False,0,0,0.0018161000334657729
paper_f4_logistic__uniform__n1000,paper_f4_logistic,uniform,1000,147,0.3,0.3,0.0,0.999000999000999,0.999000999000999,False,True,True,True,False,0,1,0.0019765999750234187
paper_f4_logistic__uniform__n1000,paper_f4_logistic,uniform,1000,148,0.3,0.3,0.0,1.0,1.0,False,True,False,True,False,0,0,0.0016686000162735581
paper_f4_logistic__uniform__n1000,paper_f4_logistic,uniform,1000,149,0.3,0.3,0.0,1.0,1.0,False,True,False,True,False,0,0,0.0018994000274688005
paper_f4_logistic__uniform__n1000,paper_f4_logistic,uniform,1000,150,0.3,0.3,0.0,1.0,1.0,False,True,False,True,False,0,0,0.0017202000017277896
paper_f4_logistic__uniform__n1000,paper_f4_logistic,uniform,1000,151,0.3,0.3,0.0,1.0,1.0,False,True,False,True,False,0,0,0.0017832000157795846
paper_f4_logistic__uniform__n1000,paper_f4_logistic,uniform,1000,152,0.3,0.3,0.0,0.8951048951048951,0.8951048951048951,False,True,True,True,False,0,2,0.0018692000303417444
paper_f4_logistic__uniform__n1000,paper_f4_logistic,uniform,1000,153,0.3,0.3,0.0,1.0,1.0,False,True,False,True,False,0,0,0.0016930000274442136
paper_f4_logistic__uniform__n1000,paper_f4_logistic,uniform,1000,154,0.3,0.3,0.0,1.0,1.0,False,True,False,True,False,0,0,0.001686899980995804
paper_f4_logistic__uniform__n1000,paper_f4_logistic,uniform,1000,155,0.3,0.3,0.0,0.999000999000999,0.999000999000999,False,True,True,True,False,0,1,0.0017913999618031085
paper_f4_logistic__uniform__n1000,paper_f4_logistic,uniform,1000,156,0.3,0.3,0.0,0.999000999000999,0.999000999000999,False,True,True,True,False,0,1,0.0017920000245794654
paper_f4_logistic__uniform__n1000,paper_f4_logistic,uniform,1000,157,0.3,0.3,0.0,0.999000999000999,0.999000999000999,False,True,True,True,False,0,2,0.001908699981868267
paper_f4_logistic__uniform__n1000,paper_f4_logistic,uniform,1000,158,0.3,0.3,0.0,1.0,1.0,False,True,False,True,False,0,0,0.0016149000148288906
paper_f4_logistic__uniform__n1000,paper_f4_logistic,uniform,1000,159,0.3,0.3,0.0,0.999000999000999,0.999000999000999,False,True,True,True,False,0,2,0.0017367000109516084
paper_f4_logistic__uniform__n1000,paper_f4_logistic,uniform,1000,160,0.3,0.3,0.0,1.0,1.0,False,True,False,True,False,0,0,0.0016074000159278512
paper_f4_logistic__uniform__n1000,paper_f4_logistic,uniform,1000,161,0.3,0.3,0.0,1.0,1.0,False,True,False,True,False,0,0,0.0015985000063665211
paper_f4_logistic__uniform__n1000,paper_f4_logistic,uniform,1000,162,0.3,0.3,0.0,1.0,1.0,False,True,False,True,False,0,0,0.0015233000158332288
paper_f4_logistic__uniform__n1000,paper_f4_logistic,uniform,1000,163,0.3,0.3,0.0,1.0,1.0,False,True,False,True,False,0,0,0.0015768000157549977
paper_f4_logistic__uniform__n1000,paper_f4_logistic,uniform,1000,164,0.3,0.3,0.0,1.0,1.0,False,True,False,True,False,0,0,0.002063599997200072
paper_f4_logistic__uniform__n1000,paper_f4_logistic,uniform,1000,165,0.3,0.3,0.0,0.8951048951048951,0.8951048951048951,False,True,True,True,False,0,2,0.0018863999866880476
paper_f4_logistic__uniform__n1000,paper_f4_logistic,uniform,1000,166,0.3,0.3,0.0,0.8951048951048951,0.8951048951048951,False,True,True,True,False,0,3,0.001586599973961711
paper_f4_logistic__uniform__n1000,paper_f4_logistic,uniform,1000,167,0.3,0.3,0.0,1.0,1.0,False,True,False,True,False,0,0,0.0015347999869845808
paper_f4_logistic__uniform__n1000,paper_f4_logistic,uniform,1000,168,0.3,0.3,0.0,1.0,1.0,False,True,False,True,False,0,0,0.0016805999912321568
paper_f4_logistic__uniform__n1000,paper_f4_logistic,uniform,1000,169,0.3,0.3,0.0,0.8311688311688312,0.8311688311688312,False,True,True,True,False,0,3,0.00167119997786358
paper_f4_logistic__uniform__n1000,paper_f4_logistic,uniform,1000,170,0.3,0.3,0.0,0.999000999000999,0.999000999000999,False,True,True,True,False,0,1,0.0015155000146478415
paper_f4_logistic__uniform__n1000,paper_f4_logistic,uniform,1000,171,0.3,0.3,0.0,1.0,1.0,False,True,False,True,False,0,0,0.0016432999982498586
paper_f4_logistic__uniform__n1000,paper_f4_logistic,uniform,1000,172,0.3,0.3,0.0,1.0,1.0,False,True,False,True,False,0,0,0.0016361000016331673
paper_f4_logistic__uniform__n1000,paper_f4_logistic,uniform,1000,173,0.3,0.3,0.0,0.8951048951048951,0.8951048951048951,False,True,True,True,False,0,3,0.0017263999907299876
paper_f4_logistic__uniform__n1000,paper_f4_logistic,uniform,1000,174,0.3,0.3,0.0,1.0,1.0,False,True,False,True,False,0,0,0.0017033000476658344
paper_f4_logistic__uniform__n1000,paper_f4_logistic,uniform,1000,175,0.3,0.3,0.0,0.7672327672327672,0.7672327672327672,False,True,True,True,False,0,2,0.0016347999917343259
paper_f4_logistic__uniform__n1000,paper_f4_logistic,uniform,1000,176,0.3,0.3,0.0,1.0,1.0,False,True,False,True,False,0,0,0.0015668999985791743
paper_f4_logistic__uniform__n1000,paper_f4_logistic,uniform,1000,177,0.3,0.3,0.0,0.999000999000999,0.999000999000999,False,True,True,True,False,0,2,0.0015162000199779868
paper_f4_logistic__uniform__n1000,paper_f4_logistic,uniform,1000,178,0.3,0.3,0.0,1.0,1.0,False,True,False,True,False,0,0,0.001457100035622716
paper_f4_logistic__uniform__n1000,paper_f4_logistic,uniform,1000,179,0.3,0.3,0.0,0.999000999000999,0.999000999000999,False,True,True,True,False,0,1,0.0014658999862149358
paper_f4_logistic__uniform__n1000,paper_f4_logistic,uniform,1000,180,0.3,0.3,0.0,1.0,1.0,False,True,False,True,False,0,0,0.0017458000220358372
paper_f4_logistic__uniform__n1000,paper_f4_logistic,uniform,1000,181,0.3,0.3,0.0,0.999000999000999,0.999000999000999,False,True,True,True,False,0,1,0.0018152000266127288
paper_f4_logistic__uniform__n1000,paper_f4_logistic,uniform,1000,182,0.3,0.3,0.0,0.999000999000999,0.999000999000999,False,True,True,True,False,0,2,0.0018430000054650009
paper_f4_logistic__uniform__n1000,paper_f4_logistic,uniform,1000,183,0.3,0.3,0.0,1.0,1.0,False,True,False,True,False,0,0,0.0016650999896228313
paper_f4_logistic__uniform__n1000,paper_f4_logistic,uniform,1000,184,0.3,0.3,0.0,0.999000999000999,0.999000999000999,False,True,True,True,False,0,3,0.002000399981625378
paper_f4_logistic__uniform__n1000,paper_f4_logistic,uniform,1000,185,0.3,0.3,0.0,1.0,1.0,False,True,False,True,False,0,0,0.0016956999897956848
paper_f4_logistic__uniform__n1000,paper_f4_logistic,uniform,1000,186,0.3,0.3,0.0,1.0,1.0,False,True,False,True,False,0,0,0.0020587999606505036
paper_f4_logistic__uniform__n1000,paper_f4_logistic,uniform,1000,187,0.3,0.3,0.0,0.999000999000999,0.999000999000999,False,True,True,True,False,0,2,0.0016451000119559467
paper_f4_logistic__uniform__n1000,paper_f4_logistic,uniform,1000,188,0.3,0.3,0.0,1.0,1.0,False,True,False,True,False,0,0,0.0017664999468252063
paper_f4_logistic__uniform__n1000,paper_f4_logistic,uniform,1000,189,0.3,0.3,0.0,0.9590409590409591,0.9590409590409591,False,True,True,True,False,0,3,0.0017386000254191458
paper_f4_logistic__uniform__n1000,paper_f4_logistic,uniform,1000,190,0.3,0.3,0.0,0.8951048951048951,0.8951048951048951,False,True,True,False,False,0,3,0.0015468999627046287
paper_f4_logistic__uniform__n1000,paper_f4_logistic,uniform,1000,191,0.3,0.3,0.0,1.0,1.0,False,True,False,True,False,0,0,0.0015493000391870737
paper_f4_logistic__uniform__n1000,paper_f4_logistic,uniform,1000,192,0.3,0.3,0.0,1.0,1.0,False,True,False,True,False,0,0,0.00149789999704808
paper_f4_logistic__uniform__n1000,paper_f4_logistic,uniform,1000,193,0.3,0.3,0.0,0.999000999000999,0.999000999000999,False,True,True,True,False,0,1,0.0017656999989412725
paper_f4_logistic__uniform__n1000,paper_f4_logistic,uniform,1000,194,0.3,0.3,0.0,0.999000999000999,0.999000999000999,False,True,True,True,False,0,2,0.0016272999928332865
paper_f4_logistic__uniform__n1000,paper_f4_logistic,uniform,1000,195,0.3,0.3,0.0,0.999000999000999,0.999000999000999,False,True,True,True,False,0,2,0.0014808999840170145
paper_f4_logistic__uniform__n1000,paper_f4_logistic,uniform,1000,196,0.3,0.3,0.0,1.0,1.0,False,True,False,True,False,0,0,0.0013009000103920698
paper_f4_logistic__uniform__n1000,paper_f4_logistic,uniform,1000,197,0.3,0.3,0.0,0.999000999000999,0.999000999000999,False,True,True,True,False,0,2,0.0015502999885939062
paper_f4_logistic__uniform__n1000,paper_f4_logistic,uniform,1000,198,0.3,0.3,0.0,0.999000999000999,0.999000999000999,False,True,True,True,False,0,2,0.0015015999670140445
paper_f4_logistic__uniform__n1000,paper_f4_logistic,uniform,1000,199,0.3,0.3,0.0,0.3036963036963037,0.3036963036963037,False,True,True,False,False,0,1,0.0015906000044196844
control_affine__uniform__n1000,control_affine,uniform,1000,0,0.0,1.0,0.0,1.0,1.0,False,True,False,True,False,0,0,0.001886199985165149
control_affine__uniform__n1000,control_affine,uniform,1000,1,0.0,1.0,0.0,1.0,1.0,False,True,False,True,False,0,0,0.001547000021673739
control_affine__uniform__n1000,control_affine,uniform,1000,2,0.0,1.0,0.0,1.0,1.0,False,True,False,True,False,0,0,0.0015016000252217054
control_affine__uniform__n1000,control_affine,uniform,1000,3,0.0,1.0,0.0,1.0,1.0,False,True,False,True,False,0,0,0.0013963999808765948
control_affine__uniform__n1000,control_affine,uniform,1000,4,0.0,1.0,0.0,1.0,1.0,False,True,False,True,False,0,0,0.001318400027230382
control_affine__uniform__n1000,control_affine,uniform,1000,5,0.0,1.0,0.0,1.0,1.0,False,True,False,True,False,0,0,0.0019634999916888773
control_affine__uniform__n1000,control_affine,uniform,1000,6,0.0,1.0,0.0,1.0,1.0,False,True,False,True,False,0,0,0.001523899962194264
control_affine__uniform__n1000,control_affine,uniform,1000,7,0.0,1.0,0.0,1.0,1.0,False,True,False,True,False,0,0,0.0015733999898657203
control_affine__uniform__n1000,control_affine,uniform,1000,8,0.0,1.0,0.0,1.0,1.0,False,True,False,True,False,0,0,0.0014413000317290425
control_affine__uniform__n1000,control_affine,uniform,1000,9,0.0,1.0,0.0,1.0,1.0,False,True,False,True,False,0,0,0.0014680000022053719
control_affine__uniform__n1000,control_affine,uniform,1000,10,0.0,1.0,0.0,1.0,1.0,False,True,False,True,False,0,0,0.001528099994175136
control_affine__uniform__n1000,control_affine,uniform,1000,11,0.0,1.0,0.0,1.0,1.0,False,True,False,True,False,0,0,0.0015786999720148742
control_affine__uniform__n1000,control_affine,uniform,1000,12,0.0,1.0,0.0,1.0,1.0,False,True,False,True,False,0,0,0.0015323999687097967
control_affine__uniform__n1000,control_affine,uniform,1000,13,0.0,1.0,0.0,1.0,1.0,False,True,False,True,False,0,0,0.0014097000239416957
control_affine__uniform__n1000,control_affine,uniform,1000,14,0.0,1.0,0.0,1.0,1.0,False,True,False,True,False,0,0,0.00129650003509596
control_affine__uniform__n1000,control_affine,uniform,1000,15,0.0,1.0,0.0,1.0,1.0,False,True,False,True,False,0,0,0.001380199973937124
control_affine__uniform__n1000,control_affine,uniform,1000,16,0.0,1.0,0.0,1.0,1.0,False,True,False,True,False,0,0,0.0015691000153310597
control_affine__uniform__n1000,control_affine,uniform,1000,17,0.0,1.0,0.0,1.0,1.0,False,True,False,True,False,0,0,0.0016985000111162663
control_affine__uniform__n1000,control_affine,uniform,1000,18,0.0,1.0,0.0,1.0,1.0,False,True,False,True,False,0,0,0.0015035000396892428
control_affine__uniform__n1000,control_affine,uniform,1000,19,0.0,1.0,0.0,1.0,1.0,False,True,False,True,False,0,0,0.001300599949900061
control_affine__uniform__n1000,control_affine,uniform,1000,20,0.0,1.0,0.0,1.0,1.0,False,True,False,True,False,0,0,0.0012869000202044845
control_affine__uniform__n1000,control_affine,uniform,1000,21,0.0,1.0,0.0,1.0,1.0,False,True,False,True,False,0,0,0.0013840000028721988
control_affine__uniform__n1000,control_affine,uniform,1000,22,0.0,1.0,0.0,1.0,1.0,False,True,False,True,False,0,0,0.0014818999916315079
control_affine__uniform__n1000,control_affine,uniform,1000,23,0.0,1.0,0.0,1.0,1.0,False,True,False,True,False,0,0,0.0014264000346884131
control_affine__uniform__n1000,control_affine,uniform,1000,24,0.0,1.0,0.0,1.0,1.0,False,True,False,True,False,0,0,0.0014196999836713076
control_affine__uniform__n1000,control_affine,uniform,1000,25,0.0,1.0,0.0,1.0,1.0,False,True,False,True,False,0,0,0.0014253000263124704
control_affine__uniform__n1000,control_affine,uniform,1000,26,0.0,1.0,0.0,1.0,1.0,False,True,False,True,False,0,0,0.0015453000087291002
control_affine__uniform__n1000,control_affine,uniform,1000,27,0.0,1.0,0.0,1.0,1.0,False,True,False,True,False,0,0,0.0012256999616511166
control_affine__uniform__n1000,control_affine,uniform,1000,28,0.0,1.0,0.0,1.0,1.0,False,True,False,True,False,0,0,0.0012993999989703298
control_affine__uniform__n1000,control_affine,uniform,1000,29,0.0,1.0,0.0,1.0,1.0,False,True,False,True,False,0,0,0.0013783000176772475
control_affine__uniform__n1000,control_affine,uniform,1000,30,0.0,1.0,0.0,1.0,1.0,False,True,False,True,False,0,0,0.001402400026563555
control_affine__uniform__n1000,control_affine,uniform,1000,31,0.0,1.0,0.0,1.0,1.0,False,True,False,True,False,0,0,0.0013413000269792974
control_affine__uniform__n1000,control_affine,uniform,1000,32,0.0,1.0,0.0,1.0,1.0,False,True,False,True,False,0,0,0.0012657999759539962
control_affine__uniform__n1000,control_affine,uniform,1000,33,0.0,1.0,0.0,1.0,1.0,False,True,False,True,False,0,0,0.001325199962593615
control_affine__uniform__n1000,control_affine,uniform,1000,34,0.0,1.0,0.0,1.0,1.0,False,True,False,True,False,0,0,0.0014118000399321318
control_affine__uniform__n1000,control_affine,uniform,1000,35,0.0,1.0,0.0,1.0,1.0,False,True,False,True,False,0,0,0.001299499999731779
control_affine__uniform__n1000,control_affine,uniform,1000,36,0.0,1.0,0.0,1.0,1.0,False,True,False,True,False,0,0,0.0012709000147879124
control_affine__uniform__n1000,control_affine,uniform,1000,37,0.0,1.0,0.0,1.0,1.0,False,True,False,True,False,0,0,0.0014872999745421112
control_affine__uniform__n1000,control_affine,uniform,1000,38,0.0,1.0,0.0,0.08791208791208792,0.08791208791208792,False,False,True,False,False,0,3,0.00162830000044778
control_affine__uniform__n1000,control_affine,uniform,1000,39,0.0,1.0,0.0,1.0,1.0,False,True,False,True,False,0,0,0.0015881999861449003
control_affine__uniform__n1000,control_affine,uniform,1000,40,0.0,1.0,0.0,1.0,1.0,False,True,False,True,False,0,0,0.001492600014898926
control_affine__uniform__n1000,control_affine,uniform,1000,41,0.0,1.0,0.0,1.0,1.0,False,True,False,True,False,0,0,0.0014697000151500106
control_affine__uniform__n1000,control_affine,uniform,1000,42,0.0,1.0,0.0,1.0,1.0,False,True,False,True,False,0,0,0.0013544000103138387
control_affine__uniform__n1000,control_affine,uniform,1000,43,0.0,1.0,0.0,1.0,1.0,False,True,False,True,False,0,0,0.0012886000331491232
control_affine__uniform__n1000,control_affine,uniform,1000,44,0.0,1.0,0.0,1.0,1.0,False,True,False,True,False,0,0,0.0014417999773286283
control_affine__uniform__n1000,control_affine,uniform,1000,45,0.0,1.0,0.0,1.0,1.0,False,True,False,True,False,0,0,0.0014987000031396747
control_affine__uniform__n1000,control_affine,uniform,1000,46,0.0,1.0,0.0,1.0,1.0,False,True,False,True,False,0,0,0.0013760000001639128
control_affine__uniform__n1000,control_affine,uniform,1000,47,0.0,1.0,0.05094905094905095,1.0,0.949050949050949,False,False,True,False,False,1,0,0.0014555000234395266
control_affine__uniform__n1000,control_affine,uniform,1000,48,0.0,1.0,0.0,1.0,1.0,False,True,False,True,False,0,0,0.0013590999878942966
control_affine__uniform__n1000,control_affine,uniform,1000,49,0.0,1.0,0.0,1.0,1.0,False,True,False,True,False,0,0,0.0015857999678701162
control_affine__uniform__n1000,control_affine,uniform,1000,50,0.0,1.0,0.0,1.0,1.0,False,True,False,True,False,0,0,0.0015276999911293387
control_affine__uniform__n1000,control_affine,uniform,1000,51,0.0,1.0,0.0,1.0,1.0,False,True,False,True,False,0,0,0.001421900000423193
control_affine__uniform__n1000,control_affine,uniform,1000,52,0.0,1.0,0.13086913086913088,1.0,0.8691308691308691,False,False,True,False,False,1,0,0.0015193999861367047
control_affine__uniform__n1000,control_affine,uniform,1000,53,0.0,1.0,0.0,1.0,1.0,False,True,False,True,False,0,0,0.0014099999680183828
control_affine__uniform__n1000,control_affine,uniform,1000,54,0.0,1.0,0.0,1.0,1.0,False,True,False,True,False,0,0,0.0014512999914586544
control_affine__uniform__n1000,control_affine,uniform,1000,55,0.0,1.0,0.0,1.0,1.0,False,True,False,True,False,0,0,0.001628900005016476
control_affine__uniform__n1000,control_affine,uniform,1000,56,0.0,1.0,0.0,1.0,1.0,False,True,False,True,False,0,0,0.0013756999978795648
control_affine__uniform__n1000,control_affine,uniform,1000,57,0.0,1.0,0.0,1.0,1.0,False,True,False,True,False,0,0,0.0014962999848648906
control_affine__uniform__n1000,control_affine,uniform,1000,58,0.0,1.0,0.0,1.0,1.0,False,True,False,True,False,0,0,0.0015431999927386642
control_affine__uniform__n1000,control_affine,uniform,1000,59,0.0,1.0,0.0,1.0,1.0,False,True,False,True,False,0,0,0.0013666999875567853
control_affine__uniform__n1000,control_affine,uniform,1000,60,0.0,1.0,0.5384615384615384,1.0,0.46153846153846156,False,False,True,False,False,1,0,0.0014634000253863633
control_affine__uniform__n1000,control_affine,uniform,1000,61,0.0,1.0,0.0,1.0,1.0,False,True,False,True,False,0,0,0.0018032999942079186
control_affine__uniform__n1000,control_affine,uniform,1000,62,0.0,1.0,0.0,1.0,1.0,False,True,False,True,False,0,0,0.0015758000081405044
control_affine__uniform__n1000,control_affine,uniform,1000,63,0.0,1.0,0.0,1.0,1.0,False,True,False,True,False,0,0,0.001346500008367002
control_affine__uniform__n1000,control_affine,uniform,1000,64,0.0,1.0,0.0,1.0,1.0,False,True,False,True,False,0,0,0.0015248999698087573
control_affine__uniform__n1000,control_affine,uniform,1000,65,0.0,1.0,0.0,1.0,1.0,False,True,False,True,False,0,0,0.0015501999878324568
control_affine__uniform__n1000,control_affine,uniform,1000,66,0.0,1.0,0.0,1.0,1.0,False,True,False,True,False,0,0,0.0013685000012628734
control_affine__uniform__n1000,control_affine,uniform,1000,67,0.0,1.0,0.0,1.0,1.0,False,True,False,True,False,0,0,0.0014268000377342105
control_affine__uniform__n1000,control_affine,uniform,1000,68,0.0,1.0,0.0,1.0,1.0,False,True,False,True,False,0,0,0.0015317000215873122
control_affine__uniform__n1000,control_affine,uniform,1000,69,0.0,1.0,0.0,1.0,1.0,False,True,False,True,False,0,0,0.0014469000161625445
control_affine__uniform__n1000,control_affine,uniform,1000,70,0.0,1.0,0.0,1.0,1.0,False,True,False,True,False,0,0,0.0012672999873757362
control_affine__uniform__n1000,control_affine,uniform,1000,71,0.0,1.0,0.0,1.0,1.0,False,True,False,True,False,0,0,0.0015011999639682472
control_affine__uniform__n1000,control_affine,uniform,1000,72,0.0,1.0,0.0,1.0,1.0,False,True,False,True,False,0,0,0.001608499966096133
control_affine__uniform__n1000,control_affine,uniform,1000,73,0.0,1.0,0.0,1.0,1.0,False,True,False,True,False,0,0,0.0014263000339269638
control_affine__uniform__n1000,control_affine,uniform,1000,74,0.0,1.0,0.0,1.0,1.0,False,True,False,True,False,0,0,0.0013009000103920698
control_affine__uniform__n1000,control_affine,uniform,1000,75,0.0,1.0,0.0,1.0,1.0,False,True,False,True,False,0,0,0.0012461000005714595
control_affine__uniform__n1000,control_affine,uniform,1000,76,0.0,1.0,0.0,1.0,1.0,False,True,False,True,False,0,0,0.0014521999983116984
control_affine__uniform__n1000,control_affine,uniform,1000,77,0.0,1.0,0.0,0.43656343656343655,0.43656343656343655,False,False,True,False,False,0,1,0.0015186999808065593
control_affine__uniform__n1000,control_affine,uniform,1000,78,0.0,1.0,0.0,1.0,1.0,False,True,False,True,False,0,0,0.0013205999857746065
control_affine__uniform__n1000,control_affine,uniform,1000,79,0.0,1.0,0.0,1.0,1.0,False,True,False,True,False,0,0,0.0015022999723441899
control_affine__uniform__n1000,control_affine,uniform,1000,80,0.0,1.0,0.0,1.0,1.0,False,True,False,True,False,0,0,0.001590500003658235
control_affine__uniform__n1000,control_affine,uniform,1000,81,0.0,1.0,0.0,1.0,1.0,False,True,False,True,False,0,0,0.0015418999828398228
control_affine__uniform__n1000,control_affine,uniform,1000,82,0.0,1.0,0.0,1.0,1.0,False,True,False,True,False,0,0,0.0013458000030368567
control_affine__uniform__n1000,control_affine,uniform,1000,83,0.0,1.0,0.0,1.0,1.0,False,True,False,True,False,0,0,0.0012384000001475215
control_affine__uniform__n1000,control_affine,uniform,1000,84,0.0,1.0,0.0,1.0,1.0,False,True,False,True,False,0,0,0.0012268999707885087
control_affine__uniform__n1000,control_affine,uniform,1000,85,0.0,1.0,0.0,1.0,1.0,False,True,False,True,False,0,0,0.0012362999841570854
control_affine__uniform__n1000,control_affine,uniform,1000,86,0.0,1.0,0.0,1.0,1.0,False,True,False,True,False,0,0,0.0012466000043787062
control_affine__uniform__n1000,control_affine,uniform,1000,87,0.0,1.0,0.0,1.0,1.0,False,True,False,True,False,0,0,0.001388200034853071
control_affine__uniform__n1000,control_affine,uniform,1000,88,0.0,1.0,0.0,1.0,1.0,False,True,False,True,False,0,0,0.001611500047147274
control_affine__uniform__n1000,control_affine,uniform,1000,89,0.0,1.0,0.0,1.0,1.0,False,True,False,True,False,0,0,0.0014126999885775149
control_affine__uniform__n1000,control_affine,uniform,1000,90,0.0,1.0,0.0,1.0,1.0,False,True,False,True,False,0,0,0.001337299996521324
control_affine__uniform__n1000,control_affine,uniform,1000,91,0.0,1.0,0.0,1.0,1.0,False,True,False,True,False,0,0,0.0014191999798640609
control_affine__uniform__n1000,control_affine,uniform,1000,92,0.0,1.0,0.0,1.0,1.0,False,True,False,True,False,0,0,0.001396199979353696
control_affine__uniform__n1000,control_affine,uniform,1000,93,0.0,1.0,0.0,1.0,1.0,False,True,False,True,False,0,0,0.0013256999664008617
control_affine__uniform__n1000,control_affine,uniform,1000,94,0.0,1.0,0.0,1.0,1.0,False,True,False,True,False,0,0,0.0014899999951012433
control_affine__uniform__n1000,control_affine,uniform,1000,95,0.0,1.0,0.0,1.0,1.0,False,True,False,True,False,0,0,0.0017701999749988317
control_affine__uniform__n1000,control_affine,uniform,1000,96,0.0,1.0,0.0,1.0,1.0,False,True,False,True,False,0,0,0.0016284000012092292
control_affine__uniform__n1000,control_affine,uniform,1000,97,0.0,1.0,0.0,1.0,1.0,False,True,False,True,False,0,0,0.0028668000013567507
control_affine__uniform__n1000,control_affine,uniform,1000,98,0.0,1.0,0.0,1.0,1.0,False,True,False,True,False,0,0,0.0019268000032752752
control_affine__uniform__n1000,control_affine,uniform,1000,99,0.0,1.0,0.0,1.0,1.0,False,True,False,True,False,0,0,0.0015833999495953321
control_affine__uniform__n1000,control_affine,uniform,1000,100,0.0,1.0,0.0,1.0,1.0,False,True,False,True,False,0,0,0.0019364000181667507
control_affine__uniform__n1000,control_affine,uniform,1000,101,0.0,1.0,0.0,1.0,1.0,False,True,False,True,False,0,0,0.001729800016619265
control_affine__uniform__n1000,control_affine,uniform,1000,102,0.0,1.0,0.0,1.0,1.0,False,True,False,True,False,0,0,0.001482499996200204
control_affine__uniform__n1000,control_affine,uniform,1000,103,0.0,1.0,0.0,1.0,1.0,False,True,False,True,False,0,0,0.002178099995944649
control_affine__uniform__n1000,control_affine,uniform,1000,104,0.0,1.0,0.0,0.42357642357642356,0.42357642357642356,False,False,True,False,False,0,1,0.0020785999950021505
control_affine__uniform__n1000,control_affine,uniform,1000,105,0.0,1.0,0.0,1.0,1.0,False,True,False,True,False,0,0,0.0014278999879024923
control_affine__uniform__n1000,control_affine,uniform,1000,106,0.0,1.0,0.0,1.0,1.0,False,True,False,True,False,0,0,0.0015866999747231603
control_affine__uniform__n1000,control_affine,uniform,1000,107,0.0,1.0,0.0,1.0,1.0,False,True,False,True,False,0,0,0.0014495000359602273
control_affine__uniform__n1000,control_affine,uniform,1000,108,0.0,1.0,0.0,1.0,1.0,False,True,False,True,False,0,0,0.0015431999927386642
control_affine__uniform__n1000,control_affine,uniform,1000,109,0.0,1.0,0.0,1.0,1.0,False,True,False,True,False,0,0,0.0013217999949119985
control_affine__uniform__n1000,control_affine,uniform,1000,110,0.0,1.0,0.0,1.0,1.0,False,True,False,True,False,0,0,0.001304199977312237
control_affine__uniform__n1000,control_affine,uniform,1000,111,0.0,1.0,0.0,1.0,1.0,False,True,False,True,False,0,0,0.001159599982202053
control_affine__uniform__n1000,control_affine,uniform,1000,112,0.0,1.0,0.0,1.0,1.0,False,True,False,True,False,0,0,0.0011968000326305628
control_affine__uniform__n1000,control_affine,uniform,1000,113,0.0,1.0,0.0,1.0,1.0,False,True,False,True,False,0,0,0.0017906000139191747
control_affine__uniform__n1000,control_affine,uniform,1000,114,0.0,1.0,0.0,0.8671328671328671,0.8671328671328671,False,False,True,False,False,0,1,0.0017639999859966338
control_affine__uniform__n1000,control_affine,uniform,1000,115,0.0,1.0,0.0,1.0,1.0,False,True,False,True,False,0,0,0.0016009000246413052
control_affine__uniform__n1000,control_affine,uniform,1000,116,0.0,1.0,0.0,1.0,1.0,False,True,False,True,False,0,0,0.0012666999828070402
control_affine__uniform__n1000,control_affine,uniform,1000,117,0.0,1.0,0.0,1.0,1.0,False,True,False,True,False,0,0,0.0012891999795101583
control_affine__uniform__n1000,control_affine,uniform,1000,118,0.0,1.0,0.0,1.0,1.0,False,True,False,True,False,0,0,0.0012560999603010714
control_affine__uniform__n1000,control_affine,uniform,1000,119,0.0,1.0,0.0,1.0,1.0,False,True,False,True,False,0,0,0.0012106999638490379
control_affine__uniform__n1000,control_affine,uniform,1000,120,0.0,1.0,0.0,1.0,1.0,False,True,False,True,False,0,0,0.0015914999530650675
control_affine__uniform__n1000,control_affine,uniform,1000,121,0.0,1.0,0.0,1.0,1.0,False,True,False,True,False,0,0,0.00151709996862337
control_affine__uniform__n1000,control_affine,uniform,1000,122,0.0,1.0,0.0,1.0,1.0,False,True,False,True,False,0,0,0.001671499980147928
control_affine__uniform__n1000,control_affine,uniform,1000,123,0.0,1.0,0.0,1.0,1.0,False,True,False,True,False,0,0,0.0015687000122852623
control_affine__uniform__n1000,control_affine,uniform,1000,124,0.0,1.0,0.0,1.0,1.0,False,True,False,True,False,0,0,0.0017095999792218208
control_affine__uniform__n1000,control_affine,uniform,1000,125,0.0,1.0,0.0,1.0,1.0,False,True,False,True,False,0,0,0.0017507000011391938
control_affine__uniform__n1000,control_affine,uniform,1000,126,0.0,1.0,0.0,1.0,1.0,False,True,False,True,False,0,0,0.0015247000264935195
control_affine__uniform__n1000,control_affine,uniform,1000,127,0.0,1.0,0.0,1.0,1.0,False,True,False,True,False,0,0,0.0013632999616675079
control_affine__uniform__n1000,control_affine,uniform,1000,128,0.0,1.0,0.0,1.0,1.0,False,True,False,True,False,0,0,0.0014717000303789973
control_affine__uniform__n1000,control_affine,uniform,1000,129,0.0,1.0,0.0,1.0,1.0,False,True,False,True,False,0,0,0.001355400017928332
control_affine__uniform__n1000,control_affine,uniform,1000,130,0.0,1.0,0.0,1.0,1.0,False,True,False,True,False,0,0,0.0014825999969616532
control_affine__uniform__n1000,control_affine,uniform,1000,131,0.0,1.0,0.026973026973026972,1.0,0.973026973026973,False,False,True,False,False,2,0,0.00163870002143085
control_affine__uniform__n1000,control_affine,uniform,1000,132,0.0,1.0,0.0,1.0,1.0,False,True,False,True,False,0,0,0.0015648999833501875
control_affine__uniform__n1000,control_affine,uniform,1000,133,0.0,1.0,0.0,1.0,1.0,False,True,False,True,False,0,0,0.0017317000310868025
control_affine__uniform__n1000,control_affine,uniform,1000,134,0.0,1.0,0.0,1.0,1.0,False,True,False,True,False,0,0,0.0017695999704301357
control_affine__uniform__n1000,control_affine,uniform,1000,135,0.0,1.0,0.0,1.0,1.0,False,True,False,True,False,0,0,0.0015485999756492674
control_affine__uniform__n1000,control_affine,uniform,1000,136,0.0,1.0,0.0,1.0,1.0,False,True,False,True,False,0,0,0.0016062000067904592
control_affine__uniform__n1000,control_affine,uniform,1000,137,0.0,1.0,0.0,1.0,1.0,False,True,False,True,False,0,0,0.0014945999719202518
control_affine__uniform__n1000,control_affine,uniform,1000,138,0.0,1.0,0.0,1.0,1.0,False,True,False,True,False,0,0,0.0012392000062391162
control_affine__uniform__n1000,control_affine,uniform,1000,139,0.0,1.0,0.0,1.0,1.0,False,True,False,True,False,0,0,0.0012939999578520656
control_affine__uniform__n1000,control_affine,uniform,1000,140,0.0,1.0,0.0,1.0,1.0,False,True,False,True,False,0,0,0.0012843000004068017
control_affine__uniform__n1000,control_affine,uniform,1000,141,0.0,1.0,0.0,1.0,1.0,False,True,False,True,False,0,0,0.001303299970459193
control_affine__uniform__n1000,control_affine,uniform,1000,142,0.0,1.0,0.0,1.0,1.0,False,True,False,True,False,0,0,0.001319299975875765
control_affine__uniform__n1000,control_affine,uniform,1000,143,0.0,1.0,0.0,1.0,1.0,False,True,False,True,False,0,0,0.001229099987540394
control_affine__uniform__n1000,control_affine,uniform,1000,144,0.0,1.0,0.0,0.03996003996003996,0.03996003996003996,False,False,True,False,False,0,1,0.0013344999752007425
control_affine__uniform__n1000,control_affine,uniform,1000,145,0.0,1.0,0.0,1.0,1.0,False,True,False,True,False,0,0,0.0015075999544933438
control_affine__uniform__n1000,control_affine,uniform,1000,146,0.0,1.0,0.0,1.0,1.0,False,True,False,True,False,0,0,0.0016284000012092292
control_affine__uniform__n1000,control_affine,uniform,1000,147,0.0,1.0,0.0,1.0,1.0,False,True,False,True,False,0,0,0.001453199947718531
control_affine__uniform__n1000,control_affine,uniform,1000,148,0.0,1.0,0.0,1.0,1.0,False,True,False,True,False,0,0,0.0016938000335358083
control_affine__uniform__n1000,control_affine,uniform,1000,149,0.0,1.0,0.0,1.0,1.0,False,True,False,True,False,0,0,0.001386100018862635
control_affine__uniform__n1000,control_affine,uniform,1000,150,0.0,1.0,0.0,1.0,1.0,False,True,False,True,False,0,0,0.0013660999829880893
control_affine__uniform__n1000,control_affine,uniform,1000,151,0.0,1.0,0.0,1.0,1.0,False,True,False,True,False,0,0,0.0015190999838523567
control_affine__uniform__n1000,control_affine,uniform,1000,152,0.0,1.0,0.0,1.0,1.0,False,True,False,True,False,0,0,0.0013874999713152647
control_affine__uniform__n1000,control_affine,uniform,1000,153,0.0,1.0,0.0,1.0,1.0,False,True,False,True,False,0,0,0.001234100025612861
control_affine__uniform__n1000,control_affine,uniform,1000,154,0.0,1.0,0.0,1.0,1.0,False,True,False,True,False,0,0,0.0013265999732539058
control_affine__uniform__n1000,control_affine,uniform,1000,155,0.0,1.0,0.6153846153846154,0.6213786213786214,0.005994005994006013,False,False,True,False,False,1,1,0.0012895999825559556
control_affine__uniform__n1000,control_affine,uniform,1000,156,0.0,1.0,0.0,0.967032967032967,0.967032967032967,False,False,True,False,False,0,1,0.001338500005658716
control_affine__uniform__n1000,control_affine,uniform,1000,157,0.0,1.0,0.0,1.0,1.0,False,True,False,True,False,0,0,0.0016138000064529479
control_affine__uniform__n1000,control_affine,uniform,1000,158,0.0,1.0,0.0,1.0,1.0,False,True,False,True,False,0,0,0.0015623000217601657
control_affine__uniform__n1000,control_affine,uniform,1000,159,0.0,1.0,0.0,1.0,1.0,False,True,False,True,False,0,0,0.0014704999630339444
control_affine__uniform__n1000,control_affine,uniform,1000,160,0.0,1.0,0.0,1.0,1.0,False,True,False,True,False,0,0,0.0014341999776661396
control_affine__uniform__n1000,control_affine,uniform,1000,161,0.0,1.0,0.0,1.0,1.0,False,True,False,True,False,0,0,0.0015077999560162425
control_affine__uniform__n1000,control_affine,uniform,1000,162,0.0,1.0,0.0,1.0,1.0,False,True,False,True,False,0,0,0.0014408000279217958
control_affine__uniform__n1000,control_affine,uniform,1000,163,0.0,1.0,0.0,1.0,1.0,False,True,False,True,False,0,0,0.0015008000191301107
control_affine__uniform__n1000,control_affine,uniform,1000,164,0.0,1.0,0.0,1.0,1.0,False,True,False,True,False,0,0,0.0013362999889068305
control_affine__uniform__n1000,control_affine,uniform,1000,165,0.0,1.0,0.0,1.0,1.0,False,True,False,True,False,0,0,0.001321400050073862
control_affine__uniform__n1000,control_affine,uniform,1000,166,0.0,1.0,0.0,1.0,1.0,False,True,False,True,False,0,0,0.0014401000225916505
control_affine__uniform__n1000,control_affine,uniform,1000,167,0.0,1.0,0.0,1.0,1.0,False,True,False,True,False,0,0,0.0012809999752789736
control_affine__uniform__n1000,control_affine,uniform,1000,168,0.0,1.0,0.0,1.0,1.0,False,True,False,True,False,0,0,0.0015306000132113695
control_affine__uniform__n1000,control_affine,uniform,1000,169,0.0,1.0,0.0,1.0,1.0,False,True,False,True,False,0,0,0.0015381000121124089
control_affine__uniform__n1000,control_affine,uniform,1000,170,0.0,1.0,0.0,1.0,1.0,False,True,False,True,False,0,0,0.001500600017607212
control_affine__uniform__n1000,control_affine,uniform,1000,171,0.0,1.0,0.0,1.0,1.0,False,True,False,True,False,0,0,0.0014569000340998173
control_affine__uniform__n1000,control_affine,uniform,1000,172,0.0,1.0,0.0,1.0,1.0,False,True,False,True,False,0,0,0.0016626999713480473
control_affine__uniform__n1000,control_affine,uniform,1000,173,0.0,1.0,0.0,1.0,1.0,False,True,False,True,False,0,0,0.0014769999543204904
control_affine__uniform__n1000,control_affine,uniform,1000,174,0.0,1.0,0.0,1.0,1.0,False,True,False,True,False,0,0,0.0012843000004068017
control_affine__uniform__n1000,control_affine,uniform,1000,175,0.0,1.0,0.0,1.0,1.0,False,True,False,True,False,0,0,0.00148020003689453
control_affine__uniform__n1000,control_affine,uniform,1000,176,0.0,1.0,0.0,1.0,1.0,False,True,False,True,False,0,0,0.0014944999711588025
control_affine__uniform__n1000,control_affine,uniform,1000,177,0.0,1.0,0.0,1.0,1.0,False,True,False,True,False,0,0,0.0014964000438340008
control_affine__uniform__n1000,control_affine,uniform,1000,178,0.0,1.0,0.0,1.0,1.0,False,True,False,True,False,0,0,0.0023176000104285777
control_affine__uniform__n1000,control_affine,uniform,1000,179,0.0,1.0,0.0,1.0,1.0,False,True,False,True,False,0,0,0.001568600011523813
control_affine__uniform__n1000,control_affine,uniform,1000,180,0.0,1.0,0.0,1.0,1.0,False,True,False,True,False,0,0,0.0017377000185661018
control_affine__uniform__n1000,control_affine,uniform,1000,181,0.0,1.0,0.0,1.0,1.0,False,True,False,True,False,0,0,0.0015146000077947974
control_affine__uniform__n1000,control_affine,uniform,1000,182,0.0,1.0,0.0,1.0,1.0,False,True,False,True,False,0,0,0.0015235000173561275
control_affine__uniform__n1000,control_affine,uniform,1000,183,0.0,1.0,0.0,1.0,1.0,False,True,False,True,False,0,0,0.0014714000280946493
control_affine__uniform__n1000,control_affine,uniform,1000,184,0.0,1.0,0.0,1.0,1.0,False,True,False,True,False,0,0,0.0014290999970398843
control_affine__uniform__n1000,control_affine,uniform,1000,185,0.0,1.0,0.0,1.0,1.0,False,True,False,True,False,0,0,0.0013919000048190355
control_affine__uniform__n1000,control_affine,uniform,1000,186,0.0,1.0,0.0,1.0,1.0,False,True,False,True,False,0,0,0.0013345999759621918
control_affine__uniform__n1000,control_affine,uniform,1000,187,0.0,1.0,0.0,1.0,1.0,False,True,False,True,False,0,0,0.0015170000260695815
control_affine__uniform__n1000,control_affine,uniform,1000,188,0.0,1.0,0.0,0.5564435564435565,0.5564435564435565,False,False,True,False,False,0,1,0.0015511999954469502
control_affine__uniform__n1000,control_affine,uniform,1000,189,0.0,1.0,0.0,1.0,1.0,False,True,False,True,False,0,0,0.001528399996459484
control_affine__uniform__n1000,control_affine,uniform,1000,190,0.0,1.0,0.0,1.0,1.0,False,True,False,True,False,0,0,0.0015653999871574342
control_affine__uniform__n1000,control_affine,uniform,1000,191,0.0,1.0,0.0,1.0,1.0,False,True,False,True,False,0,0,0.0016582999960519373
control_affine__uniform__n1000,control_affine,uniform,1000,192,0.0,1.0,0.0,1.0,1.0,False,True,False,True,False,0,0,0.0016561000375077128
control_affine__uniform__n1000,control_affine,uniform,1000,193,0.0,1.0,0.0,1.0,1.0,False,True,False,True,False,0,0,0.001442600041627884
control_affine__uniform__n1000,control_affine,uniform,1000,194,0.0,1.0,0.0,1.0,1.0,False,True,False,True,False,0,0,0.0013438999885693192
control_affine__uniform__n1000,control_affine,uniform,1000,195,0.0,1.0,0.0,1.0,1.0,False,True,False,True,False,0,0,0.0012587999808602035
control_affine__uniform__n1000,control_affine,uniform,1000,196,0.0,1.0,0.0,1.0,1.0,False,True,False,True,False,0,0,0.0012585999793373048
control_affine__uniform__n1000,control_affine,uniform,1000,197,0.0,1.0,0.0,1.0,1.0,False,True,False,True,False,0,0,0.0013736000400967896
control_affine__uniform__n1000,control_affine,uniform,1000,198,0.0,1.0,0.0,1.0,1.0,False,True,False,True,False,0,0,0.0015569000388495624
control_affine__uniform__n1000,control_affine,uniform,1000,199,0.0,1.0,0.0,1.0,1.0,False,True,False,True,False,0,0,0.001700200024060905
control_convex__uniform__n1000,control_convex,uniform,1000,0,1.0,1.0,0.4245754245754246,1.0,0.5754245754245755,False,True,True,True,False,15,0,0.0016701999702490866
control_convex__uniform__n1000,control_convex,uniform,1000,1,1.0,1.0,0.5124875124875125,1.0,0.48751248751248755,False,True,True,True,False,16,0,0.0015759000089019537
control_convex__uniform__n1000,control_convex,uniform,1000,2,1.0,1.0,0.4245754245754246,1.0,0.5754245754245755,False,True,True,True,False,15,0,0.0016256000380963087
control_convex__uniform__n1000,control_convex,uniform,1000,3,1.0,1.0,0.4245754245754246,1.0,0.5754245754245755,False,True,True,False,False,15,0,0.0015623000217601657
control_convex__uniform__n1000,control_convex,uniform,1000,4,1.0,1.0,0.4245754245754246,1.0,0.5754245754245755,False,True,True,True,False,14,0,0.0019161999807693064
control_convex__uniform__n1000,control_convex,uniform,1000,5,1.0,1.0,0.4245754245754246,1.0,0.5754245754245755,False,True,True,True,False,14,0,0.001489599992055446
control_convex__uniform__n1000,control_convex,uniform,1000,6,1.0,1.0,0.4245754245754246,1.0,0.5754245754245755,False,True,True,True,False,15,0,0.00130390003323555
control_convex__uniform__n1000,control_convex,uniform,1000,7,1.0,1.0,0.4245754245754246,1.0,0.5754245754245755,False,True,True,True,False,15,0,0.0013833999983035028
control_convex__uniform__n1000,control_convex,uniform,1000,8,1.0,1.0,0.4245754245754246,1.0,0.5754245754245755,False,True,True,True,False,14,0,0.0014276000438258052
control_convex__uniform__n1000,control_convex,uniform,1000,9,1.0,1.0,0.4245754245754246,1.0,0.5754245754245755,False,True,True,True,False,14,0,0.0015304000116884708
control_convex__uniform__n1000,control_convex,uniform,1000,10,1.0,1.0,0.4245754245754246,1.0,0.5754245754245755,False,True,True,True,False,14,0,0.001602899981662631
control_convex__uniform__n1000,control_convex,uniform,1000,11,1.0,1.0,0.5124875124875125,1.0,0.48751248751248755,False,True,True,True,False,15,0,0.0014835999463684857
control_convex__uniform__n1000,control_convex,uniform,1000,12,1.0,1.0,0.4245754245754246,1.0,0.5754245754245755,False,True,True,True,False,14,0,0.0018149999668821692
control_convex__uniform__n1000,control_convex,uniform,1000,13,1.0,1.0,0.6163836163836164,1.0,0.3836163836163836,False,True,True,True,False,15,0,0.001497599994763732
control_convex__uniform__n1000,control_convex,uniform,1000,14,1.0,1.0,0.5124875124875125,1.0,0.48751248751248755,False,True,True,True,False,15,0,0.0015483000315725803
control_convex__uniform__n1000,control_convex,uniform,1000,15,1.0,1.0,0.4245754245754246,1.0,0.5754245754245755,False,True,True,True,False,14,0,0.0014177999692037702
control_convex__uniform__n1000,control_convex,uniform,1000,16,1.0,1.0,0.4245754245754246,1.0,0.5754245754245755,False,True,True,True,False,14,0,0.0013826999929733574
control_convex__uniform__n1000,control_convex,uniform,1000,17,1.0,1.0,0.4245754245754246,1.0,0.5754245754245755,False,True,True,True,False,14,0,0.0014114999794401228
control_convex__uniform__n1000,control_convex,uniform,1000,18,1.0,1.0,0.4245754245754246,1.0,0.5754245754245755,False,True,True,True,False,14,0,0.001390000048559159
control_convex__uniform__n1000,control_convex,uniform,1000,19,1.0,1.0,0.4245754245754246,1.0,0.5754245754245755,False,True,True,True,False,14,0,0.0015356999938376248
control_convex__uniform__n1000,control_convex,uniform,1000,20,1.0,1.0,0.4245754245754246,1.0,0.5754245754245755,False,True,True,True,False,15,0,0.001678000029642135
control_convex__uniform__n1000,control_convex,uniform,1000,21,1.0,1.0,0.4245754245754246,1.0,0.5754245754245755,False,True,True,True,False,14,0,0.0016320000286214054
control_convex__uniform__n1000,control_convex,uniform,1000,22,1.0,1.0,0.4245754245754246,1.0,0.5754245754245755,False,True,True,True,False,17,0,0.0018780999816954136
control_convex__uniform__n1000,control_convex,uniform,1000,23,1.0,1.0,0.4245754245754246,1.0,0.5754245754245755,False,True,True,True,False,14,0,0.001581299991812557
control_convex__uniform__n1000,control_convex,uniform,1000,24,1.0,1.0,0.4485514485514486,0.1038961038961039,nan,True,False,False,False,False,16,1,0.0016696000238880515
control_convex__uniform__n1000,control_convex,uniform,1000,25,1.0,1.0,0.4245754245754246,1.0,0.5754245754245755,False,True,True,True,False,16,0,0.0016706999740563333
control_convex__uniform__n1000,control_convex,uniform,1000,26,1.0,1.0,0.4245754245754246,1.0,0.5754245754245755,False,True,True,True,False,14,0,0.0013986999983899295
control_convex__uniform__n1000,control_convex,uniform,1000,27,1.0,1.0,0.4245754245754246,1.0,0.5754245754245755,False,True,True,True,False,14,0,0.0014613000093959272
control_convex__uniform__n1000,control_convex,uniform,1000,28,1.0,1.0,0.4245754245754246,0.1258741258741259,nan,True,False,False,False,False,16,1,0.0017305000219494104
control_convex__uniform__n1000,control_convex,uniform,1000,29,1.0,1.0,0.4245754245754246,1.0,0.5754245754245755,False,True,True,True,False,14,0,0.0016903000068850815
control_convex__uniform__n1000,control_convex,uniform,1000,30,1.0,1.0,0.4245754245754246,1.0,0.5754245754245755,False,True,True,True,False,14,0,0.0014896999928168952
control_convex__uniform__n1000,control_convex,uniform,1000,31,1.0,1.0,0.4245754245754246,1.0,0.5754245754245755,False,True,True,True,False,16,0,0.0013838000013493001
control_convex__uniform__n1000,control_convex,uniform,1000,32,1.0,1.0,0.5124875124875125,1.0,0.48751248751248755,False,True,True,True,False,15,0,0.0014954999787732959
control_convex__uniform__n1000,control_convex,uniform,1000,33,1.0,1.0,0.4245754245754246,1.0,0.5754245754245755,False,True,True,True,False,14,0,0.0014509999891743064
control_convex__uniform__n1000,control_convex,uniform,1000,34,1.0,1.0,0.4245754245754246,1.0,0.5754245754245755,False,True,True,True,False,14,0,0.0015837999526411295
control_convex__uniform__n1000,control_convex,uniform,1000,35,1.0,1.0,0.4245754245754246,1.0,0.5754245754245755,False,True,True,True,False,15,0,0.0018919999711215496
control_convex__uniform__n1000,control_convex,uniform,1000,36,1.0,1.0,0.4245754245754246,1.0,0.5754245754245755,False,True,True,True,False,14,0,0.0016638999804854393
control_convex__uniform__n1000,control_convex,uniform,1000,37,1.0,1.0,0.4245754245754246,1.0,0.5754245754245755,False,True,True,True,False,14,0,0.001711699995212257
control_convex__uniform__n1000,control_convex,uniform,1000,38,1.0,1.0,0.4245754245754246,1.0,0.5754245754245755,False,True,True,True,False,15,0,0.0015690999571233988
control_convex__uniform__n1000,control_convex,uniform,1000,39,1.0,1.0,0.4245754245754246,1.0,0.5754245754245755,False,True,True,True,False,14,0,0.0014648999786004424
control_convex__uniform__n1000,control_convex,uniform,1000,40,1.0,1.0,0.6163836163836164,1.0,0.3836163836163836,False,True,True,True,False,15,0,0.0013468999532051384
control_convex__uniform__n1000,control_convex,uniform,1000,41,1.0,1.0,0.4245754245754246,1.0,0.5754245754245755,False,True,True,True,False,14,0,0.0013210999895818532
control_convex__uniform__n1000,control_convex,uniform,1000,42,1.0,1.0,0.4245754245754246,1.0,0.5754245754245755,False,True,True,True,False,14,0,0.0016162999672815204
control_convex__uniform__n1000,control_convex,uniform,1000,43,1.0,1.0,0.6163836163836164,1.0,0.3836163836163836,False,True,True,True,False,15,0,0.0014994999510236084
control_convex__uniform__n1000,control_convex,uniform,1000,44,1.0,1.0,0.4245754245754246,1.0,0.5754245754245755,False,True,True,True,False,16,0,0.0014319999609142542
control_convex__uniform__n1000,control_convex,uniform,1000,45,1.0,1.0,0.4245754245754246,1.0,0.5754245754245755,False,True,True,True,False,14,0,0.001741899992339313
control_convex__uniform__n1000,control_convex,uniform,1000,46,1.0,1.0,0.4245754245754246,1.0,0.5754245754245755,False,True,True,True,False,14,0,0.0016568999853916466
control_convex__uniform__n1000,control_convex,uniform,1000,47,1.0,1.0,0.4245754245754246,1.0,0.5754245754245755,False,True,True,True,False,14,0,0.0015907000051811337
control_convex__uniform__n1000,control_convex,uniform,1000,48,1.0,1.0,0.4245754245754246,1.0,0.5754245754245755,False,True,True,True,False,14,0,0.0015766999567858875
control_convex__uniform__n1000,control_convex,uniform,1000,49,1.0,1.0,0.4245754245754246,1.0,0.5754245754245755,False,True,True,True,False,14,0,0.0015480999718420208
control_convex__uniform__n1000,control_convex,uniform,1000,50,1.0,1.0,0.5124875124875125,1.0,0.48751248751248755,False,True,True,True,False,16,0,0.0014702000189572573
control_convex__uniform__n1000,control_convex,uniform,1000,51,1.0,1.0,0.4245754245754246,1.0,0.5754245754245755,False,True,True,True,False,14,0,0.0016990999574773014
control_convex__uniform__n1000,control_convex,uniform,1000,52,1.0,1.0,0.5124875124875125,1.0,0.48751248751248755,False,True,True,True,False,16,0,0.0016727999900467694
control_convex__uniform__n1000,control_convex,uniform,1000,53,1.0,1.0,0.4245754245754246,1.0,0.5754245754245755,False,True,True,True,False,14,0,0.0014913000050000846
control_convex__uniform__n1000,control_convex,uniform,1000,54,1.0,1.0,0.4245754245754246,1.0,0.5754245754245755,False,True,True,True,False,14,0,0.0017692999681457877
control_convex__uniform__n1000,control_convex,uniform,1000,55,1.0,1.0,0.4245754245754246,1.0,0.5754245754245755,False,True,True,True,False,14,0,0.0014540000120177865
control_convex__uniform__n1000,control_convex,uniform,1000,56,1.0,1.0,0.4245754245754246,1.0,0.5754245754245755,False,True,True,True,False,14,0,0.0014887999859638512
control_convex__uniform__n1000,control_convex,uniform,1000,57,1.0,1.0,0.5764235764235764,0.8471528471528471,0.27072927072927067,False,False,True,False,False,16,1,0.0015202999929897487
control_convex__uniform__n1000,control_convex,uniform,1000,58,1.0,1.0,0.4245754245754246,1.0,0.5754245754245755,False,True,True,True,False,14,0,0.001397100044414401
control_convex__uniform__n1000,control_convex,uniform,1000,59,1.0,1.0,0.4245754245754246,1.0,0.5754245754245755,False,True,True,True,False,14,0,0.0013601999962702394
control_convex__uniform__n1000,control_convex,uniform,1000,60,1.0,1.0,0.6163836163836164,1.0,0.3836163836163836,False,True,True,True,False,15,0,0.0012811000342480838
control_convex__uniform__n1000,control_convex,uniform,1000,61,1.0,1.0,0.4245754245754246,1.0,0.5754245754245755,False,True,True,True,False,14,0,0.0013060999917797744
control_convex__uniform__n1000,control_convex,uniform,1000,62,1.0,1.0,0.4245754245754246,1.0,0.5754245754245755,False,True,True,True,False,14,0,0.0013783000176772475
control_convex__uniform__n1000,control_convex,uniform,1000,63,1.0,1.0,0.4245754245754246,1.0,0.5754245754245755,False,True,True,True,False,14,0,0.001444699999410659
control_convex__uniform__n1000,control_convex,uniform,1000,64,1.0,1.0,0.4245754245754246,1.0,0.5754245754245755,False,True,True,True,False,14,0,0.0014619999565184116
control_convex__uniform__n1000,control_convex,uniform,1000,65,1.0,1.0,0.4245754245754246,0.03996003996003996,nan,True,False,False,False,False,14,1,0.001967000018339604
control_convex__uniform__n1000,control_convex,uniform,1000,66,1.0,1.0,0.4245754245754246,1.0,0.5754245754245755,False,True,True,True,False,14,0,0.0014180999714881182
control_convex__uniform__n1000,control_convex,uniform,1000,67,1.0,1.0,0.4245754245754246,1.0,0.5754245754245755,False,True,True,True,False,15,0,0.0015925000188872218
control_convex__uniform__n1000,control_convex,uniform,1000,68,1.0,1.0,0.4245754245754246,1.0,0.5754245754245755,False,True,True,True,False,15,0,0.0015048000495880842
control_convex__uniform__n1000,control_convex,uniform,1000,69,1.0,1.0,0.4245754245754246,1.0,0.5754245754245755,False,True,True,True,False,14,0,0.002021099964622408
control_convex__uniform__n1000,control_convex,uniform,1000,70,1.0,1.0,0.4245754245754246,1.0,0.5754245754245755,False,True,True,True,False,14,0,0.001418100029695779
control_convex__uniform__n1000,control_convex,uniform,1000,71,1.0,1.0,0.4245754245754246,1.0,0.5754245754245755,False,True,True,True,False,15,0,0.0014616000116802752
control_convex__uniform__n1000,control_convex,uniform,1000,72,1.0,1.0,0.4245754245754246,1.0,0.5754245754245755,False,True,True,True,False,14,0,0.001517399970907718
control_convex__uniform__n1000,control_convex,uniform,1000,73,1.0,1.0,0.4245754245754246,1.0,0.5754245754245755,False,True,True,True,False,14,0,0.0014743999927304685
control_convex__uniform__n1000,control_convex,uniform,1000,74,1.0,1.0,0.4245754245754246,1.0,0.5754245754245755,False,True,True,True,False,14,0,0.001394700026139617
control_convex__uniform__n1000,control_convex,uniform,1000,75,1.0,1.0,0.4245754245754246,1.0,0.5754245754245755,False,True,True,True,False,15,0,0.0012889000354334712
control_convex__uniform__n1000,control_convex,uniform,1000,76,1.0,1.0,0.4245754245754246,1.0,0.5754245754245755,False,True,True,True,False,14,0,0.0012962999753654003
control_convex__uniform__n1000,control_convex,uniform,1000,77,1.0,1.0,0.4245754245754246,1.0,0.5754245754245755,False,True,True,True,False,14,0,0.0012945000198669732
control_convex__uniform__n1000,control_convex,uniform,1000,78,1.0,1.0,0.4245754245754246,1.0,0.5754245754245755,False,True,True,True,False,14,0,0.0015546000213362277
control_convex__uniform__n1000,control_convex,uniform,1000,79,1.0,1.0,0.4245754245754246,0.5574425574425574,0.13286713286713286,False,False,True,False,False,14,1,0.0014806999824941158
control_convex__uniform__n1000,control_convex,uniform,1000,80,1.0,1.0,0.4245754245754246,1.0,0.5754245754245755,False,True,True,True,False,14,0,0.001399700006004423
control_convex__uniform__n1000,control_convex,uniform,1000,81,1.0,1.0,0.4245754245754246,1.0,0.5754245754245755,False,True,True,True,False,16,0,0.0013655999791808426
control_convex__uniform__n1000,control_convex,uniform,1000,82,1.0,1.0,0.4245754245754246,1.0,0.5754245754245755,False,True,True,True,False,14,0,0.0014233999536372721
control_convex__uniform__n1000,control_convex,uniform,1000,83,1.0,1.0,0.4245754245754246,1.0,0.5754245754245755,False,True,True,True,False,14,0,0.0014124999870546162
control_convex__uniform__n1000,control_convex,uniform,1000,84,1.0,1.0,0.4245754245754246,1.0,0.5754245754245755,False,True,True,True,False,15,0,0.0014109999756328762
control_convex__uniform__n1000,control_convex,uniform,1000,85,1.0,1.0,0.4245754245754246,1.0,0.5754245754245755,False,True,True,True,False,14,0,0.0014110999763943255
control_convex__uniform__n1000,control_convex,uniform,1000,86,1.0,1.0,0.6163836163836164,1.0,0.3836163836163836,False,True,True,True,False,15,0,0.0013556000194512308
control_convex__uniform__n1000,control_convex,uniform,1000,87,1.0,1.0,0.4245754245754246,1.0,0.5754245754245755,False,True,True,True,False,14,0,0.0013865999644622207
control_convex__uniform__n1000,control_convex,uniform,1000,88,1.0,1.0,0.5124875124875125,1.0,0.48751248751248755,False,True,True,True,False,15,0,0.00164309999672696
control_convex__uniform__n1000,control_convex,uniform,1000,89,1.0,1.0,0.5124875124875125,1.0,0.48751248751248755,False,True,True,True,False,16,0,0.0015492999809794128
control_convex__uniform__n1000,control_convex,uniform,1000,90,1.0,1.0,0.4245754245754246,1.0,0.5754245754245755,False,True,True,True,False,14,0,0.001379899971652776
control_convex__uniform__n1000,control_convex,uniform,1000,91,1.0,1.0,0.5124875124875125,1.0,0.48751248751248755,False,True,True,True,False,16,0,0.0013953999732621014
control_convex__uniform__n1000,control_convex,uniform,1000,92,1.0,1.0,0.4245754245754246,1.0,0.5754245754245755,False,True,True,True,False,14,0,0.0013919000048190355
control_convex__uniform__n1000,control_convex,uniform,1000,93,1.0,1.0,0.4245754245754246,1.0,0.5754245754245755,False,True,True,True,False,15,0,0.0014168999623507261
control_convex__uniform__n1000,control_convex,uniform,1000,94,1.0,1.0,0.4245754245754246,1.0,0.5754245754245755,False,True,True,True,False,14,0,0.001357999979518354
control_convex__uniform__n1000,control_convex,uniform,1000,95,1.0,1.0,0.4245754245754246,1.0,0.5754245754245755,False,True,True,True,False,14,0,0.0014381000073626637
control_convex__uniform__n1000,control_convex,uniform,1000,96,1.0,1.0,0.4245754245754246,1.0,0.5754245754245755,False,True,True,True,False,14,0,0.0012946000206284225
control_convex__uniform__n1000,control_convex,uniform,1000,97,1.0,1.0,0.4245754245754246,1.0,0.5754245754245755,False,True,True,True,False,14,0,0.001402399968355894
control_convex__uniform__n1000,control_convex,uniform,1000,98,1.0,1.0,0.4245754245754246,1.0,0.5754245754245755,False,True,True,True,False,14,0,0.0015015999670140445
control_convex__uniform__n1000,control_convex,uniform,1000,99,1.0,1.0,0.4245754245754246,1.0,0.5754245754245755,False,True,True,True,False,14,0,0.001552300003822893
control_convex__uniform__n1000,control_convex,uniform,1000,100,1.0,1.0,0.4245754245754246,1.0,0.5754245754245755,False,True,True,True,False,14,0,0.001782999956049025
control_convex__uniform__n1000,control_convex,uniform,1000,101,1.0,1.0,0.4245754245754246,1.0,0.5754245754245755,False,True,True,True,False,14,0,0.001344699994660914
control_convex__uniform__n1000,control_convex,uniform,1000,102,1.0,1.0,0.4245754245754246,1.0,0.5754245754245755,False,True,True,True,False,14,0,0.001394700026139617
control_convex__uniform__n1000,control_convex,uniform,1000,103,1.0,1.0,0.4245754245754246,1.0,0.5754245754245755,False,True,True,True,False,14,0,0.0013109000283293426
control_convex__uniform__n1000,control_convex,uniform,1000,104,1.0,1.0,0.4245754245754246,1.0,0.5754245754245755,False,True,True,True,False,14,0,0.0012732000323012471
control_convex__uniform__n1000,control_convex,uniform,1000,105,1.0,1.0,0.4245754245754246,1.0,0.5754245754245755,False,True,True,True,False,18,0,0.0013043999788351357
control_convex__uniform__n1000,control_convex,uniform,1000,106,1.0,1.0,0.4245754245754246,1.0,0.5754245754245755,False,True,True,True,False,15,0,0.0011989999911747873
control_convex__uniform__n1000,control_convex,uniform,1000,107,1.0,1.0,0.4245754245754246,1.0,0.5754245754245755,False,True,True,True,False,16,0,0.0012404000153765082
control_convex__uniform__n1000,control_convex,uniform,1000,108,1.0,1.0,0.4245754245754246,1.0,0.5754245754245755,False,True,True,True,False,14,0,0.0015779000241309404
control_convex__uniform__n1000,control_convex,uniform,1000,109,1.0,1.0,0.4245754245754246,1.0,0.5754245754245755,False,True,True,True,False,14,0,0.0014717000303789973
control_convex__uniform__n1000,control_convex,uniform,1000,110,1.0,1.0,0.6163836163836164,1.0,0.3836163836163836,False,True,True,True,False,16,0,0.0014435999910347164
control_convex__uniform__n1000,control_convex,uniform,1000,111,1.0,1.0,0.4245754245754246,1.0,0.5754245754245755,False,True,True,True,False,15,0,0.0013720000279136002
control_convex__uniform__n1000,control_convex,uniform,1000,112,1.0,1.0,0.4245754245754246,1.0,0.5754245754245755,False,True,True,True,False,14,0,0.0017960999975912273
control_convex__uniform__n1000,control_convex,uniform,1000,113,1.0,1.0,0.4245754245754246,1.0,0.5754245754245755,False,True,True,True,False,14,0,0.0018139999592676759
control_convex__uniform__n1000,control_convex,uniform,1000,114,1.0,1.0,0.4245754245754246,1.0,0.5754245754245755,False,True,True,True,False,14,0,0.0016859000315889716
control_convex__uniform__n1000,control_convex,uniform,1000,115,1.0,1.0,0.4245754245754246,1.0,0.5754245754245755,False,True,True,True,False,14,0,0.001395300030708313
control_convex__uniform__n1000,control_convex,uniform,1000,116,1.0,1.0,0.6163836163836164,1.0,0.3836163836163836,False,True,True,True,False,16,0,0.001580099982675165
control_convex__uniform__n1000,control_convex,uniform,1000,117,1.0,1.0,0.4245754245754246,1.0,0.5754245754245755,False,True,True,True,False,14,0,0.0015485999756492674
control_convex__uniform__n1000,control_convex,uniform,1000,118,1.0,1.0,0.6163836163836164,1.0,0.3836163836163836,False,True,True,True,False,15,0,0.0014052999904379249
control_convex__uniform__n1000,control_convex,uniform,1000,119,1.0,1.0,0.4245754245754246,1.0,0.5754245754245755,False,True,True,True,False,14,0,0.0015089999651536345
control_convex__uniform__n1000,control_convex,uniform,1000,120,1.0,1.0,0.4245754245754246,1.0,0.5754245754245755,False,True,True,True,False,15,0,0.0013741000439040363
control_convex__uniform__n1000,control_convex,uniform,1000,121,1.0,1.0,0.6803196803196803,1.0,0.31968031968031974,False,True,True,True,False,19,0,0.0015942000318318605
control_convex__uniform__n1000,control_convex,uniform,1000,122,1.0,1.0,0.4245754245754246,1.0,0.5754245754245755,False,True,True,True,False,15,0,0.0016336000408045948
control_convex__uniform__n1000,control_convex,uniform,1000,123,1.0,1.0,0.5124875124875125,1.0,0.48751248751248755,False,True,True,True,False,15,0,0.0015879999846220016
control_convex__uniform__n1000,control_convex,uniform,1000,124,1.0,1.0,0.4245754245754246,1.0,0.5754245754245755,False,True,True,True,False,14,0,0.0015307000139728189
control_convex__uniform__n1000,control_convex,uniform,1000,125,1.0,1.0,0.4245754245754246,1.0,0.5754245754245755,False,True,True,True,False,14,0,0.0013109000283293426
control_convex__uniform__n1000,control_convex,uniform,1000,126,1.0,1.0,0.4245754245754246,1.0,0.5754245754245755,False,True,True,True,False,15,0,0.0012326000141911209
control_convex__uniform__n1000,control_convex,uniform,1000,127,1.0,1.0,0.4245754245754246,1.0,0.5754245754245755,False,True,True,True,False,14,0,0.001375799998641014
control_convex__uniform__n1000,control_convex,uniform,1000,128,1.0,1.0,0.6403596403596403,1.0,0.3596403596403597,False,True,True,True,False,16,0,0.0014503999846056104
control_convex__uniform__n1000,control_convex,uniform,1000,129,1.0,1.0,0.6163836163836164,1.0,0.3836163836163836,False,True,True,True,False,15,0,0.001329899998381734
control_convex__uniform__n1000,control_convex,uniform,1000,130,1.0,1.0,0.4245754245754246,1.0,0.5754245754245755,False,True,True,True,False,14,0,0.0012111999676562846
control_convex__uniform__n1000,control_convex,uniform,1000,131,1.0,1.0,0.4245754245754246,1.0,0.5754245754245755,False,True,True,True,False,15,0,0.0012067999923601747
control_convex__uniform__n1000,control_convex,uniform,1000,132,1.0,1.0,0.4245754245754246,1.0,0.5754245754245755,False,True,True,True,False,14,0,0.0014437000500038266
control_convex__uniform__n1000,control_convex,uniform,1000,133,1.0,1.0,0.4245754245754246,1.0,0.5754245754245755,False,True,True,True,False,14,0,0.0015282999956980348
control_convex__uniform__n1000,control_convex,uniform,1000,134,1.0,1.0,0.4245754245754246,1.0,0.5754245754245755,False,True,True,True,False,14,0,0.0014960000407882035
control_convex__uniform__n1000,control_convex,uniform,1000,135,1.0,1.0,0.4245754245754246,1.0,0.5754245754245755,False,True,True,True,False,15,0,0.0013571999734267592
control_convex__uniform__n1000,control_convex,uniform,1000,136,1.0,1.0,0.4485514485514486,1.0,0.5514485514485514,False,True,True,True,False,16,0,0.001518299977760762
control_convex__uniform__n1000,control_convex,uniform,1000,137,1.0,1.0,0.4245754245754246,1.0,0.5754245754245755,False,True,True,True,False,15,0,0.0015067000058479607
control_convex__uniform__n1000,control_convex,uniform,1000,138,1.0,1.0,0.4245754245754246,1.0,0.5754245754245755,False,True,True,True,False,15,0,0.0014838000060990453
control_convex__uniform__n1000,control_convex,uniform,1000,139,1.0,1.0,0.4245754245754246,1.0,0.5754245754245755,False,True,True,True,False,14,0,0.001606699952390045
control_convex__uniform__n1000,control_convex,uniform,1000,140,1.0,1.0,0.4245754245754246,1.0,0.5754245754245755,False,True,True,True,False,14,0,0.0014272000407800078
control_convex__uniform__n1000,control_convex,uniform,1000,141,1.0,1.0,0.4245754245754246,1.0,0.5754245754245755,False,True,True,True,False,14,0,0.0015149000100791454
control_convex__uniform__n1000,control_convex,uniform,1000,142,1.0,1.0,0.5124875124875125,1.0,0.48751248751248755,False,True,True,True,False,15,0,0.0014513999922201037
control_convex__uniform__n1000,control_convex,uniform,1000,143,1.0,1.0,0.4245754245754246,1.0,0.5754245754245755,False,True,True,True,False,14,0,0.001296800037380308
control_convex__uniform__n1000,control_convex,uniform,1000,144,1.0,1.0,0.6163836163836164,1.0,0.3836163836163836,False,True,True,True,False,15,0,0.0016127999988384545
control_convex__uniform__n1000,control_convex,uniform,1000,145,1.0,1.0,0.4245754245754246,1.0,0.5754245754245755,False,True,True,True,False,15,0,0.0017334999865852296
control_convex__uniform__n1000,control_convex,uniform,1000,146,1.0,1.0,0.6163836163836164,1.0,0.3836163836163836,False,True,True,True,False,15,0,0.0017229000222869217
control_convex__uniform__n1000,control_convex,uniform,1000,147,1.0,1.0,0.4245754245754246,1.0,0.5754245754245755,False,True,True,True,False,14,0,0.0014239000156521797
control_convex__uniform__n1000,control_convex,uniform,1000,148,1.0,1.0,0.4245754245754246,1.0,0.5754245754245755,False,True,True,True,False,16,0,0.001375499996356666
control_convex__uniform__n1000,control_convex,uniform,1000,149,1.0,1.0,0.5124875124875125,1.0,0.48751248751248755,False,True,True,True,False,15,0,0.0013304000021889806
control_convex__uniform__n1000,control_convex,uniform,1000,150,1.0,1.0,0.4245754245754246,1.0,0.5754245754245755,False,True,True,True,False,14,0,0.0012145000509917736
control_convex__uniform__n1000,control_convex,uniform,1000,151,1.0,1.0,0.5764235764235764,1.0,0.42357642357642356,False,True,True,True,False,16,0,0.001208100002259016
control_convex__uniform__n1000,control_convex,uniform,1000,152,1.0,1.0,0.4245754245754246,1.0,0.5754245754245755,False,True,True,True,False,15,0,0.0017170000355690718
control_convex__uniform__n1000,control_convex,uniform,1000,153,1.0,1.0,0.4245754245754246,1.0,0.5754245754245755,False,True,True,True,False,17,0,0.0012449999921955168
control_convex__uniform__n1000,control_convex,uniform,1000,154,1.0,1.0,0.4245754245754246,1.0,0.5754245754245755,False,True,True,True,False,16,0,0.0012827999889850616
control_convex__uniform__n1000,control_convex,uniform,1000,155,1.0,1.0,0.4245754245754246,1.0,0.5754245754245755,False,True,True,True,False,14,0,0.0014536000089719892
control_convex__uniform__n1000,control_convex,uniform,1000,156,1.0,1.0,0.4245754245754246,1.0,0.5754245754245755,False,True,True,True,False,15,0,0.001366899989079684
control_convex__uniform__n1000,control_convex,uniform,1000,157,1.0,1.0,0.4245754245754246,1.0,0.5754245754245755,False,True,True,True,False,15,0,0.0013230000040493906
control_convex__uniform__n1000,control_convex,uniform,1000,158,1.0,1.0,0.4245754245754246,1.0,0.5754245754245755,False,True,True,True,False,16,0,0.0012879999703727663
control_convex__uniform__n1000,control_convex,uniform,1000,159,1.0,1.0,0.4245754245754246,1.0,0.5754245754245755,False,True,True,True,False,14,0,0.0014386000111699104
control_convex__uniform__n1000,control_convex,uniform,1000,160,1.0,1.0,0.4245754245754246,1.0,0.5754245754245755,False,True,True,True,False,15,0,0.001647300028707832
control_convex__uniform__n1000,control_convex,uniform,1000,161,1.0,1.0,0.4245754245754246,1.0,0.5754245754245755,False,True,True,True,False,14,0,0.001484900014474988
control_convex__uniform__n1000,control_convex,uniform,1000,162,1.0,1.0,0.4245754245754246,1.0,0.5754245754245755,False,True,True,True,False,14,0,0.0014127999893389642
control_convex__uniform__n1000,control_convex,uniform,1000,163,1.0,1.0,0.4245754245754246,1.0,0.5754245754245755,False,True,True,True,False,14,0,0.0013605999993160367
control_convex__uniform__n1000,control_convex,uniform,1000,164,1.0,1.0,0.4245754245754246,1.0,0.5754245754245755,False,True,True,True,False,14,0,0.0015041999868117273
control_convex__uniform__n1000,control_convex,uniform,1000,165,1.0,1.0,0.4245754245754246,1.0,0.5754245754245755,False,True,True,True,False,14,0,0.0014239000156521797
control_convex__uniform__n1000,control_convex,uniform,1000,166,1.0,1.0,0.4245754245754246,1.0,0.5754245754245755,False,True,True,True,False,14,0,0.0014569000340998173
control_convex__uniform__n1000,control_convex,uniform,1000,167,1.0,1.0,0.5124875124875125,1.0,0.48751248751248755,False,True,True,True,False,16,0,0.0014745999942533672
control_convex__uniform__n1000,control_convex,uniform,1000,168,1.0,1.0,0.5124875124875125,1.0,0.48751248751248755,False,True,True,True,False,16,0,0.0017695999704301357
control_convex__uniform__n1000,control_convex,uniform,1000,169,1.0,1.0,0.4245754245754246,1.0,0.5754245754245755,False,True,True,True,False,15,0,0.001947999990079552
control_convex__uniform__n1000,control_convex,uniform,1000,170,1.0,1.0,0.4245754245754246,1.0,0.5754245754245755,False,True,True,True,False,14,0,0.0016622000257484615
control_convex__uniform__n1000,control_convex,uniform,1000,171,1.0,1.0,0.4245754245754246,1.0,0.5754245754245755,False,True,True,True,False,16,0,0.0015449000056833029
control_convex__uniform__n1000,control_convex,uniform,1000,172,1.0,1.0,0.4245754245754246,1.0,0.5754245754245755,False,True,True,True,False,14,0,0.001482499996200204
control_convex__uniform__n1000,control_convex,uniform,1000,173,1.0,1.0,0.4245754245754246,1.0,0.5754245754245755,False,True,True,True,False,14,0,0.0013901999918743968
control_convex__uniform__n1000,control_convex,uniform,1000,174,1.0,1.0,0.4245754245754246,1.0,0.5754245754245755,False,True,True,True,False,14,0,0.0013318000128492713
control_convex__uniform__n1000,control_convex,uniform,1000,175,1.0,1.0,0.4245754245754246,1.0,0.5754245754245755,False,True,True,True,False,14,0,0.0013242000131867826
control_convex__uniform__n1000,control_convex,uniform,1000,176,1.0,1.0,0.4245754245754246,1.0,0.5754245754245755,False,True,True,True,False,14,0,0.0012727000284940004
control_convex__uniform__n1000,control_convex,uniform,1000,177,1.0,1.0,0.4245754245754246,1.0,0.5754245754245755,False,True,True,True,False,14,0,0.001616799971088767
control_convex__uniform__n1000,control_convex,uniform,1000,178,1.0,1.0,0.4245754245754246,1.0,0.5754245754245755,False,True,True,True,False,14,0,0.0015873000374995172
control_convex__uniform__n1000,control_convex,uniform,1000,179,1.0,1.0,0.4245754245754246,1.0,0.5754245754245755,False,True,True,True,False,14,0,0.0016319999704137444
control_convex__uniform__n1000,control_convex,uniform,1000,180,1.0,1.0,0.4245754245754246,1.0,0.5754245754245755,False,True,True,True,False,14,0,0.0017921000253409147
control_convex__uniform__n1000,control_convex,uniform,1000,181,1.0,1.0,0.4245754245754246,1.0,0.5754245754245755,False,True,True,True,False,14,0,0.0015429999912157655
control_convex__uniform__n1000,control_convex,uniform,1000,182,1.0,1.0,0.5124875124875125,1.0,0.48751248751248755,False,True,True,True,False,16,0,0.0015519000007770956
control_convex__uniform__n1000,control_convex,uniform,1000,183,1.0,1.0,0.5124875124875125,1.0,0.48751248751248755,False,True,True,True,False,15,0,0.0014636999694630504
control_convex__uniform__n1000,control_convex,uniform,1000,184,1.0,1.0,0.5124875124875125,1.0,0.48751248751248755,False,True,True,True,False,15,0,0.001445600006263703
control_convex__uniform__n1000,control_convex,uniform,1000,185,1.0,1.0,0.5124875124875125,1.0,0.48751248751248755,False,True,True,True,False,17,0,0.0014564000302925706
control_convex__uniform__n1000,control_convex,uniform,1000,186,1.0,1.0,0.4245754245754246,1.0,0.5754245754245755,False,True,True,True,False,15,0,0.0014907000004313886
control_convex__uniform__n1000,control_convex,uniform,1000,187,1.0,1.0,0.4245754245754246,1.0,0.5754245754245755,False,True,True,True,False,14,0,0.0013939000200480223
control_convex__uniform__n1000,control_convex,uniform,1000,188,1.0,1.0,0.4245754245754246,1.0,0.5754245754245755,False,True,True,True,False,14,0,0.001517399970907718
control_convex__uniform__n1000,control_convex,uniform,1000,189,1.0,1.0,0.5124875124875125,1.0,0.48751248751248755,False,True,True,True,False,16,0,0.0013761000009253621
control_convex__uniform__n1000,control_convex,uniform,1000,190,1.0,1.0,0.4245754245754246,1.0,0.5754245754245755,False,True,True,True,False,14,0,0.001448799972422421
control_convex__uniform__n1000,control_convex,uniform,1000,191,1.0,1.0,0.4245754245754246,1.0,0.5754245754245755,False,True,True,True,False,14,0,0.0014057999942451715
control_convex__uniform__n1000,control_convex,uniform,1000,192,1.0,1.0,0.4245754245754246,1.0,0.5754245754245755,False,True,True,True,False,15,0,0.0016691000200808048
control_convex__uniform__n1000,control_convex,uniform,1000,193,1.0,1.0,0.4245754245754246,1.0,0.5754245754245755,False,True,True,True,False,14,0,0.0016208000015467405
control_convex__uniform__n1000,control_convex,uniform,1000,194,1.0,1.0,0.7042957042957043,1.0,0.2957042957042957,False,True,True,True,False,20,0,0.0016935000312514603
control_convex__uniform__n1000,control_convex,uniform,1000,195,1.0,1.0,0.4245754245754246,1.0,0.5754245754245755,False,True,True,True,False,14,0,0.001430500007700175
control_convex__uniform__n1000,control_convex,uniform,1000,196,1.0,1.0,0.4245754245754246,1.0,0.5754245754245755,False,True,True,False,False,15,0,0.0013930999557487667
control_convex__uniform__n1000,control_convex,uniform,1000,197,1.0,1.0,0.4245754245754246,1.0,0.5754245754245755,False,True,True,True,False,14,0,0.0014303000061772764
control_convex__uniform__n1000,control_convex,uniform,1000,198,1.0,1.0,0.4245754245754246,1.0,0.5754245754245755,False,True,True,True,False,15,0,0.0015562999760732055
control_convex__uniform__n1000,control_convex,uniform,1000,199,1.0,1.0,0.4245754245754246,1.0,0.5754245754245755,False,True,True,True,False,15,0,0.0014210999943315983
control_concave__uniform__n1000,control_concave,uniform,1000,0,0.0,0.0,0.0,0.5754245754245755,0.5754245754245755,False,True,True,True,False,0,14,0.001595799985807389
control_concave__uniform__n1000,control_concave,uniform,1000,1,0.0,0.0,0.0,0.5754245754245755,0.5754245754245755,False,True,True,True,False,0,15,0.0013416000292636454
control_concave__uniform__n1000,control_concave,uniform,1000,2,0.0,0.0,0.0,0.5754245754245755,0.5754245754245755,False,True,True,True,False,0,15,0.0012401999556459486
control_concave__uniform__n1000,control_concave,uniform,1000,3,0.0,0.0,0.0,0.5754245754245755,0.5754245754245755,False,True,True,True,False,0,14,0.0013910999987274408
control_concave__uniform__n1000,control_concave,uniform,1000,4,0.0,0.0,0.0,0.5754245754245755,0.5754245754245755,False,True,True,True,False,0,14,0.00133790000109002
control_concave__uniform__n1000,control_concave,uniform,1000,5,0.0,0.0,0.0,0.5754245754245755,0.5754245754245755,False,True,True,True,False,0,14,0.0015175999724306166
control_concave__uniform__n1000,control_concave,uniform,1000,6,0.0,0.0,0.0,0.5754245754245755,0.5754245754245755,False,True,True,True,False,0,15,0.0014430999872274697
control_concave__uniform__n1000,control_concave,uniform,1000,7,0.0,0.0,0.0,0.5754245754245755,0.5754245754245755,False,True,True,True,False,0,15,0.001373699982650578
control_concave__uniform__n1000,control_concave,uniform,1000,8,0.0,0.0,0.0,0.5754245754245755,0.5754245754245755,False,True,True,True,False,0,14,0.00122519995784387
control_concave__uniform__n1000,control_concave,uniform,1000,9,0.0,0.0,0.0,0.5754245754245755,0.5754245754245755,False,True,True,True,False,0,15,0.0012257000198587775
control_concave__uniform__n1000,control_concave,uniform,1000,10,0.0,0.0,0.0,0.5754245754245755,0.5754245754245755,False,True,True,True,False,0,14,0.0014887000434100628
control_concave__uniform__n1000,control_concave,uniform,1000,11,0.0,0.0,0.0,0.5754245754245755,0.5754245754245755,False,True,True,True,False,0,15,0.0014943000278435647
control_concave__uniform__n1000,control_concave,uniform,1000,12,0.0,0.0,0.0,0.5114885114885115,0.5114885114885115,False,True,True,True,False,0,15,0.0013157000066712499
control_concave__uniform__n1000,control_concave,uniform,1000,13,0.0,0.0,0.0,0.5754245754245755,0.5754245754245755,False,True,True,True,False,0,16,0.001271400018595159
control_concave__uniform__n1000,control_concave,uniform,1000,14,0.0,0.0,0.0,0.5754245754245755,0.5754245754245755,False,True,True,True,False,0,14,0.0012317000073380768
control_concave__uniform__n1000,control_concave,uniform,1000,15,0.0,0.0,0.0,0.5754245754245755,0.5754245754245755,False,True,True,True,False,0,14,0.0012983999913558364
control_concave__uniform__n1000,control_concave,uniform,1000,16,0.0,0.0,0.0,0.5754245754245755,0.5754245754245755,False,True,True,True,False,0,14,0.0013872000272385776
control_concave__uniform__n1000,control_concave,uniform,1000,17,0.0,0.0,0.0,0.5754245754245755,0.5754245754245755,False,True,True,True,False,0,14,0.0015810999902896583
control_concave__uniform__n1000,control_concave,uniform,1000,18,0.0,0.0,0.0,0.5754245754245755,0.5754245754245755,False,True,True,True,False,0,14,0.0015563999768346548
control_concave__uniform__n1000,control_concave,uniform,1000,19,0.0,0.0,0.0,0.5114885114885115,0.5114885114885115,False,True,True,True,False,0,16,0.0015873999800533056
control_concave__uniform__n1000,control_concave,uniform,1000,20,0.0,0.0,0.0,0.5754245754245755,0.5754245754245755,False,True,True,True,False,0,14,0.0013275999808683991
control_concave__uniform__n1000,control_concave,uniform,1000,21,0.0,0.0,0.0,0.5754245754245755,0.5754245754245755,False,True,True,True,False,0,14,0.0013112000306136906
control_concave__uniform__n1000,control_concave,uniform,1000,22,0.0,0.0,0.0,0.5754245754245755,0.5754245754245755,False,True,True,True,False,0,14,0.0014691000105813146
control_concave__uniform__n1000,control_concave,uniform,1000,23,0.0,0.0,0.0,0.5754245754245755,0.5754245754245755,False,True,True,True,False,0,15,0.001416600018274039
control_concave__uniform__n1000,control_concave,uniform,1000,24,0.0,0.0,0.0,0.5754245754245755,0.5754245754245755,False,True,True,True,False,0,16,0.0012250999570824206
control_concave__uniform__n1000,control_concave,uniform,1000,25,0.0,0.0,0.0,0.5754245754245755,0.5754245754245755,False,True,True,True,False,0,14,0.0012408000184223056
control_concave__uniform__n1000,control_concave,uniform,1000,26,0.0,0.0,0.0,0.5754245754245755,0.5754245754245755,False,True,True,True,False,0,15,0.001458899991121143
control_concave__uniform__n1000,control_concave,uniform,1000,27,0.0,0.0,0.0,0.5754245754245755,0.5754245754245755,False,True,True,True,False,0,14,0.001504399988334626
control_concave__uniform__n1000,control_concave,uniform,1000,28,0.0,0.0,0.0,0.5754245754245755,0.5754245754245755,False,True,True,True,False,0,14,0.0016302000149153173
control_concave__uniform__n1000,control_concave,uniform,1000,29,0.0,0.0,0.0,0.5754245754245755,0.5754245754245755,False,True,True,True,False,0,14,0.0013788000214844942
control_concave__uniform__n1000,control_concave,uniform,1000,30,0.0,0.0,0.0,0.5754245754245755,0.5754245754245755,False,True,True,True,False,0,16,0.0013650000328198075
control_concave__uniform__n1000,control_concave,uniform,1000,31,0.0,0.0,0.0,0.5754245754245755,0.5754245754245755,False,True,True,True,False,0,14,0.0013951000291854143
control_concave__uniform__n1000,control_concave,uniform,1000,32,0.0,0.0,0.0,0.5754245754245755,0.5754245754245755,False,True,True,True,False,0,14,0.001517699973192066
control_concave__uniform__n1000,control_concave,uniform,1000,33,0.0,0.0,0.0,0.5754245754245755,0.5754245754245755,False,True,True,True,False,0,14,0.0016038999892771244
control_concave__uniform__n1000,control_concave,uniform,1000,34,0.0,0.0,0.962037962037962,0.5114885114885115,nan,True,False,False,False,False,1,15,0.0014539000112563372
control_concave__uniform__n1000,control_concave,uniform,1000,35,0.0,0.0,0.0,0.5754245754245755,0.5754245754245755,False,True,True,True,False,0,14,0.0014544000150635839
control_concave__uniform__n1000,control_concave,uniform,1000,36,0.0,0.0,0.0,0.5754245754245755,0.5754245754245755,False,True,True,True,False,0,14,0.001465699984692037
control_concave__uniform__n1000,control_concave,uniform,1000,37,0.0,0.0,0.0,0.5754245754245755,0.5754245754245755,False,True,True,True,False,0,15,0.0015840999549254775
control_concave__uniform__n1000,control_concave,uniform,1000,38,0.0,0.0,0.0,0.5754245754245755,0.5754245754245755,False,True,True,True,False,0,16,0.001489899994339794
control_concave__uniform__n1000,control_concave,uniform,1000,39,0.0,0.0,0.0,0.5754245754245755,0.5754245754245755,False,True,True,True,False,0,15,0.0015803000424057245
control_concave__uniform__n1000,control_concave,uniform,1000,40,0.0,0.0,0.0,0.5754245754245755,0.5754245754245755,False,True,True,True,False,0,15,0.0013787000207230449
control_concave__uniform__n1000,control_concave,uniform,1000,41,0.0,0.0,0.0,0.5754245754245755,0.5754245754245755,False,True,True,True,False,0,14,0.0014088000170886517
control_concave__uniform__n1000,control_concave,uniform,1000,42,0.0,0.0,0.0,0.5754245754245755,0.5754245754245755,False,True,True,True,False,0,14,0.0013070999993942678
control_concave__uniform__n1000,control_concave,uniform,1000,43,0.0,0.0,0.0,0.5754245754245755,0.5754245754245755,False,True,True,True,False,0,14,0.0014236999559216201
control_concave__uniform__n1000,control_concave,uniform,1000,44,0.0,0.0,0.0,0.5754245754245755,0.5754245754245755,False,True,True,True,False,0,14,0.0013891999842599034
control_concave__uniform__n1000,control_concave,uniform,1000,45,0.0,0.0,0.0,0.5754245754245755,0.5754245754245755,False,True,True,True,False,0,15,0.0013712000218220055
control_concave__uniform__n1000,control_concave,uniform,1000,46,0.0,0.0,0.0,0.5754245754245755,0.5754245754245755,False,True,True,True,False,0,14,0.0012712000170722604
control_concave__uniform__n1000,control_concave,uniform,1000,47,0.0,0.0,0.0,0.3836163836163836,0.3836163836163836,False,True,True,True,False,0,18,0.0012020999565720558
control_concave__uniform__n1000,control_concave,uniform,1000,48,0.0,0.0,0.0,0.5754245754245755,0.5754245754245755,False,True,True,True,False,0,14,0.0012668999843299389
control_concave__uniform__n1000,control_concave,uniform,1000,49,0.0,0.0,0.0,0.5754245754245755,0.5754245754245755,False,True,True,True,False,0,14,0.0013930000131949782
control_concave__uniform__n1000,control_concave,uniform,1000,50,0.0,0.0,0.0,0.5754245754245755,0.5754245754245755,False,True,True,True,False,0,15,0.00164309999672696
control_concave__uniform__n1000,control_concave,uniform,1000,51,0.0,0.0,0.0,0.5754245754245755,0.5754245754245755,False,True,True,True,False,0,14,0.0017228999640792608
control_concave__uniform__n1000,control_concave,uniform,1000,52,0.0,0.0,0.0,0.5754245754245755,0.5754245754245755,False,True,True,True,False,0,16,0.0014464000123552978
control_concave__uniform__n1000,control_concave,uniform,1000,53,0.0,0.0,0.0,0.5754245754245755,0.5754245754245755,False,True,True,True,False,0,14,0.0017649999936111271
control_concave__uniform__n1000,control_concave,uniform,1000,54,0.0,0.0,0.0,0.5754245754245755,0.5754245754245755,False,True,True,True,False,0,15,0.0013526999973692
control_concave__uniform__n1000,control_concave,uniform,1000,55,0.0,0.0,0.0,0.5754245754245755,0.5754245754245755,False,True,True,True,False,0,14,0.0015304999542422593
control_concave__uniform__n1000,control_concave,uniform,1000,56,0.0,0.0,0.0,0.5754245754245755,0.5754245754245755,False,True,True,True,False,0,14,0.0014056999934837222
control_concave__uniform__n1000,control_concave,uniform,1000,57,0.0,0.0,0.0,0.5754245754245755,0.5754245754245755,False,True,True,True,False,0,14,0.0012912999955005944
control_concave__uniform__n1000,control_concave,uniform,1000,58,0.0,0.0,0.0,0.5754245754245755,0.5754245754245755,False,True,True,True,False,0,14,0.0011691999970935285
control_concave__uniform__n1000,control_concave,uniform,1000,59,0.0,0.0,0.0,0.5754245754245755,0.5754245754245755,False,True,True,True,False,0,14,0.001297099981456995
control_concave__uniform__n1000,control_concave,uniform,1000,60,0.0,0.0,0.0,0.3836163836163836,0.3836163836163836,False,True,True,True,False,0,16,0.0014352999860420823
control_concave__uniform__n1000,control_concave,uniform,1000,61,0.0,0.0,0.0,0.5754245754245755,0.5754245754245755,False,True,True,True,False,0,15,0.0014878000365570188
control_concave__uniform__n1000,control_concave,uniform,1000,62,0.0,0.0,0.0,0.5754245754245755,0.5754245754245755,False,True,True,True,False,0,14,0.0016670000040903687
control_concave__uniform__n1000,control_concave,uniform,1000,63,0.0,0.0,0.0,0.5754245754245755,0.5754245754245755,False,True,True,True,False,0,14,0.0013573000323958695
control_concave__uniform__n1000,control_concave,uniform,1000,64,0.0,0.0,0.0,0.3196803196803197,0.3196803196803197,False,True,True,True,False,0,17,0.0015100000309757888
control_concave__uniform__n1000,control_concave,uniform,1000,65,0.0,0.0,0.0,0.5754245754245755,0.5754245754245755,False,True,True,True,False,0,15,0.0017804999952204525
control_concave__uniform__n1000,control_concave,uniform,1000,66,0.0,0.0,0.0,0.5114885114885115,0.5114885114885115,False,True,True,False,False,0,16,0.0013766000047326088
control_concave__uniform__n1000,control_concave,uniform,1000,67,0.0,0.0,0.0,0.3836163836163836,0.3836163836163836,False,True,True,True,False,0,16,0.0014474000199697912
control_concave__uniform__n1000,control_concave,uniform,1000,68,0.0,0.0,0.0,0.5754245754245755,0.5754245754245755,False,True,True,True,False,0,15,0.0015510999946855009
control_concave__uniform__n1000,control_concave,uniform,1000,69,0.0,0.0,0.0,0.3836163836163836,0.3836163836163836,False,True,True,True,False,0,15,0.0015860999701544642
control_concave__uniform__n1000,control_concave,uniform,1000,70,0.0,0.0,0.0,0.44755244755244755,0.44755244755244755,False,True,True,True,False,0,16,0.0015882999869063497
control_concave__uniform__n1000,control_concave,uniform,1000,71,0.0,0.0,0.0,0.5754245754245755,0.5754245754245755,False,True,True,True,False,0,15,0.0012598000466823578
control_concave__uniform__n1000,control_concave,uniform,1000,72,0.0,0.0,0.0,0.5754245754245755,0.5754245754245755,False,True,True,True,False,0,16,0.0016324999742209911
control_concave__uniform__n1000,control_concave,uniform,1000,73,0.0,0.0,0.0,0.5754245754245755,0.5754245754245755,False,True,True,True,False,0,15,0.0017031999886967242
control_concave__uniform__n1000,control_concave,uniform,1000,74,0.0,0.0,0.0,0.3836163836163836,0.3836163836163836,False,True,True,True,False,0,17,0.0013955000322312117
control_concave__uniform__n1000,control_concave,uniform,1000,75,0.0,0.0,0.0,0.5754245754245755,0.5754245754245755,False,True,True,True,False,0,15,0.0015054999967105687
control_concave__uniform__n1000,control_concave,uniform,1000,76,0.0,0.0,0.0,0.5754245754245755,0.5754245754245755,False,True,True,True,False,0,14,0.0013489999691955745
control_concave__uniform__n1000,control_concave,uniform,1000,77,0.0,0.0,0.0,0.5754245754245755,0.5754245754245755,False,True,True,True,False,0,14,0.0013850999530404806
control_concave__uniform__n1000,control_concave,uniform,1000,78,0.0,0.0,0.0,0.5754245754245755,0.5754245754245755,False,True,True,True,False,0,16,0.0017432000022381544
control_concave__uniform__n1000,control_concave,uniform,1000,79,0.0,0.0,0.0,0.5114885114885115,0.5114885114885115,False,True,True,True,False,0,15,0.0013761000009253621
control_concave__uniform__n1000,control_concave,uniform,1000,80,0.0,0.0,0.0,0.5754245754245755,0.5754245754245755,False,True,True,True,False,0,14,0.0013476999592967331
control_concave__uniform__n1000,control_concave,uniform,1000,81,0.0,0.0,0.0,0.5754245754245755,0.5754245754245755,False,True,True,True,False,0,14,0.0016052999999374151
control_concave__uniform__n1000,control_concave,uniform,1000,82,0.0,0.0,0.0,0.5754245754245755,0.5754245754245755,False,True,True,True,False,0,15,0.0016790000372566283
control_concave__uniform__n1000,control_concave,uniform,1000,83,0.0,0.0,0.0,0.5754245754245755,0.5754245754245755,False,True,True,True,False,0,14,0.0016629999736323953
control_concave__uniform__n1000,control_concave,uniform,1000,84,0.0,0.0,0.0,0.44755244755244755,0.44755244755244755,False,True,True,True,False,0,17,0.0013873999705538154
control_concave__uniform__n1000,control_concave,uniform,1000,85,0.0,0.0,0.0,0.3196803196803197,0.3196803196803197,False,True,True,True,False,0,16,0.0015211000572890043
control_concave__uniform__n1000,control_concave,uniform,1000,86,0.0,0.0,0.0,0.5754245754245755,0.5754245754245755,False,True,True,True,False,0,15,0.0014643999747931957
control_concave__uniform__n1000,control_concave,uniform,1000,87,0.0,0.0,0.0,0.5754245754245755,0.5754245754245755,False,True,True,True,False,0,15,0.0013991000014357269
control_concave__uniform__n1000,control_concave,uniform,1000,88,0.0,0.0,0.0,0.5114885114885115,0.5114885114885115,False,True,True,True,False,0,15,0.0014597999979741871
control_concave__uniform__n1000,control_concave,uniform,1000,89,0.0,0.0,0.0,0.5754245754245755,0.5754245754245755,False,True,True,True,False,0,14,0.0015632999711669981
control_concave__uniform__n1000,control_concave,uniform,1000,90,0.0,0.0,0.0,0.5754245754245755,0.5754245754245755,False,True,True,True,False,0,16,0.0015424999874085188
control_concave__uniform__n1000,control_concave,uniform,1000,91,0.0,0.0,0.0,0.5754245754245755,0.5754245754245755,False,True,True,True,False,0,14,0.0014050000463612378
control_concave__uniform__n1000,control_concave,uniform,1000,92,0.0,0.0,0.0,0.47952047952047955,0.47952047952047955,False,True,True,True,False,0,17,0.001709700038190931
control_concave__uniform__n1000,control_concave,uniform,1000,93,0.0,0.0,0.0,0.5754245754245755,0.5754245754245755,False,True,True,True,False,0,14,0.001989100011996925
control_concave__uniform__n1000,control_concave,uniform,1000,94,0.0,0.0,0.0,0.5754245754245755,0.5754245754245755,False,True,True,True,False,0,15,0.001546100014820695
control_concave__uniform__n1000,control_concave,uniform,1000,95,0.0,0.0,0.2057942057942058,0.5114885114885115,0.30569430569430567,False,False,True,False,False,1,15,0.0015104999765753746
control_concave__uniform__n1000,control_concave,uniform,1000,96,0.0,0.0,0.0,0.5754245754245755,0.5754245754245755,False,True,True,True,False,0,15,0.0014896999928168952
control_concave__uniform__n1000,control_concave,uniform,1000,97,0.0,0.0,0.0,0.5754245754245755,0.5754245754245755,False,True,True,True,False,0,14,0.0018923000316135585
control_concave__uniform__n1000,control_concave,uniform,1000,98,0.0,0.0,0.0,0.5754245754245755,0.5754245754245755,False,True,True,True,False,0,14,0.0016400000313296914
control_concave__uniform__n1000,control_concave,uniform,1000,99,0.0,0.0,0.0,0.5754245754245755,0.5754245754245755,False,True,True,True,False,0,14,0.00139999995008111
control_concave__uniform__n1000,control_concave,uniform,1000,100,0.0,0.0,0.0,0.5754245754245755,0.5754245754245755,False,True,True,True,False,0,15,0.0013500999775715172
control_concave__uniform__n1000,control_concave,uniform,1000,101,0.0,0.0,0.0,0.5754245754245755,0.5754245754245755,False,True,True,True,False,0,14,0.0013558999635279179
control_concave__uniform__n1000,control_concave,uniform,1000,102,0.0,0.0,0.0,0.5754245754245755,0.5754245754245755,False,True,True,True,False,0,14,0.0015014000236988068
control_concave__uniform__n1000,control_concave,uniform,1000,103,0.0,0.0,0.0,0.5754245754245755,0.5754245754245755,False,True,True,True,False,0,14,0.0015299000078812242
control_concave__uniform__n1000,control_concave,uniform,1000,104,0.0,0.0,0.0,0.5754245754245755,0.5754245754245755,False,True,True,True,False,0,15,0.0014076000079512596
control_concave__uniform__n1000,control_concave,uniform,1000,105,0.0,0.0,0.0,0.5754245754245755,0.5754245754245755,False,True,True,True,False,0,16,0.001257500029169023
control_concave__uniform__n1000,control_concave,uniform,1000,106,0.0,0.0,0.0,0.5754245754245755,0.5754245754245755,False,True,True,True,False,0,14,0.001331700012087822
control_concave__uniform__n1000,control_concave,uniform,1000,107,0.0,0.0,0.0,0.5754245754245755,0.5754245754245755,False,True,True,True,False,0,14,0.0012827999889850616
control_concave__uniform__n1000,control_concave,uniform,1000,108,0.0,0.0,0.0,0.5754245754245755,0.5754245754245755,False,True,True,True,False,0,14,0.0012128999806009233
control_concave__uniform__n1000,control_concave,uniform,1000,109,0.0,0.0,0.0,0.5754245754245755,0.5754245754245755,False,True,True,True,False,0,14,0.0014454000047408044
control_concave__uniform__n1000,control_concave,uniform,1000,110,0.0,0.0,0.0,0.5754245754245755,0.5754245754245755,False,True,True,True,False,0,14,0.0016225000144913793
control_concave__uniform__n1000,control_concave,uniform,1000,111,0.0,0.0,0.0,0.5754245754245755,0.5754245754245755,False,True,True,True,False,0,16,0.0013877999735996127
control_concave__uniform__n1000,control_concave,uniform,1000,112,0.0,0.0,0.0,0.5754245754245755,0.5754245754245755,False,True,True,True,False,0,14,0.001243600039742887
control_concave__uniform__n1000,control_concave,uniform,1000,113,0.0,0.0,0.0,0.2777222777222777,0.2777222777222777,False,True,True,False,False,0,16,0.0011918999953195453
control_concave__uniform__n1000,control_concave,uniform,1000,114,0.0,0.0,0.0,0.5754245754245755,0.5754245754245755,False,True,True,True,False,0,15,0.0016301999567076564
control_concave__uniform__n1000,control_concave,uniform,1000,115,0.0,0.0,0.0,0.5754245754245755,0.5754245754245755,False,True,True,True,False,0,14,0.0017678000149317086
control_concave__uniform__n1000,control_concave,uniform,1000,116,0.0,0.0,0.0,0.3836163836163836,0.3836163836163836,False,True,True,True,False,0,18,0.0015733999898657203
control_concave__uniform__n1000,control_concave,uniform,1000,117,0.0,0.0,0.0,0.5754245754245755,0.5754245754245755,False,True,True,True,False,0,15,0.0015131999971345067
control_concave__uniform__n1000,control_concave,uniform,1000,118,0.0,0.0,0.0,0.5754245754245755,0.5754245754245755,False,True,True,True,False,0,14,0.001401200017426163
control_concave__uniform__n1000,control_concave,uniform,1000,119,0.0,0.0,0.0,0.5114885114885115,0.5114885114885115,False,True,True,True,False,0,15,0.0015507999924011528
control_concave__uniform__n1000,control_concave,uniform,1000,120,0.0,0.0,0.0,0.5754245754245755,0.5754245754245755,False,True,True,True,False,0,14,0.0015067000058479607
control_concave__uniform__n1000,control_concave,uniform,1000,121,0.0,0.0,0.0,0.5754245754245755,0.5754245754245755,False,True,True,True,False,0,14,0.0013927999534644186
control_concave__uniform__n1000,control_concave,uniform,1000,122,0.0,0.0,0.0,0.5754245754245755,0.5754245754245755,False,True,True,True,False,0,15,0.0013882999774068594
control_concave__uniform__n1000,control_concave,uniform,1000,123,0.0,0.0,0.0,0.5754245754245755,0.5754245754245755,False,True,True,True,False,0,18,0.00138819997664541
control_concave__uniform__n1000,control_concave,uniform,1000,124,0.0,0.0,0.0,0.5114885114885115,0.5114885114885115,False,True,True,True,False,0,15,0.0015841999556869268
control_concave__uniform__n1000,control_concave,uniform,1000,125,0.0,0.0,0.0,0.5754245754245755,0.5754245754245755,False,True,True,True,False,0,14,0.0018629999831318855
control_concave__uniform__n1000,control_concave,uniform,1000,126,0.0,0.0,0.0,0.5754245754245755,0.5754245754245755,False,True,True,True,False,0,14,0.001568299951031804
control_concave__uniform__n1000,control_concave,uniform,1000,127,0.0,0.0,0.0,0.5754245754245755,0.5754245754245755,False,True,True,True,False,0,14,0.0013484000228345394
control_concave__uniform__n1000,control_concave,uniform,1000,128,0.0,0.0,0.0,0.5754245754245755,0.5754245754245755,False,True,True,True,False,0,15,0.0012983999913558364
control_concave__uniform__n1000,control_concave,uniform,1000,129,0.0,0.0,0.0,0.5754245754245755,0.5754245754245755,False,True,True,True,False,0,14,0.0012949000229127705
control_concave__uniform__n1000,control_concave,uniform,1000,130,0.0,0.0,0.0,0.5754245754245755,0.5754245754245755,False,True,True,True,False,0,14,0.0012468000059016049
control_concave__uniform__n1000,control_concave,uniform,1000,131,0.0,0.0,0.0,0.5754245754245755,0.5754245754245755,False,True,True,True,False,0,14,0.0012811000342480838
control_concave__uniform__n1000,control_concave,uniform,1000,132,0.0,0.0,0.0,0.5114885114885115,0.5114885114885115,False,True,True,True,False,0,15,0.0012271000305190682
control_concave__uniform__n1000,control_concave,uniform,1000,133,0.0,0.0,0.0,0.5754245754245755,0.5754245754245755,False,True,True,True,False,0,14,0.0012977999867871404
control_concave__uniform__n1000,control_concave,uniform,1000,134,0.0,0.0,0.0,0.3836163836163836,0.3836163836163836,False,True,True,True,False,0,15,0.001376899948809296
control_concave__uniform__n1000,control_concave,uniform,1000,135,0.0,0.0,0.0,0.5754245754245755,0.5754245754245755,False,True,True,True,False,0,14,0.001499700010754168
control_concave__uniform__n1000,control_concave,uniform,1000,136,0.0,0.0,0.0,0.5754245754245755,0.5754245754245755,False,True,True,True,False,0,14,0.0015241000219248235
control_concave__uniform__n1000,control_concave,uniform,1000,137,0.0,0.0,0.0,0.5754245754245755,0.5754245754245755,False,True,True,True,False,0,14,0.001941800001077354
control_concave__uniform__n1000,control_concave,uniform,1000,138,0.0,0.0,0.0,0.5754245754245755,0.5754245754245755,False,True,True,True,False,0,14,0.0019860999891534448
control_concave__uniform__n1000,control_concave,uniform,1000,139,0.0,0.0,0.0,0.3836163836163836,0.3836163836163836,False,True,True,True,False,0,16,0.001568600011523813
control_concave__uniform__n1000,control_concave,uniform,1000,140,0.0,0.0,0.0,0.5754245754245755,0.5754245754245755,False,True,True,True,False,0,14,0.0016005999641492963
control_concave__uniform__n1000,control_concave,uniform,1000,141,0.0,0.0,0.0,0.5754245754245755,0.5754245754245755,False,True,True,True,False,0,14,0.0015204999945126474
control_concave__uniform__n1000,control_concave,uniform,1000,142,0.0,0.0,0.0,0.5754245754245755,0.5754245754245755,False,True,True,True,False,0,14,0.0014846999547444284
control_concave__uniform__n1000,control_concave,uniform,1000,143,0.0,0.0,0.0,0.5754245754245755,0.5754245754245755,False,True,True,True,False,0,14,0.0015026000328361988
control_concave__uniform__n1000,control_concave,uniform,1000,144,0.0,0.0,0.0,0.5114885114885115,0.5114885114885115,False,True,True,True,False,0,15,0.0017422999953851104
control_concave__uniform__n1000,control_concave,uniform,1000,145,0.0,0.0,0.0,0.5754245754245755,0.5754245754245755,False,True,True,True,False,0,15,0.001482499996200204
control_concave__uniform__n1000,control_concave,uniform,1000,146,0.0,0.0,0.0,0.5754245754245755,0.5754245754245755,False,True,True,True,False,0,14,0.0013923000078648329
control_concave__uniform__n1000,control_concave,uniform,1000,147,0.0,0.0,0.0,0.5754245754245755,0.5754245754245755,False,True,True,True,False,0,14,0.0016434999997727573
control_concave__uniform__n1000,control_concave,uniform,1000,148,0.0,0.0,0.0,0.5754245754245755,0.5754245754245755,False,True,True,True,False,0,14,0.0014525000005960464
control_concave__uniform__n1000,control_concave,uniform,1000,149,0.0,0.0,0.0,0.5434565434565435,0.5434565434565435,False,True,True,True,False,0,16,0.001528099994175136
control_concave__uniform__n1000,control_concave,uniform,1000,150,0.0,0.0,0.0,0.5754245754245755,0.5754245754245755,False,True,True,True,False,0,14,0.0013321999576874077
control_concave__uniform__n1000,control_concave,uniform,1000,151,0.0,0.0,0.0,0.5754245754245755,0.5754245754245755,False,True,True,True,False,0,14,0.001387600030284375
control_concave__uniform__n1000,control_concave,uniform,1000,152,0.0,0.0,0.0,0.5754245754245755,0.5754245754245755,False,True,True,True,False,0,14,0.0012652999721467495
control_concave__uniform__n1000,control_concave,uniform,1000,153,0.0,0.0,0.0,0.5114885114885115,0.5114885114885115,False,True,True,True,False,0,15,0.0015852999640628695
control_concave__uniform__n1000,control_concave,uniform,1000,154,0.0,0.0,0.0,0.5754245754245755,0.5754245754245755,False,True,True,True,False,0,15,0.001491400005761534
control_concave__uniform__n1000,control_concave,uniform,1000,155,0.0,0.0,0.0,0.5754245754245755,0.5754245754245755,False,True,True,True,False,0,14,0.0014847000129520893
control_concave__uniform__n1000,control_concave,uniform,1000,156,0.0,0.0,0.0,0.5754245754245755,0.5754245754245755,False,True,True,True,False,0,14,0.0014706000220030546
control_concave__uniform__n1000,control_concave,uniform,1000,157,0.0,0.0,0.0,0.5754245754245755,0.5754245754245755,False,True,True,True,False,0,14,0.0015582999913021922
control_concave__uniform__n1000,control_concave,uniform,1000,158,0.0,0.0,0.0,0.5754245754245755,0.5754245754245755,False,True,True,True,False,0,16,0.001568599953316152
control_concave__uniform__n1000,control_concave,uniform,1000,159,0.0,0.0,0.0,0.3836163836163836,0.3836163836163836,False,True,True,True,False,0,15,0.001288799976464361
control_concave__uniform__n1000,control_concave,uniform,1000,160,0.0,0.0,0.7882117882117882,0.3836163836163836,nan,True,False,False,False,False,1,15,0.0013152000028640032
control_concave__uniform__n1000,control_concave,uniform,1000,161,0.0,0.0,0.0,0.5754245754245755,0.5754245754245755,False,True,True,True,False,0,15,0.0013951000291854143
control_concave__uniform__n1000,control_concave,uniform,1000,162,0.0,0.0,0.0,0.5114885114885115,0.5114885114885115,False,True,True,True,False,0,16,0.0014537000097334385
control_concave__uniform__n1000,control_concave,uniform,1000,163,0.0,0.0,0.0,0.5754245754245755,0.5754245754245755,False,True,True,True,False,0,14,0.001400900015141815
control_concave__uniform__n1000,control_concave,uniform,1000,164,0.0,0.0,0.0,0.5754245754245755,0.5754245754245755,False,True,True,True,False,0,14,0.0014016000204719603
control_concave__uniform__n1000,control_concave,uniform,1000,165,0.0,0.0,0.0,0.5754245754245755,0.5754245754245755,False,True,True,True,False,0,14,0.001261299999896437
control_concave__uniform__n1000,control_concave,uniform,1000,166,0.0,0.0,0.0,0.5754245754245755,0.5754245754245755,False,True,True,True,False,0,14,0.0014027999714016914
control_concave__uniform__n1000,control_concave,uniform,1000,167,0.0,0.0,0.0,0.5754245754245755,0.5754245754245755,False,True,True,True,False,0,14,0.0015489000361412764
control_concave__uniform__n1000,control_concave,uniform,1000,168,0.0,0.0,0.0,0.5754245754245755,0.5754245754245755,False,True,True,True,False,0,14,0.0016686999588273466
control_concave__uniform__n1000,control_concave,uniform,1000,169,0.0,0.0,0.0,0.5754245754245755,0.5754245754245755,False,True,True,True,False,0,14,0.0016284000012092292
control_concave__uniform__n1000,control_concave,uniform,1000,170,0.0,0.0,0.0,0.5754245754245755,0.5754245754245755,False,True,True,True,False,0,14,0.001504999992903322
control_concave__uniform__n1000,control_concave,uniform,1000,171,0.0,0.0,0.0,0.5754245754245755,0.5754245754245755,False,True,True,True,False,0,14,0.0015845999587327242
control_concave__uniform__n1000,control_concave,uniform,1000,172,0.0,0.0,0.0,0.5754245754245755,0.5754245754245755,False,True,True,True,False,0,15,0.0014500999823212624
control_concave__uniform__n1000,control_concave,uniform,1000,173,0.0,0.0,0.0,0.5754245754245755,0.5754245754245755,False,True,True,True,False,0,14,0.0013838000013493001
control_concave__uniform__n1000,control_concave,uniform,1000,174,0.0,0.0,0.0,0.5754245754245755,0.5754245754245755,False,True,True,True,False,0,15,0.001431400014553219
control_concave__uniform__n1000,control_concave,uniform,1000,175,0.0,0.0,0.0,0.5754245754245755,0.5754245754245755,False,True,True,True,False,0,14,0.001387599972076714
control_concave__uniform__n1000,control_concave,uniform,1000,176,0.0,0.0,0.0,0.3836163836163836,0.3836163836163836,False,True,True,True,False,0,16,0.001408900017850101
control_concave__uniform__n1000,control_concave,uniform,1000,177,0.0,0.0,0.0,0.5754245754245755,0.5754245754245755,False,True,True,True,False,0,14,0.001171100011561066
control_concave__uniform__n1000,control_concave,uniform,1000,178,0.0,0.0,0.0,0.5754245754245755,0.5754245754245755,False,True,True,True,False,0,16,0.0012589000398293138
control_concave__uniform__n1000,control_concave,uniform,1000,179,0.0,0.0,0.0,0.44755244755244755,0.44755244755244755,False,True,True,True,False,0,16,0.0013715000241063535
control_concave__uniform__n1000,control_concave,uniform,1000,180,0.0,0.0,0.0,0.5754245754245755,0.5754245754245755,False,True,True,True,False,0,14,0.0016684000147506595
control_concave__uniform__n1000,control_concave,uniform,1000,181,0.0,0.0,0.0,0.5754245754245755,0.5754245754245755,False,True,True,True,False,0,14,0.0015656999894417822
control_concave__uniform__n1000,control_concave,uniform,1000,182,0.0,0.0,0.0,0.5754245754245755,0.5754245754245755,False,True,True,True,False,0,16,0.0015289000002667308
control_concave__uniform__n1000,control_concave,uniform,1000,183,0.0,0.0,0.0,0.5754245754245755,0.5754245754245755,False,True,True,True,False,0,14,0.0014278999879024923
control_concave__uniform__n1000,control_concave,uniform,1000,184,0.0,0.0,0.0,0.5754245754245755,0.5754245754245755,False,True,True,True,False,0,14,0.0013702999567613006
control_concave__uniform__n1000,control_concave,uniform,1000,185,0.0,0.0,0.0,0.5754245754245755,0.5754245754245755,False,True,True,True,False,0,14,0.0014902999973855913
control_concave__uniform__n1000,control_concave,uniform,1000,186,0.0,0.0,0.0,0.3836163836163836,0.3836163836163836,False,True,True,True,False,0,15,0.0014937000232748687
control_concave__uniform__n1000,control_concave,uniform,1000,187,0.0,0.0,0.0,0.5754245754245755,0.5754245754245755,False,True,True,True,False,0,14,0.0015830000047571957
control_concave__uniform__n1000,control_concave,uniform,1000,188,0.0,0.0,0.0,0.5754245754245755,0.5754245754245755,False,True,True,True,False,0,14,0.0014054999919608235
control_concave__uniform__n1000,control_concave,uniform,1000,189,0.0,0.0,0.0,0.3836163836163836,0.3836163836163836,False,True,True,True,False,0,16,0.00137489999178797
control_concave__uniform__n1000,control_concave,uniform,1000,190,0.0,0.0,0.0,0.5754245754245755,0.5754245754245755,False,True,True,True,False,0,14,0.0015222000074572861
control_concave__uniform__n1000,control_concave,uniform,1000,191,0.0,0.0,0.0,0.5754245754245755,0.5754245754245755,False,True,True,True,False,0,14,0.0016476999735459685
control_concave__uniform__n1000,control_concave,uniform,1000,192,0.0,0.0,0.0,0.5754245754245755,0.5754245754245755,False,True,True,True,False,0,16,0.0014648999786004424
control_concave__uniform__n1000,control_concave,uniform,1000,193,0.0,0.0,0.0,0.5754245754245755,0.5754245754245755,False,True,True,True,False,0,15,0.0015574999852105975
control_concave__uniform__n1000,control_concave,uniform,1000,194,0.0,0.0,0.0,0.5754245754245755,0.5754245754245755,False,True,True,True,False,0,14,0.0017510000034235418
control_concave__uniform__n1000,control_concave,uniform,1000,195,0.0,0.0,0.6243756243756243,0.5754245754245755,nan,True,False,False,False,False,1,14,0.0015119999879971147
control_concave__uniform__n1000,control_concave,uniform,1000,196,0.0,0.0,0.0,0.5754245754245755,0.5754245754245755,False,True,True,True,False,0,14,0.0013386000064201653
control_concave__uniform__n1000,control_concave,uniform,1000,197,0.0,0.0,0.0,0.5754245754245755,0.5754245754245755,False,True,True,True,False,0,14,0.0014236999559216201
control_concave__uniform__n1000,control_concave,uniform,1000,198,0.0,0.0,0.0,0.5754245754245755,0.5754245754245755,False,True,True,True,False,0,14,0.0015316999633796513
control_concave__uniform__n1000,control_concave,uniform,1000,199,0.0,0.0,0.0,0.5754245754245755,0.5754245754245755,False,True,True,True,False,0,14,0.0015714999753981829
paper_f1_cusp__beta_4_8__n1000,paper_f1_cusp,beta_4_8,1000,0,0.3,0.3,0.2621626622008632,0.3389546048991777,0.07679194269831452,False,True,True,True,False,16,17,0.0016351999947801232
paper_f1_cusp__beta_4_8__n1000,paper_f1_cusp,beta_4_8,1000,1,0.3,0.3,0.2677785170483475,0.3389546048991777,0.07117608785083024,False,True,True,True,False,16,19,0.002098000026308
paper_f1_cusp__beta_4_8__n1000,paper_f1_cusp,beta_4_8,1000,2,0.3,0.3,0.27334297394219775,0.3503514615022955,0.07700848756009776,False,True,True,True,False,17,17,0.0016307999612763524
paper_f1_cusp__beta_4_8__n1000,paper_f1_cusp,beta_4_8,1000,3,0.3,0.3,0.27334297394219775,0.3389546048991777,0.06561163095697997,False,True,True,True,False,19,19,0.0015622999635525048
paper_f1_cusp__beta_4_8__n1000,paper_f1_cusp,beta_4_8,1000,4,0.3,0.3,0.2621626622008632,0.3503514615022955,0.08818879930143231,False,True,True,True,False,16,17,0.0018720999942161143
paper_f1_cusp__beta_4_8__n1000,paper_f1_cusp,beta_4_8,1000,5,0.3,0.3,0.2621626622008632,0.37411489681439225,0.11195223461352904,False,True,True,True,False,17,16,0.001665899995714426
paper_f1_cusp__beta_4_8__n1000,paper_f1_cusp,beta_4_8,1000,6,0.3,0.3,0.2621626622008632,0.3389546048991777,0.07679194269831452,False,True,True,True,False,16,18,0.0014984000008553267
paper_f1_cusp__beta_4_8__n1000,paper_f1_cusp,beta_4_8,1000,7,0.3,0.3,0.2816152076271067,0.3389546048991777,0.057339397272071047,False,True,True,True,False,19,21,0.0018230999703519046
paper_f1_cusp__beta_4_8__n1000,paper_f1_cusp,beta_4_8,1000,8,0.3,0.3,0.2677785170483475,0.3389546048991777,0.07117608785083024,False,True,True,True,False,19,18,0.0015388000174425542
paper_f1_cusp__beta_4_8__n1000,paper_f1_cusp,beta_4_8,1000,9,0.3,0.3,0.27334297394219775,0.3389546048991777,0.06561163095697997,False,True,True,True,False,17,19,0.0016754000098444521
paper_f1_cusp__beta_4_8__n1000,paper_f1_cusp,beta_4_8,1000,10,0.3,0.3,0.27334297394219775,0.3333435445545661,0.060000570612368354,False,True,True,True,False,20,20,0.0016680000117048621
paper_f1_cusp__beta_4_8__n1000,paper_f1_cusp,beta_4_8,1000,11,0.3,0.3,0.2677785170483475,0.3389546048991777,0.07117608785083024,False,True,True,True,False,16,21,0.0014836000045761466
paper_f1_cusp__beta_4_8__n1000,paper_f1_cusp,beta_4_8,1000,12,0.3,0.3,0.2816152076271067,0.3389546048991777,0.057339397272071047,False,True,True,True,False,18,18,0.0014179000281728804
paper_f1_cusp__beta_4_8__n1000,paper_f1_cusp,beta_4_8,1000,13,0.3,0.3,0.27334297394219775,0.34462095097393486,0.0712779770317371,False,True,True,True,False,16,17,0.0016110000433400273
paper_f1_cusp__beta_4_8__n1000,paper_f1_cusp,beta_4_8,1000,14,0.3,0.3,0.27334297394219775,0.3389546048991777,0.06561163095697997,False,True,True,True,False,16,19,0.0014877999783493578
paper_f1_cusp__beta_4_8__n1000,paper_f1_cusp,beta_4_8,1000,15,0.3,0.3,0.2677785170483475,0.3389546048991777,0.07117608785083024,False,True,True,True,False,17,18,0.0014817000483162701
paper_f1_cusp__beta_4_8__n1000,paper_f1_cusp,beta_4_8,1000,16,0.3,0.3,0.2677785170483475,0.3389546048991777,0.07117608785083024,False,True,True,True,False,18,18,0.0014429999864660203
paper_f1_cusp__beta_4_8__n1000,paper_f1_cusp,beta_4_8,1000,17,0.3,0.3,0.2677785170483475,0.3389546048991777,0.07117608785083024,False,True,True,True,False,16,21,0.0014956999802961946
paper_f1_cusp__beta_4_8__n1000,paper_f1_cusp,beta_4_8,1000,18,0.3,0.3,0.2677785170483475,0.3389546048991777,0.07117608785083024,False,True,True,True,False,17,17,0.001403900037985295
paper_f1_cusp__beta_4_8__n1000,paper_f1_cusp,beta_4_8,1000,19,0.3,0.3,0.2621626622008632,0.3389546048991777,0.07679194269831452,False,True,True,True,False,14,19,0.0016287000034935772
paper_f1_cusp__beta_4_8__n1000,paper_f1_cusp,beta_4_8,1000,20,0.3,0.3,0.2677785170483475,0.3503514615022955,0.08257294445394803,False,True,True,True,False,18,16,0.0016244000289589167
paper_f1_cusp__beta_4_8__n1000,paper_f1_cusp,beta_4_8,1000,21,0.3,0.3,0.2677785170483475,0.3389546048991777,0.07117608785083024,False,True,True,True,False,18,21,0.0014037000364623964
paper_f1_cusp__beta_4_8__n1000,paper_f1_cusp,beta_4_8,1000,22,0.3,0.3,0.2621626622008632,0.34462095097393486,0.08245828877307165,False,True,True,True,False,18,18,0.0012368999887257814
paper_f1_cusp__beta_4_8__n1000,paper_f1_cusp,beta_4_8,1000,23,0.3,0.3,0.27334297394219775,0.3333435445545661,0.060000570612368354,False,True,True,True,False,17,21,0.0015510999946855009
paper_f1_cusp__beta_4_8__n1000,paper_f1_cusp,beta_4_8,1000,24,0.3,0.3,0.2788661470779192,0.31675938266556974,0.037893235587650564,False,True,True,True,False,17,16,0.001566199993249029
paper_f1_cusp__beta_4_8__n1000,paper_f1_cusp,beta_4_8,1000,25,0.3,0.3,0.2621626622008632,0.3389546048991777,0.07679194269831452,False,True,True,True,False,16,17,0.0016684000147506595
paper_f1_cusp__beta_4_8__n1000,paper_f1_cusp,beta_4_8,1000,26,0.3,0.3,0.2677785170483475,0.3389546048991777,0.07117608785083024,False,True,True,True,False,18,19,0.0014441999956034124
paper_f1_cusp__beta_4_8__n1000,paper_f1_cusp,beta_4_8,1000,27,0.3,0.3,0.2788661470779192,0.3389546048991777,0.060088457821258545,False,True,True,True,False,20,18,0.001916100038215518
paper_f1_cusp__beta_4_8__n1000,paper_f1_cusp,beta_4_8,1000,28,0.3,0.3,0.2621626622008632,0.3389546048991777,0.07679194269831452,False,True,True,True,False,18,18,0.0014921000110916793
paper_f1_cusp__beta_4_8__n1000,paper_f1_cusp,beta_4_8,1000,29,0.3,0.3,0.2621626622008632,0.34462095097393486,0.08245828877307165,False,True,True,True,False,16,19,0.0015899999998509884
paper_f1_cusp__beta_4_8__n1000,paper_f1_cusp,beta_4_8,1000,30,0.3,0.3,0.2677785170483475,0.3503514615022955,0.08257294445394803,False,True,True,True,False,18,15,0.002238200046122074
paper_f1_cusp__beta_4_8__n1000,paper_f1_cusp,beta_4_8,1000,31,0.3,0.3,0.3034488456114855,0.3389546048991777,0.03550575928769223,False,False,True,False,False,22,19,0.0022266999585554004
paper_f1_cusp__beta_4_8__n1000,paper_f1_cusp,beta_4_8,1000,32,0.3,0.3,0.2621626622008632,0.3503514615022955,0.08818879930143231,False,True,True,True,False,17,15,0.0017867999849840999
paper_f1_cusp__beta_4_8__n1000,paper_f1_cusp,beta_4_8,1000,33,0.3,0.3,0.2788661470779192,0.3389546048991777,0.060088457821258545,False,True,True,True,False,18,18,0.0016313999658450484
paper_f1_cusp__beta_4_8__n1000,paper_f1_cusp,beta_4_8,1000,34,0.3,0.3,0.2677785170483475,0.3389546048991777,0.07117608785083024,False,True,True,True,False,15,18,0.001825900049880147
paper_f1_cusp__beta_4_8__n1000,paper_f1_cusp,beta_4_8,1000,35,0.3,0.3,0.2788661470779192,0.3389546048991777,0.060088457821258545,False,True,True,True,False,20,18,0.0019331999938003719
paper_f1_cusp__beta_4_8__n1000,paper_f1_cusp,beta_4_8,1000,36,0.3,0.3,0.2677785170483475,0.3389546048991777,0.07117608785083024,False,True,True,True,False,18,17,0.001828799955546856
paper_f1_cusp__beta_4_8__n1000,paper_f1_cusp,beta_4_8,1000,37,0.3,0.3,0.2677785170483475,0.3389546048991777,0.07117608785083024,False,True,True,True,False,17,18,0.0015166000230237842
paper_f1_cusp__beta_4_8__n1000,paper_f1_cusp,beta_4_8,1000,38,0.3,0.3,0.2621626622008632,0.3503514615022955,0.08818879930143231,False,True,True,True,False,17,16,0.0015888999914750457
paper_f1_cusp__beta_4_8__n1000,paper_f1_cusp,beta_4_8,1000,39,0.3,0.3,0.2677785170483475,0.32225389228697016,0.05447537523862267,False,True,True,True,False,18,20,0.0015102000324986875
paper_f1_cusp__beta_4_8__n1000,paper_f1_cusp,beta_4_8,1000,40,0.3,0.3,0.2564843766503974,0.3503514615022955,0.0938670848518981,False,True,True,True,False,16,16,0.0016265999875031412
paper_f1_cusp__beta_4_8__n1000,paper_f1_cusp,beta_4_8,1000,41,0.3,0.3,0.2677785170483475,0.3389546048991777,0.07117608785083024,False,True,True,True,False,16,18,0.0016109999851323664
paper_f1_cusp__beta_4_8__n1000,paper_f1_cusp,beta_4_8,1000,42,0.3,0.3,0.2677785170483475,0.3389546048991777,0.07117608785083024,False,True,True,True,False,17,21,0.0017012999742291868
paper_f1_cusp__beta_4_8__n1000,paper_f1_cusp,beta_4_8,1000,43,0.3,0.3,0.27334297394219775,0.3389546048991777,0.06561163095697997,False,True,True,True,False,14,19,0.0016333999810740352
paper_f1_cusp__beta_4_8__n1000,paper_f1_cusp,beta_4_8,1000,44,0.3,0.3,0.2677785170483475,0.3389546048991777,0.07117608785083024,False,True,True,True,False,19,18,0.0016417000442743301
paper_f1_cusp__beta_4_8__n1000,paper_f1_cusp,beta_4_8,1000,45,0.3,0.3,0.2677785170483475,0.3389546048991777,0.07117608785083024,False,True,True,True,False,17,19,0.0018880999996326864
paper_f1_cusp__beta_4_8__n1000,paper_f1_cusp,beta_4_8,1000,46,0.3,0.3,0.27334297394219775,0.3389546048991777,0.06561163095697997,False,True,True,True,False,18,19,0.0016754999523982406
paper_f1_cusp__beta_4_8__n1000,paper_f1_cusp,beta_4_8,1000,47,0.3,0.3,0.2621626622008632,0.3503514615022955,0.08818879930143231,False,True,True,True,False,15,16,0.0016333999810740352
paper_f1_cusp__beta_4_8__n1000,paper_f1_cusp,beta_4_8,1000,48,0.3,0.3,0.2677785170483475,0.3389546048991777,0.07117608785083024,False,True,True,True,False,19,20,0.001427199982572347
paper_f1_cusp__beta_4_8__n1000,paper_f1_cusp,beta_4_8,1000,49,0.3,0.3,0.2677785170483475,0.3389546048991777,0.07117608785083024,False,True,True,True,False,18,18,0.0015045000473037362
paper_f1_cusp__beta_4_8__n1000,paper_f1_cusp,beta_4_8,1000,50,0.3,0.3,0.2677785170483475,0.3389546048991777,0.07117608785083024,False,True,True,True,False,16,19,0.0012923999456688762
paper_f1_cusp__beta_4_8__n1000,paper_f1_cusp,beta_4_8,1000,51,0.3,0.3,0.2621626622008632,0.12597150827766312,nan,True,False,False,False,False,16,18,0.0014062999980524182
paper_f1_cusp__beta_4_8__n1000,paper_f1_cusp,beta_4_8,1000,52,0.3,0.3,0.2788661470779192,0.3389546048991777,0.060088457821258545,False,True,True,True,False,17,18,0.0013030999689362943
paper_f1_cusp__beta_4_8__n1000,paper_f1_cusp,beta_4_8,1000,53,0.3,0.3,0.2788661470779192,0.3267406016913319,0.04787445461341272,False,True,True,False,False,20,20,0.001723300025332719
paper_f1_cusp__beta_4_8__n1000,paper_f1_cusp,beta_4_8,1000,54,0.3,0.3,0.2621626622008632,0.3389546048991777,0.07679194269831452,False,True,True,True,False,16,19,0.0016191999893635511
paper_f1_cusp__beta_4_8__n1000,paper_f1_cusp,beta_4_8,1000,55,0.3,0.3,0.2677785170483475,0.3333435445545661,0.06556502750621862,False,True,True,True,False,19,19,0.0018314000335521996
paper_f1_cusp__beta_4_8__n1000,paper_f1_cusp,beta_4_8,1000,56,0.3,0.3,0.6429197377028213,0.3389546048991777,nan,True,False,False,False,False,17,18,0.0013633999624289572
paper_f1_cusp__beta_4_8__n1000,paper_f1_cusp,beta_4_8,1000,57,0.3,0.3,0.2677785170483475,0.3333435445545661,0.06556502750621862,False,True,True,True,False,18,19,0.0015564999775961041
paper_f1_cusp__beta_4_8__n1000,paper_f1_cusp,beta_4_8,1000,58,0.3,0.3,0.27334297394219775,0.3389546048991777,0.06561163095697997,False,True,True,True,False,18,20,0.001655799977015704
paper_f1_cusp__beta_4_8__n1000,paper_f1_cusp,beta_4_8,1000,59,0.3,0.3,0.2677785170483475,0.3333435445545661,0.06556502750621862,False,True,True,True,False,19,18,0.0016343000461347401
paper_f1_cusp__beta_4_8__n1000,paper_f1_cusp,beta_4_8,1000,60,0.3,0.3,0.2621626622008632,0.3503514615022955,0.08818879930143231,False,True,True,True,False,15,17,0.0015499999863095582
paper_f1_cusp__beta_4_8__n1000,paper_f1_cusp,beta_4_8,1000,61,0.3,0.3,0.2677785170483475,0.3389546048991777,0.07117608785083024,False,True,True,True,False,17,20,0.0017938000382855535
paper_f1_cusp__beta_4_8__n1000,paper_f1_cusp,beta_4_8,1000,62,0.3,0.3,0.2898255775413042,0.34462095097393486,0.054795373432630634,False,True,True,True,False,21,18,0.00151269999332726
paper_f1_cusp__beta_4_8__n1000,paper_f1_cusp,beta_4_8,1000,63,0.3,0.3,0.27334297394219775,0.3389546048991777,0.06561163095697997,False,True,True,True,False,17,20,0.001330800005234778
paper_f1_cusp__beta_4_8__n1000,paper_f1_cusp,beta_4_8,1000,64,0.3,0.3,0.2621626622008632,0.3389546048991777,0.07679194269831452,False,True,True,True,False,19,18,0.001394399965647608
paper_f1_cusp__beta_4_8__n1000,paper_f1_cusp,beta_4_8,1000,65,0.3,0.3,0.2788661470779192,0.3389546048991777,0.060088457821258545,False,True,True,True,False,19,18,0.0013771000085398555
paper_f1_cusp__beta_4_8__n1000,paper_f1_cusp,beta_4_8,1000,66,0.3,0.3,0.27334297394219775,0.3389546048991777,0.06561163095697997,False,True,True,True,False,18,17,0.0016191999893635511
paper_f1_cusp__beta_4_8__n1000,paper_f1_cusp,beta_4_8,1000,67,0.3,0.3,0.2621626622008632,0.3389546048991777,0.07679194269831452,False,True,True,True,False,17,19,0.0018474999815225601
paper_f1_cusp__beta_4_8__n1000,paper_f1_cusp,beta_4_8,1000,68,0.3,0.3,0.2621626622008632,0.3389546048991777,0.07679194269831452,False,True,True,True,False,18,17,0.0015428999904543161
paper_f1_cusp__beta_4_8__n1000,paper_f1_cusp,beta_4_8,1000,69,0.3,0.3,0.2621626622008632,0.32225389228697016,0.06009123008610695,False,True,True,True,False,19,19,0.0017349999980069697
paper_f1_cusp__beta_4_8__n1000,paper_f1_cusp,beta_4_8,1000,70,0.3,0.3,0.2843574157902149,0.32225389228697016,0.03789647649675526,False,True,True,True,False,20,25,0.0015789999742992222
paper_f1_cusp__beta_4_8__n1000,paper_f1_cusp,beta_4_8,1000,71,0.3,0.3,0.2677785170483475,0.3389546048991777,0.07117608785083024,False,True,True,True,False,16,18,0.0013621000107377768
paper_f1_cusp__beta_4_8__n1000,paper_f1_cusp,beta_4_8,1000,72,0.3,0.3,0.2621626622008632,0.3389546048991777,0.07679194269831452,False,True,True,True,False,19,17,0.0014812999870628119
paper_f1_cusp__beta_4_8__n1000,paper_f1_cusp,beta_4_8,1000,73,0.3,0.3,0.2677785170483475,0.3503514615022955,0.08257294445394803,False,True,True,True,False,16,16,0.0017034999909810722
paper_f1_cusp__beta_4_8__n1000,paper_f1_cusp,beta_4_8,1000,74,0.3,0.3,0.27334297394219775,0.34462095097393486,0.0712779770317371,False,True,True,True,False,18,17,0.001490800001192838
paper_f1_cusp__beta_4_8__n1000,paper_f1_cusp,beta_4_8,1000,75,0.3,0.3,0.2621626622008632,0.3503514615022955,0.08818879930143231,False,True,True,True,False,15,17,0.0012958000297658145
paper_f1_cusp__beta_4_8__n1000,paper_f1_cusp,beta_4_8,1000,76,0.3,0.3,0.2677785170483475,0.3333435445545661,0.06556502750621862,False,True,True,True,False,17,20,0.0014284999924711883
paper_f1_cusp__beta_4_8__n1000,paper_f1_cusp,beta_4_8,1000,77,0.3,0.3,0.2677785170483475,0.3389546048991777,0.07117608785083024,False,True,True,True,False,17,19,0.0013070999993942678
paper_f1_cusp__beta_4_8__n1000,paper_f1_cusp,beta_4_8,1000,78,0.3,0.3,0.2677785170483475,0.3389546048991777,0.07117608785083024,False,True,True,True,False,17,17,0.0014304000069387257
paper_f1_cusp__beta_4_8__n1000,paper_f1_cusp,beta_4_8,1000,79,0.3,0.3,0.27334297394219775,0.3389546048991777,0.06561163095697997,False,True,True,True,False,19,21,0.0017015999765135348
paper_f1_cusp__beta_4_8__n1000,paper_f1_cusp,beta_4_8,1000,80,0.3,0.3,0.2677785170483475,0.3389546048991777,0.07117608785083024,False,True,True,True,False,18,20,0.0017528999596834183
paper_f1_cusp__beta_4_8__n1000,paper_f1_cusp,beta_4_8,1000,81,0.3,0.3,0.2677785170483475,0.3389546048991777,0.07117608785083024,False,True,True,True,False,18,19,0.0014771000132896006
paper_f1_cusp__beta_4_8__n1000,paper_f1_cusp,beta_4_8,1000,82,0.3,0.3,0.27334297394219775,0.34462095097393486,0.0712779770317371,False,True,True,True,False,18,18,0.0015335000352934003
paper_f1_cusp__beta_4_8__n1000,paper_f1_cusp,beta_4_8,1000,83,0.3,0.3,0.2677785170483475,0.3389546048991777,0.07117608785083024,False,True,True,True,False,20,18,0.001482499996200204
paper_f1_cusp__beta_4_8__n1000,paper_f1_cusp,beta_4_8,1000,84,0.3,0.3,0.27334297394219775,0.3389546048991777,0.06561163095697997,False,True,True,True,False,18,21,0.0014102000277489424
paper_f1_cusp__beta_4_8__n1000,paper_f1_cusp,beta_4_8,1000,85,0.3,0.3,0.2621626622008632,0.34462095097393486,0.08245828877307165,False,True,True,True,False,18,16,0.0017321000341325998
paper_f1_cusp__beta_4_8__n1000,paper_f1_cusp,beta_4_8,1000,86,0.3,0.3,0.2677785170483475,0.3195032524103262,0.05172473536197869,False,True,True,True,False,18,23,0.0017185999895446002
paper_f1_cusp__beta_4_8__n1000,paper_f1_cusp,beta_4_8,1000,87,0.3,0.3,0.2621626622008632,0.34462095097393486,0.08245828877307165,False,True,True,True,False,15,19,0.001451799995265901
paper_f1_cusp__beta_4_8__n1000,paper_f1_cusp,beta_4_8,1000,88,0.3,0.3,0.27334297394219775,0.3389546048991777,0.06561163095697997,False,True,True,True,False,18,18,0.0018213000148534775
paper_f1_cusp__beta_4_8__n1000,paper_f1_cusp,beta_4_8,1000,89,0.3,0.3,0.2843574157902149,0.34462095097393486,0.06026353518371996,False,True,True,True,False,19,19,0.001520399993751198
paper_f1_cusp__beta_4_8__n1000,paper_f1_cusp,beta_4_8,1000,90,0.3,0.3,0.2677785170483475,0.3333435445545661,0.06556502750621862,False,True,True,True,False,15,18,0.0013700000126846135
paper_f1_cusp__beta_4_8__n1000,paper_f1_cusp,beta_4_8,1000,91,0.3,0.3,0.2677785170483475,0.3389546048991777,0.07117608785083024,False,True,True,True,False,16,20,0.0016861000331118703
paper_f1_cusp__beta_4_8__n1000,paper_f1_cusp,beta_4_8,1000,92,0.3,0.3,0.2677785170483475,0.3389546048991777,0.07117608785083024,False,True,True,True,False,16,19,0.0015746999997645617
paper_f1_cusp__beta_4_8__n1000,paper_f1_cusp,beta_4_8,1000,93,0.3,0.3,0.2677785170483475,0.3389546048991777,0.07117608785083024,False,True,True,True,False,20,17,0.00150830001803115
paper_f1_cusp__beta_4_8__n1000,paper_f1_cusp,beta_4_8,1000,94,0.3,0.3,0.2677785170483475,0.3389546048991777,0.07117608785083024,False,True,True,True,False,17,19,0.0015981000033207238
paper_f1_cusp__beta_4_8__n1000,paper_f1_cusp,beta_4_8,1000,95,0.3,0.3,0.2677785170483475,0.3389546048991777,0.07117608785083024,False,True,True,True,False,16,19,0.0014891999890096486
paper_f1_cusp__beta_4_8__n1000,paper_f1_cusp,beta_4_8,1000,96,0.3,0.3,0.35835312414246184,0.3333435445545661,nan,True,False,False,False,False,19,21,0.0013880999758839607
paper_f1_cusp__beta_4_8__n1000,paper_f1_cusp,beta_4_8,1000,97,0.3,0.3,0.2677785170483475,0.3389546048991777,0.07117608785083024,False,True,True,True,False,16,22,0.0016480999765917659
paper_f1_cusp__beta_4_8__n1000,paper_f1_cusp,beta_4_8,1000,98,0.3,0.3,0.2621626622008632,0.37411489681439225,0.11195223461352904,False,True,True,True,False,17,15,0.0017622000304982066
paper_f1_cusp__beta_4_8__n1000,paper_f1_cusp,beta_4_8,1000,99,0.3,0.3,0.2677785170483475,0.3389546048991777,0.07117608785083024,False,True,True,True,False,17,19,0.001586599973961711
paper_f1_cusp__beta_4_8__n1000,paper_f1_cusp,beta_4_8,1000,100,0.3,0.3,0.2677785170483475,0.3389546048991777,0.07117608785083024,False,True,True,True,False,16,19,0.00195569999050349
paper_f1_cusp__beta_4_8__n1000,paper_f1_cusp,beta_4_8,1000,101,0.3,0.3,0.2816152076271067,0.3389546048991777,0.057339397272071047,False,True,True,True,False,17,18,0.0016341999871656299
paper_f1_cusp__beta_4_8__n1000,paper_f1_cusp,beta_4_8,1000,102,0.3,0.3,0.2677785170483475,0.3333435445545661,0.06556502750621862,False,True,True,True,False,18,18,0.001433699973858893
paper_f1_cusp__beta_4_8__n1000,paper_f1_cusp,beta_4_8,1000,103,0.3,0.3,0.2621626622008632,0.3389546048991777,0.07679194269831452,False,True,True,True,False,16,20,0.0014882999821566045
paper_f1_cusp__beta_4_8__n1000,paper_f1_cusp,beta_4_8,1000,104,0.3,0.3,0.2621626622008632,0.3389546048991777,0.07679194269831452,False,True,True,True,False,16,19,0.0017521000117994845
paper_f1_cusp__beta_4_8__n1000,paper_f1_cusp,beta_4_8,1000,105,0.3,0.3,0.2677785170483475,0.3333435445545661,0.06556502750621862,False,True,True,True,False,20,18,0.001645800017286092
paper_f1_cusp__beta_4_8__n1000,paper_f1_cusp,beta_4_8,1000,106,0.3,0.3,0.2677785170483475,0.3389546048991777,0.07117608785083024,False,True,True,True,False,19,17,0.0016397000290453434
paper_f1_cusp__beta_4_8__n1000,paper_f1_cusp,beta_4_8,1000,107,0.3,0.3,0.27334297394219775,0.2301828275443284,nan,True,False,False,False,False,19,17,0.001559700001962483
paper_f1_cusp__beta_4_8__n1000,paper_f1_cusp,beta_4_8,1000,108,0.3,0.3,0.2621626622008632,0.3389546048991777,0.07679194269831452,False,True,True,True,False,17,17,0.001774400006979704
paper_f1_cusp__beta_4_8__n1000,paper_f1_cusp,beta_4_8,1000,109,0.3,0.3,0.27334297394219775,0.3389546048991777,0.06561163095697997,False,True,True,True,False,18,20,0.0015652999863959849
paper_f1_cusp__beta_4_8__n1000,paper_f1_cusp,beta_4_8,1000,110,0.3,0.3,0.2677785170483475,0.3389546048991777,0.07117608785083024,False,True,True,True,False,17,19,0.0016639999812468886
paper_f1_cusp__beta_4_8__n1000,paper_f1_cusp,beta_4_8,1000,111,0.3,0.3,0.2621626622008632,0.34462095097393486,0.08245828877307165,False,True,True,True,False,17,18,0.0016107999836094677
paper_f1_cusp__beta_4_8__n1000,paper_f1_cusp,beta_4_8,1000,112,0.3,0.3,0.2677785170483475,0.3389546048991777,0.07117608785083024,False,True,True,True,False,19,17,0.0016254999791271985
paper_f1_cusp__beta_4_8__n1000,paper_f1_cusp,beta_4_8,1000,113,0.3,0.3,0.2843574157902149,0.32225389228697016,0.03789647649675526,False,True,True,True,False,17,20,0.0014703000197187066
paper_f1_cusp__beta_4_8__n1000,paper_f1_cusp,beta_4_8,1000,114,0.3,0.3,0.43403061042010643,0.3389546048991777,nan,True,False,False,False,False,22,20,0.001442599983420223
paper_f1_cusp__beta_4_8__n1000,paper_f1_cusp,beta_4_8,1000,115,0.3,0.3,0.2677785170483475,0.3389546048991777,0.07117608785083024,False,True,True,True,False,16,20,0.0017142000142484903
paper_f1_cusp__beta_4_8__n1000,paper_f1_cusp,beta_4_8,1000,116,0.3,0.3,0.2621626622008632,0.3503514615022955,0.08818879930143231,False,True,True,True,False,15,16,0.0016349999932572246
paper_f1_cusp__beta_4_8__n1000,paper_f1_cusp,beta_4_8,1000,117,0.3,0.3,0.2621626622008632,0.3389546048991777,0.07679194269831452,False,True,True,True,False,15,20,0.0017751000123098493
paper_f1_cusp__beta_4_8__n1000,paper_f1_cusp,beta_4_8,1000,118,0.3,0.3,0.2677785170483475,0.3333435445545661,0.06556502750621862,False,True,True,True,False,17,18,0.0017890000017359853
paper_f1_cusp__beta_4_8__n1000,paper_f1_cusp,beta_4_8,1000,119,0.3,0.3,0.2677785170483475,0.3389546048991777,0.07117608785083024,False,True,True,True,False,21,19,0.0016009999671950936
paper_f1_cusp__beta_4_8__n1000,paper_f1_cusp,beta_4_8,1000,120,0.3,0.3,0.2621626622008632,0.3389546048991777,0.07679194269831452,False,True,True,True,False,15,18,0.0016276999958790839
paper_f1_cusp__beta_4_8__n1000,paper_f1_cusp,beta_4_8,1000,121,0.3,0.3,0.2677785170483475,0.3389546048991777,0.07117608785083024,False,True,True,True,False,19,18,0.0015893999952822924
paper_f1_cusp__beta_4_8__n1000,paper_f1_cusp,beta_4_8,1000,122,0.3,0.3,0.2621626622008632,0.3503514615022955,0.08818879930143231,False,True,True,True,False,17,16,0.0016666000010445714
paper_f1_cusp__beta_4_8__n1000,paper_f1_cusp,beta_4_8,1000,123,0.3,0.3,0.2677785170483475,0.3503514615022955,0.08257294445394803,False,True,True,True,False,18,16,0.0014049000455997884
paper_f1_cusp__beta_4_8__n1000,paper_f1_cusp,beta_4_8,1000,124,0.3,0.3,0.2788661470779192,0.3389546048991777,0.060088457821258545,False,True,True,True,False,19,19,0.0013957000337541103
paper_f1_cusp__beta_4_8__n1000,paper_f1_cusp,beta_4_8,1000,125,0.3,0.3,0.2677785170483475,0.3503514615022955,0.08257294445394803,False,True,True,True,False,18,16,0.0014251999673433602
paper_f1_cusp__beta_4_8__n1000,paper_f1_cusp,beta_4_8,1000,126,0.3,0.3,0.27334297394219775,0.3389546048991777,0.06561163095697997,False,True,True,True,False,17,19,0.002708700019866228
paper_f1_cusp__beta_4_8__n1000,paper_f1_cusp,beta_4_8,1000,127,0.3,0.3,0.27334297394219775,0.3389546048991777,0.06561163095697997,False,True,True,True,False,20,21,0.0023169000050984323
paper_f1_cusp__beta_4_8__n1000,paper_f1_cusp,beta_4_8,1000,128,0.3,0.3,0.2677785170483475,0.3277793360901149,0.060000819041767406,False,True,True,True,False,17,19,0.0017381000216118991
paper_f1_cusp__beta_4_8__n1000,paper_f1_cusp,beta_4_8,1000,129,0.3,0.3,0.2621626622008632,0.3389546048991777,0.07679194269831452,False,True,True,True,False,16,21,0.0017650999943725765
paper_f1_cusp__beta_4_8__n1000,paper_f1_cusp,beta_4_8,1000,130,0.3,0.3,0.2677785170483475,0.3389546048991777,0.07117608785083024,False,True,True,True,False,18,18,0.0015480000292882323
paper_f1_cusp__beta_4_8__n1000,paper_f1_cusp,beta_4_8,1000,131,0.3,0.3,0.2677785170483475,0.3503514615022955,0.08257294445394803,False,True,True,True,False,17,17,0.0015901000006124377
paper_f1_cusp__beta_4_8__n1000,paper_f1_cusp,beta_4_8,1000,132,0.3,0.3,0.2677785170483475,0.3389546048991777,0.07117608785083024,False,True,True,True,False,19,18,0.0015292000025510788
paper_f1_cusp__beta_4_8__n1000,paper_f1_cusp,beta_4_8,1000,133,0.3,0.3,0.2621626622008632,0.34462095097393486,0.08245828877307165,False,True,True,True,False,15,19,0.0015934000257402658
paper_f1_cusp__beta_4_8__n1000,paper_f1_cusp,beta_4_8,1000,134,0.3,0.3,0.2677785170483475,0.3389546048991777,0.07117608785083024,False,True,True,True,False,19,19,0.0018440000130794942
paper_f1_cusp__beta_4_8__n1000,paper_f1_cusp,beta_4_8,1000,135,0.3,0.3,0.2677785170483475,0.3389546048991777,0.07117608785083024,False,True,True,True,False,17,21,0.001785100030247122
paper_f1_cusp__beta_4_8__n1000,paper_f1_cusp,beta_4_8,1000,136,0.3,0.3,0.2677785170483475,0.3389546048991777,0.07117608785083024,False,True,True,True,False,20,19,0.001630100014153868
paper_f1_cusp__beta_4_8__n1000,paper_f1_cusp,beta_4_8,1000,137,0.3,0.3,0.47625899311401787,0.3389546048991777,nan,True,False,False,False,False,16,20,0.0014402000233530998
paper_f1_cusp__beta_4_8__n1000,paper_f1_cusp,beta_4_8,1000,138,0.3,0.3,0.2677785170483475,0.3333435445545661,0.06556502750621862,False,True,True,True,False,17,20,0.0018182999920099974
paper_f1_cusp__beta_4_8__n1000,paper_f1_cusp,beta_4_8,1000,139,0.3,0.3,0.2677785170483475,0.3333435445545661,0.06556502750621862,False,True,True,True,False,16,19,0.0017680999590083957
paper_f1_cusp__beta_4_8__n1000,paper_f1_cusp,beta_4_8,1000,140,0.3,0.3,0.2621626622008632,0.3503514615022955,0.08818879930143231,False,True,True,True,False,15,18,0.001457099977415055
paper_f1_cusp__beta_4_8__n1000,paper_f1_cusp,beta_4_8,1000,141,0.3,0.3,0.27334297394219775,0.3389546048991777,0.06561163095697997,False,True,True,True,False,19,20,0.0015725000412203372
paper_f1_cusp__beta_4_8__n1000,paper_f1_cusp,beta_4_8,1000,142,0.3,0.3,0.2621626622008632,0.3389546048991777,0.07679194269831452,False,True,True,True,False,17,17,0.0016607999568805099
paper_f1_cusp__beta_4_8__n1000,paper_f1_cusp,beta_4_8,1000,143,0.3,0.3,0.2816152076271067,0.31675938266556974,0.035144175038463066,False,True,True,True,False,18,17,0.0016314999666064978
paper_f1_cusp__beta_4_8__n1000,paper_f1_cusp,beta_4_8,1000,144,0.3,0.3,0.2621626622008632,0.3389546048991777,0.07679194269831452,False,True,True,True,False,16,19,0.001310699968598783
paper_f1_cusp__beta_4_8__n1000,paper_f1_cusp,beta_4_8,1000,145,0.3,0.3,0.2677785170483475,0.3389546048991777,0.07117608785083024,False,True,True,True,False,18,21,0.0015255000325851142
paper_f1_cusp__beta_4_8__n1000,paper_f1_cusp,beta_4_8,1000,146,0.3,0.3,0.27334297394219775,0.3389546048991777,0.06561163095697997,False,True,True,True,False,18,18,0.0015030000358819962
paper_f1_cusp__beta_4_8__n1000,paper_f1_cusp,beta_4_8,1000,147,0.3,0.3,0.2677785170483475,0.3389546048991777,0.07117608785083024,False,True,True,True,False,16,17,0.001299199997447431
paper_f1_cusp__beta_4_8__n1000,paper_f1_cusp,beta_4_8,1000,148,0.3,0.3,0.2621626622008632,0.3389546048991777,0.07679194269831452,False,True,True,True,False,16,20,0.0013969000428915024
paper_f1_cusp__beta_4_8__n1000,paper_f1_cusp,beta_4_8,1000,149,0.3,0.3,0.27334297394219775,0.3333435445545661,0.060000570612368354,False,True,True,True,False,19,19,0.0015742999967187643
paper_f1_cusp__beta_4_8__n1000,paper_f1_cusp,beta_4_8,1000,150,0.3,0.3,0.2621626622008632,0.3389546048991777,0.07679194269831452,False,True,True,True,False,16,21,0.0012291999883018434
paper_f1_cusp__beta_4_8__n1000,paper_f1_cusp,beta_4_8,1000,151,0.3,0.3,0.2621626622008632,0.32225389228697016,0.06009123008610695,False,True,True,True,False,18,21,0.0011895999778062105
paper_f1_cusp__beta_4_8__n1000,paper_f1_cusp,beta_4_8,1000,152,0.3,0.3,0.2621626622008632,0.3503514615022955,0.08818879930143231,False,True,True,True,False,15,17,0.001677700027357787
paper_f1_cusp__beta_4_8__n1000,paper_f1_cusp,beta_4_8,1000,153,0.3,0.3,0.2677785170483475,0.3389546048991777,0.07117608785083024,False,True,True,False,False,18,19,0.0015865000314079225
paper_f1_cusp__beta_4_8__n1000,paper_f1_cusp,beta_4_8,1000,154,0.3,0.3,0.2677785170483475,0.34462095097393486,0.07684243392558737,False,True,True,True,False,19,19,0.001454999961424619
paper_f1_cusp__beta_4_8__n1000,paper_f1_cusp,beta_4_8,1000,155,0.3,0.3,0.2621626622008632,0.3389546048991777,0.07679194269831452,False,True,True,True,False,15,16,0.0016635999782010913
paper_f1_cusp__beta_4_8__n1000,paper_f1_cusp,beta_4_8,1000,156,0.3,0.3,0.2843574157902149,0.3389546048991777,0.05459718910896283,False,True,True,True,False,22,20,0.0016983000095933676
paper_f1_cusp__beta_4_8__n1000,paper_f1_cusp,beta_4_8,1000,157,0.3,0.3,0.2621626622008632,0.3333435445545661,0.0711808823537029,False,True,True,True,False,19,20,0.0015329000307247043
paper_f1_cusp__beta_4_8__n1000,paper_f1_cusp,beta_4_8,1000,158,0.3,0.3,0.2621626622008632,0.3333435445545661,0.0711808823537029,False,True,True,True,False,16,18,0.0014131999923847616
paper_f1_cusp__beta_4_8__n1000,paper_f1_cusp,beta_4_8,1000,159,0.3,0.3,0.2677785170483475,0.3389546048991777,0.07117608785083024,False,True,True,True,False,17,19,0.0014902999973855913
paper_f1_cusp__beta_4_8__n1000,paper_f1_cusp,beta_4_8,1000,160,0.3,0.3,0.2788661470779192,0.3333435445545661,0.05447739747664693,False,True,True,True,False,20,21,0.0016341000446118414
paper_f1_cusp__beta_4_8__n1000,paper_f1_cusp,beta_4_8,1000,161,0.3,0.3,0.2621626622008632,0.3389546048991777,0.07679194269831452,False,True,True,True,False,18,20,0.0016717000398784876
paper_f1_cusp__beta_4_8__n1000,paper_f1_cusp,beta_4_8,1000,162,0.3,0.3,0.2621626622008632,0.3389546048991777,0.07679194269831452,False,True,True,True,False,15,18,0.0015452000079676509
paper_f1_cusp__beta_4_8__n1000,paper_f1_cusp,beta_4_8,1000,163,0.3,0.3,0.27334297394219775,0.3333435445545661,0.060000570612368354,False,True,True,True,False,20,20,0.0015620000194758177
paper_f1_cusp__beta_4_8__n1000,paper_f1_cusp,beta_4_8,1000,164,0.3,0.3,0.2677785170483475,0.3389546048991777,0.07117608785083024,False,True,True,True,False,17,19,0.0014293999993242323
paper_f1_cusp__beta_4_8__n1000,paper_f1_cusp,beta_4_8,1000,165,0.3,0.3,0.2677785170483475,0.3389546048991777,0.07117608785083024,False,True,True,True,False,17,19,0.0015998000162653625
paper_f1_cusp__beta_4_8__n1000,paper_f1_cusp,beta_4_8,1000,166,0.3,0.3,0.2788661470779192,0.3389546048991777,0.060088457821258545,False,True,True,True,False,18,18,0.0015728999860584736
paper_f1_cusp__beta_4_8__n1000,paper_f1_cusp,beta_4_8,1000,167,0.3,0.3,0.2621626622008632,0.3389546048991777,0.07679194269831452,False,True,True,True,False,17,18,0.0016704999725334346
paper_f1_cusp__beta_4_8__n1000,paper_f1_cusp,beta_4_8,1000,168,0.3,0.3,0.2621626622008632,0.3389546048991777,0.07679194269831452,False,True,True,True,False,16,21,0.0017096999799832702
paper_f1_cusp__beta_4_8__n1000,paper_f1_cusp,beta_4_8,1000,169,0.3,0.3,0.2677785170483475,0.3389546048991777,0.07117608785083024,False,True,True,True,False,17,19,0.0017351999995298684
paper_f1_cusp__beta_4_8__n1000,paper_f1_cusp,beta_4_8,1000,170,0.3,0.3,0.2621626622008632,0.3333435445545661,0.0711808823537029,False,True,True,True,False,16,19,0.0017511000041849911
paper_f1_cusp__beta_4_8__n1000,paper_f1_cusp,beta_4_8,1000,171,0.3,0.3,0.2677785170483475,0.3389546048991777,0.07117608785083024,False,True,True,True,False,15,19,0.0018469999777153134
paper_f1_cusp__beta_4_8__n1000,paper_f1_cusp,beta_4_8,1000,172,0.3,0.3,0.2621626622008632,0.3389546048991777,0.07679194269831452,False,True,True,True,False,15,20,0.0016896000015549362
paper_f1_cusp__beta_4_8__n1000,paper_f1_cusp,beta_4_8,1000,173,0.3,0.3,0.27334297394219775,0.3389546048991777,0.06561163095697997,False,True,True,True,False,18,19,0.0016936000320129097
paper_f1_cusp__beta_4_8__n1000,paper_f1_cusp,beta_4_8,1000,174,0.3,0.3,0.2677785170483475,0.34462095097393486,0.07684243392558737,False,True,True,True,False,16,17,0.001512400049250573
paper_f1_cusp__beta_4_8__n1000,paper_f1_cusp,beta_4_8,1000,175,0.3,0.3,0.2621626622008632,0.3389546048991777,0.07679194269831452,False,True,True,True,False,17,18,0.0015663000522181392
paper_f1_cusp__beta_4_8__n1000,paper_f1_cusp,beta_4_8,1000,176,0.3,0.3,0.2621626622008632,0.3503514615022955,0.08818879930143231,False,True,True,True,False,19,17,0.001750199997331947
paper_f1_cusp__beta_4_8__n1000,paper_f1_cusp,beta_4_8,1000,177,0.3,0.3,0.2621626622008632,0.3503514615022955,0.08818879930143231,False,True,True,True,False,14,18,0.001997400016989559
paper_f1_cusp__beta_4_8__n1000,paper_f1_cusp,beta_4_8,1000,178,0.3,0.3,0.2677785170483475,0.3333435445545661,0.06556502750621862,False,True,True,True,False,18,20,0.0019211999606341124
paper_f1_cusp__beta_4_8__n1000,paper_f1_cusp,beta_4_8,1000,179,0.3,0.3,0.2621626622008632,0.3389546048991777,0.07679194269831452,False,True,True,True,False,17,17,0.0016335999825969338
paper_f1_cusp__beta_4_8__n1000,paper_f1_cusp,beta_4_8,1000,180,0.3,0.3,0.2898255775413042,0.3333435445545661,0.04351796701326188,False,True,True,True,False,21,23,0.001656099979300052
paper_f1_cusp__beta_4_8__n1000,paper_f1_cusp,beta_4_8,1000,181,0.3,0.3,0.2677785170483475,0.3389546048991777,0.07117608785083024,False,True,True,True,False,16,19,0.0017714999848976731
paper_f1_cusp__beta_4_8__n1000,paper_f1_cusp,beta_4_8,1000,182,0.3,0.3,0.2677785170483475,0.3333435445545661,0.06556502750621862,False,True,True,True,False,18,18,0.00211280002258718
paper_f1_cusp__beta_4_8__n1000,paper_f1_cusp,beta_4_8,1000,183,0.3,0.3,0.2788661470779192,0.3389546048991777,0.060088457821258545,False,True,True,True,False,21,17,0.0015619000187143683
paper_f1_cusp__beta_4_8__n1000,paper_f1_cusp,beta_4_8,1000,184,0.3,0.3,0.2621626622008632,0.3389546048991777,0.07679194269831452,False,True,True,True,False,16,17,0.0018617999739944935
paper_f1_cusp__beta_4_8__n1000,paper_f1_cusp,beta_4_8,1000,185,0.3,0.3,0.2898255775413042,0.3389546048991777,0.0491290273578735,False,True,True,True,False,22,21,0.0016931999707594514
paper_f1_cusp__beta_4_8__n1000,paper_f1_cusp,beta_4_8,1000,186,0.3,0.3,0.2677785170483475,0.3503514615022955,0.08257294445394803,False,True,True,True,False,18,16,0.0017906000139191747
paper_f1_cusp__beta_4_8__n1000,paper_f1_cusp,beta_4_8,1000,187,0.3,0.3,0.2621626622008632,0.3333435445545661,0.0711808823537029,False,True,True,True,False,16,19,0.0016118999919854105
paper_f1_cusp__beta_4_8__n1000,paper_f1_cusp,beta_4_8,1000,188,0.3,0.3,0.2677785170483475,0.3389546048991777,0.07117608785083024,False,True,True,True,False,16,18,0.0017064999556168914
paper_f1_cusp__beta_4_8__n1000,paper_f1_cusp,beta_4_8,1000,189,0.3,0.3,0.2621626622008632,0.3503514615022955,0.08818879930143231,False,True,True,True,False,17,17,0.0016051999991759658
paper_f1_cusp__beta_4_8__n1000,paper_f1_cusp,beta_4_8,1000,190,0.3,0.3,0.2677785170483475,0.3277793360901149,0.060000819041767406,False,True,True,True,False,20,20,0.00150529999518767
paper_f1_cusp__beta_4_8__n1000,paper_f1_cusp,beta_4_8,1000,191,0.3,0.3,0.2843574157902149,0.3333435445545661,0.04898612876435121,False,True,True,True,False,21,20,0.0013951999717392027
paper_f1_cusp__beta_4_8__n1000,paper_f1_cusp,beta_4_8,1000,192,0.3,0.3,0.2621626622008632,0.3333435445545661,0.0711808823537029,False,True,True,True,False,16,18,0.001344699994660914
paper_f1_cusp__beta_4_8__n1000,paper_f1_cusp,beta_4_8,1000,193,0.3,0.3,0.2621626622008632,0.3389546048991777,0.07679194269831452,False,True,True,True,False,17,20,0.0014004000113345683
paper_f1_cusp__beta_4_8__n1000,paper_f1_cusp,beta_4_8,1000,194,0.3,0.3,0.2677785170483475,0.34462095097393486,0.07684243392558737,False,True,True,True,False,16,19,0.0014155000098980963
paper_f1_cusp__beta_4_8__n1000,paper_f1_cusp,beta_4_8,1000,195,0.3,0.3,0.2677785170483475,0.3389546048991777,0.07117608785083024,False,True,True,True,False,17,19,0.0015623999643139541
paper_f1_cusp__beta_4_8__n1000,paper_f1_cusp,beta_4_8,1000,196,0.3,0.3,0.2621626622008632,0.3389546048991777,0.07679194269831452,False,True,True,True,False,16,18,0.0015771999605931342
paper_f1_cusp__beta_4_8__n1000,paper_f1_cusp,beta_4_8,1000,197,0.3,0.3,0.2677785170483475,0.3333435445545661,0.06556502750621862,False,True,True,True,False,19,21,0.0014905999996699393
paper_f1_cusp__beta_4_8__n1000,paper_f1_cusp,beta_4_8,1000,198,0.3,0.3,0.2816152076271067,0.3333435445545661,0.05172833692745943,False,True,True,True,False,21,19,0.0015675000031478703
paper_f1_cusp__beta_4_8__n1000,paper_f1_cusp,beta_4_8,1000,199,0.3,0.3,0.2621626622008632,0.32225389228697016,0.06009123008610695,False,True,True,True,False,18,20,0.001667400007136166
paper_f2_onset__beta_4_8__n1000,paper_f2_onset,beta_4_8,1000,0,0.3,0.3,0.23894571107392268,1.0,0.7610542889260773,False,True,True,True,False,6,0,0.0018899000133387744
paper_f2_onset__beta_4_8__n1000,paper_f2_onset,beta_4_8,1000,1,0.3,0.3,0.21373159418761967,1.0,0.7862684058123803,False,True,True,True,False,6,0,0.0017425999976694584
paper_f2_onset__beta_4_8__n1000,paper_f2_onset,beta_4_8,1000,2,0.3,0.3,0.23894571107392268,1.0,0.7610542889260773,False,True,True,True,False,7,0,0.001906299963593483
paper_f2_onset__beta_4_8__n1000,paper_f2_onset,beta_4_8,1000,3,0.3,0.3,0.23894571107392268,1.0,0.7610542889260773,False,True,True,True,False,7,0,0.0018008999759331346
paper_f2_onset__beta_4_8__n1000,paper_f2_onset,beta_4_8,1000,4,0.3,0.3,0.23894571107392268,1.0,0.7610542889260773,False,True,True,True,False,6,0,0.0017359000048600137
paper_f2_onset__beta_4_8__n1000,paper_f2_onset,beta_4_8,1000,5,0.3,0.3,0.23894571107392268,1.0,0.7610542889260773,False,True,True,True,False,8,0,0.0016451000119559467
paper_f2_onset__beta_4_8__n1000,paper_f2_onset,beta_4_8,1000,6,0.3,0.3,0.21373159418761967,1.0,0.7862684058123803,False,True,True,True,False,5,0,0.0015925000188872218
paper_f2_onset__beta_4_8__n1000,paper_f2_onset,beta_4_8,1000,7,0.3,0.3,0.22979521984573525,1.0,0.7702047801542647,False,True,True,True,False,5,0,0.001645800017286092
paper_f2_onset__beta_4_8__n1000,paper_f2_onset,beta_4_8,1000,8,0.3,0.3,0.23894571107392268,1.0,0.7610542889260773,False,True,True,True,False,5,0,0.001596699992660433
paper_f2_onset__beta_4_8__n1000,paper_f2_onset,beta_4_8,1000,9,0.3,0.3,0.21373159418761967,1.0,0.7862684058123803,False,True,True,True,False,6,0,0.0015286999987438321
paper_f2_onset__beta_4_8__n1000,paper_f2_onset,beta_4_8,1000,10,0.3,0.3,0.21373159418761967,1.0,0.7862684058123803,False,True,True,True,False,5,0,0.0017562999855726957
paper_f2_onset__beta_4_8__n1000,paper_f2_onset,beta_4_8,1000,11,0.3,0.3,0.18466816233164304,1.0,0.8153318376683569,False,True,True,True,False,6,0,0.0015971000539138913
paper_f2_onset__beta_4_8__n1000,paper_f2_onset,beta_4_8,1000,12,0.3,0.3,0.40024536496217933,1.0,0.5997546350378207,False,False,True,False,False,7,0,0.002137600036803633
paper_f2_onset__beta_4_8__n1000,paper_f2_onset,beta_4_8,1000,13,0.3,0.3,0.21373159418761967,1.0,0.7862684058123803,False,True,True,True,False,6,0,0.0017807999975048006
paper_f2_onset__beta_4_8__n1000,paper_f2_onset,beta_4_8,1000,14,0.3,0.3,0.21373159418761967,1.0,0.7862684058123803,False,True,True,True,False,7,0,0.0016751000075601041
paper_f2_onset__beta_4_8__n1000,paper_f2_onset,beta_4_8,1000,15,0.3,0.3,0.21373159418761967,1.0,0.7862684058123803,False,True,True,True,False,6,0,0.001609400031156838
paper_f2_onset__beta_4_8__n1000,paper_f2_onset,beta_4_8,1000,16,0.3,0.3,0.21373159418761967,1.0,0.7862684058123803,False,True,True,True,False,6,0,0.001546099956613034
paper_f2_onset__beta_4_8__n1000,paper_f2_onset,beta_4_8,1000,17,0.3,0.3,0.23894571107392268,1.0,0.7610542889260773,False,True,True,True,False,6,0,0.0015625000232830644
paper_f2_onset__beta_4_8__n1000,paper_f2_onset,beta_4_8,1000,18,0.3,0.3,0.23894571107392268,1.0,0.7610542889260773,False,True,True,True,False,8,0,0.0014059999957680702
paper_f2_onset__beta_4_8__n1000,paper_f2_onset,beta_4_8,1000,19,0.3,0.3,0.21373159418761967,1.0,0.7862684058123803,False,True,True,True,False,7,0,0.0019348000059835613
paper_f2_onset__beta_4_8__n1000,paper_f2_onset,beta_4_8,1000,20,0.3,0.3,0.23894571107392268,1.0,0.7610542889260773,False,True,True,True,False,7,0,0.0016923000221140683
paper_f2_onset__beta_4_8__n1000,paper_f2_onset,beta_4_8,1000,21,0.3,0.3,0.21373159418761967,1.0,0.7862684058123803,False,True,True,True,False,7,0,0.0015045999898575246
paper_f2_onset__beta_4_8__n1000,paper_f2_onset,beta_4_8,1000,22,0.3,0.3,0.21373159418761967,1.0,0.7862684058123803,False,True,True,True,False,7,0,0.001553500012960285
paper_f2_onset__beta_4_8__n1000,paper_f2_onset,beta_4_8,1000,23,0.3,0.3,0.23894571107392268,1.0,0.7610542889260773,False,True,True,True,False,7,0,0.001701100030913949
paper_f2_onset__beta_4_8__n1000,paper_f2_onset,beta_4_8,1000,24,0.3,0.3,0.21373159418761967,1.0,0.7862684058123803,False,True,True,True,False,6,0,0.0015749000012874603
paper_f2_onset__beta_4_8__n1000,paper_f2_onset,beta_4_8,1000,25,0.3,0.3,0.23894571107392268,1.0,0.7610542889260773,False,True,True,True,False,6,0,0.0016401999746449292
paper_f2_onset__beta_4_8__n1000,paper_f2_onset,beta_4_8,1000,26,0.3,0.3,0.21373159418761967,1.0,0.7862684058123803,False,True,True,True,False,5,0,0.001859300013165921
paper_f2_onset__beta_4_8__n1000,paper_f2_onset,beta_4_8,1000,27,0.3,0.3,0.21373159418761967,1.0,0.7862684058123803,False,True,True,True,False,6,0,0.0015661000506952405
paper_f2_onset__beta_4_8__n1000,paper_f2_onset,beta_4_8,1000,28,0.3,0.3,0.23894571107392268,1.0,0.7610542889260773,False,True,True,True,False,7,0,0.001576300011947751
paper_f2_onset__beta_4_8__n1000,paper_f2_onset,beta_4_8,1000,29,0.3,0.3,0.21373159418761967,1.0,0.7862684058123803,False,True,True,True,False,6,0,0.0014318000175990164
paper_f2_onset__beta_4_8__n1000,paper_f2_onset,beta_4_8,1000,30,0.3,0.3,0.21373159418761967,1.0,0.7862684058123803,False,True,True,True,False,6,0,0.001727400056552142
paper_f2_onset__beta_4_8__n1000,paper_f2_onset,beta_4_8,1000,31,0.3,0.3,0.21373159418761967,1.0,0.7862684058123803,False,True,True,True,False,6,0,0.0014948000316508114
paper_f2_onset__beta_4_8__n1000,paper_f2_onset,beta_4_8,1000,32,0.3,0.3,0.23894571107392268,1.0,0.7610542889260773,False,True,True,True,False,8,0,0.0015855999663472176
paper_f2_onset__beta_4_8__n1000,paper_f2_onset,beta_4_8,1000,33,0.3,0.3,0.23894571107392268,1.0,0.7610542889260773,False,True,True,True,False,6,0,0.0016342999879270792
paper_f2_onset__beta_4_8__n1000,paper_f2_onset,beta_4_8,1000,34,0.3,0.3,0.23894571107392268,1.0,0.7610542889260773,False,True,True,True,False,7,0,0.001713200006633997
paper_f2_onset__beta_4_8__n1000,paper_f2_onset,beta_4_8,1000,35,0.3,0.3,0.21373159418761967,1.0,0.7862684058123803,False,True,True,True,False,5,0,0.0015349999885074794
paper_f2_onset__beta_4_8__n1000,paper_f2_onset,beta_4_8,1000,36,0.3,0.3,0.18466816233164304,1.0,0.8153318376683569,False,True,True,True,False,5,0,0.0014750999980606139
paper_f2_onset__beta_4_8__n1000,paper_f2_onset,beta_4_8,1000,37,0.3,0.3,0.23894571107392268,1.0,0.7610542889260773,False,True,True,True,False,7,0,0.0017530000186525285
paper_f2_onset__beta_4_8__n1000,paper_f2_onset,beta_4_8,1000,38,0.3,0.3,0.2507314845201017,1.0,0.7492685154798984,False,True,True,True,False,10,0,0.0018419999978505075
paper_f2_onset__beta_4_8__n1000,paper_f2_onset,beta_4_8,1000,39,0.3,0.3,0.21373159418761967,1.0,0.7862684058123803,False,True,True,True,False,7,0,0.001763799984473735
paper_f2_onset__beta_4_8__n1000,paper_f2_onset,beta_4_8,1000,40,0.3,0.3,0.21373159418761967,1.0,0.7862684058123803,False,True,True,True,False,5,0,0.0016210000030696392
paper_f2_onset__beta_4_8__n1000,paper_f2_onset,beta_4_8,1000,41,0.3,0.3,0.21373159418761967,1.0,0.7862684058123803,False,True,True,True,False,6,0,0.0015038999845273793
paper_f2_onset__beta_4_8__n1000,paper_f2_onset,beta_4_8,1000,42,0.3,0.3,0.21373159418761967,1.0,0.7862684058123803,False,True,True,True,False,7,0,0.0016429999959655106
paper_f2_onset__beta_4_8__n1000,paper_f2_onset,beta_4_8,1000,43,0.3,0.3,0.23894571107392268,1.0,0.7610542889260773,False,True,True,True,False,9,0,0.001600799965672195
paper_f2_onset__beta_4_8__n1000,paper_f2_onset,beta_4_8,1000,44,0.3,0.3,0.21373159418761967,1.0,0.7862684058123803,False,True,True,True,False,6,0,0.0015591999981552362
paper_f2_onset__beta_4_8__n1000,paper_f2_onset,beta_4_8,1000,45,0.3,0.3,0.21373159418761967,1.0,0.7862684058123803,False,True,True,True,False,6,0,0.0017825000104494393
paper_f2_onset__beta_4_8__n1000,paper_f2_onset,beta_4_8,1000,46,0.3,0.3,0.23894571107392268,1.0,0.7610542889260773,False,True,True,True,False,7,0,0.0018609999679028988
paper_f2_onset__beta_4_8__n1000,paper_f2_onset,beta_4_8,1000,47,0.3,0.3,0.23894571107392268,1.0,0.7610542889260773,False,True,True,True,False,6,0,0.0017378000193275511
paper_f2_onset__beta_4_8__n1000,paper_f2_onset,beta_4_8,1000,48,0.3,0.3,0.21373159418761967,1.0,0.7862684058123803,False,True,True,True,False,6,0,0.0017858000355772674
paper_f2_onset__beta_4_8__n1000,paper_f2_onset,beta_4_8,1000,49,0.3,0.3,0.21373159418761967,1.0,0.7862684058123803,False,True,True,True,False,7,0,0.0016839000163599849
paper_f2_onset__beta_4_8__n1000,paper_f2_onset,beta_4_8,1000,50,0.3,0.3,0.23894571107392268,1.0,0.7610542889260773,False,True,True,True,False,8,0,0.001700800028629601
paper_f2_onset__beta_4_8__n1000,paper_f2_onset,beta_4_8,1000,51,0.3,0.3,0.23894571107392268,1.0,0.7610542889260773,False,True,True,True,False,7,0,0.0016485000378452241
paper_f2_onset__beta_4_8__n1000,paper_f2_onset,beta_4_8,1000,52,0.3,0.3,0.18466816233164304,1.0,0.8153318376683569,False,True,True,True,False,5,0,0.001971099991351366
paper_f2_onset__beta_4_8__n1000,paper_f2_onset,beta_4_8,1000,53,0.3,0.3,0.23894571107392268,1.0,0.7610542889260773,False,True,True,True,False,5,0,0.0014459000085480511
paper_f2_onset__beta_4_8__n1000,paper_f2_onset,beta_4_8,1000,54,0.3,0.3,0.23894571107392268,1.0,0.7610542889260773,False,True,True,True,False,8,0,0.0018031999934464693
paper_f2_onset__beta_4_8__n1000,paper_f2_onset,beta_4_8,1000,55,0.3,0.3,0.21373159418761967,0.22862879202008748,0.014897197832467818,False,False,True,False,False,6,1,0.0016851999680511653
paper_f2_onset__beta_4_8__n1000,paper_f2_onset,beta_4_8,1000,56,0.3,0.3,0.21373159418761967,1.0,0.7862684058123803,False,True,True,True,False,6,0,0.0016641999827697873
paper_f2_onset__beta_4_8__n1000,paper_f2_onset,beta_4_8,1000,57,0.3,0.3,0.23894571107392268,1.0,0.7610542889260773,False,True,True,True,False,7,0,0.001755499979481101
paper_f2_onset__beta_4_8__n1000,paper_f2_onset,beta_4_8,1000,58,0.3,0.3,0.21373159418761967,1.0,0.7862684058123803,False,True,True,True,False,6,0,0.001590800005942583
paper_f2_onset__beta_4_8__n1000,paper_f2_onset,beta_4_8,1000,59,0.3,0.3,0.21373159418761967,1.0,0.7862684058123803,False,True,True,True,False,6,0,0.0018370000179857016
paper_f2_onset__beta_4_8__n1000,paper_f2_onset,beta_4_8,1000,60,0.3,0.3,0.21373159418761967,1.0,0.7862684058123803,False,True,True,True,False,6,0,0.0016756000113673508
paper_f2_onset__beta_4_8__n1000,paper_f2_onset,beta_4_8,1000,61,0.3,0.3,0.21373159418761967,1.0,0.7862684058123803,False,True,True,True,False,6,0,0.002177499991375953
paper_f2_onset__beta_4_8__n1000,paper_f2_onset,beta_4_8,1000,62,0.3,0.3,0.21373159418761967,1.0,0.7862684058123803,False,True,True,True,False,6,0,0.0018168999813497066
paper_f2_onset__beta_4_8__n1000,paper_f2_onset,beta_4_8,1000,63,0.3,0.3,0.21373159418761967,1.0,0.7862684058123803,False,True,True,False,False,7,0,0.0017140000127255917
paper_f2_onset__beta_4_8__n1000,paper_f2_onset,beta_4_8,1000,64,0.3,0.3,0.21373159418761967,1.0,0.7862684058123803,False,True,True,True,False,6,0,0.0017791999853216112
paper_f2_onset__beta_4_8__n1000,paper_f2_onset,beta_4_8,1000,65,0.3,0.3,0.21373159418761967,1.0,0.7862684058123803,False,True,True,True,False,6,0,0.001736600010190159
paper_f2_onset__beta_4_8__n1000,paper_f2_onset,beta_4_8,1000,66,0.3,0.3,0.21373159418761967,1.0,0.7862684058123803,False,True,True,True,False,7,0,0.0017854999750852585
paper_f2_onset__beta_4_8__n1000,paper_f2_onset,beta_4_8,1000,67,0.3,0.3,0.23894571107392268,1.0,0.7610542889260773,False,True,True,True,False,7,0,0.0014058999950066209
paper_f2_onset__beta_4_8__n1000,paper_f2_onset,beta_4_8,1000,68,0.3,0.3,0.21373159418761967,1.0,0.7862684058123803,False,True,True,True,False,7,0,0.001641899987589568
paper_f2_onset__beta_4_8__n1000,paper_f2_onset,beta_4_8,1000,69,0.3,0.3,0.21373159418761967,1.0,0.7862684058123803,False,True,True,True,False,5,0,0.0015817999956198037
paper_f2_onset__beta_4_8__n1000,paper_f2_onset,beta_4_8,1000,70,0.3,0.3,0.21373159418761967,1.0,0.7862684058123803,False,True,True,True,False,6,0,0.0013253000215627253
paper_f2_onset__beta_4_8__n1000,paper_f2_onset,beta_4_8,1000,71,0.3,0.3,0.23894571107392268,1.0,0.7610542889260773,False,True,True,True,False,7,0,0.0014376999461092055
paper_f2_onset__beta_4_8__n1000,paper_f2_onset,beta_4_8,1000,72,0.3,0.3,0.23894571107392268,1.0,0.7610542889260773,False,True,True,True,False,6,0,0.0015703999670222402
paper_f2_onset__beta_4_8__n1000,paper_f2_onset,beta_4_8,1000,73,0.3,0.3,0.21373159418761967,1.0,0.7862684058123803,False,True,True,True,False,6,0,0.001701099972706288
paper_f2_onset__beta_4_8__n1000,paper_f2_onset,beta_4_8,1000,74,0.3,0.3,0.23894571107392268,1.0,0.7610542889260773,False,True,True,True,False,7,0,0.0019393000402487814
paper_f2_onset__beta_4_8__n1000,paper_f2_onset,beta_4_8,1000,75,0.3,0.3,0.23894571107392268,1.0,0.7610542889260773,False,True,True,True,False,6,0,0.0018500000005587935
paper_f2_onset__beta_4_8__n1000,paper_f2_onset,beta_4_8,1000,76,0.3,0.3,0.23894571107392268,1.0,0.7610542889260773,False,True,True,True,False,8,0,0.0014909000019542873
paper_f2_onset__beta_4_8__n1000,paper_f2_onset,beta_4_8,1000,77,0.3,0.3,0.21373159418761967,1.0,0.7862684058123803,False,True,True,True,False,6,0,0.0015954000409692526
paper_f2_onset__beta_4_8__n1000,paper_f2_onset,beta_4_8,1000,78,0.3,0.3,0.18466816233164304,1.0,0.8153318376683569,False,True,True,True,False,5,0,0.0016321999719366431
paper_f2_onset__beta_4_8__n1000,paper_f2_onset,beta_4_8,1000,79,0.3,0.3,0.21373159418761967,1.0,0.7862684058123803,False,True,True,True,False,6,0,0.001752199954353273
paper_f2_onset__beta_4_8__n1000,paper_f2_onset,beta_4_8,1000,80,0.3,0.3,0.23894571107392268,1.0,0.7610542889260773,False,True,True,True,False,7,0,0.001658199995290488
paper_f2_onset__beta_4_8__n1000,paper_f2_onset,beta_4_8,1000,81,0.3,0.3,0.21373159418761967,1.0,0.7862684058123803,False,True,True,True,False,7,0,0.0016670000040903687
paper_f2_onset__beta_4_8__n1000,paper_f2_onset,beta_4_8,1000,82,0.3,0.3,0.23894571107392268,1.0,0.7610542889260773,False,True,True,True,False,7,0,0.0016698999679647386
paper_f2_onset__beta_4_8__n1000,paper_f2_onset,beta_4_8,1000,83,0.3,0.3,0.18466816233164304,1.0,0.8153318376683569,False,True,True,True,False,6,0,0.0017396000330336392
paper_f2_onset__beta_4_8__n1000,paper_f2_onset,beta_4_8,1000,84,0.3,0.3,0.21373159418761967,1.0,0.7862684058123803,False,True,True,True,False,5,0,0.0017312000272795558
paper_f2_onset__beta_4_8__n1000,paper_f2_onset,beta_4_8,1000,85,0.3,0.3,0.23894571107392268,1.0,0.7610542889260773,False,True,True,True,False,6,0,0.0015906999469734728
paper_f2_onset__beta_4_8__n1000,paper_f2_onset,beta_4_8,1000,86,0.3,0.3,0.23894571107392268,1.0,0.7610542889260773,False,True,True,True,False,8,0,0.0016690000193193555
paper_f2_onset__beta_4_8__n1000,paper_f2_onset,beta_4_8,1000,87,0.3,0.3,0.23894571107392268,1.0,0.7610542889260773,False,True,True,True,False,8,0,0.0016688000177964568
paper_f2_onset__beta_4_8__n1000,paper_f2_onset,beta_4_8,1000,88,0.3,0.3,0.23894571107392268,1.0,0.7610542889260773,False,True,True,True,False,7,0,0.0014848000137135386
paper_f2_onset__beta_4_8__n1000,paper_f2_onset,beta_4_8,1000,89,0.3,0.3,0.23894571107392268,1.0,0.7610542889260773,False,True,True,True,False,7,0,0.0015362999984063208
paper_f2_onset__beta_4_8__n1000,paper_f2_onset,beta_4_8,1000,90,0.3,0.3,0.21373159418761967,1.0,0.7862684058123803,False,True,True,True,False,6,0,0.0016327000339515507
paper_f2_onset__beta_4_8__n1000,paper_f2_onset,beta_4_8,1000,91,0.3,0.3,0.18466816233164304,1.0,0.8153318376683569,False,True,True,True,False,5,0,0.001670299971010536
paper_f2_onset__beta_4_8__n1000,paper_f2_onset,beta_4_8,1000,92,0.3,0.3,0.21373159418761967,1.0,0.7862684058123803,False,True,True,True,False,6,0,0.0017718999879434705
paper_f2_onset__beta_4_8__n1000,paper_f2_onset,beta_4_8,1000,93,0.3,0.3,0.23894571107392268,1.0,0.7610542889260773,False,True,True,True,False,7,0,0.0014890999882481992
paper_f2_onset__beta_4_8__n1000,paper_f2_onset,beta_4_8,1000,94,0.3,0.3,0.23894571107392268,1.0,0.7610542889260773,False,True,True,True,False,8,0,0.001569200016092509
paper_f2_onset__beta_4_8__n1000,paper_f2_onset,beta_4_8,1000,95,0.3,0.3,0.23894571107392268,1.0,0.7610542889260773,False,True,True,True,False,6,0,0.0015347000444307923
paper_f2_onset__beta_4_8__n1000,paper_f2_onset,beta_4_8,1000,96,0.3,0.3,0.21373159418761967,1.0,0.7862684058123803,False,True,True,True,False,6,0,0.0014395000180229545
paper_f2_onset__beta_4_8__n1000,paper_f2_onset,beta_4_8,1000,97,0.3,0.3,0.23894571107392268,1.0,0.7610542889260773,False,True,True,True,False,8,0,0.001303000026382506
paper_f2_onset__beta_4_8__n1000,paper_f2_onset,beta_4_8,1000,98,0.3,0.3,0.23894571107392268,1.0,0.7610542889260773,False,True,True,True,False,8,0,0.0013826999929733574
paper_f2_onset__beta_4_8__n1000,paper_f2_onset,beta_4_8,1000,99,0.3,0.3,0.21373159418761967,1.0,0.7862684058123803,False,True,True,True,False,7,0,0.0020285999635234475
paper_f2_onset__beta_4_8__n1000,paper_f2_onset,beta_4_8,1000,100,0.3,0.3,0.23894571107392268,1.0,0.7610542889260773,False,True,True,True,False,8,0,0.0015736999921500683
paper_f2_onset__beta_4_8__n1000,paper_f2_onset,beta_4_8,1000,101,0.3,0.3,0.23894571107392268,1.0,0.7610542889260773,False,True,True,True,False,6,0,0.0014463000115938485
paper_f2_onset__beta_4_8__n1000,paper_f2_onset,beta_4_8,1000,102,0.3,0.3,0.21373159418761967,1.0,0.7862684058123803,False,True,True,True,False,7,0,0.00132170005235821
paper_f2_onset__beta_4_8__n1000,paper_f2_onset,beta_4_8,1000,103,0.3,0.3,0.21373159418761967,1.0,0.7862684058123803,False,True,True,True,False,6,0,0.0014486999716609716
paper_f2_onset__beta_4_8__n1000,paper_f2_onset,beta_4_8,1000,104,0.3,0.3,0.23894571107392268,1.0,0.7610542889260773,False,True,True,True,False,6,0,0.0013368999934755266
paper_f2_onset__beta_4_8__n1000,paper_f2_onset,beta_4_8,1000,105,0.3,0.3,0.21373159418761967,1.0,0.7862684058123803,False,True,True,True,False,6,0,0.0012695000041276217
paper_f2_onset__beta_4_8__n1000,paper_f2_onset,beta_4_8,1000,106,0.3,0.3,0.21373159418761967,1.0,0.7862684058123803,False,True,True,True,False,6,0,0.0018359000096097589
paper_f2_onset__beta_4_8__n1000,paper_f2_onset,beta_4_8,1000,107,0.3,0.3,0.23894571107392268,1.0,0.7610542889260773,False,True,True,True,False,7,0,0.001525100029539317
paper_f2_onset__beta_4_8__n1000,paper_f2_onset,beta_4_8,1000,108,0.3,0.3,0.21373159418761967,1.0,0.7862684058123803,False,True,True,True,False,6,0,0.001749899995047599
paper_f2_onset__beta_4_8__n1000,paper_f2_onset,beta_4_8,1000,109,0.3,0.3,0.23894571107392268,1.0,0.7610542889260773,False,True,True,True,False,7,0,0.001611199986655265
paper_f2_onset__beta_4_8__n1000,paper_f2_onset,beta_4_8,1000,110,0.3,0.3,0.23894571107392268,1.0,0.7610542889260773,False,True,True,True,False,6,0,0.0016434999997727573
paper_f2_onset__beta_4_8__n1000,paper_f2_onset,beta_4_8,1000,111,0.3,0.3,0.23894571107392268,1.0,0.7610542889260773,False,True,True,True,False,8,0,0.0015920000150799751
paper_f2_onset__beta_4_8__n1000,paper_f2_onset,beta_4_8,1000,112,0.3,0.3,0.23894571107392268,1.0,0.7610542889260773,False,True,True,True,False,7,0,0.0015308000147342682
paper_f2_onset__beta_4_8__n1000,paper_f2_onset,beta_4_8,1000,113,0.3,0.3,0.23894571107392268,1.0,0.7610542889260773,False,True,True,True,False,8,0,0.001575700007379055
paper_f2_onset__beta_4_8__n1000,paper_f2_onset,beta_4_8,1000,114,0.3,0.3,0.21373159418761967,1.0,0.7862684058123803,False,True,True,True,False,6,0,0.001660000008996576
paper_f2_onset__beta_4_8__n1000,paper_f2_onset,beta_4_8,1000,115,0.3,0.3,0.23894571107392268,1.0,0.7610542889260773,False,True,True,True,False,9,0,0.0016359000001102686
paper_f2_onset__beta_4_8__n1000,paper_f2_onset,beta_4_8,1000,116,0.3,0.3,0.21373159418761967,1.0,0.7862684058123803,False,True,True,True,False,6,0,0.0015243999660015106
paper_f2_onset__beta_4_8__n1000,paper_f2_onset,beta_4_8,1000,117,0.3,0.3,0.21373159418761967,1.0,0.7862684058123803,False,True,True,True,False,6,0,0.0019310999778099358
paper_f2_onset__beta_4_8__n1000,paper_f2_onset,beta_4_8,1000,118,0.3,0.3,0.23894571107392268,1.0,0.7610542889260773,False,True,True,True,False,8,0,0.0017515000072307885
paper_f2_onset__beta_4_8__n1000,paper_f2_onset,beta_4_8,1000,119,0.3,0.3,0.2621626622008632,1.0,0.7378373377991367,False,True,True,True,False,9,0,0.0018428000039421022
paper_f2_onset__beta_4_8__n1000,paper_f2_onset,beta_4_8,1000,120,0.3,0.3,0.21373159418761967,1.0,0.7862684058123803,False,True,True,True,False,6,0,0.0015335999778471887
paper_f2_onset__beta_4_8__n1000,paper_f2_onset,beta_4_8,1000,121,0.3,0.3,0.21373159418761967,1.0,0.7862684058123803,False,True,True,True,False,6,0,0.0018509000074118376
paper_f2_onset__beta_4_8__n1000,paper_f2_onset,beta_4_8,1000,122,0.3,0.3,0.23894571107392268,1.0,0.7610542889260773,False,True,True,True,False,6,0,0.0016643000417388976
paper_f2_onset__beta_4_8__n1000,paper_f2_onset,beta_4_8,1000,123,0.3,0.3,0.21373159418761967,1.0,0.7862684058123803,False,True,True,True,False,6,0,0.0016450000111944973
paper_f2_onset__beta_4_8__n1000,paper_f2_onset,beta_4_8,1000,124,0.3,0.3,0.23894571107392268,1.0,0.7610542889260773,False,True,True,True,False,6,0,0.001796900003682822
paper_f2_onset__beta_4_8__n1000,paper_f2_onset,beta_4_8,1000,125,0.3,0.3,0.23894571107392268,1.0,0.7610542889260773,False,True,True,True,False,8,0,0.0018485999898985028
paper_f2_onset__beta_4_8__n1000,paper_f2_onset,beta_4_8,1000,126,0.3,0.3,0.23894571107392268,1.0,0.7610542889260773,False,True,True,True,False,6,0,0.0016615000204183161
paper_f2_onset__beta_4_8__n1000,paper_f2_onset,beta_4_8,1000,127,0.3,0.3,0.21373159418761967,1.0,0.7862684058123803,False,True,True,True,False,6,0,0.0017914999625645578
paper_f2_onset__beta_4_8__n1000,paper_f2_onset,beta_4_8,1000,128,0.3,0.3,0.23894571107392268,1.0,0.7610542889260773,False,True,True,True,False,5,0,0.001743400003761053
paper_f2_onset__beta_4_8__n1000,paper_f2_onset,beta_4_8,1000,129,0.3,0.3,0.2621626622008632,1.0,0.7378373377991367,False,True,True,True,False,10,0,0.0017238000291399658
paper_f2_onset__beta_4_8__n1000,paper_f2_onset,beta_4_8,1000,130,0.3,0.3,0.21373159418761967,1.0,0.7862684058123803,False,True,True,True,False,6,0,0.001762599975336343
paper_f2_onset__beta_4_8__n1000,paper_f2_onset,beta_4_8,1000,131,0.3,0.3,0.21373159418761967,1.0,0.7862684058123803,False,True,True,True,False,7,0,0.0015896999975666404
paper_f2_onset__beta_4_8__n1000,paper_f2_onset,beta_4_8,1000,132,0.3,0.3,0.21373159418761967,1.0,0.7862684058123803,False,True,True,True,False,7,0,0.0016086999676190317
paper_f2_onset__beta_4_8__n1000,paper_f2_onset,beta_4_8,1000,133,0.3,0.3,0.23894571107392268,1.0,0.7610542889260773,False,True,True,True,False,5,0,0.0018727999995462596
paper_f2_onset__beta_4_8__n1000,paper_f2_onset,beta_4_8,1000,134,0.3,0.3,0.23894571107392268,1.0,0.7610542889260773,False,True,True,True,False,6,0,0.001651700004003942
paper_f2_onset__beta_4_8__n1000,paper_f2_onset,beta_4_8,1000,135,0.3,0.3,0.21373159418761967,1.0,0.7862684058123803,False,True,True,True,False,7,0,0.0016546999686397612
paper_f2_onset__beta_4_8__n1000,paper_f2_onset,beta_4_8,1000,136,0.3,0.3,0.18466816233164304,1.0,0.8153318376683569,False,True,True,True,False,6,0,0.0014602000010199845
paper_f2_onset__beta_4_8__n1000,paper_f2_onset,beta_4_8,1000,137,0.3,0.3,0.21373159418761967,1.0,0.7862684058123803,False,True,True,True,False,6,0,0.002083199971821159
paper_f2_onset__beta_4_8__n1000,paper_f2_onset,beta_4_8,1000,138,0.3,0.3,0.23894571107392268,1.0,0.7610542889260773,False,True,True,True,False,8,0,0.0020736000151373446
paper_f2_onset__beta_4_8__n1000,paper_f2_onset,beta_4_8,1000,139,0.3,0.3,0.23894571107392268,1.0,0.7610542889260773,False,True,True,True,False,7,0,0.002150000014808029
paper_f2_onset__beta_4_8__n1000,paper_f2_onset,beta_4_8,1000,140,0.3,0.3,0.21373159418761967,1.0,0.7862684058123803,False,True,True,True,False,6,0,0.0017455999623052776
paper_f2_onset__beta_4_8__n1000,paper_f2_onset,beta_4_8,1000,141,0.3,0.3,0.2507314845201017,1.0,0.7492685154798984,False,True,True,True,False,8,0,0.0018248999840579927
paper_f2_onset__beta_4_8__n1000,paper_f2_onset,beta_4_8,1000,142,0.3,0.3,0.21373159418761967,1.0,0.7862684058123803,False,True,True,True,False,6,0,0.0018365000141784549
paper_f2_onset__beta_4_8__n1000,paper_f2_onset,beta_4_8,1000,143,0.3,0.3,0.23894571107392268,1.0,0.7610542889260773,False,True,True,True,False,7,0,0.002102699945680797
paper_f2_onset__beta_4_8__n1000,paper_f2_onset,beta_4_8,1000,144,0.3,0.3,0.21373159418761967,1.0,0.7862684058123803,False,True,True,True,False,7,0,0.0019899000180885196
paper_f2_onset__beta_4_8__n1000,paper_f2_onset,beta_4_8,1000,145,0.3,0.3,0.23894571107392268,1.0,0.7610542889260773,False,True,True,True,False,8,0,0.0016051999991759658
paper_f2_onset__beta_4_8__n1000,paper_f2_onset,beta_4_8,1000,146,0.3,0.3,0.21373159418761967,1.0,0.7862684058123803,False,True,True,True,False,6,0,0.0015530000091530383
paper_f2_onset__beta_4_8__n1000,paper_f2_onset,beta_4_8,1000,147,0.3,0.3,0.21373159418761967,1.0,0.7862684058123803,False,True,True,True,False,6,0,0.001656099979300052
paper_f2_onset__beta_4_8__n1000,paper_f2_onset,beta_4_8,1000,148,0.3,0.3,0.21373159418761967,1.0,0.7862684058123803,False,True,True,True,False,6,0,0.001958100008778274
paper_f2_onset__beta_4_8__n1000,paper_f2_onset,beta_4_8,1000,149,0.3,0.3,0.21373159418761967,1.0,0.7862684058123803,False,True,True,True,False,6,0,0.0015721999807283282
paper_f2_onset__beta_4_8__n1000,paper_f2_onset,beta_4_8,1000,150,0.3,0.3,0.21373159418761967,1.0,0.7862684058123803,False,True,True,True,False,6,0,0.0020558999967761338
paper_f2_onset__beta_4_8__n1000,paper_f2_onset,beta_4_8,1000,151,0.3,0.3,0.23894571107392268,1.0,0.7610542889260773,False,True,True,True,False,7,0,0.0017503999988548458
paper_f2_onset__beta_4_8__n1000,paper_f2_onset,beta_4_8,1000,152,0.3,0.3,0.23894571107392268,1.0,0.7610542889260773,False,True,True,True,False,5,0,0.001981200010050088
paper_f2_onset__beta_4_8__n1000,paper_f2_onset,beta_4_8,1000,153,0.3,0.3,0.23894571107392268,1.0,0.7610542889260773,False,True,True,True,False,8,0,0.0015839000116102397
paper_f2_onset__beta_4_8__n1000,paper_f2_onset,beta_4_8,1000,154,0.3,0.3,0.21373159418761967,1.0,0.7862684058123803,False,True,True,True,False,6,0,0.0012724000262096524
paper_f2_onset__beta_4_8__n1000,paper_f2_onset,beta_4_8,1000,155,0.3,0.3,0.21373159418761967,1.0,0.7862684058123803,False,True,True,True,False,6,0,0.0012561000185087323
paper_f2_onset__beta_4_8__n1000,paper_f2_onset,beta_4_8,1000,156,0.3,0.3,0.23894571107392268,1.0,0.7610542889260773,False,True,True,True,False,7,0,0.0014460000093095005
paper_f2_onset__beta_4_8__n1000,paper_f2_onset,beta_4_8,1000,157,0.3,0.3,0.23894571107392268,1.0,0.7610542889260773,False,True,True,True,False,8,0,0.0014986000023782253
paper_f2_onset__beta_4_8__n1000,paper_f2_onset,beta_4_8,1000,158,0.3,0.3,0.21373159418761967,1.0,0.7862684058123803,False,True,True,True,False,6,0,0.001350899983663112
paper_f2_onset__beta_4_8__n1000,paper_f2_onset,beta_4_8,1000,159,0.3,0.3,0.18466816233164304,1.0,0.8153318376683569,False,True,True,True,False,5,0,0.0015513999969698489
paper_f2_onset__beta_4_8__n1000,paper_f2_onset,beta_4_8,1000,160,0.3,0.3,0.21373159418761967,1.0,0.7862684058123803,False,True,True,True,False,6,0,0.001570100022945553
paper_f2_onset__beta_4_8__n1000,paper_f2_onset,beta_4_8,1000,161,0.3,0.3,0.21373159418761967,1.0,0.7862684058123803,False,True,True,True,False,6,0,0.0016444999491795897
paper_f2_onset__beta_4_8__n1000,paper_f2_onset,beta_4_8,1000,162,0.3,0.3,0.23894571107392268,1.0,0.7610542889260773,False,True,True,True,False,8,0,0.001749899995047599
paper_f2_onset__beta_4_8__n1000,paper_f2_onset,beta_4_8,1000,163,0.3,0.3,0.23894571107392268,1.0,0.7610542889260773,False,True,True,True,False,7,0,0.0016773000243119895
paper_f2_onset__beta_4_8__n1000,paper_f2_onset,beta_4_8,1000,164,0.3,0.3,0.21373159418761967,1.0,0.7862684058123803,False,True,True,True,False,6,0,0.001513600000180304
paper_f2_onset__beta_4_8__n1000,paper_f2_onset,beta_4_8,1000,165,0.3,0.3,0.21373159418761967,1.0,0.7862684058123803,False,True,True,True,False,7,0,0.0014204999897629023
paper_f2_onset__beta_4_8__n1000,paper_f2_onset,beta_4_8,1000,166,0.3,0.3,0.21373159418761967,1.0,0.7862684058123803,False,True,True,True,False,6,0,0.0015350000467151403
paper_f2_onset__beta_4_8__n1000,paper_f2_onset,beta_4_8,1000,167,0.3,0.3,0.23894571107392268,1.0,0.7610542889260773,False,True,True,True,False,7,0,0.0016337999841198325
paper_f2_onset__beta_4_8__n1000,paper_f2_onset,beta_4_8,1000,168,0.3,0.3,0.23894571107392268,1.0,0.7610542889260773,False,True,True,True,False,6,0,0.0016700000269338489
paper_f2_onset__beta_4_8__n1000,paper_f2_onset,beta_4_8,1000,169,0.3,0.3,0.21373159418761967,1.0,0.7862684058123803,False,True,True,True,False,6,0,0.00197789998492226
paper_f2_onset__beta_4_8__n1000,paper_f2_onset,beta_4_8,1000,170,0.3,0.3,0.23894571107392268,1.0,0.7610542889260773,False,True,True,True,False,7,0,0.001326099969446659
paper_f2_onset__beta_4_8__n1000,paper_f2_onset,beta_4_8,1000,171,0.3,0.3,0.18466816233164304,1.0,0.8153318376683569,False,True,True,True,False,5,0,0.0012667999835684896
paper_f2_onset__beta_4_8__n1000,paper_f2_onset,beta_4_8,1000,172,0.3,0.3,0.23894571107392268,1.0,0.7610542889260773,False,True,True,True,False,6,0,0.0017598000122234225
paper_f2_onset__beta_4_8__n1000,paper_f2_onset,beta_4_8,1000,173,0.3,0.3,0.23894571107392268,1.0,0.7610542889260773,False,True,True,True,False,7,0,0.0013155000051483512
paper_f2_onset__beta_4_8__n1000,paper_f2_onset,beta_4_8,1000,174,0.3,0.3,0.21373159418761967,1.0,0.7862684058123803,False,True,True,True,False,5,0,0.0012021000147797167
paper_f2_onset__beta_4_8__n1000,paper_f2_onset,beta_4_8,1000,175,0.3,0.3,0.23894571107392268,1.0,0.7610542889260773,False,True,True,True,False,8,0,0.0015195999876596034
paper_f2_onset__beta_4_8__n1000,paper_f2_onset,beta_4_8,1000,176,0.3,0.3,0.23894571107392268,1.0,0.7610542889260773,False,True,True,True,False,7,0,0.0016381999594159424
paper_f2_onset__beta_4_8__n1000,paper_f2_onset,beta_4_8,1000,177,0.3,0.3,0.23894571107392268,1.0,0.7610542889260773,False,True,True,True,False,6,0,0.0014359999913722277
paper_f2_onset__beta_4_8__n1000,paper_f2_onset,beta_4_8,1000,178,0.3,0.3,0.21373159418761967,1.0,0.7862684058123803,False,True,True,True,False,6,0,0.0014372000005096197
paper_f2_onset__beta_4_8__n1000,paper_f2_onset,beta_4_8,1000,179,0.3,0.3,0.23894571107392268,1.0,0.7610542889260773,False,True,True,True,False,7,0,0.0015735000488348305
paper_f2_onset__beta_4_8__n1000,paper_f2_onset,beta_4_8,1000,180,0.3,0.3,0.21373159418761967,1.0,0.7862684058123803,False,True,True,True,False,6,0,0.001671799982432276
paper_f2_onset__beta_4_8__n1000,paper_f2_onset,beta_4_8,1000,181,0.3,0.3,0.23894571107392268,1.0,0.7610542889260773,False,True,True,True,False,7,0,0.0012701000086963177
paper_f2_onset__beta_4_8__n1000,paper_f2_onset,beta_4_8,1000,182,0.3,0.3,0.23894571107392268,1.0,0.7610542889260773,False,True,True,True,False,7,0,0.0016647999873384833
paper_f2_onset__beta_4_8__n1000,paper_f2_onset,beta_4_8,1000,183,0.3,0.3,0.23894571107392268,1.0,0.7610542889260773,False,True,True,True,False,8,0,0.0015281999949365854
paper_f2_onset__beta_4_8__n1000,paper_f2_onset,beta_4_8,1000,184,0.3,0.3,0.23894571107392268,1.0,0.7610542889260773,False,True,True,True,False,7,0,0.0012443999876268208
paper_f2_onset__beta_4_8__n1000,paper_f2_onset,beta_4_8,1000,185,0.3,0.3,0.21373159418761967,1.0,0.7862684058123803,False,True,True,True,False,6,0,0.001569200016092509
paper_f2_onset__beta_4_8__n1000,paper_f2_onset,beta_4_8,1000,186,0.3,0.3,0.18466816233164304,1.0,0.8153318376683569,False,True,True,True,False,4,0,0.0017565999878570437
paper_f2_onset__beta_4_8__n1000,paper_f2_onset,beta_4_8,1000,187,0.3,0.3,0.23894571107392268,1.0,0.7610542889260773,False,True,True,True,False,6,0,0.0015016000252217054
paper_f2_onset__beta_4_8__n1000,paper_f2_onset,beta_4_8,1000,188,0.3,0.3,0.23894571107392268,1.0,0.7610542889260773,False,True,True,True,False,8,0,0.001819099998101592
paper_f2_onset__beta_4_8__n1000,paper_f2_onset,beta_4_8,1000,189,0.3,0.3,0.18466816233164304,1.0,0.8153318376683569,False,True,True,True,False,6,0,0.0015643999795429409
paper_f2_onset__beta_4_8__n1000,paper_f2_onset,beta_4_8,1000,190,0.3,0.3,0.23894571107392268,1.0,0.7610542889260773,False,True,True,True,False,8,0,0.001282899989746511
paper_f2_onset__beta_4_8__n1000,paper_f2_onset,beta_4_8,1000,191,0.3,0.3,0.21373159418761967,1.0,0.7862684058123803,False,True,True,True,False,6,0,0.0013772000093013048
paper_f2_onset__beta_4_8__n1000,paper_f2_onset,beta_4_8,1000,192,0.3,0.3,0.23894571107392268,1.0,0.7610542889260773,False,True,True,True,False,9,0,0.0014164000167511404
paper_f2_onset__beta_4_8__n1000,paper_f2_onset,beta_4_8,1000,193,0.3,0.3,0.21373159418761967,1.0,0.7862684058123803,False,True,True,True,False,7,0,0.001347400015220046
paper_f2_onset__beta_4_8__n1000,paper_f2_onset,beta_4_8,1000,194,0.3,0.3,0.23894571107392268,1.0,0.7610542889260773,False,True,True,True,False,7,0,0.0013212999911047518
paper_f2_onset__beta_4_8__n1000,paper_f2_onset,beta_4_8,1000,195,0.3,0.3,0.21373159418761967,1.0,0.7862684058123803,False,True,True,True,False,6,0,0.0019933999865315855
paper_f2_onset__beta_4_8__n1000,paper_f2_onset,beta_4_8,1000,196,0.3,0.3,0.21373159418761967,1.0,0.7862684058123803,False,True,True,True,False,7,0,0.0019644999993033707
paper_f2_onset__beta_4_8__n1000,paper_f2_onset,beta_4_8,1000,197,0.3,0.3,0.23894571107392268,1.0,0.7610542889260773,False,True,True,True,False,6,0,0.0022632000036537647
paper_f2_onset__beta_4_8__n1000,paper_f2_onset,beta_4_8,1000,198,0.3,0.3,0.21373159418761967,1.0,0.7862684058123803,False,True,True,True,False,6,0,0.001838600030168891
paper_f2_onset__beta_4_8__n1000,paper_f2_onset,beta_4_8,1000,199,0.3,0.3,0.21373159418761967,1.0,0.7862684058123803,False,True,True,True,False,6,0,0.001610300038009882
paper_f3_jump__beta_4_8__n1000,paper_f3_jump,beta_4_8,1000,0,0.3,0.3,0.29936416680551214,0.3003852573697871,0.0010210905642749624,False,True,True,True,False,46,51,0.002142000012099743
paper_f3_jump__beta_4_8__n1000,paper_f3_jump,beta_4_8,1000,1,0.3,0.3,0.29936416680551214,0.3003852573697871,0.0010210905642749624,False,True,True,True,False,47,49,0.001967799966223538
paper_f3_jump__beta_4_8__n1000,paper_f3_jump,beta_4_8,1000,2,0.3,0.3,0.29936416680551214,0.3003852573697871,0.0010210905642749624,False,True,True,True,False,46,50,0.0020234999828971922
paper_f3_jump__beta_4_8__n1000,paper_f3_jump,beta_4_8,1000,3,0.3,0.3,0.29936416680551214,0.3003852573697871,0.0010210905642749624,False,True,True,True,False,49,52,0.0020004999823868275
paper_f3_jump__beta_4_8__n1000,paper_f3_jump,beta_4_8,1000,4,0.3,0.3,0.29868342533283077,0.3003852573697871,0.0017018320369563411,False,True,True,True,False,47,50,0.0021472000516951084
paper_f3_jump__beta_4_8__n1000,paper_f3_jump,beta_4_8,1000,5,0.3,0.3,0.29936416680551214,0.3003852573697871,0.0010210905642749624,False,True,True,True,False,46,46,0.0019712999928742647
paper_f3_jump__beta_4_8__n1000,paper_f3_jump,beta_4_8,1000,6,0.3,0.3,0.29936416680551214,0.3003852573697871,0.0010210905642749624,False,True,True,True,False,46,49,0.0018006999744102359
paper_f3_jump__beta_4_8__n1000,paper_f3_jump,beta_4_8,1000,7,0.3,0.3,0.2980026547291801,0.30106599189954186,0.0030633371703617795,False,True,True,True,False,43,47,0.0019250999903306365
paper_f3_jump__beta_4_8__n1000,paper_f3_jump,beta_4_8,1000,8,0.3,0.3,0.299023798767047,0.30072562263601277,0.0017018238689657794,False,True,True,True,False,46,49,0.002140500000678003
paper_f3_jump__beta_4_8__n1000,paper_f3_jump,beta_4_8,1000,9,0.3,0.3,0.29936416680551214,0.30106599189954186,0.0017018250940297186,False,True,True,True,False,46,50,0.0017108000465668738
paper_f3_jump__beta_4_8__n1000,paper_f3_jump,beta_4_8,1000,10,0.3,0.3,0.29936416680551214,0.30106599189954186,0.0017018250940297186,False,True,True,True,False,46,48,0.001900700037367642
paper_f3_jump__beta_4_8__n1000,paper_f3_jump,beta_4_8,1000,11,0.3,0.3,0.29766225377877675,0.3003852573697871,0.0027230035910103534,False,True,True,True,False,44,48,0.0020511000184342265
paper_f3_jump__beta_4_8__n1000,paper_f3_jump,beta_4_8,1000,12,0.3,0.3,0.299023798767047,0.30106599189954186,0.002042193132494874,False,True,True,True,False,44,47,0.0016758000128902495
paper_f3_jump__beta_4_8__n1000,paper_f3_jump,beta_4_8,1000,13,0.3,0.3,0.299023798767047,0.30072562263601277,0.0017018238689657794,False,True,True,True,False,47,50,0.001713500008918345
paper_f3_jump__beta_4_8__n1000,paper_f3_jump,beta_4_8,1000,14,0.3,0.3,0.29868342533283077,0.30208714237821316,0.003403717045382393,False,True,True,True,False,42,46,0.0015554000274278224
paper_f3_jump__beta_4_8__n1000,paper_f3_jump,beta_4_8,1000,15,0.3,0.3,0.29868342533283077,0.3003852573697871,0.0017018320369563411,False,True,True,True,False,46,51,0.0016992000164464116
paper_f3_jump__beta_4_8__n1000,paper_f3_jump,beta_4_8,1000,16,0.3,0.3,0.29936416680551214,0.3003852573697871,0.0010210905642749624,False,True,True,True,False,50,50,0.0020130000193603337
paper_f3_jump__beta_4_8__n1000,paper_f3_jump,beta_4_8,1000,17,0.3,0.3,0.29868342533283077,0.30106599189954186,0.0023825665667110973,False,True,True,True,False,45,49,0.0016173000331036747
paper_f3_jump__beta_4_8__n1000,paper_f3_jump,beta_4_8,1000,18,0.3,0.3,0.29936416680551214,0.3003852573697871,0.0010210905642749624,False,True,True,True,False,45,48,0.0016124999965541065
paper_f3_jump__beta_4_8__n1000,paper_f3_jump,beta_4_8,1000,19,0.3,0.3,0.29868342533283077,0.30106599189954186,0.0023825665667110973,False,True,True,True,False,44,48,0.00162240001372993
paper_f3_jump__beta_4_8__n1000,paper_f3_jump,beta_4_8,1000,20,0.3,0.3,0.29868342533283077,0.30106599189954186,0.0023825665667110973,False,True,True,True,False,43,46,0.0017881999956443906
paper_f3_jump__beta_4_8__n1000,paper_f3_jump,beta_4_8,1000,21,0.3,0.3,0.29936416680551214,0.3003852573697871,0.0010210905642749624,False,True,True,True,False,44,47,0.0019046000088565052
paper_f3_jump__beta_4_8__n1000,paper_f3_jump,beta_4_8,1000,22,0.3,0.3,0.3902996588678964,0.30072562263601277,nan,True,False,False,False,False,46,47,0.0018712000455707312
paper_f3_jump__beta_4_8__n1000,paper_f3_jump,beta_4_8,1000,23,0.3,0.3,0.29936416680551214,0.3003852573697871,0.0010210905642749624,False,True,True,True,False,46,48,0.001995400001760572
paper_f3_jump__beta_4_8__n1000,paper_f3_jump,beta_4_8,1000,24,0.3,0.3,0.29868342533283077,0.3003852573697871,0.0017018320369563411,False,True,True,True,False,46,47,0.0021297999774105847
paper_f3_jump__beta_4_8__n1000,paper_f3_jump,beta_4_8,1000,25,0.3,0.3,0.29868342533283077,0.30106599189954186,0.0023825665667110973,False,True,True,True,False,47,48,0.001824399980250746
paper_f3_jump__beta_4_8__n1000,paper_f3_jump,beta_4_8,1000,26,0.3,0.3,0.29868342533283077,0.30106599189954186,0.0023825665667110973,False,True,True,True,False,45,46,0.0017954999930225313
paper_f3_jump__beta_4_8__n1000,paper_f3_jump,beta_4_8,1000,27,0.3,0.3,0.29868342533283077,0.3003852573697871,0.0017018320369563411,False,True,True,True,False,43,48,0.001691300014499575
paper_f3_jump__beta_4_8__n1000,paper_f3_jump,beta_4_8,1000,28,0.3,0.3,0.29936416680551214,0.3003852573697871,0.0010210905642749624,False,True,True,True,False,47,52,0.001447299961000681
paper_f3_jump__beta_4_8__n1000,paper_f3_jump,beta_4_8,1000,29,0.3,0.3,0.29868342533283077,0.30106599189954186,0.0023825665667110973,False,True,True,True,False,45,49,0.0016627000295557082
paper_f3_jump__beta_4_8__n1000,paper_f3_jump,beta_4_8,1000,30,0.3,0.3,0.29936416680551214,0.3003852573697871,0.0010210905642749624,False,True,True,True,False,47,50,0.0019025999936275184
paper_f3_jump__beta_4_8__n1000,paper_f3_jump,beta_4_8,1000,31,0.3,0.3,0.29868342533283077,0.30072562263601277,0.002042197303182003,False,True,True,True,False,46,47,0.0016914000152610242
paper_f3_jump__beta_4_8__n1000,paper_f3_jump,beta_4_8,1000,32,0.3,0.3,0.29868342533283077,0.30072562263601277,0.002042197303182003,False,True,True,True,False,45,47,0.0016821000026538968
paper_f3_jump__beta_4_8__n1000,paper_f3_jump,beta_4_8,1000,33,0.3,0.3,0.29868342533283077,0.3003852573697871,0.0017018320369563411,False,True,True,True,False,46,49,0.0015659999917261302
paper_f3_jump__beta_4_8__n1000,paper_f3_jump,beta_4_8,1000,34,0.3,0.3,0.29868342533283077,0.3003852573697871,0.0017018320369563411,False,True,True,True,False,44,47,0.0015440999995917082
paper_f3_jump__beta_4_8__n1000,paper_f3_jump,beta_4_8,1000,35,0.3,0.3,0.29936416680551214,0.3003852573697871,0.0010210905642749624,False,True,True,True,False,49,49,0.0016104000387713313
paper_f3_jump__beta_4_8__n1000,paper_f3_jump,beta_4_8,1000,36,0.3,0.3,0.29868342533283077,0.30106599189954186,0.0023825665667110973,False,True,True,True,False,45,49,0.0013111999724060297
paper_f3_jump__beta_4_8__n1000,paper_f3_jump,beta_4_8,1000,37,0.3,0.3,0.29868342533283077,0.30106599189954186,0.0023825665667110973,False,True,True,True,False,44,45,0.0013666999875567853
paper_f3_jump__beta_4_8__n1000,paper_f3_jump,beta_4_8,1000,38,0.3,0.3,0.299023798767047,0.30106599189954186,0.002042193132494874,False,True,True,True,False,46,48,0.0017241999739781022
paper_f3_jump__beta_4_8__n1000,paper_f3_jump,beta_4_8,1000,39,0.3,0.3,0.29936416680551214,0.3003852573697871,0.0010210905642749624,False,True,True,True,False,41,43,0.0015777000226080418
paper_f3_jump__beta_4_8__n1000,paper_f3_jump,beta_4_8,1000,40,0.3,0.3,0.29868342533283077,0.3017467499023578,0.003063324569527015,False,True,True,True,False,43,47,0.0016962999943643808
paper_f3_jump__beta_4_8__n1000,paper_f3_jump,beta_4_8,1000,41,0.3,0.3,0.29868342533283077,0.3003852573697871,0.0017018320369563411,False,True,True,True,False,43,48,0.001568000006955117
paper_f3_jump__beta_4_8__n1000,paper_f3_jump,beta_4_8,1000,42,0.3,0.3,0.299023798767047,0.30106599189954186,0.002042193132494874,False,True,True,True,False,47,50,0.001764099986758083
paper_f3_jump__beta_4_8__n1000,paper_f3_jump,beta_4_8,1000,43,0.3,0.3,0.29936416680551214,0.30106599189954186,0.0017018250940297186,False,True,True,True,False,46,48,0.0018102999893017113
paper_f3_jump__beta_4_8__n1000,paper_f3_jump,beta_4_8,1000,44,0.3,0.3,0.29868342533283077,0.30072562263601277,0.002042197303182003,False,True,True,True,False,44,47,0.001754899974912405
paper_f3_jump__beta_4_8__n1000,paper_f3_jump,beta_4_8,1000,45,0.3,0.3,0.29936416680551214,0.3003852573697871,0.0010210905642749624,False,True,True,True,False,46,47,0.0014872000319883227
paper_f3_jump__beta_4_8__n1000,paper_f3_jump,beta_4_8,1000,46,0.3,0.3,0.29936416680551214,0.3003852573697871,0.0010210905642749624,False,True,True,True,False,46,47,0.0015438999980688095
paper_f3_jump__beta_4_8__n1000,paper_f3_jump,beta_4_8,1000,47,0.3,0.3,0.299023798767047,0.30106599189954186,0.002042193132494874,False,True,True,True,False,45,49,0.0015086999628692865
paper_f3_jump__beta_4_8__n1000,paper_f3_jump,beta_4_8,1000,48,0.3,0.3,0.29936416680551214,0.3003852573697871,0.0010210905642749624,False,True,True,True,False,47,49,0.0017159999697469175
paper_f3_jump__beta_4_8__n1000,paper_f3_jump,beta_4_8,1000,49,0.3,0.3,0.2973218398705139,0.3003852573697871,0.003063417499273191,False,True,True,True,False,42,48,0.0017575999954715371
paper_f3_jump__beta_4_8__n1000,paper_f3_jump,beta_4_8,1000,50,0.3,0.3,0.29868342533283077,0.30106599189954186,0.0023825665667110973,False,True,True,True,False,44,47,0.0014643000322394073
paper_f3_jump__beta_4_8__n1000,paper_f3_jump,beta_4_8,1000,51,0.3,0.3,0.29936416680551214,0.3003852573697871,0.0010210905642749624,False,True,True,True,False,50,52,0.0016719999839551747
paper_f3_jump__beta_4_8__n1000,paper_f3_jump,beta_4_8,1000,52,0.3,0.3,0.29936416680551214,0.3003852573697871,0.0010210905642749624,False,True,True,True,False,49,50,0.0015675000031478703
paper_f3_jump__beta_4_8__n1000,paper_f3_jump,beta_4_8,1000,53,0.3,0.3,0.29936416680551214,0.3003852573697871,0.0010210905642749624,False,True,True,True,False,48,49,0.0017556000384502113
paper_f3_jump__beta_4_8__n1000,paper_f3_jump,beta_4_8,1000,54,0.3,0.3,0.29868342533283077,0.30106599189954186,0.0023825665667110973,False,True,True,True,False,45,48,0.0016784999752417207
paper_f3_jump__beta_4_8__n1000,paper_f3_jump,beta_4_8,1000,55,0.3,0.3,0.29868342533283077,0.3003852573697871,0.0017018320369563411,False,True,True,True,False,45,51,0.0019633000483736396
paper_f3_jump__beta_4_8__n1000,paper_f3_jump,beta_4_8,1000,56,0.3,0.3,0.29868342533283077,0.30106599189954186,0.0023825665667110973,False,True,True,True,False,42,44,0.001686899980995804
paper_f3_jump__beta_4_8__n1000,paper_f3_jump,beta_4_8,1000,57,0.3,0.3,0.299023798767047,0.30106599189954186,0.002042193132494874,False,True,True,True,False,46,48,0.0018316999776288867
paper_f3_jump__beta_4_8__n1000,paper_f3_jump,beta_4_8,1000,58,0.3,0.3,0.29868342533283077,0.30106599189954186,0.0023825665667110973,False,True,True,True,False,47,48,0.0018675000173971057
paper_f3_jump__beta_4_8__n1000,paper_f3_jump,beta_4_8,1000,59,0.3,0.3,0.2980026547291801,0.30106599189954186,0.0030633371703617795,False,True,True,True,False,43,48,0.0017349999980069697
paper_f3_jump__beta_4_8__n1000,paper_f3_jump,beta_4_8,1000,60,0.3,0.3,0.29936416680551214,0.3003852573697871,0.0010210905642749624,False,True,True,True,False,48,49,0.001701099972706288
paper_f3_jump__beta_4_8__n1000,paper_f3_jump,beta_4_8,1000,61,0.3,0.3,0.29936416680551214,0.30106599189954186,0.0017018250940297186,False,True,True,True,False,47,49,0.0017307000234723091
paper_f3_jump__beta_4_8__n1000,paper_f3_jump,beta_4_8,1000,62,0.3,0.3,0.29936416680551214,0.3003852573697871,0.0010210905642749624,False,True,True,True,False,46,49,0.0017170000355690718
paper_f3_jump__beta_4_8__n1000,paper_f3_jump,beta_4_8,1000,63,0.3,0.3,0.299023798767047,0.30106599189954186,0.002042193132494874,False,True,True,True,False,47,49,0.0019683000282384455
paper_f3_jump__beta_4_8__n1000,paper_f3_jump,beta_4_8,1000,64,0.3,0.3,0.29868342533283077,0.30106599189954186,0.0023825665667110973,False,True,True,True,False,46,48,0.0017239000299014151
paper_f3_jump__beta_4_8__n1000,paper_f3_jump,beta_4_8,1000,65,0.3,0.3,0.2980026547291801,0.3003852573697871,0.0023826026406070233,False,True,True,True,False,44,49,0.0013511000433936715
paper_f3_jump__beta_4_8__n1000,paper_f3_jump,beta_4_8,1000,66,0.3,0.3,0.2973218398705139,0.3003852573697871,0.003063417499273191,False,True,True,True,False,43,47,0.0014403000241145492
paper_f3_jump__beta_4_8__n1000,paper_f3_jump,beta_4_8,1000,67,0.3,0.3,0.29868342533283077,0.30106599189954186,0.0023825665667110973,False,True,True,True,False,46,48,0.0017393000307492912
paper_f3_jump__beta_4_8__n1000,paper_f3_jump,beta_4_8,1000,68,0.3,0.3,0.29936416680551214,0.30106599189954186,0.0017018250940297186,False,True,True,True,False,45,48,0.0016763999592512846
paper_f3_jump__beta_4_8__n1000,paper_f3_jump,beta_4_8,1000,69,0.3,0.3,0.29936416680551214,0.30106599189954186,0.0017018250940297186,False,True,True,True,False,47,49,0.001588699989952147
paper_f3_jump__beta_4_8__n1000,paper_f3_jump,beta_4_8,1000,70,0.3,0.3,0.29868342533283077,0.30072562263601277,0.002042197303182003,False,True,True,True,False,46,48,0.0015367999440059066
paper_f3_jump__beta_4_8__n1000,paper_f3_jump,beta_4_8,1000,71,0.3,0.3,0.29868342533283077,0.30072562263601277,0.002042197303182003,False,True,True,True,False,46,48,0.0014523999998345971
paper_f3_jump__beta_4_8__n1000,paper_f3_jump,beta_4_8,1000,72,0.3,0.3,0.299023798767047,0.3003852573697871,0.0013614586027401177,False,True,True,True,False,45,52,0.0014654999831691384
paper_f3_jump__beta_4_8__n1000,paper_f3_jump,beta_4_8,1000,73,0.3,0.3,0.299023798767047,0.30106599189954186,0.002042193132494874,False,True,True,True,False,47,51,0.0014800999779254198
paper_f3_jump__beta_4_8__n1000,paper_f3_jump,beta_4_8,1000,74,0.3,0.3,0.29936416680551214,0.3003852573697871,0.0010210905642749624,False,True,True,True,False,48,51,0.0015959000447764993
paper_f3_jump__beta_4_8__n1000,paper_f3_jump,beta_4_8,1000,75,0.3,0.3,0.299023798767047,0.30106599189954186,0.002042193132494874,False,True,True,False,False,47,50,0.0017071000183932483
paper_f3_jump__beta_4_8__n1000,paper_f3_jump,beta_4_8,1000,76,0.3,0.3,0.299023798767047,0.30072562263601277,0.0017018238689657794,False,True,True,True,False,45,51,0.001705500006210059
paper_f3_jump__beta_4_8__n1000,paper_f3_jump,beta_4_8,1000,77,0.3,0.3,0.29936416680551214,0.3003852573697871,0.0010210905642749624,False,True,True,True,False,47,51,0.001425200025551021
paper_f3_jump__beta_4_8__n1000,paper_f3_jump,beta_4_8,1000,78,0.3,0.3,0.29936416680551214,0.30106599189954186,0.0017018250940297186,False,True,True,True,False,47,47,0.0016059000045061111
paper_f3_jump__beta_4_8__n1000,paper_f3_jump,beta_4_8,1000,79,0.3,0.3,0.29936416680551214,0.3003852573697871,0.0010210905642749624,False,True,True,True,False,48,51,0.001422200002707541
paper_f3_jump__beta_4_8__n1000,paper_f3_jump,beta_4_8,1000,80,0.3,0.3,0.2980026547291801,0.3017467499023578,0.0037440951731776972,False,True,True,True,False,42,44,0.0016891999985091388
paper_f3_jump__beta_4_8__n1000,paper_f3_jump,beta_4_8,1000,81,0.3,0.3,0.299023798767047,0.3003852573697871,0.0013614586027401177,False,True,True,True,False,45,48,0.0016500999918207526
paper_f3_jump__beta_4_8__n1000,paper_f3_jump,beta_4_8,1000,82,0.3,0.3,0.29868342533283077,0.3003852573697871,0.0017018320369563411,False,True,True,True,False,45,49,0.0018390000332146883
paper_f3_jump__beta_4_8__n1000,paper_f3_jump,beta_4_8,1000,83,0.3,0.3,0.29868342533283077,0.30072562263601277,0.002042197303182003,False,True,True,True,False,49,49,0.0016543999663554132
paper_f3_jump__beta_4_8__n1000,paper_f3_jump,beta_4_8,1000,84,0.3,0.3,0.29868342533283077,0.3003852573697871,0.0017018320369563411,False,True,True,True,False,46,48,0.0015477000270038843
paper_f3_jump__beta_4_8__n1000,paper_f3_jump,beta_4_8,1000,85,0.3,0.3,0.29936416680551214,0.3003852573697871,0.0010210905642749624,False,True,True,True,False,46,51,0.0014518999960273504
paper_f3_jump__beta_4_8__n1000,paper_f3_jump,beta_4_8,1000,86,0.3,0.3,0.29868342533283077,0.30106599189954186,0.0023825665667110973,False,True,True,True,False,45,48,0.0017374000162817538
paper_f3_jump__beta_4_8__n1000,paper_f3_jump,beta_4_8,1000,87,0.3,0.3,0.29936416680551214,0.3003852573697871,0.0010210905642749624,False,True,True,True,False,48,49,0.0014970000484026968
paper_f3_jump__beta_4_8__n1000,paper_f3_jump,beta_4_8,1000,88,0.3,0.3,0.29868342533283077,0.30106599189954186,0.0023825665667110973,False,True,True,True,False,44,46,0.0014521999983116984
paper_f3_jump__beta_4_8__n1000,paper_f3_jump,beta_4_8,1000,89,0.3,0.3,0.2973218398705139,0.30208714237821316,0.004765302507699243,False,True,True,True,False,43,46,0.0015781999682076275
paper_f3_jump__beta_4_8__n1000,paper_f3_jump,beta_4_8,1000,90,0.3,0.3,0.29868342533283077,0.3003852573697871,0.0017018320369563411,False,True,True,True,False,49,51,0.0015561999753117561
paper_f3_jump__beta_4_8__n1000,paper_f3_jump,beta_4_8,1000,91,0.3,0.3,0.29936416680551214,0.3003852573697871,0.0010210905642749624,False,True,True,True,False,49,50,0.001361900009214878
paper_f3_jump__beta_4_8__n1000,paper_f3_jump,beta_4_8,1000,92,0.3,0.3,0.29868342533283077,0.30208714237821316,0.003403717045382393,False,True,True,True,False,44,46,0.0017262999899685383
paper_f3_jump__beta_4_8__n1000,paper_f3_jump,beta_4_8,1000,93,0.3,0.3,0.29868342533283077,0.30106599189954186,0.0023825665667110973,False,True,True,True,False,47,49,0.0014771000132896006
paper_f3_jump__beta_4_8__n1000,paper_f3_jump,beta_4_8,1000,94,0.3,0.3,0.29936416680551214,0.3003852573697871,0.0010210905642749624,False,True,True,True,False,49,51,0.0014115000376477838
paper_f3_jump__beta_4_8__n1000,paper_f3_jump,beta_4_8,1000,95,0.3,0.3,0.29936416680551214,0.3003852573697871,0.0010210905642749624,False,True,True,True,False,47,49,0.0018585000070743263
paper_f3_jump__beta_4_8__n1000,paper_f3_jump,beta_4_8,1000,96,0.3,0.3,0.29936416680551214,0.30106599189954186,0.0017018250940297186,False,True,True,True,False,49,50,0.0017041999963112175
paper_f3_jump__beta_4_8__n1000,paper_f3_jump,beta_4_8,1000,97,0.3,0.3,0.29868342533283077,0.3003852573697871,0.0017018320369563411,False,True,True,True,False,45,47,0.0017214000108651817
paper_f3_jump__beta_4_8__n1000,paper_f3_jump,beta_4_8,1000,98,0.3,0.3,0.29868342533283077,0.30072562263601277,0.002042197303182003,False,True,True,True,False,47,48,0.0016719999839551747
paper_f3_jump__beta_4_8__n1000,paper_f3_jump,beta_4_8,1000,99,0.3,0.3,0.29868342533283077,0.30106599189954186,0.0023825665667110973,False,True,True,True,False,46,49,0.0017825000104494393
paper_f3_jump__beta_4_8__n1000,paper_f3_jump,beta_4_8,1000,100,0.3,0.3,0.29868342533283077,0.30072562263601277,0.002042197303182003,False,True,True,True,False,47,48,0.001595499983523041
paper_f3_jump__beta_4_8__n1000,paper_f3_jump,beta_4_8,1000,101,0.3,0.3,0.29936416680551214,0.3003852573697871,0.0010210905642749624,False,True,True,True,False,50,49,0.0016772999661043286
paper_f3_jump__beta_4_8__n1000,paper_f3_jump,beta_4_8,1000,102,0.3,0.3,0.29868342533283077,0.30106599189954186,0.0023825665667110973,False,True,True,True,False,40,44,0.0017580999992787838
paper_f3_jump__beta_4_8__n1000,paper_f3_jump,beta_4_8,1000,103,0.3,0.3,0.29868342533283077,0.30106599189954186,0.0023825665667110973,False,True,True,True,False,47,48,0.001816999982111156
paper_f3_jump__beta_4_8__n1000,paper_f3_jump,beta_4_8,1000,104,0.3,0.3,0.29868342533283077,0.30072562263601277,0.002042197303182003,False,True,True,True,False,46,47,0.0019728000042960048
paper_f3_jump__beta_4_8__n1000,paper_f3_jump,beta_4_8,1000,105,0.3,0.3,0.29868342533283077,0.15959266935364627,nan,True,False,False,False,False,48,50,0.0018091999809257686
paper_f3_jump__beta_4_8__n1000,paper_f3_jump,beta_4_8,1000,106,0.3,0.3,0.29936416680551214,0.3003852573697871,0.0010210905642749624,False,True,True,True,False,47,47,0.0015607000095769763
paper_f3_jump__beta_4_8__n1000,paper_f3_jump,beta_4_8,1000,107,0.3,0.3,0.299023798767047,0.30106599189954186,0.002042193132494874,False,True,True,True,False,45,48,0.001589599996805191
paper_f3_jump__beta_4_8__n1000,paper_f3_jump,beta_4_8,1000,108,0.3,0.3,0.29868342533283077,0.30106599189954186,0.0023825665667110973,False,True,True,True,False,46,46,0.001714100013487041
paper_f3_jump__beta_4_8__n1000,paper_f3_jump,beta_4_8,1000,109,0.3,0.3,0.29868342533283077,0.3003852573697871,0.0017018320369563411,False,True,True,True,False,49,51,0.001965200004633516
paper_f3_jump__beta_4_8__n1000,paper_f3_jump,beta_4_8,1000,110,0.3,0.3,0.29868342533283077,0.30106599189954186,0.0023825665667110973,False,True,True,True,False,45,47,0.0019057999597862363
paper_f3_jump__beta_4_8__n1000,paper_f3_jump,beta_4_8,1000,111,0.3,0.3,0.299023798767047,0.30106599189954186,0.002042193132494874,False,True,True,True,False,45,46,0.0016947999829426408
paper_f3_jump__beta_4_8__n1000,paper_f3_jump,beta_4_8,1000,112,0.3,0.3,0.29868342533283077,0.30106599189954186,0.0023825665667110973,False,True,True,True,False,44,48,0.0015014000236988068
paper_f3_jump__beta_4_8__n1000,paper_f3_jump,beta_4_8,1000,113,0.3,0.3,0.29936416680551214,0.3003852573697871,0.0010210905642749624,False,True,True,True,False,48,50,0.0015922999591566622
paper_f3_jump__beta_4_8__n1000,paper_f3_jump,beta_4_8,1000,114,0.3,0.3,0.29868342533283077,0.30106599189954186,0.0023825665667110973,False,True,True,True,False,46,48,0.0016119000501930714
paper_f3_jump__beta_4_8__n1000,paper_f3_jump,beta_4_8,1000,115,0.3,0.3,0.299023798767047,0.3003852573697871,0.0013614586027401177,False,True,True,True,False,46,48,0.0018492999952286482
paper_f3_jump__beta_4_8__n1000,paper_f3_jump,beta_4_8,1000,116,0.3,0.3,0.29936416680551214,0.30106599189954186,0.0017018250940297186,False,True,True,True,False,47,48,0.0018601000192575157
paper_f3_jump__beta_4_8__n1000,paper_f3_jump,beta_4_8,1000,117,0.3,0.3,0.29868342533283077,0.3003852573697871,0.0017018320369563411,False,True,True,True,False,47,51,0.0021102000027894974
paper_f3_jump__beta_4_8__n1000,paper_f3_jump,beta_4_8,1000,118,0.3,0.3,0.2980026547291801,0.30072562263601277,0.002722967906832685,False,True,True,True,False,44,45,0.0016139999497681856
paper_f3_jump__beta_4_8__n1000,paper_f3_jump,beta_4_8,1000,119,0.3,0.3,0.29868342533283077,0.3024275463246728,0.003744120991842015,False,True,True,True,False,44,45,0.0015949999797157943
paper_f3_jump__beta_4_8__n1000,paper_f3_jump,beta_4_8,1000,120,0.3,0.3,0.29936416680551214,0.3003852573697871,0.0010210905642749624,False,True,True,False,False,44,44,0.0016351999947801232
paper_f3_jump__beta_4_8__n1000,paper_f3_jump,beta_4_8,1000,121,0.3,0.3,0.29936416680551214,0.3003852573697871,0.0010210905642749624,False,True,True,True,False,46,46,0.0021524999756366014
paper_f3_jump__beta_4_8__n1000,paper_f3_jump,beta_4_8,1000,122,0.3,0.3,0.29936416680551214,0.3003852573697871,0.0010210905642749624,False,True,True,True,False,48,49,0.0018161999760195613
paper_f3_jump__beta_4_8__n1000,paper_f3_jump,beta_4_8,1000,123,0.3,0.3,0.299023798767047,0.30106599189954186,0.002042193132494874,False,True,True,True,False,44,49,0.0015412000357173383
paper_f3_jump__beta_4_8__n1000,paper_f3_jump,beta_4_8,1000,124,0.3,0.3,0.29936416680551214,0.30106599189954186,0.0017018250940297186,False,True,True,True,False,47,48,0.0015427999896928668
paper_f3_jump__beta_4_8__n1000,paper_f3_jump,beta_4_8,1000,125,0.3,0.3,0.4557258352769171,0.30208714237821316,nan,True,False,False,False,False,43,46,0.0015380000113509595
paper_f3_jump__beta_4_8__n1000,paper_f3_jump,beta_4_8,1000,126,0.3,0.3,0.29936416680551214,0.3003852573697871,0.0010210905642749624,False,True,True,True,False,50,50,0.001476900011766702
paper_f3_jump__beta_4_8__n1000,paper_f3_jump,beta_4_8,1000,127,0.3,0.3,0.29868342533283077,0.30072562263601277,0.002042197303182003,False,True,True,True,False,46,49,0.0019911999697797
paper_f3_jump__beta_4_8__n1000,paper_f3_jump,beta_4_8,1000,128,0.3,0.3,0.29936416680551214,0.30106599189954186,0.0017018250940297186,False,True,True,True,False,49,50,0.0019204000127501786
paper_f3_jump__beta_4_8__n1000,paper_f3_jump,beta_4_8,1000,129,0.3,0.3,0.29936416680551214,0.3024275463246728,0.003063379519160636,False,True,True,True,False,45,43,0.0019172000465914607
paper_f3_jump__beta_4_8__n1000,paper_f3_jump,beta_4_8,1000,130,0.3,0.3,0.29868342533283077,0.30072562263601277,0.002042197303182003,False,True,True,True,False,44,48,0.0017242999747395515
paper_f3_jump__beta_4_8__n1000,paper_f3_jump,beta_4_8,1000,131,0.3,0.3,0.29868342533283077,0.3003852573697871,0.0017018320369563411,False,True,True,True,False,47,49,0.0017648999928496778
paper_f3_jump__beta_4_8__n1000,paper_f3_jump,beta_4_8,1000,132,0.3,0.3,0.29868342533283077,0.30106599189954186,0.0023825665667110973,False,True,True,True,False,43,45,0.0019490999984554946
paper_f3_jump__beta_4_8__n1000,paper_f3_jump,beta_4_8,1000,133,0.3,0.3,0.29868342533283077,0.30106599189954186,0.0023825665667110973,False,True,True,True,False,48,53,0.0017009999719448388
paper_f3_jump__beta_4_8__n1000,paper_f3_jump,beta_4_8,1000,134,0.3,0.3,0.29868342533283077,0.30072562263601277,0.002042197303182003,False,True,True,True,False,45,49,0.0014743999927304685
paper_f3_jump__beta_4_8__n1000,paper_f3_jump,beta_4_8,1000,135,0.3,0.3,0.29868342533283077,0.30106599189954186,0.0023825665667110973,False,True,True,True,False,46,45,0.0014173999661579728
paper_f3_jump__beta_4_8__n1000,paper_f3_jump,beta_4_8,1000,136,0.3,0.3,0.29936416680551214,0.30106599189954186,0.0017018250940297186,False,True,True,True,False,46,50,0.0014731999835930765
paper_f3_jump__beta_4_8__n1000,paper_f3_jump,beta_4_8,1000,137,0.3,0.3,0.29936416680551214,0.30072562263601277,0.0013614558305006241,False,True,True,True,False,47,49,0.0013660999829880893
paper_f3_jump__beta_4_8__n1000,paper_f3_jump,beta_4_8,1000,138,0.3,0.3,0.29936416680551214,0.3003852573697871,0.0010210905642749624,False,True,True,True,False,47,49,0.0012889999779872596
paper_f3_jump__beta_4_8__n1000,paper_f3_jump,beta_4_8,1000,139,0.3,0.3,0.299023798767047,0.30072562263601277,0.0017018238689657794,False,True,True,True,False,45,48,0.0016414999845437706
paper_f3_jump__beta_4_8__n1000,paper_f3_jump,beta_4_8,1000,140,0.3,0.3,0.2959600166546686,0.30378931405525145,0.007829297400582858,False,True,True,True,False,41,42,0.0015451000072062016
paper_f3_jump__beta_4_8__n1000,paper_f3_jump,beta_4_8,1000,141,0.3,0.3,0.29766225377877675,0.30106599189954186,0.0034037381207651096,False,True,True,True,False,44,44,0.0016573999891988933
paper_f3_jump__beta_4_8__n1000,paper_f3_jump,beta_4_8,1000,142,0.3,0.3,0.29868342533283077,0.30106599189954186,0.0023825665667110973,False,True,True,True,False,46,47,0.0014468000154010952
paper_f3_jump__beta_4_8__n1000,paper_f3_jump,beta_4_8,1000,143,0.3,0.3,0.2980026547291801,0.30072562263601277,0.002722967906832685,False,True,True,True,False,46,47,0.001577800023369491
paper_f3_jump__beta_4_8__n1000,paper_f3_jump,beta_4_8,1000,144,0.3,0.3,0.29868342533283077,0.3003852573697871,0.0017018320369563411,False,True,True,True,False,48,50,0.0015596000012010336
paper_f3_jump__beta_4_8__n1000,paper_f3_jump,beta_4_8,1000,145,0.3,0.3,0.6290417678468015,0.30106599189954186,nan,True,False,False,False,False,49,51,0.0019033999997191131
paper_f3_jump__beta_4_8__n1000,paper_f3_jump,beta_4_8,1000,146,0.3,0.3,0.40537509724809095,0.3003852573697871,nan,True,False,False,False,False,48,48,0.0017866999842226505
paper_f3_jump__beta_4_8__n1000,paper_f3_jump,beta_4_8,1000,147,0.3,0.3,0.3171020287634921,0.3003852573697871,nan,True,False,False,False,False,47,49,0.0018131000106222928
paper_f3_jump__beta_4_8__n1000,paper_f3_jump,beta_4_8,1000,148,0.3,0.3,0.299023798767047,0.3024275463246728,0.0034037475576257914,False,True,True,True,False,44,47,0.0015431999927386642
paper_f3_jump__beta_4_8__n1000,paper_f3_jump,beta_4_8,1000,149,0.3,0.3,0.29868342533283077,0.3003852573697871,0.0017018320369563411,False,True,True,True,False,45,48,0.0016294000088237226
paper_f3_jump__beta_4_8__n1000,paper_f3_jump,beta_4_8,1000,150,0.3,0.3,0.29868342533283077,0.3003852573697871,0.0017018320369563411,False,True,True,True,False,46,49,0.0019429000094532967
paper_f3_jump__beta_4_8__n1000,paper_f3_jump,beta_4_8,1000,151,0.3,0.3,0.299023798767047,0.30106599189954186,0.002042193132494874,False,True,True,True,False,44,48,0.001987600000575185
paper_f3_jump__beta_4_8__n1000,paper_f3_jump,beta_4_8,1000,152,0.3,0.3,0.29868342533283077,0.30072562263601277,0.002042197303182003,False,True,True,True,False,42,44,0.0018253999878652394
paper_f3_jump__beta_4_8__n1000,paper_f3_jump,beta_4_8,1000,153,0.3,0.3,0.29936416680551214,0.30106599189954186,0.0017018250940297186,False,True,True,True,False,50,50,0.0017376000178046525
paper_f3_jump__beta_4_8__n1000,paper_f3_jump,beta_4_8,1000,154,0.3,0.3,0.29868342533283077,0.3003852573697871,0.0017018320369563411,False,True,True,True,False,46,52,0.0015476999687962234
paper_f3_jump__beta_4_8__n1000,paper_f3_jump,beta_4_8,1000,155,0.3,0.3,0.29936416680551214,0.3003852573697871,0.0010210905642749624,False,True,True,True,False,46,50,0.001660600013565272
paper_f3_jump__beta_4_8__n1000,paper_f3_jump,beta_4_8,1000,156,0.3,0.3,0.299023798767047,0.30106599189954186,0.002042193132494874,False,True,True,True,False,42,45,0.0016134000034071505
paper_f3_jump__beta_4_8__n1000,paper_f3_jump,beta_4_8,1000,157,0.3,0.3,0.29936416680551214,0.3003852573697871,0.0010210905642749624,False,True,True,True,False,48,52,0.001638100016862154
paper_f3_jump__beta_4_8__n1000,paper_f3_jump,beta_4_8,1000,158,0.3,0.3,0.299023798767047,0.30106599189954186,0.002042193132494874,False,True,True,True,False,45,49,0.0013248000177554786
paper_f3_jump__beta_4_8__n1000,paper_f3_jump,beta_4_8,1000,159,0.3,0.3,0.299023798767047,0.30106599189954186,0.002042193132494874,False,True,True,True,False,46,48,0.0016199000529013574
paper_f3_jump__beta_4_8__n1000,paper_f3_jump,beta_4_8,1000,160,0.3,0.3,0.29868342533283077,0.30072562263601277,0.002042197303182003,False,True,True,True,False,44,46,0.0017069000168703496
paper_f3_jump__beta_4_8__n1000,paper_f3_jump,beta_4_8,1000,161,0.3,0.3,0.29868342533283077,0.3003852573697871,0.0017018320369563411,False,True,True,True,False,47,50,0.0014478000230155885
paper_f3_jump__beta_4_8__n1000,paper_f3_jump,beta_4_8,1000,162,0.3,0.3,0.29936416680551214,0.3003852573697871,0.0010210905642749624,False,True,True,True,False,47,51,0.0015004000160843134
paper_f3_jump__beta_4_8__n1000,paper_f3_jump,beta_4_8,1000,163,0.3,0.3,0.29868342533283077,0.30106599189954186,0.0023825665667110973,False,True,True,True,False,42,47,0.0017847999697551131
paper_f3_jump__beta_4_8__n1000,paper_f3_jump,beta_4_8,1000,164,0.3,0.3,0.29868342533283077,0.3003852573697871,0.0017018320369563411,False,True,True,True,False,48,50,0.0015718999784439802
paper_f3_jump__beta_4_8__n1000,paper_f3_jump,beta_4_8,1000,165,0.3,0.3,0.29868342533283077,0.30072562263601277,0.002042197303182003,False,True,True,True,False,45,48,0.001471600029617548
paper_f3_jump__beta_4_8__n1000,paper_f3_jump,beta_4_8,1000,166,0.3,0.3,0.299023798767047,0.30106599189954186,0.002042193132494874,False,True,True,True,False,46,46,0.0016148000140674412
paper_f3_jump__beta_4_8__n1000,paper_f3_jump,beta_4_8,1000,167,0.3,0.3,0.29936416680551214,0.30106599189954186,0.0017018250940297186,False,True,True,True,False,47,48,0.0012363000423647463
paper_f3_jump__beta_4_8__n1000,paper_f3_jump,beta_4_8,1000,168,0.3,0.3,0.29868342533283077,0.30072562263601277,0.002042197303182003,False,True,True,True,False,44,48,0.001436399994418025
paper_f3_jump__beta_4_8__n1000,paper_f3_jump,beta_4_8,1000,169,0.3,0.3,0.29936416680551214,0.3003852573697871,0.0010210905642749624,False,True,True,True,False,51,52,0.0018251999863423407
paper_f3_jump__beta_4_8__n1000,paper_f3_jump,beta_4_8,1000,170,0.3,0.3,0.29936416680551214,0.3003852573697871,0.0010210905642749624,False,True,True,True,False,47,49,0.001546400017105043
paper_f3_jump__beta_4_8__n1000,paper_f3_jump,beta_4_8,1000,171,0.3,0.3,0.29868342533283077,0.30072562263601277,0.002042197303182003,False,True,True,True,False,46,47,0.0014172999653965235
paper_f3_jump__beta_4_8__n1000,paper_f3_jump,beta_4_8,1000,172,0.3,0.3,0.299023798767047,0.30072562263601277,0.0017018238689657794,False,True,True,True,False,47,47,0.0015780000248923898
paper_f3_jump__beta_4_8__n1000,paper_f3_jump,beta_4_8,1000,173,0.3,0.3,0.29868342533283077,0.3003852573697871,0.0017018320369563411,False,True,True,True,False,44,47,0.0016213000053539872
paper_f3_jump__beta_4_8__n1000,paper_f3_jump,beta_4_8,1000,174,0.3,0.3,0.29936416680551214,0.3003852573697871,0.0010210905642749624,False,True,True,True,False,42,46,0.001407400006428361
paper_f3_jump__beta_4_8__n1000,paper_f3_jump,beta_4_8,1000,175,0.3,0.3,0.29766225377877675,0.3017467499023578,0.004084496123581027,False,True,True,True,False,42,46,0.0014333000290207565
paper_f3_jump__beta_4_8__n1000,paper_f3_jump,beta_4_8,1000,176,0.3,0.3,0.29868342533283077,0.30106599189954186,0.0023825665667110973,False,True,True,True,False,42,43,0.0014224000042304397
paper_f3_jump__beta_4_8__n1000,paper_f3_jump,beta_4_8,1000,177,0.3,0.3,0.29868342533283077,0.30106599189954186,0.0023825665667110973,False,True,True,True,False,45,44,0.0014401000225916505
paper_f3_jump__beta_4_8__n1000,paper_f3_jump,beta_4_8,1000,178,0.3,0.3,0.29936416680551214,0.3003852573697871,0.0010210905642749624,False,True,True,True,False,45,48,0.0015866000321693718
paper_f3_jump__beta_4_8__n1000,paper_f3_jump,beta_4_8,1000,179,0.3,0.3,0.29868342533283077,0.3003852573697871,0.0017018320369563411,False,True,True,True,False,45,49,0.0016494999872520566
paper_f3_jump__beta_4_8__n1000,paper_f3_jump,beta_4_8,1000,180,0.3,0.3,0.2980026547291801,0.3003852573697871,0.0023826026406070233,False,True,True,True,False,46,48,0.0015035999822430313
paper_f3_jump__beta_4_8__n1000,paper_f3_jump,beta_4_8,1000,181,0.3,0.3,0.29868342533283077,0.3003852573697871,0.0017018320369563411,False,True,True,False,False,44,50,0.001431700016837567
paper_f3_jump__beta_4_8__n1000,paper_f3_jump,beta_4_8,1000,182,0.3,0.3,0.29868342533283077,0.30208714237821316,0.003403717045382393,False,True,True,True,False,44,43,0.0016604000120423734
paper_f3_jump__beta_4_8__n1000,paper_f3_jump,beta_4_8,1000,183,0.3,0.3,0.29868342533283077,0.30072562263601277,0.002042197303182003,False,True,True,True,False,47,47,0.0016425000503659248
paper_f3_jump__beta_4_8__n1000,paper_f3_jump,beta_4_8,1000,184,0.3,0.3,0.29868342533283077,0.3017467499023578,0.003063324569527015,False,True,True,True,False,45,48,0.0016214000061154366
paper_f3_jump__beta_4_8__n1000,paper_f3_jump,beta_4_8,1000,185,0.3,0.3,0.29936416680551214,0.30106599189954186,0.0017018250940297186,False,True,True,True,False,47,48,0.0014485000283457339
paper_f3_jump__beta_4_8__n1000,paper_f3_jump,beta_4_8,1000,186,0.3,0.3,0.29936416680551214,0.3003852573697871,0.0010210905642749624,False,True,True,True,False,44,50,0.0015308000147342682
paper_f3_jump__beta_4_8__n1000,paper_f3_jump,beta_4_8,1000,187,0.3,0.3,0.2980026547291801,0.30106599189954186,0.0030633371703617795,False,True,True,True,False,45,49,0.001667400007136166
paper_f3_jump__beta_4_8__n1000,paper_f3_jump,beta_4_8,1000,188,0.3,0.3,0.29868342533283077,0.3017467499023578,0.003063324569527015,False,True,True,True,False,45,45,0.0014986000023782253
paper_f3_jump__beta_4_8__n1000,paper_f3_jump,beta_4_8,1000,189,0.3,0.3,0.29868342533283077,0.30106599189954186,0.0023825665667110973,False,True,True,True,False,45,47,0.0015799000393599272
paper_f3_jump__beta_4_8__n1000,paper_f3_jump,beta_4_8,1000,190,0.3,0.3,0.299023798767047,0.30208714237821316,0.0030633436111661694,False,True,True,True,False,44,47,0.0019915999728254974
paper_f3_jump__beta_4_8__n1000,paper_f3_jump,beta_4_8,1000,191,0.3,0.3,0.29868342533283077,0.3003852573697871,0.0017018320369563411,False,True,True,True,False,45,50,0.0016786999767646194
paper_f3_jump__beta_4_8__n1000,paper_f3_jump,beta_4_8,1000,192,0.3,0.3,0.29936416680551214,0.3003852573697871,0.0010210905642749624,False,True,True,True,False,51,52,0.0017189999925903976
paper_f3_jump__beta_4_8__n1000,paper_f3_jump,beta_4_8,1000,193,0.3,0.3,0.29868342533283077,0.3003852573697871,0.0017018320369563411,False,True,True,True,False,45,50,0.0018674000166356564
paper_f3_jump__beta_4_8__n1000,paper_f3_jump,beta_4_8,1000,194,0.3,0.3,0.29868342533283077,0.30106599189954186,0.0023825665667110973,False,True,True,True,False,45,47,0.001686000032350421
paper_f3_jump__beta_4_8__n1000,paper_f3_jump,beta_4_8,1000,195,0.3,0.3,0.29868342533283077,0.30106599189954186,0.0023825665667110973,False,True,True,True,False,46,49,0.0016815999988466501
paper_f3_jump__beta_4_8__n1000,paper_f3_jump,beta_4_8,1000,196,0.3,0.3,0.29936416680551214,0.30106599189954186,0.0017018250940297186,False,True,True,True,False,48,47,0.0014952000346966088
paper_f3_jump__beta_4_8__n1000,paper_f3_jump,beta_4_8,1000,197,0.3,0.3,0.37296449708312535,0.3003852573697871,nan,True,False,False,False,False,49,52,0.0015725999837741256
paper_f3_jump__beta_4_8__n1000,paper_f3_jump,beta_4_8,1000,198,0.3,0.3,0.29936416680551214,0.3003852573697871,0.0010210905642749624,False,True,True,True,False,45,49,0.0013435999862849712
paper_f3_jump__beta_4_8__n1000,paper_f3_jump,beta_4_8,1000,199,0.3,0.3,0.29868342533283077,0.30106599189954186,0.0023825665667110973,False,True,True,True,False,47,50,0.0015110999811440706
paper_f4_logistic__beta_4_8__n1000,paper_f4_logistic,beta_4_8,1000,0,0.3,0.3,0.0,1.0,1.0,False,True,False,True,False,0,0,0.0018896000110544264
paper_f4_logistic__beta_4_8__n1000,paper_f4_logistic,beta_4_8,1000,1,0.3,0.3,0.0,1.0,1.0,False,True,False,True,False,0,0,0.0016896000015549362
paper_f4_logistic__beta_4_8__n1000,paper_f4_logistic,beta_4_8,1000,2,0.3,0.3,0.0,1.0,1.0,False,True,False,True,False,0,0,0.0017638999852351844
paper_f4_logistic__beta_4_8__n1000,paper_f4_logistic,beta_4_8,1000,3,0.3,0.3,0.0,1.0,1.0,False,True,False,True,False,0,0,0.0019172000465914607
paper_f4_logistic__beta_4_8__n1000,paper_f4_logistic,beta_4_8,1000,4,0.3,0.3,0.0,1.0,1.0,False,True,False,True,False,0,0,0.00166529999114573
paper_f4_logistic__beta_4_8__n1000,paper_f4_logistic,beta_4_8,1000,5,0.3,0.3,0.0,1.0,1.0,False,True,False,True,False,0,0,0.0016558999777771533
paper_f4_logistic__beta_4_8__n1000,paper_f4_logistic,beta_4_8,1000,6,0.3,0.3,0.0,1.0,1.0,False,True,False,True,False,0,0,0.0015497999847866595
paper_f4_logistic__beta_4_8__n1000,paper_f4_logistic,beta_4_8,1000,7,0.3,0.3,0.0,1.0,1.0,False,True,False,True,False,0,0,0.0014866000274196267
paper_f4_logistic__beta_4_8__n1000,paper_f4_logistic,beta_4_8,1000,8,0.3,0.3,0.0,1.0,1.0,False,True,False,True,False,0,0,0.0016553999739699066
paper_f4_logistic__beta_4_8__n1000,paper_f4_logistic,beta_4_8,1000,9,0.3,0.3,0.0,1.0,1.0,False,True,False,True,False,0,0,0.001501200022175908
paper_f4_logistic__beta_4_8__n1000,paper_f4_logistic,beta_4_8,1000,10,0.3,0.3,0.0,1.0,1.0,False,True,False,True,False,0,0,0.0013756999978795648
paper_f4_logistic__beta_4_8__n1000,paper_f4_logistic,beta_4_8,1000,11,0.3,0.3,0.0,1.0,1.0,False,True,False,True,False,0,0,0.0016815999988466501
paper_f4_logistic__beta_4_8__n1000,paper_f4_logistic,beta_4_8,1000,12,0.3,0.3,0.0,1.0,1.0,False,True,False,True,False,0,0,0.0014712000265717506
paper_f4_logistic__beta_4_8__n1000,paper_f4_logistic,beta_4_8,1000,13,0.3,0.3,0.0,1.0,1.0,False,True,False,True,False,0,0,0.0013663999852724373
paper_f4_logistic__beta_4_8__n1000,paper_f4_logistic,beta_4_8,1000,14,0.3,0.3,0.0,1.0,1.0,False,True,False,True,False,0,0,0.0016552000306546688
paper_f4_logistic__beta_4_8__n1000,paper_f4_logistic,beta_4_8,1000,15,0.3,0.3,0.0,1.0,1.0,False,True,False,True,False,0,0,0.0017016999772749841
paper_f4_logistic__beta_4_8__n1000,paper_f4_logistic,beta_4_8,1000,16,0.3,0.3,0.0,1.0,1.0,False,True,False,True,False,0,0,0.0015994999557733536
paper_f4_logistic__beta_4_8__n1000,paper_f4_logistic,beta_4_8,1000,17,0.3,0.3,0.0,1.0,1.0,False,True,False,True,False,0,0,0.0015643000369891524
paper_f4_logistic__beta_4_8__n1000,paper_f4_logistic,beta_4_8,1000,18,0.3,0.3,0.0,1.0,1.0,False,True,False,True,False,0,0,0.0015307000139728189
paper_f4_logistic__beta_4_8__n1000,paper_f4_logistic,beta_4_8,1000,19,0.3,0.3,0.0,1.0,1.0,False,True,False,True,False,0,0,0.0014750000555068254
paper_f4_logistic__beta_4_8__n1000,paper_f4_logistic,beta_4_8,1000,20,0.3,0.3,0.0,1.0,1.0,False,True,False,True,False,0,0,0.0014063999988138676
paper_f4_logistic__beta_4_8__n1000,paper_f4_logistic,beta_4_8,1000,21,0.3,0.3,0.0,1.0,1.0,False,True,False,True,False,0,0,0.0015036999830044806
paper_f4_logistic__beta_4_8__n1000,paper_f4_logistic,beta_4_8,1000,22,0.3,0.3,0.0,1.0,1.0,False,True,False,True,False,0,0,0.0014953999780118465
paper_f4_logistic__beta_4_8__n1000,paper_f4_logistic,beta_4_8,1000,23,0.3,0.3,0.0,1.0,1.0,False,True,False,True,False,0,0,0.001602299977093935
paper_f4_logistic__beta_4_8__n1000,paper_f4_logistic,beta_4_8,1000,24,0.3,0.3,0.0,1.0,1.0,False,True,False,True,False,0,0,0.0012206999817863107
paper_f4_logistic__beta_4_8__n1000,paper_f4_logistic,beta_4_8,1000,25,0.3,0.3,0.0,1.0,1.0,False,True,False,True,False,0,0,0.001568000006955117
paper_f4_logistic__beta_4_8__n1000,paper_f4_logistic,beta_4_8,1000,26,0.3,0.3,0.0,1.0,1.0,False,True,False,True,False,0,0,0.0011987999896518886
paper_f4_logistic__beta_4_8__n1000,paper_f4_logistic,beta_4_8,1000,27,0.3,0.3,0.0,0.4375476098024964,0.4375476098024964,False,True,True,False,False,0,1,0.001784199965186417
paper_f4_logistic__beta_4_8__n1000,paper_f4_logistic,beta_4_8,1000,28,0.3,0.3,0.0,1.0,1.0,False,True,False,True,False,0,0,0.0017600999563001096
paper_f4_logistic__beta_4_8__n1000,paper_f4_logistic,beta_4_8,1000,29,0.3,0.3,0.0,1.0,1.0,False,True,False,True,False,0,0,0.0015425000456161797
paper_f4_logistic__beta_4_8__n1000,paper_f4_logistic,beta_4_8,1000,30,0.3,0.3,0.0,1.0,1.0,False,True,False,True,False,0,0,0.0015122999902814627
paper_f4_logistic__beta_4_8__n1000,paper_f4_logistic,beta_4_8,1000,31,0.3,0.3,0.0,1.0,1.0,False,True,False,True,False,0,0,0.001274599984753877
paper_f4_logistic__beta_4_8__n1000,paper_f4_logistic,beta_4_8,1000,32,0.3,0.3,0.0,1.0,1.0,False,True,False,True,False,0,0,0.0014037999790161848
paper_f4_logistic__beta_4_8__n1000,paper_f4_logistic,beta_4_8,1000,33,0.3,0.3,0.0,1.0,1.0,False,True,False,True,False,0,0,0.0013144999975338578
paper_f4_logistic__beta_4_8__n1000,paper_f4_logistic,beta_4_8,1000,34,0.3,0.3,0.0,1.0,1.0,False,True,False,True,False,0,0,0.0018327999860048294
paper_f4_logistic__beta_4_8__n1000,paper_f4_logistic,beta_4_8,1000,35,0.3,0.3,0.0,1.0,1.0,False,True,False,True,False,0,0,0.0017819000058807433
paper_f4_logistic__beta_4_8__n1000,paper_f4_logistic,beta_4_8,1000,36,0.3,0.3,0.0,1.0,1.0,False,True,False,True,False,0,0,0.0014423999818973243
paper_f4_logistic__beta_4_8__n1000,paper_f4_logistic,beta_4_8,1000,37,0.3,0.3,0.0,1.0,1.0,False,True,False,True,False,0,0,0.0013371999957598746
paper_f4_logistic__beta_4_8__n1000,paper_f4_logistic,beta_4_8,1000,38,0.3,0.3,0.0,1.0,1.0,False,True,False,True,False,0,0,0.0011823999811895192
paper_f4_logistic__beta_4_8__n1000,paper_f4_logistic,beta_4_8,1000,39,0.3,0.3,0.0,1.0,1.0,False,True,False,True,False,0,0,0.001567100000102073
paper_f4_logistic__beta_4_8__n1000,paper_f4_logistic,beta_4_8,1000,40,0.3,0.3,0.0,1.0,1.0,False,True,False,True,False,0,0,0.0016734999953769147
paper_f4_logistic__beta_4_8__n1000,paper_f4_logistic,beta_4_8,1000,41,0.3,0.3,0.0,1.0,1.0,False,True,False,True,False,0,0,0.001540800032671541
paper_f4_logistic__beta_4_8__n1000,paper_f4_logistic,beta_4_8,1000,42,0.3,0.3,0.0,1.0,1.0,False,True,False,True,False,0,0,0.0015409999759867787
paper_f4_logistic__beta_4_8__n1000,paper_f4_logistic,beta_4_8,1000,43,0.3,0.3,0.0,1.0,1.0,False,True,False,True,False,0,0,0.001533699978608638
paper_f4_logistic__beta_4_8__n1000,paper_f4_logistic,beta_4_8,1000,44,0.3,0.3,0.0,1.0,1.0,False,True,False,True,False,0,0,0.0014819999923929572
paper_f4_logistic__beta_4_8__n1000,paper_f4_logistic,beta_4_8,1000,45,0.3,0.3,0.0,1.0,1.0,False,True,False,True,False,0,0,0.0014744999934919178
paper_f4_logistic__beta_4_8__n1000,paper_f4_logistic,beta_4_8,1000,46,0.3,0.3,0.0,1.0,1.0,False,True,False,True,False,0,0,0.0019530000281520188
paper_f4_logistic__beta_4_8__n1000,paper_f4_logistic,beta_4_8,1000,47,0.3,0.3,0.0,1.0,1.0,False,True,False,True,False,0,0,0.0015185000374913216
paper_f4_logistic__beta_4_8__n1000,paper_f4_logistic,beta_4_8,1000,48,0.3,0.3,0.0,1.0,1.0,False,True,False,True,False,0,0,0.001458899991121143
paper_f4_logistic__beta_4_8__n1000,paper_f4_logistic,beta_4_8,1000,49,0.3,0.3,0.0,1.0,1.0,False,True,False,True,False,0,0,0.0014495999785140157
paper_f4_logistic__beta_4_8__n1000,paper_f4_logistic,beta_4_8,1000,50,0.3,0.3,0.0,1.0,1.0,False,True,False,True,False,0,0,0.001386099960654974
paper_f4_logistic__beta_4_8__n1000,paper_f4_logistic,beta_4_8,1000,51,0.3,0.3,0.0,1.0,1.0,False,True,False,True,False,0,0,0.0016004000208340585
paper_f4_logistic__beta_4_8__n1000,paper_f4_logistic,beta_4_8,1000,52,0.3,0.3,0.0,1.0,1.0,False,True,False,True,False,0,0,0.0014786000247113407
paper_f4_logistic__beta_4_8__n1000,paper_f4_logistic,beta_4_8,1000,53,0.3,0.3,0.0,1.0,1.0,False,True,False,True,False,0,0,0.0014042999828234315
paper_f4_logistic__beta_4_8__n1000,paper_f4_logistic,beta_4_8,1000,54,0.3,0.3,0.0,1.0,1.0,False,True,False,True,False,0,0,0.001456199970562011
paper_f4_logistic__beta_4_8__n1000,paper_f4_logistic,beta_4_8,1000,55,0.3,0.3,0.0,0.3695376324679899,0.3695376324679899,False,True,True,False,False,0,1,0.0011993999942205846
paper_f4_logistic__beta_4_8__n1000,paper_f4_logistic,beta_4_8,1000,56,0.3,0.3,0.0,1.0,1.0,False,True,False,True,False,0,0,0.0012070999946445227
paper_f4_logistic__beta_4_8__n1000,paper_f4_logistic,beta_4_8,1000,57,0.3,0.3,0.0,1.0,1.0,False,True,False,True,False,0,0,0.0012771000037901103
paper_f4_logistic__beta_4_8__n1000,paper_f4_logistic,beta_4_8,1000,58,0.3,0.3,0.0,1.0,1.0,False,True,False,True,False,0,0,0.0014974999940022826
paper_f4_logistic__beta_4_8__n1000,paper_f4_logistic,beta_4_8,1000,59,0.3,0.3,0.0,1.0,1.0,False,True,False,True,False,0,0,0.001654100022278726
paper_f4_logistic__beta_4_8__n1000,paper_f4_logistic,beta_4_8,1000,60,0.3,0.3,0.26917404058401806,1.0,0.7308259594159819,False,True,True,False,False,1,0,0.0017688999650999904
paper_f4_logistic__beta_4_8__n1000,paper_f4_logistic,beta_4_8,1000,61,0.3,0.3,0.0,1.0,1.0,False,True,False,True,False,0,0,0.001364199968520552
paper_f4_logistic__beta_4_8__n1000,paper_f4_logistic,beta_4_8,1000,62,0.3,0.3,0.0,1.0,1.0,False,True,False,True,False,0,0,0.001501500024460256
paper_f4_logistic__beta_4_8__n1000,paper_f4_logistic,beta_4_8,1000,63,0.3,0.3,0.0,1.0,1.0,False,True,False,True,False,0,0,0.0015516999992541969
paper_f4_logistic__beta_4_8__n1000,paper_f4_logistic,beta_4_8,1000,64,0.3,0.3,0.0,1.0,1.0,False,True,False,True,False,0,0,0.0015556999715045094
paper_f4_logistic__beta_4_8__n1000,paper_f4_logistic,beta_4_8,1000,65,0.3,0.3,0.0,1.0,1.0,False,True,False,True,False,0,0,0.0019352000090293586
paper_f4_logistic__beta_4_8__n1000,paper_f4_logistic,beta_4_8,1000,66,0.3,0.3,0.0,1.0,1.0,False,True,False,True,False,0,0,0.001409500022418797
paper_f4_logistic__beta_4_8__n1000,paper_f4_logistic,beta_4_8,1000,67,0.3,0.3,0.0,1.0,1.0,False,True,False,True,False,0,0,0.0015282999956980348
paper_f4_logistic__beta_4_8__n1000,paper_f4_logistic,beta_4_8,1000,68,0.3,0.3,0.0,1.0,1.0,False,True,False,True,False,0,0,0.001319599978160113
paper_f4_logistic__beta_4_8__n1000,paper_f4_logistic,beta_4_8,1000,69,0.3,0.3,0.0,1.0,1.0,False,True,False,True,False,0,0,0.001268099993467331
paper_f4_logistic__beta_4_8__n1000,paper_f4_logistic,beta_4_8,1000,70,0.3,0.3,0.0,0.3882752664220369,0.3882752664220369,False,True,True,False,False,0,1,0.001513900002464652
paper_f4_logistic__beta_4_8__n1000,paper_f4_logistic,beta_4_8,1000,71,0.3,0.3,0.0,1.0,1.0,False,True,False,True,False,0,0,0.0014483999693766236
paper_f4_logistic__beta_4_8__n1000,paper_f4_logistic,beta_4_8,1000,72,0.3,0.3,0.0,1.0,1.0,False,True,False,True,False,0,0,0.0017165999743156135
paper_f4_logistic__beta_4_8__n1000,paper_f4_logistic,beta_4_8,1000,73,0.3,0.3,0.0,1.0,1.0,False,True,False,True,False,0,0,0.0015875000390224159
paper_f4_logistic__beta_4_8__n1000,paper_f4_logistic,beta_4_8,1000,74,0.3,0.3,0.0,1.0,1.0,False,True,False,True,False,0,0,0.0012442999868653715
paper_f4_logistic__beta_4_8__n1000,paper_f4_logistic,beta_4_8,1000,75,0.3,0.3,0.0,1.0,1.0,False,True,False,True,False,0,0,0.0013218999956734478
paper_f4_logistic__beta_4_8__n1000,paper_f4_logistic,beta_4_8,1000,76,0.3,0.3,0.0,1.0,1.0,False,True,False,True,False,0,0,0.0016210000030696392
paper_f4_logistic__beta_4_8__n1000,paper_f4_logistic,beta_4_8,1000,77,0.3,0.3,0.0,1.0,1.0,False,True,False,True,False,0,0,0.0014072000049054623
paper_f4_logistic__beta_4_8__n1000,paper_f4_logistic,beta_4_8,1000,78,0.3,0.3,0.0,1.0,1.0,False,True,False,True,False,0,0,0.0016124999965541065
paper_f4_logistic__beta_4_8__n1000,paper_f4_logistic,beta_4_8,1000,79,0.3,0.3,0.0,1.0,1.0,False,True,False,True,False,0,0,0.0016580999945290387
paper_f4_logistic__beta_4_8__n1000,paper_f4_logistic,beta_4_8,1000,80,0.3,0.3,0.0,1.0,1.0,False,True,False,True,False,0,0,0.001457099977415055
paper_f4_logistic__beta_4_8__n1000,paper_f4_logistic,beta_4_8,1000,81,0.3,0.3,0.0,1.0,1.0,False,True,False,True,False,0,0,0.0016636000364087522
paper_f4_logistic__beta_4_8__n1000,paper_f4_logistic,beta_4_8,1000,82,0.3,0.3,0.0,1.0,1.0,False,True,False,True,False,0,0,0.0017395999748259783
paper_f4_logistic__beta_4_8__n1000,paper_f4_logistic,beta_4_8,1000,83,0.3,0.3,0.0,1.0,1.0,False,True,False,True,False,0,0,0.0016582999960519373
paper_f4_logistic__beta_4_8__n1000,paper_f4_logistic,beta_4_8,1000,84,0.3,0.3,0.2898255775413042,0.31675938266556974,0.02693380512426552,False,True,True,False,False,1,1,0.0014785000239498913
paper_f4_logistic__beta_4_8__n1000,paper_f4_logistic,beta_4_8,1000,85,0.3,0.3,0.0,1.0,1.0,False,True,False,True,False,0,0,0.0014618000132031739
paper_f4_logistic__beta_4_8__n1000,paper_f4_logistic,beta_4_8,1000,86,0.3,0.3,0.0,1.0,1.0,False,True,False,True,False,0,0,0.0014461000100709498
paper_f4_logistic__beta_4_8__n1000,paper_f4_logistic,beta_4_8,1000,87,0.3,0.3,0.0,1.0,1.0,False,True,False,True,False,0,0,0.0016211000038310885
paper_f4_logistic__beta_4_8__n1000,paper_f4_logistic,beta_4_8,1000,88,0.3,0.3,0.0,1.0,1.0,False,True,False,True,False,0,0,0.0014214000548236072
paper_f4_logistic__beta_4_8__n1000,paper_f4_logistic,beta_4_8,1000,89,0.3,0.3,0.0,1.0,1.0,False,True,False,True,False,0,0,0.0012629000120796263
paper_f4_logistic__beta_4_8__n1000,paper_f4_logistic,beta_4_8,1000,90,0.3,0.3,0.0,1.0,1.0,False,True,False,True,False,0,0,0.0012122000334784389
paper_f4_logistic__beta_4_8__n1000,paper_f4_logistic,beta_4_8,1000,91,0.3,0.3,0.0,1.0,1.0,False,True,False,True,False,0,0,0.0017657999997027218
paper_f4_logistic__beta_4_8__n1000,paper_f4_logistic,beta_4_8,1000,92,0.3,0.3,0.0,1.0,1.0,False,True,False,True,False,0,0,0.0017054000054486096
paper_f4_logistic__beta_4_8__n1000,paper_f4_logistic,beta_4_8,1000,93,0.3,0.3,0.0,1.0,1.0,False,True,False,True,False,0,0,0.0019119000062346458
paper_f4_logistic__beta_4_8__n1000,paper_f4_logistic,beta_4_8,1000,94,0.3,0.3,0.0,1.0,1.0,False,True,False,True,False,0,0,0.0015986999496817589
paper_f4_logistic__beta_4_8__n1000,paper_f4_logistic,beta_4_8,1000,95,0.3,0.3,0.0,1.0,1.0,False,True,False,True,False,0,0,0.0014361999928951263
paper_f4_logistic__beta_4_8__n1000,paper_f4_logistic,beta_4_8,1000,96,0.3,0.3,0.0,1.0,1.0,False,True,False,True,False,0,0,0.0014126999885775149
paper_f4_logistic__beta_4_8__n1000,paper_f4_logistic,beta_4_8,1000,97,0.3,0.3,0.0,1.0,1.0,False,True,False,True,False,0,0,0.0017849999712780118
paper_f4_logistic__beta_4_8__n1000,paper_f4_logistic,beta_4_8,1000,98,0.3,0.3,0.0,1.0,1.0,False,True,False,True,False,0,0,0.0014667999930679798
paper_f4_logistic__beta_4_8__n1000,paper_f4_logistic,beta_4_8,1000,99,0.3,0.3,0.0,1.0,1.0,False,True,False,True,False,0,0,0.0013086000108160079
paper_f4_logistic__beta_4_8__n1000,paper_f4_logistic,beta_4_8,1000,100,0.3,0.3,0.0,1.0,1.0,False,True,False,True,False,0,0,0.0014458999503403902
paper_f4_logistic__beta_4_8__n1000,paper_f4_logistic,beta_4_8,1000,101,0.3,0.3,0.0,1.0,1.0,False,True,False,True,False,0,0,0.0014153000083751976
paper_f4_logistic__beta_4_8__n1000,paper_f4_logistic,beta_4_8,1000,102,0.3,0.3,0.0,1.0,1.0,False,True,False,True,False,0,0,0.0012455999967642128
paper_f4_logistic__beta_4_8__n1000,paper_f4_logistic,beta_4_8,1000,103,0.3,0.3,0.0,1.0,1.0,False,True,False,True,False,0,0,0.0013313000090420246
paper_f4_logistic__beta_4_8__n1000,paper_f4_logistic,beta_4_8,1000,104,0.3,0.3,0.0,1.0,1.0,False,True,False,True,False,0,0,0.001777100027538836
paper_f4_logistic__beta_4_8__n1000,paper_f4_logistic,beta_4_8,1000,105,0.3,0.3,0.0,1.0,1.0,False,True,False,True,False,0,0,0.0016079999622888863
paper_f4_logistic__beta_4_8__n1000,paper_f4_logistic,beta_4_8,1000,106,0.3,0.3,0.0,1.0,1.0,False,True,False,True,False,0,0,0.0012973000411875546
paper_f4_logistic__beta_4_8__n1000,paper_f4_logistic,beta_4_8,1000,107,0.3,0.3,0.0,1.0,1.0,False,True,False,True,False,0,0,0.0011855000047944486
paper_f4_logistic__beta_4_8__n1000,paper_f4_logistic,beta_4_8,1000,108,0.3,0.3,0.0,1.0,1.0,False,True,False,True,False,0,0,0.0014126000460237265
paper_f4_logistic__beta_4_8__n1000,paper_f4_logistic,beta_4_8,1000,109,0.3,0.3,0.0,1.0,1.0,False,True,False,True,False,0,0,0.0014728999813087285
paper_f4_logistic__beta_4_8__n1000,paper_f4_logistic,beta_4_8,1000,110,0.3,0.3,0.0,1.0,1.0,False,True,False,True,False,0,0,0.0013248000177554786
paper_f4_logistic__beta_4_8__n1000,paper_f4_logistic,beta_4_8,1000,111,0.3,0.3,0.0,1.0,1.0,False,True,False,True,False,0,0,0.0017897000070661306
paper_f4_logistic__beta_4_8__n1000,paper_f4_logistic,beta_4_8,1000,112,0.3,0.3,0.0,1.0,1.0,False,True,False,True,False,0,0,0.001404500042553991
paper_f4_logistic__beta_4_8__n1000,paper_f4_logistic,beta_4_8,1000,113,0.3,0.3,0.0,1.0,1.0,False,True,False,True,False,0,0,0.001242399972397834
paper_f4_logistic__beta_4_8__n1000,paper_f4_logistic,beta_4_8,1000,114,0.3,0.3,0.0,1.0,1.0,False,True,False,True,False,0,0,0.0012104999623261392
paper_f4_logistic__beta_4_8__n1000,paper_f4_logistic,beta_4_8,1000,115,0.3,0.3,0.0,1.0,1.0,False,True,False,True,False,0,0,0.001450299983844161
paper_f4_logistic__beta_4_8__n1000,paper_f4_logistic,beta_4_8,1000,116,0.3,0.3,0.0,1.0,1.0,False,True,False,True,False,0,0,0.0012845000019297004
paper_f4_logistic__beta_4_8__n1000,paper_f4_logistic,beta_4_8,1000,117,0.3,0.3,0.0,1.0,1.0,False,True,False,True,False,0,0,0.0014641000307165086
paper_f4_logistic__beta_4_8__n1000,paper_f4_logistic,beta_4_8,1000,118,0.3,0.3,0.0,1.0,1.0,False,True,False,True,False,0,0,0.001414199999999255
paper_f4_logistic__beta_4_8__n1000,paper_f4_logistic,beta_4_8,1000,119,0.3,0.3,0.0,1.0,1.0,False,True,False,True,False,0,0,0.0017568000475876033
paper_f4_logistic__beta_4_8__n1000,paper_f4_logistic,beta_4_8,1000,120,0.3,0.3,0.0,1.0,1.0,False,True,False,True,False,0,0,0.0014660999877378345
paper_f4_logistic__beta_4_8__n1000,paper_f4_logistic,beta_4_8,1000,121,0.3,0.3,0.0,1.0,1.0,False,True,False,True,False,0,0,0.0014665999915450811
paper_f4_logistic__beta_4_8__n1000,paper_f4_logistic,beta_4_8,1000,122,0.3,0.3,0.0,1.0,1.0,False,True,False,True,False,0,0,0.0013959999778307974
paper_f4_logistic__beta_4_8__n1000,paper_f4_logistic,beta_4_8,1000,123,0.3,0.3,0.0,1.0,1.0,False,True,False,True,False,0,0,0.0014668999938294291
paper_f4_logistic__beta_4_8__n1000,paper_f4_logistic,beta_4_8,1000,124,0.3,0.3,0.0,1.0,1.0,False,True,False,True,False,0,0,0.0014748999965377152
paper_f4_logistic__beta_4_8__n1000,paper_f4_logistic,beta_4_8,1000,125,0.3,0.3,0.0,0.29289441187288423,0.29289441187288423,False,False,True,False,False,0,1,0.001513299997895956
paper_f4_logistic__beta_4_8__n1000,paper_f4_logistic,beta_4_8,1000,126,0.3,0.3,0.0,1.0,1.0,False,True,False,True,False,0,0,0.0014108999748714268
paper_f4_logistic__beta_4_8__n1000,paper_f4_logistic,beta_4_8,1000,127,0.3,0.3,0.0,1.0,1.0,False,True,False,True,False,0,0,0.0015582999913021922
paper_f4_logistic__beta_4_8__n1000,paper_f4_logistic,beta_4_8,1000,128,0.3,0.3,0.0,1.0,1.0,False,True,False,True,False,0,0,0.0012026000185869634
paper_f4_logistic__beta_4_8__n1000,paper_f4_logistic,beta_4_8,1000,129,0.3,0.3,0.0,1.0,1.0,False,True,False,True,False,0,0,0.001185600005555898
paper_f4_logistic__beta_4_8__n1000,paper_f4_logistic,beta_4_8,1000,130,0.3,0.3,0.6356321798550653,1.0,0.36436782014493474,False,False,True,False,False,1,0,0.0013734999811276793
paper_f4_logistic__beta_4_8__n1000,paper_f4_logistic,beta_4_8,1000,131,0.3,0.3,0.0,1.0,1.0,False,True,False,True,False,0,0,0.0015689999563619494
paper_f4_logistic__beta_4_8__n1000,paper_f4_logistic,beta_4_8,1000,132,0.3,0.3,0.2600412476409929,1.0,0.7399587523590071,False,True,True,False,False,1,0,0.0017941999831236899
paper_f4_logistic__beta_4_8__n1000,paper_f4_logistic,beta_4_8,1000,133,0.3,0.3,0.0,1.0,1.0,False,True,False,True,False,0,0,0.0017494999920018017
paper_f4_logistic__beta_4_8__n1000,paper_f4_logistic,beta_4_8,1000,134,0.3,0.3,0.0,1.0,1.0,False,True,False,True,False,0,0,0.001370699959807098
paper_f4_logistic__beta_4_8__n1000,paper_f4_logistic,beta_4_8,1000,135,0.3,0.3,0.0,1.0,1.0,False,True,False,True,False,0,0,0.0014967999886721373
paper_f4_logistic__beta_4_8__n1000,paper_f4_logistic,beta_4_8,1000,136,0.3,0.3,0.0,1.0,1.0,False,True,False,True,False,0,0,0.0016305000171996653
paper_f4_logistic__beta_4_8__n1000,paper_f4_logistic,beta_4_8,1000,137,0.3,0.3,0.0,1.0,1.0,False,True,False,True,False,0,0,0.001745699963066727
paper_f4_logistic__beta_4_8__n1000,paper_f4_logistic,beta_4_8,1000,138,0.3,0.3,0.0,1.0,1.0,False,True,False,True,False,0,0,0.0016548999701626599
paper_f4_logistic__beta_4_8__n1000,paper_f4_logistic,beta_4_8,1000,139,0.3,0.3,0.0,1.0,1.0,False,True,False,True,False,0,0,0.0014112999779172242
paper_f4_logistic__beta_4_8__n1000,paper_f4_logistic,beta_4_8,1000,140,0.3,0.3,0.0,1.0,1.0,False,True,False,True,False,0,0,0.0013979999930597842
paper_f4_logistic__beta_4_8__n1000,paper_f4_logistic,beta_4_8,1000,141,0.3,0.3,0.0,1.0,1.0,False,True,False,True,False,0,0,0.0013910999987274408
paper_f4_logistic__beta_4_8__n1000,paper_f4_logistic,beta_4_8,1000,142,0.3,0.3,0.0,1.0,1.0,False,True,False,True,False,0,0,0.001366899989079684
paper_f4_logistic__beta_4_8__n1000,paper_f4_logistic,beta_4_8,1000,143,0.3,0.3,0.0,1.0,1.0,False,True,False,True,False,0,0,0.001453799952287227
paper_f4_logistic__beta_4_8__n1000,paper_f4_logistic,beta_4_8,1000,144,0.3,0.3,0.0,1.0,1.0,False,True,False,True,False,0,0,0.0014797999756410718
paper_f4_logistic__beta_4_8__n1000,paper_f4_logistic,beta_4_8,1000,145,0.3,0.3,0.0,1.0,1.0,False,True,False,True,False,0,0,0.0017030999879352748
paper_f4_logistic__beta_4_8__n1000,paper_f4_logistic,beta_4_8,1000,146,0.3,0.3,0.0,1.0,1.0,False,True,False,True,False,0,0,0.0015967999934218824
paper_f4_logistic__beta_4_8__n1000,paper_f4_logistic,beta_4_8,1000,147,0.3,0.3,0.0,1.0,1.0,False,True,False,True,False,0,0,0.001433099969290197
paper_f4_logistic__beta_4_8__n1000,paper_f4_logistic,beta_4_8,1000,148,0.3,0.3,0.0,1.0,1.0,False,True,False,True,False,0,0,0.0016219000099226832
paper_f4_logistic__beta_4_8__n1000,paper_f4_logistic,beta_4_8,1000,149,0.3,0.3,0.0,1.0,1.0,False,True,False,True,False,0,0,0.0013735999818891287
paper_f4_logistic__beta_4_8__n1000,paper_f4_logistic,beta_4_8,1000,150,0.3,0.3,0.0,1.0,1.0,False,True,False,True,False,0,0,0.0014575999812223017
paper_f4_logistic__beta_4_8__n1000,paper_f4_logistic,beta_4_8,1000,151,0.3,0.3,0.0,1.0,1.0,False,True,False,True,False,0,0,0.0015113999834284186
paper_f4_logistic__beta_4_8__n1000,paper_f4_logistic,beta_4_8,1000,152,0.3,0.3,0.0,1.0,1.0,False,True,False,True,False,0,0,0.0014416000340133905
paper_f4_logistic__beta_4_8__n1000,paper_f4_logistic,beta_4_8,1000,153,0.3,0.3,0.0,1.0,1.0,False,True,False,True,False,0,0,0.0013855000142939389
paper_f4_logistic__beta_4_8__n1000,paper_f4_logistic,beta_4_8,1000,154,0.3,0.3,0.0,0.23095627553539874,0.23095627553539874,False,False,True,False,False,0,1,0.0015647000400349498
paper_f4_logistic__beta_4_8__n1000,paper_f4_logistic,beta_4_8,1000,155,0.3,0.3,0.0,1.0,1.0,False,True,False,True,False,0,0,0.0013686000020243227
paper_f4_logistic__beta_4_8__n1000,paper_f4_logistic,beta_4_8,1000,156,0.3,0.3,0.0,1.0,1.0,False,True,False,True,False,0,0,0.0013654000358656049
paper_f4_logistic__beta_4_8__n1000,paper_f4_logistic,beta_4_8,1000,157,0.3,0.3,0.0,1.0,1.0,False,True,False,True,False,0,0,0.0014822999946773052
paper_f4_logistic__beta_4_8__n1000,paper_f4_logistic,beta_4_8,1000,158,0.3,0.3,0.0,1.0,1.0,False,True,False,True,False,0,0,0.0014622000162489712
paper_f4_logistic__beta_4_8__n1000,paper_f4_logistic,beta_4_8,1000,159,0.3,0.3,0.0,1.0,1.0,False,True,False,True,False,0,0,0.0015362999984063208
paper_f4_logistic__beta_4_8__n1000,paper_f4_logistic,beta_4_8,1000,160,0.3,0.3,0.0,1.0,1.0,False,True,False,True,False,0,0,0.0013378000003285706
paper_f4_logistic__beta_4_8__n1000,paper_f4_logistic,beta_4_8,1000,161,0.3,0.3,0.0,1.0,1.0,False,True,False,True,False,0,0,0.0014841999509371817
paper_f4_logistic__beta_4_8__n1000,paper_f4_logistic,beta_4_8,1000,162,0.3,0.3,0.0,1.0,1.0,False,True,False,True,False,0,0,0.0013263000291772187
paper_f4_logistic__beta_4_8__n1000,paper_f4_logistic,beta_4_8,1000,163,0.3,0.3,0.0,1.0,1.0,False,True,False,True,False,0,0,0.0011588000343181193
paper_f4_logistic__beta_4_8__n1000,paper_f4_logistic,beta_4_8,1000,164,0.3,0.3,0.0,1.0,1.0,False,True,False,True,False,0,0,0.0012916999985463917
paper_f4_logistic__beta_4_8__n1000,paper_f4_logistic,beta_4_8,1000,165,0.3,0.3,0.0,1.0,1.0,False,True,False,True,False,0,0,0.001534000039100647
paper_f4_logistic__beta_4_8__n1000,paper_f4_logistic,beta_4_8,1000,166,0.3,0.3,0.0,1.0,1.0,False,True,False,True,False,0,0,0.0014736999874003232
paper_f4_logistic__beta_4_8__n1000,paper_f4_logistic,beta_4_8,1000,167,0.3,0.3,0.0,1.0,1.0,False,True,False,True,False,0,0,0.0014170999638736248
paper_f4_logistic__beta_4_8__n1000,paper_f4_logistic,beta_4_8,1000,168,0.3,0.3,0.0,1.0,1.0,False,True,False,True,False,0,0,0.0011855000047944486
paper_f4_logistic__beta_4_8__n1000,paper_f4_logistic,beta_4_8,1000,169,0.3,0.3,0.0,1.0,1.0,False,True,False,True,False,0,0,0.001284700003452599
paper_f4_logistic__beta_4_8__n1000,paper_f4_logistic,beta_4_8,1000,170,0.3,0.3,0.0,1.0,1.0,False,True,False,True,False,0,0,0.001337599998805672
paper_f4_logistic__beta_4_8__n1000,paper_f4_logistic,beta_4_8,1000,171,0.3,0.3,0.0,1.0,1.0,False,True,False,True,False,0,0,0.0013978999922983348
paper_f4_logistic__beta_4_8__n1000,paper_f4_logistic,beta_4_8,1000,172,0.3,0.3,0.0,1.0,1.0,False,True,False,True,False,0,0,0.0029045999981462955
paper_f4_logistic__beta_4_8__n1000,paper_f4_logistic,beta_4_8,1000,173,0.3,0.3,0.0,1.0,1.0,False,True,False,True,False,0,0,0.0013611000031232834
paper_f4_logistic__beta_4_8__n1000,paper_f4_logistic,beta_4_8,1000,174,0.3,0.3,0.0,1.0,1.0,False,True,False,True,False,0,0,0.0013047000393271446
paper_f4_logistic__beta_4_8__n1000,paper_f4_logistic,beta_4_8,1000,175,0.3,0.3,0.0,0.5385341991848469,0.5385341991848469,False,True,True,False,False,0,1,0.0014474999625235796
paper_f4_logistic__beta_4_8__n1000,paper_f4_logistic,beta_4_8,1000,176,0.3,0.3,0.0,1.0,1.0,False,True,False,True,False,0,0,0.001283799996599555
paper_f4_logistic__beta_4_8__n1000,paper_f4_logistic,beta_4_8,1000,177,0.3,0.3,0.0,1.0,1.0,False,True,False,True,False,0,0,0.001507700013462454
paper_f4_logistic__beta_4_8__n1000,paper_f4_logistic,beta_4_8,1000,178,0.3,0.3,0.0,1.0,1.0,False,True,False,True,False,0,0,0.001547599968034774
paper_f4_logistic__beta_4_8__n1000,paper_f4_logistic,beta_4_8,1000,179,0.3,0.3,0.0,1.0,1.0,False,True,False,True,False,0,0,0.0013188000302761793
paper_f4_logistic__beta_4_8__n1000,paper_f4_logistic,beta_4_8,1000,180,0.3,0.3,0.0,1.0,1.0,False,True,False,True,False,0,0,0.0011849000002257526
paper_f4_logistic__beta_4_8__n1000,paper_f4_logistic,beta_4_8,1000,181,0.3,0.3,0.0,1.0,1.0,False,True,False,True,False,0,0,0.0015416000387631357
paper_f4_logistic__beta_4_8__n1000,paper_f4_logistic,beta_4_8,1000,182,0.3,0.3,0.0,1.0,1.0,False,True,False,True,False,0,0,0.0015438999980688095
paper_f4_logistic__beta_4_8__n1000,paper_f4_logistic,beta_4_8,1000,183,0.3,0.3,0.0,1.0,1.0,False,True,False,True,False,0,0,0.0019922999781556427
paper_f4_logistic__beta_4_8__n1000,paper_f4_logistic,beta_4_8,1000,184,0.3,0.3,0.0,1.0,1.0,False,True,False,True,False,0,0,0.0024103999603539705
paper_f4_logistic__beta_4_8__n1000,paper_f4_logistic,beta_4_8,1000,185,0.3,0.3,0.0,1.0,1.0,False,True,False,True,False,0,0,0.0015087999636307359
paper_f4_logistic__beta_4_8__n1000,paper_f4_logistic,beta_4_8,1000,186,0.3,0.3,0.0,1.0,1.0,False,True,False,True,False,0,0,0.0020959999528713524
paper_f4_logistic__beta_4_8__n1000,paper_f4_logistic,beta_4_8,1000,187,0.3,0.3,0.0,1.0,1.0,False,True,False,True,False,0,0,0.0019560999935492873
paper_f4_logistic__beta_4_8__n1000,paper_f4_logistic,beta_4_8,1000,188,0.3,0.3,0.0,1.0,1.0,False,True,False,True,False,0,0,0.0017494000494480133
paper_f4_logistic__beta_4_8__n1000,paper_f4_logistic,beta_4_8,1000,189,0.3,0.3,0.0,1.0,1.0,False,True,False,True,False,0,0,0.0017105000442825258
paper_f4_logistic__beta_4_8__n1000,paper_f4_logistic,beta_4_8,1000,190,0.3,0.3,0.0,1.0,1.0,False,True,False,True,False,0,0,0.0016429999959655106
paper_f4_logistic__beta_4_8__n1000,paper_f4_logistic,beta_4_8,1000,191,0.3,0.3,0.0,1.0,1.0,False,True,False,True,False,0,0,0.0013634999631904066
paper_f4_logistic__beta_4_8__n1000,paper_f4_logistic,beta_4_8,1000,192,0.3,0.3,0.0,1.0,1.0,False,True,False,True,False,0,0,0.0013669999898411334
paper_f4_logistic__beta_4_8__n1000,paper_f4_logistic,beta_4_8,1000,193,0.3,0.3,0.3882752664220369,1.0,0.6117247335779631,False,False,True,False,False,1,0,0.0014509999891743064
paper_f4_logistic__beta_4_8__n1000,paper_f4_logistic,beta_4_8,1000,194,0.3,0.3,0.0,1.0,1.0,False,True,False,True,False,0,0,0.001557100040372461
paper_f4_logistic__beta_4_8__n1000,paper_f4_logistic,beta_4_8,1000,195,0.3,0.3,0.0,1.0,1.0,False,True,False,True,False,0,0,0.0013778000138700008
paper_f4_logistic__beta_4_8__n1000,paper_f4_logistic,beta_4_8,1000,196,0.3,0.3,0.0,1.0,1.0,False,True,False,True,False,0,0,0.0016276999958790839
paper_f4_logistic__beta_4_8__n1000,paper_f4_logistic,beta_4_8,1000,197,0.3,0.3,0.0,1.0,1.0,False,True,False,True,False,0,0,0.0015323000261560082
paper_f4_logistic__beta_4_8__n1000,paper_f4_logistic,beta_4_8,1000,198,0.3,0.3,0.2586217948567104,0.2596867829019447,0.0010649880452343052,False,False,True,False,False,1,1,0.0017371000139974058
paper_f4_logistic__beta_4_8__n1000,paper_f4_logistic,beta_4_8,1000,199,0.3,0.3,0.0,1.0,1.0,False,True,False,True,False,0,0,0.0014792000292800367
control_affine__beta_4_8__n1000,control_affine,beta_4_8,1000,0,0.0,1.0,0.0,1.0,1.0,False,True,False,True,False,0,0,0.0017547999741509557
control_affine__beta_4_8__n1000,control_affine,beta_4_8,1000,1,0.0,1.0,0.0,1.0,1.0,False,True,False,True,False,0,0,0.0015421999851241708
control_affine__beta_4_8__n1000,control_affine,beta_4_8,1000,2,0.0,1.0,0.0,1.0,1.0,False,True,False,True,False,0,0,0.0014532000059261918
control_affine__beta_4_8__n1000,control_affine,beta_4_8,1000,3,0.0,1.0,0.0,1.0,1.0,False,True,False,True,False,0,0,0.0014412999735213816
control_affine__beta_4_8__n1000,control_affine,beta_4_8,1000,4,0.0,1.0,0.0,1.0,1.0,False,True,False,True,False,0,0,0.0015829000039957464
control_affine__beta_4_8__n1000,control_affine,beta_4_8,1000,5,0.0,1.0,0.0,1.0,1.0,False,True,False,True,False,0,0,0.0013950999709777534
control_affine__beta_4_8__n1000,control_affine,beta_4_8,1000,6,0.0,1.0,0.0,1.0,1.0,False,True,False,True,False,0,0,0.0014332000282593071
control_affine__beta_4_8__n1000,control_affine,beta_4_8,1000,7,0.0,1.0,0.0,1.0,1.0,False,True,False,True,False,0,0,0.0016666000010445714
control_affine__beta_4_8__n1000,control_affine,beta_4_8,1000,8,0.0,1.0,0.0,1.0,1.0,False,True,False,True,False,0,0,0.0013239000109024346
control_affine__beta_4_8__n1000,control_affine,beta_4_8,1000,9,0.0,1.0,0.0,1.0,1.0,False,True,False,True,False,0,0,0.0015175000298768282
control_affine__beta_4_8__n1000,control_affine,beta_4_8,1000,10,0.0,1.0,0.0,1.0,1.0,False,True,False,True,False,0,0,0.00138669996522367
control_affine__beta_4_8__n1000,control_affine,beta_4_8,1000,11,0.0,1.0,0.0,1.0,1.0,False,True,False,True,False,0,0,0.001387600030284375
control_affine__beta_4_8__n1000,control_affine,beta_4_8,1000,12,0.0,1.0,0.0,1.0,1.0,False,True,False,True,False,0,0,0.0016143000102601945
control_affine__beta_4_8__n1000,control_affine,beta_4_8,1000,13,0.0,1.0,0.0,0.22940701528455743,0.22940701528455743,False,False,True,False,False,0,1,0.0015432999935001135
control_affine__beta_4_8__n1000,control_affine,beta_4_8,1000,14,0.0,1.0,0.0,1.0,1.0,False,True,False,True,False,0,0,0.0014134999946691096
control_affine__beta_4_8__n1000,control_affine,beta_4_8,1000,15,0.0,1.0,0.0,1.0,1.0,False,True,False,True,False,0,0,0.0014527000021189451
control_affine__beta_4_8__n1000,control_affine,beta_4_8,1000,16,0.0,1.0,0.0,1.0,1.0,False,True,False,True,False,0,0,0.0015873999800533056
control_affine__beta_4_8__n1000,control_affine,beta_4_8,1000,17,0.0,1.0,0.0,1.0,1.0,False,True,False,True,False,0,0,0.001313099986873567
control_affine__beta_4_8__n1000,control_affine,beta_4_8,1000,18,0.0,1.0,0.0,1.0,1.0,False,True,False,True,False,0,0,0.0012836999958381057
control_affine__beta_4_8__n1000,control_affine,beta_4_8,1000,19,0.0,1.0,0.0,1.0,1.0,False,True,False,True,False,0,0,0.0015965999918989837
control_affine__beta_4_8__n1000,control_affine,beta_4_8,1000,20,0.0,1.0,0.0,1.0,1.0,False,True,False,True,False,0,0,0.0014743999927304685
control_affine__beta_4_8__n1000,control_affine,beta_4_8,1000,21,0.0,1.0,0.0,1.0,1.0,False,True,False,True,False,0,0,0.0013999000075273216
control_affine__beta_4_8__n1000,control_affine,beta_4_8,1000,22,0.0,1.0,0.0,1.0,1.0,False,True,False,True,False,0,0,0.0013555999612435699
control_affine__beta_4_8__n1000,control_affine,beta_4_8,1000,23,0.0,1.0,0.0,1.0,1.0,False,True,False,True,False,0,0,0.0014578000409528613
control_affine__beta_4_8__n1000,control_affine,beta_4_8,1000,24,0.0,1.0,0.0,1.0,1.0,False,True,False,True,False,0,0,0.0014876999775879085
control_affine__beta_4_8__n1000,control_affine,beta_4_8,1000,25,0.0,1.0,0.0,1.0,1.0,False,True,False,True,False,0,0,0.0013213999918662012
control_affine__beta_4_8__n1000,control_affine,beta_4_8,1000,26,0.0,1.0,0.0,1.0,1.0,False,True,False,True,False,0,0,0.0012997000012546778
control_affine__beta_4_8__n1000,control_affine,beta_4_8,1000,27,0.0,1.0,0.0,1.0,1.0,False,True,False,True,False,0,0,0.0012596999877132475
control_affine__beta_4_8__n1000,control_affine,beta_4_8,1000,28,0.0,1.0,0.0,1.0,1.0,False,True,False,True,False,0,0,0.001152799988631159
control_affine__beta_4_8__n1000,control_affine,beta_4_8,1000,29,0.0,1.0,0.0,1.0,1.0,False,True,False,True,False,0,0,0.0014638000284321606
control_affine__beta_4_8__n1000,control_affine,beta_4_8,1000,30,0.0,1.0,0.0,1.0,1.0,False,True,False,True,False,0,0,0.0014709000242874026
control_affine__beta_4_8__n1000,control_affine,beta_4_8,1000,31,0.0,1.0,0.0,1.0,1.0,False,True,False,True,False,0,0,0.0017507000011391938
control_affine__beta_4_8__n1000,control_affine,beta_4_8,1000,32,0.0,1.0,0.0,1.0,1.0,False,True,False,True,False,0,0,0.001317800022661686
control_affine__beta_4_8__n1000,control_affine,beta_4_8,1000,33,0.0,1.0,0.0,1.0,1.0,False,True,False,True,False,0,0,0.0013535000034607947
control_affine__beta_4_8__n1000,control_affine,beta_4_8,1000,34,0.0,1.0,0.0,1.0,1.0,False,True,False,True,False,0,0,0.0015442000003531575
control_affine__beta_4_8__n1000,control_affine,beta_4_8,1000,35,0.0,1.0,0.0,1.0,1.0,False,True,False,True,False,0,0,0.0014208999928086996
control_affine__beta_4_8__n1000,control_affine,beta_4_8,1000,36,0.0,1.0,0.0,1.0,1.0,False,True,False,True,False,0,0,0.0015696000191383064
control_affine__beta_4_8__n1000,control_affine,beta_4_8,1000,37,0.0,1.0,0.0,1.0,1.0,False,True,False,True,False,0,0,0.0013339999713934958
control_affine__beta_4_8__n1000,control_affine,beta_4_8,1000,38,0.0,1.0,0.0,1.0,1.0,False,True,False,True,False,0,0,0.0013179000234231353
control_affine__beta_4_8__n1000,control_affine,beta_4_8,1000,39,0.0,1.0,0.0,1.0,1.0,False,True,False,True,False,0,0,0.0014681000029668212
control_affine__beta_4_8__n1000,control_affine,beta_4_8,1000,40,0.0,1.0,0.0,1.0,1.0,False,True,False,True,False,0,0,0.0014820999931544065
control_affine__beta_4_8__n1000,control_affine,beta_4_8,1000,41,0.0,1.0,0.0,1.0,1.0,False,True,False,True,False,0,0,0.001415100006852299
control_affine__beta_4_8__n1000,control_affine,beta_4_8,1000,42,0.0,1.0,0.0,1.0,1.0,False,True,False,True,False,0,0,0.0015707999700680375
control_affine__beta_4_8__n1000,control_affine,beta_4_8,1000,43,0.0,1.0,0.0,1.0,1.0,False,True,False,True,False,0,0,0.0014948999742045999
control_affine__beta_4_8__n1000,control_affine,beta_4_8,1000,44,0.0,1.0,0.0,1.0,1.0,False,True,False,True,False,0,0,0.0013849000097252429
control_affine__beta_4_8__n1000,control_affine,beta_4_8,1000,45,0.0,1.0,0.0,1.0,1.0,False,True,False,True,False,0,0,0.0013671000488102436
control_affine__beta_4_8__n1000,control_affine,beta_4_8,1000,46,0.0,1.0,0.0,1.0,1.0,False,True,False,True,False,0,0,0.0012710999581031501
control_affine__beta_4_8__n1000,control_affine,beta_4_8,1000,47,0.0,1.0,0.0,1.0,1.0,False,True,False,True,False,0,0,0.0012986999936401844
control_affine__beta_4_8__n1000,control_affine,beta_4_8,1000,48,0.0,1.0,0.0,1.0,1.0,False,True,False,True,False,0,0,0.0012538000009953976
control_affine__beta_4_8__n1000,control_affine,beta_4_8,1000,49,0.0,1.0,0.0,1.0,1.0,False,True,False,True,False,0,0,0.0012736999779008329
control_affine__beta_4_8__n1000,control_affine,beta_4_8,1000,50,0.0,1.0,0.0,1.0,1.0,False,True,False,True,False,0,0,0.001351799990516156
control_affine__beta_4_8__n1000,control_affine,beta_4_8,1000,51,0.0,1.0,0.0,1.0,1.0,False,True,False,True,False,0,0,0.0011477000080049038
control_affine__beta_4_8__n1000,control_affine,beta_4_8,1000,52,0.0,1.0,0.0,1.0,1.0,False,True,False,True,False,0,0,0.0011426000273786485
control_affine__beta_4_8__n1000,control_affine,beta_4_8,1000,53,0.0,1.0,0.0,1.0,1.0,False,True,False,True,False,0,0,0.001546700019389391
control_affine__beta_4_8__n1000,control_affine,beta_4_8,1000,54,0.0,1.0,0.0,1.0,1.0,False,True,False,True,False,0,0,0.001392900012433529
control_affine__beta_4_8__n1000,control_affine,beta_4_8,1000,55,0.0,1.0,0.0,1.0,1.0,False,True,False,True,False,0,0,0.001324300013948232
control_affine__beta_4_8__n1000,control_affine,beta_4_8,1000,56,0.0,1.0,0.0,1.0,1.0,False,True,False,True,False,0,0,0.0012846000026911497
control_affine__beta_4_8__n1000,control_affine,beta_4_8,1000,57,0.0,1.0,0.0,1.0,1.0,False,True,False,True,False,0,0,0.0013012000126764178
control_affine__beta_4_8__n1000,control_affine,beta_4_8,1000,58,0.0,1.0,0.0,1.0,1.0,False,True,False,True,False,0,0,0.001173199969343841
control_affine__beta_4_8__n1000,control_affine,beta_4_8,1000,59,0.0,1.0,0.0,1.0,1.0,False,True,False,True,False,0,0,0.0012455999967642128
control_affine__beta_4_8__n1000,control_affine,beta_4_8,1000,60,0.0,1.0,0.0,1.0,1.0,False,True,False,True,False,0,0,0.0012233000015839934
control_affine__beta_4_8__n1000,control_affine,beta_4_8,1000,61,0.0,1.0,0.0,1.0,1.0,False,True,False,True,False,0,0,0.001327300036791712
control_affine__beta_4_8__n1000,control_affine,beta_4_8,1000,62,0.0,1.0,0.0,1.0,1.0,False,True,False,True,False,0,0,0.0012064999900758266
control_affine__beta_4_8__n1000,control_affine,beta_4_8,1000,63,0.0,1.0,0.0,1.0,1.0,False,True,False,True,False,0,0,0.0011906000436283648
control_affine__beta_4_8__n1000,control_affine,beta_4_8,1000,64,0.0,1.0,0.0,1.0,1.0,False,True,False,True,False,0,0,0.0011269000242464244
control_affine__beta_4_8__n1000,control_affine,beta_4_8,1000,65,0.0,1.0,0.0,1.0,1.0,False,True,False,True,False,0,0,0.0011075999937020242
control_affine__beta_4_8__n1000,control_affine,beta_4_8,1000,66,0.0,1.0,0.0,1.0,1.0,False,True,False,True,False,0,0,0.001221100043039769
control_affine__beta_4_8__n1000,control_affine,beta_4_8,1000,67,0.0,1.0,0.0,1.0,1.0,False,True,False,True,False,0,0,0.001319300034083426
control_affine__beta_4_8__n1000,control_affine,beta_4_8,1000,68,0.0,1.0,0.0,1.0,1.0,False,True,False,True,False,0,0,0.001366300042718649
control_affine__beta_4_8__n1000,control_affine,beta_4_8,1000,69,0.0,1.0,0.0,1.0,1.0,False,True,False,True,False,0,0,0.001241199963260442
control_affine__beta_4_8__n1000,control_affine,beta_4_8,1000,70,0.0,1.0,0.0,1.0,1.0,False,True,False,True,False,0,0,0.001216700009535998
control_affine__beta_4_8__n1000,control_affine,beta_4_8,1000,71,0.0,1.0,0.0,1.0,1.0,False,True,False,True,False,0,0,0.0013157000066712499
control_affine__beta_4_8__n1000,control_affine,beta_4_8,1000,72,0.0,1.0,0.0,1.0,1.0,False,True,False,True,False,0,0,0.0011969999759458005
control_affine__beta_4_8__n1000,control_affine,beta_4_8,1000,73,0.0,1.0,0.0,1.0,1.0,False,True,False,True,False,0,0,0.0013206000439822674
control_affine__beta_4_8__n1000,control_affine,beta_4_8,1000,74,0.0,1.0,0.0,1.0,1.0,False,True,False,True,False,0,0,0.0013734999811276793
control_affine__beta_4_8__n1000,control_affine,beta_4_8,1000,75,0.0,1.0,0.0,1.0,1.0,False,True,False,True,False,0,0,0.0012951999669894576
control_affine__beta_4_8__n1000,control_affine,beta_4_8,1000,76,0.0,1.0,0.0,1.0,1.0,False,True,False,True,False,0,0,0.0011309999972581863
control_affine__beta_4_8__n1000,control_affine,beta_4_8,1000,77,0.0,1.0,0.0,1.0,1.0,False,True,False,True,False,0,0,0.0013292999938130379
control_affine__beta_4_8__n1000,control_affine,beta_4_8,1000,78,0.0,1.0,0.0,1.0,1.0,False,True,False,True,False,0,0,0.001320800045505166
control_affine__beta_4_8__n1000,control_affine,beta_4_8,1000,79,0.0,1.0,0.0,1.0,1.0,False,True,False,True,False,0,0,0.0012877999688498676
control_affine__beta_4_8__n1000,control_affine,beta_4_8,1000,80,0.0,1.0,0.0,1.0,1.0,False,True,False,True,False,0,0,0.0016784999752417207
control_affine__beta_4_8__n1000,control_affine,beta_4_8,1000,81,0.0,1.0,0.3894880527512056,1.0,0.6105119472487943,False,False,True,False,False,1,0,0.0014475000207312405
control_affine__beta_4_8__n1000,control_affine,beta_4_8,1000,82,0.0,1.0,0.0,1.0,1.0,False,True,False,True,False,0,0,0.0013779000146314502
control_affine__beta_4_8__n1000,control_affine,beta_4_8,1000,83,0.0,1.0,0.0,1.0,1.0,False,True,False,True,False,0,0,0.0013540000072680414
control_affine__beta_4_8__n1000,control_affine,beta_4_8,1000,84,0.0,1.0,0.0,1.0,1.0,False,True,False,True,False,0,0,0.0013596999924629927
control_affine__beta_4_8__n1000,control_affine,beta_4_8,1000,85,0.0,1.0,0.0,1.0,1.0,False,True,False,True,False,0,0,0.0014365999959409237
control_affine__beta_4_8__n1000,control_affine,beta_4_8,1000,86,0.0,1.0,0.0,1.0,1.0,False,True,False,True,False,0,0,0.0013283999869599938
control_affine__beta_4_8__n1000,control_affine,beta_4_8,1000,87,0.0,1.0,0.0,1.0,1.0,False,True,False,True,False,0,0,0.0015678000054322183
control_affine__beta_4_8__n1000,control_affine,beta_4_8,1000,88,0.0,1.0,0.0,1.0,1.0,False,True,False,True,False,0,0,0.0013453999999910593
control_affine__beta_4_8__n1000,control_affine,beta_4_8,1000,89,0.0,1.0,0.0,1.0,1.0,False,True,False,True,False,0,0,0.001421900000423193
control_affine__beta_4_8__n1000,control_affine,beta_4_8,1000,90,0.0,1.0,0.0,1.0,1.0,False,True,False,True,False,0,0,0.0018946999916806817
control_affine__beta_4_8__n1000,control_affine,beta_4_8,1000,91,0.0,1.0,0.0,1.0,1.0,False,True,False,True,False,0,0,0.0018076999695040286
control_affine__beta_4_8__n1000,control_affine,beta_4_8,1000,92,0.0,1.0,0.0,1.0,1.0,False,True,False,True,False,0,0,0.0014743999927304685
control_affine__beta_4_8__n1000,control_affine,beta_4_8,1000,93,0.0,1.0,0.18366079739208344,1.0,0.8163392026079166,False,False,True,False,False,1,0,0.0014666999923065305
control_affine__beta_4_8__n1000,control_affine,beta_4_8,1000,94,0.0,1.0,0.0,1.0,1.0,False,True,False,True,False,0,0,0.0013624999555759132
control_affine__beta_4_8__n1000,control_affine,beta_4_8,1000,95,0.0,1.0,0.0,1.0,1.0,False,True,False,True,False,0,0,0.001545500010251999
control_affine__beta_4_8__n1000,control_affine,beta_4_8,1000,96,0.0,1.0,0.0,1.0,1.0,False,True,False,True,False,0,0,0.0014883000403642654
control_affine__beta_4_8__n1000,control_affine,beta_4_8,1000,97,0.0,1.0,0.0,1.0,1.0,False,True,False,True,False,0,0,0.0016468999674543738
control_affine__beta_4_8__n1000,control_affine,beta_4_8,1000,98,0.0,1.0,0.0,1.0,1.0,False,True,False,True,False,0,0,0.001346500008367002
control_affine__beta_4_8__n1000,control_affine,beta_4_8,1000,99,0.0,1.0,0.0,1.0,1.0,False,True,False,True,False,0,0,0.0014390000142157078
control_affine__beta_4_8__n1000,control_affine,beta_4_8,1000,100,0.0,1.0,0.0,1.0,1.0,False,True,False,True,False,0,0,0.0013679999974556267
control_affine__beta_4_8__n1000,control_affine,beta_4_8,1000,101,0.0,1.0,0.0,1.0,1.0,False,True,False,True,False,0,0,0.0013592999894171953
control_affine__beta_4_8__n1000,control_affine,beta_4_8,1000,102,0.0,1.0,0.0,1.0,1.0,False,True,False,True,False,0,0,0.0014232000103220344
control_affine__beta_4_8__n1000,control_affine,beta_4_8,1000,103,0.0,1.0,0.0,1.0,1.0,False,True,False,True,False,0,0,0.0013964999816380441
control_affine__beta_4_8__n1000,control_affine,beta_4_8,1000,104,0.0,1.0,0.0,1.0,1.0,False,True,False,True,False,0,0,0.001677699969150126
control_affine__beta_4_8__n1000,control_affine,beta_4_8,1000,105,0.0,1.0,0.0,1.0,1.0,False,True,False,True,False,0,0,0.0015736999921500683
control_affine__beta_4_8__n1000,control_affine,beta_4_8,1000,106,0.0,1.0,0.0,1.0,1.0,False,True,False,True,False,0,0,0.0013809999800287187
control_affine__beta_4_8__n1000,control_affine,beta_4_8,1000,107,0.0,1.0,0.0,1.0,1.0,False,True,False,True,False,0,0,0.0013450999977067113
control_affine__beta_4_8__n1000,control_affine,beta_4_8,1000,108,0.0,1.0,0.0,1.0,1.0,False,True,False,True,False,0,0,0.0011623000027611852
control_affine__beta_4_8__n1000,control_affine,beta_4_8,1000,109,0.0,1.0,0.0,1.0,1.0,False,True,False,True,False,0,0,0.0013774000108242035
control_affine__beta_4_8__n1000,control_affine,beta_4_8,1000,110,0.0,1.0,0.0,1.0,1.0,False,True,False,True,False,0,0,0.0013264999724924564
control_affine__beta_4_8__n1000,control_affine,beta_4_8,1000,111,0.0,1.0,0.0,1.0,1.0,False,True,False,True,False,0,0,0.0013091000146232545
control_affine__beta_4_8__n1000,control_affine,beta_4_8,1000,112,0.0,1.0,0.0,1.0,1.0,False,True,False,True,False,0,0,0.0016460999613627791
control_affine__beta_4_8__n1000,control_affine,beta_4_8,1000,113,0.0,1.0,0.0,1.0,1.0,False,True,False,True,False,0,0,0.001602299977093935
control_affine__beta_4_8__n1000,control_affine,beta_4_8,1000,114,0.0,1.0,0.0,1.0,1.0,False,True,False,True,False,0,0,0.004636700032278895
control_affine__beta_4_8__n1000,control_affine,beta_4_8,1000,115,0.0,1.0,0.0,1.0,1.0,False,True,False,True,False,0,0,0.0014668999938294291
control_affine__beta_4_8__n1000,control_affine,beta_4_8,1000,116,0.0,1.0,0.0,1.0,1.0,False,True,False,True,False,0,0,0.0012632000143639743
control_affine__beta_4_8__n1000,control_affine,beta_4_8,1000,117,0.0,1.0,0.0,1.0,1.0,False,True,False,True,False,0,0,0.001288799976464361
control_affine__beta_4_8__n1000,control_affine,beta_4_8,1000,118,0.0,1.0,0.0,1.0,1.0,False,True,False,True,False,0,0,0.0014529000036418438
control_affine__beta_4_8__n1000,control_affine,beta_4_8,1000,119,0.0,1.0,0.0,0.5500294647281099,0.5500294647281099,False,False,True,False,False,0,1,0.0011767999967560172
control_affine__beta_4_8__n1000,control_affine,beta_4_8,1000,120,0.0,1.0,0.0,1.0,1.0,False,True,False,True,False,0,0,0.0012303999974392354
control_affine__beta_4_8__n1000,control_affine,beta_4_8,1000,121,0.0,1.0,0.0,1.0,1.0,False,True,False,True,False,0,0,0.00133500003721565
control_affine__beta_4_8__n1000,control_affine,beta_4_8,1000,122,0.0,1.0,0.0,1.0,1.0,False,True,False,True,False,0,0,0.001574800000526011
control_affine__beta_4_8__n1000,control_affine,beta_4_8,1000,123,0.0,1.0,0.0,1.0,1.0,False,True,False,True,False,0,0,0.001490800001192838
control_affine__beta_4_8__n1000,control_affine,beta_4_8,1000,124,0.0,1.0,0.0,1.0,1.0,False,True,False,True,False,0,0,0.0015827000024728477
control_affine__beta_4_8__n1000,control_affine,beta_4_8,1000,125,0.0,1.0,0.0,1.0,1.0,False,True,False,True,False,0,0,0.0014618000132031739
control_affine__beta_4_8__n1000,control_affine,beta_4_8,1000,126,0.0,1.0,0.0,1.0,1.0,False,True,False,True,False,0,0,0.0014628999633714557
control_affine__beta_4_8__n1000,control_affine,beta_4_8,1000,127,0.0,1.0,0.0,1.0,1.0,False,True,False,True,False,0,0,0.0012817000388167799
control_affine__beta_4_8__n1000,control_affine,beta_4_8,1000,128,0.0,1.0,0.0,1.0,1.0,False,True,False,True,False,0,0,0.0012603000504896045
control_affine__beta_4_8__n1000,control_affine,beta_4_8,1000,129,0.0,1.0,0.0,1.0,1.0,False,True,False,True,False,0,0,0.001263700018171221
control_affine__beta_4_8__n1000,control_affine,beta_4_8,1000,130,0.0,1.0,0.0,1.0,1.0,False,True,False,True,False,0,0,0.0013256999664008617
control_affine__beta_4_8__n1000,control_affine,beta_4_8,1000,131,0.0,1.0,0.0,1.0,1.0,False,True,False,True,False,0,0,0.001248900021892041
control_affine__beta_4_8__n1000,control_affine,beta_4_8,1000,132,0.0,1.0,0.0,1.0,1.0,False,True,False,True,False,0,0,0.0013747999910265207
control_affine__beta_4_8__n1000,control_affine,beta_4_8,1000,133,0.0,1.0,0.0,1.0,1.0,False,True,False,True,False,0,0,0.0015740000526420772
control_affine__beta_4_8__n1000,control_affine,beta_4_8,1000,134,0.0,1.0,0.0,1.0,1.0,False,True,False,True,False,0,0,0.0017798999906517565
control_affine__beta_4_8__n1000,control_affine,beta_4_8,1000,135,0.0,1.0,0.0,1.0,1.0,False,True,False,True,False,0,0,0.001640500035136938
control_affine__beta_4_8__n1000,control_affine,beta_4_8,1000,136,0.0,1.0,0.0,1.0,1.0,False,True,False,True,False,0,0,0.0017291000112891197
control_affine__beta_4_8__n1000,control_affine,beta_4_8,1000,137,0.0,1.0,0.0,1.0,1.0,False,True,False,True,False,0,0,0.0015801999834366143
control_affine__beta_4_8__n1000,control_affine,beta_4_8,1000,138,0.0,1.0,0.0,1.0,1.0,False,True,False,True,False,0,0,0.0014477999648079276
control_affine__beta_4_8__n1000,control_affine,beta_4_8,1000,139,0.0,1.0,0.0,1.0,1.0,False,True,False,True,False,0,0,0.0015026999753899872
control_affine__beta_4_8__n1000,control_affine,beta_4_8,1000,140,0.0,1.0,0.0,1.0,1.0,False,True,False,True,False,0,0,0.0014954999787732959
control_affine__beta_4_8__n1000,control_affine,beta_4_8,1000,141,0.0,1.0,0.0,1.0,1.0,False,True,False,True,False,0,0,0.001338800007943064
control_affine__beta_4_8__n1000,control_affine,beta_4_8,1000,142,0.0,1.0,0.0,1.0,1.0,False,True,False,True,False,0,0,0.0015501999878324568
control_affine__beta_4_8__n1000,control_affine,beta_4_8,1000,143,0.0,1.0,0.0,0.3208776662590963,0.3208776662590963,False,False,True,False,False,0,1,0.0019126000115647912
control_affine__beta_4_8__n1000,control_affine,beta_4_8,1000,144,0.0,1.0,0.0,1.0,1.0,False,True,False,True,False,0,0,0.0014491999754682183
control_affine__beta_4_8__n1000,control_affine,beta_4_8,1000,145,0.0,1.0,0.0,1.0,1.0,False,True,False,True,False,0,0,0.0013447999954223633
control_affine__beta_4_8__n1000,control_affine,beta_4_8,1000,146,0.0,1.0,0.0,1.0,1.0,False,True,False,True,False,0,0,0.0013978999922983348
control_affine__beta_4_8__n1000,control_affine,beta_4_8,1000,147,0.0,1.0,0.0,1.0,1.0,False,True,False,True,False,0,0,0.0015266999835148454
control_affine__beta_4_8__n1000,control_affine,beta_4_8,1000,148,0.0,1.0,0.0,1.0,1.0,False,True,False,True,False,0,0,0.0015438999980688095
control_affine__beta_4_8__n1000,control_affine,beta_4_8,1000,149,0.0,1.0,0.0,1.0,1.0,False,True,False,True,False,0,0,0.0014645999763160944
control_affine__beta_4_8__n1000,control_affine,beta_4_8,1000,150,0.0,1.0,0.0,1.0,1.0,False,True,False,True,False,0,0,0.0012280999799259007
control_affine__beta_4_8__n1000,control_affine,beta_4_8,1000,151,0.0,1.0,0.0,1.0,1.0,False,True,False,True,False,0,0,0.0011963999713771045
control_affine__beta_4_8__n1000,control_affine,beta_4_8,1000,152,0.0,1.0,0.0,1.0,1.0,False,True,False,True,False,0,0,0.0013042999780736864
control_affine__beta_4_8__n1000,control_affine,beta_4_8,1000,153,0.0,1.0,0.0,1.0,1.0,False,True,False,True,False,0,0,0.0012604999938048422
control_affine__beta_4_8__n1000,control_affine,beta_4_8,1000,154,0.0,1.0,0.15172131349833715,1.0,0.8482786865016628,False,False,True,False,False,1,0,0.0016596000059507787
control_affine__beta_4_8__n1000,control_affine,beta_4_8,1000,155,0.0,1.0,0.0,1.0,1.0,False,True,False,True,False,0,0,0.0015967999934218824
control_affine__beta_4_8__n1000,control_affine,beta_4_8,1000,156,0.0,1.0,0.0,1.0,1.0,False,True,False,True,False,0,0,0.0013652999768964946
control_affine__beta_4_8__n1000,control_affine,beta_4_8,1000,157,0.0,1.0,0.0,1.0,1.0,False,True,False,True,False,0,0,0.0012594000436365604
control_affine__beta_4_8__n1000,control_affine,beta_4_8,1000,158,0.0,1.0,0.0,1.0,1.0,False,True,False,True,False,0,0,0.0012813000357709825
control_affine__beta_4_8__n1000,control_affine,beta_4_8,1000,159,0.0,1.0,0.0,1.0,1.0,False,True,False,True,False,0,0,0.0014607000048272312
control_affine__beta_4_8__n1000,control_affine,beta_4_8,1000,160,0.0,1.0,0.0,1.0,1.0,False,True,False,True,False,0,0,0.0015619999612681568
control_affine__beta_4_8__n1000,control_affine,beta_4_8,1000,161,0.0,1.0,0.0,1.0,1.0,False,True,False,True,False,0,0,0.0014439999940805137
control_affine__beta_4_8__n1000,control_affine,beta_4_8,1000,162,0.0,1.0,0.0,1.0,1.0,False,True,False,True,False,0,0,0.0013119999784976244
control_affine__beta_4_8__n1000,control_affine,beta_4_8,1000,163,0.0,1.0,0.0,1.0,1.0,False,True,False,True,False,0,0,0.0013425000361166894
control_affine__beta_4_8__n1000,control_affine,beta_4_8,1000,164,0.0,1.0,0.0,1.0,1.0,False,True,False,True,False,0,0,0.0012141999904997647
control_affine__beta_4_8__n1000,control_affine,beta_4_8,1000,165,0.0,1.0,0.0,1.0,1.0,False,True,False,True,False,0,0,0.0015452000079676509
control_affine__beta_4_8__n1000,control_affine,beta_4_8,1000,166,0.0,1.0,0.0,1.0,1.0,False,True,False,True,False,0,0,0.0016091999714262784
control_affine__beta_4_8__n1000,control_affine,beta_4_8,1000,167,0.0,1.0,0.0,1.0,1.0,False,True,False,True,False,0,0,0.0016042999923229218
control_affine__beta_4_8__n1000,control_affine,beta_4_8,1000,168,0.0,1.0,0.0,1.0,1.0,False,True,False,True,False,0,0,0.0013114000321365893
control_affine__beta_4_8__n1000,control_affine,beta_4_8,1000,169,0.0,1.0,0.0,1.0,1.0,False,True,False,True,False,0,0,0.001354800013359636
control_affine__beta_4_8__n1000,control_affine,beta_4_8,1000,170,0.0,1.0,0.0,1.0,1.0,False,True,False,True,False,0,0,0.001443500048480928
control_affine__beta_4_8__n1000,control_affine,beta_4_8,1000,171,0.0,1.0,0.0,1.0,1.0,False,True,False,True,False,0,0,0.0013884000363759696
control_affine__beta_4_8__n1000,control_affine,beta_4_8,1000,172,0.0,1.0,0.0,1.0,1.0,False,True,False,True,False,0,0,0.0012503999751061201
control_affine__beta_4_8__n1000,control_affine,beta_4_8,1000,173,0.0,1.0,0.0,1.0,1.0,False,True,False,True,False,0,0,0.0013883999781683087
control_affine__beta_4_8__n1000,control_affine,beta_4_8,1000,174,0.0,1.0,0.0,1.0,1.0,False,True,False,True,False,0,0,0.0013531000004149973
control_affine__beta_4_8__n1000,control_affine,beta_4_8,1000,175,0.0,1.0,0.0,1.0,1.0,False,True,False,True,False,0,0,0.0013216999941505492
control_affine__beta_4_8__n1000,control_affine,beta_4_8,1000,176,0.0,1.0,0.0,1.0,1.0,False,True,False,True,False,0,0,0.0012308000004850328
control_affine__beta_4_8__n1000,control_affine,beta_4_8,1000,177,0.0,1.0,0.0,1.0,1.0,False,True,False,True,False,0,0,0.0016947999829426408
control_affine__beta_4_8__n1000,control_affine,beta_4_8,1000,178,0.0,1.0,0.0,1.0,1.0,False,True,False,True,False,0,0,0.0014211999950930476
control_affine__beta_4_8__n1000,control_affine,beta_4_8,1000,179,0.0,1.0,0.0,0.1583266394883221,0.1583266394883221,False,False,True,False,False,0,1,0.0015586999943479896
control_affine__beta_4_8__n1000,control_affine,beta_4_8,1000,180,0.0,1.0,0.0,1.0,1.0,False,True,False,True,False,0,0,0.001582199998665601
control_affine__beta_4_8__n1000,control_affine,beta_4_8,1000,181,0.0,1.0,0.0,1.0,1.0,False,True,False,True,False,0,0,0.0014366000541485846
control_affine__beta_4_8__n1000,control_affine,beta_4_8,1000,182,0.0,1.0,0.0,1.0,1.0,False,True,False,True,False,0,0,0.0012941000168211758
control_affine__beta_4_8__n1000,control_affine,beta_4_8,1000,183,0.0,1.0,0.0,1.0,1.0,False,True,False,True,False,0,0,0.001121699984651059
control_affine__beta_4_8__n1000,control_affine,beta_4_8,1000,184,0.0,1.0,0.0,1.0,1.0,False,True,False,True,False,0,0,0.0011566999601200223
control_affine__beta_4_8__n1000,control_affine,beta_4_8,1000,185,0.0,1.0,0.0,1.0,1.0,False,True,False,True,False,0,0,0.0012866000179201365
control_affine__beta_4_8__n1000,control_affine,beta_4_8,1000,186,0.0,1.0,0.0,1.0,1.0,False,True,False,True,False,0,0,0.001445600006263703
control_affine__beta_4_8__n1000,control_affine,beta_4_8,1000,187,0.0,1.0,0.0,1.0,1.0,False,True,False,True,False,0,0,0.0014484000275842845
control_affine__beta_4_8__n1000,control_affine,beta_4_8,1000,188,0.0,1.0,0.0,1.0,1.0,False,True,False,True,False,0,0,0.0013652999768964946
control_affine__beta_4_8__n1000,control_affine,beta_4_8,1000,189,0.0,1.0,0.0,1.0,1.0,False,True,False,True,False,0,0,0.0015498999855481088
control_affine__beta_4_8__n1000,control_affine,beta_4_8,1000,190,0.0,1.0,0.0,1.0,1.0,False,True,False,True,False,0,0,0.001456200028769672
control_affine__beta_4_8__n1000,control_affine,beta_4_8,1000,191,0.0,1.0,0.0,1.0,1.0,False,True,False,True,False,0,0,0.0015962999896146357
control_affine__beta_4_8__n1000,control_affine,beta_4_8,1000,192,0.0,1.0,0.0,1.0,1.0,False,True,False,True,False,0,0,0.0013265000307001173
control_affine__beta_4_8__n1000,control_affine,beta_4_8,1000,193,0.0,1.0,0.0,1.0,1.0,False,True,False,True,False,0,0,0.00133350002579391
control_affine__beta_4_8__n1000,control_affine,beta_4_8,1000,194,0.0,1.0,0.0,1.0,1.0,False,True,False,True,False,0,0,0.0013068999978713691
control_affine__beta_4_8__n1000,control_affine,beta_4_8,1000,195,0.0,1.0,0.0,1.0,1.0,False,True,False,True,False,0,0,0.001569500018376857
control_affine__beta_4_8__n1000,control_affine,beta_4_8,1000,196,0.0,1.0,0.0,1.0,1.0,False,True,False,True,False,0,0,0.001400600012857467
control_affine__beta_4_8__n1000,control_affine,beta_4_8,1000,197,0.0,1.0,0.0,1.0,1.0,False,True,False,True,False,0,0,0.0016336999833583832
control_affine__beta_4_8__n1000,control_affine,beta_4_8,1000,198,0.0,1.0,0.0,1.0,1.0,False,True,False,True,False,0,0,0.0012817999813705683
control_affine__beta_4_8__n1000,control_affine,beta_4_8,1000,199,0.0,1.0,0.0,1.0,1.0,False,True,False,True,False,0,0,0.0012999000027775764
control_convex__beta_4_8__n1000,control_convex,beta_4_8,1000,0,1.0,1.0,0.0,1.0,1.0,False,True,False,True,False,0,0,0.0017382000223733485
control_convex__beta_4_8__n1000,control_convex,beta_4_8,1000,1,1.0,1.0,0.0,1.0,1.0,False,True,False,True,False,0,0,0.0014518999960273504
control_convex__beta_4_8__n1000,control_convex,beta_4_8,1000,2,1.0,1.0,0.0,1.0,1.0,False,True,False,True,False,0,0,0.001430500007700175
control_convex__beta_4_8__n1000,control_convex,beta_4_8,1000,3,1.0,1.0,0.0,1.0,1.0,False,True,False,True,False,0,0,0.001392299949657172
control_convex__beta_4_8__n1000,control_convex,beta_4_8,1000,4,1.0,1.0,0.0,1.0,1.0,False,True,False,True,False,0,0,0.001424000016413629
control_convex__beta_4_8__n1000,control_convex,beta_4_8,1000,5,1.0,1.0,0.0,1.0,1.0,False,True,False,True,False,0,0,0.0016089999699033797
control_convex__beta_4_8__n1000,control_convex,beta_4_8,1000,6,1.0,1.0,0.2980026547291801,1.0,0.7019973452708199,False,True,True,True,False,1,0,0.0013629000168293715
control_convex__beta_4_8__n1000,control_convex,beta_4_8,1000,7,1.0,1.0,0.0,1.0,1.0,False,True,False,True,False,0,0,0.0013272999785840511
control_convex__beta_4_8__n1000,control_convex,beta_4_8,1000,8,1.0,1.0,0.22979521984573525,1.0,0.7702047801542647,False,True,True,True,False,1,0,0.0014285999932326376
control_convex__beta_4_8__n1000,control_convex,beta_4_8,1000,9,1.0,1.0,0.0,1.0,1.0,False,True,False,True,False,0,0,0.0013161000097170472
control_convex__beta_4_8__n1000,control_convex,beta_4_8,1000,10,1.0,1.0,0.0,1.0,1.0,False,True,False,True,False,0,0,0.0013265999732539058
control_convex__beta_4_8__n1000,control_convex,beta_4_8,1000,11,1.0,1.0,0.0,1.0,1.0,False,True,False,True,False,0,0,0.0014507999876514077
control_convex__beta_4_8__n1000,control_convex,beta_4_8,1000,12,1.0,1.0,0.0,1.0,1.0,False,True,False,True,False,0,0,0.0013312000082805753
control_convex__beta_4_8__n1000,control_convex,beta_4_8,1000,13,1.0,1.0,0.0,1.0,1.0,False,True,False,True,False,0,0,0.001386400021146983
control_convex__beta_4_8__n1000,control_convex,beta_4_8,1000,14,1.0,1.0,0.2843574157902149,1.0,0.7156425842097851,False,True,True,True,False,3,0,0.0012499000295065343
control_convex__beta_4_8__n1000,control_convex,beta_4_8,1000,15,1.0,1.0,0.0,1.0,1.0,False,True,False,True,False,0,0,0.0015929000219330192
control_convex__beta_4_8__n1000,control_convex,beta_4_8,1000,16,1.0,1.0,0.0,1.0,1.0,False,True,False,True,False,0,0,0.0014011000166647136
control_convex__beta_4_8__n1000,control_convex,beta_4_8,1000,17,1.0,1.0,0.0,1.0,1.0,False,True,False,True,False,0,0,0.0017313000280410051
control_convex__beta_4_8__n1000,control_convex,beta_4_8,1000,18,1.0,1.0,0.0,1.0,1.0,False,True,False,True,False,0,0,0.0013466000091284513
control_convex__beta_4_8__n1000,control_convex,beta_4_8,1000,19,1.0,1.0,0.0,1.0,1.0,False,True,False,True,False,0,0,0.001519499986898154
control_convex__beta_4_8__n1000,control_convex,beta_4_8,1000,20,1.0,1.0,0.0,1.0,1.0,False,True,False,True,False,0,0,0.0013877999735996127
control_convex__beta_4_8__n1000,control_convex,beta_4_8,1000,21,1.0,1.0,0.0,1.0,1.0,False,True,False,True,False,0,0,0.0015568999806419015
control_convex__beta_4_8__n1000,control_convex,beta_4_8,1000,22,1.0,1.0,0.0,1.0,1.0,False,True,False,True,False,0,0,0.001465700042899698
control_convex__beta_4_8__n1000,control_convex,beta_4_8,1000,23,1.0,1.0,0.0,1.0,1.0,False,True,False,True,False,0,0,0.0013750000507570803
control_convex__beta_4_8__n1000,control_convex,beta_4_8,1000,24,1.0,1.0,0.0,1.0,1.0,False,True,False,True,False,0,0,0.0014555000234395266
control_convex__beta_4_8__n1000,control_convex,beta_4_8,1000,25,1.0,1.0,0.0,1.0,1.0,False,True,False,True,False,0,0,0.0015740999951958656
control_convex__beta_4_8__n1000,control_convex,beta_4_8,1000,26,1.0,1.0,0.0,1.0,1.0,False,True,False,True,False,0,0,0.0015425000456161797
control_convex__beta_4_8__n1000,control_convex,beta_4_8,1000,27,1.0,1.0,0.0,1.0,1.0,False,True,False,True,False,0,0,0.0015808000462129712
control_convex__beta_4_8__n1000,control_convex,beta_4_8,1000,28,1.0,1.0,0.0,1.0,1.0,False,True,False,True,False,0,0,0.001629200007300824
control_convex__beta_4_8__n1000,control_convex,beta_4_8,1000,29,1.0,1.0,0.0,1.0,1.0,False,True,False,True,False,0,0,0.0014646999770775437
control_convex__beta_4_8__n1000,control_convex,beta_4_8,1000,30,1.0,1.0,0.0,1.0,1.0,False,True,False,True,False,0,0,0.001511799986474216
control_convex__beta_4_8__n1000,control_convex,beta_4_8,1000,31,1.0,1.0,0.0,1.0,1.0,False,True,False,True,False,0,0,0.0015069000073708594
control_convex__beta_4_8__n1000,control_convex,beta_4_8,1000,32,1.0,1.0,0.0,1.0,1.0,False,True,False,True,False,0,0,0.0015551000251434743
control_convex__beta_4_8__n1000,control_convex,beta_4_8,1000,33,1.0,1.0,0.0444258202113194,1.0,0.9555741797886806,False,True,True,True,False,1,0,0.0016136000049300492
control_convex__beta_4_8__n1000,control_convex,beta_4_8,1000,34,1.0,1.0,0.0,1.0,1.0,False,True,False,True,False,0,0,0.0013682999997399747
control_convex__beta_4_8__n1000,control_convex,beta_4_8,1000,35,1.0,1.0,0.22979521984573525,1.0,0.7702047801542647,False,True,True,True,False,1,0,0.0013143999967724085
control_convex__beta_4_8__n1000,control_convex,beta_4_8,1000,36,1.0,1.0,0.0,1.0,1.0,False,True,False,True,False,0,0,0.0011136999819427729
control_convex__beta_4_8__n1000,control_convex,beta_4_8,1000,37,1.0,1.0,0.0,1.0,1.0,False,True,False,True,False,0,0,0.0011973999789915979
control_convex__beta_4_8__n1000,control_convex,beta_4_8,1000,38,1.0,1.0,0.0,1.0,1.0,False,True,False,True,False,0,0,0.0016583999968133867
control_convex__beta_4_8__n1000,control_convex,beta_4_8,1000,39,1.0,1.0,0.0,1.0,1.0,False,True,False,True,False,0,0,0.001538700016681105
control_convex__beta_4_8__n1000,control_convex,beta_4_8,1000,40,1.0,1.0,0.0,1.0,1.0,False,True,False,True,False,0,0,0.0013661000411957502
control_convex__beta_4_8__n1000,control_convex,beta_4_8,1000,41,1.0,1.0,0.0,1.0,1.0,False,True,False,True,False,0,0,0.0013469000114127994
control_convex__beta_4_8__n1000,control_convex,beta_4_8,1000,42,1.0,1.0,0.22979521984573525,1.0,0.7702047801542647,False,True,True,True,False,1,0,0.0011389999999664724
control_convex__beta_4_8__n1000,control_convex,beta_4_8,1000,43,1.0,1.0,0.2980026547291801,1.0,0.7019973452708199,False,True,True,True,False,2,0,0.0012030999641865492
control_convex__beta_4_8__n1000,control_convex,beta_4_8,1000,44,1.0,1.0,0.0,1.0,1.0,False,True,False,True,False,0,0,0.0011288999812677503
control_convex__beta_4_8__n1000,control_convex,beta_4_8,1000,45,1.0,1.0,0.0,1.0,1.0,False,True,False,True,False,0,0,0.0011852000025101006
control_convex__beta_4_8__n1000,control_convex,beta_4_8,1000,46,1.0,1.0,0.0,1.0,1.0,False,True,False,True,False,0,0,0.001235899981111288
control_convex__beta_4_8__n1000,control_convex,beta_4_8,1000,47,1.0,1.0,0.0,1.0,1.0,False,True,False,True,False,0,0,0.0014358999906107783
control_convex__beta_4_8__n1000,control_convex,beta_4_8,1000,48,1.0,1.0,0.0,1.0,1.0,False,True,False,True,False,0,0,0.001253599999472499
control_convex__beta_4_8__n1000,control_convex,beta_4_8,1000,49,1.0,1.0,0.0,1.0,1.0,False,True,False,True,False,0,0,0.0013457000022754073
control_convex__beta_4_8__n1000,control_convex,beta_4_8,1000,50,1.0,1.0,0.0,1.0,1.0,False,True,False,True,False,0,0,0.001491400005761534
control_convex__beta_4_8__n1000,control_convex,beta_4_8,1000,51,1.0,1.0,0.0,1.0,1.0,False,True,False,True,False,0,0,0.0015999000170268118
control_convex__beta_4_8__n1000,control_convex,beta_4_8,1000,52,1.0,1.0,0.0,1.0,1.0,False,True,False,True,False,0,0,0.0015257999766618013
control_convex__beta_4_8__n1000,control_convex,beta_4_8,1000,53,1.0,1.0,0.0,1.0,1.0,False,True,False,True,False,0,0,0.0014304000069387257
control_convex__beta_4_8__n1000,control_convex,beta_4_8,1000,54,1.0,1.0,0.2980026547291801,1.0,0.7019973452708199,False,True,True,True,False,3,0,0.0012049999786540866
control_convex__beta_4_8__n1000,control_convex,beta_4_8,1000,55,1.0,1.0,0.0,1.0,1.0,False,True,False,True,False,0,0,0.0013711999636143446
control_convex__beta_4_8__n1000,control_convex,beta_4_8,1000,56,1.0,1.0,0.0,1.0,1.0,False,True,False,True,False,0,0,0.0014288999955169857
control_convex__beta_4_8__n1000,control_convex,beta_4_8,1000,57,1.0,1.0,0.0,1.0,1.0,False,True,False,True,False,0,0,0.0012269000289961696
control_convex__beta_4_8__n1000,control_convex,beta_4_8,1000,58,1.0,1.0,0.0,1.0,1.0,False,True,False,True,False,0,0,0.001236800046171993
control_convex__beta_4_8__n1000,control_convex,beta_4_8,1000,59,1.0,1.0,0.0,1.0,1.0,False,True,False,True,False,0,0,0.0013867999659851193
control_convex__beta_4_8__n1000,control_convex,beta_4_8,1000,60,1.0,1.0,0.2419320385451328,1.0,0.7580679614548672,False,True,True,False,False,2,0,0.0013289999915286899
control_convex__beta_4_8__n1000,control_convex,beta_4_8,1000,61,1.0,1.0,0.23894571107392268,1.0,0.7610542889260773,False,True,True,True,False,2,0,0.0012249000137671828
control_convex__beta_4_8__n1000,control_convex,beta_4_8,1000,62,1.0,1.0,0.0,1.0,1.0,False,True,False,True,False,0,0,0.0014150000060908496
control_convex__beta_4_8__n1000,control_convex,beta_4_8,1000,63,1.0,1.0,0.0444258202113194,1.0,0.9555741797886806,False,True,True,True,False,1,0,0.0015189999830909073
control_convex__beta_4_8__n1000,control_convex,beta_4_8,1000,64,1.0,1.0,0.22979521984573525,1.0,0.7702047801542647,False,True,True,True,False,1,0,0.0013750999933108687
control_convex__beta_4_8__n1000,control_convex,beta_4_8,1000,65,1.0,1.0,0.0,1.0,1.0,False,True,False,True,False,0,0,0.0012111000251024961
control_convex__beta_4_8__n1000,control_convex,beta_4_8,1000,66,1.0,1.0,0.2980026547291801,1.0,0.7019973452708199,False,True,True,True,False,3,0,0.001144500041846186
control_convex__beta_4_8__n1000,control_convex,beta_4_8,1000,67,1.0,1.0,0.0,1.0,1.0,False,True,False,True,False,0,0,0.0011529999901540577
control_convex__beta_4_8__n1000,control_convex,beta_4_8,1000,68,1.0,1.0,0.0444258202113194,1.0,0.9555741797886806,False,True,True,True,False,1,0,0.00135859998408705
control_convex__beta_4_8__n1000,control_convex,beta_4_8,1000,69,1.0,1.0,0.0,1.0,1.0,False,True,False,True,False,0,0,0.0012847999460063875
control_convex__beta_4_8__n1000,control_convex,beta_4_8,1000,70,1.0,1.0,0.0,1.0,1.0,False,True,False,True,False,0,0,0.0013063999940641224
control_convex__beta_4_8__n1000,control_convex,beta_4_8,1000,71,1.0,1.0,0.0,1.0,1.0,False,True,False,True,False,0,0,0.0012488000211305916
control_convex__beta_4_8__n1000,control_convex,beta_4_8,1000,72,1.0,1.0,0.2980026547291801,1.0,0.7019973452708199,False,True,True,True,False,2,0,0.0011838999926112592
control_convex__beta_4_8__n1000,control_convex,beta_4_8,1000,73,1.0,1.0,0.2980026547291801,1.0,0.7019973452708199,False,True,True,True,False,1,0,0.00119570002425462
control_convex__beta_4_8__n1000,control_convex,beta_4_8,1000,74,1.0,1.0,0.0,1.0,1.0,False,True,False,True,False,0,0,0.0013132999883964658
control_convex__beta_4_8__n1000,control_convex,beta_4_8,1000,75,1.0,1.0,0.0,1.0,1.0,False,True,False,True,False,0,0,0.0012583000352606177
control_convex__beta_4_8__n1000,control_convex,beta_4_8,1000,76,1.0,1.0,0.0,1.0,1.0,False,True,False,True,False,0,0,0.0012799000251106918
control_convex__beta_4_8__n1000,control_convex,beta_4_8,1000,77,1.0,1.0,0.2980026547291801,1.0,0.7019973452708199,False,True,True,True,False,3,0,0.0014934999635443091
control_convex__beta_4_8__n1000,control_convex,beta_4_8,1000,78,1.0,1.0,0.22979521984573525,1.0,0.7702047801542647,False,True,True,True,False,1,0,0.0014989000046625733
control_convex__beta_4_8__n1000,control_convex,beta_4_8,1000,79,1.0,1.0,0.0,1.0,1.0,False,True,False,True,False,0,0,0.0013106000260449946
control_convex__beta_4_8__n1000,control_convex,beta_4_8,1000,80,1.0,1.0,0.0444258202113194,1.0,0.9555741797886806,False,True,True,True,False,1,0,0.0013221999979577959
control_convex__beta_4_8__n1000,control_convex,beta_4_8,1000,81,1.0,1.0,0.22979521984573525,1.0,0.7702047801542647,False,True,True,True,False,1,0,0.0014252999681048095
control_convex__beta_4_8__n1000,control_convex,beta_4_8,1000,82,1.0,1.0,0.22979521984573525,1.0,0.7702047801542647,False,True,True,True,False,1,0,0.001448499970138073
control_convex__beta_4_8__n1000,control_convex,beta_4_8,1000,83,1.0,1.0,0.0,1.0,1.0,False,True,False,True,False,0,0,0.0012181999627500772
control_convex__beta_4_8__n1000,control_convex,beta_4_8,1000,84,1.0,1.0,0.0,0.5003061295976351,0.5003061295976351,False,False,True,False,False,0,1,0.00119570002425462
control_convex__beta_4_8__n1000,control_convex,beta_4_8,1000,85,1.0,1.0,0.22979521984573525,1.0,0.7702047801542647,False,True,True,True,False,1,0,0.0012796999653801322
control_convex__beta_4_8__n1000,control_convex,beta_4_8,1000,86,1.0,1.0,0.0,1.0,1.0,False,True,False,True,False,0,0,0.0013241000124253333
control_convex__beta_4_8__n1000,control_convex,beta_4_8,1000,87,1.0,1.0,0.0,1.0,1.0,False,True,False,True,False,0,0,0.0015258999774232507
control_convex__beta_4_8__n1000,control_convex,beta_4_8,1000,88,1.0,1.0,0.0,1.0,1.0,False,True,False,True,False,0,0,0.001572399982251227
control_convex__beta_4_8__n1000,control_convex,beta_4_8,1000,89,1.0,1.0,0.0,1.0,1.0,False,True,False,True,False,0,0,0.0012870000209659338
control_convex__beta_4_8__n1000,control_convex,beta_4_8,1000,90,1.0,1.0,0.0,1.0,1.0,False,True,False,True,False,0,0,0.0013583000400103629
control_convex__beta_4_8__n1000,control_convex,beta_4_8,1000,91,1.0,1.0,0.0,1.0,1.0,False,True,False,True,False,0,0,0.0012200999772176147
control_convex__beta_4_8__n1000,control_convex,beta_4_8,1000,92,1.0,1.0,0.22979521984573525,1.0,0.7702047801542647,False,True,True,True,False,1,0,0.00136009999550879
control_convex__beta_4_8__n1000,control_convex,beta_4_8,1000,93,1.0,1.0,0.0,1.0,1.0,False,True,False,True,False,0,0,0.001345600001513958
control_convex__beta_4_8__n1000,control_convex,beta_4_8,1000,94,1.0,1.0,0.22979521984573525,1.0,0.7702047801542647,False,True,True,True,False,1,0,0.001393199956510216
control_convex__beta_4_8__n1000,control_convex,beta_4_8,1000,95,1.0,1.0,0.0,1.0,1.0,False,True,False,True,False,0,0,0.0013669999898411334
control_convex__beta_4_8__n1000,control_convex,beta_4_8,1000,96,1.0,1.0,0.0,1.0,1.0,False,True,False,True,False,0,0,0.001267499988898635
control_convex__beta_4_8__n1000,control_convex,beta_4_8,1000,97,1.0,1.0,0.0,1.0,1.0,False,True,False,True,False,0,0,0.0013475999585352838
control_convex__beta_4_8__n1000,control_convex,beta_4_8,1000,98,1.0,1.0,0.0,1.0,1.0,False,True,False,True,False,0,0,0.00148460001219064
control_convex__beta_4_8__n1000,control_convex,beta_4_8,1000,99,1.0,1.0,0.22979521984573525,1.0,0.7702047801542647,False,True,True,True,False,1,0,0.001596699992660433
control_convex__beta_4_8__n1000,control_convex,beta_4_8,1000,100,1.0,1.0,0.0444258202113194,1.0,0.9555741797886806,False,True,True,True,False,1,0,0.0013942999648861587
control_convex__beta_4_8__n1000,control_convex,beta_4_8,1000,101,1.0,1.0,0.24452205011389794,1.0,0.7554779498861021,False,True,True,False,False,2,0,0.0012620000052265823
control_convex__beta_4_8__n1000,control_convex,beta_4_8,1000,102,1.0,1.0,0.0,1.0,1.0,False,True,False,True,False,0,0,0.0011614999966695905
control_convex__beta_4_8__n1000,control_convex,beta_4_8,1000,103,1.0,1.0,0.27610911947004224,1.0,0.7238908805299578,False,True,True,True,False,1,0,0.0013168000150471926
control_convex__beta_4_8__n1000,control_convex,beta_4_8,1000,104,1.0,1.0,0.0,1.0,1.0,False,True,False,True,False,0,0,0.0013413000269792974
control_convex__beta_4_8__n1000,control_convex,beta_4_8,1000,105,1.0,1.0,0.27610911947004224,1.0,0.7238908805299578,False,True,True,True,False,2,0,0.0014684000052511692
control_convex__beta_4_8__n1000,control_convex,beta_4_8,1000,106,1.0,1.0,0.0,1.0,1.0,False,True,False,True,False,0,0,0.001265500031877309
control_convex__beta_4_8__n1000,control_convex,beta_4_8,1000,107,1.0,1.0,0.0444258202113194,1.0,0.9555741797886806,False,True,True,True,False,1,0,0.0012466000043787062
control_convex__beta_4_8__n1000,control_convex,beta_4_8,1000,108,1.0,1.0,0.0,1.0,1.0,False,True,False,True,False,0,0,0.0013291999930515885
control_convex__beta_4_8__n1000,control_convex,beta_4_8,1000,109,1.0,1.0,0.0,1.0,1.0,False,True,False,True,False,0,0,0.001309199957177043
control_convex__beta_4_8__n1000,control_convex,beta_4_8,1000,110,1.0,1.0,0.0,1.0,1.0,False,True,False,True,False,0,0,0.0016305000171996653
control_convex__beta_4_8__n1000,control_convex,beta_4_8,1000,111,1.0,1.0,0.0,1.0,1.0,False,True,False,True,False,0,0,0.0016672000056132674
control_convex__beta_4_8__n1000,control_convex,beta_4_8,1000,112,1.0,1.0,0.0,1.0,1.0,False,True,False,True,False,0,0,0.0014617000124417245
control_convex__beta_4_8__n1000,control_convex,beta_4_8,1000,113,1.0,1.0,0.0,1.0,1.0,False,True,False,True,False,0,0,0.0013652000343427062
control_convex__beta_4_8__n1000,control_convex,beta_4_8,1000,114,1.0,1.0,0.0,1.0,1.0,False,True,False,True,False,0,0,0.001380800036713481
control_convex__beta_4_8__n1000,control_convex,beta_4_8,1000,115,1.0,1.0,0.0,1.0,1.0,False,True,False,True,False,0,0,0.0015447000041604042
control_convex__beta_4_8__n1000,control_convex,beta_4_8,1000,116,1.0,1.0,0.0,1.0,1.0,False,True,False,True,False,0,0,0.001526599982753396
control_convex__beta_4_8__n1000,control_convex,beta_4_8,1000,117,1.0,1.0,0.0,1.0,1.0,False,True,False,True,False,0,0,0.0013039999757893384
control_convex__beta_4_8__n1000,control_convex,beta_4_8,1000,118,1.0,1.0,0.0,1.0,1.0,False,True,False,True,False,0,0,0.0012363999849185348
control_convex__beta_4_8__n1000,control_convex,beta_4_8,1000,119,1.0,1.0,0.0,1.0,1.0,False,True,False,True,False,0,0,0.0010999999940395355
control_convex__beta_4_8__n1000,control_convex,beta_4_8,1000,120,1.0,1.0,0.0,1.0,1.0,False,True,False,True,False,0,0,0.0011525999871082604
control_convex__beta_4_8__n1000,control_convex,beta_4_8,1000,121,1.0,1.0,0.0,1.0,1.0,False,True,False,True,False,0,0,0.0014965999871492386
control_convex__beta_4_8__n1000,control_convex,beta_4_8,1000,122,1.0,1.0,0.22979521984573525,1.0,0.7702047801542647,False,True,True,True,False,1,0,0.0017303000204265118
control_convex__beta_4_8__n1000,control_convex,beta_4_8,1000,123,1.0,1.0,0.0,1.0,1.0,False,True,False,True,False,0,0,0.0014224000042304397
control_convex__beta_4_8__n1000,control_convex,beta_4_8,1000,124,1.0,1.0,0.0,1.0,1.0,False,True,False,True,False,0,0,0.0015343999839387834
control_convex__beta_4_8__n1000,control_convex,beta_4_8,1000,125,1.0,1.0,0.0,1.0,1.0,False,True,False,True,False,0,0,0.0015688000130467117
control_convex__beta_4_8__n1000,control_convex,beta_4_8,1000,126,1.0,1.0,0.2980026547291801,1.0,0.7019973452708199,False,True,True,True,False,2,0,0.0016285000019706786
control_convex__beta_4_8__n1000,control_convex,beta_4_8,1000,127,1.0,1.0,0.0,1.0,1.0,False,True,False,True,False,0,0,0.0015725000412203372
control_convex__beta_4_8__n1000,control_convex,beta_4_8,1000,128,1.0,1.0,0.0,1.0,1.0,False,True,False,True,False,0,0,0.00135119998594746
control_convex__beta_4_8__n1000,control_convex,beta_4_8,1000,129,1.0,1.0,0.0,1.0,1.0,False,True,False,True,False,0,0,0.0012562000192701817
control_convex__beta_4_8__n1000,control_convex,beta_4_8,1000,130,1.0,1.0,0.0,1.0,1.0,False,True,False,True,False,0,0,0.0015391000197269022
control_convex__beta_4_8__n1000,control_convex,beta_4_8,1000,131,1.0,1.0,0.0,1.0,1.0,False,True,False,True,False,0,0,0.0015703000244684517
control_convex__beta_4_8__n1000,control_convex,beta_4_8,1000,132,1.0,1.0,0.0,1.0,1.0,False,True,False,True,False,0,0,0.0014777000178582966
control_convex__beta_4_8__n1000,control_convex,beta_4_8,1000,133,1.0,1.0,0.0,1.0,1.0,False,True,False,True,False,0,0,0.0014552000211551785
control_convex__beta_4_8__n1000,control_convex,beta_4_8,1000,134,1.0,1.0,0.0,1.0,1.0,False,True,False,True,False,0,0,0.001261600002180785
control_convex__beta_4_8__n1000,control_convex,beta_4_8,1000,135,1.0,1.0,0.0,1.0,1.0,False,True,False,True,False,0,0,0.0015261000371538103
control_convex__beta_4_8__n1000,control_convex,beta_4_8,1000,136,1.0,1.0,0.0,1.0,1.0,False,True,False,True,False,0,0,0.0015463000163435936
control_convex__beta_4_8__n1000,control_convex,beta_4_8,1000,137,1.0,1.0,0.0,1.0,1.0,False,True,False,True,False,0,0,0.0013162000104784966
control_convex__beta_4_8__n1000,control_convex,beta_4_8,1000,138,1.0,1.0,0.0,1.0,1.0,False,True,False,True,False,0,0,0.0013040999765507877
control_convex__beta_4_8__n1000,control_convex,beta_4_8,1000,139,1.0,1.0,0.0,1.0,1.0,False,True,False,True,False,0,0,0.001164900022558868
control_convex__beta_4_8__n1000,control_convex,beta_4_8,1000,140,1.0,1.0,0.0,1.0,1.0,False,True,False,True,False,0,0,0.0011721999617293477
control_convex__beta_4_8__n1000,control_convex,beta_4_8,1000,141,1.0,1.0,0.0444258202113194,1.0,0.9555741797886806,False,True,True,True,False,1,0,0.0012097000144422054
control_convex__beta_4_8__n1000,control_convex,beta_4_8,1000,142,1.0,1.0,0.0,1.0,1.0,False,True,False,True,False,0,0,0.0014691000105813146
control_convex__beta_4_8__n1000,control_convex,beta_4_8,1000,143,1.0,1.0,0.0,1.0,1.0,False,True,False,True,False,0,0,0.001408600015565753
control_convex__beta_4_8__n1000,control_convex,beta_4_8,1000,144,1.0,1.0,0.2843574157902149,1.0,0.7156425842097851,False,True,True,True,False,3,0,0.0015249999705702066
control_convex__beta_4_8__n1000,control_convex,beta_4_8,1000,145,1.0,1.0,0.22979521984573525,1.0,0.7702047801542647,False,True,True,True,False,1,0,0.0015022000297904015
control_convex__beta_4_8__n1000,control_convex,beta_4_8,1000,146,1.0,1.0,0.0,1.0,1.0,False,True,False,True,False,0,0,0.001580099982675165
control_convex__beta_4_8__n1000,control_convex,beta_4_8,1000,147,1.0,1.0,0.27610911947004224,1.0,0.7238908805299578,False,True,True,True,False,2,0,0.0014359999913722277
control_convex__beta_4_8__n1000,control_convex,beta_4_8,1000,148,1.0,1.0,0.0444258202113194,1.0,0.9555741797886806,False,True,True,True,False,1,0,0.0015764000127092004
control_convex__beta_4_8__n1000,control_convex,beta_4_8,1000,149,1.0,1.0,0.0,1.0,1.0,False,True,False,True,False,0,0,0.0015029000351205468
control_convex__beta_4_8__n1000,control_convex,beta_4_8,1000,150,1.0,1.0,0.27610911947004224,1.0,0.7238908805299578,False,True,True,True,False,1,0,0.001567700004670769
control_convex__beta_4_8__n1000,control_convex,beta_4_8,1000,151,1.0,1.0,0.0,1.0,1.0,False,True,False,True,False,0,0,0.0016086999676190317
control_convex__beta_4_8__n1000,control_convex,beta_4_8,1000,152,1.0,1.0,0.0,1.0,1.0,False,True,False,True,False,0,0,0.0012438999838195741
control_convex__beta_4_8__n1000,control_convex,beta_4_8,1000,153,1.0,1.0,0.0,1.0,1.0,False,True,False,True,False,0,0,0.001711999997496605
control_convex__beta_4_8__n1000,control_convex,beta_4_8,1000,154,1.0,1.0,0.18466816233164304,1.0,0.8153318376683569,False,True,True,True,False,1,0,0.0014413000317290425
control_convex__beta_4_8__n1000,control_convex,beta_4_8,1000,155,1.0,1.0,0.0444258202113194,1.0,0.9555741797886806,False,True,True,True,False,1,0,0.0013790000230073929
control_convex__beta_4_8__n1000,control_convex,beta_4_8,1000,156,1.0,1.0,0.0,1.0,1.0,False,True,False,True,False,0,0,0.001636600005440414
control_convex__beta_4_8__n1000,control_convex,beta_4_8,1000,157,1.0,1.0,0.0,1.0,1.0,False,True,False,True,False,0,0,0.001497599994763732
control_convex__beta_4_8__n1000,control_convex,beta_4_8,1000,158,1.0,1.0,0.0,1.0,1.0,False,True,False,True,False,0,0,0.00135570002021268
control_convex__beta_4_8__n1000,control_convex,beta_4_8,1000,159,1.0,1.0,0.0,1.0,1.0,False,True,False,True,False,0,0,0.001470700022764504
control_convex__beta_4_8__n1000,control_convex,beta_4_8,1000,160,1.0,1.0,0.0,1.0,1.0,False,True,False,True,False,0,0,0.0015326000284403563
control_convex__beta_4_8__n1000,control_convex,beta_4_8,1000,161,1.0,1.0,0.27610911947004224,1.0,0.7238908805299578,False,True,True,True,False,1,0,0.001568900013808161
control_convex__beta_4_8__n1000,control_convex,beta_4_8,1000,162,1.0,1.0,0.0,1.0,1.0,False,True,False,True,False,0,0,0.0016076000174507499
control_convex__beta_4_8__n1000,control_convex,beta_4_8,1000,163,1.0,1.0,0.0,1.0,1.0,False,True,False,True,False,0,0,0.001415099948644638
control_convex__beta_4_8__n1000,control_convex,beta_4_8,1000,164,1.0,1.0,0.0,1.0,1.0,False,True,False,True,False,0,0,0.001491099945269525
control_convex__beta_4_8__n1000,control_convex,beta_4_8,1000,165,1.0,1.0,0.0,1.0,1.0,False,True,False,True,False,0,0,0.0013328000204637647
control_convex__beta_4_8__n1000,control_convex,beta_4_8,1000,166,1.0,1.0,0.0,1.0,1.0,False,True,False,True,False,0,0,0.0017904999549500644
control_convex__beta_4_8__n1000,control_convex,beta_4_8,1000,167,1.0,1.0,0.2980026547291801,1.0,0.7019973452708199,False,True,True,True,False,2,0,0.001496099983341992
control_convex__beta_4_8__n1000,control_convex,beta_4_8,1000,168,1.0,1.0,0.0,1.0,1.0,False,True,False,True,False,0,0,0.0014361999928951263
control_convex__beta_4_8__n1000,control_convex,beta_4_8,1000,169,1.0,1.0,0.0,1.0,1.0,False,True,False,True,False,0,0,0.0014144000015221536
control_convex__beta_4_8__n1000,control_convex,beta_4_8,1000,170,1.0,1.0,0.27610911947004224,1.0,0.7238908805299578,False,True,True,True,False,1,0,0.0013823999906890094
control_convex__beta_4_8__n1000,control_convex,beta_4_8,1000,171,1.0,1.0,0.0,1.0,1.0,False,True,False,True,False,0,0,0.0015107999788597226
control_convex__beta_4_8__n1000,control_convex,beta_4_8,1000,172,1.0,1.0,0.0,1.0,1.0,False,True,False,True,False,0,0,0.00149350002175197
control_convex__beta_4_8__n1000,control_convex,beta_4_8,1000,173,1.0,1.0,0.0,1.0,1.0,False,True,False,True,False,0,0,0.001274299982469529
control_convex__beta_4_8__n1000,control_convex,beta_4_8,1000,174,1.0,1.0,0.0,1.0,1.0,False,True,False,True,False,0,0,0.0012320000096224248
control_convex__beta_4_8__n1000,control_convex,beta_4_8,1000,175,1.0,1.0,0.0,1.0,1.0,False,True,False,True,False,0,0,0.0013617999502457678
control_convex__beta_4_8__n1000,control_convex,beta_4_8,1000,176,1.0,1.0,0.0,1.0,1.0,False,True,False,True,False,0,0,0.0015168999671004713
control_convex__beta_4_8__n1000,control_convex,beta_4_8,1000,177,1.0,1.0,0.42767174832243193,1.0,0.5723282516775681,False,True,True,False,False,2,0,0.0014633999671787024
control_convex__beta_4_8__n1000,control_convex,beta_4_8,1000,178,1.0,1.0,0.0,1.0,1.0,False,True,False,True,False,0,0,0.001182700041681528
control_convex__beta_4_8__n1000,control_convex,beta_4_8,1000,179,1.0,1.0,0.0,1.0,1.0,False,True,False,True,False,0,0,0.0012451999937184155
control_convex__beta_4_8__n1000,control_convex,beta_4_8,1000,180,1.0,1.0,0.0,1.0,1.0,False,True,False,True,False,0,0,0.0013006000081077218
control_convex__beta_4_8__n1000,control_convex,beta_4_8,1000,181,1.0,1.0,0.27610911947004224,1.0,0.7238908805299578,False,True,True,True,False,2,0,0.0014714000280946493
control_convex__beta_4_8__n1000,control_convex,beta_4_8,1000,182,1.0,1.0,0.0,1.0,1.0,False,True,False,True,False,0,0,0.001248299959115684
control_convex__beta_4_8__n1000,control_convex,beta_4_8,1000,183,1.0,1.0,0.0444258202113194,1.0,0.9555741797886806,False,True,True,True,False,1,0,0.001395000028423965
control_convex__beta_4_8__n1000,control_convex,beta_4_8,1000,184,1.0,1.0,0.27610911947004224,1.0,0.7238908805299578,False,True,True,True,False,1,0,0.0012494000256992877
control_convex__beta_4_8__n1000,control_convex,beta_4_8,1000,185,1.0,1.0,0.0,1.0,1.0,False,True,False,True,False,0,0,0.001214599993545562
control_convex__beta_4_8__n1000,control_convex,beta_4_8,1000,186,1.0,1.0,0.0,1.0,1.0,False,True,False,True,False,0,0,0.001262800011318177
control_convex__beta_4_8__n1000,control_convex,beta_4_8,1000,187,1.0,1.0,0.0,1.0,1.0,False,True,False,True,False,0,0,0.0015090999659150839
control_convex__beta_4_8__n1000,control_convex,beta_4_8,1000,188,1.0,1.0,0.0,1.0,1.0,False,True,False,True,False,0,0,0.0014420999796129763
control_convex__beta_4_8__n1000,control_convex,beta_4_8,1000,189,1.0,1.0,0.0,1.0,1.0,False,True,False,True,False,0,0,0.0013991000014357269
control_convex__beta_4_8__n1000,control_convex,beta_4_8,1000,190,1.0,1.0,0.0,1.0,1.0,False,True,False,True,False,0,0,0.0012401000130921602
control_convex__beta_4_8__n1000,control_convex,beta_4_8,1000,191,1.0,1.0,0.0,1.0,1.0,False,True,False,True,False,0,0,0.0014610999496653676
control_convex__beta_4_8__n1000,control_convex,beta_4_8,1000,192,1.0,1.0,0.0,1.0,1.0,False,True,False,True,False,0,0,0.0015865000314079225
control_convex__beta_4_8__n1000,control_convex,beta_4_8,1000,193,1.0,1.0,0.0,1.0,1.0,False,True,False,True,False,0,0,0.0016252000350505114
control_convex__beta_4_8__n1000,control_convex,beta_4_8,1000,194,1.0,1.0,0.0444258202113194,1.0,0.9555741797886806,False,True,True,True,False,2,0,0.0015672000008635223
control_convex__beta_4_8__n1000,control_convex,beta_4_8,1000,195,1.0,1.0,0.0444258202113194,1.0,0.9555741797886806,False,True,True,True,False,1,0,0.0014432999887503684
control_convex__beta_4_8__n1000,control_convex,beta_4_8,1000,196,1.0,1.0,0.0,1.0,1.0,False,True,False,True,False,0,0,0.0015929000219330192
control_convex__beta_4_8__n1000,control_convex,beta_4_8,1000,197,1.0,1.0,0.0,1.0,1.0,False,True,False,True,False,0,0,0.001567400002386421
control_convex__beta_4_8__n1000,control_convex,beta_4_8,1000,198,1.0,1.0,0.0,1.0,1.0,False,True,False,True,False,0,0,0.0015749000012874603
control_convex__beta_4_8__n1000,control_convex,beta_4_8,1000,199,1.0,1.0,0.2621626622008632,1.0,0.7378373377991367,False,True,True,True,False,3,0,0.0015643999795429409
control_concave__beta_4_8__n1000,control_concave,beta_4_8,1000,0,0.0,0.0,0.0,1.0,1.0,False,True,False,True,False,0,0,0.001485800021328032
control_concave__beta_4_8__n1000,control_concave,beta_4_8,1000,1,0.0,0.0,0.0,0.7559821910402834,0.7559821910402834,False,True,True,True,False,0,1,0.0014525000005960464
control_concave__beta_4_8__n1000,control_concave,beta_4_8,1000,2,0.0,0.0,0.0,1.0,1.0,False,True,False,True,False,0,0,0.0013978000497445464
control_concave__beta_4_8__n1000,control_concave,beta_4_8,1000,3,0.0,0.0,0.0,1.0,1.0,False,True,False,True,False,0,0,0.0014508000458590686
control_concave__beta_4_8__n1000,control_concave,beta_4_8,1000,4,0.0,0.0,0.0,1.0,1.0,False,True,False,True,False,0,0,0.0013656000373885036
control_concave__beta_4_8__n1000,control_concave,beta_4_8,1000,5,0.0,0.0,0.0,0.7559821910402834,0.7559821910402834,False,True,True,True,False,0,1,0.0013490999699570239
control_concave__beta_4_8__n1000,control_concave,beta_4_8,1000,6,0.0,0.0,0.0,1.0,1.0,False,True,False,True,False,0,0,0.0011801999644376338
control_concave__beta_4_8__n1000,control_concave,beta_4_8,1000,7,0.0,0.0,0.0,1.0,1.0,False,True,False,True,False,0,0,0.0015355999930761755
control_concave__beta_4_8__n1000,control_concave,beta_4_8,1000,8,0.0,0.0,0.0,1.0,1.0,False,True,False,True,False,0,0,0.0014332000282593071
control_concave__beta_4_8__n1000,control_concave,beta_4_8,1000,9,0.0,0.0,0.0,1.0,1.0,False,True,False,True,False,0,0,0.0012947999639436603
control_concave__beta_4_8__n1000,control_concave,beta_4_8,1000,10,0.0,0.0,0.0,1.0,1.0,False,True,False,True,False,0,0,0.0010905999806709588
control_concave__beta_4_8__n1000,control_concave,beta_4_8,1000,11,0.0,0.0,0.0,1.0,1.0,False,True,False,True,False,0,0,0.0012707000132650137
control_concave__beta_4_8__n1000,control_concave,beta_4_8,1000,12,0.0,0.0,0.0,1.0,1.0,False,True,False,True,False,0,0,0.0012386000016704202
control_concave__beta_4_8__n1000,control_concave,beta_4_8,1000,13,0.0,0.0,0.0,1.0,1.0,False,True,False,True,False,0,0,0.0010760000441223383
control_concave__beta_4_8__n1000,control_concave,beta_4_8,1000,14,0.0,0.0,0.0,1.0,1.0,False,True,False,True,False,0,0,0.0010624999995343387
control_concave__beta_4_8__n1000,control_concave,beta_4_8,1000,15,0.0,0.0,0.0,1.0,1.0,False,True,False,True,False,0,0,0.0011235999991185963
control_concave__beta_4_8__n1000,control_concave,beta_4_8,1000,16,0.0,0.0,0.0,0.7559821910402834,0.7559821910402834,False,True,True,True,False,0,1,0.00120310002239421
control_concave__beta_4_8__n1000,control_concave,beta_4_8,1000,17,0.0,0.0,0.2870938542419338,0.7559821910402834,0.4688883367983496,False,False,True,False,False,1,3,0.0011999999987892807
control_concave__beta_4_8__n1000,control_concave,beta_4_8,1000,18,0.0,0.0,0.0,1.0,1.0,False,True,False,True,False,0,0,0.0012855000095441937
control_concave__beta_4_8__n1000,control_concave,beta_4_8,1000,19,0.0,0.0,0.0,1.0,1.0,False,True,False,True,False,0,0,0.0011739999754354358
control_concave__beta_4_8__n1000,control_concave,beta_4_8,1000,20,0.0,0.0,0.37219985514814835,0.37296449708312535,0.0007646419349769951,False,False,True,False,False,1,1,0.0012517999857664108
control_concave__beta_4_8__n1000,control_concave,beta_4_8,1000,21,0.0,0.0,0.0,1.0,1.0,False,True,False,True,False,0,0,0.0010873000137507915
control_concave__beta_4_8__n1000,control_concave,beta_4_8,1000,22,0.0,0.0,0.0,0.7559821910402834,0.7559821910402834,False,True,True,True,False,0,1,0.0011493000201880932
control_concave__beta_4_8__n1000,control_concave,beta_4_8,1000,23,0.0,0.0,0.0,1.0,1.0,False,True,False,True,False,0,0,0.0012900999863632023
control_concave__beta_4_8__n1000,control_concave,beta_4_8,1000,24,0.0,0.0,0.0,1.0,1.0,False,True,False,True,False,0,0,0.0012322000111453235
control_concave__beta_4_8__n1000,control_concave,beta_4_8,1000,25,0.0,0.0,0.0,1.0,1.0,False,True,False,True,False,0,0,0.0011884000268764794
control_concave__beta_4_8__n1000,control_concave,beta_4_8,1000,26,0.0,0.0,0.0,1.0,1.0,False,True,False,True,False,0,0,0.0012597999884746969
control_concave__beta_4_8__n1000,control_concave,beta_4_8,1000,27,0.0,0.0,0.0,1.0,1.0,False,True,False,True,False,0,0,0.0012933000107295811
control_concave__beta_4_8__n1000,control_concave,beta_4_8,1000,28,0.0,0.0,0.0,0.7559821910402834,0.7559821910402834,False,True,True,True,False,0,1,0.0011996999965049326
control_concave__beta_4_8__n1000,control_concave,beta_4_8,1000,29,0.0,0.0,0.0,0.7559821910402834,0.7559821910402834,False,True,True,True,False,0,3,0.0011377999908290803
control_concave__beta_4_8__n1000,control_concave,beta_4_8,1000,30,0.0,0.0,0.0,1.0,1.0,False,True,False,True,False,0,0,0.0012043999740853906
control_concave__beta_4_8__n1000,control_concave,beta_4_8,1000,31,0.0,0.0,0.0,1.0,1.0,False,True,False,True,False,0,0,0.001263100013602525
control_concave__beta_4_8__n1000,control_concave,beta_4_8,1000,32,0.0,0.0,0.0,0.7559821910402834,0.7559821910402834,False,True,True,True,False,0,1,0.0012865000171586871
control_concave__beta_4_8__n1000,control_concave,beta_4_8,1000,33,0.0,0.0,0.0,1.0,1.0,False,True,False,True,False,0,0,0.0012150999973528087
control_concave__beta_4_8__n1000,control_concave,beta_4_8,1000,34,0.0,0.0,0.0,1.0,1.0,False,True,False,True,False,0,0,0.0012513999827206135
control_concave__beta_4_8__n1000,control_concave,beta_4_8,1000,35,0.0,0.0,0.0,1.0,1.0,False,True,False,True,False,0,0,0.00133200001437217
control_concave__beta_4_8__n1000,control_concave,beta_4_8,1000,36,0.0,0.0,0.0,0.5066830425684876,0.5066830425684876,False,True,True,False,False,0,1,0.0014553000219166279
control_concave__beta_4_8__n1000,control_concave,beta_4_8,1000,37,0.0,0.0,0.0,1.0,1.0,False,True,False,True,False,0,0,0.0014272000407800078
control_concave__beta_4_8__n1000,control_concave,beta_4_8,1000,38,0.0,0.0,0.0,0.42863617328301945,0.42863617328301945,False,True,True,True,False,0,1,0.0014427000423893332
control_concave__beta_4_8__n1000,control_concave,beta_4_8,1000,39,0.0,0.0,0.0,1.0,1.0,False,True,False,True,False,0,0,0.0013213999918662012
control_concave__beta_4_8__n1000,control_concave,beta_4_8,1000,40,0.0,0.0,0.0,1.0,1.0,False,True,False,True,False,0,0,0.001140400010626763
control_concave__beta_4_8__n1000,control_concave,beta_4_8,1000,41,0.0,0.0,0.0,1.0,1.0,False,True,False,True,False,0,0,0.0011114999651908875
control_concave__beta_4_8__n1000,control_concave,beta_4_8,1000,42,0.0,0.0,0.0,1.0,1.0,False,True,False,True,False,0,0,0.001345900003798306
control_concave__beta_4_8__n1000,control_concave,beta_4_8,1000,43,0.0,0.0,0.0,1.0,1.0,False,True,False,True,False,0,0,0.0014835999463684857
control_concave__beta_4_8__n1000,control_concave,beta_4_8,1000,44,0.0,0.0,0.0,1.0,1.0,False,True,False,True,False,0,0,0.00132460001623258
control_concave__beta_4_8__n1000,control_concave,beta_4_8,1000,45,0.0,0.0,0.0,0.42863617328301945,0.42863617328301945,False,True,True,True,False,0,1,0.0012036000262014568
control_concave__beta_4_8__n1000,control_concave,beta_4_8,1000,46,0.0,0.0,0.0,0.7559821910402834,0.7559821910402834,False,True,True,True,False,0,1,0.0012125999783165753
control_concave__beta_4_8__n1000,control_concave,beta_4_8,1000,47,0.0,0.0,0.0,1.0,1.0,False,True,False,True,False,0,0,0.0012131000403314829
control_concave__beta_4_8__n1000,control_concave,beta_4_8,1000,48,0.0,0.0,0.0,1.0,1.0,False,True,False,True,False,0,0,0.0014220000011846423
control_concave__beta_4_8__n1000,control_concave,beta_4_8,1000,49,0.0,0.0,0.0,1.0,1.0,False,True,False,True,False,0,0,0.0014381999499164522
control_concave__beta_4_8__n1000,control_concave,beta_4_8,1000,50,0.0,0.0,0.0,0.7559821910402834,0.7559821910402834,False,True,True,True,False,0,1,0.0013722999719902873
control_concave__beta_4_8__n1000,control_concave,beta_4_8,1000,51,0.0,0.0,0.0,1.0,1.0,False,True,False,True,False,0,0,0.0012459999998100102
control_concave__beta_4_8__n1000,control_concave,beta_4_8,1000,52,0.0,0.0,0.0,1.0,1.0,False,True,False,True,False,0,0,0.0013439999893307686
control_concave__beta_4_8__n1000,control_concave,beta_4_8,1000,53,0.0,0.0,0.0,1.0,1.0,False,True,False,True,False,0,0,0.0014303000061772764
control_concave__beta_4_8__n1000,control_concave,beta_4_8,1000,54,0.0,0.0,0.0,1.0,1.0,False,True,False,True,False,0,0,0.0013829999952577055
control_concave__beta_4_8__n1000,control_concave,beta_4_8,1000,55,0.0,0.0,0.0,1.0,1.0,False,True,False,True,False,0,0,0.0013535000034607947
control_concave__beta_4_8__n1000,control_concave,beta_4_8,1000,56,0.0,0.0,0.0,0.7559821910402834,0.7559821910402834,False,True,True,True,False,0,1,0.001402099966071546
control_concave__beta_4_8__n1000,control_concave,beta_4_8,1000,57,0.0,0.0,0.0,1.0,1.0,False,True,False,True,False,0,0,0.0012688999995589256
control_concave__beta_4_8__n1000,control_concave,beta_4_8,1000,58,0.0,0.0,0.0,1.0,1.0,False,True,False,True,False,0,0,0.0012841999996453524
control_concave__beta_4_8__n1000,control_concave,beta_4_8,1000,59,0.0,0.0,0.0,1.0,1.0,False,True,False,True,False,0,0,0.0013976000482216477
control_concave__beta_4_8__n1000,control_concave,beta_4_8,1000,60,0.0,0.0,0.0,1.0,1.0,False,True,False,True,False,0,0,0.0014506999868899584
control_concave__beta_4_8__n1000,control_concave,beta_4_8,1000,61,0.0,0.0,0.0,1.0,1.0,False,True,False,True,False,0,0,0.0012681999942287803
control_concave__beta_4_8__n1000,control_concave,beta_4_8,1000,62,0.0,0.0,0.0,1.0,1.0,False,True,False,True,False,0,0,0.0012404999579302967
control_concave__beta_4_8__n1000,control_concave,beta_4_8,1000,63,0.0,0.0,0.0,1.0,1.0,False,True,False,True,False,0,0,0.0014980999985709786
control_concave__beta_4_8__n1000,control_concave,beta_4_8,1000,64,0.0,0.0,0.0,1.0,1.0,False,True,False,True,False,0,0,0.0014601000002585351
control_concave__beta_4_8__n1000,control_concave,beta_4_8,1000,65,0.0,0.0,0.0,1.0,1.0,False,True,False,True,False,0,0,0.0015454000094905496
control_concave__beta_4_8__n1000,control_concave,beta_4_8,1000,66,0.0,0.0,0.0,1.0,1.0,False,True,False,True,False,0,0,0.001303299970459193
control_concave__beta_4_8__n1000,control_concave,beta_4_8,1000,67,0.0,0.0,0.0,1.0,1.0,False,True,False,True,False,0,0,0.0014389000134542584
control_concave__beta_4_8__n1000,control_concave,beta_4_8,1000,68,0.0,0.0,0.0,1.0,1.0,False,True,False,True,False,0,0,0.0013106000260449946
control_concave__beta_4_8__n1000,control_concave,beta_4_8,1000,69,0.0,0.0,0.0,0.7559821910402834,0.7559821910402834,False,True,True,True,False,0,2,0.0012901999871246517
control_concave__beta_4_8__n1000,control_concave,beta_4_8,1000,70,0.0,0.0,0.0,1.0,1.0,False,True,False,True,False,0,0,0.0015384999569505453
control_concave__beta_4_8__n1000,control_concave,beta_4_8,1000,71,0.0,0.0,0.0,1.0,1.0,False,True,False,True,False,0,0,0.001595499983523041
control_concave__beta_4_8__n1000,control_concave,beta_4_8,1000,72,0.0,0.0,0.0,0.7559821910402834,0.7559821910402834,False,True,True,True,False,0,1,0.0013339000288397074
control_concave__beta_4_8__n1000,control_concave,beta_4_8,1000,73,0.0,0.0,0.0,1.0,1.0,False,True,False,True,False,0,0,0.0012645000242628157
control_concave__beta_4_8__n1000,control_concave,beta_4_8,1000,74,0.0,0.0,0.0,1.0,1.0,False,True,False,True,False,0,0,0.0012044000322930515
control_concave__beta_4_8__n1000,control_concave,beta_4_8,1000,75,0.0,0.0,0.0,1.0,1.0,False,True,False,True,False,0,0,0.0012272000312805176
control_concave__beta_4_8__n1000,control_concave,beta_4_8,1000,76,0.0,0.0,0.0,1.0,1.0,False,True,False,True,False,0,0,0.0012032000231556594
control_concave__beta_4_8__n1000,control_concave,beta_4_8,1000,77,0.0,0.0,0.0,0.11765774843486188,0.11765774843486188,False,True,True,False,False,0,2,0.0012468000059016049
control_concave__beta_4_8__n1000,control_concave,beta_4_8,1000,78,0.0,0.0,0.0,1.0,1.0,False,True,False,True,False,0,0,0.0012854000087827444
control_concave__beta_4_8__n1000,control_concave,beta_4_8,1000,79,0.0,0.0,0.0,1.0,1.0,False,True,False,True,False,0,0,0.0013513999874703586
control_concave__beta_4_8__n1000,control_concave,beta_4_8,1000,80,0.0,0.0,0.0,1.0,1.0,False,True,False,True,False,0,0,0.0013367999927140772
control_concave__beta_4_8__n1000,control_concave,beta_4_8,1000,81,0.0,0.0,0.0,1.0,1.0,False,True,False,True,False,0,0,0.001411000033840537
control_concave__beta_4_8__n1000,control_concave,beta_4_8,1000,82,0.0,0.0,0.0,1.0,1.0,False,True,False,True,False,0,0,0.0014882999821566045
control_concave__beta_4_8__n1000,control_concave,beta_4_8,1000,83,0.0,0.0,0.0,0.37411489681439225,0.37411489681439225,False,True,True,True,False,0,2,0.0014513999922201037
control_concave__beta_4_8__n1000,control_concave,beta_4_8,1000,84,0.0,0.0,0.0,1.0,1.0,False,True,False,True,False,0,0,0.0015670000575482845
control_concave__beta_4_8__n1000,control_concave,beta_4_8,1000,85,0.0,0.0,0.0,0.7559821910402834,0.7559821910402834,False,True,True,True,False,0,2,0.0012538000009953976
control_concave__beta_4_8__n1000,control_concave,beta_4_8,1000,86,0.0,0.0,0.0,1.0,1.0,False,True,False,True,False,0,0,0.0012631999561563134
control_concave__beta_4_8__n1000,control_concave,beta_4_8,1000,87,0.0,0.0,0.0,1.0,1.0,False,True,False,True,False,0,0,0.0012367000454105437
control_concave__beta_4_8__n1000,control_concave,beta_4_8,1000,88,0.0,0.0,0.0,0.7559821910402834,0.7559821910402834,False,True,True,True,False,0,1,0.0012117000296711922
control_concave__beta_4_8__n1000,control_concave,beta_4_8,1000,89,0.0,0.0,0.0,0.19007631853104937,0.19007631853104937,False,True,True,False,False,0,1,0.0013100000214762986
control_concave__beta_4_8__n1000,control_concave,beta_4_8,1000,90,0.0,0.0,0.0,1.0,1.0,False,True,False,True,False,0,0,0.0014578999835066497
control_concave__beta_4_8__n1000,control_concave,beta_4_8,1000,91,0.0,0.0,0.0,1.0,1.0,False,True,False,True,False,0,0,0.0014661999884992838
control_concave__beta_4_8__n1000,control_concave,beta_4_8,1000,92,0.0,0.0,0.0,1.0,1.0,False,True,False,True,False,0,0,0.001268399995751679
control_concave__beta_4_8__n1000,control_concave,beta_4_8,1000,93,0.0,0.0,0.0,0.7559821910402834,0.7559821910402834,False,True,True,True,False,0,1,0.0014198000426404178
control_concave__beta_4_8__n1000,control_concave,beta_4_8,1000,94,0.0,0.0,0.0,1.0,1.0,False,True,False,True,False,0,0,0.0015348000451922417
control_concave__beta_4_8__n1000,control_concave,beta_4_8,1000,95,0.0,0.0,0.0,1.0,1.0,False,True,False,True,False,0,0,0.001451499992981553
control_concave__beta_4_8__n1000,control_concave,beta_4_8,1000,96,0.0,0.0,0.0,1.0,1.0,False,True,False,True,False,0,0,0.001504999992903322
control_concave__beta_4_8__n1000,control_concave,beta_4_8,1000,97,0.0,0.0,0.0,1.0,1.0,False,True,False,True,False,0,0,0.0013503999798558652
control_concave__beta_4_8__n1000,control_concave,beta_4_8,1000,98,0.0,0.0,0.0,1.0,1.0,False,True,False,True,False,0,0,0.0014399000210687518
control_concave__beta_4_8__n1000,control_concave,beta_4_8,1000,99,0.0,0.0,0.0,0.3503514615022955,0.3503514615022955,False,True,True,True,False,0,2,0.0013898999895900488
control_concave__beta_4_8__n1000,control_concave,beta_4_8,1000,100,0.0,0.0,0.0,1.0,1.0,False,True,False,True,False,0,0,0.0013637999654747546
control_concave__beta_4_8__n1000,control_concave,beta_4_8,1000,101,0.0,0.0,0.0,1.0,1.0,False,True,False,True,False,0,0,0.001366599986795336
control_concave__beta_4_8__n1000,control_concave,beta_4_8,1000,102,0.0,0.0,0.0,1.0,1.0,False,True,False,True,False,0,0,0.0014903999981470406
control_concave__beta_4_8__n1000,control_concave,beta_4_8,1000,103,0.0,0.0,0.0,1.0,1.0,False,True,False,True,False,0,0,0.0015377000090666115
control_concave__beta_4_8__n1000,control_concave,beta_4_8,1000,104,0.0,0.0,0.0,1.0,1.0,False,True,False,True,False,0,0,0.0013902999926358461
control_concave__beta_4_8__n1000,control_concave,beta_4_8,1000,105,0.0,0.0,0.0,1.0,1.0,False,True,False,True,False,0,0,0.001289099978748709
control_concave__beta_4_8__n1000,control_concave,beta_4_8,1000,106,0.0,0.0,0.0,1.0,1.0,False,True,False,True,False,0,0,0.0014599999994970858
control_concave__beta_4_8__n1000,control_concave,beta_4_8,1000,107,0.0,0.0,0.0,1.0,1.0,False,True,False,True,False,0,0,0.001443499990273267
control_concave__beta_4_8__n1000,control_concave,beta_4_8,1000,108,0.0,0.0,0.0,1.0,1.0,False,True,False,True,False,0,0,0.0013540000072680414
control_concave__beta_4_8__n1000,control_concave,beta_4_8,1000,109,0.0,0.0,0.0,1.0,1.0,False,True,False,True,False,0,0,0.0012285999837331474
control_concave__beta_4_8__n1000,control_concave,beta_4_8,1000,110,0.0,0.0,0.0,1.0,1.0,False,True,False,True,False,0,0,0.0011904000421054661
control_concave__beta_4_8__n1000,control_concave,beta_4_8,1000,111,0.0,0.0,0.0,0.7559821910402834,0.7559821910402834,False,True,True,True,False,0,3,0.0014112000353634357
control_concave__beta_4_8__n1000,control_concave,beta_4_8,1000,112,0.0,0.0,0.0,1.0,1.0,False,True,False,True,False,0,0,0.0013222999987192452
control_concave__beta_4_8__n1000,control_concave,beta_4_8,1000,113,0.0,0.0,0.0,1.0,1.0,False,True,False,True,False,0,0,0.0014386999537236989
control_concave__beta_4_8__n1000,control_concave,beta_4_8,1000,114,0.0,0.0,0.0,1.0,1.0,False,True,False,True,False,0,0,0.0016719999839551747
control_concave__beta_4_8__n1000,control_concave,beta_4_8,1000,115,0.0,0.0,0.0,1.0,1.0,False,True,False,True,False,0,0,0.0016039999900385737
control_concave__beta_4_8__n1000,control_concave,beta_4_8,1000,116,0.0,0.0,0.0,1.0,1.0,False,True,False,True,False,0,0,0.0013844000059179962
control_concave__beta_4_8__n1000,control_concave,beta_4_8,1000,117,0.0,0.0,0.0,1.0,1.0,False,True,False,True,False,0,0,0.001222899998538196
control_concave__beta_4_8__n1000,control_concave,beta_4_8,1000,118,0.0,0.0,0.0,1.0,1.0,False,True,False,True,False,0,0,0.0010787000064738095
control_concave__beta_4_8__n1000,control_concave,beta_4_8,1000,119,0.0,0.0,0.0,1.0,1.0,False,True,False,True,False,0,0,0.0012362999841570854
control_concave__beta_4_8__n1000,control_concave,beta_4_8,1000,120,0.0,0.0,0.0,1.0,1.0,False,True,False,True,False,0,0,0.0012427999754436314
control_concave__beta_4_8__n1000,control_concave,beta_4_8,1000,121,0.0,0.0,0.0,1.0,1.0,False,True,False,True,False,0,0,0.0012224999954923987
control_concave__beta_4_8__n1000,control_concave,beta_4_8,1000,122,0.0,0.0,0.0,1.0,1.0,False,True,False,True,False,0,0,0.0014652999816462398
control_concave__beta_4_8__n1000,control_concave,beta_4_8,1000,123,0.0,0.0,0.0,1.0,1.0,False,True,False,True,False,0,0,0.0014284999924711883
control_concave__beta_4_8__n1000,control_concave,beta_4_8,1000,124,0.0,0.0,0.0,0.42863617328301945,0.42863617328301945,False,True,True,True,False,0,1,0.0013265000307001173
control_concave__beta_4_8__n1000,control_concave,beta_4_8,1000,125,0.0,0.0,0.0,1.0,1.0,False,True,False,True,False,0,0,0.0015571999829262495
control_concave__beta_4_8__n1000,control_concave,beta_4_8,1000,126,0.0,0.0,0.0,1.0,1.0,False,True,False,True,False,0,0,0.0014750999980606139
control_concave__beta_4_8__n1000,control_concave,beta_4_8,1000,127,0.0,0.0,0.0,1.0,1.0,False,True,False,True,False,0,0,0.001374300045426935
control_concave__beta_4_8__n1000,control_concave,beta_4_8,1000,128,0.0,0.0,0.0,1.0,1.0,False,True,False,True,False,0,0,0.0013119999784976244
control_concave__beta_4_8__n1000,control_concave,beta_4_8,1000,129,0.0,0.0,0.0,0.7559821910402834,0.7559821910402834,False,True,True,True,False,0,2,0.0012765999999828637
control_concave__beta_4_8__n1000,control_concave,beta_4_8,1000,130,0.0,0.0,0.0,1.0,1.0,False,True,False,True,False,0,0,0.0012757000513374805
control_concave__beta_4_8__n1000,control_concave,beta_4_8,1000,131,0.0,0.0,0.0,1.0,1.0,False,True,False,True,False,0,0,0.001235300034750253
control_concave__beta_4_8__n1000,control_concave,beta_4_8,1000,132,0.0,0.0,0.0,0.7559821910402834,0.7559821910402834,False,True,True,True,False,0,1,0.001504999992903322
control_concave__beta_4_8__n1000,control_concave,beta_4_8,1000,133,0.0,0.0,0.409739326780148,1.0,0.590260673219852,False,False,True,False,False,1,0,0.0013881000340916216
control_concave__beta_4_8__n1000,control_concave,beta_4_8,1000,134,0.0,0.0,0.0,1.0,1.0,False,True,False,True,False,0,0,0.0011813000310212374
control_concave__beta_4_8__n1000,control_concave,beta_4_8,1000,135,0.0,0.0,0.0,1.0,1.0,False,True,False,True,False,0,0,0.001166399975772947
control_concave__beta_4_8__n1000,control_concave,beta_4_8,1000,136,0.0,0.0,0.0,1.0,1.0,False,True,False,True,False,0,0,0.0012392000062391162
control_concave__beta_4_8__n1000,control_concave,beta_4_8,1000,137,0.0,0.0,0.0,1.0,1.0,False,True,False,True,False,0,0,0.0012422999716363847
control_concave__beta_4_8__n1000,control_concave,beta_4_8,1000,138,0.0,0.0,0.0,1.0,1.0,False,True,False,True,False,0,0,0.0014553000219166279
control_concave__beta_4_8__n1000,control_concave,beta_4_8,1000,139,0.0,0.0,0.0,1.0,1.0,False,True,False,True,False,0,0,0.00149639998562634
control_concave__beta_4_8__n1000,control_concave,beta_4_8,1000,140,0.0,0.0,0.0,1.0,1.0,False,True,False,True,False,0,0,0.0013632000191137195
control_concave__beta_4_8__n1000,control_concave,beta_4_8,1000,141,0.0,0.0,0.0,1.0,1.0,False,True,False,True,False,0,0,0.001257200026884675
control_concave__beta_4_8__n1000,control_concave,beta_4_8,1000,142,0.0,0.0,0.0,1.0,1.0,False,True,False,True,False,0,0,0.0013287999900057912
control_concave__beta_4_8__n1000,control_concave,beta_4_8,1000,143,0.0,0.0,0.5291749007228916,1.0,0.47082509927710836,False,False,True,False,False,1,0,0.0014544000150635839
control_concave__beta_4_8__n1000,control_concave,beta_4_8,1000,144,0.0,0.0,0.0,0.7559821910402834,0.7559821910402834,False,True,True,True,False,0,2,0.0015047999913804233
control_concave__beta_4_8__n1000,control_concave,beta_4_8,1000,145,0.0,0.0,0.0,1.0,1.0,False,True,False,True,False,0,0,0.0014256000285968184
control_concave__beta_4_8__n1000,control_concave,beta_4_8,1000,146,0.0,0.0,0.0,1.0,1.0,False,True,False,True,False,0,0,0.0014052999904379249
control_concave__beta_4_8__n1000,control_concave,beta_4_8,1000,147,0.0,0.0,0.0,0.7559821910402834,0.7559821910402834,False,True,True,True,False,0,1,0.0014261000324040651
control_concave__beta_4_8__n1000,control_concave,beta_4_8,1000,148,0.0,0.0,0.0,1.0,1.0,False,True,False,True,False,0,0,0.0017142000142484903
control_concave__beta_4_8__n1000,control_concave,beta_4_8,1000,149,0.0,0.0,0.0,1.0,1.0,False,True,False,True,False,0,0,0.0014412000309675932
control_concave__beta_4_8__n1000,control_concave,beta_4_8,1000,150,0.0,0.0,0.0,0.7559821910402834,0.7559821910402834,False,True,True,True,False,0,1,0.0013472000136971474
control_concave__beta_4_8__n1000,control_concave,beta_4_8,1000,151,0.0,0.0,0.0,1.0,1.0,False,True,False,True,False,0,0,0.001291799999307841
control_concave__beta_4_8__n1000,control_concave,beta_4_8,1000,152,0.0,0.0,0.0,1.0,1.0,False,True,False,True,False,0,0,0.0013461000053212047
control_concave__beta_4_8__n1000,control_concave,beta_4_8,1000,153,0.0,0.0,0.0,1.0,1.0,False,True,False,True,False,0,0,0.0014732999843545258
control_concave__beta_4_8__n1000,control_concave,beta_4_8,1000,154,0.0,0.0,0.0,1.0,1.0,False,True,False,True,False,0,0,0.0016040000482462347
control_concave__beta_4_8__n1000,control_concave,beta_4_8,1000,155,0.0,0.0,0.0,1.0,1.0,False,True,False,True,False,0,0,0.001570700027514249
control_concave__beta_4_8__n1000,control_concave,beta_4_8,1000,156,0.0,0.0,0.0,1.0,1.0,False,True,False,True,False,0,0,0.0014964999863877892
control_concave__beta_4_8__n1000,control_concave,beta_4_8,1000,157,0.0,0.0,0.0,0.7559821910402834,0.7559821910402834,False,True,True,True,False,0,1,0.0015278999926522374
control_concave__beta_4_8__n1000,control_concave,beta_4_8,1000,158,0.0,0.0,0.0,1.0,1.0,False,True,False,True,False,0,0,0.001430800009984523
control_concave__beta_4_8__n1000,control_concave,beta_4_8,1000,159,0.0,0.0,0.0,1.0,1.0,False,True,False,True,False,0,0,0.0012657999759539962
control_concave__beta_4_8__n1000,control_concave,beta_4_8,1000,160,0.0,0.0,0.0,1.0,1.0,False,True,False,True,False,0,0,0.0015504999901168048
control_concave__beta_4_8__n1000,control_concave,beta_4_8,1000,161,0.0,0.0,0.0,1.0,1.0,False,True,False,True,False,0,0,0.0014040999813005328
control_concave__beta_4_8__n1000,control_concave,beta_4_8,1000,162,0.0,0.0,0.0,1.0,1.0,False,True,False,True,False,0,0,0.0012765999999828637
control_concave__beta_4_8__n1000,control_concave,beta_4_8,1000,163,0.0,0.0,0.0,1.0,1.0,False,True,False,True,False,0,0,0.0012398000108078122
control_concave__beta_4_8__n1000,control_concave,beta_4_8,1000,164,0.0,0.0,0.0,0.4891562371339472,0.4891562371339472,False,True,True,False,False,0,1,0.0011822999804280698
control_concave__beta_4_8__n1000,control_concave,beta_4_8,1000,165,0.0,0.0,0.0,1.0,1.0,False,True,False,True,False,0,0,0.001172300020698458
control_concave__beta_4_8__n1000,control_concave,beta_4_8,1000,166,0.0,0.0,0.0,1.0,1.0,False,True,False,True,False,0,0,0.0012268000282347202
control_concave__beta_4_8__n1000,control_concave,beta_4_8,1000,167,0.0,0.0,0.0,1.0,1.0,False,True,False,True,False,0,0,0.0012482000165618956
control_concave__beta_4_8__n1000,control_concave,beta_4_8,1000,168,0.0,0.0,0.0,1.0,1.0,False,True,False,True,False,0,0,0.0011904999846592546
control_concave__beta_4_8__n1000,control_concave,beta_4_8,1000,169,0.0,0.0,0.0,0.7559821910402834,0.7559821910402834,False,True,True,True,False,0,2,0.0014107999741099775
control_concave__beta_4_8__n1000,control_concave,beta_4_8,1000,170,0.0,0.0,0.0,1.0,1.0,False,True,False,True,False,0,0,0.001359499990940094
control_concave__beta_4_8__n1000,control_concave,beta_4_8,1000,171,0.0,0.0,0.0,0.37411489681439225,0.37411489681439225,False,True,True,True,False,0,2,0.0016432999982498586
control_concave__beta_4_8__n1000,control_concave,beta_4_8,1000,172,0.0,0.0,0.0,1.0,1.0,False,True,False,True,False,0,0,0.0013874999713152647
control_concave__beta_4_8__n1000,control_concave,beta_4_8,1000,173,0.0,0.0,0.0,0.7559821910402834,0.7559821910402834,False,True,True,True,False,0,1,0.001207799999974668
control_concave__beta_4_8__n1000,control_concave,beta_4_8,1000,174,0.0,0.0,0.0,1.0,1.0,False,True,False,True,False,0,0,0.0012015000102110207
control_concave__beta_4_8__n1000,control_concave,beta_4_8,1000,175,0.0,0.0,0.0,1.0,1.0,False,True,False,True,False,0,0,0.001199499994982034
control_concave__beta_4_8__n1000,control_concave,beta_4_8,1000,176,0.0,0.0,0.0,1.0,1.0,False,True,False,True,False,0,0,0.0013216999941505492
control_concave__beta_4_8__n1000,control_concave,beta_4_8,1000,177,0.0,0.0,0.0,1.0,1.0,False,True,False,True,False,0,0,0.0013473999570123851
control_concave__beta_4_8__n1000,control_concave,beta_4_8,1000,178,0.0,0.0,0.0,1.0,1.0,False,True,False,True,False,0,0,0.0014016999630257487
control_concave__beta_4_8__n1000,control_concave,beta_4_8,1000,179,0.0,0.0,0.0,1.0,1.0,False,True,False,True,False,0,0,0.0014532000059261918
control_concave__beta_4_8__n1000,control_concave,beta_4_8,1000,180,0.0,0.0,0.0,1.0,1.0,False,True,False,True,False,0,0,0.0017256999853998423
control_concave__beta_4_8__n1000,control_concave,beta_4_8,1000,181,0.0,0.0,0.0,0.7559821910402834,0.7559821910402834,False,True,True,True,False,0,1,0.0014598999987356365
control_concave__beta_4_8__n1000,control_concave,beta_4_8,1000,182,0.0,0.0,0.0,0.7559821910402834,0.7559821910402834,False,True,True,True,False,0,1,0.0012933000107295811
control_concave__beta_4_8__n1000,control_concave,beta_4_8,1000,183,0.0,0.0,0.0,1.0,1.0,False,True,False,True,False,0,0,0.001243600039742887
control_concave__beta_4_8__n1000,control_concave,beta_4_8,1000,184,0.0,0.0,0.0,0.7559821910402834,0.7559821910402834,False,True,True,True,False,0,1,0.0014297000016085804
control_concave__beta_4_8__n1000,control_concave,beta_4_8,1000,185,0.0,0.0,0.0,1.0,1.0,False,True,False,True,False,0,0,0.001547000021673739
control_concave__beta_4_8__n1000,control_concave,beta_4_8,1000,186,0.0,0.0,0.0,1.0,1.0,False,True,False,True,False,0,0,0.0014055999927222729
control_concave__beta_4_8__n1000,control_concave,beta_4_8,1000,187,0.0,0.0,0.0,1.0,1.0,False,True,False,True,False,0,0,0.0012117999722249806
control_concave__beta_4_8__n1000,control_concave,beta_4_8,1000,188,0.0,0.0,0.0,1.0,1.0,False,True,False,True,False,0,0,0.001311900035943836
control_concave__beta_4_8__n1000,control_concave,beta_4_8,1000,189,0.0,0.0,0.0,1.0,1.0,False,True,False,True,False,0,0,0.001289699983317405
control_concave__beta_4_8__n1000,control_concave,beta_4_8,1000,190,0.0,0.0,0.0,1.0,1.0,False,True,False,True,False,0,0,0.0013262999709695578
control_concave__beta_4_8__n1000,control_concave,beta_4_8,1000,191,0.0,0.0,0.0,1.0,1.0,False,True,False,True,False,0,0,0.0013766000047326088
control_concave__beta_4_8__n1000,control_concave,beta_4_8,1000,192,0.0,0.0,0.0,1.0,1.0,False,True,False,True,False,0,0,0.0016324999742209911
control_concave__beta_4_8__n1000,control_concave,beta_4_8,1000,193,0.0,0.0,0.0,1.0,1.0,False,True,False,True,False,0,0,0.0012022999580949545
control_concave__beta_4_8__n1000,control_concave,beta_4_8,1000,194,0.0,0.0,0.0,0.5781642472527635,0.5781642472527635,False,True,True,True,False,0,1,0.001271700020879507
control_concave__beta_4_8__n1000,control_concave,beta_4_8,1000,195,0.0,0.0,0.0,1.0,1.0,False,True,False,True,False,0,0,0.0011896000360138714
control_concave__beta_4_8__n1000,control_concave,beta_4_8,1000,196,0.0,0.0,0.0,1.0,1.0,False,True,False,True,False,0,0,0.0011972999782301486
control_concave__beta_4_8__n1000,control_concave,beta_4_8,1000,197,0.0,0.0,0.0,0.5781642472527635,0.5781642472527635,False,True,True,True,False,0,3,0.0014977999962866306
control_concave__beta_4_8__n1000,control_concave,beta_4_8,1000,198,0.0,0.0,0.0,1.0,1.0,False,True,False,True,False,0,0,0.0013004000065848231
control_concave__beta_4_8__n1000,control_concave,beta_4_8,1000,199,0.0,0.0,0.0,1.0,1.0,False,True,False,True,False,0,0,0.0012573000276461244
