condition,bearing_id,feature,family,spearman_progress,n_files
35Hz12kN,Bearing1_1,h_mean,standard,0.12992222465852368,123
35Hz12kN,Bearing1_1,h_std,standard,0.9622473591208678,123
35Hz12kN,Bearing1_1,h_variance,standard,0.9622473591208678,123
35Hz12kN,Bearing1_1,h_rms,standard,0.9625182185190441,123
35Hz12kN,Bearing1_1,h_peak,standard,0.8311062671705512,123
35Hz12kN,Bearing1_1,h_peak_to_peak,standard,0.8570313809959887,123
35Hz12kN,Bearing1_1,h_crest_factor,standard,-0.5314648334214701,123
35Hz12kN,Bearing1_1,h_shape_factor,standard,0.8964930156969471,123
35Hz12kN,Bearing1_1,h_impulse_factor,standard,-0.4465955553262566,123
35Hz12kN,Bearing1_1,h_clearance_factor,standard,-0.3841689130799293,123
35Hz12kN,Bearing1_1,h_kurtosis,standard,0.09400110923372587,123
35Hz12kN,Bearing1_1,h_skewness,standard,-0.7076395248352272,123
35Hz12kN,Bearing1_1,h_line_integral,standard,0.9703537939662845,123
35Hz12kN,Bearing1_1,h_zero_crossing_rate,standard,-0.4743819800827452,123
35Hz12kN,Bearing1_1,h_entropy,standard,0.4475564612864532,123
35Hz12kN,Bearing1_1,h_percentile_5,standard,-0.96424011040745,123
35Hz12kN,Bearing1_1,h_percentile_50,standard,0.7712914834066374,123
35Hz12kN,Bearing1_1,h_percentile_95,standard,0.9628213230836697,123
35Hz12kN,Bearing1_1,v_mean,standard,0.11722407811069122,123
35Hz12kN,Bearing1_1,v_std,standard,0.9643303968735087,123
35Hz12kN,Bearing1_1,v_variance,standard,0.9643303968735087,123
35Hz12kN,Bearing1_1,v_rms,standard,0.9648979118030208,123
35Hz12kN,Bearing1_1,v_peak,standard,0.8565348054326657,123
35Hz12kN,Bearing1_1,v_peak_to_peak,standard,0.8672273026273363,123
35Hz12kN,Bearing1_1,v_crest_factor,standard,-0.3567153783647832,123
35Hz12kN,Bearing1_1,v_shape_factor,standard,-0.3941520166127098,123
35Hz12kN,Bearing1_1,v_impulse_factor,standard,-0.36312571745495353,123
35Hz12kN,Bearing1_1,v_clearance_factor,standard,-0.36490565064296865,123
35Hz12kN,Bearing1_1,v_kurtosis,standard,-0.398356786317731,123
35Hz12kN,Bearing1_1,v_skewness,standard,-0.020694947827320686,123
35Hz12kN,Bearing1_1,v_line_integral,standard,0.9845868104371156,123
35Hz12kN,Bearing1_1,v_zero_crossing_rate,standard,-0.4827786349637954,123
35Hz12kN,Bearing1_1,v_entropy,standard,0.35874037481781484,123
35Hz12kN,Bearing1_1,v_percentile_5,standard,-0.9157949723336473,123
35Hz12kN,Bearing1_1,v_percentile_50,standard,0.1654886432523765,123
35Hz12kN,Bearing1_1,v_percentile_95,standard,0.9353161961022043,123
35Hz12kN,Bearing1_1,cross_correlation,standard,0.5425442726135353,123
35Hz12kN,Bearing1_1,h_spectral_centroid,standard,0.10975609756097561,123
35Hz12kN,Bearing1_1,h_spectral_bandwidth,standard,0.7490487675897384,123
35Hz12kN,Bearing1_1,h_spectral_rolloff,standard,0.820462302704803,123
35Hz12kN,Bearing1_1,h_spectral_flatness,standard,-0.8349305439114676,123
35Hz12kN,Bearing1_1,h_band_power_0_1k,standard,0.917458822922444,123
35Hz12kN,Bearing1_1,h_band_power_1_3k,standard,0.5617817389173363,123
35Hz12kN,Bearing1_1,h_band_power_3_6k,standard,0.9593388451071184,123
35Hz12kN,Bearing1_1,h_band_power_6_12k,standard,0.9379151565180379,123
35Hz12kN,Bearing1_1,h_dominant_frequency,standard,-0.639601437225154,123
35Hz12kN,Bearing1_1,h_mean_frequency,standard,-0.5120467941855517,123
35Hz12kN,Bearing1_1,h_bpfo_band_power,standard,0.4933059034450736,123
35Hz12kN,Bearing1_1,h_bpfi_band_power,standard,0.5938140872683185,123
35Hz12kN,Bearing1_1,h_bsf_band_power,standard,0.26717700016767487,123
35Hz12kN,Bearing1_1,h_ftf_band_power,standard,-0.46563310159807053,123
35Hz12kN,Bearing1_1,v_spectral_centroid,standard,0.12890972643200788,123
35Hz12kN,Bearing1_1,v_spectral_bandwidth,standard,0.6204356966890663,123
35Hz12kN,Bearing1_1,v_spectral_rolloff,standard,0.36828604130104514,123
35Hz12kN,Bearing1_1,v_spectral_flatness,standard,-0.7540016251563891,123
35Hz12kN,Bearing1_1,v_band_power_0_1k,standard,0.8299905844113968,123
35Hz12kN,Bearing1_1,v_band_power_1_3k,standard,0.501502624756549,123
35Hz12kN,Bearing1_1,v_band_power_3_6k,standard,0.7350608143839239,123
35Hz12kN,Bearing1_1,v_band_power_6_12k,standard,0.9674968722188544,123
35Hz12kN,Bearing1_1,v_dominant_frequency,standard,-0.6361891582801976,123
35Hz12kN,Bearing1_1,v_mean_frequency,standard,-0.4894364834711277,123
35Hz12kN,Bearing1_1,v_bpfo_band_power,standard,-0.7402522861823013,123
35Hz12kN,Bearing1_1,v_bpfi_band_power,standard,0.8848783067418196,123
35Hz12kN,Bearing1_1,v_bsf_band_power,standard,0.27728908436625355,123
35Hz12kN,Bearing1_1,v_ftf_band_power,standard,-0.26182430253704975,123
35Hz12kN,Bearing1_1,h_env_level_0_log1p_structure_count,hcrd_other,0.6852647942238466,123
35Hz12kN,Bearing1_1,h_env_level_0_knot_fraction,hcrd_other,0.6852647942238466,123
35Hz12kN,Bearing1_1,h_env_level_0_log1p_polygon_area,hcrd_exact_polygon_mass,0.9358192206988173,123
35Hz12kN,Bearing1_1,h_env_level_0_log1p_quadratic_energy,hcrd_other,0.9241271233442108,123
35Hz12kN,Bearing1_1,h_env_level_0_log1p_triangle_area,hcrd_other,0.9368768621583624,123
35Hz12kN,Bearing1_1,h_env_level_0_log1p_peak_amplitude,hcrd_other,0.8625066102591222,123
35Hz12kN,Bearing1_1,h_env_level_0_log1p_mean_amplitude,hcrd_other,0.9396048032399944,123
35Hz12kN,Bearing1_1,h_env_level_0_positive_area_fraction,hcrd_other,0.2792173453199365,123
35Hz12kN,Bearing1_1,h_env_level_0_sign_balance,hcrd_other,0.2792173453199365,123
35Hz12kN,Bearing1_1,h_env_level_0_area_concentration,hcrd_other,-0.7050083192529439,123
35Hz12kN,Bearing1_1,h_env_level_0_weighted_shape_factor,hcrd_other,-0.6791803931500707,123
35Hz12kN,Bearing1_1,h_env_level_0_mean_duration_fraction,hcrd_other,-0.6852647942238466,123
35Hz12kN,Bearing1_1,h_env_level_1_log1p_structure_count,hcrd_other,0.3252139123134597,123
35Hz12kN,Bearing1_1,h_env_level_1_knot_fraction,hcrd_other,0.3252139123134597,123
35Hz12kN,Bearing1_1,h_env_level_1_log1p_polygon_area,hcrd_exact_polygon_mass,0.9008009699346069,123
35Hz12kN,Bearing1_1,h_env_level_1_log1p_quadratic_energy,hcrd_other,0.8821052224271582,123
35Hz12kN,Bearing1_1,h_env_level_1_log1p_triangle_area,hcrd_other,0.9024906166565634,123
35Hz12kN,Bearing1_1,h_env_level_1_log1p_peak_amplitude,hcrd_other,0.8374585649611125,123
35Hz12kN,Bearing1_1,h_env_level_1_log1p_mean_amplitude,hcrd_other,0.9044188776102462,123
35Hz12kN,Bearing1_1,h_env_level_1_positive_area_fraction,hcrd_other,-0.17204731010821478,123
35Hz12kN,Bearing1_1,h_env_level_1_sign_balance,hcrd_other,-0.17204731010821478,123
35Hz12kN,Bearing1_1,h_env_level_1_area_concentration,hcrd_other,-0.11494756935935302,123
35Hz12kN,Bearing1_1,h_env_level_1_weighted_shape_factor,hcrd_other,0.6676942126375257,123
35Hz12kN,Bearing1_1,h_env_level_1_mean_duration_fraction,hcrd_other,-0.3252139123134597,123
35Hz12kN,Bearing1_1,h_env_level_2_log1p_structure_count,hcrd_other,-0.5238177814270505,123
35Hz12kN,Bearing1_1,h_env_level_2_knot_fraction,hcrd_other,-0.5238177814270505,123
35Hz12kN,Bearing1_1,h_env_level_2_log1p_polygon_area,hcrd_exact_polygon_mass,0.8992274058118688,123
35Hz12kN,Bearing1_1,h_env_level_2_log1p_quadratic_energy,hcrd_other,0.8974539216571437,123
35Hz12kN,Bearing1_1,h_env_level_2_log1p_triangle_area,hcrd_other,0.8952096580722549,123
35Hz12kN,Bearing1_1,h_env_level_2_log1p_peak_amplitude,hcrd_other,0.8517818678980021,123
35Hz12kN,Bearing1_1,h_env_level_2_log1p_mean_amplitude,hcrd_other,0.8909726432007842,123
35Hz12kN,Bearing1_1,h_env_level_2_positive_area_fraction,hcrd_other,-0.16565631811791415,123
35Hz12kN,Bearing1_1,h_env_level_2_sign_balance,hcrd_other,-0.16565631811791415,123
35Hz12kN,Bearing1_1,h_env_level_2_area_concentration,hcrd_other,-0.17732906837265094,123
35Hz12kN,Bearing1_1,h_env_level_2_weighted_shape_factor,hcrd_other,0.7199623371319385,123
35Hz12kN,Bearing1_1,h_env_level_2_mean_duration_fraction,hcrd_other,0.5296736845305062,123
35Hz12kN,Bearing1_1,h_env_level_3_log1p_structure_count,hcrd_other,-0.34610557659201596,123
35Hz12kN,Bearing1_1,h_env_level_3_knot_fraction,hcrd_other,-0.34610557659201596,123
35Hz12kN,Bearing1_1,h_env_level_3_log1p_polygon_area,hcrd_exact_polygon_mass,0.879396628445396,123
35Hz12kN,Bearing1_1,h_env_level_3_log1p_quadratic_energy,hcrd_other,0.8695940978447331,123
35Hz12kN,Bearing1_1,h_env_level_3_log1p_triangle_area,hcrd_other,0.8766686873637642,123
35Hz12kN,Bearing1_1,h_env_level_3_log1p_peak_amplitude,hcrd_other,0.849434419780475,123
35Hz12kN,Bearing1_1,h_env_level_3_log1p_mean_amplitude,hcrd_other,0.876043131134643,123
35Hz12kN,Bearing1_1,h_env_level_3_positive_area_fraction,hcrd_other,0.03145838438818021,123
35Hz12kN,Bearing1_1,h_env_level_3_sign_balance,hcrd_other,0.03145838438818021,123
35Hz12kN,Bearing1_1,h_env_level_3_area_concentration,hcrd_other,-0.17108640414801823,123
35Hz12kN,Bearing1_1,h_env_level_3_weighted_shape_factor,hcrd_other,-0.017610911906667578,123
35Hz12kN,Bearing1_1,h_env_level_3_mean_duration_fraction,hcrd_other,0.34610557659201596,123
35Hz12kN,Bearing1_1,h_env_level_4_log1p_structure_count,hcrd_other,-0.2935023848925081,123
35Hz12kN,Bearing1_1,h_env_level_4_knot_fraction,hcrd_other,-0.2935023848925081,123
35Hz12kN,Bearing1_1,h_env_level_4_log1p_polygon_area,hcrd_exact_polygon_mass,0.8227160748603785,123
35Hz12kN,Bearing1_1,h_env_level_4_log1p_quadratic_energy,hcrd_other,0.8130489739588036,123
35Hz12kN,Bearing1_1,h_env_level_4_log1p_triangle_area,hcrd_other,0.828049425391134,123
35Hz12kN,Bearing1_1,h_env_level_4_log1p_peak_amplitude,hcrd_other,0.7832092969263907,123
35Hz12kN,Bearing1_1,h_env_level_4_log1p_mean_amplitude,hcrd_other,0.8268757013323703,123
35Hz12kN,Bearing1_1,h_env_level_4_positive_area_fraction,hcrd_other,-0.08491455823255648,123
35Hz12kN,Bearing1_1,h_env_level_4_sign_balance,hcrd_other,-0.08491455823255648,123
35Hz12kN,Bearing1_1,h_env_level_4_area_concentration,hcrd_other,-0.03288362074525029,123
35Hz12kN,Bearing1_1,h_env_level_4_weighted_shape_factor,hcrd_other,0.11280255313349906,123
35Hz12kN,Bearing1_1,h_env_level_4_mean_duration_fraction,hcrd_other,0.2935023848925081,123
35Hz12kN,Bearing1_1,h_env_level_5_log1p_structure_count,hcrd_other,-0.23187263859237575,123
35Hz12kN,Bearing1_1,h_env_level_5_knot_fraction,hcrd_other,-0.23187263859237575,123
35Hz12kN,Bearing1_1,h_env_level_5_log1p_polygon_area,hcrd_exact_polygon_mass,0.7657775599437645,123
35Hz12kN,Bearing1_1,h_env_level_5_log1p_quadratic_energy,hcrd_other,0.7640621170886485,123
35Hz12kN,Bearing1_1,h_env_level_5_log1p_triangle_area,hcrd_other,0.769105261121358,123
35Hz12kN,Bearing1_1,h_env_level_5_log1p_peak_amplitude,hcrd_other,0.7509254362771022,123
35Hz12kN,Bearing1_1,h_env_level_5_log1p_mean_amplitude,hcrd_other,0.7723362267996028,123
35Hz12kN,Bearing1_1,h_env_level_5_positive_area_fraction,hcrd_other,0.07438342247814017,123
35Hz12kN,Bearing1_1,h_env_level_5_sign_balance,hcrd_other,0.07678045506121724,123
35Hz12kN,Bearing1_1,h_env_level_5_area_concentration,hcrd_other,0.009531671202486746,123
35Hz12kN,Bearing1_1,h_env_level_5_weighted_shape_factor,hcrd_other,0.07235974757232147,123
35Hz12kN,Bearing1_1,h_env_level_5_mean_duration_fraction,hcrd_other,0.23187263859237575,123
35Hz12kN,Bearing1_1,h_spec_level_0_log1p_structure_count,hcrd_other,0.381212647550521,123
35Hz12kN,Bearing1_1,h_spec_level_0_knot_fraction,hcrd_other,0.381212647550521,123
35Hz12kN,Bearing1_1,h_spec_level_0_log1p_polygon_area,hcrd_exact_polygon_mass,0.7566199326720925,123
35Hz12kN,Bearing1_1,h_spec_level_0_log1p_quadratic_energy,hcrd_other,0.7567940565709201,123
35Hz12kN,Bearing1_1,h_spec_level_0_log1p_triangle_area,hcrd_other,0.7572777340676633,123
35Hz12kN,Bearing1_1,h_spec_level_0_log1p_peak_amplitude,hcrd_other,0.7637074202577033,123
35Hz12kN,Bearing1_1,h_spec_level_0_log1p_mean_amplitude,hcrd_other,0.757722717364667,123
35Hz12kN,Bearing1_1,h_spec_level_0_positive_area_fraction,hcrd_other,0.03308354077723749,123
35Hz12kN,Bearing1_1,h_spec_level_0_sign_balance,hcrd_other,0.03308354077723749,123
35Hz12kN,Bearing1_1,h_spec_level_0_area_concentration,hcrd_other,0.46546542673253277,123
35Hz12kN,Bearing1_1,h_spec_level_0_weighted_shape_factor,hcrd_other,-0.6569307760766662,123
35Hz12kN,Bearing1_1,h_spec_level_0_mean_duration_fraction,hcrd_other,-0.381212647550521,123
35Hz12kN,Bearing1_1,h_spec_level_1_log1p_structure_count,hcrd_other,0.0989889443502108,123
35Hz12kN,Bearing1_1,h_spec_level_1_knot_fraction,hcrd_other,0.0989889443502108,123
35Hz12kN,Bearing1_1,h_spec_level_1_log1p_polygon_area,hcrd_exact_polygon_mass,-0.17459467825772917,123
35Hz12kN,Bearing1_1,h_spec_level_1_log1p_quadratic_energy,hcrd_other,-0.302433865163612,123
35Hz12kN,Bearing1_1,h_spec_level_1_log1p_triangle_area,hcrd_other,-0.23487379241851647,123
35Hz12kN,Bearing1_1,h_spec_level_1_log1p_peak_amplitude,hcrd_other,-0.6003534070242871,123
35Hz12kN,Bearing1_1,h_spec_level_1_log1p_mean_amplitude,hcrd_other,-0.17170551134384957,123
35Hz12kN,Bearing1_1,h_spec_level_1_positive_area_fraction,hcrd_other,-0.05560356502560266,123
35Hz12kN,Bearing1_1,h_spec_level_1_sign_balance,hcrd_other,-0.05560356502560266,123
35Hz12kN,Bearing1_1,h_spec_level_1_area_concentration,hcrd_other,-0.23041106138189887,123
35Hz12kN,Bearing1_1,h_spec_level_1_weighted_shape_factor,hcrd_other,0.2234267583289265,123
35Hz12kN,Bearing1_1,h_spec_level_1_mean_duration_fraction,hcrd_other,-0.1022750317676282,123
35Hz12kN,Bearing1_1,h_spec_level_2_log1p_structure_count,hcrd_other,0.06380118207416982,123
35Hz12kN,Bearing1_1,h_spec_level_2_knot_fraction,hcrd_other,0.06380118207416982,123
35Hz12kN,Bearing1_1,h_spec_level_2_log1p_polygon_area,hcrd_exact_polygon_mass,-0.16167726457803974,123
35Hz12kN,Bearing1_1,h_spec_level_2_log1p_quadratic_energy,hcrd_other,-0.3903793321381125,123
35Hz12kN,Bearing1_1,h_spec_level_2_log1p_triangle_area,hcrd_other,-0.16718473900762276,123
35Hz12kN,Bearing1_1,h_spec_level_2_log1p_peak_amplitude,hcrd_other,-0.5986444132024611,123
35Hz12kN,Bearing1_1,h_spec_level_2_log1p_mean_amplitude,hcrd_other,-0.19303891346687133,123
35Hz12kN,Bearing1_1,h_spec_level_2_positive_area_fraction,hcrd_other,0.21651339464214314,123
35Hz12kN,Bearing1_1,h_spec_level_2_sign_balance,hcrd_other,0.21651339464214314,123
35Hz12kN,Bearing1_1,h_spec_level_2_area_concentration,hcrd_other,-0.2881621544930415,123
35Hz12kN,Bearing1_1,h_spec_level_2_weighted_shape_factor,hcrd_other,-0.09116353458616554,123
35Hz12kN,Bearing1_1,h_spec_level_2_mean_duration_fraction,hcrd_other,-0.0625696898931617,123
35Hz12kN,Bearing1_1,h_spec_level_3_log1p_structure_count,hcrd_other,0.05606219140576741,123
35Hz12kN,Bearing1_1,h_spec_level_3_knot_fraction,hcrd_other,0.05606219140576741,123
35Hz12kN,Bearing1_1,h_spec_level_3_log1p_polygon_area,hcrd_exact_polygon_mass,-0.1385058879673937,123
35Hz12kN,Bearing1_1,h_spec_level_3_log1p_quadratic_energy,hcrd_other,-0.2118378455069585,123
35Hz12kN,Bearing1_1,h_spec_level_3_log1p_triangle_area,hcrd_other,-0.15720163547484234,123
35Hz12kN,Bearing1_1,h_spec_level_3_log1p_peak_amplitude,hcrd_other,-0.4123963317898647,123
35Hz12kN,Bearing1_1,h_spec_level_3_log1p_mean_amplitude,hcrd_other,-0.1880473617004811,123
35Hz12kN,Bearing1_1,h_spec_level_3_positive_area_fraction,hcrd_other,0.41695579832583096,123
35Hz12kN,Bearing1_1,h_spec_level_3_sign_balance,hcrd_other,0.41695579832583096,123
35Hz12kN,Bearing1_1,h_spec_level_3_area_concentration,hcrd_other,-0.020495027795333482,123
35Hz12kN,Bearing1_1,h_spec_level_3_weighted_shape_factor,hcrd_other,0.08591143590614626,123
35Hz12kN,Bearing1_1,h_spec_level_3_mean_duration_fraction,hcrd_other,-0.055797429591384,123
35Hz12kN,Bearing1_1,h_spec_level_4_log1p_structure_count,hcrd_other,0.06271262724342466,123
35Hz12kN,Bearing1_1,h_spec_level_4_knot_fraction,hcrd_other,0.06271262724342466,123
35Hz12kN,Bearing1_1,h_spec_level_4_log1p_polygon_area,hcrd_exact_polygon_mass,0.055306909494266816,123
35Hz12kN,Bearing1_1,h_spec_level_4_log1p_quadratic_energy,hcrd_other,0.04346003534070243,123
35Hz12kN,Bearing1_1,h_spec_level_4_log1p_triangle_area,hcrd_other,0.09403335440017542,123
35Hz12kN,Bearing1_1,h_spec_level_4_log1p_peak_amplitude,hcrd_other,0.18605461041389898,123
35Hz12kN,Bearing1_1,h_spec_level_4_log1p_mean_amplitude,hcrd_other,0.15929757129406305,123
35Hz12kN,Bearing1_1,h_spec_level_4_positive_area_fraction,hcrd_other,-0.1276498320636318,123
35Hz12kN,Bearing1_1,h_spec_level_4_sign_balance,hcrd_other,-0.1276498320636318,123
35Hz12kN,Bearing1_1,h_spec_level_4_area_concentration,hcrd_other,-0.1897370084224375,123
35Hz12kN,Bearing1_1,h_spec_level_4_weighted_shape_factor,hcrd_other,-0.18743400269907418,123
35Hz12kN,Bearing1_1,h_spec_level_4_mean_duration_fraction,hcrd_other,-0.06271262724342466,123
35Hz12kN,Bearing1_1,h_spec_level_5_log1p_structure_count,hcrd_other,0.023256815212692305,123
35Hz12kN,Bearing1_1,h_spec_level_5_knot_fraction,hcrd_other,0.023256815212692305,123
35Hz12kN,Bearing1_1,h_spec_level_5_log1p_polygon_area,hcrd_exact_polygon_mass,-0.11775934787375374,123
35Hz12kN,Bearing1_1,h_spec_level_5_log1p_quadratic_energy,hcrd_other,-0.16080664508390194,123
35Hz12kN,Bearing1_1,h_spec_level_5_log1p_triangle_area,hcrd_other,-0.10404225406611549,123
35Hz12kN,Bearing1_1,h_spec_level_5_log1p_peak_amplitude,hcrd_other,-0.23611845584346905,123
35Hz12kN,Bearing1_1,h_spec_level_5_log1p_mean_amplitude,hcrd_other,-0.15163611974565014,123
35Hz12kN,Bearing1_1,h_spec_level_5_positive_area_fraction,hcrd_other,0.28406678828226967,123
35Hz12kN,Bearing1_1,h_spec_level_5_sign_balance,hcrd_other,0.28406678828226967,123
35Hz12kN,Bearing1_1,h_spec_level_5_area_concentration,hcrd_other,0.04348912610626905,123
35Hz12kN,Bearing1_1,h_spec_level_5_weighted_shape_factor,hcrd_other,0.0314605012947631,123
35Hz12kN,Bearing1_1,h_spec_level_5_mean_duration_fraction,hcrd_other,-0.023256815212692305,123
35Hz12kN,Bearing1_1,v_env_level_0_log1p_structure_count,hcrd_other,0.6357209164585725,123
35Hz12kN,Bearing1_1,v_env_level_0_knot_fraction,hcrd_other,0.6357209164585725,123
35Hz12kN,Bearing1_1,v_env_level_0_log1p_polygon_area,hcrd_exact_polygon_mass,0.8983116430847016,123
35Hz12kN,Bearing1_1,v_env_level_0_log1p_quadratic_energy,hcrd_other,0.9115902026286261,123
35Hz12kN,Bearing1_1,v_env_level_0_log1p_triangle_area,hcrd_other,0.8968864067276315,123
35Hz12kN,Bearing1_1,v_env_level_0_log1p_peak_amplitude,hcrd_other,0.8772362022932764,123
35Hz12kN,Bearing1_1,v_env_level_0_log1p_mean_amplitude,hcrd_other,0.88841237698469,123
35Hz12kN,Bearing1_1,v_env_level_0_positive_area_fraction,hcrd_other,0.014987553365750476,123
35Hz12kN,Bearing1_1,v_env_level_0_sign_balance,hcrd_other,0.014987553365750476,123
35Hz12kN,Bearing1_1,v_env_level_0_area_concentration,hcrd_other,-0.5909249203544389,123
35Hz12kN,Bearing1_1,v_env_level_0_weighted_shape_factor,hcrd_other,-0.6184976933819453,123
35Hz12kN,Bearing1_1,v_env_level_0_mean_duration_fraction,hcrd_other,-0.6340199129719756,123
35Hz12kN,Bearing1_1,v_env_level_1_log1p_structure_count,hcrd_other,0.47706041996508447,123
35Hz12kN,Bearing1_1,v_env_level_1_knot_fraction,hcrd_other,0.47706041996508447,123
35Hz12kN,Bearing1_1,v_env_level_1_log1p_polygon_area,hcrd_exact_polygon_mass,0.8978408636545382,123
35Hz12kN,Bearing1_1,v_env_level_1_log1p_quadratic_energy,hcrd_other,0.8969960402935602,123
35Hz12kN,Bearing1_1,v_env_level_1_log1p_triangle_area,hcrd_other,0.9032773987179323,123
35Hz12kN,Bearing1_1,v_env_level_1_log1p_peak_amplitude,hcrd_other,0.8743728315125563,123
35Hz12kN,Bearing1_1,v_env_level_1_log1p_mean_amplitude,hcrd_other,0.9091911622447796,123
35Hz12kN,Bearing1_1,v_env_level_1_positive_area_fraction,hcrd_other,-0.011743689620925825,123
35Hz12kN,Bearing1_1,v_env_level_1_sign_balance,hcrd_other,-0.011743689620925825,123
35Hz12kN,Bearing1_1,v_env_level_1_area_concentration,hcrd_other,-0.047748642478492476,123
35Hz12kN,Bearing1_1,v_env_level_1_weighted_shape_factor,hcrd_other,0.1984689994969754,123
35Hz12kN,Bearing1_1,v_env_level_1_mean_duration_fraction,hcrd_other,-0.47706041996508447,123
35Hz12kN,Bearing1_1,v_env_level_2_log1p_structure_count,hcrd_other,-0.09150749298637591,123
35Hz12kN,Bearing1_1,v_env_level_2_knot_fraction,hcrd_other,-0.09150749298637591,123
35Hz12kN,Bearing1_1,v_env_level_2_log1p_polygon_area,hcrd_exact_polygon_mass,0.8952225561388347,123
35Hz12kN,Bearing1_1,v_env_level_2_log1p_quadratic_energy,hcrd_other,0.8944551211773357,123
35Hz12kN,Bearing1_1,v_env_level_2_log1p_triangle_area,hcrd_other,0.8957320297687378,123
35Hz12kN,Bearing1_1,v_env_level_2_log1p_peak_amplitude,hcrd_other,0.8672144045607564,123
35Hz12kN,Bearing1_1,v_env_level_2_log1p_mean_amplitude,hcrd_other,0.898202009518773,123
35Hz12kN,Bearing1_1,v_env_level_2_positive_area_fraction,hcrd_other,-0.1666107750448208,123
35Hz12kN,Bearing1_1,v_env_level_2_sign_balance,hcrd_other,-0.1666107750448208,123
35Hz12kN,Bearing1_1,v_env_level_2_area_concentration,hcrd_other,0.04836774967432382,123
35Hz12kN,Bearing1_1,v_env_level_2_weighted_shape_factor,hcrd_other,0.5398184861218772,123
35Hz12kN,Bearing1_1,v_env_level_2_mean_duration_fraction,hcrd_other,0.09104434912484627,123
35Hz12kN,Bearing1_1,v_env_level_3_log1p_structure_count,hcrd_other,0.04047515181944054,123
35Hz12kN,Bearing1_1,v_env_level_3_knot_fraction,hcrd_other,0.04047515181944054,123
35Hz12kN,Bearing1_1,v_env_level_3_log1p_polygon_area,hcrd_exact_polygon_mass,0.8626291418916305,123
35Hz12kN,Bearing1_1,v_env_level_3_log1p_quadratic_energy,hcrd_other,0.8738762559492331,123
35Hz12kN,Bearing1_1,v_env_level_3_log1p_triangle_area,hcrd_other,0.8662534986005599,123
35Hz12kN,Bearing1_1,v_env_level_3_log1p_peak_amplitude,hcrd_other,0.8529749390566355,123
35Hz12kN,Bearing1_1,v_env_level_3_log1p_mean_amplitude,hcrd_other,0.8655505539719596,123
35Hz12kN,Bearing1_1,v_env_level_3_positive_area_fraction,hcrd_other,0.07793656730856045,123
35Hz12kN,Bearing1_1,v_env_level_3_sign_balance,hcrd_other,0.07793656730856045,123
35Hz12kN,Bearing1_1,v_env_level_3_area_concentration,hcrd_other,-0.11061381898853363,123
35Hz12kN,Bearing1_1,v_env_level_3_weighted_shape_factor,hcrd_other,-0.04466490391192499,123
35Hz12kN,Bearing1_1,v_env_level_3_mean_duration_fraction,hcrd_other,-0.04047515181944054,123
35Hz12kN,Bearing1_1,v_env_level_4_log1p_structure_count,hcrd_other,0.10639633365141968,123
35Hz12kN,Bearing1_1,v_env_level_4_knot_fraction,hcrd_other,0.10639633365141968,123
35Hz12kN,Bearing1_1,v_env_level_4_log1p_polygon_area,hcrd_exact_polygon_mass,0.7968361042679702,123
35Hz12kN,Bearing1_1,v_env_level_4_log1p_quadratic_energy,hcrd_other,0.81188814796662,123
35Hz12kN,Bearing1_1,v_env_level_4_log1p_triangle_area,hcrd_other,0.8076962763281784,123
35Hz12kN,Bearing1_1,v_env_level_4_log1p_peak_amplitude,hcrd_other,0.8431466123228128,123
35Hz12kN,Bearing1_1,v_env_level_4_log1p_mean_amplitude,hcrd_other,0.8137583676206936,123
35Hz12kN,Bearing1_1,v_env_level_4_positive_area_fraction,hcrd_other,0.11697976925453343,123
35Hz12kN,Bearing1_1,v_env_level_4_sign_balance,hcrd_other,0.11691148848780285,123
35Hz12kN,Bearing1_1,v_env_level_4_area_concentration,hcrd_other,-0.03447008293456811,123
35Hz12kN,Bearing1_1,v_env_level_4_weighted_shape_factor,hcrd_other,-0.1250446466187209,123
35Hz12kN,Bearing1_1,v_env_level_4_mean_duration_fraction,hcrd_other,-0.10639633365141968,123
35Hz12kN,Bearing1_1,v_env_level_5_log1p_structure_count,hcrd_other,0.15039270110584205,123
35Hz12kN,Bearing1_1,v_env_level_5_knot_fraction,hcrd_other,0.15039270110584205,123
35Hz12kN,Bearing1_1,v_env_level_5_log1p_polygon_area,hcrd_exact_polygon_mass,0.7254388567153784,123
35Hz12kN,Bearing1_1,v_env_level_5_log1p_quadratic_energy,hcrd_other,0.7282957784628085,123
35Hz12kN,Bearing1_1,v_env_level_5_log1p_triangle_area,hcrd_other,0.7393300744218443,123
35Hz12kN,Bearing1_1,v_env_level_5_log1p_peak_amplitude,hcrd_other,0.7371631992364345,123
35Hz12kN,Bearing1_1,v_env_level_5_log1p_mean_amplitude,hcrd_other,0.7258515948459326,123
35Hz12kN,Bearing1_1,v_env_level_5_positive_area_fraction,hcrd_other,-0.05796189742089051,123
35Hz12kN,Bearing1_1,v_env_level_5_sign_balance,hcrd_other,-0.05796189742089051,123
35Hz12kN,Bearing1_1,v_env_level_5_area_concentration,hcrd_other,-0.03488927009841225,123
35Hz12kN,Bearing1_1,v_env_level_5_weighted_shape_factor,hcrd_other,-0.05184121838992579,123
35Hz12kN,Bearing1_1,v_env_level_5_mean_duration_fraction,hcrd_other,-0.15039270110584205,123
35Hz12kN,Bearing1_1,v_spec_level_0_log1p_structure_count,hcrd_other,0.11186554926171163,123
35Hz12kN,Bearing1_1,v_spec_level_0_knot_fraction,hcrd_other,0.11186554926171163,123
35Hz12kN,Bearing1_1,v_spec_level_0_log1p_polygon_area,hcrd_exact_polygon_mass,0.5988894764674776,123
35Hz12kN,Bearing1_1,v_spec_level_0_log1p_quadratic_energy,hcrd_other,0.6074666907430577,123
35Hz12kN,Bearing1_1,v_spec_level_0_log1p_triangle_area,hcrd_other,0.585269118159188,123
35Hz12kN,Bearing1_1,v_spec_level_0_log1p_peak_amplitude,hcrd_other,0.5344636339012783,123
35Hz12kN,Bearing1_1,v_spec_level_0_log1p_mean_amplitude,hcrd_other,0.582192929279901,123
35Hz12kN,Bearing1_1,v_spec_level_0_positive_area_fraction,hcrd_other,0.3116753298680528,123
35Hz12kN,Bearing1_1,v_spec_level_0_sign_balance,hcrd_other,0.3116753298680528,123
35Hz12kN,Bearing1_1,v_spec_level_0_area_concentration,hcrd_other,-0.006855322387174163,123
35Hz12kN,Bearing1_1,v_spec_level_0_weighted_shape_factor,hcrd_other,-0.44888496214417467,123
35Hz12kN,Bearing1_1,v_spec_level_0_mean_duration_fraction,hcrd_other,-0.11186554926171163,123
35Hz12kN,Bearing1_1,v_spec_level_1_log1p_structure_count,hcrd_other,0.19260154499156584,123
35Hz12kN,Bearing1_1,v_spec_level_1_knot_fraction,hcrd_other,0.19260154499156584,123
35Hz12kN,Bearing1_1,v_spec_level_1_log1p_polygon_area,hcrd_exact_polygon_mass,0.09180843791515653,123
35Hz12kN,Bearing1_1,v_spec_level_1_log1p_quadratic_energy,hcrd_other,0.3381937547561621,123
35Hz12kN,Bearing1_1,v_spec_level_1_log1p_triangle_area,hcrd_other,0.12028736892339839,123
35Hz12kN,Bearing1_1,v_spec_level_1_log1p_peak_amplitude,hcrd_other,0.2816034876372032,123
35Hz12kN,Bearing1_1,v_spec_level_1_log1p_mean_amplitude,hcrd_other,0.14570300911893308,123
35Hz12kN,Bearing1_1,v_spec_level_1_positive_area_fraction,hcrd_other,-0.05705459751583238,123
35Hz12kN,Bearing1_1,v_spec_level_1_sign_balance,hcrd_other,-0.05705459751583238,123
35Hz12kN,Bearing1_1,v_spec_level_1_area_concentration,hcrd_other,0.1807793011827527,123
35Hz12kN,Bearing1_1,v_spec_level_1_weighted_shape_factor,hcrd_other,-0.11179399208058713,123
35Hz12kN,Bearing1_1,v_spec_level_1_mean_duration_fraction,hcrd_other,-0.17526119879524235,123
35Hz12kN,Bearing1_1,v_spec_level_2_log1p_structure_count,hcrd_other,-0.03516237649254735,123
35Hz12kN,Bearing1_1,v_spec_level_2_knot_fraction,hcrd_other,-0.03516237649254735,123
35Hz12kN,Bearing1_1,v_spec_level_2_log1p_polygon_area,hcrd_exact_polygon_mass,-0.1760005675149295,123
35Hz12kN,Bearing1_1,v_spec_level_2_log1p_quadratic_energy,hcrd_other,-0.028653054907069434,123
35Hz12kN,Bearing1_1,v_spec_level_2_log1p_triangle_area,hcrd_other,-0.190201338819311,123
35Hz12kN,Bearing1_1,v_spec_level_2_log1p_peak_amplitude,hcrd_other,0.14667681314570946,123
35Hz12kN,Bearing1_1,v_spec_level_2_log1p_mean_amplitude,hcrd_other,-0.24065212624627572,123
35Hz12kN,Bearing1_1,v_spec_level_2_positive_area_fraction,hcrd_other,0.0102862080974062,123
35Hz12kN,Bearing1_1,v_spec_level_2_sign_balance,hcrd_other,0.0102862080974062,123
35Hz12kN,Bearing1_1,v_spec_level_2_area_concentration,hcrd_other,0.19482529568817636,123
35Hz12kN,Bearing1_1,v_spec_level_2_weighted_shape_factor,hcrd_other,0.014136280971482377,123
35Hz12kN,Bearing1_1,v_spec_level_2_mean_duration_fraction,hcrd_other,0.03582410854872928,123
35Hz12kN,Bearing1_1,v_spec_level_3_log1p_structure_count,hcrd_other,-0.2864647736096345,123
35Hz12kN,Bearing1_1,v_spec_level_3_knot_fraction,hcrd_other,-0.2864647736096345,123
35Hz12kN,Bearing1_1,v_spec_level_3_log1p_polygon_area,hcrd_exact_polygon_mass,-0.023339051476183724,123
35Hz12kN,Bearing1_1,v_spec_level_3_log1p_quadratic_energy,hcrd_other,-0.046246017721943485,123
35Hz12kN,Bearing1_1,v_spec_level_3_log1p_triangle_area,hcrd_other,-0.10459687092904774,123
35Hz12kN,Bearing1_1,v_spec_level_3_log1p_peak_amplitude,hcrd_other,-0.3428112625917375,123
35Hz12kN,Bearing1_1,v_spec_level_3_log1p_mean_amplitude,hcrd_other,-0.16737176097303014,123
35Hz12kN,Bearing1_1,v_spec_level_3_positive_area_fraction,hcrd_other,0.597922121473991,123
35Hz12kN,Bearing1_1,v_spec_level_3_sign_balance,hcrd_other,0.597922121473991,123
35Hz12kN,Bearing1_1,v_spec_level_3_area_concentration,hcrd_other,0.30006706994621507,123
35Hz12kN,Bearing1_1,v_spec_level_3_weighted_shape_factor,hcrd_other,0.3967491327146963,123
35Hz12kN,Bearing1_1,v_spec_level_3_mean_duration_fraction,hcrd_other,0.2891730585913176,123
35Hz12kN,Bearing1_1,v_spec_level_4_log1p_structure_count,hcrd_other,-0.34549732631500557,123
35Hz12kN,Bearing1_1,v_spec_level_4_knot_fraction,hcrd_other,-0.34549732631500557,123
35Hz12kN,Bearing1_1,v_spec_level_4_log1p_polygon_area,hcrd_exact_polygon_mass,-0.11361906850163161,123
35Hz12kN,Bearing1_1,v_spec_level_4_log1p_quadratic_energy,hcrd_other,-0.09491042292760316,123
35Hz12kN,Bearing1_1,v_spec_level_4_log1p_triangle_area,hcrd_other,-0.11181333918045686,123
35Hz12kN,Bearing1_1,v_spec_level_4_log1p_peak_amplitude,hcrd_other,-0.03560511279359224,123
35Hz12kN,Bearing1_1,v_spec_level_4_log1p_mean_amplitude,hcrd_other,-0.06377449020391843,123
35Hz12kN,Bearing1_1,v_spec_level_4_positive_area_fraction,hcrd_other,0.33669221567101715,123
35Hz12kN,Bearing1_1,v_spec_level_4_sign_balance,hcrd_other,0.33669221567101715,123
35Hz12kN,Bearing1_1,v_spec_level_4_area_concentration,hcrd_other,0.11875894803368976,123
35Hz12kN,Bearing1_1,v_spec_level_4_weighted_shape_factor,hcrd_other,0.019192065638074855,123
35Hz12kN,Bearing1_1,v_spec_level_4_mean_duration_fraction,hcrd_other,0.3510557947368387,123
35Hz12kN,Bearing1_1,v_spec_level_5_log1p_structure_count,hcrd_other,-0.06266741864426566,123
35Hz12kN,Bearing1_1,v_spec_level_5_knot_fraction,hcrd_other,-0.06266741864426566,123
35Hz12kN,Bearing1_1,v_spec_level_5_log1p_polygon_area,hcrd_exact_polygon_mass,-0.2427351639989166,123
35Hz12kN,Bearing1_1,v_spec_level_5_log1p_quadratic_energy,hcrd_other,-0.2420322193703164,123
35Hz12kN,Bearing1_1,v_spec_level_5_log1p_triangle_area,hcrd_other,-0.2107221627478041,123
35Hz12kN,Bearing1_1,v_spec_level_5_log1p_peak_amplitude,hcrd_other,-0.18549999355096675,123
35Hz12kN,Bearing1_1,v_spec_level_5_log1p_mean_amplitude,hcrd_other,-0.15827862403425727,123
35Hz12kN,Bearing1_1,v_spec_level_5_positive_area_fraction,hcrd_other,0.055035412801486626,123
35Hz12kN,Bearing1_1,v_spec_level_5_sign_balance,hcrd_other,0.055035412801486626,123
35Hz12kN,Bearing1_1,v_spec_level_5_area_concentration,hcrd_other,0.012240659892728396,123
35Hz12kN,Bearing1_1,v_spec_level_5_weighted_shape_factor,hcrd_other,-0.17233328945081297,123
35Hz12kN,Bearing1_1,v_spec_level_5_mean_duration_fraction,hcrd_other,0.06266741864426566,123
35Hz12kN,Bearing1_2,h_mean,standard,0.17043938348286178,161
35Hz12kN,Bearing1_2,h_std,standard,0.881326201978376,161
35Hz12kN,Bearing1_2,h_variance,standard,0.881326201978376,161
35Hz12kN,Bearing1_2,h_rms,standard,0.8813348286174374,161
35Hz12kN,Bearing1_2,h_peak,standard,0.9065734989648034,161
35Hz12kN,Bearing1_2,h_peak_to_peak,standard,0.9227110651023694,161
35Hz12kN,Bearing1_2,h_crest_factor,standard,0.15614791810443987,161
35Hz12kN,Bearing1_2,h_shape_factor,standard,0.04208362088796872,161
35Hz12kN,Bearing1_2,h_impulse_factor,standard,0.15838509316770188,161
35Hz12kN,Bearing1_2,h_clearance_factor,standard,0.1564786059351277,161
35Hz12kN,Bearing1_2,h_kurtosis,standard,0.11122900851161724,161
35Hz12kN,Bearing1_2,h_skewness,standard,-0.12701000690131128,161
35Hz12kN,Bearing1_2,h_line_integral,standard,0.976043823326432,161
35Hz12kN,Bearing1_2,h_zero_crossing_rate,standard,-0.29576825888827946,161
35Hz12kN,Bearing1_2,h_entropy,standard,-0.16185587761674722,161
35Hz12kN,Bearing1_2,h_percentile_5,standard,-0.8729123533471361,161
35Hz12kN,Bearing1_2,h_percentile_50,standard,-0.14711295146077757,161
35Hz12kN,Bearing1_2,h_percentile_95,standard,0.876360133425351,161
35Hz12kN,Bearing1_2,v_mean,standard,0.09789797561536694,161
35Hz12kN,Bearing1_2,v_std,standard,0.9008022774327124,161
35Hz12kN,Bearing1_2,v_variance,standard,0.9008022774327124,161
35Hz12kN,Bearing1_2,v_rms,standard,0.9008626639061422,161
35Hz12kN,Bearing1_2,v_peak,standard,0.923257418909593,161
35Hz12kN,Bearing1_2,v_peak_to_peak,standard,0.9265441683919946,161
35Hz12kN,Bearing1_2,v_crest_factor,standard,-0.41672705314009667,161
35Hz12kN,Bearing1_2,v_shape_factor,standard,-0.5194444444444445,161
35Hz12kN,Bearing1_2,v_impulse_factor,standard,-0.45915573959052225,161
35Hz12kN,Bearing1_2,v_clearance_factor,standard,-0.4777950310559006,161
35Hz12kN,Bearing1_2,v_kurtosis,standard,-0.6017742121002992,161
35Hz12kN,Bearing1_2,v_skewness,standard,-0.3773636991028296,161
35Hz12kN,Bearing1_2,v_line_integral,standard,0.9832959512307339,161
35Hz12kN,Bearing1_2,v_zero_crossing_rate,standard,-0.5411192640897879,161
35Hz12kN,Bearing1_2,v_entropy,standard,0.46603979756153674,161
35Hz12kN,Bearing1_2,v_percentile_5,standard,-0.8927277432712216,161
35Hz12kN,Bearing1_2,v_percentile_50,standard,0.4537957211870256,161
35Hz12kN,Bearing1_2,v_percentile_95,standard,0.8985564757303889,161
35Hz12kN,Bearing1_2,cross_correlation,standard,0.4333879687140557,161
35Hz12kN,Bearing1_2,h_spectral_centroid,standard,0.6678513917644353,161
35Hz12kN,Bearing1_2,h_spectral_bandwidth,standard,0.6022659305268001,161
35Hz12kN,Bearing1_2,h_spectral_rolloff,standard,0.6873898750152634,161
35Hz12kN,Bearing1_2,h_spectral_flatness,standard,-0.45554405337014037,161
35Hz12kN,Bearing1_2,h_band_power_0_1k,standard,0.6729468599033818,161
35Hz12kN,Bearing1_2,h_band_power_1_3k,standard,0.8246376811594204,161
35Hz12kN,Bearing1_2,h_band_power_3_6k,standard,0.9474033816425121,161
35Hz12kN,Bearing1_2,h_band_power_6_12k,standard,0.973122268230964,161
35Hz12kN,Bearing1_2,h_dominant_frequency,standard,-0.3163002420784193,161
35Hz12kN,Bearing1_2,h_mean_frequency,standard,-0.017822636300897175,161
35Hz12kN,Bearing1_2,h_bpfo_band_power,standard,0.816453876236485,161
35Hz12kN,Bearing1_2,h_bpfi_band_power,standard,0.8389665286404419,161
35Hz12kN,Bearing1_2,h_bsf_band_power,standard,0.32361973775017255,161
35Hz12kN,Bearing1_2,h_ftf_band_power,standard,0.22461180124223604,161
35Hz12kN,Bearing1_2,v_spectral_centroid,standard,0.5335605014952842,161
35Hz12kN,Bearing1_2,v_spectral_bandwidth,standard,0.7662295836208881,161
35Hz12kN,Bearing1_2,v_spectral_rolloff,standard,0.6763778938890798,161
35Hz12kN,Bearing1_2,v_spectral_flatness,standard,-0.5146279043018174,161
35Hz12kN,Bearing1_2,v_band_power_0_1k,standard,0.8913618587531631,161
35Hz12kN,Bearing1_2,v_band_power_1_3k,standard,0.8294283413848633,161
35Hz12kN,Bearing1_2,v_band_power_3_6k,standard,0.9611829997699562,161
35Hz12kN,Bearing1_2,v_band_power_6_12k,standard,0.9831723027375202,161
35Hz12kN,Bearing1_2,v_dominant_frequency,standard,0.24568240978353778,161
35Hz12kN,Bearing1_2,v_mean_frequency,standard,-0.3741028295376122,161
35Hz12kN,Bearing1_2,v_bpfo_band_power,standard,0.9837042788129746,161
35Hz12kN,Bearing1_2,v_bpfi_band_power,standard,0.8878048079135037,161
35Hz12kN,Bearing1_2,v_bsf_band_power,standard,0.040559581320450885,161
35Hz12kN,Bearing1_2,v_ftf_band_power,standard,0.49357315389924084,161
35Hz12kN,Bearing1_2,h_env_level_0_log1p_structure_count,hcrd_other,0.2202300310970311,161
35Hz12kN,Bearing1_2,h_env_level_0_knot_fraction,hcrd_other,0.2202300310970311,161
35Hz12kN,Bearing1_2,h_env_level_0_log1p_polygon_area,hcrd_exact_polygon_mass,0.8210576259489304,161
35Hz12kN,Bearing1_2,h_env_level_0_log1p_quadratic_energy,hcrd_other,0.8338825626869106,161
35Hz12kN,Bearing1_2,h_env_level_0_log1p_triangle_area,hcrd_other,0.8166551644812515,161
35Hz12kN,Bearing1_2,h_env_level_0_log1p_peak_amplitude,hcrd_other,0.8600644122383254,161
35Hz12kN,Bearing1_2,h_env_level_0_log1p_mean_amplitude,hcrd_other,0.814067172762825,161
35Hz12kN,Bearing1_2,h_env_level_0_positive_area_fraction,hcrd_other,0.047607545433632395,161
35Hz12kN,Bearing1_2,h_env_level_0_sign_balance,hcrd_other,0.047607545433632395,161
35Hz12kN,Bearing1_2,h_env_level_0_area_concentration,hcrd_other,-0.227700138026225,161
35Hz12kN,Bearing1_2,h_env_level_0_weighted_shape_factor,hcrd_other,-0.2021831210703122,161
35Hz12kN,Bearing1_2,h_env_level_0_mean_duration_fraction,hcrd_other,-0.21919534149609807,161
35Hz12kN,Bearing1_2,h_env_level_1_log1p_structure_count,hcrd_other,0.026096292440209525,161
35Hz12kN,Bearing1_2,h_env_level_1_knot_fraction,hcrd_other,0.026096292440209525,161
35Hz12kN,Bearing1_2,h_env_level_1_log1p_polygon_area,hcrd_exact_polygon_mass,0.9212589141936969,161
35Hz12kN,Bearing1_2,h_env_level_1_log1p_quadratic_energy,hcrd_other,0.9256096158270072,161
35Hz12kN,Bearing1_2,h_env_level_1_log1p_triangle_area,hcrd_other,0.9254083275822407,161
35Hz12kN,Bearing1_2,h_env_level_1_log1p_peak_amplitude,hcrd_other,0.9033068783068785,161
35Hz12kN,Bearing1_2,h_env_level_1_log1p_mean_amplitude,hcrd_other,0.9273924545663678,161
35Hz12kN,Bearing1_2,h_env_level_1_positive_area_fraction,hcrd_other,0.039093052680009205,161
35Hz12kN,Bearing1_2,h_env_level_1_sign_balance,hcrd_other,0.039093052680009205,161
35Hz12kN,Bearing1_2,h_env_level_1_area_concentration,hcrd_other,-0.0024470899470899476,161
35Hz12kN,Bearing1_2,h_env_level_1_weighted_shape_factor,hcrd_other,0.02516390614216701,161
35Hz12kN,Bearing1_2,h_env_level_1_mean_duration_fraction,hcrd_other,-0.026096292440209525,161
35Hz12kN,Bearing1_2,h_env_level_2_log1p_structure_count,hcrd_other,-0.132450407566489,161
35Hz12kN,Bearing1_2,h_env_level_2_knot_fraction,hcrd_other,-0.132450407566489,161
35Hz12kN,Bearing1_2,h_env_level_2_log1p_polygon_area,hcrd_exact_polygon_mass,0.8437428111341155,161
35Hz12kN,Bearing1_2,h_env_level_2_log1p_quadratic_energy,hcrd_other,0.8465522199217852,161
35Hz12kN,Bearing1_2,h_env_level_2_log1p_triangle_area,hcrd_other,0.8483753163100991,161
35Hz12kN,Bearing1_2,h_env_level_2_log1p_peak_amplitude,hcrd_other,0.8360277202668507,161
35Hz12kN,Bearing1_2,h_env_level_2_log1p_mean_amplitude,hcrd_other,0.8555843110190937,161
35Hz12kN,Bearing1_2,h_env_level_2_positive_area_fraction,hcrd_other,0.055981136415919036,161
35Hz12kN,Bearing1_2,h_env_level_2_sign_balance,hcrd_other,0.055981136415919036,161
35Hz12kN,Bearing1_2,h_env_level_2_area_concentration,hcrd_other,-0.004014262709914884,161
35Hz12kN,Bearing1_2,h_env_level_2_weighted_shape_factor,hcrd_other,0.14557495276961718,161
35Hz12kN,Bearing1_2,h_env_level_2_mean_duration_fraction,hcrd_other,0.132450407566489,161
35Hz12kN,Bearing1_2,h_env_level_3_log1p_structure_count,hcrd_other,0.0342176786633272,161
35Hz12kN,Bearing1_2,h_env_level_3_knot_fraction,hcrd_other,0.0342176786633272,161
35Hz12kN,Bearing1_2,h_env_level_3_log1p_polygon_area,hcrd_exact_polygon_mass,0.8375891419369681,161
35Hz12kN,Bearing1_2,h_env_level_3_log1p_quadratic_energy,hcrd_other,0.83454681389464,161
35Hz12kN,Bearing1_2,h_env_level_3_log1p_triangle_area,hcrd_other,0.8387939958592133,161
35Hz12kN,Bearing1_2,h_env_level_3_log1p_peak_amplitude,hcrd_other,0.816065677478721,161
35Hz12kN,Bearing1_2,h_env_level_3_log1p_mean_amplitude,hcrd_other,0.8387997469519209,161
35Hz12kN,Bearing1_2,h_env_level_3_positive_area_fraction,hcrd_other,-0.0855417529330573,161
35Hz12kN,Bearing1_2,h_env_level_3_sign_balance,hcrd_other,-0.0855417529330573,161
35Hz12kN,Bearing1_2,h_env_level_3_area_concentration,hcrd_other,-0.0441051299746952,161
35Hz12kN,Bearing1_2,h_env_level_3_weighted_shape_factor,hcrd_other,-0.12029994396411994,161
35Hz12kN,Bearing1_2,h_env_level_3_mean_duration_fraction,hcrd_other,-0.0342176786633272,161
35Hz12kN,Bearing1_2,h_env_level_4_log1p_structure_count,hcrd_other,-0.03006983823873286,161
35Hz12kN,Bearing1_2,h_env_level_4_knot_fraction,hcrd_other,-0.03006983823873286,161
35Hz12kN,Bearing1_2,h_env_level_4_log1p_polygon_area,hcrd_exact_polygon_mass,0.836441798941799,161
35Hz12kN,Bearing1_2,h_env_level_4_log1p_quadratic_energy,hcrd_other,0.8254457096848402,161
35Hz12kN,Bearing1_2,h_env_level_4_log1p_triangle_area,hcrd_other,0.8367466068553026,161
35Hz12kN,Bearing1_2,h_env_level_4_log1p_peak_amplitude,hcrd_other,0.8131498734759606,161
35Hz12kN,Bearing1_2,h_env_level_4_log1p_mean_amplitude,hcrd_other,0.8377731769036117,161
35Hz12kN,Bearing1_2,h_env_level_4_positive_area_fraction,hcrd_other,-0.030132893565843154,161
35Hz12kN,Bearing1_2,h_env_level_4_sign_balance,hcrd_other,-0.030132893565843154,161
35Hz12kN,Bearing1_2,h_env_level_4_area_concentration,hcrd_other,-0.061059351276742585,161
35Hz12kN,Bearing1_2,h_env_level_4_weighted_shape_factor,hcrd_other,0.0442133427395979,161
35Hz12kN,Bearing1_2,h_env_level_4_mean_duration_fraction,hcrd_other,0.03006983823873286,161
35Hz12kN,Bearing1_2,h_env_level_5_log1p_structure_count,hcrd_other,0.11047183944450134,161
35Hz12kN,Bearing1_2,h_env_level_5_knot_fraction,hcrd_other,0.11047183944450134,161
35Hz12kN,Bearing1_2,h_env_level_5_log1p_polygon_area,hcrd_exact_polygon_mass,0.7612203818725558,161
35Hz12kN,Bearing1_2,h_env_level_5_log1p_quadratic_energy,hcrd_other,0.7646739130434784,161
35Hz12kN,Bearing1_2,h_env_level_5_log1p_triangle_area,hcrd_other,0.7697981366459629,161
35Hz12kN,Bearing1_2,h_env_level_5_log1p_peak_amplitude,hcrd_other,0.7599752703013573,161
35Hz12kN,Bearing1_2,h_env_level_5_log1p_mean_amplitude,hcrd_other,0.7653209109730851,161
35Hz12kN,Bearing1_2,h_env_level_5_positive_area_fraction,hcrd_other,-0.022303510494479057,161
35Hz12kN,Bearing1_2,h_env_level_5_sign_balance,hcrd_other,-0.022939053934835224,161
35Hz12kN,Bearing1_2,h_env_level_5_area_concentration,hcrd_other,-0.008140695136608124,161
35Hz12kN,Bearing1_2,h_env_level_5_weighted_shape_factor,hcrd_other,-0.07340639042771932,161
35Hz12kN,Bearing1_2,h_env_level_5_mean_duration_fraction,hcrd_other,-0.11047183944450134,161
35Hz12kN,Bearing1_2,h_spec_level_0_log1p_structure_count,hcrd_other,0.48635905002470864,161
35Hz12kN,Bearing1_2,h_spec_level_0_knot_fraction,hcrd_other,0.48635905002470864,161
35Hz12kN,Bearing1_2,h_spec_level_0_log1p_polygon_area,hcrd_exact_polygon_mass,0.8163417299286866,161
35Hz12kN,Bearing1_2,h_spec_level_0_log1p_quadratic_energy,hcrd_other,0.8087819185645273,161
35Hz12kN,Bearing1_2,h_spec_level_0_log1p_triangle_area,hcrd_other,0.8514291465378423,161
35Hz12kN,Bearing1_2,h_spec_level_0_log1p_peak_amplitude,hcrd_other,0.6569760754543365,161
35Hz12kN,Bearing1_2,h_spec_level_0_log1p_mean_amplitude,hcrd_other,0.8609788359788361,161
35Hz12kN,Bearing1_2,h_spec_level_0_positive_area_fraction,hcrd_other,0.0070192086496434335,161
35Hz12kN,Bearing1_2,h_spec_level_0_sign_balance,hcrd_other,0.0070192086496434335,161
35Hz12kN,Bearing1_2,h_spec_level_0_area_concentration,hcrd_other,0.558965953531171,161
35Hz12kN,Bearing1_2,h_spec_level_0_weighted_shape_factor,hcrd_other,-0.6549890729238556,161
35Hz12kN,Bearing1_2,h_spec_level_0_mean_duration_fraction,hcrd_other,-0.48635905002470864,161
35Hz12kN,Bearing1_2,h_spec_level_1_log1p_structure_count,hcrd_other,0.2574052861887575,161
35Hz12kN,Bearing1_2,h_spec_level_1_knot_fraction,hcrd_other,0.2574052861887575,161
35Hz12kN,Bearing1_2,h_spec_level_1_log1p_polygon_area,hcrd_exact_polygon_mass,0.04941338854382333,161
35Hz12kN,Bearing1_2,h_spec_level_1_log1p_quadratic_energy,hcrd_other,0.10697319990798253,161
35Hz12kN,Bearing1_2,h_spec_level_1_log1p_triangle_area,hcrd_other,0.0439469749252358,161
35Hz12kN,Bearing1_2,h_spec_level_1_log1p_peak_amplitude,hcrd_other,-0.15181159420289858,161
35Hz12kN,Bearing1_2,h_spec_level_1_log1p_mean_amplitude,hcrd_other,0.049183344835518755,161
35Hz12kN,Bearing1_2,h_spec_level_1_positive_area_fraction,hcrd_other,-0.4161922015182885,161
35Hz12kN,Bearing1_2,h_spec_level_1_sign_balance,hcrd_other,-0.4161922015182885,161
35Hz12kN,Bearing1_2,h_spec_level_1_area_concentration,hcrd_other,0.10324074074074076,161
35Hz12kN,Bearing1_2,h_spec_level_1_weighted_shape_factor,hcrd_other,0.04247757073844031,161
35Hz12kN,Bearing1_2,h_spec_level_1_mean_duration_fraction,hcrd_other,-0.2561847959812525,161
35Hz12kN,Bearing1_2,h_spec_level_2_log1p_structure_count,hcrd_other,0.3357671400214141,161
35Hz12kN,Bearing1_2,h_spec_level_2_knot_fraction,hcrd_other,0.3357671400214141,161
35Hz12kN,Bearing1_2,h_spec_level_2_log1p_polygon_area,hcrd_exact_polygon_mass,0.22863181504485858,161
35Hz12kN,Bearing1_2,h_spec_level_2_log1p_quadratic_energy,hcrd_other,0.2824505406027145,161
35Hz12kN,Bearing1_2,h_spec_level_2_log1p_triangle_area,hcrd_other,0.2864964343225213,161
35Hz12kN,Bearing1_2,h_spec_level_2_log1p_peak_amplitude,hcrd_other,0.4586553945249598,161
35Hz12kN,Bearing1_2,h_spec_level_2_log1p_mean_amplitude,hcrd_other,0.3771164021164021,161
35Hz12kN,Bearing1_2,h_spec_level_2_positive_area_fraction,hcrd_other,0.33363526570048313,161
35Hz12kN,Bearing1_2,h_spec_level_2_sign_balance,hcrd_other,0.33363526570048313,161
35Hz12kN,Bearing1_2,h_spec_level_2_area_concentration,hcrd_other,-0.21799516908212563,161
35Hz12kN,Bearing1_2,h_spec_level_2_weighted_shape_factor,hcrd_other,-0.23814124683689902,161
35Hz12kN,Bearing1_2,h_spec_level_2_mean_duration_fraction,hcrd_other,-0.34356453822223193,161
35Hz12kN,Bearing1_2,h_spec_level_3_log1p_structure_count,hcrd_other,0.2035891049495509,161
35Hz12kN,Bearing1_2,h_spec_level_3_knot_fraction,hcrd_other,0.2035891049495509,161
35Hz12kN,Bearing1_2,h_spec_level_3_log1p_polygon_area,hcrd_exact_polygon_mass,-1.7253278122843345e-05,161
35Hz12kN,Bearing1_2,h_spec_level_3_log1p_quadratic_energy,hcrd_other,0.05202150908672648,161
35Hz12kN,Bearing1_2,h_spec_level_3_log1p_triangle_area,hcrd_other,0.04897630549804463,161
35Hz12kN,Bearing1_2,h_spec_level_3_log1p_peak_amplitude,hcrd_other,0.2637911203128595,161
35Hz12kN,Bearing1_2,h_spec_level_3_log1p_mean_amplitude,hcrd_other,0.11924028065332413,161
35Hz12kN,Bearing1_2,h_spec_level_3_positive_area_fraction,hcrd_other,0.4155682079595124,161
35Hz12kN,Bearing1_2,h_spec_level_3_sign_balance,hcrd_other,0.4155682079595124,161
35Hz12kN,Bearing1_2,h_spec_level_3_area_concentration,hcrd_other,-0.15984299516908215,161
35Hz12kN,Bearing1_2,h_spec_level_3_weighted_shape_factor,hcrd_other,-0.20134216608626618,161
35Hz12kN,Bearing1_2,h_spec_level_3_mean_duration_fraction,hcrd_other,-0.20761372601400294,161
35Hz12kN,Bearing1_2,h_spec_level_4_log1p_structure_count,hcrd_other,0.11157338033190872,161
35Hz12kN,Bearing1_2,h_spec_level_4_knot_fraction,hcrd_other,0.11157338033190872,161
35Hz12kN,Bearing1_2,h_spec_level_4_log1p_polygon_area,hcrd_exact_polygon_mass,0.1551903611686221,161
35Hz12kN,Bearing1_2,h_spec_level_4_log1p_quadratic_energy,hcrd_other,0.18605935127674259,161
35Hz12kN,Bearing1_2,h_spec_level_4_log1p_triangle_area,hcrd_other,0.1543219461697723,161
35Hz12kN,Bearing1_2,h_spec_level_4_log1p_peak_amplitude,hcrd_other,0.2923452956061652,161
35Hz12kN,Bearing1_2,h_spec_level_4_log1p_mean_amplitude,hcrd_other,0.24469174143087188,161
35Hz12kN,Bearing1_2,h_spec_level_4_positive_area_fraction,hcrd_other,0.38302231592147423,161
35Hz12kN,Bearing1_2,h_spec_level_4_sign_balance,hcrd_other,0.38302231592147423,161
35Hz12kN,Bearing1_2,h_spec_level_4_area_concentration,hcrd_other,-0.19809926386013346,161
35Hz12kN,Bearing1_2,h_spec_level_4_weighted_shape_factor,hcrd_other,0.07102237145699888,161
35Hz12kN,Bearing1_2,h_spec_level_4_mean_duration_fraction,hcrd_other,-0.11157338033190872,161
35Hz12kN,Bearing1_2,h_spec_level_5_log1p_structure_count,hcrd_other,0.19170488952560313,161
35Hz12kN,Bearing1_2,h_spec_level_5_knot_fraction,hcrd_other,0.19170488952560313,161
35Hz12kN,Bearing1_2,h_spec_level_5_log1p_polygon_area,hcrd_exact_polygon_mass,-0.18425350816655167,161
35Hz12kN,Bearing1_2,h_spec_level_5_log1p_quadratic_energy,hcrd_other,-0.15043133195307112,161
35Hz12kN,Bearing1_2,h_spec_level_5_log1p_triangle_area,hcrd_other,-0.15785311709224753,161
35Hz12kN,Bearing1_2,h_spec_level_5_log1p_peak_amplitude,hcrd_other,-0.08067920404876928,161
35Hz12kN,Bearing1_2,h_spec_level_5_log1p_mean_amplitude,hcrd_other,-0.10066712675408329,161
35Hz12kN,Bearing1_2,h_spec_level_5_positive_area_fraction,hcrd_other,0.2606875962924866,161
35Hz12kN,Bearing1_2,h_spec_level_5_sign_balance,hcrd_other,0.2565330074419732,161
35Hz12kN,Bearing1_2,h_spec_level_5_area_concentration,hcrd_other,-0.15312231616687974,161
35Hz12kN,Bearing1_2,h_spec_level_5_weighted_shape_factor,hcrd_other,-0.28998994407795886,161
35Hz12kN,Bearing1_2,h_spec_level_5_mean_duration_fraction,hcrd_other,-0.19170488952560313,161
35Hz12kN,Bearing1_2,v_env_level_0_log1p_structure_count,hcrd_other,-0.07569995324420378,161
35Hz12kN,Bearing1_2,v_env_level_0_knot_fraction,hcrd_other,-0.07569995324420378,161
35Hz12kN,Bearing1_2,v_env_level_0_log1p_polygon_area,hcrd_exact_polygon_mass,0.6791551644812516,161
35Hz12kN,Bearing1_2,v_env_level_0_log1p_quadratic_energy,hcrd_other,0.6869478951000692,161
35Hz12kN,Bearing1_2,v_env_level_0_log1p_triangle_area,hcrd_other,0.6691511387163562,161
35Hz12kN,Bearing1_2,v_env_level_0_log1p_peak_amplitude,hcrd_other,0.7249511157119853,161
35Hz12kN,Bearing1_2,v_env_level_0_log1p_mean_amplitude,hcrd_other,0.6638745111571199,161
35Hz12kN,Bearing1_2,v_env_level_0_positive_area_fraction,hcrd_other,-0.2392051989878077,161
35Hz12kN,Bearing1_2,v_env_level_0_sign_balance,hcrd_other,-0.2392051989878077,161
35Hz12kN,Bearing1_2,v_env_level_0_area_concentration,hcrd_other,-0.09797273982056592,161
35Hz12kN,Bearing1_2,v_env_level_0_weighted_shape_factor,hcrd_other,0.01309236254888429,161
35Hz12kN,Bearing1_2,v_env_level_0_mean_duration_fraction,hcrd_other,0.07569995324420378,161
35Hz12kN,Bearing1_2,v_env_level_1_log1p_structure_count,hcrd_other,-0.004893710332877174,161
35Hz12kN,Bearing1_2,v_env_level_1_knot_fraction,hcrd_other,-0.004893710332877174,161
35Hz12kN,Bearing1_2,v_env_level_1_log1p_polygon_area,hcrd_exact_polygon_mass,0.8055325511847251,161
35Hz12kN,Bearing1_2,v_env_level_1_log1p_quadratic_energy,hcrd_other,0.8076633310328963,161
35Hz12kN,Bearing1_2,v_env_level_1_log1p_triangle_area,hcrd_other,0.80489417989418,161
35Hz12kN,Bearing1_2,v_env_level_1_log1p_peak_amplitude,hcrd_other,0.82750747642052,161
35Hz12kN,Bearing1_2,v_env_level_1_log1p_mean_amplitude,hcrd_other,0.8025793650793651,161
35Hz12kN,Bearing1_2,v_env_level_1_positive_area_fraction,hcrd_other,0.104370830457787,161
35Hz12kN,Bearing1_2,v_env_level_1_sign_balance,hcrd_other,0.104370830457787,161
35Hz12kN,Bearing1_2,v_env_level_1_area_concentration,hcrd_other,-0.23216586151368762,161
35Hz12kN,Bearing1_2,v_env_level_1_weighted_shape_factor,hcrd_other,-0.1249884978145848,161
35Hz12kN,Bearing1_2,v_env_level_1_mean_duration_fraction,hcrd_other,0.004893710332877174,161
35Hz12kN,Bearing1_2,v_env_level_2_log1p_structure_count,hcrd_other,0.12104663001294642,161
35Hz12kN,Bearing1_2,v_env_level_2_knot_fraction,hcrd_other,0.12104663001294642,161
35Hz12kN,Bearing1_2,v_env_level_2_log1p_polygon_area,hcrd_exact_polygon_mass,0.7105532551184727,161
35Hz12kN,Bearing1_2,v_env_level_2_log1p_quadratic_energy,hcrd_other,0.7201460777547736,161
35Hz12kN,Bearing1_2,v_env_level_2_log1p_triangle_area,hcrd_other,0.7205026455026455,161
35Hz12kN,Bearing1_2,v_env_level_2_log1p_peak_amplitude,hcrd_other,0.7847596043248218,161
35Hz12kN,Bearing1_2,v_env_level_2_log1p_mean_amplitude,hcrd_other,0.7348890039107431,161
35Hz12kN,Bearing1_2,v_env_level_2_positive_area_fraction,hcrd_other,0.10201575799401888,161
35Hz12kN,Bearing1_2,v_env_level_2_sign_balance,hcrd_other,0.10201575799401888,161
35Hz12kN,Bearing1_2,v_env_level_2_area_concentration,hcrd_other,-0.1442920404876927,161
35Hz12kN,Bearing1_2,v_env_level_2_weighted_shape_factor,hcrd_other,-0.21555845347165928,161
35Hz12kN,Bearing1_2,v_env_level_2_mean_duration_fraction,hcrd_other,-0.12104663001294642,161
35Hz12kN,Bearing1_2,v_env_level_3_log1p_structure_count,hcrd_other,0.05695667668532899,161
35Hz12kN,Bearing1_2,v_env_level_3_knot_fraction,hcrd_other,0.05695667668532899,161
35Hz12kN,Bearing1_2,v_env_level_3_log1p_polygon_area,hcrd_exact_polygon_mass,0.7369939038417299,161
35Hz12kN,Bearing1_2,v_env_level_3_log1p_quadratic_energy,hcrd_other,0.7421698872785829,161
35Hz12kN,Bearing1_2,v_env_level_3_log1p_triangle_area,hcrd_other,0.7367983666896711,161
35Hz12kN,Bearing1_2,v_env_level_3_log1p_peak_amplitude,hcrd_other,0.7379370830457787,161
35Hz12kN,Bearing1_2,v_env_level_3_log1p_mean_amplitude,hcrd_other,0.7330687830687832,161
35Hz12kN,Bearing1_2,v_env_level_3_positive_area_fraction,hcrd_other,-0.030472164711295147,161
35Hz12kN,Bearing1_2,v_env_level_3_sign_balance,hcrd_other,-0.030472164711295147,161
35Hz12kN,Bearing1_2,v_env_level_3_area_concentration,hcrd_other,-0.002570738440303658,161
35Hz12kN,Bearing1_2,v_env_level_3_weighted_shape_factor,hcrd_other,0.0013393699186813439,161
35Hz12kN,Bearing1_2,v_env_level_3_mean_duration_fraction,hcrd_other,-0.05695667668532899,161
35Hz12kN,Bearing1_2,v_env_level_4_log1p_structure_count,hcrd_other,0.0956509035741907,161
35Hz12kN,Bearing1_2,v_env_level_4_knot_fraction,hcrd_other,0.0956509035741907,161
35Hz12kN,Bearing1_2,v_env_level_4_log1p_polygon_area,hcrd_exact_polygon_mass,0.7104037267080745,161
35Hz12kN,Bearing1_2,v_env_level_4_log1p_quadratic_energy,hcrd_other,0.7230043708304578,161
35Hz12kN,Bearing1_2,v_env_level_4_log1p_triangle_area,hcrd_other,0.720108695652174,161
35Hz12kN,Bearing1_2,v_env_level_4_log1p_peak_amplitude,hcrd_other,0.7231797791580401,161
35Hz12kN,Bearing1_2,v_env_level_4_log1p_mean_amplitude,hcrd_other,0.7211525189786061,161
35Hz12kN,Bearing1_2,v_env_level_4_positive_area_fraction,hcrd_other,-0.01574078600416562,161
35Hz12kN,Bearing1_2,v_env_level_4_sign_balance,hcrd_other,-0.01574078600416562,161
35Hz12kN,Bearing1_2,v_env_level_4_area_concentration,hcrd_other,-0.11554520358868185,161
35Hz12kN,Bearing1_2,v_env_level_4_weighted_shape_factor,hcrd_other,-0.1328852957810335,161
35Hz12kN,Bearing1_2,v_env_level_4_mean_duration_fraction,hcrd_other,-0.0956509035741907,161
35Hz12kN,Bearing1_2,v_env_level_5_log1p_structure_count,hcrd_other,0.07625597398604497,161
35Hz12kN,Bearing1_2,v_env_level_5_knot_fraction,hcrd_other,0.07625597398604497,161
35Hz12kN,Bearing1_2,v_env_level_5_log1p_polygon_area,hcrd_exact_polygon_mass,0.6549229353577181,161
35Hz12kN,Bearing1_2,v_env_level_5_log1p_quadratic_energy,hcrd_other,0.6538100989187946,161
35Hz12kN,Bearing1_2,v_env_level_5_log1p_triangle_area,hcrd_other,0.6616890959282264,161
35Hz12kN,Bearing1_2,v_env_level_5_log1p_peak_amplitude,hcrd_other,0.6525879917184266,161
35Hz12kN,Bearing1_2,v_env_level_5_log1p_mean_amplitude,hcrd_other,0.659219001610306,161
35Hz12kN,Bearing1_2,v_env_level_5_positive_area_fraction,hcrd_other,-0.21265904518595338,161
35Hz12kN,Bearing1_2,v_env_level_5_sign_balance,hcrd_other,-0.21057837666850246,161
35Hz12kN,Bearing1_2,v_env_level_5_area_concentration,hcrd_other,-0.07593455256498736,161
35Hz12kN,Bearing1_2,v_env_level_5_weighted_shape_factor,hcrd_other,0.0005170882531577615,161
35Hz12kN,Bearing1_2,v_env_level_5_mean_duration_fraction,hcrd_other,-0.07625597398604497,161
35Hz12kN,Bearing1_2,v_spec_level_0_log1p_structure_count,hcrd_other,0.49922132762701515,161
35Hz12kN,Bearing1_2,v_spec_level_0_knot_fraction,hcrd_other,0.49922132762701515,161
35Hz12kN,Bearing1_2,v_spec_level_0_log1p_polygon_area,hcrd_exact_polygon_mass,0.8487290085116174,161
35Hz12kN,Bearing1_2,v_spec_level_0_log1p_quadratic_energy,hcrd_other,0.9127444214400737,161
35Hz12kN,Bearing1_2,v_spec_level_0_log1p_triangle_area,hcrd_other,0.8810156429721648,161
35Hz12kN,Bearing1_2,v_spec_level_0_log1p_peak_amplitude,hcrd_other,0.8578847481021395,161
35Hz12kN,Bearing1_2,v_spec_level_0_log1p_mean_amplitude,hcrd_other,0.8976909362778929,161
35Hz12kN,Bearing1_2,v_spec_level_0_positive_area_fraction,hcrd_other,0.10556993328732461,161
35Hz12kN,Bearing1_2,v_spec_level_0_sign_balance,hcrd_other,0.10556993328732461,161
35Hz12kN,Bearing1_2,v_spec_level_0_area_concentration,hcrd_other,0.5713423050379572,161
35Hz12kN,Bearing1_2,v_spec_level_0_weighted_shape_factor,hcrd_other,-0.7568955601564299,161
35Hz12kN,Bearing1_2,v_spec_level_0_mean_duration_fraction,hcrd_other,-0.49922132762701515,161
35Hz12kN,Bearing1_2,v_spec_level_1_log1p_structure_count,hcrd_other,0.12098136395596255,161
35Hz12kN,Bearing1_2,v_spec_level_1_knot_fraction,hcrd_other,0.12098136395596255,161
35Hz12kN,Bearing1_2,v_spec_level_1_log1p_polygon_area,hcrd_exact_polygon_mass,0.11573498964803314,161
35Hz12kN,Bearing1_2,v_spec_level_1_log1p_quadratic_energy,hcrd_other,0.188842880147228,161
35Hz12kN,Bearing1_2,v_spec_level_1_log1p_triangle_area,hcrd_other,0.11228145847711067,161
35Hz12kN,Bearing1_2,v_spec_level_1_log1p_peak_amplitude,hcrd_other,0.43555613066482635,161
35Hz12kN,Bearing1_2,v_spec_level_1_log1p_mean_amplitude,hcrd_other,0.09892742121002993,161
35Hz12kN,Bearing1_2,v_spec_level_1_positive_area_fraction,hcrd_other,-0.0018719806763285028,161
35Hz12kN,Bearing1_2,v_spec_level_1_sign_balance,hcrd_other,-0.0018719806763285028,161
35Hz12kN,Bearing1_2,v_spec_level_1_area_concentration,hcrd_other,0.13875373821025996,161
35Hz12kN,Bearing1_2,v_spec_level_1_weighted_shape_factor,hcrd_other,0.11465953531170923,161
35Hz12kN,Bearing1_2,v_spec_level_1_mean_duration_fraction,hcrd_other,-0.12603684280365063,161
35Hz12kN,Bearing1_2,v_spec_level_2_log1p_structure_count,hcrd_other,0.1481131673214597,161
35Hz12kN,Bearing1_2,v_spec_level_2_knot_fraction,hcrd_other,0.1481131673214597,161
35Hz12kN,Bearing1_2,v_spec_level_2_log1p_polygon_area,hcrd_exact_polygon_mass,0.218616287094548,161
35Hz12kN,Bearing1_2,v_spec_level_2_log1p_quadratic_energy,hcrd_other,0.4317862893949851,161
35Hz12kN,Bearing1_2,v_spec_level_2_log1p_triangle_area,hcrd_other,0.23871348056130665,161
35Hz12kN,Bearing1_2,v_spec_level_2_log1p_peak_amplitude,hcrd_other,0.5761674718196459,161
35Hz12kN,Bearing1_2,v_spec_level_2_log1p_mean_amplitude,hcrd_other,0.14671612606395218,161
35Hz12kN,Bearing1_2,v_spec_level_2_positive_area_fraction,hcrd_other,0.2995629169542213,161
35Hz12kN,Bearing1_2,v_spec_level_2_sign_balance,hcrd_other,0.2995629169542213,161
35Hz12kN,Bearing1_2,v_spec_level_2_area_concentration,hcrd_other,0.42793593282723724,161
35Hz12kN,Bearing1_2,v_spec_level_2_weighted_shape_factor,hcrd_other,0.016597653554175296,161
35Hz12kN,Bearing1_2,v_spec_level_2_mean_duration_fraction,hcrd_other,-0.148090884786094,161
35Hz12kN,Bearing1_2,v_spec_level_3_log1p_structure_count,hcrd_other,0.08346478164990186,161
35Hz12kN,Bearing1_2,v_spec_level_3_knot_fraction,hcrd_other,0.08346478164990186,161
35Hz12kN,Bearing1_2,v_spec_level_3_log1p_polygon_area,hcrd_exact_polygon_mass,0.3100902921555096,161
35Hz12kN,Bearing1_2,v_spec_level_3_log1p_quadratic_energy,hcrd_other,0.4003939498504716,161
35Hz12kN,Bearing1_2,v_spec_level_3_log1p_triangle_area,hcrd_other,0.3329623878536922,161
35Hz12kN,Bearing1_2,v_spec_level_3_log1p_peak_amplitude,hcrd_other,0.5027892799631931,161
35Hz12kN,Bearing1_2,v_spec_level_3_log1p_mean_amplitude,hcrd_other,0.35400563607085356,161
35Hz12kN,Bearing1_2,v_spec_level_3_positive_area_fraction,hcrd_other,0.3396451575799402,161
35Hz12kN,Bearing1_2,v_spec_level_3_sign_balance,hcrd_other,0.3396451575799402,161
35Hz12kN,Bearing1_2,v_spec_level_3_area_concentration,hcrd_other,0.14381182424660688,161
35Hz12kN,Bearing1_2,v_spec_level_3_weighted_shape_factor,hcrd_other,-0.04953174583576756,161
35Hz12kN,Bearing1_2,v_spec_level_3_mean_duration_fraction,hcrd_other,-0.08346478164990186,161
35Hz12kN,Bearing1_2,v_spec_level_4_log1p_structure_count,hcrd_other,0.03495933646713528,161
35Hz12kN,Bearing1_2,v_spec_level_4_knot_fraction,hcrd_other,0.03495933646713528,161
35Hz12kN,Bearing1_2,v_spec_level_4_log1p_polygon_area,hcrd_exact_polygon_mass,0.12844202898550725,161
35Hz12kN,Bearing1_2,v_spec_level_4_log1p_quadratic_energy,hcrd_other,0.1543938348286175,161
35Hz12kN,Bearing1_2,v_spec_level_4_log1p_triangle_area,hcrd_other,0.14074361628709456,161
35Hz12kN,Bearing1_2,v_spec_level_4_log1p_peak_amplitude,hcrd_other,0.22051989878076836,161
35Hz12kN,Bearing1_2,v_spec_level_4_log1p_mean_amplitude,hcrd_other,0.22094835518748568,161
35Hz12kN,Bearing1_2,v_spec_level_4_positive_area_fraction,hcrd_other,0.1867569397818525,161
35Hz12kN,Bearing1_2,v_spec_level_4_sign_balance,hcrd_other,0.1867569397818525,161
35Hz12kN,Bearing1_2,v_spec_level_4_area_concentration,hcrd_other,-0.09374281113411549,161
35Hz12kN,Bearing1_2,v_spec_level_4_weighted_shape_factor,hcrd_other,0.07056594163460292,161
35Hz12kN,Bearing1_2,v_spec_level_4_mean_duration_fraction,hcrd_other,-0.03495933646713528,161
35Hz12kN,Bearing1_2,v_spec_level_5_log1p_structure_count,hcrd_other,0.13058728064150724,161
35Hz12kN,Bearing1_2,v_spec_level_5_knot_fraction,hcrd_other,0.13058728064150724,161
35Hz12kN,Bearing1_2,v_spec_level_5_log1p_polygon_area,hcrd_exact_polygon_mass,-0.3288503565677479,161
35Hz12kN,Bearing1_2,v_spec_level_5_log1p_quadratic_energy,hcrd_other,-0.3518691051299747,161
35Hz12kN,Bearing1_2,v_spec_level_5_log1p_triangle_area,hcrd_other,-0.3333908442604095,161
35Hz12kN,Bearing1_2,v_spec_level_5_log1p_peak_amplitude,hcrd_other,-0.36725902921555104,161
35Hz12kN,Bearing1_2,v_spec_level_5_log1p_mean_amplitude,hcrd_other,-0.3089228203358639,161
35Hz12kN,Bearing1_2,v_spec_level_5_positive_area_fraction,hcrd_other,0.220278057507932,161
35Hz12kN,Bearing1_2,v_spec_level_5_sign_balance,hcrd_other,0.220278057507932,161
35Hz12kN,Bearing1_2,v_spec_level_5_area_concentration,hcrd_other,-0.07699301821327255,161
35Hz12kN,Bearing1_2,v_spec_level_5_weighted_shape_factor,hcrd_other,-0.13396325523613845,161
35Hz12kN,Bearing1_2,v_spec_level_5_mean_duration_fraction,hcrd_other,-0.13058728064150724,161
35Hz12kN,Bearing1_3,h_mean,standard,-0.04709298876260917,158
35Hz12kN,Bearing1_3,h_std,standard,0.9684495078031942,158
35Hz12kN,Bearing1_3,h_variance,standard,0.9684495078031942,158
35Hz12kN,Bearing1_3,h_rms,standard,0.9683125963134299,158
35Hz12kN,Bearing1_3,h_peak,standard,0.9361414386963592,158
35Hz12kN,Bearing1_3,h_peak_to_peak,standard,0.9401027444668743,158
35Hz12kN,Bearing1_3,h_crest_factor,standard,0.7820156109523106,158
35Hz12kN,Bearing1_3,h_shape_factor,standard,0.7959836253858241,158
35Hz12kN,Bearing1_3,h_impulse_factor,standard,0.7889524597670375,158
35Hz12kN,Bearing1_3,h_clearance_factor,standard,0.7911704259012199,158
35Hz12kN,Bearing1_3,h_kurtosis,standard,0.827220742394947,158
35Hz12kN,Bearing1_3,h_skewness,standard,-0.40537818756569843,158
35Hz12kN,Bearing1_3,h_line_integral,standard,0.9816599453266782,158
35Hz12kN,Bearing1_3,h_zero_crossing_rate,standard,-0.8101238671520239,158
35Hz12kN,Bearing1_3,h_entropy,standard,-0.7790948325040047,158
35Hz12kN,Bearing1_3,h_percentile_5,standard,-0.9595472184909616,158
35Hz12kN,Bearing1_3,h_percentile_50,standard,0.2962206286380105,158
35Hz12kN,Bearing1_3,h_percentile_95,standard,0.9701624226640237,158
35Hz12kN,Bearing1_3,v_mean,standard,-0.023096968323244982,158
35Hz12kN,Bearing1_3,v_std,standard,0.9672325167830668,158
35Hz12kN,Bearing1_3,v_variance,standard,0.9672325167830668,158
35Hz12kN,Bearing1_3,v_rms,standard,0.9672751114687712,158
35Hz12kN,Bearing1_3,v_peak,standard,0.9472403967999221,158
35Hz12kN,Bearing1_3,v_peak_to_peak,standard,0.9522817821008004,158
35Hz12kN,Bearing1_3,v_crest_factor,standard,-0.1893927062685686,158
35Hz12kN,Bearing1_3,v_shape_factor,standard,-0.1791912790423498,158
35Hz12kN,Bearing1_3,v_impulse_factor,standard,-0.20333638088167957,158
35Hz12kN,Bearing1_3,v_clearance_factor,standard,-0.2047511329425778,158
35Hz12kN,Bearing1_3,v_kurtosis,standard,-0.3331862802517346,158
35Hz12kN,Bearing1_3,v_skewness,standard,-0.2293708612797573,158
35Hz12kN,Bearing1_3,v_line_integral,standard,0.9718875074350545,158
35Hz12kN,Bearing1_3,v_zero_crossing_rate,standard,-0.9032316460503237,158
35Hz12kN,Bearing1_3,v_entropy,standard,0.22754233227201576,158
35Hz12kN,Bearing1_3,v_percentile_5,standard,-0.9633989950696651,158
35Hz12kN,Bearing1_3,v_percentile_50,standard,0.07264072800460297,158
35Hz12kN,Bearing1_3,v_percentile_95,standard,0.9636545631838918,158
35Hz12kN,Bearing1_3,cross_correlation,standard,0.679818790037103,158
35Hz12kN,Bearing1_3,h_spectral_centroid,standard,0.35393597714490865,158
35Hz12kN,Bearing1_3,h_spectral_bandwidth,standard,0.9498478000605453,158
35Hz12kN,Bearing1_3,h_spectral_rolloff,standard,0.6330038247048718,158
35Hz12kN,Bearing1_3,h_spectral_flatness,standard,-0.942363305286761,158
35Hz12kN,Bearing1_3,h_band_power_0_1k,standard,0.9489441842281006,158
35Hz12kN,Bearing1_3,h_band_power_1_3k,standard,0.9240049957481375,158
35Hz12kN,Bearing1_3,h_band_power_3_6k,standard,0.8894667905969188,158
35Hz12kN,Bearing1_3,h_band_power_6_12k,standard,0.9832572460405958,158
35Hz12kN,Bearing1_3,h_dominant_frequency,standard,0.7018871427314104,158
35Hz12kN,Bearing1_3,h_mean_frequency,standard,-0.7982411437281608,158
35Hz12kN,Bearing1_3,h_bpfo_band_power,standard,0.8419980558568453,158
35Hz12kN,Bearing1_3,h_bpfi_band_power,standard,0.3981431759510405,158
35Hz12kN,Bearing1_3,h_bsf_band_power,standard,0.8083695514931719,158
35Hz12kN,Bearing1_3,h_ftf_band_power,standard,0.08130564881594379,158
35Hz12kN,Bearing1_3,v_spectral_centroid,standard,-0.7273666291934848,158
35Hz12kN,Bearing1_3,v_spectral_bandwidth,standard,0.9295423048897177,158
35Hz12kN,Bearing1_3,v_spectral_rolloff,standard,-0.5404783330454443,158
35Hz12kN,Bearing1_3,v_spectral_flatness,standard,-0.9648532993387176,158
35Hz12kN,Bearing1_3,v_band_power_0_1k,standard,0.9355816228271006,158
35Hz12kN,Bearing1_3,v_band_power_1_3k,standard,0.8702200776136023,158
35Hz12kN,Bearing1_3,v_band_power_3_6k,standard,0.8172931381482569,158
35Hz12kN,Bearing1_3,v_band_power_6_12k,standard,0.9763569069564728,158
35Hz12kN,Bearing1_3,v_dominant_frequency,standard,0.6017138745041739,158
35Hz12kN,Bearing1_3,v_mean_frequency,standard,-0.9027046104183559,158
35Hz12kN,Bearing1_3,v_bpfo_band_power,standard,0.6290063724692292,158
35Hz12kN,Bearing1_3,v_bpfi_band_power,standard,0.8301476057983538,158
35Hz12kN,Bearing1_3,v_bsf_band_power,standard,-0.8795665686481815,158
35Hz12kN,Bearing1_3,v_ftf_band_power,standard,0.3823040378240809,158
35Hz12kN,Bearing1_3,h_env_level_0_log1p_structure_count,hcrd_other,0.7659140063385903,158
35Hz12kN,Bearing1_3,h_env_level_0_knot_fraction,hcrd_other,0.7659140063385903,158
35Hz12kN,Bearing1_3,h_env_level_0_log1p_polygon_area,hcrd_exact_polygon_mass,0.9457952199635207,158
35Hz12kN,Bearing1_3,h_env_level_0_log1p_quadratic_energy,hcrd_other,0.9429596308866235,158
35Hz12kN,Bearing1_3,h_env_level_0_log1p_triangle_area,hcrd_other,0.9462333367307666,158
35Hz12kN,Bearing1_3,h_env_level_0_log1p_peak_amplitude,hcrd_other,0.9340664690070418,158
35Hz12kN,Bearing1_3,h_env_level_0_log1p_mean_amplitude,hcrd_other,0.9482352869588763,158
35Hz12kN,Bearing1_3,h_env_level_0_positive_area_fraction,hcrd_other,-0.030532783456224073,158
35Hz12kN,Bearing1_3,h_env_level_0_sign_balance,hcrd_other,-0.030532783456224073,158
35Hz12kN,Bearing1_3,h_env_level_0_area_concentration,hcrd_other,-0.7751396116885902,158
35Hz12kN,Bearing1_3,h_env_level_0_weighted_shape_factor,hcrd_other,-0.7974493297298445,158
35Hz12kN,Bearing1_3,h_env_level_0_mean_duration_fraction,hcrd_other,-0.7659140063385903,158
35Hz12kN,Bearing1_3,h_env_level_1_log1p_structure_count,hcrd_other,0.15171816913003197,158
35Hz12kN,Bearing1_3,h_env_level_1_knot_fraction,hcrd_other,0.15171816913003197,158
35Hz12kN,Bearing1_3,h_env_level_1_log1p_polygon_area,hcrd_exact_polygon_mass,0.9402396559566386,158
35Hz12kN,Bearing1_3,h_env_level_1_log1p_quadratic_energy,hcrd_other,0.9407081974993876,158
35Hz12kN,Bearing1_3,h_env_level_1_log1p_triangle_area,hcrd_other,0.9410793797605266,158
35Hz12kN,Bearing1_3,h_env_level_1_log1p_peak_amplitude,hcrd_other,0.8995282638558231,158
35Hz12kN,Bearing1_3,h_env_level_1_log1p_mean_amplitude,hcrd_other,0.9409090010177087,158
35Hz12kN,Bearing1_3,h_env_level_1_positive_area_fraction,hcrd_other,-0.24592498163104176,158
35Hz12kN,Bearing1_3,h_env_level_1_sign_balance,hcrd_other,-0.24592498163104176,158
35Hz12kN,Bearing1_3,h_env_level_1_area_concentration,hcrd_other,0.357279659972709,158
35Hz12kN,Bearing1_3,h_env_level_1_weighted_shape_factor,hcrd_other,0.5066561802607099,158
35Hz12kN,Bearing1_3,h_env_level_1_mean_duration_fraction,hcrd_other,-0.15171816913003197,158
35Hz12kN,Bearing1_3,h_env_level_2_log1p_structure_count,hcrd_other,-0.29433805125648216,158
35Hz12kN,Bearing1_3,h_env_level_2_knot_fraction,hcrd_other,-0.29433805125648216,158
35Hz12kN,Bearing1_3,h_env_level_2_log1p_polygon_area,hcrd_exact_polygon_mass,0.9308018905955496,158
35Hz12kN,Bearing1_3,h_env_level_2_log1p_quadratic_energy,hcrd_other,0.9301994800405866,158
35Hz12kN,Bearing1_3,h_env_level_2_log1p_triangle_area,hcrd_other,0.932149708150341,158
35Hz12kN,Bearing1_3,h_env_level_2_log1p_peak_amplitude,hcrd_other,0.9121606306447466,158
35Hz12kN,Bearing1_3,h_env_level_2_log1p_mean_amplitude,hcrd_other,0.933314977052113,158
35Hz12kN,Bearing1_3,h_env_level_2_positive_area_fraction,hcrd_other,-0.04081331509875122,158
35Hz12kN,Bearing1_3,h_env_level_2_sign_balance,hcrd_other,-0.04081331509875122,158
35Hz12kN,Bearing1_3,h_env_level_2_area_concentration,hcrd_other,0.1861676800652307,158
35Hz12kN,Bearing1_3,h_env_level_2_weighted_shape_factor,hcrd_other,0.48329446556661054,158
35Hz12kN,Bearing1_3,h_env_level_2_mean_duration_fraction,hcrd_other,0.2949370116704953,158
35Hz12kN,Bearing1_3,h_env_level_3_log1p_structure_count,hcrd_other,-0.12110955163293195,158
35Hz12kN,Bearing1_3,h_env_level_3_knot_fraction,hcrd_other,-0.12110955163293195,158
35Hz12kN,Bearing1_3,h_env_level_3_log1p_polygon_area,hcrd_exact_polygon_mass,0.9196329555083295,158
35Hz12kN,Bearing1_3,h_env_level_3_log1p_quadratic_energy,hcrd_other,0.9211754916263412,158
35Hz12kN,Bearing1_3,h_env_level_3_log1p_triangle_area,hcrd_other,0.9216288207813387,158
35Hz12kN,Bearing1_3,h_env_level_3_log1p_peak_amplitude,hcrd_other,0.9169403628762974,158
35Hz12kN,Bearing1_3,h_env_level_3_log1p_mean_amplitude,hcrd_other,0.9237676824992128,158
35Hz12kN,Bearing1_3,h_env_level_3_positive_area_fraction,hcrd_other,-0.013595310933599449,158
35Hz12kN,Bearing1_3,h_env_level_3_sign_balance,hcrd_other,-0.013595310933599449,158
35Hz12kN,Bearing1_3,h_env_level_3_area_concentration,hcrd_other,-0.04886371069689469,158
35Hz12kN,Bearing1_3,h_env_level_3_weighted_shape_factor,hcrd_other,-0.24482294705937757,158
35Hz12kN,Bearing1_3,h_env_level_3_mean_duration_fraction,hcrd_other,0.12110955163293195,158
35Hz12kN,Bearing1_3,h_env_level_4_log1p_structure_count,hcrd_other,-0.07595154461394403,158
35Hz12kN,Bearing1_3,h_env_level_4_knot_fraction,hcrd_other,-0.07595154461394403,158
35Hz12kN,Bearing1_3,h_env_level_4_log1p_polygon_area,hcrd_exact_polygon_mass,0.8630611279377022,158
35Hz12kN,Bearing1_3,h_env_level_4_log1p_quadratic_energy,hcrd_other,0.8624587173827392,158
35Hz12kN,Bearing1_3,h_env_level_4_log1p_triangle_area,hcrd_other,0.8694229484954189,158
35Hz12kN,Bearing1_3,h_env_level_4_log1p_peak_amplitude,hcrd_other,0.8527106193115177,158
35Hz12kN,Bearing1_3,h_env_level_4_log1p_mean_amplitude,hcrd_other,0.8614151475829798,158
35Hz12kN,Bearing1_3,h_env_level_4_positive_area_fraction,hcrd_other,-0.04917712328966515,158
35Hz12kN,Bearing1_3,h_env_level_4_sign_balance,hcrd_other,-0.04917712328966515,158
35Hz12kN,Bearing1_3,h_env_level_4_area_concentration,hcrd_other,0.15632401777415383,158
35Hz12kN,Bearing1_3,h_env_level_4_weighted_shape_factor,hcrd_other,0.013406451274793079,158
35Hz12kN,Bearing1_3,h_env_level_4_mean_duration_fraction,hcrd_other,0.07595154461394403,158
35Hz12kN,Bearing1_3,h_env_level_5_log1p_structure_count,hcrd_other,0.017188897668775,158
35Hz12kN,Bearing1_3,h_env_level_5_knot_fraction,hcrd_other,0.017188897668775,158
35Hz12kN,Bearing1_3,h_env_level_5_log1p_polygon_area,hcrd_exact_polygon_mass,0.7483779791559863,158
35Hz12kN,Bearing1_3,h_env_level_5_log1p_quadratic_energy,hcrd_other,0.760353170794041,158
35Hz12kN,Bearing1_3,h_env_level_5_log1p_triangle_area,hcrd_other,0.7590692452678065,158
35Hz12kN,Bearing1_3,h_env_level_5_log1p_peak_amplitude,hcrd_other,0.7771050521860963,158
35Hz12kN,Bearing1_3,h_env_level_5_log1p_mean_amplitude,hcrd_other,0.7515604106736198,158
35Hz12kN,Bearing1_3,h_env_level_5_positive_area_fraction,hcrd_other,0.10426771408471408,158
35Hz12kN,Bearing1_3,h_env_level_5_sign_balance,hcrd_other,0.10618423369216462,158
35Hz12kN,Bearing1_3,h_env_level_5_area_concentration,hcrd_other,0.0001414753136987304,158
35Hz12kN,Bearing1_3,h_env_level_5_weighted_shape_factor,hcrd_other,-0.026582280680234317,158
35Hz12kN,Bearing1_3,h_env_level_5_mean_duration_fraction,hcrd_other,-0.017188897668775,158
35Hz12kN,Bearing1_3,h_spec_level_0_log1p_structure_count,hcrd_other,0.6394243738184338,158
35Hz12kN,Bearing1_3,h_spec_level_0_knot_fraction,hcrd_other,0.6394243738184338,158
35Hz12kN,Bearing1_3,h_spec_level_0_log1p_polygon_area,hcrd_exact_polygon_mass,0.792965487655908,158
35Hz12kN,Bearing1_3,h_spec_level_0_log1p_quadratic_energy,hcrd_other,0.9146432923258068,158
35Hz12kN,Bearing1_3,h_spec_level_0_log1p_triangle_area,hcrd_other,0.8453752059376992,158
35Hz12kN,Bearing1_3,h_spec_level_0_log1p_peak_amplitude,hcrd_other,0.8892416472581953,158
35Hz12kN,Bearing1_3,h_spec_level_0_log1p_mean_amplitude,hcrd_other,0.8640834003946094,158
35Hz12kN,Bearing1_3,h_spec_level_0_positive_area_fraction,hcrd_other,-0.2206480781429934,158
35Hz12kN,Bearing1_3,h_spec_level_0_sign_balance,hcrd_other,-0.2206480781429934,158
35Hz12kN,Bearing1_3,h_spec_level_0_area_concentration,hcrd_other,0.0582953911028829,158
35Hz12kN,Bearing1_3,h_spec_level_0_weighted_shape_factor,hcrd_other,-0.860721462701507,158
35Hz12kN,Bearing1_3,h_spec_level_0_mean_duration_fraction,hcrd_other,-0.6394243738184338,158
35Hz12kN,Bearing1_3,h_spec_level_1_log1p_structure_count,hcrd_other,-0.018730371009322514,158
35Hz12kN,Bearing1_3,h_spec_level_1_knot_fraction,hcrd_other,-0.018730371009322514,158
35Hz12kN,Bearing1_3,h_spec_level_1_log1p_polygon_area,hcrd_exact_polygon_mass,0.29805479197820367,158
35Hz12kN,Bearing1_3,h_spec_level_1_log1p_quadratic_energy,hcrd_other,0.3358332357205119,158
35Hz12kN,Bearing1_3,h_spec_level_1_log1p_triangle_area,hcrd_other,0.24312894476229882,158
35Hz12kN,Bearing1_3,h_spec_level_1_log1p_peak_amplitude,hcrd_other,0.4672895632371352,158
35Hz12kN,Bearing1_3,h_spec_level_1_log1p_mean_amplitude,hcrd_other,0.34250234651081063,158
35Hz12kN,Bearing1_3,h_spec_level_1_positive_area_fraction,hcrd_other,0.12285067976554669,158
35Hz12kN,Bearing1_3,h_spec_level_1_sign_balance,hcrd_other,0.12285067976554669,158
35Hz12kN,Bearing1_3,h_spec_level_1_area_concentration,hcrd_other,0.08035943829779467,158
35Hz12kN,Bearing1_3,h_spec_level_1_weighted_shape_factor,hcrd_other,0.4111649798664048,158
35Hz12kN,Bearing1_3,h_spec_level_1_mean_duration_fraction,hcrd_other,0.02550552462634471,158
35Hz12kN,Bearing1_3,h_spec_level_2_log1p_structure_count,hcrd_other,0.012182809646836563,158
35Hz12kN,Bearing1_3,h_spec_level_2_knot_fraction,hcrd_other,0.012182809646836563,158
35Hz12kN,Bearing1_3,h_spec_level_2_log1p_polygon_area,hcrd_exact_polygon_mass,-0.07726828110667078,158
35Hz12kN,Bearing1_3,h_spec_level_2_log1p_quadratic_energy,hcrd_other,-0.08076104533443673,158
35Hz12kN,Bearing1_3,h_spec_level_2_log1p_triangle_area,hcrd_other,-0.07862826857166327,158
35Hz12kN,Bearing1_3,h_spec_level_2_log1p_peak_amplitude,hcrd_other,0.0392068869521829,158
35Hz12kN,Bearing1_3,h_spec_level_2_log1p_mean_amplitude,hcrd_other,0.014879236459833974,158
35Hz12kN,Bearing1_3,h_spec_level_2_positive_area_fraction,hcrd_other,-0.04984643094564766,158
35Hz12kN,Bearing1_3,h_spec_level_2_sign_balance,hcrd_other,-0.04984643094564766,158
35Hz12kN,Bearing1_3,h_spec_level_2_area_concentration,hcrd_other,-0.1126644649270794,158
35Hz12kN,Bearing1_3,h_spec_level_2_weighted_shape_factor,hcrd_other,-0.04746417102374806,158
35Hz12kN,Bearing1_3,h_spec_level_2_mean_duration_fraction,hcrd_other,-0.008004850304009213,158
35Hz12kN,Bearing1_3,h_spec_level_3_log1p_structure_count,hcrd_other,-0.19706789148954318,158
35Hz12kN,Bearing1_3,h_spec_level_3_knot_fraction,hcrd_other,-0.19706789148954318,158
35Hz12kN,Bearing1_3,h_spec_level_3_log1p_polygon_area,hcrd_exact_polygon_mass,0.058073290241709624,158
35Hz12kN,Bearing1_3,h_spec_level_3_log1p_quadratic_energy,hcrd_other,-0.09634765782471982,158
35Hz12kN,Bearing1_3,h_spec_level_3_log1p_triangle_area,hcrd_other,-0.022041228613284367,158
35Hz12kN,Bearing1_3,h_spec_level_3_log1p_peak_amplitude,hcrd_other,-0.34972518821526744,158
35Hz12kN,Bearing1_3,h_spec_level_3_log1p_mean_amplitude,hcrd_other,-0.10469925870034487,158
35Hz12kN,Bearing1_3,h_spec_level_3_positive_area_fraction,hcrd_other,0.6516667452640034,158
35Hz12kN,Bearing1_3,h_spec_level_3_sign_balance,hcrd_other,0.6516667452640034,158
35Hz12kN,Bearing1_3,h_spec_level_3_area_concentration,hcrd_other,0.10294983410891156,158
35Hz12kN,Bearing1_3,h_spec_level_3_weighted_shape_factor,hcrd_other,0.29728479856824425,158
35Hz12kN,Bearing1_3,h_spec_level_3_mean_duration_fraction,hcrd_other,0.19706789148954318,158
35Hz12kN,Bearing1_3,h_spec_level_4_log1p_structure_count,hcrd_other,-0.08875158804928958,158
35Hz12kN,Bearing1_3,h_spec_level_4_knot_fraction,hcrd_other,-0.08875158804928958,158
35Hz12kN,Bearing1_3,h_spec_level_4_log1p_polygon_area,hcrd_exact_polygon_mass,0.03257732837003829,158
35Hz12kN,Bearing1_3,h_spec_level_4_log1p_quadratic_energy,hcrd_other,0.08335019372975802,158
35Hz12kN,Bearing1_3,h_spec_level_4_log1p_triangle_area,hcrd_other,0.06905663419836042,158
35Hz12kN,Bearing1_3,h_spec_level_4_log1p_peak_amplitude,hcrd_other,0.18024397627476008,158
35Hz12kN,Bearing1_3,h_spec_level_4_log1p_mean_amplitude,hcrd_other,0.12587185997301323,158
35Hz12kN,Bearing1_3,h_spec_level_4_positive_area_fraction,hcrd_other,-0.07542984768970461,158
35Hz12kN,Bearing1_3,h_spec_level_4_sign_balance,hcrd_other,-0.07555577199807802,158
35Hz12kN,Bearing1_3,h_spec_level_4_area_concentration,hcrd_other,0.08789869766748458,158
35Hz12kN,Bearing1_3,h_spec_level_4_weighted_shape_factor,hcrd_other,-0.14079758445703366,158
35Hz12kN,Bearing1_3,h_spec_level_4_mean_duration_fraction,hcrd_other,0.08875158804928958,158
35Hz12kN,Bearing1_3,h_spec_level_5_log1p_structure_count,hcrd_other,0.24831929214218657,158
35Hz12kN,Bearing1_3,h_spec_level_5_knot_fraction,hcrd_other,0.24831929214218657,158
35Hz12kN,Bearing1_3,h_spec_level_5_log1p_polygon_area,hcrd_exact_polygon_mass,-0.31839071192453433,158
35Hz12kN,Bearing1_3,h_spec_level_5_log1p_quadratic_energy,hcrd_other,-0.28971840349033023,158
35Hz12kN,Bearing1_3,h_spec_level_5_log1p_triangle_area,hcrd_other,-0.30442878244612154,158
35Hz12kN,Bearing1_3,h_spec_level_5_log1p_peak_amplitude,hcrd_other,-0.20353109944489997,158
35Hz12kN,Bearing1_3,h_spec_level_5_log1p_mean_amplitude,hcrd_other,-0.2760668067220499,158
35Hz12kN,Bearing1_3,h_spec_level_5_positive_area_fraction,hcrd_other,0.17540454327676513,158
35Hz12kN,Bearing1_3,h_spec_level_5_sign_balance,hcrd_other,0.1732533713984197,158
35Hz12kN,Bearing1_3,h_spec_level_5_area_concentration,hcrd_other,0.007245770512393166,158
35Hz12kN,Bearing1_3,h_spec_level_5_weighted_shape_factor,hcrd_other,-0.2474403077210546,158
35Hz12kN,Bearing1_3,h_spec_level_5_mean_duration_fraction,hcrd_other,-0.24831929214218657,158
35Hz12kN,Bearing1_3,v_env_level_0_log1p_structure_count,hcrd_other,0.5370063346945781,158
35Hz12kN,Bearing1_3,v_env_level_0_knot_fraction,hcrd_other,0.5370063346945781,158
35Hz12kN,Bearing1_3,v_env_level_0_log1p_polygon_area,hcrd_exact_polygon_mass,0.9561213887693026,158
35Hz12kN,Bearing1_3,v_env_level_0_log1p_quadratic_energy,hcrd_other,0.9589661052788507,158
35Hz12kN,Bearing1_3,v_env_level_0_log1p_triangle_area,hcrd_other,0.9555767852877954,158
35Hz12kN,Bearing1_3,v_env_level_0_log1p_peak_amplitude,hcrd_other,0.9458651969471781,158
35Hz12kN,Bearing1_3,v_env_level_0_log1p_mean_amplitude,hcrd_other,0.9535717925821354,158
35Hz12kN,Bearing1_3,v_env_level_0_positive_area_fraction,hcrd_other,-0.4107451179644608,158
35Hz12kN,Bearing1_3,v_env_level_0_sign_balance,hcrd_other,-0.4107451179644608,158
35Hz12kN,Bearing1_3,v_env_level_0_area_concentration,hcrd_other,-0.6399775465156786,158
35Hz12kN,Bearing1_3,v_env_level_0_weighted_shape_factor,hcrd_other,-0.5919003162655413,158
35Hz12kN,Bearing1_3,v_env_level_0_mean_duration_fraction,hcrd_other,-0.5374237038009889,158
35Hz12kN,Bearing1_3,v_env_level_1_log1p_structure_count,hcrd_other,0.33049521511711355,158
35Hz12kN,Bearing1_3,v_env_level_1_knot_fraction,hcrd_other,0.33049521511711355,158
35Hz12kN,Bearing1_3,v_env_level_1_log1p_polygon_area,hcrd_exact_polygon_mass,0.9525038829619735,158
35Hz12kN,Bearing1_3,v_env_level_1_log1p_quadratic_energy,hcrd_other,0.9550200118960873,158
35Hz12kN,Bearing1_3,v_env_level_1_log1p_triangle_area,hcrd_other,0.9536204722229406,158
35Hz12kN,Bearing1_3,v_env_level_1_log1p_peak_amplitude,hcrd_other,0.9430022255723279,158
35Hz12kN,Bearing1_3,v_env_level_1_log1p_mean_amplitude,hcrd_other,0.9550686915368923,158
35Hz12kN,Bearing1_3,v_env_level_1_positive_area_fraction,hcrd_other,-0.09180523884209389,158
35Hz12kN,Bearing1_3,v_env_level_1_sign_balance,hcrd_other,-0.09180523884209389,158
35Hz12kN,Bearing1_3,v_env_level_1_area_concentration,hcrd_other,-0.01922997935678982,158
35Hz12kN,Bearing1_3,v_env_level_1_weighted_shape_factor,hcrd_other,0.07700358555979304,158
35Hz12kN,Bearing1_3,v_env_level_1_mean_duration_fraction,hcrd_other,-0.33049521511711355,158
35Hz12kN,Bearing1_3,v_env_level_2_log1p_structure_count,hcrd_other,-0.09145708133180867,158
35Hz12kN,Bearing1_3,v_env_level_2_knot_fraction,hcrd_other,-0.09145708133180867,158
35Hz12kN,Bearing1_3,v_env_level_2_log1p_polygon_area,hcrd_exact_polygon_mass,0.9466166889021067,158
35Hz12kN,Bearing1_3,v_env_level_2_log1p_quadratic_energy,hcrd_other,0.94626680398382,158
35Hz12kN,Bearing1_3,v_env_level_2_log1p_triangle_area,hcrd_other,0.9467566428694214,158
35Hz12kN,Bearing1_3,v_env_level_2_log1p_peak_amplitude,hcrd_other,0.9283222713920399,158
35Hz12kN,Bearing1_3,v_env_level_2_log1p_mean_amplitude,hcrd_other,0.9491662850892738,158
35Hz12kN,Bearing1_3,v_env_level_2_positive_area_fraction,hcrd_other,0.07072999685103573,158
35Hz12kN,Bearing1_3,v_env_level_2_sign_balance,hcrd_other,0.07072999685103573,158
35Hz12kN,Bearing1_3,v_env_level_2_area_concentration,hcrd_other,0.022257244519356997,158
35Hz12kN,Bearing1_3,v_env_level_2_weighted_shape_factor,hcrd_other,0.2664226581188617,158
35Hz12kN,Bearing1_3,v_env_level_2_mean_duration_fraction,hcrd_other,0.09179615525001188,158
35Hz12kN,Bearing1_3,v_env_level_3_log1p_structure_count,hcrd_other,0.01844902146453181,158
35Hz12kN,Bearing1_3,v_env_level_3_knot_fraction,hcrd_other,0.01844902146453181,158
35Hz12kN,Bearing1_3,v_env_level_3_log1p_polygon_area,hcrd_exact_polygon_mass,0.9442040042047041,158
35Hz12kN,Bearing1_3,v_env_level_3_log1p_quadratic_energy,hcrd_other,0.9473590534243845,158
35Hz12kN,Bearing1_3,v_env_level_3_log1p_triangle_area,hcrd_other,0.9446208236290976,158
35Hz12kN,Bearing1_3,v_env_level_3_log1p_peak_amplitude,hcrd_other,0.9341912105866048,158
35Hz12kN,Bearing1_3,v_env_level_3_log1p_mean_amplitude,hcrd_other,0.9406990700667367,158
35Hz12kN,Bearing1_3,v_env_level_3_positive_area_fraction,hcrd_other,0.06282564017530756,158
35Hz12kN,Bearing1_3,v_env_level_3_sign_balance,hcrd_other,0.06282564017530756,158
35Hz12kN,Bearing1_3,v_env_level_3_area_concentration,hcrd_other,-0.05943327770670211,158
35Hz12kN,Bearing1_3,v_env_level_3_weighted_shape_factor,hcrd_other,-0.10314973139233909,158
35Hz12kN,Bearing1_3,v_env_level_3_mean_duration_fraction,hcrd_other,-0.01844902146453181,158
35Hz12kN,Bearing1_3,v_env_level_4_log1p_structure_count,hcrd_other,0.10496197767318663,158
35Hz12kN,Bearing1_3,v_env_level_4_knot_fraction,hcrd_other,0.10496197767318663,158
35Hz12kN,Bearing1_3,v_env_level_4_log1p_polygon_area,hcrd_exact_polygon_mass,0.8833635806309794,158
35Hz12kN,Bearing1_3,v_env_level_4_log1p_quadratic_energy,hcrd_other,0.8722433251845644,158
35Hz12kN,Bearing1_3,v_env_level_4_log1p_triangle_area,hcrd_other,0.8882224172788385,158
35Hz12kN,Bearing1_3,v_env_level_4_log1p_peak_amplitude,hcrd_other,0.847930887079967,158
35Hz12kN,Bearing1_3,v_env_level_4_log1p_mean_amplitude,hcrd_other,0.8862174245731784,158
35Hz12kN,Bearing1_3,v_env_level_4_positive_area_fraction,hcrd_other,0.057526081838847706,158
35Hz12kN,Bearing1_3,v_env_level_4_sign_balance,hcrd_other,0.05755928665880962,158
35Hz12kN,Bearing1_3,v_env_level_4_area_concentration,hcrd_other,-0.1404879221247446,158
35Hz12kN,Bearing1_3,v_env_level_4_weighted_shape_factor,hcrd_other,0.011011179931754943,158
35Hz12kN,Bearing1_3,v_env_level_4_mean_duration_fraction,hcrd_other,-0.10496197767318663,158
35Hz12kN,Bearing1_3,v_env_level_5_log1p_structure_count,hcrd_other,0.08754466644852615,158
35Hz12kN,Bearing1_3,v_env_level_5_knot_fraction,hcrd_other,0.08754466644852615,158
35Hz12kN,Bearing1_3,v_env_level_5_log1p_polygon_area,hcrd_exact_polygon_mass,0.809994234505042,158
35Hz12kN,Bearing1_3,v_env_level_5_log1p_quadratic_energy,hcrd_other,0.8152577206670936,158
35Hz12kN,Bearing1_3,v_env_level_5_log1p_triangle_area,hcrd_other,0.8105510078967505,158
35Hz12kN,Bearing1_3,v_env_level_5_log1p_peak_amplitude,hcrd_other,0.8087285638441095,158
35Hz12kN,Bearing1_3,v_env_level_5_log1p_mean_amplitude,hcrd_other,0.7913134223460849,158
35Hz12kN,Bearing1_3,v_env_level_5_positive_area_fraction,hcrd_other,0.14125636847905412,158
35Hz12kN,Bearing1_3,v_env_level_5_sign_balance,hcrd_other,0.14166888123638638,158
35Hz12kN,Bearing1_3,v_env_level_5_area_concentration,hcrd_other,0.011851971297266789,158
35Hz12kN,Bearing1_3,v_env_level_5_weighted_shape_factor,hcrd_other,-0.008084283129487488,158
35Hz12kN,Bearing1_3,v_env_level_5_mean_duration_fraction,hcrd_other,-0.08754466644852615,158
35Hz12kN,Bearing1_3,v_spec_level_0_log1p_structure_count,hcrd_other,0.6280882148074457,158
35Hz12kN,Bearing1_3,v_spec_level_0_knot_fraction,hcrd_other,0.6280882148074457,158
35Hz12kN,Bearing1_3,v_spec_level_0_log1p_polygon_area,hcrd_exact_polygon_mass,0.735748654844613,158
35Hz12kN,Bearing1_3,v_spec_level_0_log1p_quadratic_energy,hcrd_other,0.9075969143192685,158
35Hz12kN,Bearing1_3,v_spec_level_0_log1p_triangle_area,hcrd_other,0.8229825711673531,158
35Hz12kN,Bearing1_3,v_spec_level_0_log1p_peak_amplitude,hcrd_other,0.6018887700632378,158
35Hz12kN,Bearing1_3,v_spec_level_0_log1p_mean_amplitude,hcrd_other,0.8682546371160965,158
35Hz12kN,Bearing1_3,v_spec_level_0_positive_area_fraction,hcrd_other,0.20916576786809035,158
35Hz12kN,Bearing1_3,v_spec_level_0_sign_balance,hcrd_other,0.20916576786809035,158
35Hz12kN,Bearing1_3,v_spec_level_0_area_concentration,hcrd_other,0.2753761643181275,158
35Hz12kN,Bearing1_3,v_spec_level_0_weighted_shape_factor,hcrd_other,-0.882253076325113,158
35Hz12kN,Bearing1_3,v_spec_level_0_mean_duration_fraction,hcrd_other,-0.6280882148074457,158
35Hz12kN,Bearing1_3,v_spec_level_1_log1p_structure_count,hcrd_other,0.3291799634001199,158
35Hz12kN,Bearing1_3,v_spec_level_1_knot_fraction,hcrd_other,0.3291799634001199,158
35Hz12kN,Bearing1_3,v_spec_level_1_log1p_polygon_area,hcrd_exact_polygon_mass,-0.39694139731866457,158
35Hz12kN,Bearing1_3,v_spec_level_1_log1p_quadratic_energy,hcrd_other,-0.2533547118089202,158
35Hz12kN,Bearing1_3,v_spec_level_1_log1p_triangle_area,hcrd_other,-0.43081329988636347,158
35Hz12kN,Bearing1_3,v_spec_level_1_log1p_peak_amplitude,hcrd_other,0.40680510953679805,158
35Hz12kN,Bearing1_3,v_spec_level_1_log1p_mean_amplitude,hcrd_other,-0.37253159993245694,158
35Hz12kN,Bearing1_3,v_spec_level_1_positive_area_fraction,hcrd_other,0.420252860309207,158
35Hz12kN,Bearing1_3,v_spec_level_1_sign_balance,hcrd_other,0.420252860309207,158
35Hz12kN,Bearing1_3,v_spec_level_1_area_concentration,hcrd_other,-0.024484338086190344,158
35Hz12kN,Bearing1_3,v_spec_level_1_weighted_shape_factor,hcrd_other,-0.02370242135575842,158
35Hz12kN,Bearing1_3,v_spec_level_1_mean_duration_fraction,hcrd_other,-0.328094843854749,158
35Hz12kN,Bearing1_3,v_spec_level_2_log1p_structure_count,hcrd_other,0.02324533532589495,158
35Hz12kN,Bearing1_3,v_spec_level_2_knot_fraction,hcrd_other,0.02324533532589495,158
35Hz12kN,Bearing1_3,v_spec_level_2_log1p_polygon_area,hcrd_exact_polygon_mass,0.09080426372803901,158
35Hz12kN,Bearing1_3,v_spec_level_2_log1p_quadratic_energy,hcrd_other,0.18425396168608021,158
35Hz12kN,Bearing1_3,v_spec_level_2_log1p_triangle_area,hcrd_other,0.041135817719085005,158
35Hz12kN,Bearing1_3,v_spec_level_2_log1p_peak_amplitude,hcrd_other,0.5241960633382977,158
35Hz12kN,Bearing1_3,v_spec_level_2_log1p_mean_amplitude,hcrd_other,-0.000929476891622386,158
35Hz12kN,Bearing1_3,v_spec_level_2_positive_area_fraction,hcrd_other,0.15869106530830185,158
35Hz12kN,Bearing1_3,v_spec_level_2_sign_balance,hcrd_other,0.15869106530830185,158
35Hz12kN,Bearing1_3,v_spec_level_2_area_concentration,hcrd_other,0.08016167725702394,158
35Hz12kN,Bearing1_3,v_spec_level_2_weighted_shape_factor,hcrd_other,0.20252708185329477,158
35Hz12kN,Bearing1_3,v_spec_level_2_mean_duration_fraction,hcrd_other,-0.02324533532589495,158
35Hz12kN,Bearing1_3,v_spec_level_3_log1p_structure_count,hcrd_other,-0.05668416633334162,158
35Hz12kN,Bearing1_3,v_spec_level_3_knot_fraction,hcrd_other,-0.05668416633334162,158
35Hz12kN,Bearing1_3,v_spec_level_3_log1p_polygon_area,hcrd_exact_polygon_mass,0.011918905803373804,158
35Hz12kN,Bearing1_3,v_spec_level_3_log1p_quadratic_energy,hcrd_other,0.1167474697996072,158
35Hz12kN,Bearing1_3,v_spec_level_3_log1p_triangle_area,hcrd_other,0.0064363612576993695,158
35Hz12kN,Bearing1_3,v_spec_level_3_log1p_peak_amplitude,hcrd_other,0.286432527735986,158
35Hz12kN,Bearing1_3,v_spec_level_3_log1p_mean_amplitude,hcrd_other,0.056655495703261075,158
35Hz12kN,Bearing1_3,v_spec_level_3_positive_area_fraction,hcrd_other,-0.018189452034580802,158
35Hz12kN,Bearing1_3,v_spec_level_3_sign_balance,hcrd_other,-0.018189452034580802,158
35Hz12kN,Bearing1_3,v_spec_level_3_area_concentration,hcrd_other,0.13042949134339074,158
35Hz12kN,Bearing1_3,v_spec_level_3_weighted_shape_factor,hcrd_other,0.020124137159743684,158
35Hz12kN,Bearing1_3,v_spec_level_3_mean_duration_fraction,hcrd_other,0.05776719475535993,158
35Hz12kN,Bearing1_3,v_spec_level_4_log1p_structure_count,hcrd_other,0.12421912521361424,158
35Hz12kN,Bearing1_3,v_spec_level_4_knot_fraction,hcrd_other,0.12421912521361424,158
35Hz12kN,Bearing1_3,v_spec_level_4_log1p_polygon_area,hcrd_exact_polygon_mass,-0.047442873680895836,158
35Hz12kN,Bearing1_3,v_spec_level_4_log1p_quadratic_energy,hcrd_other,-0.0036342394338557773,158
35Hz12kN,Bearing1_3,v_spec_level_4_log1p_triangle_area,hcrd_other,-0.011194796146397934,158
35Hz12kN,Bearing1_3,v_spec_level_4_log1p_peak_amplitude,hcrd_other,0.09061867259746959,158
35Hz12kN,Bearing1_3,v_spec_level_4_log1p_mean_amplitude,hcrd_other,0.07057178801841917,158
35Hz12kN,Bearing1_3,v_spec_level_4_positive_area_fraction,hcrd_other,0.2430159061604851,158
35Hz12kN,Bearing1_3,v_spec_level_4_sign_balance,hcrd_other,0.2430159061604851,158
35Hz12kN,Bearing1_3,v_spec_level_4_area_concentration,hcrd_other,-0.1509023227794858,158
35Hz12kN,Bearing1_3,v_spec_level_4_weighted_shape_factor,hcrd_other,-0.20580174325595388,158
35Hz12kN,Bearing1_3,v_spec_level_4_mean_duration_fraction,hcrd_other,-0.12421912521361424,158
35Hz12kN,Bearing1_3,v_spec_level_5_log1p_structure_count,hcrd_other,0.2636495279807051,158
35Hz12kN,Bearing1_3,v_spec_level_5_knot_fraction,hcrd_other,0.2636495279807051,158
35Hz12kN,Bearing1_3,v_spec_level_5_log1p_polygon_area,hcrd_exact_polygon_mass,-0.3835088589340071,158
35Hz12kN,Bearing1_3,v_spec_level_5_log1p_quadratic_energy,hcrd_other,-0.4077543625324974,158
35Hz12kN,Bearing1_3,v_spec_level_5_log1p_triangle_area,hcrd_other,-0.4072097590509903,158
35Hz12kN,Bearing1_3,v_spec_level_5_log1p_peak_amplitude,hcrd_other,-0.4582047252718834,158
35Hz12kN,Bearing1_3,v_spec_level_5_log1p_mean_amplitude,hcrd_other,-0.48402318976388853,158
35Hz12kN,Bearing1_3,v_spec_level_5_positive_area_fraction,hcrd_other,0.19354246680684484,158
35Hz12kN,Bearing1_3,v_spec_level_5_sign_balance,hcrd_other,0.19354246680684484,158
35Hz12kN,Bearing1_3,v_spec_level_5_area_concentration,hcrd_other,-0.1366449327212336,158
35Hz12kN,Bearing1_3,v_spec_level_5_weighted_shape_factor,hcrd_other,-0.17092167559310348,158
35Hz12kN,Bearing1_3,v_spec_level_5_mean_duration_fraction,hcrd_other,-0.2636495279807051,158
35Hz12kN,Bearing1_4,h_mean,standard,0.13458748731912193,122
35Hz12kN,Bearing1_4,h_std,standard,0.7528459690503964,122
35Hz12kN,Bearing1_4,h_variance,standard,0.7528459690503964,122
35Hz12kN,Bearing1_4,h_rms,standard,0.752383344182988,122
35Hz12kN,Bearing1_4,h_peak,standard,0.7497860359988237,122
35Hz12kN,Bearing1_4,h_peak_to_peak,standard,0.7767041943553157,122
35Hz12kN,Bearing1_4,h_crest_factor,standard,0.6786145046113786,122
35Hz12kN,Bearing1_4,h_shape_factor,standard,0.7028097851768383,122
35Hz12kN,Bearing1_4,h_impulse_factor,standard,0.6816612198095968,122
35Hz12kN,Bearing1_4,h_clearance_factor,standard,0.6838884280998344,122
35Hz12kN,Bearing1_4,h_kurtosis,standard,0.7740804504644423,122
35Hz12kN,Bearing1_4,h_skewness,standard,0.2054814437861219,122
35Hz12kN,Bearing1_4,h_line_integral,standard,0.8590382029006579,122
35Hz12kN,Bearing1_4,h_zero_crossing_rate,standard,0.8347239616550074,122
35Hz12kN,Bearing1_4,h_entropy,standard,-0.7375859573525961,122
35Hz12kN,Bearing1_4,h_percentile_5,standard,-0.5736383132697335,122
35Hz12kN,Bearing1_4,h_percentile_50,standard,0.13906833960630624,122
35Hz12kN,Bearing1_4,h_percentile_95,standard,0.6632751857934512,122
35Hz12kN,Bearing1_4,v_mean,standard,0.14913373493577778,122
35Hz12kN,Bearing1_4,v_std,standard,0.8148839637698639,122
35Hz12kN,Bearing1_4,v_variance,standard,0.8148839637698639,122
35Hz12kN,Bearing1_4,v_rms,standard,0.81687325069972,122
35Hz12kN,Bearing1_4,v_peak,standard,0.7702208372849206,122
35Hz12kN,Bearing1_4,v_peak_to_peak,standard,0.7909133867114311,122
35Hz12kN,Bearing1_4,v_crest_factor,standard,0.4828845321375583,122
35Hz12kN,Bearing1_4,v_shape_factor,standard,0.519445114516177,122
35Hz12kN,Bearing1_4,v_impulse_factor,standard,0.492203118752499,122
35Hz12kN,Bearing1_4,v_clearance_factor,standard,0.49257321864642567,122
35Hz12kN,Bearing1_4,v_kurtosis,standard,0.5898434014823822,122
35Hz12kN,Bearing1_4,v_skewness,standard,-0.47005660545699074,122
35Hz12kN,Bearing1_4,v_line_integral,standard,0.8349618830153889,122
35Hz12kN,Bearing1_4,v_zero_crossing_rate,standard,0.7335035152125907,122
35Hz12kN,Bearing1_4,v_entropy,standard,-0.5100406118544318,122
35Hz12kN,Bearing1_4,v_percentile_5,standard,-0.7522709924294745,122
35Hz12kN,Bearing1_4,v_percentile_50,standard,0.16696159050714995,122
35Hz12kN,Bearing1_4,v_percentile_95,standard,0.7785877384583356,122
35Hz12kN,Bearing1_4,cross_correlation,standard,0.5772666140155509,122
35Hz12kN,Bearing1_4,h_spectral_centroid,standard,0.9040053400127552,122
35Hz12kN,Bearing1_4,h_spectral_bandwidth,standard,0.9094378777414655,122
35Hz12kN,Bearing1_4,h_spectral_rolloff,standard,0.9116717420144248,122
35Hz12kN,Bearing1_4,h_spectral_flatness,standard,0.840341549330681,122
35Hz12kN,Bearing1_4,h_band_power_0_1k,standard,0.5676109721400696,122
35Hz12kN,Bearing1_4,h_band_power_1_3k,standard,-0.07954173702419859,122
35Hz12kN,Bearing1_4,h_band_power_3_6k,standard,0.7537778277118905,122
35Hz12kN,Bearing1_4,h_band_power_6_12k,standard,0.8561170573093078,122
35Hz12kN,Bearing1_4,h_dominant_frequency,standard,-0.42250910528753705,122
35Hz12kN,Bearing1_4,h_mean_frequency,standard,0.8959094048331081,122
35Hz12kN,Bearing1_4,h_bpfo_band_power,standard,-0.7851636205022123,122
35Hz12kN,Bearing1_4,h_bpfi_band_power,standard,0.8742982145984581,122
35Hz12kN,Bearing1_4,h_bsf_band_power,standard,-0.8314525429497623,122
35Hz12kN,Bearing1_4,h_ftf_band_power,standard,0.16375268074588348,122
35Hz12kN,Bearing1_4,v_spectral_centroid,standard,0.8253128500665851,122
35Hz12kN,Bearing1_4,v_spectral_bandwidth,standard,0.932701299645431,122
35Hz12kN,Bearing1_4,v_spectral_rolloff,standard,0.9036790546821555,122
35Hz12kN,Bearing1_4,v_spectral_flatness,standard,0.7797641274068884,122
35Hz12kN,Bearing1_4,v_band_power_0_1k,standard,0.7800417023273336,122
35Hz12kN,Bearing1_4,v_band_power_1_3k,standard,0.7538306991253085,122
35Hz12kN,Bearing1_4,v_band_power_3_6k,standard,0.42419065431678565,122
35Hz12kN,Bearing1_4,v_band_power_6_12k,standard,0.8509819212810742,122
35Hz12kN,Bearing1_4,v_dominant_frequency,standard,-0.6388024116630302,122
35Hz12kN,Bearing1_4,v_mean_frequency,standard,0.7355173633026129,122
35Hz12kN,Bearing1_4,v_bpfo_band_power,standard,-0.3225651888005129,122
35Hz12kN,Bearing1_4,v_bpfi_band_power,standard,0.9189877767901105,122
35Hz12kN,Bearing1_4,v_bsf_band_power,standard,-0.8115795004312325,122
35Hz12kN,Bearing1_4,v_ftf_band_power,standard,0.6915217384120732,122
35Hz12kN,Bearing1_4,h_env_level_0_log1p_structure_count,hcrd_other,0.2843914161366385,122
35Hz12kN,Bearing1_4,h_env_level_0_knot_fraction,hcrd_other,0.2843914161366385,122
35Hz12kN,Bearing1_4,h_env_level_0_log1p_polygon_area,hcrd_exact_polygon_mass,0.4659788976971194,122
35Hz12kN,Bearing1_4,h_env_level_0_log1p_quadratic_energy,hcrd_other,0.47246225476751447,122
35Hz12kN,Bearing1_4,h_env_level_0_log1p_triangle_area,hcrd_other,0.48569332597539494,122
35Hz12kN,Bearing1_4,h_env_level_0_log1p_peak_amplitude,hcrd_other,0.5134309912398677,122
35Hz12kN,Bearing1_4,h_env_level_0_log1p_mean_amplitude,hcrd_other,0.5064255289619689,122
35Hz12kN,Bearing1_4,h_env_level_0_positive_area_fraction,hcrd_other,0.11304238635124464,122
35Hz12kN,Bearing1_4,h_env_level_0_sign_balance,hcrd_other,0.11304238635124464,122
35Hz12kN,Bearing1_4,h_env_level_0_area_concentration,hcrd_other,-0.11037898890030766,122
35Hz12kN,Bearing1_4,h_env_level_0_weighted_shape_factor,hcrd_other,-0.3539047191040939,122
35Hz12kN,Bearing1_4,h_env_level_0_mean_duration_fraction,hcrd_other,-0.2843914161366385,122
35Hz12kN,Bearing1_4,h_env_level_1_log1p_structure_count,hcrd_other,0.07398687555597762,122
35Hz12kN,Bearing1_4,h_env_level_1_knot_fraction,hcrd_other,0.07398687555597762,122
35Hz12kN,Bearing1_4,h_env_level_1_log1p_polygon_area,hcrd_exact_polygon_mass,0.4660119423305058,122
35Hz12kN,Bearing1_4,h_env_level_1_log1p_quadratic_energy,hcrd_other,0.4817940592358098,122
35Hz12kN,Bearing1_4,h_env_level_1_log1p_triangle_area,hcrd_other,0.46765095614646696,122
35Hz12kN,Bearing1_4,h_env_level_1_log1p_peak_amplitude,hcrd_other,0.44105663519716076,122
35Hz12kN,Bearing1_4,h_env_level_1_log1p_mean_amplitude,hcrd_other,0.4575987786703501,122
35Hz12kN,Bearing1_4,h_env_level_1_positive_area_fraction,hcrd_other,0.007226861321587067,122
35Hz12kN,Bearing1_4,h_env_level_1_sign_balance,hcrd_other,0.007226861321587067,122
35Hz12kN,Bearing1_4,h_env_level_1_area_concentration,hcrd_other,0.1927196063723271,122
35Hz12kN,Bearing1_4,h_env_level_1_weighted_shape_factor,hcrd_other,-0.02844812488227849,122
35Hz12kN,Bearing1_4,h_env_level_1_mean_duration_fraction,hcrd_other,-0.07398687555597762,122
35Hz12kN,Bearing1_4,h_env_level_2_log1p_structure_count,hcrd_other,-0.05006495956858983,122
35Hz12kN,Bearing1_4,h_env_level_2_knot_fraction,hcrd_other,-0.05006495956858983,122
35Hz12kN,Bearing1_4,h_env_level_2_log1p_polygon_area,hcrd_exact_polygon_mass,0.3397219624546875,122
35Hz12kN,Bearing1_4,h_env_level_2_log1p_quadratic_energy,hcrd_other,0.32625296988642555,122
35Hz12kN,Bearing1_4,h_env_level_2_log1p_triangle_area,hcrd_other,0.34311895076680077,122
35Hz12kN,Bearing1_4,h_env_level_2_log1p_peak_amplitude,hcrd_other,0.3092415926191507,122
35Hz12kN,Bearing1_4,h_env_level_2_log1p_mean_amplitude,hcrd_other,0.3763023716133381,122
35Hz12kN,Bearing1_4,h_env_level_2_positive_area_fraction,hcrd_other,-0.032532441568827015,122
35Hz12kN,Bearing1_4,h_env_level_2_sign_balance,hcrd_other,-0.032532441568827015,122
35Hz12kN,Bearing1_4,h_env_level_2_area_concentration,hcrd_other,0.03384100905092509,122
35Hz12kN,Bearing1_4,h_env_level_2_weighted_shape_factor,hcrd_other,-0.00034696922383031987,122
35Hz12kN,Bearing1_4,h_env_level_2_mean_duration_fraction,hcrd_other,0.05006495956858983,122
35Hz12kN,Bearing1_4,h_env_level_3_log1p_structure_count,hcrd_other,-0.07613231325558883,122
35Hz12kN,Bearing1_4,h_env_level_3_knot_fraction,hcrd_other,-0.07613231325558883,122
35Hz12kN,Bearing1_4,h_env_level_3_log1p_polygon_area,hcrd_exact_polygon_mass,0.3778422515291404,122
35Hz12kN,Bearing1_4,h_env_level_3_log1p_quadratic_energy,hcrd_other,0.42111089448518113,122
35Hz12kN,Bearing1_4,h_env_level_3_log1p_triangle_area,hcrd_other,0.39363758628779894,122
35Hz12kN,Bearing1_4,h_env_level_3_log1p_peak_amplitude,hcrd_other,0.4401644300957303,122
35Hz12kN,Bearing1_4,h_env_level_3_log1p_mean_amplitude,hcrd_other,0.39899081689638194,122
35Hz12kN,Bearing1_4,h_env_level_3_positive_area_fraction,hcrd_other,-0.11055742992059375,122
35Hz12kN,Bearing1_4,h_env_level_3_sign_balance,hcrd_other,-0.11055742992059375,122
35Hz12kN,Bearing1_4,h_env_level_3_area_concentration,hcrd_other,0.1579764788299556,122
35Hz12kN,Bearing1_4,h_env_level_3_weighted_shape_factor,hcrd_other,-0.05470282838642208,122
35Hz12kN,Bearing1_4,h_env_level_3_mean_duration_fraction,hcrd_other,0.07613231325558883,122
35Hz12kN,Bearing1_4,h_env_level_4_log1p_structure_count,hcrd_other,-0.06574863208202161,122
35Hz12kN,Bearing1_4,h_env_level_4_knot_fraction,hcrd_other,-0.06574863208202161,122
35Hz12kN,Bearing1_4,h_env_level_4_log1p_polygon_area,hcrd_exact_polygon_mass,0.22484559895050243,122
35Hz12kN,Bearing1_4,h_env_level_4_log1p_quadratic_energy,hcrd_other,0.24313910799316635,122
35Hz12kN,Bearing1_4,h_env_level_4_log1p_triangle_area,hcrd_other,0.2391935787668404,122
35Hz12kN,Bearing1_4,h_env_level_4_log1p_peak_amplitude,hcrd_other,0.23645748312245352,122
35Hz12kN,Bearing1_4,h_env_level_4_log1p_mean_amplitude,hcrd_other,0.24578928759074878,122
35Hz12kN,Bearing1_4,h_env_level_4_positive_area_fraction,hcrd_other,-0.07423831868390278,122
35Hz12kN,Bearing1_4,h_env_level_4_sign_balance,hcrd_other,-0.07423831868390278,122
35Hz12kN,Bearing1_4,h_env_level_4_area_concentration,hcrd_other,0.022321649852455713,122
35Hz12kN,Bearing1_4,h_env_level_4_weighted_shape_factor,hcrd_other,0.013654021099467485,122
35Hz12kN,Bearing1_4,h_env_level_4_mean_duration_fraction,hcrd_other,0.06574863208202161,122
35Hz12kN,Bearing1_4,h_env_level_5_log1p_structure_count,hcrd_other,-0.15416294008510656,122
35Hz12kN,Bearing1_4,h_env_level_5_knot_fraction,hcrd_other,-0.15416294008510656,122
35Hz12kN,Bearing1_4,h_env_level_5_log1p_polygon_area,hcrd_exact_polygon_mass,0.23165940235476057,122
35Hz12kN,Bearing1_4,h_env_level_5_log1p_quadratic_energy,hcrd_other,0.2210256393310444,122
35Hz12kN,Bearing1_4,h_env_level_5_log1p_triangle_area,hcrd_other,0.23263091457631824,122
35Hz12kN,Bearing1_4,h_env_level_5_log1p_peak_amplitude,hcrd_other,0.16720254047141475,122
35Hz12kN,Bearing1_4,h_env_level_5_log1p_mean_amplitude,hcrd_other,0.24313249906648912,122
35Hz12kN,Bearing1_4,h_env_level_5_positive_area_fraction,hcrd_other,-0.14254545006236582,122
35Hz12kN,Bearing1_4,h_env_level_5_sign_balance,hcrd_other,-0.1392224978474897,122
35Hz12kN,Bearing1_4,h_env_level_5_area_concentration,hcrd_other,-0.009625901705433529,122
35Hz12kN,Bearing1_4,h_env_level_5_weighted_shape_factor,hcrd_other,0.02423017005924937,122
35Hz12kN,Bearing1_4,h_env_level_5_mean_duration_fraction,hcrd_other,0.15416294008510656,122
35Hz12kN,Bearing1_4,h_spec_level_0_log1p_structure_count,hcrd_other,-0.6199273502751212,122
35Hz12kN,Bearing1_4,h_spec_level_0_knot_fraction,hcrd_other,-0.6199273502751212,122
35Hz12kN,Bearing1_4,h_spec_level_0_log1p_polygon_area,hcrd_exact_polygon_mass,-0.8083807799194371,122
35Hz12kN,Bearing1_4,h_spec_level_0_log1p_quadratic_energy,hcrd_other,-0.8170649095733608,122
35Hz12kN,Bearing1_4,h_spec_level_0_log1p_triangle_area,hcrd_other,-0.8199001391179065,122
35Hz12kN,Bearing1_4,h_spec_level_0_log1p_peak_amplitude,hcrd_other,-0.6372558414650669,122
35Hz12kN,Bearing1_4,h_spec_level_0_log1p_mean_amplitude,hcrd_other,-0.8202834568651878,122
35Hz12kN,Bearing1_4,h_spec_level_0_positive_area_fraction,hcrd_other,-0.13478575511943985,122
35Hz12kN,Bearing1_4,h_spec_level_0_sign_balance,hcrd_other,-0.13478575511943985,122
35Hz12kN,Bearing1_4,h_spec_level_0_area_concentration,hcrd_other,0.34620531952508254,122
35Hz12kN,Bearing1_4,h_spec_level_0_weighted_shape_factor,hcrd_other,0.5610152633161611,122
35Hz12kN,Bearing1_4,h_spec_level_0_mean_duration_fraction,hcrd_other,0.6199273502751212,122
35Hz12kN,Bearing1_4,h_spec_level_1_log1p_structure_count,hcrd_other,-0.5549032717175363,122
35Hz12kN,Bearing1_4,h_spec_level_1_knot_fraction,hcrd_other,-0.5549032717175363,122
35Hz12kN,Bearing1_4,h_spec_level_1_log1p_polygon_area,hcrd_exact_polygon_mass,-0.006142997346515939,122
35Hz12kN,Bearing1_4,h_spec_level_1_log1p_quadratic_energy,hcrd_other,0.12276411749349847,122
35Hz12kN,Bearing1_4,h_spec_level_1_log1p_triangle_area,hcrd_other,-0.07111535551068829,122
35Hz12kN,Bearing1_4,h_spec_level_1_log1p_peak_amplitude,hcrd_other,0.37099540349149596,122
35Hz12kN,Bearing1_4,h_spec_level_1_log1p_mean_amplitude,hcrd_other,-0.14893546713545985,122
35Hz12kN,Bearing1_4,h_spec_level_1_positive_area_fraction,hcrd_other,0.0858400441476302,122
35Hz12kN,Bearing1_4,h_spec_level_1_sign_balance,hcrd_other,0.0858400441476302,122
35Hz12kN,Bearing1_4,h_spec_level_1_area_concentration,hcrd_other,0.33976822494142833,122
35Hz12kN,Bearing1_4,h_spec_level_1_weighted_shape_factor,hcrd_other,0.23118355963399762,122
35Hz12kN,Bearing1_4,h_spec_level_1_mean_duration_fraction,hcrd_other,0.5549032717175363,122
35Hz12kN,Bearing1_4,h_spec_level_2_log1p_structure_count,hcrd_other,-0.4070511309260673,122
35Hz12kN,Bearing1_4,h_spec_level_2_knot_fraction,hcrd_other,-0.4070511309260673,122
35Hz12kN,Bearing1_4,h_spec_level_2_log1p_polygon_area,hcrd_exact_polygon_mass,-0.1916291334705787,122
35Hz12kN,Bearing1_4,h_spec_level_2_log1p_quadratic_energy,hcrd_other,-0.14519481463612902,122
35Hz12kN,Bearing1_4,h_spec_level_2_log1p_triangle_area,hcrd_other,-0.17710271263395466,122
35Hz12kN,Bearing1_4,h_spec_level_2_log1p_peak_amplitude,hcrd_other,0.009533376731951848,122
35Hz12kN,Bearing1_4,h_spec_level_2_log1p_mean_amplitude,hcrd_other,-0.1408263141024582,122
35Hz12kN,Bearing1_4,h_spec_level_2_positive_area_fraction,hcrd_other,0.001404396918918383,122
35Hz12kN,Bearing1_4,h_spec_level_2_sign_balance,hcrd_other,0.001404396918918383,122
35Hz12kN,Bearing1_4,h_spec_level_2_area_concentration,hcrd_other,0.0540114532699317,122
35Hz12kN,Bearing1_4,h_spec_level_2_weighted_shape_factor,hcrd_other,-0.09650024287805538,122
35Hz12kN,Bearing1_4,h_spec_level_2_mean_duration_fraction,hcrd_other,0.4080296046174216,122
35Hz12kN,Bearing1_4,h_spec_level_3_log1p_structure_count,hcrd_other,-0.32310176249077016,122
35Hz12kN,Bearing1_4,h_spec_level_3_knot_fraction,hcrd_other,-0.32310176249077016,122
35Hz12kN,Bearing1_4,h_spec_level_3_log1p_polygon_area,hcrd_exact_polygon_mass,-0.029155280036745633,122
35Hz12kN,Bearing1_4,h_spec_level_3_log1p_quadratic_energy,hcrd_other,-0.0015497933058181686,122
35Hz12kN,Bearing1_4,h_spec_level_3_log1p_triangle_area,hcrd_other,-0.1116346849689876,122
35Hz12kN,Bearing1_4,h_spec_level_3_log1p_peak_amplitude,hcrd_other,-0.09295785817904242,122
35Hz12kN,Bearing1_4,h_spec_level_3_log1p_mean_amplitude,hcrd_other,-0.1390551217529517,122
35Hz12kN,Bearing1_4,h_spec_level_3_positive_area_fraction,hcrd_other,-0.02866621946262817,122
35Hz12kN,Bearing1_4,h_spec_level_3_sign_balance,hcrd_other,-0.02866621946262817,122
35Hz12kN,Bearing1_4,h_spec_level_3_area_concentration,hcrd_other,0.23208237366210543,122
35Hz12kN,Bearing1_4,h_spec_level_3_weighted_shape_factor,hcrd_other,0.21515652345638842,122
35Hz12kN,Bearing1_4,h_spec_level_3_mean_duration_fraction,hcrd_other,0.32310176249077016,122
35Hz12kN,Bearing1_4,h_spec_level_4_log1p_structure_count,hcrd_other,-0.3053824524953553,122
35Hz12kN,Bearing1_4,h_spec_level_4_knot_fraction,hcrd_other,-0.3053824524953553,122
35Hz12kN,Bearing1_4,h_spec_level_4_log1p_polygon_area,hcrd_exact_polygon_mass,0.2350960442269373,122
35Hz12kN,Bearing1_4,h_spec_level_4_log1p_quadratic_energy,hcrd_other,0.23158670416131072,122
35Hz12kN,Bearing1_4,h_spec_level_4_log1p_triangle_area,hcrd_other,0.26813406868657497,122
35Hz12kN,Bearing1_4,h_spec_level_4_log1p_peak_amplitude,hcrd_other,0.13708566160312735,122
35Hz12kN,Bearing1_4,h_spec_level_4_log1p_mean_amplitude,hcrd_other,0.27354017070857606,122
35Hz12kN,Bearing1_4,h_spec_level_4_positive_area_fraction,hcrd_other,-0.0047949347538333385,122
35Hz12kN,Bearing1_4,h_spec_level_4_sign_balance,hcrd_other,-0.0047949347538333385,122
35Hz12kN,Bearing1_4,h_spec_level_4_area_concentration,hcrd_other,0.12790586244840907,122
35Hz12kN,Bearing1_4,h_spec_level_4_weighted_shape_factor,hcrd_other,0.08295176041137346,122
35Hz12kN,Bearing1_4,h_spec_level_4_mean_duration_fraction,hcrd_other,0.3053824524953553,122
35Hz12kN,Bearing1_4,h_spec_level_5_log1p_structure_count,hcrd_other,-0.31731378767984864,122
35Hz12kN,Bearing1_4,h_spec_level_5_knot_fraction,hcrd_other,-0.31731378767984864,122
35Hz12kN,Bearing1_4,h_spec_level_5_log1p_polygon_area,hcrd_exact_polygon_mass,-0.08642162969522935,122
35Hz12kN,Bearing1_4,h_spec_level_5_log1p_quadratic_energy,hcrd_other,-0.08478922480594539,122
35Hz12kN,Bearing1_4,h_spec_level_5_log1p_triangle_area,hcrd_other,-0.06461878058693878,122
35Hz12kN,Bearing1_4,h_spec_level_5_log1p_peak_amplitude,hcrd_other,-0.06686581565720819,122
35Hz12kN,Bearing1_4,h_spec_level_5_log1p_mean_amplitude,hcrd_other,0.029049537209909423,122
35Hz12kN,Bearing1_4,h_spec_level_5_positive_area_fraction,hcrd_other,-0.09009924318136085,122
35Hz12kN,Bearing1_4,h_spec_level_5_sign_balance,hcrd_other,-0.09009924318136085,122
35Hz12kN,Bearing1_4,h_spec_level_5_area_concentration,hcrd_other,-0.020583054541122796,122
35Hz12kN,Bearing1_4,h_spec_level_5_weighted_shape_factor,hcrd_other,-0.15871384315877518,122
35Hz12kN,Bearing1_4,h_spec_level_5_mean_duration_fraction,hcrd_other,0.31731378767984864,122
35Hz12kN,Bearing1_4,v_env_level_0_log1p_structure_count,hcrd_other,0.09411613391194827,122
35Hz12kN,Bearing1_4,v_env_level_0_knot_fraction,hcrd_other,0.09411613391194827,122
35Hz12kN,Bearing1_4,v_env_level_0_log1p_polygon_area,hcrd_exact_polygon_mass,0.6592701762270298,122
35Hz12kN,Bearing1_4,v_env_level_0_log1p_quadratic_energy,hcrd_other,0.6443472197897699,122
35Hz12kN,Bearing1_4,v_env_level_0_log1p_triangle_area,hcrd_other,0.6750853377657201,122
35Hz12kN,Bearing1_4,v_env_level_0_log1p_peak_amplitude,hcrd_other,0.42138186047894893,122
35Hz12kN,Bearing1_4,v_env_level_0_log1p_mean_amplitude,hcrd_other,0.6844766225741109,122
35Hz12kN,Bearing1_4,v_env_level_0_positive_area_fraction,hcrd_other,0.09239609941147509,122
35Hz12kN,Bearing1_4,v_env_level_0_sign_balance,hcrd_other,0.09239609941147509,122
35Hz12kN,Bearing1_4,v_env_level_0_area_concentration,hcrd_other,-0.06227922054318768,122
35Hz12kN,Bearing1_4,v_env_level_0_weighted_shape_factor,hcrd_other,-0.14742202292636664,122
35Hz12kN,Bearing1_4,v_env_level_0_mean_duration_fraction,hcrd_other,-0.09411613391194827,122
35Hz12kN,Bearing1_4,v_env_level_1_log1p_structure_count,hcrd_other,-0.07208918406104611,122
35Hz12kN,Bearing1_4,v_env_level_1_knot_fraction,hcrd_other,-0.07208918406104611,122
35Hz12kN,Bearing1_4,v_env_level_1_log1p_polygon_area,hcrd_exact_polygon_mass,0.5240779721169383,122
35Hz12kN,Bearing1_4,v_env_level_1_log1p_quadratic_energy,hcrd_other,0.5468721602268184,122
35Hz12kN,Bearing1_4,v_env_level_1_log1p_triangle_area,hcrd_other,0.5336609157989697,122
35Hz12kN,Bearing1_4,v_env_level_1_log1p_peak_amplitude,hcrd_other,0.3258498253591126,122
35Hz12kN,Bearing1_4,v_env_level_1_log1p_mean_amplitude,hcrd_other,0.5507714269664035,122
35Hz12kN,Bearing1_4,v_env_level_1_positive_area_fraction,hcrd_other,-0.07954834595087586,122
35Hz12kN,Bearing1_4,v_env_level_1_sign_balance,hcrd_other,-0.07954834595087586,122
35Hz12kN,Bearing1_4,v_env_level_1_area_concentration,hcrd_other,0.12186530346539069,122
35Hz12kN,Bearing1_4,v_env_level_1_weighted_shape_factor,hcrd_other,0.10375684436969014,122
35Hz12kN,Bearing1_4,v_env_level_1_mean_duration_fraction,hcrd_other,0.07208918406104611,122
35Hz12kN,Bearing1_4,v_env_level_2_log1p_structure_count,hcrd_other,-0.13572754866151818,122
35Hz12kN,Bearing1_4,v_env_level_2_knot_fraction,hcrd_other,-0.13572754866151818,122
35Hz12kN,Bearing1_4,v_env_level_2_log1p_polygon_area,hcrd_exact_polygon_mass,0.511805195277261,122
35Hz12kN,Bearing1_4,v_env_level_2_log1p_quadratic_energy,hcrd_other,0.5007154163128137,122
35Hz12kN,Bearing1_4,v_env_level_2_log1p_triangle_area,hcrd_other,0.5174888722197072,122
35Hz12kN,Bearing1_4,v_env_level_2_log1p_peak_amplitude,hcrd_other,0.31337217179244004,122
35Hz12kN,Bearing1_4,v_env_level_2_log1p_mean_amplitude,hcrd_other,0.5149576533023155,122
35Hz12kN,Bearing1_4,v_env_level_2_positive_area_fraction,hcrd_other,-0.12863284438290798,122
35Hz12kN,Bearing1_4,v_env_level_2_sign_balance,hcrd_other,-0.12863284438290798,122
35Hz12kN,Bearing1_4,v_env_level_2_area_concentration,hcrd_other,0.06990592192874916,122
35Hz12kN,Bearing1_4,v_env_level_2_weighted_shape_factor,hcrd_other,0.05763079282780991,122
35Hz12kN,Bearing1_4,v_env_level_2_mean_duration_fraction,hcrd_other,0.13572754866151818,122
35Hz12kN,Bearing1_4,v_env_level_3_log1p_structure_count,hcrd_other,-0.06860953523538903,122
35Hz12kN,Bearing1_4,v_env_level_3_knot_fraction,hcrd_other,-0.06860953523538903,122
35Hz12kN,Bearing1_4,v_env_level_3_log1p_polygon_area,hcrd_exact_polygon_mass,0.4071991038295425,122
35Hz12kN,Bearing1_4,v_env_level_3_log1p_quadratic_energy,hcrd_other,0.4074238073365695,122
35Hz12kN,Bearing1_4,v_env_level_3_log1p_triangle_area,hcrd_other,0.4270324927880087,122
35Hz12kN,Bearing1_4,v_env_level_3_log1p_peak_amplitude,hcrd_other,0.3445927414158303,122
35Hz12kN,Bearing1_4,v_env_level_3_log1p_mean_amplitude,hcrd_other,0.4397018052283219,122
35Hz12kN,Bearing1_4,v_env_level_3_positive_area_fraction,hcrd_other,-0.07756566794769695,122
35Hz12kN,Bearing1_4,v_env_level_3_sign_balance,hcrd_other,-0.07756566794769695,122
35Hz12kN,Bearing1_4,v_env_level_3_area_concentration,hcrd_other,0.02667032360609475,122
35Hz12kN,Bearing1_4,v_env_level_3_weighted_shape_factor,hcrd_other,-0.022960796474852385,122
35Hz12kN,Bearing1_4,v_env_level_3_mean_duration_fraction,hcrd_other,0.06860953523538903,122
35Hz12kN,Bearing1_4,v_env_level_4_log1p_structure_count,hcrd_other,-0.07631152013051297,122
35Hz12kN,Bearing1_4,v_env_level_4_knot_fraction,hcrd_other,-0.07631152013051297,122
35Hz12kN,Bearing1_4,v_env_level_4_log1p_polygon_area,hcrd_exact_polygon_mass,0.27055954477713046,122
35Hz12kN,Bearing1_4,v_env_level_4_log1p_quadratic_energy,hcrd_other,0.2646049018409165,122
35Hz12kN,Bearing1_4,v_env_level_4_log1p_triangle_area,hcrd_other,0.2726744013138546,122
35Hz12kN,Bearing1_4,v_env_level_4_log1p_peak_amplitude,hcrd_other,0.2504089273381556,122
35Hz12kN,Bearing1_4,v_env_level_4_log1p_mean_amplitude,hcrd_other,0.25585468292022034,122
35Hz12kN,Bearing1_4,v_env_level_4_positive_area_fraction,hcrd_other,0.10314899354155652,122
35Hz12kN,Bearing1_4,v_env_level_4_sign_balance,hcrd_other,0.10314899354155652,122
35Hz12kN,Bearing1_4,v_env_level_4_area_concentration,hcrd_other,0.011007167380981493,122
35Hz12kN,Bearing1_4,v_env_level_4_weighted_shape_factor,hcrd_other,-0.09001269562609361,122
35Hz12kN,Bearing1_4,v_env_level_4_mean_duration_fraction,hcrd_other,0.07631152013051297,122
35Hz12kN,Bearing1_4,v_env_level_5_log1p_structure_count,hcrd_other,-0.12042817247073449,122
35Hz12kN,Bearing1_4,v_env_level_5_knot_fraction,hcrd_other,-0.12042817247073449,122
35Hz12kN,Bearing1_4,v_env_level_5_log1p_polygon_area,hcrd_exact_polygon_mass,0.16808152771949073,122
35Hz12kN,Bearing1_4,v_env_level_5_log1p_quadratic_energy,hcrd_other,0.13893616107276097,122
35Hz12kN,Bearing1_4,v_env_level_5_log1p_triangle_area,hcrd_other,0.16541813026855373,122
35Hz12kN,Bearing1_4,v_env_level_5_log1p_peak_amplitude,hcrd_other,0.08925025031309791,122
35Hz12kN,Bearing1_4,v_env_level_5_log1p_mean_amplitude,hcrd_other,0.1473228890262077,122
35Hz12kN,Bearing1_4,v_env_level_5_positive_area_fraction,hcrd_other,-0.17620222347376113,122
35Hz12kN,Bearing1_4,v_env_level_5_sign_balance,hcrd_other,-0.1748842759410291,122
35Hz12kN,Bearing1_4,v_env_level_5_area_concentration,hcrd_other,0.048658222661348685,122
35Hz12kN,Bearing1_4,v_env_level_5_weighted_shape_factor,hcrd_other,0.07652426678852284,122
35Hz12kN,Bearing1_4,v_env_level_5_mean_duration_fraction,hcrd_other,0.12042817247073449,122
35Hz12kN,Bearing1_4,v_spec_level_0_log1p_structure_count,hcrd_other,-0.42243637458962574,122
35Hz12kN,Bearing1_4,v_spec_level_0_knot_fraction,hcrd_other,-0.42243637458962574,122
35Hz12kN,Bearing1_4,v_spec_level_0_log1p_polygon_area,hcrd_exact_polygon_mass,-0.7136682517075814,122
35Hz12kN,Bearing1_4,v_spec_level_0_log1p_quadratic_energy,hcrd_other,-0.6715495619933843,122
35Hz12kN,Bearing1_4,v_spec_level_0_log1p_triangle_area,hcrd_other,-0.7782572921244725,122
35Hz12kN,Bearing1_4,v_spec_level_0_log1p_peak_amplitude,hcrd_other,-0.5230998509687035,122
35Hz12kN,Bearing1_4,v_spec_level_0_log1p_mean_amplitude,hcrd_other,-0.811017741663665,122
35Hz12kN,Bearing1_4,v_spec_level_0_positive_area_fraction,hcrd_other,0.07338882628766676,122
35Hz12kN,Bearing1_4,v_spec_level_0_sign_balance,hcrd_other,0.07338882628766676,122
35Hz12kN,Bearing1_4,v_spec_level_0_area_concentration,hcrd_other,0.5312750932684777,122
35Hz12kN,Bearing1_4,v_spec_level_0_weighted_shape_factor,hcrd_other,0.3952964268837919,122
35Hz12kN,Bearing1_4,v_spec_level_0_mean_duration_fraction,hcrd_other,0.42243637458962574,122
35Hz12kN,Bearing1_4,v_spec_level_1_log1p_structure_count,hcrd_other,-0.4398922915046568,122
35Hz12kN,Bearing1_4,v_spec_level_1_knot_fraction,hcrd_other,-0.4398922915046568,122
35Hz12kN,Bearing1_4,v_spec_level_1_log1p_polygon_area,hcrd_exact_polygon_mass,-0.16646894961023853,122
35Hz12kN,Bearing1_4,v_spec_level_1_log1p_quadratic_energy,hcrd_other,-0.10543551174571493,122
35Hz12kN,Bearing1_4,v_spec_level_1_log1p_triangle_area,hcrd_other,-0.2400857838682709,122
35Hz12kN,Bearing1_4,v_spec_level_1_log1p_peak_amplitude,hcrd_other,0.05007914189696022,122
35Hz12kN,Bearing1_4,v_spec_level_1_log1p_mean_amplitude,hcrd_other,-0.41339827705281523,122
35Hz12kN,Bearing1_4,v_spec_level_1_positive_area_fraction,hcrd_other,-0.13645120464211008,122
35Hz12kN,Bearing1_4,v_spec_level_1_sign_balance,hcrd_other,-0.13645120464211008,122
35Hz12kN,Bearing1_4,v_spec_level_1_area_concentration,hcrd_other,0.2535415585831783,122
35Hz12kN,Bearing1_4,v_spec_level_1_weighted_shape_factor,hcrd_other,0.14321213663295013,122
35Hz12kN,Bearing1_4,v_spec_level_1_mean_duration_fraction,hcrd_other,0.4359989804329975,122
35Hz12kN,Bearing1_4,v_spec_level_2_log1p_structure_count,hcrd_other,-0.28998665259502787,122
35Hz12kN,Bearing1_4,v_spec_level_2_knot_fraction,hcrd_other,-0.28998665259502787,122
35Hz12kN,Bearing1_4,v_spec_level_2_log1p_polygon_area,hcrd_exact_polygon_mass,-0.28443168187270546,122
35Hz12kN,Bearing1_4,v_spec_level_2_log1p_quadratic_energy,hcrd_other,-0.21605572646974264,122
35Hz12kN,Bearing1_4,v_spec_level_2_log1p_triangle_area,hcrd_other,-0.27429358834978407,122
35Hz12kN,Bearing1_4,v_spec_level_2_log1p_peak_amplitude,hcrd_other,0.22355024932175888,122
35Hz12kN,Bearing1_4,v_spec_level_2_log1p_mean_amplitude,hcrd_other,-0.1669778369643878,122
35Hz12kN,Bearing1_4,v_spec_level_2_positive_area_fraction,hcrd_other,0.027529484074138938,122
35Hz12kN,Bearing1_4,v_spec_level_2_sign_balance,hcrd_other,0.027529484074138938,122
35Hz12kN,Bearing1_4,v_spec_level_2_area_concentration,hcrd_other,-0.026591016485967598,122
35Hz12kN,Bearing1_4,v_spec_level_2_weighted_shape_factor,hcrd_other,-0.09956678485630541,122
35Hz12kN,Bearing1_4,v_spec_level_2_mean_duration_fraction,hcrd_other,0.28938416539175205,122
35Hz12kN,Bearing1_4,v_spec_level_3_log1p_structure_count,hcrd_other,-0.17978364630089044,122
35Hz12kN,Bearing1_4,v_spec_level_3_knot_fraction,hcrd_other,-0.17978364630089044,122
35Hz12kN,Bearing1_4,v_spec_level_3_log1p_polygon_area,hcrd_exact_polygon_mass,-0.2675855277723621,122
35Hz12kN,Bearing1_4,v_spec_level_3_log1p_quadratic_energy,hcrd_other,-0.2979998083411263,122
35Hz12kN,Bearing1_4,v_spec_level_3_log1p_triangle_area,hcrd_other,-0.2919922939914943,122
35Hz12kN,Bearing1_4,v_spec_level_3_log1p_peak_amplitude,hcrd_other,-0.2418305405110683,122
35Hz12kN,Bearing1_4,v_spec_level_3_log1p_mean_amplitude,hcrd_other,-0.26213977219029744,122
35Hz12kN,Bearing1_4,v_spec_level_3_positive_area_fraction,hcrd_other,-0.022255560585683083,122
35Hz12kN,Bearing1_4,v_spec_level_3_sign_balance,hcrd_other,-0.022255560585683083,122
35Hz12kN,Bearing1_4,v_spec_level_3_area_concentration,hcrd_other,-0.014906434120566648,122
35Hz12kN,Bearing1_4,v_spec_level_3_weighted_shape_factor,hcrd_other,0.029932728496380574,122
35Hz12kN,Bearing1_4,v_spec_level_3_mean_duration_fraction,hcrd_other,0.17978364630089044,122
35Hz12kN,Bearing1_4,v_spec_level_4_log1p_structure_count,hcrd_other,-0.19414516280097946,122
35Hz12kN,Bearing1_4,v_spec_level_4_knot_fraction,hcrd_other,-0.19414516280097946,122
35Hz12kN,Bearing1_4,v_spec_level_4_log1p_polygon_area,hcrd_exact_polygon_mass,-0.08673224924906071,122
35Hz12kN,Bearing1_4,v_spec_level_4_log1p_quadratic_energy,hcrd_other,-0.07035532894280304,122
35Hz12kN,Bearing1_4,v_spec_level_4_log1p_triangle_area,hcrd_other,-0.07744670726750622,122
35Hz12kN,Bearing1_4,v_spec_level_4_log1p_peak_amplitude,hcrd_other,-0.04762062117301839,122
35Hz12kN,Bearing1_4,v_spec_level_4_log1p_mean_amplitude,hcrd_other,-0.021039518077066693,122
35Hz12kN,Bearing1_4,v_spec_level_4_positive_area_fraction,hcrd_other,0.0864167961754354,122
35Hz12kN,Bearing1_4,v_spec_level_4_sign_balance,hcrd_other,0.0864167961754354,122
35Hz12kN,Bearing1_4,v_spec_level_4_area_concentration,hcrd_other,0.011093083427785911,122
35Hz12kN,Bearing1_4,v_spec_level_4_weighted_shape_factor,hcrd_other,-0.09332762456494838,122
35Hz12kN,Bearing1_4,v_spec_level_4_mean_duration_fraction,hcrd_other,0.19414516280097946,122
35Hz12kN,Bearing1_4,v_spec_level_5_log1p_structure_count,hcrd_other,-0.23234720566677636,122
35Hz12kN,Bearing1_4,v_spec_level_5_knot_fraction,hcrd_other,-0.23234720566677636,122
35Hz12kN,Bearing1_4,v_spec_level_5_log1p_polygon_area,hcrd_exact_polygon_mass,-0.16936365949487975,122
35Hz12kN,Bearing1_4,v_spec_level_5_log1p_quadratic_energy,hcrd_other,-0.16732150115160546,122
35Hz12kN,Bearing1_4,v_spec_level_5_log1p_triangle_area,hcrd_other,-0.20274534814173503,122
35Hz12kN,Bearing1_4,v_spec_level_5_log1p_peak_amplitude,hcrd_other,-0.22321319406121848,122
35Hz12kN,Bearing1_4,v_spec_level_5_log1p_mean_amplitude,hcrd_other,-0.165173599981495,122
35Hz12kN,Bearing1_4,v_spec_level_5_positive_area_fraction,hcrd_other,0.041378507896229516,122
35Hz12kN,Bearing1_4,v_spec_level_5_sign_balance,hcrd_other,0.04696214932835834,122
35Hz12kN,Bearing1_4,v_spec_level_5_area_concentration,hcrd_other,0.04320728594512122,122
35Hz12kN,Bearing1_4,v_spec_level_5_weighted_shape_factor,hcrd_other,0.10506584552658846,122
35Hz12kN,Bearing1_4,v_spec_level_5_mean_duration_fraction,hcrd_other,0.23234720566677636,122
35Hz12kN,Bearing1_5,h_mean,standard,0.14547938188337745,52
35Hz12kN,Bearing1_5,h_std,standard,0.9266626824895415,52
35Hz12kN,Bearing1_5,h_variance,standard,0.9266626824895415,52
35Hz12kN,Bearing1_5,h_rms,standard,0.9293946896610603,52
35Hz12kN,Bearing1_5,h_peak,standard,0.7703406471441987,52
35Hz12kN,Bearing1_5,h_peak_to_peak,standard,0.7855374370357722,52
35Hz12kN,Bearing1_5,h_crest_factor,standard,-0.054981644326816355,52
35Hz12kN,Bearing1_5,h_shape_factor,standard,0.09288824383164004,52
35Hz12kN,Bearing1_5,h_impulse_factor,standard,-0.03850422607359344,52
35Hz12kN,Bearing1_5,h_clearance_factor,standard,-0.038589601297703405,52
35Hz12kN,Bearing1_5,h_kurtosis,standard,0.03944335353880304,52
35Hz12kN,Bearing1_5,h_skewness,standard,-0.04576112012294032,52
35Hz12kN,Bearing1_5,h_line_integral,standard,0.8826944420729104,52
35Hz12kN,Bearing1_5,h_zero_crossing_rate,standard,-0.8733885426449244,52
35Hz12kN,Bearing1_5,h_entropy,standard,0.08563134978229318,52
35Hz12kN,Bearing1_5,h_percentile_5,standard,-0.8846580722274395,52
35Hz12kN,Bearing1_5,h_percentile_50,standard,0.08349696917954409,52
35Hz12kN,Bearing1_5,h_percentile_95,standard,0.9103560146845384,52
35Hz12kN,Bearing1_5,v_mean,standard,0.03047895500725689,52
35Hz12kN,Bearing1_5,v_std,standard,0.8412874583795783,52
35Hz12kN,Bearing1_5,v_variance,standard,0.8412874583795783,52
35Hz12kN,Bearing1_5,v_rms,standard,0.8436779646546572,52
35Hz12kN,Bearing1_5,v_peak,standard,0.727738410313327,52
35Hz12kN,Bearing1_5,v_peak_to_peak,standard,0.7114317425083241,52
35Hz12kN,Bearing1_5,v_crest_factor,standard,-0.46401434303765043,52
35Hz12kN,Bearing1_5,v_shape_factor,standard,-0.25612567232988986,52
35Hz12kN,Bearing1_5,v_impulse_factor,standard,-0.45778195167762314,52
35Hz12kN,Bearing1_5,v_clearance_factor,standard,-0.4631605907965508,52
35Hz12kN,Bearing1_5,v_kurtosis,standard,-0.38094424997865617,52
35Hz12kN,Bearing1_5,v_skewness,standard,-0.036540595919064285,52
35Hz12kN,Bearing1_5,v_line_integral,standard,0.8101255015794416,52
35Hz12kN,Bearing1_5,v_zero_crossing_rate,standard,-0.7855968924544618,52
35Hz12kN,Bearing1_5,v_entropy,standard,0.5449500554938956,52
35Hz12kN,Bearing1_5,v_percentile_5,standard,-0.8037223597711943,52
35Hz12kN,Bearing1_5,v_percentile_50,standard,-0.06932468197729019,52
35Hz12kN,Bearing1_5,v_percentile_95,standard,0.8750106719030137,52
35Hz12kN,Bearing1_5,cross_correlation,standard,0.8029539827542046,52
35Hz12kN,Bearing1_5,h_spectral_centroid,standard,-0.7925382054127892,52
35Hz12kN,Bearing1_5,h_spectral_bandwidth,standard,0.5358149065141297,52
35Hz12kN,Bearing1_5,h_spectral_rolloff,standard,-0.8479829249989309,52
35Hz12kN,Bearing1_5,h_spectral_flatness,standard,-0.9410910953641253,52
35Hz12kN,Bearing1_5,h_band_power_0_1k,standard,0.8872193289507384,52
35Hz12kN,Bearing1_5,h_band_power_1_3k,standard,0.7027234696491077,52
35Hz12kN,Bearing1_5,h_band_power_3_6k,standard,0.9153931529070263,52
35Hz12kN,Bearing1_5,h_band_power_6_12k,standard,0.8419704601724579,52
35Hz12kN,Bearing1_5,h_dominant_frequency,standard,-0.8629006984023555,52
35Hz12kN,Bearing1_5,h_mean_frequency,standard,-0.8487151028771449,52
35Hz12kN,Bearing1_5,h_bpfo_band_power,standard,0.8138820114402799,52
35Hz12kN,Bearing1_5,h_bpfi_band_power,standard,0.8215657816101767,52
35Hz12kN,Bearing1_5,h_bsf_band_power,standard,-0.9457867326901732,52
35Hz12kN,Bearing1_5,h_ftf_band_power,standard,0.38137112609920604,52
35Hz12kN,Bearing1_5,v_spectral_centroid,standard,-0.4950909246136771,52
35Hz12kN,Bearing1_5,v_spectral_bandwidth,standard,0.5909673012891657,52
35Hz12kN,Bearing1_5,v_spectral_rolloff,standard,-0.3442416518313344,52
35Hz12kN,Bearing1_5,v_spectral_flatness,standard,-0.7735849056603773,52
35Hz12kN,Bearing1_5,v_band_power_0_1k,standard,0.9437377273115342,52
35Hz12kN,Bearing1_5,v_band_power_1_3k,standard,0.5840519081362587,52
35Hz12kN,Bearing1_5,v_band_power_3_6k,standard,0.7086997353368052,52
35Hz12kN,Bearing1_5,v_band_power_6_12k,standard,0.8405190813625886,52
35Hz12kN,Bearing1_5,v_dominant_frequency,standard,0.7377281951725619,52
35Hz12kN,Bearing1_5,v_mean_frequency,standard,-0.8165286433876889,52
35Hz12kN,Bearing1_5,v_bpfo_band_power,standard,0.7174080081960215,52
35Hz12kN,Bearing1_5,v_bpfi_band_power,standard,0.9340903269871083,52
35Hz12kN,Bearing1_5,v_bsf_band_power,standard,0.1199521898744984,52
35Hz12kN,Bearing1_5,v_ftf_band_power,standard,0.7350806795867838,52
35Hz12kN,Bearing1_5,h_env_level_0_log1p_structure_count,hcrd_other,0.6124429866327107,52
35Hz12kN,Bearing1_5,h_env_level_0_knot_fraction,hcrd_other,0.6124429866327107,52
35Hz12kN,Bearing1_5,h_env_level_0_log1p_polygon_area,hcrd_exact_polygon_mass,0.7921113292922393,52
35Hz12kN,Bearing1_5,h_env_level_0_log1p_quadratic_energy,hcrd_other,0.7886963203278409,52
35Hz12kN,Bearing1_5,h_env_level_0_log1p_triangle_area,hcrd_other,0.8131990096474002,52
35Hz12kN,Bearing1_5,h_env_level_0_log1p_peak_amplitude,hcrd_other,0.6993084606847093,52
35Hz12kN,Bearing1_5,h_env_level_0_log1p_mean_amplitude,hcrd_other,0.8226756595236062,52
35Hz12kN,Bearing1_5,h_env_level_0_positive_area_fraction,hcrd_other,-0.06275078972082301,52
35Hz12kN,Bearing1_5,h_env_level_0_sign_balance,hcrd_other,-0.06275078972082301,52
35Hz12kN,Bearing1_5,h_env_level_0_area_concentration,hcrd_other,-0.5612567232988986,52
35Hz12kN,Bearing1_5,h_env_level_0_weighted_shape_factor,hcrd_other,-0.6600358575941262,52
35Hz12kN,Bearing1_5,h_env_level_0_mean_duration_fraction,hcrd_other,-0.6124429866327107,52
35Hz12kN,Bearing1_5,h_env_level_1_log1p_structure_count,hcrd_other,0.25868308889342345,52
35Hz12kN,Bearing1_5,h_env_level_1_knot_fraction,hcrd_other,0.25868308889342345,52
35Hz12kN,Bearing1_5,h_env_level_1_log1p_polygon_area,hcrd_exact_polygon_mass,0.7875864424144112,52
35Hz12kN,Bearing1_5,h_env_level_1_log1p_quadratic_energy,hcrd_other,0.7784512934346453,52
35Hz12kN,Bearing1_5,h_env_level_1_log1p_triangle_area,hcrd_other,0.7872449415179714,52
35Hz12kN,Bearing1_5,h_env_level_1_log1p_peak_amplitude,hcrd_other,0.7322632971911551,52
35Hz12kN,Bearing1_5,h_env_level_1_log1p_mean_amplitude,hcrd_other,0.7752924101425767,52
35Hz12kN,Bearing1_5,h_env_level_1_positive_area_fraction,hcrd_other,0.09348587040040979,52
35Hz12kN,Bearing1_5,h_env_level_1_sign_balance,hcrd_other,0.09348587040040979,52
35Hz12kN,Bearing1_5,h_env_level_1_area_concentration,hcrd_other,0.02971057799026722,52
35Hz12kN,Bearing1_5,h_env_level_1_weighted_shape_factor,hcrd_other,0.3607956970887048,52
35Hz12kN,Bearing1_5,h_env_level_1_mean_duration_fraction,hcrd_other,-0.25868308889342345,52
35Hz12kN,Bearing1_5,h_env_level_2_log1p_structure_count,hcrd_other,-0.11135322890073562,52
35Hz12kN,Bearing1_5,h_env_level_2_knot_fraction,hcrd_other,-0.11135322890073562,52
35Hz12kN,Bearing1_5,h_env_level_2_log1p_polygon_area,hcrd_exact_polygon_mass,0.678903782122428,52
35Hz12kN,Bearing1_5,h_env_level_2_log1p_quadratic_energy,hcrd_other,0.7015282165115684,52
35Hz12kN,Bearing1_5,h_env_level_2_log1p_triangle_area,hcrd_other,0.6877828054298643,52
35Hz12kN,Bearing1_5,h_env_level_2_log1p_peak_amplitude,hcrd_other,0.758131990096474,52
35Hz12kN,Bearing1_5,h_env_level_2_log1p_mean_amplitude,hcrd_other,0.6939298215657816,52
35Hz12kN,Bearing1_5,h_env_level_2_positive_area_fraction,hcrd_other,-0.04618799624349013,52
35Hz12kN,Bearing1_5,h_env_level_2_sign_balance,hcrd_other,-0.04618799624349013,52
35Hz12kN,Bearing1_5,h_env_level_2_area_concentration,hcrd_other,0.22803722359771192,52
35Hz12kN,Bearing1_5,h_env_level_2_weighted_shape_factor,hcrd_other,0.25083240843507215,52
35Hz12kN,Bearing1_5,h_env_level_2_mean_duration_fraction,hcrd_other,0.10774226572762118,52
35Hz12kN,Bearing1_5,h_env_level_3_log1p_structure_count,hcrd_other,-0.21255927506197253,52
35Hz12kN,Bearing1_5,h_env_level_3_knot_fraction,hcrd_other,-0.21255927506197253,52
35Hz12kN,Bearing1_5,h_env_level_3_log1p_polygon_area,hcrd_exact_polygon_mass,0.7958678391530778,52
35Hz12kN,Bearing1_5,h_env_level_3_log1p_quadratic_energy,hcrd_other,0.8026978570818748,52
35Hz12kN,Bearing1_5,h_env_level_3_log1p_triangle_area,hcrd_other,0.7827200546401433,52
35Hz12kN,Bearing1_5,h_env_level_3_log1p_peak_amplitude,hcrd_other,0.7947579612396483,52
35Hz12kN,Bearing1_5,h_env_level_3_log1p_mean_amplitude,hcrd_other,0.7767437889524459,52
35Hz12kN,Bearing1_5,h_env_level_3_positive_area_fraction,hcrd_other,0.15034576965764537,52
35Hz12kN,Bearing1_5,h_env_level_3_sign_balance,hcrd_other,0.15034576965764537,52
35Hz12kN,Bearing1_5,h_env_level_3_area_concentration,hcrd_other,0.14872364039955605,52
35Hz12kN,Bearing1_5,h_env_level_3_weighted_shape_factor,hcrd_other,0.1411232739686858,52
35Hz12kN,Bearing1_5,h_env_level_3_mean_duration_fraction,hcrd_other,0.21255927506197253,52
35Hz12kN,Bearing1_5,h_env_level_4_log1p_structure_count,hcrd_other,-0.17743660770341357,52
35Hz12kN,Bearing1_5,h_env_level_4_knot_fraction,hcrd_other,-0.17743660770341357,52
35Hz12kN,Bearing1_5,h_env_level_4_log1p_polygon_area,hcrd_exact_polygon_mass,0.7653888841458208,52
35Hz12kN,Bearing1_5,h_env_level_4_log1p_quadratic_energy,hcrd_other,0.7516434730641167,52
35Hz12kN,Bearing1_5,h_env_level_4_log1p_triangle_area,hcrd_other,0.7757192862631265,52
35Hz12kN,Bearing1_5,h_env_level_4_log1p_peak_amplitude,hcrd_other,0.7051139759241868,52
35Hz12kN,Bearing1_5,h_env_level_4_log1p_mean_amplitude,hcrd_other,0.7339708016733544,52
35Hz12kN,Bearing1_5,h_env_level_4_positive_area_fraction,hcrd_other,-0.31187569367369583,52
35Hz12kN,Bearing1_5,h_env_level_4_sign_balance,hcrd_other,-0.31187569367369583,52
35Hz12kN,Bearing1_5,h_env_level_4_area_concentration,hcrd_other,0.23409886450951933,52
35Hz12kN,Bearing1_5,h_env_level_4_weighted_shape_factor,hcrd_other,0.15662407565399447,52
35Hz12kN,Bearing1_5,h_env_level_4_mean_duration_fraction,hcrd_other,0.17743660770341357,52
35Hz12kN,Bearing1_5,h_env_level_5_log1p_structure_count,hcrd_other,-0.17134937557913166,52
35Hz12kN,Bearing1_5,h_env_level_5_knot_fraction,hcrd_other,-0.17134937557913166,52
35Hz12kN,Bearing1_5,h_env_level_5_log1p_polygon_area,hcrd_exact_polygon_mass,0.7148467514727226,52
35Hz12kN,Bearing1_5,h_env_level_5_log1p_quadratic_energy,hcrd_other,0.7292751643473063,52
35Hz12kN,Bearing1_5,h_env_level_5_log1p_triangle_area,hcrd_other,0.7293605395714163,52
35Hz12kN,Bearing1_5,h_env_level_5_log1p_peak_amplitude,hcrd_other,0.727909160761547,52
35Hz12kN,Bearing1_5,h_env_level_5_log1p_mean_amplitude,hcrd_other,0.704772475027747,52
35Hz12kN,Bearing1_5,h_env_level_5_positive_area_fraction,hcrd_other,0.11611629475963069,52
35Hz12kN,Bearing1_5,h_env_level_5_sign_balance,hcrd_other,0.11611629475963069,52
35Hz12kN,Bearing1_5,h_env_level_5_area_concentration,hcrd_other,0.11158541791172202,52
35Hz12kN,Bearing1_5,h_env_level_5_weighted_shape_factor,hcrd_other,0.05798974483996916,52
35Hz12kN,Bearing1_5,h_env_level_5_mean_duration_fraction,hcrd_other,0.17134937557913166,52
35Hz12kN,Bearing1_5,h_spec_level_0_log1p_structure_count,hcrd_other,0.8847150103787322,52
35Hz12kN,Bearing1_5,h_spec_level_0_knot_fraction,hcrd_other,0.8847150103787322,52
35Hz12kN,Bearing1_5,h_spec_level_0_log1p_polygon_area,hcrd_exact_polygon_mass,-0.2719200887902331,52
35Hz12kN,Bearing1_5,h_spec_level_0_log1p_quadratic_energy,hcrd_other,0.6361307948433365,52
35Hz12kN,Bearing1_5,h_spec_level_0_log1p_triangle_area,hcrd_other,0.009305899427985998,52
35Hz12kN,Bearing1_5,h_spec_level_0_log1p_peak_amplitude,hcrd_other,0.9360539571416374,52
35Hz12kN,Bearing1_5,h_spec_level_0_log1p_mean_amplitude,hcrd_other,0.3310851190984376,52
35Hz12kN,Bearing1_5,h_spec_level_0_positive_area_fraction,hcrd_other,-0.4807478869632032,52
35Hz12kN,Bearing1_5,h_spec_level_0_sign_balance,hcrd_other,-0.4807478869632032,52
35Hz12kN,Bearing1_5,h_spec_level_0_area_concentration,hcrd_other,0.590711175616836,52
35Hz12kN,Bearing1_5,h_spec_level_0_weighted_shape_factor,hcrd_other,-0.9011354904806625,52
35Hz12kN,Bearing1_5,h_spec_level_0_mean_duration_fraction,hcrd_other,-0.8847150103787322,52
35Hz12kN,Bearing1_5,h_spec_level_1_log1p_structure_count,hcrd_other,0.30793685120693565,52
35Hz12kN,Bearing1_5,h_spec_level_1_knot_fraction,hcrd_other,0.30793685120693565,52
35Hz12kN,Bearing1_5,h_spec_level_1_log1p_polygon_area,hcrd_exact_polygon_mass,-0.23597711943993852,52
35Hz12kN,Bearing1_5,h_spec_level_1_log1p_quadratic_energy,hcrd_other,0.10987791342952274,52
35Hz12kN,Bearing1_5,h_spec_level_1_log1p_triangle_area,hcrd_other,-0.3245112268419705,52
35Hz12kN,Bearing1_5,h_spec_level_1_log1p_peak_amplitude,hcrd_other,0.4631605907965508,52
35Hz12kN,Bearing1_5,h_spec_level_1_log1p_mean_amplitude,hcrd_other,-0.3200717151882524,52
35Hz12kN,Bearing1_5,h_spec_level_1_positive_area_fraction,hcrd_other,0.12592845556219584,52
35Hz12kN,Bearing1_5,h_spec_level_1_sign_balance,hcrd_other,0.12592845556219584,52
35Hz12kN,Bearing1_5,h_spec_level_1_area_concentration,hcrd_other,0.37010159651669083,52
35Hz12kN,Bearing1_5,h_spec_level_1_weighted_shape_factor,hcrd_other,0.5067873303167421,52
35Hz12kN,Bearing1_5,h_spec_level_1_mean_duration_fraction,hcrd_other,-0.31038953215285503,52
35Hz12kN,Bearing1_5,h_spec_level_2_log1p_structure_count,hcrd_other,0.2525452360603172,52
35Hz12kN,Bearing1_5,h_spec_level_2_knot_fraction,hcrd_other,0.2525452360603172,52
35Hz12kN,Bearing1_5,h_spec_level_2_log1p_polygon_area,hcrd_exact_polygon_mass,-0.2856654998719372,52
35Hz12kN,Bearing1_5,h_spec_level_2_log1p_quadratic_energy,hcrd_other,-0.06334841628959276,52
35Hz12kN,Bearing1_5,h_spec_level_2_log1p_triangle_area,hcrd_other,-0.3106804405361564,52
35Hz12kN,Bearing1_5,h_spec_level_2_log1p_peak_amplitude,hcrd_other,0.04704174848458977,52
35Hz12kN,Bearing1_5,h_spec_level_2_log1p_mean_amplitude,hcrd_other,-0.35456330572867756,52
35Hz12kN,Bearing1_5,h_spec_level_2_positive_area_fraction,hcrd_other,0.23913600273200716,52
35Hz12kN,Bearing1_5,h_spec_level_2_sign_balance,hcrd_other,0.23913600273200716,52
35Hz12kN,Bearing1_5,h_spec_level_2_area_concentration,hcrd_other,0.153504652949714,52
35Hz12kN,Bearing1_5,h_spec_level_2_weighted_shape_factor,hcrd_other,0.08033808588747544,52
35Hz12kN,Bearing1_5,h_spec_level_2_mean_duration_fraction,hcrd_other,-0.2525452360603172,52
35Hz12kN,Bearing1_5,h_spec_level_3_log1p_structure_count,hcrd_other,-0.3040203936856042,52
35Hz12kN,Bearing1_5,h_spec_level_3_knot_fraction,hcrd_other,-0.3040203936856042,52
35Hz12kN,Bearing1_5,h_spec_level_3_log1p_polygon_area,hcrd_exact_polygon_mass,0.41765559634594035,52
35Hz12kN,Bearing1_5,h_spec_level_3_log1p_quadratic_energy,hcrd_other,0.4310595065312046,52
35Hz12kN,Bearing1_5,h_spec_level_3_log1p_triangle_area,hcrd_other,0.3204132160846922,52
35Hz12kN,Bearing1_5,h_spec_level_3_log1p_peak_amplitude,hcrd_other,-0.09425424741739946,52
35Hz12kN,Bearing1_5,h_spec_level_3_log1p_mean_amplitude,hcrd_other,0.17168957568513618,52
35Hz12kN,Bearing1_5,h_spec_level_3_positive_area_fraction,hcrd_other,0.30222829334927,52
35Hz12kN,Bearing1_5,h_spec_level_3_sign_balance,hcrd_other,0.30222829334927,52
35Hz12kN,Bearing1_5,h_spec_level_3_area_concentration,hcrd_other,0.2523691624690515,52
35Hz12kN,Bearing1_5,h_spec_level_3_weighted_shape_factor,hcrd_other,0.5989583355165885,52
35Hz12kN,Bearing1_5,h_spec_level_3_mean_duration_fraction,hcrd_other,0.3040203936856042,52
35Hz12kN,Bearing1_5,h_spec_level_4_log1p_structure_count,hcrd_other,-0.48490250541734475,52
35Hz12kN,Bearing1_5,h_spec_level_4_knot_fraction,hcrd_other,-0.48490250541734475,52
35Hz12kN,Bearing1_5,h_spec_level_4_log1p_polygon_area,hcrd_exact_polygon_mass,0.29633740288568255,52
35Hz12kN,Bearing1_5,h_spec_level_4_log1p_quadratic_energy,hcrd_other,0.29915478528131134,52
35Hz12kN,Bearing1_5,h_spec_level_4_log1p_triangle_area,hcrd_other,0.29394689661060364,52
35Hz12kN,Bearing1_5,h_spec_level_4_log1p_peak_amplitude,hcrd_other,0.23333048749252966,52
35Hz12kN,Bearing1_5,h_spec_level_4_log1p_mean_amplitude,hcrd_other,0.31665670622385383,52
35Hz12kN,Bearing1_5,h_spec_level_4_positive_area_fraction,hcrd_other,0.1427473747118586,52
35Hz12kN,Bearing1_5,h_spec_level_4_sign_balance,hcrd_other,0.1427473747118586,52
35Hz12kN,Bearing1_5,h_spec_level_4_area_concentration,hcrd_other,0.12439170152821649,52
35Hz12kN,Bearing1_5,h_spec_level_4_weighted_shape_factor,hcrd_other,0.1935900175630759,52
35Hz12kN,Bearing1_5,h_spec_level_4_mean_duration_fraction,hcrd_other,0.48490250541734475,52
35Hz12kN,Bearing1_5,h_spec_level_5_log1p_structure_count,hcrd_other,-0.39916074959254844,52
35Hz12kN,Bearing1_5,h_spec_level_5_knot_fraction,hcrd_other,-0.39916074959254844,52
35Hz12kN,Bearing1_5,h_spec_level_5_log1p_polygon_area,hcrd_exact_polygon_mass,0.01613591735678306,52
35Hz12kN,Bearing1_5,h_spec_level_5_log1p_quadratic_energy,hcrd_other,-0.09570562622726884,52
35Hz12kN,Bearing1_5,h_spec_level_5_log1p_triangle_area,hcrd_other,0.044309741313070944,52
35Hz12kN,Bearing1_5,h_spec_level_5_log1p_peak_amplitude,hcrd_other,-0.15931016818919147,52
35Hz12kN,Bearing1_5,h_spec_level_5_log1p_mean_amplitude,hcrd_other,-0.0038418850849483476,52
35Hz12kN,Bearing1_5,h_spec_level_5_positive_area_fraction,hcrd_other,0.4435560294103906,52
35Hz12kN,Bearing1_5,h_spec_level_5_sign_balance,hcrd_other,0.4435560294103906,52
35Hz12kN,Bearing1_5,h_spec_level_5_area_concentration,hcrd_other,0.211135310733309,52
35Hz12kN,Bearing1_5,h_spec_level_5_weighted_shape_factor,hcrd_other,-0.05830290730685743,52
35Hz12kN,Bearing1_5,h_spec_level_5_mean_duration_fraction,hcrd_other,0.39916074959254844,52
35Hz12kN,Bearing1_5,v_env_level_0_log1p_structure_count,hcrd_other,0.4992417449367044,52
35Hz12kN,Bearing1_5,v_env_level_0_knot_fraction,hcrd_other,0.4992417449367044,52
35Hz12kN,Bearing1_5,v_env_level_0_log1p_polygon_area,hcrd_exact_polygon_mass,0.7456672073764193,52
35Hz12kN,Bearing1_5,v_env_level_0_log1p_quadratic_energy,hcrd_other,0.7568513617348245,52
35Hz12kN,Bearing1_5,v_env_level_0_log1p_triangle_area,hcrd_other,0.7577904892000341,52
35Hz12kN,Bearing1_5,v_env_level_0_log1p_peak_amplitude,hcrd_other,0.7590711175616837,52
35Hz12kN,Bearing1_5,v_env_level_0_log1p_mean_amplitude,hcrd_other,0.7624007513019722,52
35Hz12kN,Bearing1_5,v_env_level_0_positive_area_fraction,hcrd_other,-0.016733543925552805,52
35Hz12kN,Bearing1_5,v_env_level_0_sign_balance,hcrd_other,-0.016733543925552805,52
35Hz12kN,Bearing1_5,v_env_level_0_area_concentration,hcrd_other,-0.532656023222061,52
35Hz12kN,Bearing1_5,v_env_level_0_weighted_shape_factor,hcrd_other,-0.5753810813836344,52
35Hz12kN,Bearing1_5,v_env_level_0_mean_duration_fraction,hcrd_other,-0.4992417449367044,52
35Hz12kN,Bearing1_5,v_env_level_1_log1p_structure_count,hcrd_other,0.2595073722305392,52
35Hz12kN,Bearing1_5,v_env_level_1_knot_fraction,hcrd_other,0.2595073722305392,52
35Hz12kN,Bearing1_5,v_env_level_1_log1p_polygon_area,hcrd_exact_polygon_mass,0.7124562451976436,52
35Hz12kN,Bearing1_5,v_env_level_1_log1p_quadratic_energy,hcrd_other,0.6949543242551011,52
35Hz12kN,Bearing1_5,v_env_level_1_log1p_triangle_area,hcrd_other,0.713907624007513,52
35Hz12kN,Bearing1_5,v_env_level_1_log1p_peak_amplitude,hcrd_other,0.6859045504994451,52
35Hz12kN,Bearing1_5,v_env_level_1_log1p_mean_amplitude,hcrd_other,0.7288482882267565,52
35Hz12kN,Bearing1_5,v_env_level_1_positive_area_fraction,hcrd_other,0.09937676086399727,52
35Hz12kN,Bearing1_5,v_env_level_1_sign_balance,hcrd_other,0.09937676086399727,52
35Hz12kN,Bearing1_5,v_env_level_1_area_concentration,hcrd_other,-0.0825578417143345,52
35Hz12kN,Bearing1_5,v_env_level_1_weighted_shape_factor,hcrd_other,-0.0690685563049603,52
35Hz12kN,Bearing1_5,v_env_level_1_mean_duration_fraction,hcrd_other,-0.2595073722305392,52
35Hz12kN,Bearing1_5,v_env_level_2_log1p_structure_count,hcrd_other,0.09154346605553584,52
35Hz12kN,Bearing1_5,v_env_level_2_knot_fraction,hcrd_other,0.09154346605553584,52
35Hz12kN,Bearing1_5,v_env_level_2_log1p_polygon_area,hcrd_exact_polygon_mass,0.7187740117817808,52
35Hz12kN,Bearing1_5,v_env_level_2_log1p_quadratic_energy,hcrd_other,0.7242380261248186,52
35Hz12kN,Bearing1_5,v_env_level_2_log1p_triangle_area,hcrd_other,0.7377273115341928,52
35Hz12kN,Bearing1_5,v_env_level_2_log1p_peak_amplitude,hcrd_other,0.7962947152736276,52
35Hz12kN,Bearing1_5,v_env_level_2_log1p_mean_amplitude,hcrd_other,0.7489114658925979,52
35Hz12kN,Bearing1_5,v_env_level_2_positive_area_fraction,hcrd_other,-0.08776573038504226,52
35Hz12kN,Bearing1_5,v_env_level_2_sign_balance,hcrd_other,-0.08776573038504226,52
35Hz12kN,Bearing1_5,v_env_level_2_area_concentration,hcrd_other,-0.12840433706138477,52
35Hz12kN,Bearing1_5,v_env_level_2_weighted_shape_factor,hcrd_other,0.12542691302549802,52
35Hz12kN,Bearing1_5,v_env_level_2_mean_duration_fraction,hcrd_other,-0.09154346605553584,52
35Hz12kN,Bearing1_5,v_env_level_3_log1p_structure_count,hcrd_other,0.17392928327573673,52
35Hz12kN,Bearing1_5,v_env_level_3_knot_fraction,hcrd_other,0.17392928327573673,52
35Hz12kN,Bearing1_5,v_env_level_3_log1p_polygon_area,hcrd_exact_polygon_mass,0.6984547084436097,52
35Hz12kN,Bearing1_5,v_env_level_3_log1p_quadratic_energy,hcrd_other,0.7196277640228805,52
35Hz12kN,Bearing1_5,v_env_level_3_log1p_triangle_area,hcrd_other,0.6894903099120635,52
35Hz12kN,Bearing1_5,v_env_level_3_log1p_peak_amplitude,hcrd_other,0.7262870315034577,52
35Hz12kN,Bearing1_5,v_env_level_3_log1p_mean_amplitude,hcrd_other,0.6911978143942629,52
35Hz12kN,Bearing1_5,v_env_level_3_positive_area_fraction,hcrd_other,0.11739093315119951,52
35Hz12kN,Bearing1_5,v_env_level_3_sign_balance,hcrd_other,0.11739093315119951,52
35Hz12kN,Bearing1_5,v_env_level_3_area_concentration,hcrd_other,-0.18108085033723212,52
35Hz12kN,Bearing1_5,v_env_level_3_weighted_shape_factor,hcrd_other,-0.2526299271945383,52
35Hz12kN,Bearing1_5,v_env_level_3_mean_duration_fraction,hcrd_other,-0.17392928327573673,52
35Hz12kN,Bearing1_5,v_env_level_4_log1p_structure_count,hcrd_other,0.11225506153975341,52
35Hz12kN,Bearing1_5,v_env_level_4_knot_fraction,hcrd_other,0.11225506153975341,52
35Hz12kN,Bearing1_5,v_env_level_4_log1p_polygon_area,hcrd_exact_polygon_mass,0.7390079398958421,52
35Hz12kN,Bearing1_5,v_env_level_4_log1p_quadratic_energy,hcrd_other,0.723128148211389,52
35Hz12kN,Bearing1_5,v_env_level_4_log1p_triangle_area,hcrd_other,0.7339708016733544,52
35Hz12kN,Bearing1_5,v_env_level_4_log1p_peak_amplitude,hcrd_other,0.6888073081191837,52
35Hz12kN,Bearing1_5,v_env_level_4_log1p_mean_amplitude,hcrd_other,0.7180056347647912,52
35Hz12kN,Bearing1_5,v_env_level_4_positive_area_fraction,hcrd_other,0.11559805344489028,52
35Hz12kN,Bearing1_5,v_env_level_4_sign_balance,hcrd_other,0.11559805344489028,52
35Hz12kN,Bearing1_5,v_env_level_4_area_concentration,hcrd_other,-0.16101767267139075,52
35Hz12kN,Bearing1_5,v_env_level_4_weighted_shape_factor,hcrd_other,0.15549068570391544,52
35Hz12kN,Bearing1_5,v_env_level_4_mean_duration_fraction,hcrd_other,-0.11225506153975341,52
35Hz12kN,Bearing1_5,v_env_level_5_log1p_structure_count,hcrd_other,0.3384501629919378,52
35Hz12kN,Bearing1_5,v_env_level_5_knot_fraction,hcrd_other,0.3384501629919378,52
35Hz12kN,Bearing1_5,v_env_level_5_log1p_polygon_area,hcrd_exact_polygon_mass,0.58106377529241,52
35Hz12kN,Bearing1_5,v_env_level_5_log1p_quadratic_energy,hcrd_other,0.6016392043029113,52
35Hz12kN,Bearing1_5,v_env_level_5_log1p_triangle_area,hcrd_other,0.5948091863741142,52
35Hz12kN,Bearing1_5,v_env_level_5_log1p_peak_amplitude,hcrd_other,0.6451805685989925,52
35Hz12kN,Bearing1_5,v_env_level_5_log1p_mean_amplitude,hcrd_other,0.5614274737471185,52
35Hz12kN,Bearing1_5,v_env_level_5_positive_area_fraction,hcrd_other,0.09016298409408537,52
35Hz12kN,Bearing1_5,v_env_level_5_sign_balance,hcrd_other,0.09016298409408537,52
35Hz12kN,Bearing1_5,v_env_level_5_area_concentration,hcrd_other,0.14983351831298558,52
35Hz12kN,Bearing1_5,v_env_level_5_weighted_shape_factor,hcrd_other,-0.09399272695999496,52
35Hz12kN,Bearing1_5,v_env_level_5_mean_duration_fraction,hcrd_other,-0.3384501629919378,52
35Hz12kN,Bearing1_5,v_spec_level_0_log1p_structure_count,hcrd_other,0.6062404446064367,52
35Hz12kN,Bearing1_5,v_spec_level_0_knot_fraction,hcrd_other,0.6062404446064367,52
35Hz12kN,Bearing1_5,v_spec_level_0_log1p_polygon_area,hcrd_exact_polygon_mass,-0.20669341757022108,52
35Hz12kN,Bearing1_5,v_spec_level_0_log1p_quadratic_energy,hcrd_other,0.3099120635191667,52
35Hz12kN,Bearing1_5,v_spec_level_0_log1p_triangle_area,hcrd_other,0.0781183300606164,52
35Hz12kN,Bearing1_5,v_spec_level_0_log1p_peak_amplitude,hcrd_other,0.5423034235464868,52
35Hz12kN,Bearing1_5,v_spec_level_0_log1p_mean_amplitude,hcrd_other,0.48117476308375307,52
35Hz12kN,Bearing1_5,v_spec_level_0_positive_area_fraction,hcrd_other,0.21224280713736873,52
35Hz12kN,Bearing1_5,v_spec_level_0_sign_balance,hcrd_other,0.21224280713736873,52
35Hz12kN,Bearing1_5,v_spec_level_0_area_concentration,hcrd_other,-0.03210108426534619,52
35Hz12kN,Bearing1_5,v_spec_level_0_weighted_shape_factor,hcrd_other,-0.8157602663706992,52
35Hz12kN,Bearing1_5,v_spec_level_0_mean_duration_fraction,hcrd_other,-0.6062404446064367,52
35Hz12kN,Bearing1_5,v_spec_level_1_log1p_structure_count,hcrd_other,0.3872192169747718,52
35Hz12kN,Bearing1_5,v_spec_level_1_knot_fraction,hcrd_other,0.3872192169747718,52
35Hz12kN,Bearing1_5,v_spec_level_1_log1p_polygon_area,hcrd_exact_polygon_mass,-0.4093741996072739,52
35Hz12kN,Bearing1_5,v_spec_level_1_log1p_quadratic_energy,hcrd_other,-0.25219841202083154,52
35Hz12kN,Bearing1_5,v_spec_level_1_log1p_triangle_area,hcrd_other,-0.458038077349953,52
35Hz12kN,Bearing1_5,v_spec_level_1_log1p_peak_amplitude,hcrd_other,0.17501920942542473,52
35Hz12kN,Bearing1_5,v_spec_level_1_log1p_mean_amplitude,hcrd_other,-0.4443780414923589,52
35Hz12kN,Bearing1_5,v_spec_level_1_positive_area_fraction,hcrd_other,0.09126611457355074,52
35Hz12kN,Bearing1_5,v_spec_level_1_sign_balance,hcrd_other,0.09126611457355074,52
35Hz12kN,Bearing1_5,v_spec_level_1_area_concentration,hcrd_other,0.11653718091009989,52
35Hz12kN,Bearing1_5,v_spec_level_1_weighted_shape_factor,hcrd_other,-0.1285750875096047,52
35Hz12kN,Bearing1_5,v_spec_level_1_mean_duration_fraction,hcrd_other,-0.3797182957632977,52
35Hz12kN,Bearing1_5,v_spec_level_2_log1p_structure_count,hcrd_other,0.17791995100856692,52
35Hz12kN,Bearing1_5,v_spec_level_2_knot_fraction,hcrd_other,0.17791995100856692,52
35Hz12kN,Bearing1_5,v_spec_level_2_log1p_polygon_area,hcrd_exact_polygon_mass,0.30154529155639026,52
35Hz12kN,Bearing1_5,v_spec_level_2_log1p_quadratic_energy,hcrd_other,0.5088363356953812,52
35Hz12kN,Bearing1_5,v_spec_level_2_log1p_triangle_area,hcrd_other,0.30624092888243826,52
35Hz12kN,Bearing1_5,v_spec_level_2_log1p_peak_amplitude,hcrd_other,0.5349611542730299,52
35Hz12kN,Bearing1_5,v_spec_level_2_log1p_mean_amplitude,hcrd_other,0.2796892341842397,52
35Hz12kN,Bearing1_5,v_spec_level_2_positive_area_fraction,hcrd_other,0.27678647656450095,52
35Hz12kN,Bearing1_5,v_spec_level_2_sign_balance,hcrd_other,0.27678647656450095,52
35Hz12kN,Bearing1_5,v_spec_level_2_area_concentration,hcrd_other,0.2597114317425083,52
35Hz12kN,Bearing1_5,v_spec_level_2_weighted_shape_factor,hcrd_other,0.13540510543840178,52
35Hz12kN,Bearing1_5,v_spec_level_2_mean_duration_fraction,hcrd_other,-0.17668683857307296,52
35Hz12kN,Bearing1_5,v_spec_level_3_log1p_structure_count,hcrd_other,0.17869716681453052,52
35Hz12kN,Bearing1_5,v_spec_level_3_knot_fraction,hcrd_other,0.17869716681453052,52
35Hz12kN,Bearing1_5,v_spec_level_3_log1p_polygon_area,hcrd_exact_polygon_mass,0.10808503372321353,52
35Hz12kN,Bearing1_5,v_spec_level_3_log1p_quadratic_energy,hcrd_other,0.272005464014343,52
35Hz12kN,Bearing1_5,v_spec_level_3_log1p_triangle_area,hcrd_other,0.16938444463416713,52
35Hz12kN,Bearing1_5,v_spec_level_3_log1p_peak_amplitude,hcrd_other,0.5295825151541023,52
35Hz12kN,Bearing1_5,v_spec_level_3_log1p_mean_amplitude,hcrd_other,0.12609920601041577,52
35Hz12kN,Bearing1_5,v_spec_level_3_positive_area_fraction,hcrd_other,-0.02288056006147016,52
35Hz12kN,Bearing1_5,v_spec_level_3_sign_balance,hcrd_other,-0.02288056006147016,52
35Hz12kN,Bearing1_5,v_spec_level_3_area_concentration,hcrd_other,0.37710236489370785,52
35Hz12kN,Bearing1_5,v_spec_level_3_weighted_shape_factor,hcrd_other,-0.17178961811252688,52
35Hz12kN,Bearing1_5,v_spec_level_3_mean_duration_fraction,hcrd_other,-0.17869716681453052,52
35Hz12kN,Bearing1_5,v_spec_level_4_log1p_structure_count,hcrd_other,0.07135385012690466,52
35Hz12kN,Bearing1_5,v_spec_level_4_knot_fraction,hcrd_other,0.07135385012690466,52
35Hz12kN,Bearing1_5,v_spec_level_4_log1p_polygon_area,hcrd_exact_polygon_mass,0.20097327755485356,52
35Hz12kN,Bearing1_5,v_spec_level_4_log1p_quadratic_energy,hcrd_other,0.2827627422521984,52
35Hz12kN,Bearing1_5,v_spec_level_4_log1p_triangle_area,hcrd_other,0.21702381968752665,52
35Hz12kN,Bearing1_5,v_spec_level_4_log1p_peak_amplitude,hcrd_other,0.3350123794074959,52
35Hz12kN,Bearing1_5,v_spec_level_4_log1p_mean_amplitude,hcrd_other,0.24144113378297619,52
35Hz12kN,Bearing1_5,v_spec_level_4_positive_area_fraction,hcrd_other,0.2271834713566123,52
35Hz12kN,Bearing1_5,v_spec_level_4_sign_balance,hcrd_other,0.2271834713566123,52
35Hz12kN,Bearing1_5,v_spec_level_4_area_concentration,hcrd_other,0.19576538888414582,52
35Hz12kN,Bearing1_5,v_spec_level_4_weighted_shape_factor,hcrd_other,0.018399535181894966,52
35Hz12kN,Bearing1_5,v_spec_level_4_mean_duration_fraction,hcrd_other,-0.07135385012690466,52
35Hz12kN,Bearing1_5,v_spec_level_5_log1p_structure_count,hcrd_other,0.03856913150295195,52
35Hz12kN,Bearing1_5,v_spec_level_5_knot_fraction,hcrd_other,0.03856913150295195,52
35Hz12kN,Bearing1_5,v_spec_level_5_log1p_polygon_area,hcrd_exact_polygon_mass,-0.41910697515580975,52
35Hz12kN,Bearing1_5,v_spec_level_5_log1p_quadratic_energy,hcrd_other,-0.3753094851873986,52
35Hz12kN,Bearing1_5,v_spec_level_5_log1p_triangle_area,hcrd_other,-0.43652352087424223,52
35Hz12kN,Bearing1_5,v_spec_level_5_log1p_peak_amplitude,hcrd_other,-0.306923930675318,52
35Hz12kN,Bearing1_5,v_spec_level_5_log1p_mean_amplitude,hcrd_other,-0.43088875608298466,52
35Hz12kN,Bearing1_5,v_spec_level_5_positive_area_fraction,hcrd_other,0.1087011807579961,52
35Hz12kN,Bearing1_5,v_spec_level_5_sign_balance,hcrd_other,0.1087011807579961,52
35Hz12kN,Bearing1_5,v_spec_level_5_area_concentration,hcrd_other,0.20020494884296985,52
35Hz12kN,Bearing1_5,v_spec_level_5_weighted_shape_factor,hcrd_other,-0.062332018931365085,52
35Hz12kN,Bearing1_5,v_spec_level_5_mean_duration_fraction,hcrd_other,-0.03856913150295195,52
37.5Hz11kN,Bearing2_1,h_mean,standard,0.010391527332705474,491
37.5Hz11kN,Bearing2_1,h_std,standard,-0.3953619101010828,491
37.5Hz11kN,Bearing2_1,h_variance,standard,-0.3953619101010828,491
37.5Hz11kN,Bearing2_1,h_rms,standard,-0.39891699166378586,491
37.5Hz11kN,Bearing2_1,h_peak,standard,-0.15788616783397075,491
37.5Hz11kN,Bearing2_1,h_peak_to_peak,standard,-0.22800378652508177,491
37.5Hz11kN,Bearing2_1,h_crest_factor,standard,0.17650024989380778,491
37.5Hz11kN,Bearing2_1,h_shape_factor,standard,0.2705309881128352,491
37.5Hz11kN,Bearing2_1,h_impulse_factor,standard,0.18203370428878868,491
37.5Hz11kN,Bearing2_1,h_clearance_factor,standard,0.18386699769570536,491
37.5Hz11kN,Bearing2_1,h_kurtosis,standard,0.24341684416054435,491
37.5Hz11kN,Bearing2_1,h_skewness,standard,-0.4132406208720635,491
37.5Hz11kN,Bearing2_1,h_line_integral,standard,-0.16995029495579464,491
37.5Hz11kN,Bearing2_1,h_zero_crossing_rate,standard,0.4847684107825822,491
37.5Hz11kN,Bearing2_1,h_entropy,standard,-0.15726359690962968,491
37.5Hz11kN,Bearing2_1,h_percentile_5,standard,0.20992809394020692,491
37.5Hz11kN,Bearing2_1,h_percentile_50,standard,0.11455179220896489,491
37.5Hz11kN,Bearing2_1,h_percentile_95,standard,-0.20541424107880357,491
37.5Hz11kN,Bearing2_1,v_mean,standard,0.014092388731360607,491
37.5Hz11kN,Bearing2_1,v_std,standard,-0.35068008625138,491
37.5Hz11kN,Bearing2_1,v_variance,standard,-0.35068008625138,491
37.5Hz11kN,Bearing2_1,v_rms,standard,-0.3519080634091598,491
37.5Hz11kN,Bearing2_1,v_peak,standard,-0.05319752694335591,491
37.5Hz11kN,Bearing2_1,v_peak_to_peak,standard,-0.10792569698518337,491
37.5Hz11kN,Bearing2_1,v_crest_factor,standard,0.04993293924792608,491
37.5Hz11kN,Bearing2_1,v_shape_factor,standard,0.30827570780143715,491
37.5Hz11kN,Bearing2_1,v_impulse_factor,standard,0.08377656959162384,491
37.5Hz11kN,Bearing2_1,v_clearance_factor,standard,0.09960381947225266,491
37.5Hz11kN,Bearing2_1,v_kurtosis,standard,0.3069309289460158,491
37.5Hz11kN,Bearing2_1,v_skewness,standard,-0.23578438777030855,491
37.5Hz11kN,Bearing2_1,v_line_integral,standard,-0.00785584036438472,491
37.5Hz11kN,Bearing2_1,v_zero_crossing_rate,standard,0.1163713364091286,491
37.5Hz11kN,Bearing2_1,v_entropy,standard,-0.04080253928604376,491
37.5Hz11kN,Bearing2_1,v_percentile_5,standard,0.22455508257647105,491
37.5Hz11kN,Bearing2_1,v_percentile_50,standard,0.046660809789919815,491
37.5Hz11kN,Bearing2_1,v_percentile_95,standard,-0.2427148098323329,491
37.5Hz11kN,Bearing2_1,cross_correlation,standard,0.19814003988163245,491
37.5Hz11kN,Bearing2_1,h_spectral_centroid,standard,0.8444316259115042,491
37.5Hz11kN,Bearing2_1,h_spectral_bandwidth,standard,0.5321749682437179,491
37.5Hz11kN,Bearing2_1,h_spectral_rolloff,standard,0.6494537975773209,491
37.5Hz11kN,Bearing2_1,h_spectral_flatness,standard,-0.37381944183962396,491
37.5Hz11kN,Bearing2_1,h_band_power_0_1k,standard,0.04264932042063261,491
37.5Hz11kN,Bearing2_1,h_band_power_1_3k,standard,-0.436557588610925,491
37.5Hz11kN,Bearing2_1,h_band_power_3_6k,standard,-0.5247281327711653,491
37.5Hz11kN,Bearing2_1,h_band_power_6_12k,standard,-0.01744248640790577,491
37.5Hz11kN,Bearing2_1,h_dominant_frequency,standard,0.14275945539882945,491
37.5Hz11kN,Bearing2_1,h_mean_frequency,standard,0.3451284900230024,491
37.5Hz11kN,Bearing2_1,h_bpfo_band_power,standard,-0.4461162041688167,491
37.5Hz11kN,Bearing2_1,h_bpfi_band_power,standard,0.6685477469513462,491
37.5Hz11kN,Bearing2_1,h_bsf_band_power,standard,0.357074022296813,491
37.5Hz11kN,Bearing2_1,h_ftf_band_power,standard,-0.17039604873790953,491
37.5Hz11kN,Bearing2_1,v_spectral_centroid,standard,0.7825208151911105,491
37.5Hz11kN,Bearing2_1,v_spectral_bandwidth,standard,0.5323137158832536,491
37.5Hz11kN,Bearing2_1,v_spectral_rolloff,standard,0.44713006296373203,491
37.5Hz11kN,Bearing2_1,v_spectral_flatness,standard,-0.325083010492575,491
37.5Hz11kN,Bearing2_1,v_band_power_0_1k,standard,-0.07006170805712379,491
37.5Hz11kN,Bearing2_1,v_band_power_1_3k,standard,-0.35395151553244614,491
37.5Hz11kN,Bearing2_1,v_band_power_3_6k,standard,-0.547570150210002,491
37.5Hz11kN,Bearing2_1,v_band_power_6_12k,standard,0.018628290817593738,491
37.5Hz11kN,Bearing2_1,v_dominant_frequency,standard,0.07356617421900283,491
37.5Hz11kN,Bearing2_1,v_mean_frequency,standard,-0.05966602427568812,491
37.5Hz11kN,Bearing2_1,v_bpfo_band_power,standard,-0.05983765519520609,491
37.5Hz11kN,Bearing2_1,v_bpfi_band_power,standard,0.45226916756469615,491
37.5Hz11kN,Bearing2_1,v_bsf_band_power,standard,0.7427081189636453,491
37.5Hz11kN,Bearing2_1,v_ftf_band_power,standard,0.029592799814277707,491
37.5Hz11kN,Bearing2_1,h_env_level_0_log1p_structure_count,hcrd_other,-0.08719637732856385,491
37.5Hz11kN,Bearing2_1,h_env_level_0_knot_fraction,hcrd_other,-0.08719637732856385,491
37.5Hz11kN,Bearing2_1,h_env_level_0_log1p_polygon_area,hcrd_exact_polygon_mass,-0.22396233243682453,491
37.5Hz11kN,Bearing2_1,h_env_level_0_log1p_quadratic_energy,hcrd_other,-0.22522305430045447,491
37.5Hz11kN,Bearing2_1,h_env_level_0_log1p_triangle_area,hcrd_other,-0.22474688747885027,491
37.5Hz11kN,Bearing2_1,h_env_level_0_log1p_peak_amplitude,hcrd_other,0.03095216130265131,491
37.5Hz11kN,Bearing2_1,h_env_level_0_log1p_mean_amplitude,hcrd_other,-0.21519911923837637,491
37.5Hz11kN,Bearing2_1,h_env_level_0_positive_area_fraction,hcrd_other,-0.0731479219277001,491
37.5Hz11kN,Bearing2_1,h_env_level_0_sign_balance,hcrd_other,-0.0731479219277001,491
37.5Hz11kN,Bearing2_1,h_env_level_0_area_concentration,hcrd_other,0.07284774522794067,491
37.5Hz11kN,Bearing2_1,h_env_level_0_weighted_shape_factor,hcrd_other,0.11227247244832063,491
37.5Hz11kN,Bearing2_1,h_env_level_0_mean_duration_fraction,hcrd_other,0.08719637732856385,491
37.5Hz11kN,Bearing2_1,h_env_level_1_log1p_structure_count,hcrd_other,-0.14225865874559163,491
37.5Hz11kN,Bearing2_1,h_env_level_1_knot_fraction,hcrd_other,-0.14225865874559163,491
37.5Hz11kN,Bearing2_1,h_env_level_1_log1p_polygon_area,hcrd_exact_polygon_mass,-0.09386011421110096,491
37.5Hz11kN,Bearing2_1,h_env_level_1_log1p_quadratic_energy,hcrd_other,-0.08145858909854738,491
37.5Hz11kN,Bearing2_1,h_env_level_1_log1p_triangle_area,hcrd_other,-0.09908274272900258,491
37.5Hz11kN,Bearing2_1,h_env_level_1_log1p_peak_amplitude,hcrd_other,0.08264844858016725,491
37.5Hz11kN,Bearing2_1,h_env_level_1_log1p_mean_amplitude,hcrd_other,-0.10108138630744136,491
37.5Hz11kN,Bearing2_1,h_env_level_1_positive_area_fraction,hcrd_other,-0.053200414833858636,491
37.5Hz11kN,Bearing2_1,h_env_level_1_sign_balance,hcrd_other,-0.053200414833858636,491
37.5Hz11kN,Bearing2_1,h_env_level_1_area_concentration,hcrd_other,-0.028524389737018443,491
37.5Hz11kN,Bearing2_1,h_env_level_1_weighted_shape_factor,hcrd_other,-0.1300989873571975,491
37.5Hz11kN,Bearing2_1,h_env_level_1_mean_duration_fraction,hcrd_other,0.14225865874559163,491
37.5Hz11kN,Bearing2_1,h_env_level_2_log1p_structure_count,hcrd_other,-0.13894047875761237,491
37.5Hz11kN,Bearing2_1,h_env_level_2_knot_fraction,hcrd_other,-0.13894047875761237,491
37.5Hz11kN,Bearing2_1,h_env_level_2_log1p_polygon_area,hcrd_exact_polygon_mass,-0.04211445643281405,491
37.5Hz11kN,Bearing2_1,h_env_level_2_log1p_quadratic_energy,hcrd_other,-0.03945858707101141,491
37.5Hz11kN,Bearing2_1,h_env_level_2_log1p_triangle_area,hcrd_other,-0.04512686799422964,491
37.5Hz11kN,Bearing2_1,h_env_level_2_log1p_peak_amplitude,hcrd_other,0.06896217530278716,491
37.5Hz11kN,Bearing2_1,h_env_level_2_log1p_mean_amplitude,hcrd_other,-0.03233291329546572,491
37.5Hz11kN,Bearing2_1,h_env_level_2_positive_area_fraction,hcrd_other,-0.0037754747222022286,491
37.5Hz11kN,Bearing2_1,h_env_level_2_sign_balance,hcrd_other,-0.0037754747222022286,491
37.5Hz11kN,Bearing2_1,h_env_level_2_area_concentration,hcrd_other,-0.022217840491718023,491
37.5Hz11kN,Bearing2_1,h_env_level_2_weighted_shape_factor,hcrd_other,-0.03981547526356568,491
37.5Hz11kN,Bearing2_1,h_env_level_2_mean_duration_fraction,hcrd_other,0.13771347097823927,491
37.5Hz11kN,Bearing2_1,h_env_level_3_log1p_structure_count,hcrd_other,-0.1487165989770812,491
37.5Hz11kN,Bearing2_1,h_env_level_3_knot_fraction,hcrd_other,-0.1487165989770812,491
37.5Hz11kN,Bearing2_1,h_env_level_3_log1p_polygon_area,hcrd_exact_polygon_mass,0.05062838408424817,491
37.5Hz11kN,Bearing2_1,h_env_level_3_log1p_quadratic_energy,hcrd_other,0.06659127612099928,491
37.5Hz11kN,Bearing2_1,h_env_level_3_log1p_triangle_area,hcrd_other,0.03577242530810943,491
37.5Hz11kN,Bearing2_1,h_env_level_3_log1p_peak_amplitude,hcrd_other,0.09767360523266483,491
37.5Hz11kN,Bearing2_1,h_env_level_3_log1p_mean_amplitude,hcrd_other,0.023694292182125445,491
37.5Hz11kN,Bearing2_1,h_env_level_3_positive_area_fraction,hcrd_other,0.003047285180029987,491
37.5Hz11kN,Bearing2_1,h_env_level_3_sign_balance,hcrd_other,0.003047285180029987,491
37.5Hz11kN,Bearing2_1,h_env_level_3_area_concentration,hcrd_other,0.09282799702763227,491
37.5Hz11kN,Bearing2_1,h_env_level_3_weighted_shape_factor,hcrd_other,0.05349854060051033,491
37.5Hz11kN,Bearing2_1,h_env_level_3_mean_duration_fraction,hcrd_other,0.1487165989770812,491
37.5Hz11kN,Bearing2_1,h_env_level_4_log1p_structure_count,hcrd_other,-0.08716555360279833,491
37.5Hz11kN,Bearing2_1,h_env_level_4_knot_fraction,hcrd_other,-0.08716555360279833,491
37.5Hz11kN,Bearing2_1,h_env_level_4_log1p_polygon_area,hcrd_exact_polygon_mass,0.13989683897005228,491
37.5Hz11kN,Bearing2_1,h_env_level_4_log1p_quadratic_energy,hcrd_other,0.14032170913171785,491
37.5Hz11kN,Bearing2_1,h_env_level_4_log1p_triangle_area,hcrd_other,0.13970949464679816,491
37.5Hz11kN,Bearing2_1,h_env_level_4_log1p_peak_amplitude,hcrd_other,0.15664337365764444,491
37.5Hz11kN,Bearing2_1,h_env_level_4_log1p_mean_amplitude,hcrd_other,0.15075074587979348,491
37.5Hz11kN,Bearing2_1,h_env_level_4_positive_area_fraction,hcrd_other,0.08741520141179962,491
37.5Hz11kN,Bearing2_1,h_env_level_4_sign_balance,hcrd_other,0.08741739625462823,491
37.5Hz11kN,Bearing2_1,h_env_level_4_area_concentration,hcrd_other,0.024379295208222875,491
37.5Hz11kN,Bearing2_1,h_env_level_4_weighted_shape_factor,hcrd_other,-0.014669365248135492,491
37.5Hz11kN,Bearing2_1,h_env_level_4_mean_duration_fraction,hcrd_other,0.08716555360279833,491
37.5Hz11kN,Bearing2_1,h_env_level_5_log1p_structure_count,hcrd_other,-0.10395819106837781,491
37.5Hz11kN,Bearing2_1,h_env_level_5_knot_fraction,hcrd_other,-0.10395819106837781,491
37.5Hz11kN,Bearing2_1,h_env_level_5_log1p_polygon_area,hcrd_exact_polygon_mass,0.21618480584822472,491
37.5Hz11kN,Bearing2_1,h_env_level_5_log1p_quadratic_energy,hcrd_other,0.21221113948535053,491
37.5Hz11kN,Bearing2_1,h_env_level_5_log1p_triangle_area,hcrd_other,0.20457452664638454,491
37.5Hz11kN,Bearing2_1,h_env_level_5_log1p_peak_amplitude,hcrd_other,0.20207427066996883,491
37.5Hz11kN,Bearing2_1,h_env_level_5_log1p_mean_amplitude,hcrd_other,0.20043480508789877,491
37.5Hz11kN,Bearing2_1,h_env_level_5_positive_area_fraction,hcrd_other,-0.0008549412508925186,491
37.5Hz11kN,Bearing2_1,h_env_level_5_sign_balance,hcrd_other,0.001289475588298501,491
37.5Hz11kN,Bearing2_1,h_env_level_5_area_concentration,hcrd_other,0.12482572052330305,491
37.5Hz11kN,Bearing2_1,h_env_level_5_weighted_shape_factor,hcrd_other,0.06608487250645403,491
37.5Hz11kN,Bearing2_1,h_env_level_5_mean_duration_fraction,hcrd_other,0.10395819106837781,491
37.5Hz11kN,Bearing2_1,h_spec_level_0_log1p_structure_count,hcrd_other,0.11934297317236303,491
37.5Hz11kN,Bearing2_1,h_spec_level_0_knot_fraction,hcrd_other,0.11934297317236303,491
37.5Hz11kN,Bearing2_1,h_spec_level_0_log1p_polygon_area,hcrd_exact_polygon_mass,0.14270801758684698,491
37.5Hz11kN,Bearing2_1,h_spec_level_0_log1p_quadratic_energy,hcrd_other,-0.0154566163060525,491
37.5Hz11kN,Bearing2_1,h_spec_level_0_log1p_triangle_area,hcrd_other,0.16737137058389992,491
37.5Hz11kN,Bearing2_1,h_spec_level_0_log1p_peak_amplitude,hcrd_other,-0.3329166409000638,491
37.5Hz11kN,Bearing2_1,h_spec_level_0_log1p_mean_amplitude,hcrd_other,0.237039838040427,491
37.5Hz11kN,Bearing2_1,h_spec_level_0_positive_area_fraction,hcrd_other,0.34721908235749716,491
37.5Hz11kN,Bearing2_1,h_spec_level_0_sign_balance,hcrd_other,0.34721908235749716,491
37.5Hz11kN,Bearing2_1,h_spec_level_0_area_concentration,hcrd_other,-0.29495680841508526,491
37.5Hz11kN,Bearing2_1,h_spec_level_0_weighted_shape_factor,hcrd_other,-0.13351233096686094,491
37.5Hz11kN,Bearing2_1,h_spec_level_0_mean_duration_fraction,hcrd_other,-0.11934297317236303,491
37.5Hz11kN,Bearing2_1,h_spec_level_1_log1p_structure_count,hcrd_other,-0.07632563347688978,491
37.5Hz11kN,Bearing2_1,h_spec_level_1_knot_fraction,hcrd_other,-0.07632563347688978,491
37.5Hz11kN,Bearing2_1,h_spec_level_1_log1p_polygon_area,hcrd_exact_polygon_mass,0.01667749708795147,491
37.5Hz11kN,Bearing2_1,h_spec_level_1_log1p_quadratic_energy,hcrd_other,-0.09786966796057253,491
37.5Hz11kN,Bearing2_1,h_spec_level_1_log1p_triangle_area,hcrd_other,0.0019296059787980563,491
37.5Hz11kN,Bearing2_1,h_spec_level_1_log1p_peak_amplitude,hcrd_other,-0.23160654853566282,491
37.5Hz11kN,Bearing2_1,h_spec_level_1_log1p_mean_amplitude,hcrd_other,-0.017393622791126283,491
37.5Hz11kN,Bearing2_1,h_spec_level_1_positive_area_fraction,hcrd_other,-0.21051358499785586,491
37.5Hz11kN,Bearing2_1,h_spec_level_1_sign_balance,hcrd_other,-0.21051358499785586,491
37.5Hz11kN,Bearing2_1,h_spec_level_1_area_concentration,hcrd_other,-0.12747078067231063,491
37.5Hz11kN,Bearing2_1,h_spec_level_1_weighted_shape_factor,hcrd_other,0.020080209322813125,491
37.5Hz11kN,Bearing2_1,h_spec_level_1_mean_duration_fraction,hcrd_other,0.07543756259216336,491
37.5Hz11kN,Bearing2_1,h_spec_level_2_log1p_structure_count,hcrd_other,-0.038828517875541535,491
37.5Hz11kN,Bearing2_1,h_spec_level_2_knot_fraction,hcrd_other,-0.038828517875541535,491
37.5Hz11kN,Bearing2_1,h_spec_level_2_log1p_polygon_area,hcrd_exact_polygon_mass,0.08595982031976271,491
37.5Hz11kN,Bearing2_1,h_spec_level_2_log1p_quadratic_energy,hcrd_other,-0.005901853066496083,491
37.5Hz11kN,Bearing2_1,h_spec_level_2_log1p_triangle_area,hcrd_other,0.07721809900255368,491
37.5Hz11kN,Bearing2_1,h_spec_level_2_log1p_peak_amplitude,hcrd_other,-0.25121018552967855,491
37.5Hz11kN,Bearing2_1,h_spec_level_2_log1p_mean_amplitude,hcrd_other,0.08862420533262234,491
37.5Hz11kN,Bearing2_1,h_spec_level_2_positive_area_fraction,hcrd_other,0.11037834834892676,491
37.5Hz11kN,Bearing2_1,h_spec_level_2_sign_balance,hcrd_other,0.11037834834892676,491
37.5Hz11kN,Bearing2_1,h_spec_level_2_area_concentration,hcrd_other,-0.10128586330960779,491
37.5Hz11kN,Bearing2_1,h_spec_level_2_weighted_shape_factor,hcrd_other,0.007133280651164697,491
37.5Hz11kN,Bearing2_1,h_spec_level_2_mean_duration_fraction,hcrd_other,0.03018749099307637,491
37.5Hz11kN,Bearing2_1,h_spec_level_3_log1p_structure_count,hcrd_other,-0.02583001820766646,491
37.5Hz11kN,Bearing2_1,h_spec_level_3_knot_fraction,hcrd_other,-0.02583001820766646,491
37.5Hz11kN,Bearing2_1,h_spec_level_3_log1p_polygon_area,hcrd_exact_polygon_mass,0.27248562730442133,491
37.5Hz11kN,Bearing2_1,h_spec_level_3_log1p_quadratic_energy,hcrd_other,0.34696665412973593,491
37.5Hz11kN,Bearing2_1,h_spec_level_3_log1p_triangle_area,hcrd_other,0.30813437291860757,491
37.5Hz11kN,Bearing2_1,h_spec_level_3_log1p_peak_amplitude,hcrd_other,0.40990937928000165,491
37.5Hz11kN,Bearing2_1,h_spec_level_3_log1p_mean_amplitude,hcrd_other,0.31623508874018036,491
37.5Hz11kN,Bearing2_1,h_spec_level_3_positive_area_fraction,hcrd_other,0.05703154541832629,491
37.5Hz11kN,Bearing2_1,h_spec_level_3_sign_balance,hcrd_other,0.05703154541832629,491
37.5Hz11kN,Bearing2_1,h_spec_level_3_area_concentration,hcrd_other,0.10859229191651823,491
37.5Hz11kN,Bearing2_1,h_spec_level_3_weighted_shape_factor,hcrd_other,-0.010910903520554727,491
37.5Hz11kN,Bearing2_1,h_spec_level_3_mean_duration_fraction,hcrd_other,0.02641852243294711,491
37.5Hz11kN,Bearing2_1,h_spec_level_4_log1p_structure_count,hcrd_other,0.09777433909255862,491
37.5Hz11kN,Bearing2_1,h_spec_level_4_knot_fraction,hcrd_other,0.09777433909255862,491
37.5Hz11kN,Bearing2_1,h_spec_level_4_log1p_polygon_area,hcrd_exact_polygon_mass,0.02017702416518741,491
37.5Hz11kN,Bearing2_1,h_spec_level_4_log1p_quadratic_energy,hcrd_other,0.06804136984384931,491
37.5Hz11kN,Bearing2_1,h_spec_level_4_log1p_triangle_area,hcrd_other,0.06069155196726746,491
37.5Hz11kN,Bearing2_1,h_spec_level_4_log1p_peak_amplitude,hcrd_other,0.16926377127772277,491
37.5Hz11kN,Bearing2_1,h_spec_level_4_log1p_mean_amplitude,hcrd_other,0.0554708496085335,491
37.5Hz11kN,Bearing2_1,h_spec_level_4_positive_area_fraction,hcrd_other,0.0420652246226886,491
37.5Hz11kN,Bearing2_1,h_spec_level_4_sign_balance,hcrd_other,0.0420652246226886,491
37.5Hz11kN,Bearing2_1,h_spec_level_4_area_concentration,hcrd_other,0.06408047695756063,491
37.5Hz11kN,Bearing2_1,h_spec_level_4_weighted_shape_factor,hcrd_other,-0.16488526741796955,491
37.5Hz11kN,Bearing2_1,h_spec_level_4_mean_duration_fraction,hcrd_other,-0.09777433909255862,491
37.5Hz11kN,Bearing2_1,h_spec_level_5_log1p_structure_count,hcrd_other,0.03505598221228937,491
37.5Hz11kN,Bearing2_1,h_spec_level_5_knot_fraction,hcrd_other,0.03505598221228937,491
37.5Hz11kN,Bearing2_1,h_spec_level_5_log1p_polygon_area,hcrd_exact_polygon_mass,0.2561835285005662,491
37.5Hz11kN,Bearing2_1,h_spec_level_5_log1p_quadratic_energy,hcrd_other,0.2601882161637195,491
37.5Hz11kN,Bearing2_1,h_spec_level_5_log1p_triangle_area,hcrd_other,0.24528085935084382,491
37.5Hz11kN,Bearing2_1,h_spec_level_5_log1p_peak_amplitude,hcrd_other,0.23569598720219298,491
37.5Hz11kN,Bearing2_1,h_spec_level_5_log1p_mean_amplitude,hcrd_other,0.2161513515047865,491
37.5Hz11kN,Bearing2_1,h_spec_level_5_positive_area_fraction,hcrd_other,0.034019345998832516,491
37.5Hz11kN,Bearing2_1,h_spec_level_5_sign_balance,hcrd_other,0.034019345998832516,491
37.5Hz11kN,Bearing2_1,h_spec_level_5_area_concentration,hcrd_other,0.010629360780969117,491
37.5Hz11kN,Bearing2_1,h_spec_level_5_weighted_shape_factor,hcrd_other,0.06733608660160735,491
37.5Hz11kN,Bearing2_1,h_spec_level_5_mean_duration_fraction,hcrd_other,-0.03505598221228937,491
37.5Hz11kN,Bearing2_1,v_env_level_0_log1p_structure_count,hcrd_other,-0.16262444439972024,491
37.5Hz11kN,Bearing2_1,v_env_level_0_knot_fraction,hcrd_other,-0.16262444439972024,491
37.5Hz11kN,Bearing2_1,v_env_level_0_log1p_polygon_area,hcrd_exact_polygon_mass,0.13181528336335774,491
37.5Hz11kN,Bearing2_1,v_env_level_0_log1p_quadratic_energy,hcrd_other,0.1503903513618452,491
37.5Hz11kN,Bearing2_1,v_env_level_0_log1p_triangle_area,hcrd_other,0.12446769577633847,491
37.5Hz11kN,Bearing2_1,v_env_level_0_log1p_peak_amplitude,hcrd_other,0.2712796489118721,491
37.5Hz11kN,Bearing2_1,v_env_level_0_log1p_mean_amplitude,hcrd_other,0.12420391334716789,491
37.5Hz11kN,Bearing2_1,v_env_level_0_positive_area_fraction,hcrd_other,-0.025933807033319514,491
37.5Hz11kN,Bearing2_1,v_env_level_0_sign_balance,hcrd_other,-0.025933807033319514,491
37.5Hz11kN,Bearing2_1,v_env_level_0_area_concentration,hcrd_other,0.04295233567074438,491
37.5Hz11kN,Bearing2_1,v_env_level_0_weighted_shape_factor,hcrd_other,0.14016569023913775,491
37.5Hz11kN,Bearing2_1,v_env_level_0_mean_duration_fraction,hcrd_other,0.16255240123266018,491
37.5Hz11kN,Bearing2_1,v_env_level_1_log1p_structure_count,hcrd_other,-0.10408167618692896,491
37.5Hz11kN,Bearing2_1,v_env_level_1_knot_fraction,hcrd_other,-0.10408167618692896,491
37.5Hz11kN,Bearing2_1,v_env_level_1_log1p_polygon_area,hcrd_exact_polygon_mass,0.12304923161455729,491
37.5Hz11kN,Bearing2_1,v_env_level_1_log1p_quadratic_energy,hcrd_other,0.09813203111456692,491
37.5Hz11kN,Bearing2_1,v_env_level_1_log1p_triangle_area,hcrd_other,0.12063088809116614,491
37.5Hz11kN,Bearing2_1,v_env_level_1_log1p_peak_amplitude,hcrd_other,0.07251979128544767,491
37.5Hz11kN,Bearing2_1,v_env_level_1_log1p_mean_amplitude,hcrd_other,0.11959897366129404,491
37.5Hz11kN,Bearing2_1,v_env_level_1_positive_area_fraction,hcrd_other,0.012743671806808262,491
37.5Hz11kN,Bearing2_1,v_env_level_1_sign_balance,hcrd_other,0.012743671806808262,491
37.5Hz11kN,Bearing2_1,v_env_level_1_area_concentration,hcrd_other,-0.17418977128380536,491
37.5Hz11kN,Bearing2_1,v_env_level_1_weighted_shape_factor,hcrd_other,-0.11211823379226384,491
37.5Hz11kN,Bearing2_1,v_env_level_1_mean_duration_fraction,hcrd_other,0.10408167618692896,491
37.5Hz11kN,Bearing2_1,v_env_level_2_log1p_structure_count,hcrd_other,-0.0958003902705425,491
37.5Hz11kN,Bearing2_1,v_env_level_2_knot_fraction,hcrd_other,-0.0958003902705425,491
37.5Hz11kN,Bearing2_1,v_env_level_2_log1p_polygon_area,hcrd_exact_polygon_mass,0.1754508986546285,491
37.5Hz11kN,Bearing2_1,v_env_level_2_log1p_quadratic_energy,hcrd_other,0.1900419598568154,491
37.5Hz11kN,Bearing2_1,v_env_level_2_log1p_triangle_area,hcrd_other,0.17441736219598364,491
37.5Hz11kN,Bearing2_1,v_env_level_2_log1p_peak_amplitude,hcrd_other,0.2277658885321552,491
37.5Hz11kN,Bearing2_1,v_env_level_2_log1p_mean_amplitude,hcrd_other,0.1789394770376483,491
37.5Hz11kN,Bearing2_1,v_env_level_2_positive_area_fraction,hcrd_other,0.008452797442060626,491
37.5Hz11kN,Bearing2_1,v_env_level_2_sign_balance,hcrd_other,0.008452797442060626,491
37.5Hz11kN,Bearing2_1,v_env_level_2_area_concentration,hcrd_other,-0.021626611004045945,491
37.5Hz11kN,Bearing2_1,v_env_level_2_weighted_shape_factor,hcrd_other,-0.005750718397508747,491
37.5Hz11kN,Bearing2_1,v_env_level_2_mean_duration_fraction,hcrd_other,0.09562325674841812,491
37.5Hz11kN,Bearing2_1,v_env_level_3_log1p_structure_count,hcrd_other,-0.11034434547786685,491
37.5Hz11kN,Bearing2_1,v_env_level_3_knot_fraction,hcrd_other,-0.11034434547786685,491
37.5Hz11kN,Bearing2_1,v_env_level_3_log1p_polygon_area,hcrd_exact_polygon_mass,0.30154802371000555,491
37.5Hz11kN,Bearing2_1,v_env_level_3_log1p_quadratic_energy,hcrd_other,0.29088886162979427,491
37.5Hz11kN,Bearing2_1,v_env_level_3_log1p_triangle_area,hcrd_other,0.2954404771197635,491
37.5Hz11kN,Bearing2_1,v_env_level_3_log1p_peak_amplitude,hcrd_other,0.27599488655429383,491
37.5Hz11kN,Bearing2_1,v_env_level_3_log1p_mean_amplitude,hcrd_other,0.30621865556117633,491
37.5Hz11kN,Bearing2_1,v_env_level_3_positive_area_fraction,hcrd_other,0.027548435299806676,491
37.5Hz11kN,Bearing2_1,v_env_level_3_sign_balance,hcrd_other,0.027548435299806676,491
37.5Hz11kN,Bearing2_1,v_env_level_3_area_concentration,hcrd_other,-0.011307770835719912,491
37.5Hz11kN,Bearing2_1,v_env_level_3_weighted_shape_factor,hcrd_other,0.0600163242062979,491
37.5Hz11kN,Bearing2_1,v_env_level_3_mean_duration_fraction,hcrd_other,0.11034434547786685,491
37.5Hz11kN,Bearing2_1,v_env_level_4_log1p_structure_count,hcrd_other,-0.09110529082684989,491
37.5Hz11kN,Bearing2_1,v_env_level_4_knot_fraction,hcrd_other,-0.09110529082684989,491
37.5Hz11kN,Bearing2_1,v_env_level_4_log1p_polygon_area,hcrd_exact_polygon_mass,0.2266248926673148,491
37.5Hz11kN,Bearing2_1,v_env_level_4_log1p_quadratic_energy,hcrd_other,0.22026542473330296,491
37.5Hz11kN,Bearing2_1,v_env_level_4_log1p_triangle_area,hcrd_other,0.2268920205308292,491
37.5Hz11kN,Bearing2_1,v_env_level_4_log1p_peak_amplitude,hcrd_other,0.20627096598909792,491
37.5Hz11kN,Bearing2_1,v_env_level_4_log1p_mean_amplitude,hcrd_other,0.21817047319648142,491
37.5Hz11kN,Bearing2_1,v_env_level_4_positive_area_fraction,hcrd_other,-0.02956833257510673,491
37.5Hz11kN,Bearing2_1,v_env_level_4_sign_balance,hcrd_other,-0.029555233965368327,491
37.5Hz11kN,Bearing2_1,v_env_level_4_area_concentration,hcrd_other,0.03325899034791503,491
37.5Hz11kN,Bearing2_1,v_env_level_4_weighted_shape_factor,hcrd_other,0.01009411944011546,491
37.5Hz11kN,Bearing2_1,v_env_level_4_mean_duration_fraction,hcrd_other,0.09110529082684989,491
37.5Hz11kN,Bearing2_1,v_env_level_5_log1p_structure_count,hcrd_other,-0.1002929127956267,491
37.5Hz11kN,Bearing2_1,v_env_level_5_knot_fraction,hcrd_other,-0.1002929127956267,491
37.5Hz11kN,Bearing2_1,v_env_level_5_log1p_polygon_area,hcrd_exact_polygon_mass,0.2632071158402261,491
37.5Hz11kN,Bearing2_1,v_env_level_5_log1p_quadratic_energy,hcrd_other,0.2542678111431349,491
37.5Hz11kN,Bearing2_1,v_env_level_5_log1p_triangle_area,hcrd_other,0.2694441206018943,491
37.5Hz11kN,Bearing2_1,v_env_level_5_log1p_peak_amplitude,hcrd_other,0.24256882724278425,491
37.5Hz11kN,Bearing2_1,v_env_level_5_log1p_mean_amplitude,hcrd_other,0.2674089813760684,491
37.5Hz11kN,Bearing2_1,v_env_level_5_positive_area_fraction,hcrd_other,-0.08870209828822047,491
37.5Hz11kN,Bearing2_1,v_env_level_5_sign_balance,hcrd_other,-0.08850172266994152,491
37.5Hz11kN,Bearing2_1,v_env_level_5_area_concentration,hcrd_other,0.03806820524716692,491
37.5Hz11kN,Bearing2_1,v_env_level_5_weighted_shape_factor,hcrd_other,0.009102582262815982,491
37.5Hz11kN,Bearing2_1,v_env_level_5_mean_duration_fraction,hcrd_other,0.1002929127956267,491
37.5Hz11kN,Bearing2_1,v_spec_level_0_log1p_structure_count,hcrd_other,0.013451230033563754,491
37.5Hz11kN,Bearing2_1,v_spec_level_0_knot_fraction,hcrd_other,0.013451230033563754,491
37.5Hz11kN,Bearing2_1,v_spec_level_0_log1p_polygon_area,hcrd_exact_polygon_mass,-0.04049830751435242,491
37.5Hz11kN,Bearing2_1,v_spec_level_0_log1p_quadratic_energy,hcrd_other,-0.19214350088552634,491
37.5Hz11kN,Bearing2_1,v_spec_level_0_log1p_triangle_area,hcrd_other,0.004701044890660053,491
37.5Hz11kN,Bearing2_1,v_spec_level_0_log1p_peak_amplitude,hcrd_other,-0.030088937865146555,491
37.5Hz11kN,Bearing2_1,v_spec_level_0_log1p_mean_amplitude,hcrd_other,0.10574644243470574,491
37.5Hz11kN,Bearing2_1,v_spec_level_0_positive_area_fraction,hcrd_other,-0.2978098556495769,491
37.5Hz11kN,Bearing2_1,v_spec_level_0_sign_balance,hcrd_other,-0.2978098556495769,491
37.5Hz11kN,Bearing2_1,v_spec_level_0_area_concentration,hcrd_other,-0.36365489715830696,491
37.5Hz11kN,Bearing2_1,v_spec_level_0_weighted_shape_factor,hcrd_other,-0.24721756170552273,491
37.5Hz11kN,Bearing2_1,v_spec_level_0_mean_duration_fraction,hcrd_other,-0.013451230033563754,491
37.5Hz11kN,Bearing2_1,v_spec_level_1_log1p_structure_count,hcrd_other,0.2358774672922361,491
37.5Hz11kN,Bearing2_1,v_spec_level_1_knot_fraction,hcrd_other,0.2358774672922361,491
37.5Hz11kN,Bearing2_1,v_spec_level_1_log1p_polygon_area,hcrd_exact_polygon_mass,-0.1279065995281924,491
37.5Hz11kN,Bearing2_1,v_spec_level_1_log1p_quadratic_energy,hcrd_other,-0.061919833255442154,491
37.5Hz11kN,Bearing2_1,v_spec_level_1_log1p_triangle_area,hcrd_other,-0.08009496978464527,491
37.5Hz11kN,Bearing2_1,v_spec_level_1_log1p_peak_amplitude,hcrd_other,0.41445207361172076,491
37.5Hz11kN,Bearing2_1,v_spec_level_1_log1p_mean_amplitude,hcrd_other,0.04144040210093277,491
37.5Hz11kN,Bearing2_1,v_spec_level_1_positive_area_fraction,hcrd_other,0.02258898095028583,491
37.5Hz11kN,Bearing2_1,v_spec_level_1_sign_balance,hcrd_other,0.02258898095028583,491
37.5Hz11kN,Bearing2_1,v_spec_level_1_area_concentration,hcrd_other,-0.16364252918891464,491
37.5Hz11kN,Bearing2_1,v_spec_level_1_weighted_shape_factor,hcrd_other,-0.21128283214333868,491
37.5Hz11kN,Bearing2_1,v_spec_level_1_mean_duration_fraction,hcrd_other,-0.23590720478499178,491
37.5Hz11kN,Bearing2_1,v_spec_level_2_log1p_structure_count,hcrd_other,0.2033795433467744,491
37.5Hz11kN,Bearing2_1,v_spec_level_2_knot_fraction,hcrd_other,0.2033795433467744,491
37.5Hz11kN,Bearing2_1,v_spec_level_2_log1p_polygon_area,hcrd_exact_polygon_mass,-0.12041870645232908,491
37.5Hz11kN,Bearing2_1,v_spec_level_2_log1p_quadratic_energy,hcrd_other,-0.053989024947816294,491
37.5Hz11kN,Bearing2_1,v_spec_level_2_log1p_triangle_area,hcrd_other,-0.13783098257434215,491
37.5Hz11kN,Bearing2_1,v_spec_level_2_log1p_peak_amplitude,hcrd_other,0.08090527453343863,491
37.5Hz11kN,Bearing2_1,v_spec_level_2_log1p_mean_amplitude,hcrd_other,-0.15381425134755108,491
37.5Hz11kN,Bearing2_1,v_spec_level_2_positive_area_fraction,hcrd_other,-0.006526030013614904,491
37.5Hz11kN,Bearing2_1,v_spec_level_2_sign_balance,hcrd_other,-0.006526030013614904,491
37.5Hz11kN,Bearing2_1,v_spec_level_2_area_concentration,hcrd_other,-0.0005813959382371995,491
37.5Hz11kN,Bearing2_1,v_spec_level_2_weighted_shape_factor,hcrd_other,-0.024974478391028558,491
37.5Hz11kN,Bearing2_1,v_spec_level_2_mean_duration_fraction,hcrd_other,-0.2021849167652347,491
37.5Hz11kN,Bearing2_1,v_spec_level_3_log1p_structure_count,hcrd_other,0.12556438422164146,491
37.5Hz11kN,Bearing2_1,v_spec_level_3_knot_fraction,hcrd_other,0.12556438422164146,491
37.5Hz11kN,Bearing2_1,v_spec_level_3_log1p_polygon_area,hcrd_exact_polygon_mass,-0.06968032854192792,491
37.5Hz11kN,Bearing2_1,v_spec_level_3_log1p_quadratic_energy,hcrd_other,-0.07216233669465004,491
37.5Hz11kN,Bearing2_1,v_spec_level_3_log1p_triangle_area,hcrd_other,-0.05937679627014484,491
37.5Hz11kN,Bearing2_1,v_spec_level_3_log1p_peak_amplitude,hcrd_other,0.001079561525072003,491
37.5Hz11kN,Bearing2_1,v_spec_level_3_log1p_mean_amplitude,hcrd_other,-0.001863609683106266,491
37.5Hz11kN,Bearing2_1,v_spec_level_3_positive_area_fraction,hcrd_other,0.13290528669865442,491
37.5Hz11kN,Bearing2_1,v_spec_level_3_sign_balance,hcrd_other,0.13290528669865442,491
37.5Hz11kN,Bearing2_1,v_spec_level_3_area_concentration,hcrd_other,-0.12755309863252837,491
37.5Hz11kN,Bearing2_1,v_spec_level_3_weighted_shape_factor,hcrd_other,-0.05856847795077885,491
37.5Hz11kN,Bearing2_1,v_spec_level_3_mean_duration_fraction,hcrd_other,-0.12726879034721802,491
37.5Hz11kN,Bearing2_1,v_spec_level_4_log1p_structure_count,hcrd_other,0.07153212487837365,491
37.5Hz11kN,Bearing2_1,v_spec_level_4_knot_fraction,hcrd_other,0.07153212487837365,491
37.5Hz11kN,Bearing2_1,v_spec_level_4_log1p_polygon_area,hcrd_exact_polygon_mass,-0.10654072964936807,491
37.5Hz11kN,Bearing2_1,v_spec_level_4_log1p_quadratic_energy,hcrd_other,-0.060643702118470956,491
37.5Hz11kN,Bearing2_1,v_spec_level_4_log1p_triangle_area,hcrd_other,-0.10238914700548143,491
37.5Hz11kN,Bearing2_1,v_spec_level_4_log1p_peak_amplitude,hcrd_other,0.027458209949321737,491
37.5Hz11kN,Bearing2_1,v_spec_level_4_log1p_mean_amplitude,hcrd_other,-0.06671465168452757,491
37.5Hz11kN,Bearing2_1,v_spec_level_4_positive_area_fraction,hcrd_other,0.06662621709964593,491
37.5Hz11kN,Bearing2_1,v_spec_level_4_sign_balance,hcrd_other,0.06662621709964593,491
37.5Hz11kN,Bearing2_1,v_spec_level_4_area_concentration,hcrd_other,0.00014973353108567455,491
37.5Hz11kN,Bearing2_1,v_spec_level_4_weighted_shape_factor,hcrd_other,-0.03867177615755985,491
37.5Hz11kN,Bearing2_1,v_spec_level_4_mean_duration_fraction,hcrd_other,-0.071988935451155,491
37.5Hz11kN,Bearing2_1,v_spec_level_5_log1p_structure_count,hcrd_other,0.11461606914501735,491
37.5Hz11kN,Bearing2_1,v_spec_level_5_knot_fraction,hcrd_other,0.11461606914501735,491
37.5Hz11kN,Bearing2_1,v_spec_level_5_log1p_polygon_area,hcrd_exact_polygon_mass,-0.12739231503042822,491
37.5Hz11kN,Bearing2_1,v_spec_level_5_log1p_quadratic_energy,hcrd_other,-0.13599058817804602,491
37.5Hz11kN,Bearing2_1,v_spec_level_5_log1p_triangle_area,hcrd_other,-0.1233894521496443,491
37.5Hz11kN,Bearing2_1,v_spec_level_5_log1p_peak_amplitude,hcrd_other,-0.14692995572875217,491
37.5Hz11kN,Bearing2_1,v_spec_level_5_log1p_mean_amplitude,hcrd_other,-0.08979368807778439,491
37.5Hz11kN,Bearing2_1,v_spec_level_5_positive_area_fraction,hcrd_other,0.08634117067394428,491
37.5Hz11kN,Bearing2_1,v_spec_level_5_sign_balance,hcrd_other,0.08056526333511427,491
37.5Hz11kN,Bearing2_1,v_spec_level_5_area_concentration,hcrd_other,-0.12511026864798036,491
37.5Hz11kN,Bearing2_1,v_spec_level_5_weighted_shape_factor,hcrd_other,-0.1309336566123749,491
37.5Hz11kN,Bearing2_1,v_spec_level_5_mean_duration_fraction,hcrd_other,-0.11461606914501735,491
37.5Hz11kN,Bearing2_2,h_mean,standard,0.08486312399355879,161
37.5Hz11kN,Bearing2_2,h_std,standard,0.8635840809753854,161
37.5Hz11kN,Bearing2_2,h_variance,standard,0.8635840809753854,161
37.5Hz11kN,Bearing2_2,h_rms,standard,0.8636243386243386,161
37.5Hz11kN,Bearing2_2,h_peak,standard,0.9386387163561077,161
37.5Hz11kN,Bearing2_2,h_peak_to_peak,standard,0.9401598803772717,161
37.5Hz11kN,Bearing2_2,h_crest_factor,standard,-0.0076547043938348285,161
37.5Hz11kN,Bearing2_2,h_shape_factor,standard,-0.16529790660225446,161
37.5Hz11kN,Bearing2_2,h_impulse_factor,standard,-0.016980101219231655,161
37.5Hz11kN,Bearing2_2,h_clearance_factor,standard,-0.01900736139866575,161
37.5Hz11kN,Bearing2_2,h_kurtosis,standard,-0.16966011042098,161
37.5Hz11kN,Bearing2_2,h_skewness,standard,-0.07155221992178515,161
37.5Hz11kN,Bearing2_2,h_line_integral,standard,0.9508396595353119,161
37.5Hz11kN,Bearing2_2,h_zero_crossing_rate,standard,-0.7800557712618269,161
37.5Hz11kN,Bearing2_2,h_entropy,standard,0.029215550954681393,161
37.5Hz11kN,Bearing2_2,h_percentile_5,standard,-0.8642799631930067,161
37.5Hz11kN,Bearing2_2,h_percentile_50,standard,0.32516390614216706,161
37.5Hz11kN,Bearing2_2,h_percentile_95,standard,0.8706895560156431,161
37.5Hz11kN,Bearing2_2,v_mean,standard,0.0061910512997469525,161
37.5Hz11kN,Bearing2_2,v_std,standard,0.8999424890729241,161
37.5Hz11kN,Bearing2_2,v_variance,standard,0.8999424890729241,161
37.5Hz11kN,Bearing2_2,v_rms,standard,0.900405452035887,161
37.5Hz11kN,Bearing2_2,v_peak,standard,0.9349292615596965,161
37.5Hz11kN,Bearing2_2,v_peak_to_peak,standard,0.927493098688751,161
37.5Hz11kN,Bearing2_2,v_crest_factor,standard,-0.6305210489993099,161
37.5Hz11kN,Bearing2_2,v_shape_factor,standard,-0.5749511157119853,161
37.5Hz11kN,Bearing2_2,v_impulse_factor,standard,-0.6460231193926848,161
37.5Hz11kN,Bearing2_2,v_clearance_factor,standard,-0.6575626869105131,161
37.5Hz11kN,Bearing2_2,v_kurtosis,standard,-0.3317086496434323,161
37.5Hz11kN,Bearing2_2,v_skewness,standard,-0.5750776397515529,161
37.5Hz11kN,Bearing2_2,v_line_integral,standard,0.9567517828387395,161
37.5Hz11kN,Bearing2_2,v_zero_crossing_rate,standard,-0.7280751383010079,161
37.5Hz11kN,Bearing2_2,v_entropy,standard,0.628370140326662,161
37.5Hz11kN,Bearing2_2,v_percentile_5,standard,-0.9101190476190478,161
37.5Hz11kN,Bearing2_2,v_percentile_50,standard,0.7300063262019784,161
37.5Hz11kN,Bearing2_2,v_percentile_95,standard,0.8729037267080746,161
37.5Hz11kN,Bearing2_2,cross_correlation,standard,-0.08644467448815277,161
37.5Hz11kN,Bearing2_2,h_spectral_centroid,standard,-0.2948930296756384,161
37.5Hz11kN,Bearing2_2,h_spectral_bandwidth,standard,0.5726679319070624,161
37.5Hz11kN,Bearing2_2,h_spectral_rolloff,standard,0.27890863527081794,161
37.5Hz11kN,Bearing2_2,h_spectral_flatness,standard,-0.863336783988958,161
37.5Hz11kN,Bearing2_2,h_band_power_0_1k,standard,0.8593714055670578,161
37.5Hz11kN,Bearing2_2,h_band_power_1_3k,standard,0.8993932597193468,161
37.5Hz11kN,Bearing2_2,h_band_power_3_6k,standard,0.980863239015413,161
37.5Hz11kN,Bearing2_2,h_band_power_6_12k,standard,0.9509057971014495,161
37.5Hz11kN,Bearing2_2,h_dominant_frequency,standard,0.6107515277455605,161
37.5Hz11kN,Bearing2_2,h_mean_frequency,standard,-0.8242868645042559,161
37.5Hz11kN,Bearing2_2,h_bpfo_band_power,standard,0.4674488152749023,161
37.5Hz11kN,Bearing2_2,h_bpfi_band_power,standard,0.5927449965493445,161
37.5Hz11kN,Bearing2_2,h_bsf_band_power,standard,0.5950224292615598,161
37.5Hz11kN,Bearing2_2,h_ftf_band_power,standard,-0.22638888888888892,161
37.5Hz11kN,Bearing2_2,v_spectral_centroid,standard,-0.5056849551414769,161
37.5Hz11kN,Bearing2_2,v_spectral_bandwidth,standard,0.377133655394525,161
37.5Hz11kN,Bearing2_2,v_spectral_rolloff,standard,0.2874445554807101,161
37.5Hz11kN,Bearing2_2,v_spectral_flatness,standard,-0.8104353577179665,161
37.5Hz11kN,Bearing2_2,v_band_power_0_1k,standard,0.8967506326201978,161
37.5Hz11kN,Bearing2_2,v_band_power_1_3k,standard,0.8495082815734991,161
37.5Hz11kN,Bearing2_2,v_band_power_3_6k,standard,0.9900132275132277,161
37.5Hz11kN,Bearing2_2,v_band_power_6_12k,standard,0.9542960662525881,161
37.5Hz11kN,Bearing2_2,v_dominant_frequency,standard,0.298693357964969,161
37.5Hz11kN,Bearing2_2,v_mean_frequency,standard,-0.7477973314929839,161
37.5Hz11kN,Bearing2_2,v_bpfo_band_power,standard,0.957116977225673,161
37.5Hz11kN,Bearing2_2,v_bpfi_band_power,standard,0.7081809293765815,161
37.5Hz11kN,Bearing2_2,v_bsf_band_power,standard,0.853088336783989,161
37.5Hz11kN,Bearing2_2,v_ftf_band_power,standard,0.025983436853002074,161
37.5Hz11kN,Bearing2_2,h_env_level_0_log1p_structure_count,hcrd_other,0.48346801866444883,161
37.5Hz11kN,Bearing2_2,h_env_level_0_knot_fraction,hcrd_other,0.48346801866444883,161
37.5Hz11kN,Bearing2_2,h_env_level_0_log1p_polygon_area,hcrd_exact_polygon_mass,0.8408758914193699,161
37.5Hz11kN,Bearing2_2,h_env_level_0_log1p_quadratic_energy,hcrd_other,0.8403122843340236,161
37.5Hz11kN,Bearing2_2,h_env_level_0_log1p_triangle_area,hcrd_other,0.8374913733609388,161
37.5Hz11kN,Bearing2_2,h_env_level_0_log1p_peak_amplitude,hcrd_other,0.7930095468138947,161
37.5Hz11kN,Bearing2_2,h_env_level_0_log1p_mean_amplitude,hcrd_other,0.8351765585461238,161
37.5Hz11kN,Bearing2_2,h_env_level_0_positive_area_fraction,hcrd_other,0.04153151598803774,161
37.5Hz11kN,Bearing2_2,h_env_level_0_sign_balance,hcrd_other,0.04153151598803774,161
37.5Hz11kN,Bearing2_2,h_env_level_0_area_concentration,hcrd_other,-0.40570795951230737,161
37.5Hz11kN,Bearing2_2,h_env_level_0_weighted_shape_factor,hcrd_other,-0.43899458355690046,161
37.5Hz11kN,Bearing2_2,h_env_level_0_mean_duration_fraction,hcrd_other,-0.48346801866444883,161
37.5Hz11kN,Bearing2_2,h_env_level_1_log1p_structure_count,hcrd_other,-0.01029900382650997,161
37.5Hz11kN,Bearing2_2,h_env_level_1_knot_fraction,hcrd_other,-0.01029900382650997,161
37.5Hz11kN,Bearing2_2,h_env_level_1_log1p_polygon_area,hcrd_exact_polygon_mass,0.8603864734299518,161
37.5Hz11kN,Bearing2_2,h_env_level_1_log1p_quadratic_energy,hcrd_other,0.8572923855532552,161
37.5Hz11kN,Bearing2_2,h_env_level_1_log1p_triangle_area,hcrd_other,0.8641476880607317,161
37.5Hz11kN,Bearing2_2,h_env_level_1_log1p_peak_amplitude,hcrd_other,0.7741172072693813,161
37.5Hz11kN,Bearing2_2,h_env_level_1_log1p_mean_amplitude,hcrd_other,0.8658183804922935,161
37.5Hz11kN,Bearing2_2,h_env_level_1_positive_area_fraction,hcrd_other,-0.12151483781918566,161
37.5Hz11kN,Bearing2_2,h_env_level_1_sign_balance,hcrd_other,-0.12151483781918566,161
37.5Hz11kN,Bearing2_2,h_env_level_1_area_concentration,hcrd_other,0.11812456866804695,161
37.5Hz11kN,Bearing2_2,h_env_level_1_weighted_shape_factor,hcrd_other,0.30365481941568906,161
37.5Hz11kN,Bearing2_2,h_env_level_1_mean_duration_fraction,hcrd_other,0.01029900382650997,161
37.5Hz11kN,Bearing2_2,h_env_level_2_log1p_structure_count,hcrd_other,0.08270301685903267,161
37.5Hz11kN,Bearing2_2,h_env_level_2_knot_fraction,hcrd_other,0.08270301685903267,161
37.5Hz11kN,Bearing2_2,h_env_level_2_log1p_polygon_area,hcrd_exact_polygon_mass,0.8193581780538303,161
37.5Hz11kN,Bearing2_2,h_env_level_2_log1p_quadratic_energy,hcrd_other,0.8096905912123306,161
37.5Hz11kN,Bearing2_2,h_env_level_2_log1p_triangle_area,hcrd_other,0.8197866344605477,161
37.5Hz11kN,Bearing2_2,h_env_level_2_log1p_peak_amplitude,hcrd_other,0.7660254198297678,161
37.5Hz11kN,Bearing2_2,h_env_level_2_log1p_mean_amplitude,hcrd_other,0.8229813664596274,161
37.5Hz11kN,Bearing2_2,h_env_level_2_positive_area_fraction,hcrd_other,0.1757505175983437,161
37.5Hz11kN,Bearing2_2,h_env_level_2_sign_balance,hcrd_other,0.1757505175983437,161
37.5Hz11kN,Bearing2_2,h_env_level_2_area_concentration,hcrd_other,-0.09415688980906373,161
37.5Hz11kN,Bearing2_2,h_env_level_2_weighted_shape_factor,hcrd_other,-0.1503050954730746,161
37.5Hz11kN,Bearing2_2,h_env_level_2_mean_duration_fraction,hcrd_other,-0.08270301685903267,161
37.5Hz11kN,Bearing2_2,h_env_level_3_log1p_structure_count,hcrd_other,0.05414319554846551,161
37.5Hz11kN,Bearing2_2,h_env_level_3_knot_fraction,hcrd_other,0.05414319554846551,161
37.5Hz11kN,Bearing2_2,h_env_level_3_log1p_polygon_area,hcrd_exact_polygon_mass,0.831817920404877,161
37.5Hz11kN,Bearing2_2,h_env_level_3_log1p_quadratic_energy,hcrd_other,0.8200684380032206,161
37.5Hz11kN,Bearing2_2,h_env_level_3_log1p_triangle_area,hcrd_other,0.8320910973084887,161
37.5Hz11kN,Bearing2_2,h_env_level_3_log1p_peak_amplitude,hcrd_other,0.7878335633770417,161
37.5Hz11kN,Bearing2_2,h_env_level_3_log1p_mean_amplitude,hcrd_other,0.831892684610076,161
37.5Hz11kN,Bearing2_2,h_env_level_3_positive_area_fraction,hcrd_other,0.016068553025074768,161
37.5Hz11kN,Bearing2_2,h_env_level_3_sign_balance,hcrd_other,0.016068553025074768,161
37.5Hz11kN,Bearing2_2,h_env_level_3_area_concentration,hcrd_other,-0.05202438463308029,161
37.5Hz11kN,Bearing2_2,h_env_level_3_weighted_shape_factor,hcrd_other,-0.03317445874299601,161
37.5Hz11kN,Bearing2_2,h_env_level_3_mean_duration_fraction,hcrd_other,-0.05414319554846551,161
37.5Hz11kN,Bearing2_2,h_env_level_4_log1p_structure_count,hcrd_other,0.11851452159647258,161
37.5Hz11kN,Bearing2_2,h_env_level_4_knot_fraction,hcrd_other,0.11851452159647258,161
37.5Hz11kN,Bearing2_2,h_env_level_4_log1p_polygon_area,hcrd_exact_polygon_mass,0.78881412468369,161
37.5Hz11kN,Bearing2_2,h_env_level_4_log1p_quadratic_energy,hcrd_other,0.7999971244536462,161
37.5Hz11kN,Bearing2_2,h_env_level_4_log1p_triangle_area,hcrd_other,0.7908902691511388,161
37.5Hz11kN,Bearing2_2,h_env_level_4_log1p_peak_amplitude,hcrd_other,0.8003853232114102,161
37.5Hz11kN,Bearing2_2,h_env_level_4_log1p_mean_amplitude,hcrd_other,0.7968110190936278,161
37.5Hz11kN,Bearing2_2,h_env_level_4_positive_area_fraction,hcrd_other,-0.09823182146297074,161
37.5Hz11kN,Bearing2_2,h_env_level_4_sign_balance,hcrd_other,-0.09823182146297074,161
37.5Hz11kN,Bearing2_2,h_env_level_4_area_concentration,hcrd_other,-0.009273636991028296,161
37.5Hz11kN,Bearing2_2,h_env_level_4_weighted_shape_factor,hcrd_other,-0.0920986970141679,161
37.5Hz11kN,Bearing2_2,h_env_level_4_mean_duration_fraction,hcrd_other,-0.11851452159647258,161
37.5Hz11kN,Bearing2_2,h_env_level_5_log1p_structure_count,hcrd_other,-0.013798158302558731,161
37.5Hz11kN,Bearing2_2,h_env_level_5_knot_fraction,hcrd_other,-0.013798158302558731,161
37.5Hz11kN,Bearing2_2,h_env_level_5_log1p_polygon_area,hcrd_exact_polygon_mass,0.756193926846101,161
37.5Hz11kN,Bearing2_2,h_env_level_5_log1p_quadratic_energy,hcrd_other,0.7677938808373592,161
37.5Hz11kN,Bearing2_2,h_env_level_5_log1p_triangle_area,hcrd_other,0.7583908442604096,161
37.5Hz11kN,Bearing2_2,h_env_level_5_log1p_peak_amplitude,hcrd_other,0.7668133195307109,161
37.5Hz11kN,Bearing2_2,h_env_level_5_log1p_mean_amplitude,hcrd_other,0.7597653554175294,161
37.5Hz11kN,Bearing2_2,h_env_level_5_positive_area_fraction,hcrd_other,0.11512725531663744,161
37.5Hz11kN,Bearing2_2,h_env_level_5_sign_balance,hcrd_other,0.11608152205459248,161
37.5Hz11kN,Bearing2_2,h_env_level_5_area_concentration,hcrd_other,-0.03466758684149989,161
37.5Hz11kN,Bearing2_2,h_env_level_5_weighted_shape_factor,hcrd_other,0.0739707846880705,161
37.5Hz11kN,Bearing2_2,h_env_level_5_mean_duration_fraction,hcrd_other,0.013798158302558731,161
37.5Hz11kN,Bearing2_2,h_spec_level_0_log1p_structure_count,hcrd_other,0.7257654757703202,161
37.5Hz11kN,Bearing2_2,h_spec_level_0_knot_fraction,hcrd_other,0.7257654757703202,161
37.5Hz11kN,Bearing2_2,h_spec_level_0_log1p_polygon_area,hcrd_exact_polygon_mass,0.8465982286634463,161
37.5Hz11kN,Bearing2_2,h_spec_level_0_log1p_quadratic_energy,hcrd_other,0.8971532091097311,161
37.5Hz11kN,Bearing2_2,h_spec_level_0_log1p_triangle_area,hcrd_other,0.8542788129744653,161
37.5Hz11kN,Bearing2_2,h_spec_level_0_log1p_peak_amplitude,hcrd_other,0.8152950310559007,161
37.5Hz11kN,Bearing2_2,h_spec_level_0_log1p_mean_amplitude,hcrd_other,0.8509144237405107,161
37.5Hz11kN,Bearing2_2,h_spec_level_0_positive_area_fraction,hcrd_other,-0.16740855762594894,161
37.5Hz11kN,Bearing2_2,h_spec_level_0_sign_balance,hcrd_other,-0.16740855762594894,161
37.5Hz11kN,Bearing2_2,h_spec_level_0_area_concentration,hcrd_other,0.03099838969404187,161
37.5Hz11kN,Bearing2_2,h_spec_level_0_weighted_shape_factor,hcrd_other,-0.7602513227513228,161
37.5Hz11kN,Bearing2_2,h_spec_level_0_mean_duration_fraction,hcrd_other,-0.7257654757703202,161
37.5Hz11kN,Bearing2_2,h_spec_level_1_log1p_structure_count,hcrd_other,0.39397474659068804,161
37.5Hz11kN,Bearing2_2,h_spec_level_1_knot_fraction,hcrd_other,0.39397474659068804,161
37.5Hz11kN,Bearing2_2,h_spec_level_1_log1p_polygon_area,hcrd_exact_polygon_mass,0.6464141936968024,161
37.5Hz11kN,Bearing2_2,h_spec_level_1_log1p_quadratic_energy,hcrd_other,0.6995514147688062,161
37.5Hz11kN,Bearing2_2,h_spec_level_1_log1p_triangle_area,hcrd_other,0.6731740280653326,161
37.5Hz11kN,Bearing2_2,h_spec_level_1_log1p_peak_amplitude,hcrd_other,0.6585806303197609,161
37.5Hz11kN,Bearing2_2,h_spec_level_1_log1p_mean_amplitude,hcrd_other,0.7109357027835288,161
37.5Hz11kN,Bearing2_2,h_spec_level_1_positive_area_fraction,hcrd_other,0.020712560386473435,161
37.5Hz11kN,Bearing2_2,h_spec_level_1_sign_balance,hcrd_other,0.020712560386473435,161
37.5Hz11kN,Bearing2_2,h_spec_level_1_area_concentration,hcrd_other,0.31505923625488846,161
37.5Hz11kN,Bearing2_2,h_spec_level_1_weighted_shape_factor,hcrd_other,0.1176702323441454,161
37.5Hz11kN,Bearing2_2,h_spec_level_1_mean_duration_fraction,hcrd_other,-0.39397474659068804,161
37.5Hz11kN,Bearing2_2,h_spec_level_2_log1p_structure_count,hcrd_other,0.1658019866485922,161
37.5Hz11kN,Bearing2_2,h_spec_level_2_knot_fraction,hcrd_other,0.1658019866485922,161
37.5Hz11kN,Bearing2_2,h_spec_level_2_log1p_polygon_area,hcrd_exact_polygon_mass,0.39549976995629177,161
37.5Hz11kN,Bearing2_2,h_spec_level_2_log1p_quadratic_energy,hcrd_other,0.4815044858523119,161
37.5Hz11kN,Bearing2_2,h_spec_level_2_log1p_triangle_area,hcrd_other,0.3968110190936278,161
37.5Hz11kN,Bearing2_2,h_spec_level_2_log1p_peak_amplitude,hcrd_other,0.4872498274672189,161
37.5Hz11kN,Bearing2_2,h_spec_level_2_log1p_mean_amplitude,hcrd_other,0.41069415688980915,161
37.5Hz11kN,Bearing2_2,h_spec_level_2_positive_area_fraction,hcrd_other,0.29229066022544287,161
37.5Hz11kN,Bearing2_2,h_spec_level_2_sign_balance,hcrd_other,0.29229066022544287,161
37.5Hz11kN,Bearing2_2,h_spec_level_2_area_concentration,hcrd_other,0.2725126524039568,161
37.5Hz11kN,Bearing2_2,h_spec_level_2_weighted_shape_factor,hcrd_other,0.18364389233954453,161
37.5Hz11kN,Bearing2_2,h_spec_level_2_mean_duration_fraction,hcrd_other,-0.1740386150874785,161
37.5Hz11kN,Bearing2_2,h_spec_level_3_log1p_structure_count,hcrd_other,0.13635628966156293,161
37.5Hz11kN,Bearing2_2,h_spec_level_3_knot_fraction,hcrd_other,0.13635628966156293,161
37.5Hz11kN,Bearing2_2,h_spec_level_3_log1p_polygon_area,hcrd_exact_polygon_mass,-0.06685357717966414,161
37.5Hz11kN,Bearing2_2,h_spec_level_3_log1p_quadratic_energy,hcrd_other,-0.1143662295836209,161
37.5Hz11kN,Bearing2_2,h_spec_level_3_log1p_triangle_area,hcrd_other,-0.06061364159190247,161
37.5Hz11kN,Bearing2_2,h_spec_level_3_log1p_peak_amplitude,hcrd_other,-0.15346790890269152,161
37.5Hz11kN,Bearing2_2,h_spec_level_3_log1p_mean_amplitude,hcrd_other,0.040404301817345306,161
37.5Hz11kN,Bearing2_2,h_spec_level_3_positive_area_fraction,hcrd_other,0.07573038877386705,161
37.5Hz11kN,Bearing2_2,h_spec_level_3_sign_balance,hcrd_other,0.07573038877386705,161
37.5Hz11kN,Bearing2_2,h_spec_level_3_area_concentration,hcrd_other,-0.14176731078904994,161
37.5Hz11kN,Bearing2_2,h_spec_level_3_weighted_shape_factor,hcrd_other,0.008544310081492222,161
37.5Hz11kN,Bearing2_2,h_spec_level_3_mean_duration_fraction,hcrd_other,-0.13635628966156293,161
37.5Hz11kN,Bearing2_2,h_spec_level_4_log1p_structure_count,hcrd_other,-0.05057161099222358,161
37.5Hz11kN,Bearing2_2,h_spec_level_4_knot_fraction,hcrd_other,-0.05057161099222358,161
37.5Hz11kN,Bearing2_2,h_spec_level_4_log1p_polygon_area,hcrd_exact_polygon_mass,0.13784794110881068,161
37.5Hz11kN,Bearing2_2,h_spec_level_4_log1p_quadratic_energy,hcrd_other,0.15960144927536235,161
37.5Hz11kN,Bearing2_2,h_spec_level_4_log1p_triangle_area,hcrd_other,0.11278180354267313,161
37.5Hz11kN,Bearing2_2,h_spec_level_4_log1p_peak_amplitude,hcrd_other,0.1773320680929377,161
37.5Hz11kN,Bearing2_2,h_spec_level_4_log1p_mean_amplitude,hcrd_other,0.1454566367609846,161
37.5Hz11kN,Bearing2_2,h_spec_level_4_positive_area_fraction,hcrd_other,0.3307003519713988,161
37.5Hz11kN,Bearing2_2,h_spec_level_4_sign_balance,hcrd_other,0.3306946117739572,161
37.5Hz11kN,Bearing2_2,h_spec_level_4_area_concentration,hcrd_other,0.12275994939038419,161
37.5Hz11kN,Bearing2_2,h_spec_level_4_weighted_shape_factor,hcrd_other,0.22904246873831804,161
37.5Hz11kN,Bearing2_2,h_spec_level_4_mean_duration_fraction,hcrd_other,0.05057161099222358,161
37.5Hz11kN,Bearing2_2,h_spec_level_5_log1p_structure_count,hcrd_other,0.0706180647743253,161
37.5Hz11kN,Bearing2_2,h_spec_level_5_knot_fraction,hcrd_other,0.0706180647743253,161
37.5Hz11kN,Bearing2_2,h_spec_level_5_log1p_polygon_area,hcrd_exact_polygon_mass,-0.05016965723487463,161
37.5Hz11kN,Bearing2_2,h_spec_level_5_log1p_quadratic_energy,hcrd_other,-0.036513687600644135,161
37.5Hz11kN,Bearing2_2,h_spec_level_5_log1p_triangle_area,hcrd_other,-0.015295031055900622,161
37.5Hz11kN,Bearing2_2,h_spec_level_5_log1p_peak_amplitude,hcrd_other,0.03446629859673339,161
37.5Hz11kN,Bearing2_2,h_spec_level_5_log1p_mean_amplitude,hcrd_other,0.042768000920174847,161
37.5Hz11kN,Bearing2_2,h_spec_level_5_positive_area_fraction,hcrd_other,0.18152210256421494,161
37.5Hz11kN,Bearing2_2,h_spec_level_5_sign_balance,hcrd_other,0.1813086876863395,161
37.5Hz11kN,Bearing2_2,h_spec_level_5_area_concentration,hcrd_other,-0.02604959314584952,161
37.5Hz11kN,Bearing2_2,h_spec_level_5_weighted_shape_factor,hcrd_other,-0.13808914000511308,161
37.5Hz11kN,Bearing2_2,h_spec_level_5_mean_duration_fraction,hcrd_other,-0.0706180647743253,161
37.5Hz11kN,Bearing2_2,v_env_level_0_log1p_structure_count,hcrd_other,0.4856098453998452,161
37.5Hz11kN,Bearing2_2,v_env_level_0_knot_fraction,hcrd_other,0.4856098453998452,161
37.5Hz11kN,Bearing2_2,v_env_level_0_log1p_polygon_area,hcrd_exact_polygon_mass,0.9186507936507937,161
37.5Hz11kN,Bearing2_2,v_env_level_0_log1p_quadratic_energy,hcrd_other,0.9201230733839431,161
37.5Hz11kN,Bearing2_2,v_env_level_0_log1p_triangle_area,hcrd_other,0.9176846100759146,161
37.5Hz11kN,Bearing2_2,v_env_level_0_log1p_peak_amplitude,hcrd_other,0.9069185645272603,161
37.5Hz11kN,Bearing2_2,v_env_level_0_log1p_mean_amplitude,hcrd_other,0.9174028065332415,161
37.5Hz11kN,Bearing2_2,v_env_level_0_positive_area_fraction,hcrd_other,-0.035915573959052226,161
37.5Hz11kN,Bearing2_2,v_env_level_0_sign_balance,hcrd_other,-0.035915573959052226,161
37.5Hz11kN,Bearing2_2,v_env_level_0_area_concentration,hcrd_other,-0.6804836668967104,161
37.5Hz11kN,Bearing2_2,v_env_level_0_weighted_shape_factor,hcrd_other,-0.5142343241276376,161
37.5Hz11kN,Bearing2_2,v_env_level_0_mean_duration_fraction,hcrd_other,-0.4856098453998452,161
37.5Hz11kN,Bearing2_2,v_env_level_1_log1p_structure_count,hcrd_other,-0.23140744109765457,161
37.5Hz11kN,Bearing2_2,v_env_level_1_knot_fraction,hcrd_other,-0.23140744109765457,161
37.5Hz11kN,Bearing2_2,v_env_level_1_log1p_polygon_area,hcrd_exact_polygon_mass,0.8996204278812976,161
37.5Hz11kN,Bearing2_2,v_env_level_1_log1p_quadratic_energy,hcrd_other,0.9079595123073385,161
37.5Hz11kN,Bearing2_2,v_env_level_1_log1p_triangle_area,hcrd_other,0.9082441913963655,161
37.5Hz11kN,Bearing2_2,v_env_level_1_log1p_peak_amplitude,hcrd_other,0.9217132505175983,161
37.5Hz11kN,Bearing2_2,v_env_level_1_log1p_mean_amplitude,hcrd_other,0.9120197837589142,161
37.5Hz11kN,Bearing2_2,v_env_level_1_positive_area_fraction,hcrd_other,0.145764320220842,161
37.5Hz11kN,Bearing2_2,v_env_level_1_sign_balance,hcrd_other,0.145764320220842,161
37.5Hz11kN,Bearing2_2,v_env_level_1_area_concentration,hcrd_other,-0.0013112491373360941,161
37.5Hz11kN,Bearing2_2,v_env_level_1_weighted_shape_factor,hcrd_other,0.4583419599723948,161
37.5Hz11kN,Bearing2_2,v_env_level_1_mean_duration_fraction,hcrd_other,0.23140744109765457,161
37.5Hz11kN,Bearing2_2,v_env_level_2_log1p_structure_count,hcrd_other,-0.06528623369634759,161
37.5Hz11kN,Bearing2_2,v_env_level_2_knot_fraction,hcrd_other,-0.06528623369634759,161
37.5Hz11kN,Bearing2_2,v_env_level_2_log1p_polygon_area,hcrd_exact_polygon_mass,0.9268345985737292,161
37.5Hz11kN,Bearing2_2,v_env_level_2_log1p_quadratic_energy,hcrd_other,0.9287842190016103,161
37.5Hz11kN,Bearing2_2,v_env_level_2_log1p_triangle_area,hcrd_other,0.9269524959742351,161
37.5Hz11kN,Bearing2_2,v_env_level_2_log1p_peak_amplitude,hcrd_other,0.9256642512077297,161
37.5Hz11kN,Bearing2_2,v_env_level_2_log1p_mean_amplitude,hcrd_other,0.9270042558086037,161
37.5Hz11kN,Bearing2_2,v_env_level_2_positive_area_fraction,hcrd_other,-0.023191281343455255,161
37.5Hz11kN,Bearing2_2,v_env_level_2_sign_balance,hcrd_other,-0.023191281343455255,161
37.5Hz11kN,Bearing2_2,v_env_level_2_area_concentration,hcrd_other,-0.2352599493903842,161
37.5Hz11kN,Bearing2_2,v_env_level_2_weighted_shape_factor,hcrd_other,-0.1665905785144767,161
37.5Hz11kN,Bearing2_2,v_env_level_2_mean_duration_fraction,hcrd_other,0.06602910194361554,161
37.5Hz11kN,Bearing2_2,v_env_level_3_log1p_structure_count,hcrd_other,-0.07215558854299339,161
37.5Hz11kN,Bearing2_2,v_env_level_3_knot_fraction,hcrd_other,-0.07215558854299339,161
37.5Hz11kN,Bearing2_2,v_env_level_3_log1p_polygon_area,hcrd_exact_polygon_mass,0.918573153899241,161
37.5Hz11kN,Bearing2_2,v_env_level_3_log1p_quadratic_energy,hcrd_other,0.9244881527490223,161
37.5Hz11kN,Bearing2_2,v_env_level_3_log1p_triangle_area,hcrd_other,0.9172532781228435,161
37.5Hz11kN,Bearing2_2,v_env_level_3_log1p_peak_amplitude,hcrd_other,0.9124827467218772,161
37.5Hz11kN,Bearing2_2,v_env_level_3_log1p_mean_amplitude,hcrd_other,0.9158385093167704,161
37.5Hz11kN,Bearing2_2,v_env_level_3_positive_area_fraction,hcrd_other,0.02765412928456407,161
37.5Hz11kN,Bearing2_2,v_env_level_3_sign_balance,hcrd_other,0.02765412928456407,161
37.5Hz11kN,Bearing2_2,v_env_level_3_area_concentration,hcrd_other,0.047791580400276056,161
37.5Hz11kN,Bearing2_2,v_env_level_3_weighted_shape_factor,hcrd_other,0.11814649641957414,161
37.5Hz11kN,Bearing2_2,v_env_level_3_mean_duration_fraction,hcrd_other,0.07215558854299339,161
37.5Hz11kN,Bearing2_2,v_env_level_4_log1p_structure_count,hcrd_other,-0.11222285251099146,161
37.5Hz11kN,Bearing2_2,v_env_level_4_knot_fraction,hcrd_other,-0.11222285251099146,161
37.5Hz11kN,Bearing2_2,v_env_level_4_log1p_polygon_area,hcrd_exact_polygon_mass,0.8993616287094548,161
37.5Hz11kN,Bearing2_2,v_env_level_4_log1p_quadratic_energy,hcrd_other,0.9040200138026225,161
37.5Hz11kN,Bearing2_2,v_env_level_4_log1p_triangle_area,hcrd_other,0.9008626639061422,161
37.5Hz11kN,Bearing2_2,v_env_level_4_log1p_peak_amplitude,hcrd_other,0.89779445594663,161
37.5Hz11kN,Bearing2_2,v_env_level_4_log1p_mean_amplitude,hcrd_other,0.9005233494363931,161
37.5Hz11kN,Bearing2_2,v_env_level_4_positive_area_fraction,hcrd_other,0.06828658107706446,161
37.5Hz11kN,Bearing2_2,v_env_level_4_sign_balance,hcrd_other,0.06828658107706446,161
37.5Hz11kN,Bearing2_2,v_env_level_4_area_concentration,hcrd_other,-0.010380722337244077,161
37.5Hz11kN,Bearing2_2,v_env_level_4_weighted_shape_factor,hcrd_other,0.04796228738740656,161
37.5Hz11kN,Bearing2_2,v_env_level_4_mean_duration_fraction,hcrd_other,0.11222285251099146,161
37.5Hz11kN,Bearing2_2,v_env_level_5_log1p_structure_count,hcrd_other,-0.04326619911754227,161
37.5Hz11kN,Bearing2_2,v_env_level_5_knot_fraction,hcrd_other,-0.04326619911754227,161
37.5Hz11kN,Bearing2_2,v_env_level_5_log1p_polygon_area,hcrd_exact_polygon_mass,0.8274844720496896,161
37.5Hz11kN,Bearing2_2,v_env_level_5_log1p_quadratic_energy,hcrd_other,0.8417931907062343,161
37.5Hz11kN,Bearing2_2,v_env_level_5_log1p_triangle_area,hcrd_other,0.8366229583620889,161
37.5Hz11kN,Bearing2_2,v_env_level_5_log1p_peak_amplitude,hcrd_other,0.8524902231423972,161
37.5Hz11kN,Bearing2_2,v_env_level_5_log1p_mean_amplitude,hcrd_other,0.8304980446284795,161
37.5Hz11kN,Bearing2_2,v_env_level_5_positive_area_fraction,hcrd_other,-0.07458454054148857,161
37.5Hz11kN,Bearing2_2,v_env_level_5_sign_balance,hcrd_other,-0.07773874373702268,161
37.5Hz11kN,Bearing2_2,v_env_level_5_area_concentration,hcrd_other,0.13668046928916494,161
37.5Hz11kN,Bearing2_2,v_env_level_5_weighted_shape_factor,hcrd_other,-0.013313479276346117,161
37.5Hz11kN,Bearing2_2,v_env_level_5_mean_duration_fraction,hcrd_other,0.04326619911754227,161
37.5Hz11kN,Bearing2_2,v_spec_level_0_log1p_structure_count,hcrd_other,0.623484194602374,161
37.5Hz11kN,Bearing2_2,v_spec_level_0_knot_fraction,hcrd_other,0.623484194602374,161
37.5Hz11kN,Bearing2_2,v_spec_level_0_log1p_polygon_area,hcrd_exact_polygon_mass,0.7729899930986889,161
37.5Hz11kN,Bearing2_2,v_spec_level_0_log1p_quadratic_energy,hcrd_other,0.7938262019783761,161
37.5Hz11kN,Bearing2_2,v_spec_level_0_log1p_triangle_area,hcrd_other,0.7801961122613298,161
37.5Hz11kN,Bearing2_2,v_spec_level_0_log1p_peak_amplitude,hcrd_other,0.8715464688290777,161
37.5Hz11kN,Bearing2_2,v_spec_level_0_log1p_mean_amplitude,hcrd_other,0.7977513227513229,161
37.5Hz11kN,Bearing2_2,v_spec_level_0_positive_area_fraction,hcrd_other,-0.24113469059121234,161
37.5Hz11kN,Bearing2_2,v_spec_level_0_sign_balance,hcrd_other,-0.24113469059121234,161
37.5Hz11kN,Bearing2_2,v_spec_level_0_area_concentration,hcrd_other,-0.5454365079365081,161
37.5Hz11kN,Bearing2_2,v_spec_level_0_weighted_shape_factor,hcrd_other,-0.6810789049919486,161
37.5Hz11kN,Bearing2_2,v_spec_level_0_mean_duration_fraction,hcrd_other,-0.623484194602374,161
37.5Hz11kN,Bearing2_2,v_spec_level_1_log1p_structure_count,hcrd_other,0.3301319333375894,161
37.5Hz11kN,Bearing2_2,v_spec_level_1_knot_fraction,hcrd_other,0.3301319333375894,161
37.5Hz11kN,Bearing2_2,v_spec_level_1_log1p_polygon_area,hcrd_exact_polygon_mass,0.6236973775017254,161
37.5Hz11kN,Bearing2_2,v_spec_level_1_log1p_quadratic_energy,hcrd_other,0.727194041867955,161
37.5Hz11kN,Bearing2_2,v_spec_level_1_log1p_triangle_area,hcrd_other,0.6465148378191857,161
37.5Hz11kN,Bearing2_2,v_spec_level_1_log1p_peak_amplitude,hcrd_other,0.5571514837819186,161
37.5Hz11kN,Bearing2_2,v_spec_level_1_log1p_mean_amplitude,hcrd_other,0.6781228433402348,161
37.5Hz11kN,Bearing2_2,v_spec_level_1_positive_area_fraction,hcrd_other,-0.07441913963653095,161
37.5Hz11kN,Bearing2_2,v_spec_level_1_sign_balance,hcrd_other,-0.07441913963653095,161
37.5Hz11kN,Bearing2_2,v_spec_level_1_area_concentration,hcrd_other,0.2026196227283184,161
37.5Hz11kN,Bearing2_2,v_spec_level_1_weighted_shape_factor,hcrd_other,0.13910743041177825,161
37.5Hz11kN,Bearing2_2,v_spec_level_1_mean_duration_fraction,hcrd_other,-0.3274239822232372,161
37.5Hz11kN,Bearing2_2,v_spec_level_2_log1p_structure_count,hcrd_other,0.3959523368437104,161
37.5Hz11kN,Bearing2_2,v_spec_level_2_knot_fraction,hcrd_other,0.3959523368437104,161
37.5Hz11kN,Bearing2_2,v_spec_level_2_log1p_polygon_area,hcrd_exact_polygon_mass,0.32919254658385094,161
37.5Hz11kN,Bearing2_2,v_spec_level_2_log1p_quadratic_energy,hcrd_other,0.5033615136876007,161
37.5Hz11kN,Bearing2_2,v_spec_level_2_log1p_triangle_area,hcrd_other,0.36293995859213257,161
37.5Hz11kN,Bearing2_2,v_spec_level_2_log1p_peak_amplitude,hcrd_other,0.6314843570278353,161
37.5Hz11kN,Bearing2_2,v_spec_level_2_log1p_mean_amplitude,hcrd_other,0.3553628939498505,161
37.5Hz11kN,Bearing2_2,v_spec_level_2_positive_area_fraction,hcrd_other,0.23399183344835522,161
37.5Hz11kN,Bearing2_2,v_spec_level_2_sign_balance,hcrd_other,0.23399183344835522,161
37.5Hz11kN,Bearing2_2,v_spec_level_2_area_concentration,hcrd_other,0.1964458247066943,161
37.5Hz11kN,Bearing2_2,v_spec_level_2_weighted_shape_factor,hcrd_other,-0.0649155056041012,161
37.5Hz11kN,Bearing2_2,v_spec_level_2_mean_duration_fraction,hcrd_other,-0.39690848163385867,161
37.5Hz11kN,Bearing2_2,v_spec_level_3_log1p_structure_count,hcrd_other,0.12566666924940906,161
37.5Hz11kN,Bearing2_2,v_spec_level_3_knot_fraction,hcrd_other,0.12566666924940906,161
37.5Hz11kN,Bearing2_2,v_spec_level_3_log1p_polygon_area,hcrd_exact_polygon_mass,0.23694501955371522,161
37.5Hz11kN,Bearing2_2,v_spec_level_3_log1p_quadratic_energy,hcrd_other,0.23400908672647808,161
37.5Hz11kN,Bearing2_2,v_spec_level_3_log1p_triangle_area,hcrd_other,0.21028007821486086,161
37.5Hz11kN,Bearing2_2,v_spec_level_3_log1p_peak_amplitude,hcrd_other,0.24874338624338627,161
37.5Hz11kN,Bearing2_2,v_spec_level_3_log1p_mean_amplitude,hcrd_other,0.18552449965493445,161
37.5Hz11kN,Bearing2_2,v_spec_level_3_positive_area_fraction,hcrd_other,0.3958796266676508,161
37.5Hz11kN,Bearing2_2,v_spec_level_3_sign_balance,hcrd_other,0.3958796266676508,161
37.5Hz11kN,Bearing2_2,v_spec_level_3_area_concentration,hcrd_other,0.0558086036346906,161
37.5Hz11kN,Bearing2_2,v_spec_level_3_weighted_shape_factor,hcrd_other,0.18348753749277374,161
37.5Hz11kN,Bearing2_2,v_spec_level_3_mean_duration_fraction,hcrd_other,-0.12566666924940906,161
37.5Hz11kN,Bearing2_2,v_spec_level_4_log1p_structure_count,hcrd_other,0.15651731545544834,161
37.5Hz11kN,Bearing2_2,v_spec_level_4_knot_fraction,hcrd_other,0.15651731545544834,161
37.5Hz11kN,Bearing2_2,v_spec_level_4_log1p_polygon_area,hcrd_exact_polygon_mass,0.03930296756383714,161
37.5Hz11kN,Bearing2_2,v_spec_level_4_log1p_quadratic_energy,hcrd_other,0.11837474120082818,161
37.5Hz11kN,Bearing2_2,v_spec_level_4_log1p_triangle_area,hcrd_other,0.08945537152058892,161
37.5Hz11kN,Bearing2_2,v_spec_level_4_log1p_peak_amplitude,hcrd_other,0.24048769266160575,161
37.5Hz11kN,Bearing2_2,v_spec_level_4_log1p_mean_amplitude,hcrd_other,0.19326834598573733,161
37.5Hz11kN,Bearing2_2,v_spec_level_4_positive_area_fraction,hcrd_other,0.38365831687110563,161
37.5Hz11kN,Bearing2_2,v_spec_level_4_sign_balance,hcrd_other,0.383634736486649,161
37.5Hz11kN,Bearing2_2,v_spec_level_4_area_concentration,hcrd_other,-0.10949792960662527,161
37.5Hz11kN,Bearing2_2,v_spec_level_4_weighted_shape_factor,hcrd_other,-0.18199655502072903,161
37.5Hz11kN,Bearing2_2,v_spec_level_4_mean_duration_fraction,hcrd_other,-0.15651731545544834,161
37.5Hz11kN,Bearing2_2,v_spec_level_5_log1p_structure_count,hcrd_other,0.3513878707653817,161
37.5Hz11kN,Bearing2_2,v_spec_level_5_knot_fraction,hcrd_other,0.3513878707653817,161
37.5Hz11kN,Bearing2_2,v_spec_level_5_log1p_polygon_area,hcrd_exact_polygon_mass,-0.5355590062111802,161
37.5Hz11kN,Bearing2_2,v_spec_level_5_log1p_quadratic_energy,hcrd_other,-0.59421440073614,161
37.5Hz11kN,Bearing2_2,v_spec_level_5_log1p_triangle_area,hcrd_other,-0.5562600644122384,161
37.5Hz11kN,Bearing2_2,v_spec_level_5_log1p_peak_amplitude,hcrd_other,-0.6007246376811596,161
37.5Hz11kN,Bearing2_2,v_spec_level_5_log1p_mean_amplitude,hcrd_other,-0.598211410167932,161
37.5Hz11kN,Bearing2_2,v_spec_level_5_positive_area_fraction,hcrd_other,0.32384862156435573,161
37.5Hz11kN,Bearing2_2,v_spec_level_5_sign_balance,hcrd_other,0.3203530609537084,161
37.5Hz11kN,Bearing2_2,v_spec_level_5_area_concentration,hcrd_other,-0.1554582141387384,161
37.5Hz11kN,Bearing2_2,v_spec_level_5_weighted_shape_factor,hcrd_other,-0.19526319176353074,161
37.5Hz11kN,Bearing2_2,v_spec_level_5_mean_duration_fraction,hcrd_other,-0.3513878707653817,161
37.5Hz11kN,Bearing2_3,h_mean,standard,0.0050601343673706695,533
37.5Hz11kN,Bearing2_3,h_std,standard,0.9720900898873236,533
37.5Hz11kN,Bearing2_3,h_variance,standard,0.9720900898873236,533
37.5Hz11kN,Bearing2_3,h_rms,standard,0.9719644780944923,533
37.5Hz11kN,Bearing2_3,h_peak,standard,0.9238779855387147,533
37.5Hz11kN,Bearing2_3,h_peak_to_peak,standard,0.9277281256770953,533
37.5Hz11kN,Bearing2_3,h_crest_factor,standard,0.19562225863159072,533
37.5Hz11kN,Bearing2_3,h_shape_factor,standard,0.6783807126222497,533
37.5Hz11kN,Bearing2_3,h_impulse_factor,standard,0.23166032162007993,533
37.5Hz11kN,Bearing2_3,h_clearance_factor,standard,0.24890456214106535,533
37.5Hz11kN,Bearing2_3,h_kurtosis,standard,0.5599237992106983,533
37.5Hz11kN,Bearing2_3,h_skewness,standard,-0.6221106712012657,533
37.5Hz11kN,Bearing2_3,h_line_integral,standard,0.9689013731072839,533
37.5Hz11kN,Bearing2_3,h_zero_crossing_rate,standard,-0.525663208384426,533
37.5Hz11kN,Bearing2_3,h_entropy,standard,-0.10389529698352593,533
37.5Hz11kN,Bearing2_3,h_percentile_5,standard,-0.9625861510660519,533
37.5Hz11kN,Bearing2_3,h_percentile_50,standard,0.4860448853370308,533
37.5Hz11kN,Bearing2_3,h_percentile_95,standard,0.9707737416987249,533
37.5Hz11kN,Bearing2_3,v_mean,standard,-0.10601690790206751,533
37.5Hz11kN,Bearing2_3,v_std,standard,0.9654850493436409,533
37.5Hz11kN,Bearing2_3,v_variance,standard,0.9654850493436409,533
37.5Hz11kN,Bearing2_3,v_rms,standard,0.9655501138748173,533
37.5Hz11kN,Bearing2_3,v_peak,standard,0.9215329861626721,533
37.5Hz11kN,Bearing2_3,v_peak_to_peak,standard,0.9258233436955798,533
37.5Hz11kN,Bearing2_3,v_crest_factor,standard,-0.007183013291391939,533
37.5Hz11kN,Bearing2_3,v_shape_factor,standard,0.1971576982981801,533
37.5Hz11kN,Bearing2_3,v_impulse_factor,standard,0.007827001574387305,533
37.5Hz11kN,Bearing2_3,v_clearance_factor,standard,0.01352066317954593,533
37.5Hz11kN,Bearing2_3,v_kurtosis,standard,0.1348322531775821,533
37.5Hz11kN,Bearing2_3,v_skewness,standard,0.23676237941862266,533
37.5Hz11kN,Bearing2_3,v_line_integral,standard,0.9644444923468737,533
37.5Hz11kN,Bearing2_3,v_zero_crossing_rate,standard,-0.10098143078363046,533
37.5Hz11kN,Bearing2_3,v_entropy,standard,0.04776457766462239,533
37.5Hz11kN,Bearing2_3,v_percentile_5,standard,-0.9619267867079583,533
37.5Hz11kN,Bearing2_3,v_percentile_50,standard,-0.14284937915379536,533
37.5Hz11kN,Bearing2_3,v_percentile_95,standard,0.958254565097103,533
37.5Hz11kN,Bearing2_3,cross_correlation,standard,0.5365530317139265,533
37.5Hz11kN,Bearing2_3,h_spectral_centroid,standard,-0.5374148791884005,533
37.5Hz11kN,Bearing2_3,h_spectral_bandwidth,standard,-0.29788729681995324,533
37.5Hz11kN,Bearing2_3,h_spectral_rolloff,standard,-0.4201537821484193,533
37.5Hz11kN,Bearing2_3,h_spectral_flatness,standard,-0.5908989540698301,533
37.5Hz11kN,Bearing2_3,h_band_power_0_1k,standard,0.9334618879555489,533
37.5Hz11kN,Bearing2_3,h_band_power_1_3k,standard,0.9577437173894748,533
37.5Hz11kN,Bearing2_3,h_band_power_3_6k,standard,0.9183975073548282,533
37.5Hz11kN,Bearing2_3,h_band_power_6_12k,standard,0.9606888978670723,533
37.5Hz11kN,Bearing2_3,h_dominant_frequency,standard,0.3075125545141112,533
37.5Hz11kN,Bearing2_3,h_mean_frequency,standard,-0.5341545993491011,533
37.5Hz11kN,Bearing2_3,h_bpfo_band_power,standard,0.523315213006693,533
37.5Hz11kN,Bearing2_3,h_bpfi_band_power,standard,0.768475592717274,533
37.5Hz11kN,Bearing2_3,h_bsf_band_power,standard,0.47448558998947715,533
37.5Hz11kN,Bearing2_3,h_ftf_band_power,standard,0.8375507459755487,533
37.5Hz11kN,Bearing2_3,v_spectral_centroid,standard,-0.1177215494836761,533
37.5Hz11kN,Bearing2_3,v_spectral_bandwidth,standard,-0.3469075634091415,533
37.5Hz11kN,Bearing2_3,v_spectral_rolloff,standard,-0.12156400520757478,533
37.5Hz11kN,Bearing2_3,v_spectral_flatness,standard,-0.09474505244074412,533
37.5Hz11kN,Bearing2_3,v_band_power_0_1k,standard,0.9410129398374195,533
37.5Hz11kN,Bearing2_3,v_band_power_1_3k,standard,0.8119277629958279,533
37.5Hz11kN,Bearing2_3,v_band_power_3_6k,standard,0.9409043668682215,533
37.5Hz11kN,Bearing2_3,v_band_power_6_12k,standard,0.947504097638958,533
37.5Hz11kN,Bearing2_3,v_dominant_frequency,standard,-0.2999890040335577,533
37.5Hz11kN,Bearing2_3,v_mean_frequency,standard,-0.05766159818459656,533
37.5Hz11kN,Bearing2_3,v_bpfo_band_power,standard,0.4649499510312134,533
37.5Hz11kN,Bearing2_3,v_bpfi_band_power,standard,0.7532911478476955,533
37.5Hz11kN,Bearing2_3,v_bsf_band_power,standard,0.7100129320708861,533
37.5Hz11kN,Bearing2_3,v_ftf_band_power,standard,0.9214969882492348,533
37.5Hz11kN,Bearing2_3,h_env_level_0_log1p_structure_count,hcrd_other,0.7300132597206648,533
37.5Hz11kN,Bearing2_3,h_env_level_0_knot_fraction,hcrd_other,0.7300132597206648,533
37.5Hz11kN,Bearing2_3,h_env_level_0_log1p_polygon_area,hcrd_exact_polygon_mass,0.9053146230671436,533
37.5Hz11kN,Bearing2_3,h_env_level_0_log1p_quadratic_energy,hcrd_other,0.9010237717742298,533
37.5Hz11kN,Bearing2_3,h_env_level_0_log1p_triangle_area,hcrd_other,0.9061047489816727,533
37.5Hz11kN,Bearing2_3,h_env_level_0_log1p_peak_amplitude,hcrd_other,0.8973605039434179,533
37.5Hz11kN,Bearing2_3,h_env_level_0_log1p_mean_amplitude,hcrd_other,0.9076337258391464,533
37.5Hz11kN,Bearing2_3,h_env_level_0_positive_area_fraction,hcrd_other,0.029140113178999102,533
37.5Hz11kN,Bearing2_3,h_env_level_0_sign_balance,hcrd_other,0.029140113178999102,533
37.5Hz11kN,Bearing2_3,h_env_level_0_area_concentration,hcrd_other,-0.6691217366095847,533
37.5Hz11kN,Bearing2_3,h_env_level_0_weighted_shape_factor,hcrd_other,-0.730136215174947,533
37.5Hz11kN,Bearing2_3,h_env_level_0_mean_duration_fraction,hcrd_other,-0.7301315113272306,533
37.5Hz11kN,Bearing2_3,h_env_level_1_log1p_structure_count,hcrd_other,-0.11735964502654589,533
37.5Hz11kN,Bearing2_3,h_env_level_1_knot_fraction,hcrd_other,-0.11735964502654589,533
37.5Hz11kN,Bearing2_3,h_env_level_1_log1p_polygon_area,hcrd_exact_polygon_mass,0.9023077858230965,533
37.5Hz11kN,Bearing2_3,h_env_level_1_log1p_quadratic_energy,hcrd_other,0.9009918338862102,533
37.5Hz11kN,Bearing2_3,h_env_level_1_log1p_triangle_area,hcrd_other,0.9048097191352015,533
37.5Hz11kN,Bearing2_3,h_env_level_1_log1p_peak_amplitude,hcrd_other,0.8924832793664917,533
37.5Hz11kN,Bearing2_3,h_env_level_1_log1p_mean_amplitude,hcrd_other,0.9062359875488202,533
37.5Hz11kN,Bearing2_3,h_env_level_1_positive_area_fraction,hcrd_other,-0.021660386605360717,533
37.5Hz11kN,Bearing2_3,h_env_level_1_sign_balance,hcrd_other,-0.021660386605360717,533
37.5Hz11kN,Bearing2_3,h_env_level_1_area_concentration,hcrd_other,0.08486269323412882,533
37.5Hz11kN,Bearing2_3,h_env_level_1_weighted_shape_factor,hcrd_other,0.5812709884625767,533
37.5Hz11kN,Bearing2_3,h_env_level_1_mean_duration_fraction,hcrd_other,0.11735855222744264,533
37.5Hz11kN,Bearing2_3,h_env_level_2_log1p_structure_count,hcrd_other,-0.04201647667255844,533
37.5Hz11kN,Bearing2_3,h_env_level_2_knot_fraction,hcrd_other,-0.04201647667255844,533
37.5Hz11kN,Bearing2_3,h_env_level_2_log1p_polygon_area,hcrd_exact_polygon_mass,0.9170051580877908,533
37.5Hz11kN,Bearing2_3,h_env_level_2_log1p_quadratic_energy,hcrd_other,0.9116358681344041,533
37.5Hz11kN,Bearing2_3,h_env_level_2_log1p_triangle_area,hcrd_other,0.9161292833026979,533
37.5Hz11kN,Bearing2_3,h_env_level_2_log1p_peak_amplitude,hcrd_other,0.8913712385608077,533
37.5Hz11kN,Bearing2_3,h_env_level_2_log1p_mean_amplitude,hcrd_other,0.9133440300162258,533
37.5Hz11kN,Bearing2_3,h_env_level_2_positive_area_fraction,hcrd_other,0.006970701623887069,533
37.5Hz11kN,Bearing2_3,h_env_level_2_sign_balance,hcrd_other,0.006970701623887069,533
37.5Hz11kN,Bearing2_3,h_env_level_2_area_concentration,hcrd_other,-0.20601245403282015,533
37.5Hz11kN,Bearing2_3,h_env_level_2_weighted_shape_factor,hcrd_other,-0.08275906305553413,533
37.5Hz11kN,Bearing2_3,h_env_level_2_mean_duration_fraction,hcrd_other,0.04205417383029936,533
37.5Hz11kN,Bearing2_3,h_env_level_3_log1p_structure_count,hcrd_other,-0.011871758043583997,533
37.5Hz11kN,Bearing2_3,h_env_level_3_knot_fraction,hcrd_other,-0.011871758043583997,533
37.5Hz11kN,Bearing2_3,h_env_level_3_log1p_polygon_area,hcrd_exact_polygon_mass,0.9066512593434173,533
37.5Hz11kN,Bearing2_3,h_env_level_3_log1p_quadratic_energy,hcrd_other,0.9063360014810303,533
37.5Hz11kN,Bearing2_3,h_env_level_3_log1p_triangle_area,hcrd_other,0.9090200520801552,533
37.5Hz11kN,Bearing2_3,h_env_level_3_log1p_peak_amplitude,hcrd_other,0.8945250059398132,533
37.5Hz11kN,Bearing2_3,h_env_level_3_log1p_mean_amplitude,hcrd_other,0.908449687365324,533
37.5Hz11kN,Bearing2_3,h_env_level_3_positive_area_fraction,hcrd_other,-0.04098930738529187,533
37.5Hz11kN,Bearing2_3,h_env_level_3_sign_balance,hcrd_other,-0.04098930738529187,533
37.5Hz11kN,Bearing2_3,h_env_level_3_area_concentration,hcrd_other,-0.10748549599857098,533
37.5Hz11kN,Bearing2_3,h_env_level_3_weighted_shape_factor,hcrd_other,-0.015593576604743389,533
37.5Hz11kN,Bearing2_3,h_env_level_3_mean_duration_fraction,hcrd_other,0.011871758043583997,533
37.5Hz11kN,Bearing2_3,h_env_level_4_log1p_structure_count,hcrd_other,0.017120977569369183,533
37.5Hz11kN,Bearing2_3,h_env_level_4_knot_fraction,hcrd_other,0.017120977569369183,533
37.5Hz11kN,Bearing2_3,h_env_level_4_log1p_polygon_area,hcrd_exact_polygon_mass,0.8689063024785862,533
37.5Hz11kN,Bearing2_3,h_env_level_4_log1p_quadratic_energy,hcrd_other,0.8717823766575408,533
37.5Hz11kN,Bearing2_3,h_env_level_4_log1p_triangle_area,hcrd_other,0.8715166502592042,533
37.5Hz11kN,Bearing2_3,h_env_level_4_log1p_peak_amplitude,hcrd_other,0.866154175835271,533
37.5Hz11kN,Bearing2_3,h_env_level_4_log1p_mean_amplitude,hcrd_other,0.8686526221323067,533
37.5Hz11kN,Bearing2_3,h_env_level_4_positive_area_fraction,hcrd_other,-0.0364702308613987,533
37.5Hz11kN,Bearing2_3,h_env_level_4_sign_balance,hcrd_other,-0.03651526491549821,533
37.5Hz11kN,Bearing2_3,h_env_level_4_area_concentration,hcrd_other,-0.07514668049637978,533
37.5Hz11kN,Bearing2_3,h_env_level_4_weighted_shape_factor,hcrd_other,-0.03837632021570577,533
37.5Hz11kN,Bearing2_3,h_env_level_4_mean_duration_fraction,hcrd_other,-0.017120977569369183,533
37.5Hz11kN,Bearing2_3,h_env_level_5_log1p_structure_count,hcrd_other,0.01935570238936257,533
37.5Hz11kN,Bearing2_3,h_env_level_5_knot_fraction,hcrd_other,0.01935570238936257,533
37.5Hz11kN,Bearing2_3,h_env_level_5_log1p_polygon_area,hcrd_exact_polygon_mass,0.8165332381483886,533
37.5Hz11kN,Bearing2_3,h_env_level_5_log1p_quadratic_energy,hcrd_other,0.8215004911143725,533
37.5Hz11kN,Bearing2_3,h_env_level_5_log1p_triangle_area,hcrd_other,0.8227059680738411,533
37.5Hz11kN,Bearing2_3,h_env_level_5_log1p_peak_amplitude,hcrd_other,0.8226337710118414,533
37.5Hz11kN,Bearing2_3,h_env_level_5_log1p_mean_amplitude,hcrd_other,0.8186083291158943,533
37.5Hz11kN,Bearing2_3,h_env_level_5_positive_area_fraction,hcrd_other,0.011891233832444134,533
37.5Hz11kN,Bearing2_3,h_env_level_5_sign_balance,hcrd_other,0.011669349487074107,533
37.5Hz11kN,Bearing2_3,h_env_level_5_area_concentration,hcrd_other,-0.06552061689734592,533
37.5Hz11kN,Bearing2_3,h_env_level_5_weighted_shape_factor,hcrd_other,-0.006101938617728956,533
37.5Hz11kN,Bearing2_3,h_env_level_5_mean_duration_fraction,hcrd_other,-0.01935570238936257,533
37.5Hz11kN,Bearing2_3,h_spec_level_0_log1p_structure_count,hcrd_other,-0.0629191209446044,533
37.5Hz11kN,Bearing2_3,h_spec_level_0_knot_fraction,hcrd_other,-0.0629191209446044,533
37.5Hz11kN,Bearing2_3,h_spec_level_0_log1p_polygon_area,hcrd_exact_polygon_mass,-0.4786911679138821,533
37.5Hz11kN,Bearing2_3,h_spec_level_0_log1p_quadratic_energy,hcrd_other,0.21310226892145517,533
37.5Hz11kN,Bearing2_3,h_spec_level_0_log1p_triangle_area,hcrd_other,-0.4829557080930926,533
37.5Hz11kN,Bearing2_3,h_spec_level_0_log1p_peak_amplitude,hcrd_other,0.7209925915194844,533
37.5Hz11kN,Bearing2_3,h_spec_level_0_log1p_mean_amplitude,hcrd_other,-0.4530318090269628,533
37.5Hz11kN,Bearing2_3,h_spec_level_0_positive_area_fraction,hcrd_other,0.014429268356083203,533
37.5Hz11kN,Bearing2_3,h_spec_level_0_sign_balance,hcrd_other,0.014429268356083203,533
37.5Hz11kN,Bearing2_3,h_spec_level_0_area_concentration,hcrd_other,0.48946311221483946,533
37.5Hz11kN,Bearing2_3,h_spec_level_0_weighted_shape_factor,hcrd_other,-0.13927344237018122,533
37.5Hz11kN,Bearing2_3,h_spec_level_0_mean_duration_fraction,hcrd_other,0.0629191209446044,533
37.5Hz11kN,Bearing2_3,h_spec_level_1_log1p_structure_count,hcrd_other,-0.3362736306520966,533
37.5Hz11kN,Bearing2_3,h_spec_level_1_knot_fraction,hcrd_other,-0.3362736306520966,533
37.5Hz11kN,Bearing2_3,h_spec_level_1_log1p_polygon_area,hcrd_exact_polygon_mass,-0.1923368564337251,533
37.5Hz11kN,Bearing2_3,h_spec_level_1_log1p_quadratic_energy,hcrd_other,-0.10543425938415193,533
37.5Hz11kN,Bearing2_3,h_spec_level_1_log1p_triangle_area,hcrd_other,-0.30013562903612095,533
37.5Hz11kN,Bearing2_3,h_spec_level_1_log1p_peak_amplitude,hcrd_other,0.027403421173884605,533
37.5Hz11kN,Bearing2_3,h_spec_level_1_log1p_mean_amplitude,hcrd_other,-0.41403580625573677,533
37.5Hz11kN,Bearing2_3,h_spec_level_1_positive_area_fraction,hcrd_other,0.4017623057158042,533
37.5Hz11kN,Bearing2_3,h_spec_level_1_sign_balance,hcrd_other,0.4017623057158042,533
37.5Hz11kN,Bearing2_3,h_spec_level_1_area_concentration,hcrd_other,0.19924915055520415,533
37.5Hz11kN,Bearing2_3,h_spec_level_1_weighted_shape_factor,hcrd_other,0.3324026437280249,533
37.5Hz11kN,Bearing2_3,h_spec_level_1_mean_duration_fraction,hcrd_other,0.3345797469005509,533
37.5Hz11kN,Bearing2_3,h_spec_level_2_log1p_structure_count,hcrd_other,-0.31498082486168466,533
37.5Hz11kN,Bearing2_3,h_spec_level_2_knot_fraction,hcrd_other,-0.31498082486168466,533
37.5Hz11kN,Bearing2_3,h_spec_level_2_log1p_polygon_area,hcrd_exact_polygon_mass,0.28315893767134914,533
37.5Hz11kN,Bearing2_3,h_spec_level_2_log1p_quadratic_energy,hcrd_other,0.32751511660657645,533
37.5Hz11kN,Bearing2_3,h_spec_level_2_log1p_triangle_area,hcrd_other,0.3156052166379437,533
37.5Hz11kN,Bearing2_3,h_spec_level_2_log1p_peak_amplitude,hcrd_other,0.31515927496080676,533
37.5Hz11kN,Bearing2_3,h_spec_level_2_log1p_mean_amplitude,hcrd_other,0.280323835919457,533
37.5Hz11kN,Bearing2_3,h_spec_level_2_positive_area_fraction,hcrd_other,0.15938242427114652,533
37.5Hz11kN,Bearing2_3,h_spec_level_2_sign_balance,hcrd_other,0.15938242427114652,533
37.5Hz11kN,Bearing2_3,h_spec_level_2_area_concentration,hcrd_other,0.18364135035609558,533
37.5Hz11kN,Bearing2_3,h_spec_level_2_weighted_shape_factor,hcrd_other,-0.03579962353288316,533
37.5Hz11kN,Bearing2_3,h_spec_level_2_mean_duration_fraction,hcrd_other,0.3143241697858628,533
37.5Hz11kN,Bearing2_3,h_spec_level_3_log1p_structure_count,hcrd_other,-0.375118321958556,533
37.5Hz11kN,Bearing2_3,h_spec_level_3_knot_fraction,hcrd_other,-0.375118321958556,533
37.5Hz11kN,Bearing2_3,h_spec_level_3_log1p_polygon_area,hcrd_exact_polygon_mass,0.45729460569863856,533
37.5Hz11kN,Bearing2_3,h_spec_level_3_log1p_quadratic_energy,hcrd_other,0.5153187742000827,533
37.5Hz11kN,Bearing2_3,h_spec_level_3_log1p_triangle_area,hcrd_other,0.44770341225029614,533
37.5Hz11kN,Bearing2_3,h_spec_level_3_log1p_peak_amplitude,hcrd_other,0.49926550782589213,533
37.5Hz11kN,Bearing2_3,h_spec_level_3_log1p_mean_amplitude,hcrd_other,0.391433529329997,533
37.5Hz11kN,Bearing2_3,h_spec_level_3_positive_area_fraction,hcrd_other,0.30479229990992407,533
37.5Hz11kN,Bearing2_3,h_spec_level_3_sign_balance,hcrd_other,0.30479229990992407,533
37.5Hz11kN,Bearing2_3,h_spec_level_3_area_concentration,hcrd_other,0.4379839917478203,533
37.5Hz11kN,Bearing2_3,h_spec_level_3_weighted_shape_factor,hcrd_other,0.273326822295515,533
37.5Hz11kN,Bearing2_3,h_spec_level_3_mean_duration_fraction,hcrd_other,0.37638146215722934,533
37.5Hz11kN,Bearing2_3,h_spec_level_4_log1p_structure_count,hcrd_other,-0.21403234368389576,533
37.5Hz11kN,Bearing2_3,h_spec_level_4_knot_fraction,hcrd_other,-0.21403234368389576,533
37.5Hz11kN,Bearing2_3,h_spec_level_4_log1p_polygon_area,hcrd_exact_polygon_mass,0.4158310642639443,533
37.5Hz11kN,Bearing2_3,h_spec_level_4_log1p_quadratic_energy,hcrd_other,0.5308136426611568,533
37.5Hz11kN,Bearing2_3,h_spec_level_4_log1p_triangle_area,hcrd_other,0.4547637460115284,533
37.5Hz11kN,Bearing2_3,h_spec_level_4_log1p_peak_amplitude,hcrd_other,0.5802054676079282,533
37.5Hz11kN,Bearing2_3,h_spec_level_4_log1p_mean_amplitude,hcrd_other,0.4370813303469691,533
37.5Hz11kN,Bearing2_3,h_spec_level_4_positive_area_fraction,hcrd_other,0.212788058582374,533
37.5Hz11kN,Bearing2_3,h_spec_level_4_sign_balance,hcrd_other,0.212788058582374,533
37.5Hz11kN,Bearing2_3,h_spec_level_4_area_concentration,hcrd_other,0.3533208508760571,533
37.5Hz11kN,Bearing2_3,h_spec_level_4_weighted_shape_factor,hcrd_other,-0.042500530217320136,533
37.5Hz11kN,Bearing2_3,h_spec_level_4_mean_duration_fraction,hcrd_other,0.21403234368389576,533
37.5Hz11kN,Bearing2_3,h_spec_level_5_log1p_structure_count,hcrd_other,-0.12162841570528005,533
37.5Hz11kN,Bearing2_3,h_spec_level_5_knot_fraction,hcrd_other,-0.12162841570528005,533
37.5Hz11kN,Bearing2_3,h_spec_level_5_log1p_polygon_area,hcrd_exact_polygon_mass,0.5066466469734849,533
37.5Hz11kN,Bearing2_3,h_spec_level_5_log1p_quadratic_energy,hcrd_other,0.5343719830385247,533
37.5Hz11kN,Bearing2_3,h_spec_level_5_log1p_triangle_area,hcrd_other,0.5446566169835704,533
37.5Hz11kN,Bearing2_3,h_spec_level_5_log1p_peak_amplitude,hcrd_other,0.5479392454194492,533
37.5Hz11kN,Bearing2_3,h_spec_level_5_log1p_mean_amplitude,hcrd_other,0.5054506008047714,533
37.5Hz11kN,Bearing2_3,h_spec_level_5_positive_area_fraction,hcrd_other,0.39028274886074116,533
37.5Hz11kN,Bearing2_3,h_spec_level_5_sign_balance,hcrd_other,0.39028274886074116,533
37.5Hz11kN,Bearing2_3,h_spec_level_5_area_concentration,hcrd_other,0.06838068571497899,533
37.5Hz11kN,Bearing2_3,h_spec_level_5_weighted_shape_factor,hcrd_other,0.0022250530371504926,533
37.5Hz11kN,Bearing2_3,h_spec_level_5_mean_duration_fraction,hcrd_other,0.12162841570528005,533
37.5Hz11kN,Bearing2_3,v_env_level_0_log1p_structure_count,hcrd_other,0.28901942131514063,533
37.5Hz11kN,Bearing2_3,v_env_level_0_knot_fraction,hcrd_other,0.28901942131514063,533
37.5Hz11kN,Bearing2_3,v_env_level_0_log1p_polygon_area,hcrd_exact_polygon_mass,0.9487913609518663,533
37.5Hz11kN,Bearing2_3,v_env_level_0_log1p_quadratic_energy,hcrd_other,0.9446025841000673,533
37.5Hz11kN,Bearing2_3,v_env_level_0_log1p_triangle_area,hcrd_other,0.9505947817453494,533
37.5Hz11kN,Bearing2_3,v_env_level_0_log1p_peak_amplitude,hcrd_other,0.8995840308023892,533
37.5Hz11kN,Bearing2_3,v_env_level_0_log1p_mean_amplitude,hcrd_other,0.9518381403685235,533
37.5Hz11kN,Bearing2_3,v_env_level_0_positive_area_fraction,hcrd_other,0.0158577557792916,533
37.5Hz11kN,Bearing2_3,v_env_level_0_sign_balance,hcrd_other,0.0158577557792916,533
37.5Hz11kN,Bearing2_3,v_env_level_0_area_concentration,hcrd_other,-0.3776335086932079,533
37.5Hz11kN,Bearing2_3,v_env_level_0_weighted_shape_factor,hcrd_other,-0.33439444258558365,533
37.5Hz11kN,Bearing2_3,v_env_level_0_mean_duration_fraction,hcrd_other,-0.2891001703893726,533
37.5Hz11kN,Bearing2_3,v_env_level_1_log1p_structure_count,hcrd_other,0.05197816394024155,533
37.5Hz11kN,Bearing2_3,v_env_level_1_knot_fraction,hcrd_other,0.05197816394024155,533
37.5Hz11kN,Bearing2_3,v_env_level_1_log1p_polygon_area,hcrd_exact_polygon_mass,0.9272784592338617,533
37.5Hz11kN,Bearing2_3,v_env_level_1_log1p_quadratic_energy,hcrd_other,0.9242737617490615,533
37.5Hz11kN,Bearing2_3,v_env_level_1_log1p_triangle_area,hcrd_other,0.9283786917385164,533
37.5Hz11kN,Bearing2_3,v_env_level_1_log1p_peak_amplitude,hcrd_other,0.8811884413058492,533
37.5Hz11kN,Bearing2_3,v_env_level_1_log1p_mean_amplitude,hcrd_other,0.9293984851455536,533
37.5Hz11kN,Bearing2_3,v_env_level_1_positive_area_fraction,hcrd_other,0.08338166283385595,533
37.5Hz11kN,Bearing2_3,v_env_level_1_sign_balance,hcrd_other,0.08338166283385595,533
37.5Hz11kN,Bearing2_3,v_env_level_1_area_concentration,hcrd_other,-0.005445608033195116,533
37.5Hz11kN,Bearing2_3,v_env_level_1_weighted_shape_factor,hcrd_other,0.1535897789882299,533
37.5Hz11kN,Bearing2_3,v_env_level_1_mean_duration_fraction,hcrd_other,-0.05197816394024155,533
37.5Hz11kN,Bearing2_3,v_env_level_2_log1p_structure_count,hcrd_other,0.07736488749397227,533
37.5Hz11kN,Bearing2_3,v_env_level_2_knot_fraction,hcrd_other,0.07736488749397227,533
37.5Hz11kN,Bearing2_3,v_env_level_2_log1p_polygon_area,hcrd_exact_polygon_mass,0.9037590180945968,533
37.5Hz11kN,Bearing2_3,v_env_level_2_log1p_quadratic_energy,hcrd_other,0.9000340142469927,533
37.5Hz11kN,Bearing2_3,v_env_level_2_log1p_triangle_area,hcrd_other,0.905771342790858,533
37.5Hz11kN,Bearing2_3,v_env_level_2_log1p_peak_amplitude,hcrd_other,0.8638947485711561,533
37.5Hz11kN,Bearing2_3,v_env_level_2_log1p_mean_amplitude,hcrd_other,0.9069535993999799,533
37.5Hz11kN,Bearing2_3,v_env_level_2_positive_area_fraction,hcrd_other,0.004130290099048663,533
37.5Hz11kN,Bearing2_3,v_env_level_2_sign_balance,hcrd_other,0.004130290099048663,533
37.5Hz11kN,Bearing2_3,v_env_level_2_area_concentration,hcrd_other,-0.15641640095347673,533
37.5Hz11kN,Bearing2_3,v_env_level_2_weighted_shape_factor,hcrd_other,-0.06401235955278864,533
37.5Hz11kN,Bearing2_3,v_env_level_2_mean_duration_fraction,hcrd_other,-0.07740953643312362,533
37.5Hz11kN,Bearing2_3,v_env_level_3_log1p_structure_count,hcrd_other,0.11040422428042677,533
37.5Hz11kN,Bearing2_3,v_env_level_3_knot_fraction,hcrd_other,0.11040422428042677,533
37.5Hz11kN,Bearing2_3,v_env_level_3_log1p_polygon_area,hcrd_exact_polygon_mass,0.8618838503810595,533
37.5Hz11kN,Bearing2_3,v_env_level_3_log1p_quadratic_energy,hcrd_other,0.8697878832883377,533
37.5Hz11kN,Bearing2_3,v_env_level_3_log1p_triangle_area,hcrd_other,0.8655385591748836,533
37.5Hz11kN,Bearing2_3,v_env_level_3_log1p_peak_amplitude,hcrd_other,0.849985045460374,533
37.5Hz11kN,Bearing2_3,v_env_level_3_log1p_mean_amplitude,hcrd_other,0.8651966731974233,533
37.5Hz11kN,Bearing2_3,v_env_level_3_positive_area_fraction,hcrd_other,0.028864955989907314,533
37.5Hz11kN,Bearing2_3,v_env_level_3_sign_balance,hcrd_other,0.028864955989907314,533
37.5Hz11kN,Bearing2_3,v_env_level_3_area_concentration,hcrd_other,-0.042989189777783626,533
37.5Hz11kN,Bearing2_3,v_env_level_3_weighted_shape_factor,hcrd_other,-0.047727168571813514,533
37.5Hz11kN,Bearing2_3,v_env_level_3_mean_duration_fraction,hcrd_other,-0.11040422428042677,533
37.5Hz11kN,Bearing2_3,v_env_level_4_log1p_structure_count,hcrd_other,0.10607168698666315,533
37.5Hz11kN,Bearing2_3,v_env_level_4_knot_fraction,hcrd_other,0.10607168698666315,533
37.5Hz11kN,Bearing2_3,v_env_level_4_log1p_polygon_area,hcrd_exact_polygon_mass,0.8402010359287769,533
37.5Hz11kN,Bearing2_3,v_env_level_4_log1p_quadratic_energy,hcrd_other,0.8457752672678175,533
37.5Hz11kN,Bearing2_3,v_env_level_4_log1p_triangle_area,hcrd_other,0.843805262254441,533
37.5Hz11kN,Bearing2_3,v_env_level_4_log1p_peak_amplitude,hcrd_other,0.8326803369280761,533
37.5Hz11kN,Bearing2_3,v_env_level_4_log1p_mean_amplitude,hcrd_other,0.8394681287615186,533
37.5Hz11kN,Bearing2_3,v_env_level_4_positive_area_fraction,hcrd_other,0.0830581592521997,533
37.5Hz11kN,Bearing2_3,v_env_level_4_sign_balance,hcrd_other,0.08304691076024302,533
37.5Hz11kN,Bearing2_3,v_env_level_4_area_concentration,hcrd_other,-0.003976148182924373,533
37.5Hz11kN,Bearing2_3,v_env_level_4_weighted_shape_factor,hcrd_other,-0.040796983599093575,533
37.5Hz11kN,Bearing2_3,v_env_level_4_mean_duration_fraction,hcrd_other,-0.10659404998821584,533
37.5Hz11kN,Bearing2_3,v_env_level_5_log1p_structure_count,hcrd_other,0.030122146421793134,533
37.5Hz11kN,Bearing2_3,v_env_level_5_knot_fraction,hcrd_other,0.030122146421793134,533
37.5Hz11kN,Bearing2_3,v_env_level_5_log1p_polygon_area,hcrd_exact_polygon_mass,0.7725527850868608,533
37.5Hz11kN,Bearing2_3,v_env_level_5_log1p_quadratic_energy,hcrd_other,0.7750089909513544,533
37.5Hz11kN,Bearing2_3,v_env_level_5_log1p_triangle_area,hcrd_other,0.7777914704758397,533
37.5Hz11kN,Bearing2_3,v_env_level_5_log1p_peak_amplitude,hcrd_other,0.7714629343770709,533
37.5Hz11kN,Bearing2_3,v_env_level_5_log1p_mean_amplitude,hcrd_other,0.7666533103422807,533
37.5Hz11kN,Bearing2_3,v_env_level_5_positive_area_fraction,hcrd_other,0.03733877884370938,533
37.5Hz11kN,Bearing2_3,v_env_level_5_sign_balance,hcrd_other,0.037201521600813074,533
37.5Hz11kN,Bearing2_3,v_env_level_5_area_concentration,hcrd_other,-0.0468769738288424,533
37.5Hz11kN,Bearing2_3,v_env_level_5_weighted_shape_factor,hcrd_other,0.04070179352282001,533
37.5Hz11kN,Bearing2_3,v_env_level_5_mean_duration_fraction,hcrd_other,-0.030122146421793134,533
37.5Hz11kN,Bearing2_3,v_spec_level_0_log1p_structure_count,hcrd_other,-0.12613421692235213,533
37.5Hz11kN,Bearing2_3,v_spec_level_0_knot_fraction,hcrd_other,-0.12613421692235213,533
37.5Hz11kN,Bearing2_3,v_spec_level_0_log1p_polygon_area,hcrd_exact_polygon_mass,-0.16324025169274772,533
37.5Hz11kN,Bearing2_3,v_spec_level_0_log1p_quadratic_energy,hcrd_other,0.5342196638802775,533
37.5Hz11kN,Bearing2_3,v_spec_level_0_log1p_triangle_area,hcrd_other,-0.16354576176300945,533
37.5Hz11kN,Bearing2_3,v_spec_level_0_log1p_peak_amplitude,hcrd_other,0.854541068399227,533
37.5Hz11kN,Bearing2_3,v_spec_level_0_log1p_mean_amplitude,hcrd_other,-0.12520745758402796,533
37.5Hz11kN,Bearing2_3,v_spec_level_0_positive_area_fraction,hcrd_other,-0.07277725375690211,533
37.5Hz11kN,Bearing2_3,v_spec_level_0_sign_balance,hcrd_other,-0.07277725375690211,533
37.5Hz11kN,Bearing2_3,v_spec_level_0_area_concentration,hcrd_other,0.6501308185403325,533
37.5Hz11kN,Bearing2_3,v_spec_level_0_weighted_shape_factor,hcrd_other,0.032013968348364216,533
37.5Hz11kN,Bearing2_3,v_spec_level_0_mean_duration_fraction,hcrd_other,0.12613421692235213,533
37.5Hz11kN,Bearing2_3,v_spec_level_1_log1p_structure_count,hcrd_other,-0.22576532053915,533
37.5Hz11kN,Bearing2_3,v_spec_level_1_knot_fraction,hcrd_other,-0.22576532053915,533
37.5Hz11kN,Bearing2_3,v_spec_level_1_log1p_polygon_area,hcrd_exact_polygon_mass,0.03432704809433834,533
37.5Hz11kN,Bearing2_3,v_spec_level_1_log1p_quadratic_energy,hcrd_other,0.17305532735859722,533
37.5Hz11kN,Bearing2_3,v_spec_level_1_log1p_triangle_area,hcrd_other,-0.03680005503143782,533
37.5Hz11kN,Bearing2_3,v_spec_level_1_log1p_peak_amplitude,hcrd_other,0.358226922577646,533
37.5Hz11kN,Bearing2_3,v_spec_level_1_log1p_mean_amplitude,hcrd_other,-0.1744124894735733,533
37.5Hz11kN,Bearing2_3,v_spec_level_1_positive_area_fraction,hcrd_other,0.19133394334963622,533
37.5Hz11kN,Bearing2_3,v_spec_level_1_sign_balance,hcrd_other,0.19133394334963622,533
37.5Hz11kN,Bearing2_3,v_spec_level_1_area_concentration,hcrd_other,0.36854072064872434,533
37.5Hz11kN,Bearing2_3,v_spec_level_1_weighted_shape_factor,hcrd_other,0.3055735497860954,533
37.5Hz11kN,Bearing2_3,v_spec_level_1_mean_duration_fraction,hcrd_other,0.22264494453809391,533
37.5Hz11kN,Bearing2_3,v_spec_level_2_log1p_structure_count,hcrd_other,-0.06651244915383316,533
37.5Hz11kN,Bearing2_3,v_spec_level_2_knot_fraction,hcrd_other,-0.06651244915383316,533
37.5Hz11kN,Bearing2_3,v_spec_level_2_log1p_polygon_area,hcrd_exact_polygon_mass,-0.100635413395939,533
37.5Hz11kN,Bearing2_3,v_spec_level_2_log1p_quadratic_energy,hcrd_other,0.1355238709164082,533
37.5Hz11kN,Bearing2_3,v_spec_level_2_log1p_triangle_area,hcrd_other,-0.07217281139480446,533
37.5Hz11kN,Bearing2_3,v_spec_level_2_log1p_peak_amplitude,hcrd_other,0.5364446172454135,533
37.5Hz11kN,Bearing2_3,v_spec_level_2_log1p_mean_amplitude,hcrd_other,-0.012509508059839082,533
37.5Hz11kN,Bearing2_3,v_spec_level_2_positive_area_fraction,hcrd_other,0.13241416672782153,533
37.5Hz11kN,Bearing2_3,v_spec_level_2_sign_balance,hcrd_other,0.13241416672782153,533
37.5Hz11kN,Bearing2_3,v_spec_level_2_area_concentration,hcrd_other,0.15736764281426843,533
37.5Hz11kN,Bearing2_3,v_spec_level_2_weighted_shape_factor,hcrd_other,-0.16678872870699285,533
37.5Hz11kN,Bearing2_3,v_spec_level_2_mean_duration_fraction,hcrd_other,0.06669039641983934,533
37.5Hz11kN,Bearing2_3,v_spec_level_3_log1p_structure_count,hcrd_other,-0.0975184875840533,533
37.5Hz11kN,Bearing2_3,v_spec_level_3_knot_fraction,hcrd_other,-0.0975184875840533,533
37.5Hz11kN,Bearing2_3,v_spec_level_3_log1p_polygon_area,hcrd_exact_polygon_mass,0.27478780324549174,533
37.5Hz11kN,Bearing2_3,v_spec_level_3_log1p_quadratic_energy,hcrd_other,0.47665292835562995,533
37.5Hz11kN,Bearing2_3,v_spec_level_3_log1p_triangle_area,hcrd_other,0.2692035863632985,533
37.5Hz11kN,Bearing2_3,v_spec_level_3_log1p_peak_amplitude,hcrd_other,0.64483578615785,533
37.5Hz11kN,Bearing2_3,v_spec_level_3_log1p_mean_amplitude,hcrd_other,0.23810591047469212,533
37.5Hz11kN,Bearing2_3,v_spec_level_3_positive_area_fraction,hcrd_other,0.30079221812357065,533
37.5Hz11kN,Bearing2_3,v_spec_level_3_sign_balance,hcrd_other,0.30079221812357065,533
37.5Hz11kN,Bearing2_3,v_spec_level_3_area_concentration,hcrd_other,0.4366355471705171,533
37.5Hz11kN,Bearing2_3,v_spec_level_3_weighted_shape_factor,hcrd_other,0.10585267886530883,533
37.5Hz11kN,Bearing2_3,v_spec_level_3_mean_duration_fraction,hcrd_other,0.0975184875840533,533
37.5Hz11kN,Bearing2_3,v_spec_level_4_log1p_structure_count,hcrd_other,-0.09733750199428891,533
37.5Hz11kN,Bearing2_3,v_spec_level_4_knot_fraction,hcrd_other,-0.09733750199428891,533
37.5Hz11kN,Bearing2_3,v_spec_level_4_log1p_polygon_area,hcrd_exact_polygon_mass,0.35014711241074625,533
37.5Hz11kN,Bearing2_3,v_spec_level_4_log1p_quadratic_energy,hcrd_other,0.4033918512578853,533
37.5Hz11kN,Bearing2_3,v_spec_level_4_log1p_triangle_area,hcrd_other,0.3770139295156964,533
37.5Hz11kN,Bearing2_3,v_spec_level_4_log1p_peak_amplitude,hcrd_other,0.4379690134330916,533
37.5Hz11kN,Bearing2_3,v_spec_level_4_log1p_mean_amplitude,hcrd_other,0.356800812664712,533
37.5Hz11kN,Bearing2_3,v_spec_level_4_positive_area_fraction,hcrd_other,0.29782794197331897,533
37.5Hz11kN,Bearing2_3,v_spec_level_4_sign_balance,hcrd_other,0.29783851300542497,533
37.5Hz11kN,Bearing2_3,v_spec_level_4_area_concentration,hcrd_other,0.21306034549028302,533
37.5Hz11kN,Bearing2_3,v_spec_level_4_weighted_shape_factor,hcrd_other,-0.030952789658815916,533
37.5Hz11kN,Bearing2_3,v_spec_level_4_mean_duration_fraction,hcrd_other,0.09733750199428891,533
37.5Hz11kN,Bearing2_3,v_spec_level_5_log1p_structure_count,hcrd_other,0.02026096674517685,533
37.5Hz11kN,Bearing2_3,v_spec_level_5_knot_fraction,hcrd_other,0.02026096674517685,533
37.5Hz11kN,Bearing2_3,v_spec_level_5_log1p_polygon_area,hcrd_exact_polygon_mass,0.0587199865084217,533
37.5Hz11kN,Bearing2_3,v_spec_level_5_log1p_quadratic_energy,hcrd_other,0.07008274211257004,533
37.5Hz11kN,Bearing2_3,v_spec_level_5_log1p_triangle_area,hcrd_other,0.08051501944565655,533
37.5Hz11kN,Bearing2_3,v_spec_level_5_log1p_peak_amplitude,hcrd_other,0.12283866484729015,533
37.5Hz11kN,Bearing2_3,v_spec_level_5_log1p_mean_amplitude,hcrd_other,0.049376846632042726,533
37.5Hz11kN,Bearing2_3,v_spec_level_5_positive_area_fraction,hcrd_other,0.45293328115007087,533
37.5Hz11kN,Bearing2_3,v_spec_level_5_sign_balance,hcrd_other,0.4508200426822315,533
37.5Hz11kN,Bearing2_3,v_spec_level_5_area_concentration,hcrd_other,0.03154958430702712,533
37.5Hz11kN,Bearing2_3,v_spec_level_5_weighted_shape_factor,hcrd_other,-0.0673341536832936,533
37.5Hz11kN,Bearing2_3,v_spec_level_5_mean_duration_fraction,hcrd_other,-0.02026096674517685,533
37.5Hz11kN,Bearing2_4,h_mean,standard,-0.16959727736812252,42
37.5Hz11kN,Bearing2_4,h_std,standard,0.9620776274207926,42
37.5Hz11kN,Bearing2_4,h_variance,standard,0.9620776274207926,42
37.5Hz11kN,Bearing2_4,h_rms,standard,0.9620776274207926,42
37.5Hz11kN,Bearing2_4,h_peak,standard,0.5880398671096345,42
37.5Hz11kN,Bearing2_4,h_peak_to_peak,standard,0.5768576290414068,42
37.5Hz11kN,Bearing2_4,h_crest_factor,standard,-0.8008265132485213,42
37.5Hz11kN,Bearing2_4,h_shape_factor,standard,-0.7526942711287579,42
37.5Hz11kN,Bearing2_4,h_impulse_factor,standard,-0.8068227858358318,42
37.5Hz11kN,Bearing2_4,h_clearance_factor,standard,-0.8120087513167492,42
37.5Hz11kN,Bearing2_4,h_kurtosis,standard,-0.8500931853172353,42
37.5Hz11kN,Bearing2_4,h_skewness,standard,-0.5185155173810875,42
37.5Hz11kN,Bearing2_4,h_line_integral,standard,0.6266104853739568,42
37.5Hz11kN,Bearing2_4,h_zero_crossing_rate,standard,-0.8979013045944412,42
37.5Hz11kN,Bearing2_4,h_entropy,standard,0.8324284903978608,42
37.5Hz11kN,Bearing2_4,h_percentile_5,standard,-0.9591605218377764,42
37.5Hz11kN,Bearing2_4,h_percentile_50,standard,0.5901466655862573,42
37.5Hz11kN,Bearing2_4,h_percentile_95,standard,0.9627258731059073,42
37.5Hz11kN,Bearing2_4,v_mean,standard,0.06717445912000648,42
37.5Hz11kN,Bearing2_4,v_std,standard,0.9884936390892148,42
37.5Hz11kN,Bearing2_4,v_variance,standard,0.9884936390892148,42
37.5Hz11kN,Bearing2_4,v_rms,standard,0.9884936390892148,42
37.5Hz11kN,Bearing2_4,v_peak,standard,0.9079491127137185,42
37.5Hz11kN,Bearing2_4,v_peak_to_peak,standard,0.8970909974880482,42
37.5Hz11kN,Bearing2_4,v_crest_factor,standard,-0.42889555141398594,42
37.5Hz11kN,Bearing2_4,v_shape_factor,standard,-0.3789806336601573,42
37.5Hz11kN,Bearing2_4,v_impulse_factor,standard,-0.43343327120978853,42
37.5Hz11kN,Bearing2_4,v_clearance_factor,standard,-0.4347297625800178,42
37.5Hz11kN,Bearing2_4,v_kurtosis,standard,-0.40166923263917026,42
37.5Hz11kN,Bearing2_4,v_skewness,standard,-0.586419252896848,42
37.5Hz11kN,Bearing2_4,v_line_integral,standard,0.7718175188396402,42
37.5Hz11kN,Bearing2_4,v_zero_crossing_rate,standard,-0.9528401264079087,42
37.5Hz11kN,Bearing2_4,v_entropy,standard,0.454987440239851,42
37.5Hz11kN,Bearing2_4,v_percentile_5,standard,-0.983631796450855,42
37.5Hz11kN,Bearing2_4,v_percentile_50,standard,0.5220808686492181,42
37.5Hz11kN,Bearing2_4,v_percentile_95,standard,0.9842800421359695,42
37.5Hz11kN,Bearing2_4,cross_correlation,standard,0.5105745077384329,42
37.5Hz11kN,Bearing2_4,h_spectral_centroid,standard,-0.8703508629770683,42
37.5Hz11kN,Bearing2_4,h_spectral_bandwidth,standard,-0.02763147232801232,42
37.5Hz11kN,Bearing2_4,h_spectral_rolloff,standard,-0.8783630498857437,42
37.5Hz11kN,Bearing2_4,h_spectral_flatness,standard,-0.7689004132566243,42
37.5Hz11kN,Bearing2_4,h_band_power_0_1k,standard,0.9808767522891176,42
37.5Hz11kN,Bearing2_4,h_band_power_1_3k,standard,0.932420387326797,42
37.5Hz11kN,Bearing2_4,h_band_power_3_6k,standard,0.47573130216351994,42
37.5Hz11kN,Bearing2_4,h_band_power_6_12k,standard,0.5697269265051454,42
37.5Hz11kN,Bearing2_4,h_dominant_frequency,standard,-0.80187689329325,42
37.5Hz11kN,Bearing2_4,h_mean_frequency,standard,-0.9246414391054211,42
37.5Hz11kN,Bearing2_4,h_bpfo_band_power,standard,0.6131593874078276,42
37.5Hz11kN,Bearing2_4,h_bpfi_band_power,standard,0.4903168300785999,42
37.5Hz11kN,Bearing2_4,h_bsf_band_power,standard,-0.8429624827809741,42
37.5Hz11kN,Bearing2_4,h_ftf_band_power,standard,-0.11692731545255651,42
37.5Hz11kN,Bearing2_4,v_spectral_centroid,standard,-0.8436107284660886,42
37.5Hz11kN,Bearing2_4,v_spectral_bandwidth,standard,-0.2963293088080383,42
37.5Hz11kN,Bearing2_4,v_spectral_rolloff,standard,-0.6083221916585103,42
37.5Hz11kN,Bearing2_4,v_spectral_flatness,standard,-0.7672797990438376,42
37.5Hz11kN,Bearing2_4,v_band_power_0_1k,standard,0.973421926910299,42
37.5Hz11kN,Bearing2_4,v_band_power_1_3k,standard,0.7854306782270482,42
37.5Hz11kN,Bearing2_4,v_band_power_3_6k,standard,0.3065391783485941,42
37.5Hz11kN,Bearing2_4,v_band_power_6_12k,standard,0.7050482132728305,42
37.5Hz11kN,Bearing2_4,v_dominant_frequency,standard,-0.18346909600222708,42
37.5Hz11kN,Bearing2_4,v_mean_frequency,standard,-0.8855846365772627,42
37.5Hz11kN,Bearing2_4,v_bpfo_band_power,standard,0.9513815736164007,42
37.5Hz11kN,Bearing2_4,v_bpfi_band_power,standard,0.7327607163114821,42
37.5Hz11kN,Bearing2_4,v_bsf_band_power,standard,0.1994165788833968,42
37.5Hz11kN,Bearing2_4,v_ftf_band_power,standard,0.53277692245361,42
37.5Hz11kN,Bearing2_4,h_env_level_0_log1p_structure_count,hcrd_other,0.4031279672186808,42
37.5Hz11kN,Bearing2_4,h_env_level_0_knot_fraction,hcrd_other,0.4031279672186808,42
37.5Hz11kN,Bearing2_4,h_env_level_0_log1p_polygon_area,hcrd_exact_polygon_mass,0.8756988898792645,42
37.5Hz11kN,Bearing2_4,h_env_level_0_log1p_quadratic_energy,hcrd_other,0.8457175269427114,42
37.5Hz11kN,Bearing2_4,h_env_level_0_log1p_triangle_area,hcrd_other,0.8586824406450047,42
37.5Hz11kN,Bearing2_4,h_env_level_0_log1p_peak_amplitude,hcrd_other,0.7418361559030874,42
37.5Hz11kN,Bearing2_4,h_env_level_0_log1p_mean_amplitude,hcrd_other,0.8486346325257274,42
37.5Hz11kN,Bearing2_4,h_env_level_0_positive_area_fraction,hcrd_other,0.26116198039056804,42
37.5Hz11kN,Bearing2_4,h_env_level_0_sign_balance,hcrd_other,0.26116198039056804,42
37.5Hz11kN,Bearing2_4,h_env_level_0_area_concentration,hcrd_other,-0.4914512600275505,42
37.5Hz11kN,Bearing2_4,h_env_level_0_weighted_shape_factor,hcrd_other,-0.19098938497690626,42
37.5Hz11kN,Bearing2_4,h_env_level_0_mean_duration_fraction,hcrd_other,-0.4031279672186808,42
37.5Hz11kN,Bearing2_4,h_env_level_1_log1p_structure_count,hcrd_other,0.3495756847883283,42
37.5Hz11kN,Bearing2_4,h_env_level_1_knot_fraction,hcrd_other,0.3495756847883283,42
37.5Hz11kN,Bearing2_4,h_env_level_1_log1p_polygon_area,hcrd_exact_polygon_mass,0.8356697188234341,42
37.5Hz11kN,Bearing2_4,h_env_level_1_log1p_quadratic_energy,hcrd_other,0.793209626448424,42
37.5Hz11kN,Bearing2_4,h_env_level_1_log1p_triangle_area,hcrd_other,0.8466898954703833,42
37.5Hz11kN,Bearing2_4,h_env_level_1_log1p_peak_amplitude,hcrd_other,0.6421683818167085,42
37.5Hz11kN,Bearing2_4,h_env_level_1_log1p_mean_amplitude,hcrd_other,0.8624098533344139,42
37.5Hz11kN,Bearing2_4,h_env_level_1_positive_area_fraction,hcrd_other,-0.025686735272668345,42
37.5Hz11kN,Bearing2_4,h_env_level_1_sign_balance,hcrd_other,-0.025686735272668345,42
37.5Hz11kN,Bearing2_4,h_env_level_1_area_concentration,hcrd_other,-0.4110687950733328,42
37.5Hz11kN,Bearing2_4,h_env_level_1_weighted_shape_factor,hcrd_other,-0.20119925451746212,42
37.5Hz11kN,Bearing2_4,h_env_level_1_mean_duration_fraction,hcrd_other,-0.3495756847883283,42
37.5Hz11kN,Bearing2_4,h_env_level_2_log1p_structure_count,hcrd_other,0.12539267780629937,42
37.5Hz11kN,Bearing2_4,h_env_level_2_knot_fraction,hcrd_other,0.12539267780629937,42
37.5Hz11kN,Bearing2_4,h_env_level_2_log1p_polygon_area,hcrd_exact_polygon_mass,0.8675958188153311,42
37.5Hz11kN,Bearing2_4,h_env_level_2_log1p_quadratic_energy,hcrd_other,0.839073008670286,42
37.5Hz11kN,Bearing2_4,h_env_level_2_log1p_triangle_area,hcrd_other,0.8578721335386112,42
37.5Hz11kN,Bearing2_4,h_env_level_2_log1p_peak_amplitude,hcrd_other,0.7771655457418362,42
37.5Hz11kN,Bearing2_4,h_env_level_2_log1p_mean_amplitude,hcrd_other,0.8547929665343166,42
37.5Hz11kN,Bearing2_4,h_env_level_2_positive_area_fraction,hcrd_other,0.27736812251843446,42
37.5Hz11kN,Bearing2_4,h_env_level_2_sign_balance,hcrd_other,0.27736812251843446,42
37.5Hz11kN,Bearing2_4,h_env_level_2_area_concentration,hcrd_other,-0.023417875374767038,42
37.5Hz11kN,Bearing2_4,h_env_level_2_weighted_shape_factor,hcrd_other,0.0772222672392837,42
37.5Hz11kN,Bearing2_4,h_env_level_2_mean_duration_fraction,hcrd_other,-0.12539267780629937,42
37.5Hz11kN,Bearing2_4,h_env_level_3_log1p_structure_count,hcrd_other,0.0204653689993646,42
37.5Hz11kN,Bearing2_4,h_env_level_3_knot_fraction,hcrd_other,0.0204653689993646,42
37.5Hz11kN,Bearing2_4,h_env_level_3_log1p_polygon_area,hcrd_exact_polygon_mass,0.8573859492747751,42
37.5Hz11kN,Bearing2_4,h_env_level_3_log1p_quadratic_energy,hcrd_other,0.8335629203468115,42
37.5Hz11kN,Bearing2_4,h_env_level_3_log1p_triangle_area,hcrd_other,0.864192528968479,42
37.5Hz11kN,Bearing2_4,h_env_level_3_log1p_peak_amplitude,hcrd_other,0.6875455797747346,42
37.5Hz11kN,Bearing2_4,h_env_level_3_log1p_mean_amplitude,hcrd_other,0.8513896766874646,42
37.5Hz11kN,Bearing2_4,h_env_level_3_positive_area_fraction,hcrd_other,-0.03152094643870027,42
37.5Hz11kN,Bearing2_4,h_env_level_3_sign_balance,hcrd_other,-0.03152094643870027,42
37.5Hz11kN,Bearing2_4,h_env_level_3_area_concentration,hcrd_other,-0.19957864030467548,42
37.5Hz11kN,Bearing2_4,h_env_level_3_weighted_shape_factor,hcrd_other,0.09756716451996761,42
37.5Hz11kN,Bearing2_4,h_env_level_3_mean_duration_fraction,hcrd_other,-0.0204653689993646,42
37.5Hz11kN,Bearing2_4,h_env_level_4_log1p_structure_count,hcrd_other,-0.05173324476832176,42
37.5Hz11kN,Bearing2_4,h_env_level_4_knot_fraction,hcrd_other,-0.05173324476832176,42
37.5Hz11kN,Bearing2_4,h_env_level_4_log1p_polygon_area,hcrd_exact_polygon_mass,0.7317883477838102,42
37.5Hz11kN,Bearing2_4,h_env_level_4_log1p_quadratic_energy,hcrd_other,0.7479944899116766,42
37.5Hz11kN,Bearing2_4,h_env_level_4_log1p_triangle_area,hcrd_other,0.7397293574264646,42
37.5Hz11kN,Bearing2_4,h_env_level_4_log1p_peak_amplitude,hcrd_other,0.7334089619965967,42
37.5Hz11kN,Bearing2_4,h_env_level_4_log1p_mean_amplitude,hcrd_other,0.7509115954946926,42
37.5Hz11kN,Bearing2_4,h_env_level_4_positive_area_fraction,hcrd_other,0.07673608297544769,42
37.5Hz11kN,Bearing2_4,h_env_level_4_sign_balance,hcrd_other,0.07673608297544769,42
37.5Hz11kN,Bearing2_4,h_env_level_4_area_concentration,hcrd_other,-0.0010533992383113201,42
37.5Hz11kN,Bearing2_4,h_env_level_4_weighted_shape_factor,hcrd_other,0.04650131073794087,42
37.5Hz11kN,Bearing2_4,h_env_level_4_mean_duration_fraction,hcrd_other,0.05173324476832176,42
37.5Hz11kN,Bearing2_4,h_env_level_5_log1p_structure_count,hcrd_other,-0.27929476205041376,42
37.5Hz11kN,Bearing2_4,h_env_level_5_knot_fraction,hcrd_other,-0.27929476205041376,42
37.5Hz11kN,Bearing2_4,h_env_level_5_log1p_polygon_area,hcrd_exact_polygon_mass,0.6330929422251034,42
37.5Hz11kN,Bearing2_4,h_env_level_5_log1p_quadratic_energy,hcrd_other,0.6154282473057289,42
37.5Hz11kN,Bearing2_4,h_env_level_5_log1p_triangle_area,hcrd_other,0.631796450854874,42
37.5Hz11kN,Bearing2_4,h_env_level_5_log1p_peak_amplitude,hcrd_other,0.5737784620371121,42
37.5Hz11kN,Bearing2_4,h_env_level_5_log1p_mean_amplitude,hcrd_other,0.614455878778057,42
37.5Hz11kN,Bearing2_4,h_env_level_5_positive_area_fraction,hcrd_other,-0.16532770746492104,42
37.5Hz11kN,Bearing2_4,h_env_level_5_sign_balance,hcrd_other,-0.16532770746492104,42
37.5Hz11kN,Bearing2_4,h_env_level_5_area_concentration,hcrd_other,-0.0446479215622721,42
37.5Hz11kN,Bearing2_4,h_env_level_5_weighted_shape_factor,hcrd_other,-0.0035045731102385054,42
37.5Hz11kN,Bearing2_4,h_env_level_5_mean_duration_fraction,hcrd_other,0.27929476205041376,42
37.5Hz11kN,Bearing2_4,h_spec_level_0_log1p_structure_count,hcrd_other,0.37020214182320704,42
37.5Hz11kN,Bearing2_4,h_spec_level_0_knot_fraction,hcrd_other,0.37020214182320704,42
37.5Hz11kN,Bearing2_4,h_spec_level_0_log1p_polygon_area,hcrd_exact_polygon_mass,0.4047483996434649,42
37.5Hz11kN,Bearing2_4,h_spec_level_0_log1p_quadratic_energy,hcrd_other,0.5094400777894823,42
37.5Hz11kN,Bearing2_4,h_spec_level_0_log1p_triangle_area,hcrd_other,0.5172190260108581,42
37.5Hz11kN,Bearing2_4,h_spec_level_0_log1p_peak_amplitude,hcrd_other,0.5681063122923588,42
37.5Hz11kN,Bearing2_4,h_spec_level_0_log1p_mean_amplitude,hcrd_other,0.6742565432298843,42
37.5Hz11kN,Bearing2_4,h_spec_level_0_positive_area_fraction,hcrd_other,-0.4237095859330687,42
37.5Hz11kN,Bearing2_4,h_spec_level_0_sign_balance,hcrd_other,-0.4237095859330687,42
37.5Hz11kN,Bearing2_4,h_spec_level_0_area_concentration,hcrd_other,0.3575885260513735,42
37.5Hz11kN,Bearing2_4,h_spec_level_0_weighted_shape_factor,hcrd_other,-0.6789563244469654,42
37.5Hz11kN,Bearing2_4,h_spec_level_0_mean_duration_fraction,hcrd_other,-0.37020214182320704,42
37.5Hz11kN,Bearing2_4,h_spec_level_1_log1p_structure_count,hcrd_other,-0.2391735086543254,42
37.5Hz11kN,Bearing2_4,h_spec_level_1_knot_fraction,hcrd_other,-0.2391735086543254,42
37.5Hz11kN,Bearing2_4,h_spec_level_1_log1p_polygon_area,hcrd_exact_polygon_mass,0.31982821489344465,42
37.5Hz11kN,Bearing2_4,h_spec_level_1_log1p_quadratic_energy,hcrd_other,0.399886557005105,42
37.5Hz11kN,Bearing2_4,h_spec_level_1_log1p_triangle_area,hcrd_other,0.28498500931853177,42
37.5Hz11kN,Bearing2_4,h_spec_level_1_log1p_peak_amplitude,hcrd_other,0.49971639251276234,42
37.5Hz11kN,Bearing2_4,h_spec_level_1_log1p_mean_amplitude,hcrd_other,0.30605299408475817,42
37.5Hz11kN,Bearing2_4,h_spec_level_1_positive_area_fraction,hcrd_other,0.006887610404343247,42
37.5Hz11kN,Bearing2_4,h_spec_level_1_sign_balance,hcrd_other,0.006887610404343247,42
37.5Hz11kN,Bearing2_4,h_spec_level_1_area_concentration,hcrd_other,0.31237338951462607,42
37.5Hz11kN,Bearing2_4,h_spec_level_1_weighted_shape_factor,hcrd_other,0.2997325986548902,42
37.5Hz11kN,Bearing2_4,h_spec_level_1_mean_duration_fraction,hcrd_other,0.2391735086543254,42
37.5Hz11kN,Bearing2_4,h_spec_level_2_log1p_structure_count,hcrd_other,-0.15716918971493132,42
37.5Hz11kN,Bearing2_4,h_spec_level_2_knot_fraction,hcrd_other,-0.15716918971493132,42
37.5Hz11kN,Bearing2_4,h_spec_level_2_log1p_polygon_area,hcrd_exact_polygon_mass,0.05258893120492667,42
37.5Hz11kN,Bearing2_4,h_spec_level_2_log1p_quadratic_energy,hcrd_other,0.19747184182805283,42
37.5Hz11kN,Bearing2_4,h_spec_level_2_log1p_triangle_area,hcrd_other,0.061988493639089225,42
37.5Hz11kN,Bearing2_4,h_spec_level_2_log1p_peak_amplitude,hcrd_other,0.1642492504659266,42
37.5Hz11kN,Bearing2_4,h_spec_level_2_log1p_mean_amplitude,hcrd_other,0.08564946114577425,42
37.5Hz11kN,Bearing2_4,h_spec_level_2_positive_area_fraction,hcrd_other,0.2723442184587959,42
37.5Hz11kN,Bearing2_4,h_spec_level_2_sign_balance,hcrd_other,0.2723442184587959,42
37.5Hz11kN,Bearing2_4,h_spec_level_2_area_concentration,hcrd_other,0.21724333522404993,42
37.5Hz11kN,Bearing2_4,h_spec_level_2_weighted_shape_factor,hcrd_other,-0.034762174864273555,42
37.5Hz11kN,Bearing2_4,h_spec_level_2_mean_duration_fraction,hcrd_other,0.16319444467051364,42
37.5Hz11kN,Bearing2_4,h_spec_level_3_log1p_structure_count,hcrd_other,-0.29624235461226023,42
37.5Hz11kN,Bearing2_4,h_spec_level_3_knot_fraction,hcrd_other,-0.29624235461226023,42
37.5Hz11kN,Bearing2_4,h_spec_level_3_log1p_polygon_area,hcrd_exact_polygon_mass,-0.15695648650838667,42
37.5Hz11kN,Bearing2_4,h_spec_level_3_log1p_quadratic_energy,hcrd_other,-0.22567052913054048,42
37.5Hz11kN,Bearing2_4,h_spec_level_3_log1p_triangle_area,hcrd_other,-0.20346811441536344,42
37.5Hz11kN,Bearing2_4,h_spec_level_3_log1p_peak_amplitude,hcrd_other,-0.21772951948788596,42
37.5Hz11kN,Bearing2_4,h_spec_level_3_log1p_mean_amplitude,hcrd_other,-0.08743213677983956,42
37.5Hz11kN,Bearing2_4,h_spec_level_3_positive_area_fraction,hcrd_other,-0.04950976420063204,42
37.5Hz11kN,Bearing2_4,h_spec_level_3_sign_balance,hcrd_other,-0.04950976420063204,42
37.5Hz11kN,Bearing2_4,h_spec_level_3_area_concentration,hcrd_other,-0.02244550684709505,42
37.5Hz11kN,Bearing2_4,h_spec_level_3_weighted_shape_factor,hcrd_other,0.09115954946924885,42
37.5Hz11kN,Bearing2_4,h_spec_level_3_mean_duration_fraction,hcrd_other,0.29624235461226023,42
37.5Hz11kN,Bearing2_4,h_spec_level_4_log1p_structure_count,hcrd_other,-0.32077290857297774,42
37.5Hz11kN,Bearing2_4,h_spec_level_4_knot_fraction,hcrd_other,-0.32077290857297774,42
37.5Hz11kN,Bearing2_4,h_spec_level_4_log1p_polygon_area,hcrd_exact_polygon_mass,0.41333765497123415,42
37.5Hz11kN,Bearing2_4,h_spec_level_4_log1p_quadratic_energy,hcrd_other,0.4888582772870918,42
37.5Hz11kN,Bearing2_4,h_spec_level_4_log1p_triangle_area,hcrd_other,0.4115549793371688,42
37.5Hz11kN,Bearing2_4,h_spec_level_4_log1p_peak_amplitude,hcrd_other,0.4781622234827,42
37.5Hz11kN,Bearing2_4,h_spec_level_4_log1p_mean_amplitude,hcrd_other,0.4378089295843125,42
37.5Hz11kN,Bearing2_4,h_spec_level_4_positive_area_fraction,hcrd_other,0.08030143424357833,42
37.5Hz11kN,Bearing2_4,h_spec_level_4_sign_balance,hcrd_other,0.08030143424357833,42
37.5Hz11kN,Bearing2_4,h_spec_level_4_area_concentration,hcrd_other,0.5115468762661048,42
37.5Hz11kN,Bearing2_4,h_spec_level_4_weighted_shape_factor,hcrd_other,0.06539338954458841,42
37.5Hz11kN,Bearing2_4,h_spec_level_4_mean_duration_fraction,hcrd_other,0.32077290857297774,42
37.5Hz11kN,Bearing2_4,h_spec_level_5_log1p_structure_count,hcrd_other,-0.23811511679973957,42
37.5Hz11kN,Bearing2_4,h_spec_level_5_knot_fraction,hcrd_other,-0.23811511679973957,42
37.5Hz11kN,Bearing2_4,h_spec_level_5_log1p_polygon_area,hcrd_exact_polygon_mass,-0.18839640223644763,42
37.5Hz11kN,Bearing2_4,h_spec_level_5_log1p_quadratic_energy,hcrd_other,-0.2425249169435216,42
37.5Hz11kN,Bearing2_4,h_spec_level_5_log1p_triangle_area,hcrd_other,-0.20508872862815009,42
37.5Hz11kN,Bearing2_4,h_spec_level_5_log1p_peak_amplitude,hcrd_other,-0.3692569483834373,42
37.5Hz11kN,Bearing2_4,h_spec_level_5_log1p_mean_amplitude,hcrd_other,-0.17851065553844908,42
37.5Hz11kN,Bearing2_4,h_spec_level_5_positive_area_fraction,hcrd_other,0.3616434115268494,42
37.5Hz11kN,Bearing2_4,h_spec_level_5_sign_balance,hcrd_other,0.3616434115268494,42
37.5Hz11kN,Bearing2_4,h_spec_level_5_area_concentration,hcrd_other,-0.015476865732112474,42
37.5Hz11kN,Bearing2_4,h_spec_level_5_weighted_shape_factor,hcrd_other,0.03482727049475357,42
37.5Hz11kN,Bearing2_4,h_spec_level_5_mean_duration_fraction,hcrd_other,0.23811511679973957,42
37.5Hz11kN,Bearing2_4,v_env_level_0_log1p_structure_count,hcrd_other,0.3388587287633418,42
37.5Hz11kN,Bearing2_4,v_env_level_0_knot_fraction,hcrd_other,0.3388587287633418,42
37.5Hz11kN,Bearing2_4,v_env_level_0_log1p_polygon_area,hcrd_exact_polygon_mass,0.9447370553439753,42
37.5Hz11kN,Bearing2_4,v_env_level_0_log1p_quadratic_energy,hcrd_other,0.940037274126894,42
37.5Hz11kN,Bearing2_4,v_env_level_0_log1p_triangle_area,hcrd_other,0.9473300380844342,42
37.5Hz11kN,Bearing2_4,v_env_level_0_log1p_peak_amplitude,hcrd_other,0.8147637954784864,42
37.5Hz11kN,Bearing2_4,v_env_level_0_log1p_mean_amplitude,hcrd_other,0.9382545984928289,42
37.5Hz11kN,Bearing2_4,v_env_level_0_positive_area_fraction,hcrd_other,0.0872700753585609,42
37.5Hz11kN,Bearing2_4,v_env_level_0_sign_balance,hcrd_other,0.0872700753585609,42
37.5Hz11kN,Bearing2_4,v_env_level_0_area_concentration,hcrd_other,-0.4042622153796289,42
37.5Hz11kN,Bearing2_4,v_env_level_0_weighted_shape_factor,hcrd_other,-0.32371768900413256,42
37.5Hz11kN,Bearing2_4,v_env_level_0_mean_duration_fraction,hcrd_other,-0.3388587287633418,42
37.5Hz11kN,Bearing2_4,v_env_level_1_log1p_structure_count,hcrd_other,0.014306994302886634,42
37.5Hz11kN,Bearing2_4,v_env_level_1_knot_fraction,hcrd_other,0.014306994302886634,42
37.5Hz11kN,Bearing2_4,v_env_level_1_log1p_polygon_area,hcrd_exact_polygon_mass,0.9021149015476867,42
37.5Hz11kN,Bearing2_4,v_env_level_1_log1p_quadratic_energy,hcrd_other,0.8842881452070335,42
37.5Hz11kN,Bearing2_4,v_env_level_1_log1p_triangle_area,hcrd_other,0.9063284985009319,42
37.5Hz11kN,Bearing2_4,v_env_level_1_log1p_peak_amplitude,hcrd_other,0.8345352888744836,42
37.5Hz11kN,Bearing2_4,v_env_level_1_log1p_mean_amplitude,hcrd_other,0.9006563487561787,42
37.5Hz11kN,Bearing2_4,v_env_level_1_positive_area_fraction,hcrd_other,-0.029900332225913623,42
37.5Hz11kN,Bearing2_4,v_env_level_1_sign_balance,hcrd_other,-0.029900332225913623,42
37.5Hz11kN,Bearing2_4,v_env_level_1_area_concentration,hcrd_other,-0.289684790535613,42
37.5Hz11kN,Bearing2_4,v_env_level_1_weighted_shape_factor,hcrd_other,0.2781784296248278,42
37.5Hz11kN,Bearing2_4,v_env_level_1_mean_duration_fraction,hcrd_other,-0.014306994302886634,42
37.5Hz11kN,Bearing2_4,v_env_level_2_log1p_structure_count,hcrd_other,0.21367878448801736,42
37.5Hz11kN,Bearing2_4,v_env_level_2_knot_fraction,hcrd_other,0.21367878448801736,42
37.5Hz11kN,Bearing2_4,v_env_level_2_log1p_polygon_area,hcrd_exact_polygon_mass,0.8637063447046431,42
37.5Hz11kN,Bearing2_4,v_env_level_2_log1p_quadratic_energy,hcrd_other,0.8718094157685764,42
37.5Hz11kN,Bearing2_4,v_env_level_2_log1p_triangle_area,hcrd_other,0.8572238878534967,42
37.5Hz11kN,Bearing2_4,v_env_level_2_log1p_peak_amplitude,hcrd_other,0.8056883558868811,42
37.5Hz11kN,Bearing2_4,v_env_level_2_log1p_mean_amplitude,hcrd_other,0.8624098533344139,42
37.5Hz11kN,Bearing2_4,v_env_level_2_positive_area_fraction,hcrd_other,0.14123652864435624,42
37.5Hz11kN,Bearing2_4,v_env_level_2_sign_balance,hcrd_other,0.14123652864435624,42
37.5Hz11kN,Bearing2_4,v_env_level_2_area_concentration,hcrd_other,-0.3209626448423953,42
37.5Hz11kN,Bearing2_4,v_env_level_2_weighted_shape_factor,hcrd_other,-0.13912973016773358,42
37.5Hz11kN,Bearing2_4,v_env_level_2_mean_duration_fraction,hcrd_other,-0.2140864556067075,42
37.5Hz11kN,Bearing2_4,v_env_level_3_log1p_structure_count,hcrd_other,0.25788199745114176,42
37.5Hz11kN,Bearing2_4,v_env_level_3_knot_fraction,hcrd_other,0.25788199745114176,42
37.5Hz11kN,Bearing2_4,v_env_level_3_log1p_polygon_area,hcrd_exact_polygon_mass,0.6729600518596548,42
37.5Hz11kN,Bearing2_4,v_env_level_3_log1p_quadratic_energy,hcrd_other,0.6632363665829349,42
37.5Hz11kN,Bearing2_4,v_env_level_3_log1p_triangle_area,hcrd_other,0.6856008427193906,42
37.5Hz11kN,Bearing2_4,v_env_level_3_log1p_peak_amplitude,hcrd_other,0.6872214569321773,42
37.5Hz11kN,Bearing2_4,v_env_level_3_log1p_mean_amplitude,hcrd_other,0.6956486508386679,42
37.5Hz11kN,Bearing2_4,v_env_level_3_positive_area_fraction,hcrd_other,0.07900494287334901,42
37.5Hz11kN,Bearing2_4,v_env_level_3_sign_balance,hcrd_other,0.07900494287334901,42
37.5Hz11kN,Bearing2_4,v_env_level_3_area_concentration,hcrd_other,-0.2788266753099425,42
37.5Hz11kN,Bearing2_4,v_env_level_3_weighted_shape_factor,hcrd_other,-0.12543555125159775,42
37.5Hz11kN,Bearing2_4,v_env_level_3_mean_duration_fraction,hcrd_other,-0.25788199745114176,42
37.5Hz11kN,Bearing2_4,v_env_level_4_log1p_structure_count,hcrd_other,0.11247826493533188,42
37.5Hz11kN,Bearing2_4,v_env_level_4_knot_fraction,hcrd_other,0.11247826493533188,42
37.5Hz11kN,Bearing2_4,v_env_level_4_log1p_polygon_area,hcrd_exact_polygon_mass,0.7403776031115794,42
37.5Hz11kN,Bearing2_4,v_env_level_4_log1p_quadratic_energy,hcrd_other,0.7347054533668261,42
37.5Hz11kN,Bearing2_4,v_env_level_4_log1p_triangle_area,hcrd_other,0.7512357183372499,42
37.5Hz11kN,Bearing2_4,v_env_level_4_log1p_peak_amplitude,hcrd_other,0.7434567701158739,42
37.5Hz11kN,Bearing2_4,v_env_level_4_log1p_mean_amplitude,hcrd_other,0.795640547767604,42
37.5Hz11kN,Bearing2_4,v_env_level_4_positive_area_fraction,hcrd_other,0.09958674337573942,42
37.5Hz11kN,Bearing2_4,v_env_level_4_sign_balance,hcrd_other,0.09958674337573942,42
37.5Hz11kN,Bearing2_4,v_env_level_4_area_concentration,hcrd_other,-0.2151365367474273,42
37.5Hz11kN,Bearing2_4,v_env_level_4_weighted_shape_factor,hcrd_other,-0.05104030763097155,42
37.5Hz11kN,Bearing2_4,v_env_level_4_mean_duration_fraction,hcrd_other,-0.11247826493533188,42
37.5Hz11kN,Bearing2_4,v_env_level_5_log1p_structure_count,hcrd_other,-0.21770528891092333,42
37.5Hz11kN,Bearing2_4,v_env_level_5_knot_fraction,hcrd_other,-0.21770528891092333,42
37.5Hz11kN,Bearing2_4,v_env_level_5_log1p_polygon_area,hcrd_exact_polygon_mass,0.6363341706506765,42
37.5Hz11kN,Bearing2_4,v_env_level_5_log1p_quadratic_energy,hcrd_other,0.6133214488291063,42
37.5Hz11kN,Bearing2_4,v_env_level_5_log1p_triangle_area,hcrd_other,0.6353618021230046,42
37.5Hz11kN,Bearing2_4,v_env_level_5_log1p_peak_amplitude,hcrd_other,0.5648650838667856,42
37.5Hz11kN,Bearing2_4,v_env_level_5_log1p_mean_amplitude,hcrd_other,0.637630662020906,42
37.5Hz11kN,Bearing2_4,v_env_level_5_positive_area_fraction,hcrd_other,-0.04114347451548787,42
37.5Hz11kN,Bearing2_4,v_env_level_5_sign_balance,hcrd_other,-0.03281227064419913,42
37.5Hz11kN,Bearing2_4,v_env_level_5_area_concentration,hcrd_other,-0.06231261648164655,42
37.5Hz11kN,Bearing2_4,v_env_level_5_weighted_shape_factor,hcrd_other,0.30976317099303674,42
37.5Hz11kN,Bearing2_4,v_env_level_5_mean_duration_fraction,hcrd_other,0.21770528891092333,42
37.5Hz11kN,Bearing2_4,v_spec_level_0_log1p_structure_count,hcrd_other,0.46975929539065353,42
37.5Hz11kN,Bearing2_4,v_spec_level_0_knot_fraction,hcrd_other,0.46975929539065353,42
37.5Hz11kN,Bearing2_4,v_spec_level_0_log1p_polygon_area,hcrd_exact_polygon_mass,0.5867433757394053,42
37.5Hz11kN,Bearing2_4,v_spec_level_0_log1p_quadratic_energy,hcrd_other,0.7478324284903979,42
37.5Hz11kN,Bearing2_4,v_spec_level_0_log1p_triangle_area,hcrd_other,0.6969451422088971,42
37.5Hz11kN,Bearing2_4,v_spec_level_0_log1p_peak_amplitude,hcrd_other,0.5447694676282311,42
37.5Hz11kN,Bearing2_4,v_spec_level_0_log1p_mean_amplitude,hcrd_other,0.7820273883801961,42
37.5Hz11kN,Bearing2_4,v_spec_level_0_positive_area_fraction,hcrd_other,-0.01758366420873511,42
37.5Hz11kN,Bearing2_4,v_spec_level_0_sign_balance,hcrd_other,-0.01758366420873511,42
37.5Hz11kN,Bearing2_4,v_spec_level_0_area_concentration,hcrd_other,0.4308402884693299,42
37.5Hz11kN,Bearing2_4,v_spec_level_0_weighted_shape_factor,hcrd_other,-0.6368203549145126,42
37.5Hz11kN,Bearing2_4,v_spec_level_0_mean_duration_fraction,hcrd_other,-0.46975929539065353,42
37.5Hz11kN,Bearing2_4,v_spec_level_1_log1p_structure_count,hcrd_other,0.2304128805804292,42
37.5Hz11kN,Bearing2_4,v_spec_level_1_knot_fraction,hcrd_other,0.2304128805804292,42
37.5Hz11kN,Bearing2_4,v_spec_level_1_log1p_polygon_area,hcrd_exact_polygon_mass,-0.47362450368689735,42
37.5Hz11kN,Bearing2_4,v_spec_level_1_log1p_quadratic_energy,hcrd_other,0.036382789077060204,42
37.5Hz11kN,Bearing2_4,v_spec_level_1_log1p_triangle_area,hcrd_other,-0.5442832833643951,42
37.5Hz11kN,Bearing2_4,v_spec_level_1_log1p_peak_amplitude,hcrd_other,0.49534073413823837,42
37.5Hz11kN,Bearing2_4,v_spec_level_1_log1p_mean_amplitude,hcrd_other,-0.7184993112389596,42
37.5Hz11kN,Bearing2_4,v_spec_level_1_positive_area_fraction,hcrd_other,0.04610647435378009,42
37.5Hz11kN,Bearing2_4,v_spec_level_1_sign_balance,hcrd_other,0.04610647435378009,42
37.5Hz11kN,Bearing2_4,v_spec_level_1_area_concentration,hcrd_other,0.48675147881046926,42
37.5Hz11kN,Bearing2_4,v_spec_level_1_weighted_shape_factor,hcrd_other,0.08597358398833158,42
37.5Hz11kN,Bearing2_4,v_spec_level_1_mean_duration_fraction,hcrd_other,-0.2342422418010465,42
37.5Hz11kN,Bearing2_4,v_spec_level_2_log1p_structure_count,hcrd_other,0.23670111998009394,42
37.5Hz11kN,Bearing2_4,v_spec_level_2_knot_fraction,hcrd_other,0.23670111998009394,42
37.5Hz11kN,Bearing2_4,v_spec_level_2_log1p_polygon_area,hcrd_exact_polygon_mass,-0.24203873267968562,42
37.5Hz11kN,Bearing2_4,v_spec_level_2_log1p_quadratic_energy,hcrd_other,0.10023498906085407,42
37.5Hz11kN,Bearing2_4,v_spec_level_2_log1p_triangle_area,hcrd_other,-0.2013613159387408,42
37.5Hz11kN,Bearing2_4,v_spec_level_2_log1p_peak_amplitude,hcrd_other,0.25111417227129085,42
37.5Hz11kN,Bearing2_4,v_spec_level_2_log1p_mean_amplitude,hcrd_other,-0.08078761850741431,42
37.5Hz11kN,Bearing2_4,v_spec_level_2_positive_area_fraction,hcrd_other,0.37379466817923995,42
37.5Hz11kN,Bearing2_4,v_spec_level_2_sign_balance,hcrd_other,0.37379466817923995,42
37.5Hz11kN,Bearing2_4,v_spec_level_2_area_concentration,hcrd_other,0.17721416416821975,42
37.5Hz11kN,Bearing2_4,v_spec_level_2_weighted_shape_factor,hcrd_other,-0.16035977635523865,42
37.5Hz11kN,Bearing2_4,v_spec_level_2_mean_duration_fraction,hcrd_other,-0.23670111998009394,42
37.5Hz11kN,Bearing2_4,v_spec_level_3_log1p_structure_count,hcrd_other,0.03908129214776418,42
37.5Hz11kN,Bearing2_4,v_spec_level_3_knot_fraction,hcrd_other,0.03908129214776418,42
37.5Hz11kN,Bearing2_4,v_spec_level_3_log1p_polygon_area,hcrd_exact_polygon_mass,-0.08111174134997165,42
37.5Hz11kN,Bearing2_4,v_spec_level_3_log1p_quadratic_energy,hcrd_other,0.05064419414958269,42
37.5Hz11kN,Bearing2_4,v_spec_level_3_log1p_triangle_area,hcrd_other,-0.11238959565675391,42
37.5Hz11kN,Bearing2_4,v_spec_level_3_log1p_peak_amplitude,hcrd_other,0.10623126164816465,42
37.5Hz11kN,Bearing2_4,v_spec_level_3_log1p_mean_amplitude,hcrd_other,-0.16830078599789322,42
37.5Hz11kN,Bearing2_4,v_spec_level_3_positive_area_fraction,hcrd_other,0.27736812251843446,42
37.5Hz11kN,Bearing2_4,v_spec_level_3_sign_balance,hcrd_other,0.27736812251843446,42
37.5Hz11kN,Bearing2_4,v_spec_level_3_area_concentration,hcrd_other,0.31366988088485537,42
37.5Hz11kN,Bearing2_4,v_spec_level_3_weighted_shape_factor,hcrd_other,-0.07772104810743376,42
37.5Hz11kN,Bearing2_4,v_spec_level_3_mean_duration_fraction,hcrd_other,-0.03908129214776418,42
37.5Hz11kN,Bearing2_4,v_spec_level_4_log1p_structure_count,hcrd_other,0.09408984582243742,42
37.5Hz11kN,Bearing2_4,v_spec_level_4_knot_fraction,hcrd_other,0.09408984582243742,42
37.5Hz11kN,Bearing2_4,v_spec_level_4_log1p_polygon_area,hcrd_exact_polygon_mass,0.159711530670124,42
37.5Hz11kN,Bearing2_4,v_spec_level_4_log1p_quadratic_energy,hcrd_other,0.2554898306458148,42
37.5Hz11kN,Bearing2_4,v_spec_level_4_log1p_triangle_area,hcrd_other,0.17024552305323717,42
37.5Hz11kN,Bearing2_4,v_spec_level_4_log1p_peak_amplitude,hcrd_other,0.34008589255327776,42
37.5Hz11kN,Bearing2_4,v_spec_level_4_log1p_mean_amplitude,hcrd_other,0.17607973421926912,42
37.5Hz11kN,Bearing2_4,v_spec_level_4_positive_area_fraction,hcrd_other,0.2921630640534919,42
37.5Hz11kN,Bearing2_4,v_spec_level_4_sign_balance,hcrd_other,0.2921630640534919,42
37.5Hz11kN,Bearing2_4,v_spec_level_4_area_concentration,hcrd_other,0.16262863625313995,42
37.5Hz11kN,Bearing2_4,v_spec_level_4_weighted_shape_factor,hcrd_other,0.08737068034462116,42
37.5Hz11kN,Bearing2_4,v_spec_level_4_mean_duration_fraction,hcrd_other,-0.09408984582243742,42
37.5Hz11kN,Bearing2_4,v_spec_level_5_log1p_structure_count,hcrd_other,0.1909565358360112,42
37.5Hz11kN,Bearing2_4,v_spec_level_5_knot_fraction,hcrd_other,0.1909565358360112,42
37.5Hz11kN,Bearing2_4,v_spec_level_5_log1p_polygon_area,hcrd_exact_polygon_mass,-0.5582205655943603,42
37.5Hz11kN,Bearing2_4,v_spec_level_5_log1p_quadratic_energy,hcrd_other,-0.5365043351430192,42
37.5Hz11kN,Bearing2_4,v_spec_level_5_log1p_triangle_area,hcrd_other,-0.5574102584879669,42
37.5Hz11kN,Bearing2_4,v_spec_level_5_log1p_peak_amplitude,hcrd_other,-0.4650352483591281,42
37.5Hz11kN,Bearing2_4,v_spec_level_5_log1p_mean_amplitude,hcrd_other,-0.471355643788996,42
37.5Hz11kN,Bearing2_4,v_spec_level_5_positive_area_fraction,hcrd_other,0.4978881415996667,42
37.5Hz11kN,Bearing2_4,v_spec_level_5_sign_balance,hcrd_other,0.4978881415996667,42
37.5Hz11kN,Bearing2_4,v_spec_level_5_area_concentration,hcrd_other,-0.3809804376684797,42
37.5Hz11kN,Bearing2_4,v_spec_level_5_weighted_shape_factor,hcrd_other,-0.37093469654873973,42
37.5Hz11kN,Bearing2_4,v_spec_level_5_mean_duration_fraction,hcrd_other,-0.1909565358360112,42
37.5Hz11kN,Bearing2_5,h_mean,standard,0.07495202511019593,339
37.5Hz11kN,Bearing2_5,h_std,standard,0.906718640747392,339
37.5Hz11kN,Bearing2_5,h_variance,standard,0.906718640747392,339
37.5Hz11kN,Bearing2_5,h_rms,standard,0.9067343500210997,339
37.5Hz11kN,Bearing2_5,h_peak,standard,0.9091683633709021,339
37.5Hz11kN,Bearing2_5,h_peak_to_peak,standard,0.910678917846659,339
37.5Hz11kN,Bearing2_5,h_crest_factor,standard,-0.7450954723408975,339
37.5Hz11kN,Bearing2_5,h_shape_factor,standard,-0.7686461378288552,339
37.5Hz11kN,Bearing2_5,h_impulse_factor,standard,-0.7585342939605543,339
37.5Hz11kN,Bearing2_5,h_clearance_factor,standard,-0.7641637583975309,339
37.5Hz11kN,Bearing2_5,h_kurtosis,standard,-0.7655443263339791,339
37.5Hz11kN,Bearing2_5,h_skewness,standard,0.5411102452186823,339
37.5Hz11kN,Bearing2_5,h_line_integral,standard,0.9110879750130141,339
37.5Hz11kN,Bearing2_5,h_zero_crossing_rate,standard,-0.4272260943168803,339
37.5Hz11kN,Bearing2_5,h_entropy,standard,0.819565130340768,339
37.5Hz11kN,Bearing2_5,h_percentile_5,standard,-0.9073547123200749,339
37.5Hz11kN,Bearing2_5,h_percentile_50,standard,0.060025134837932655,339
37.5Hz11kN,Bearing2_5,h_percentile_95,standard,0.9077668497361766,339
37.5Hz11kN,Bearing2_5,v_mean,standard,0.03011621782294108,339
37.5Hz11kN,Bearing2_5,v_std,standard,0.9026471666322704,339
37.5Hz11kN,Bearing2_5,v_variance,standard,0.9026471666322704,339
37.5Hz11kN,Bearing2_5,v_rms,standard,0.9027463506741126,339
37.5Hz11kN,Bearing2_5,v_peak,standard,0.8750487449522407,339
37.5Hz11kN,Bearing2_5,v_peak_to_peak,standard,0.8767856977843763,339
37.5Hz11kN,Bearing2_5,v_crest_factor,standard,-0.8676564535852567,339
37.5Hz11kN,Bearing2_5,v_shape_factor,standard,-0.8398405662731133,339
37.5Hz11kN,Bearing2_5,v_impulse_factor,standard,-0.8760698477432549,339
37.5Hz11kN,Bearing2_5,v_clearance_factor,standard,-0.8782223262662135,339
37.5Hz11kN,Bearing2_5,v_kurtosis,standard,-0.8689362973549897,339
37.5Hz11kN,Bearing2_5,v_skewness,standard,0.2357154958124005,339
37.5Hz11kN,Bearing2_5,v_line_integral,standard,0.9119941844884784,339
37.5Hz11kN,Bearing2_5,v_zero_crossing_rate,standard,-0.5682456337198906,339
37.5Hz11kN,Bearing2_5,v_entropy,standard,0.8876063071193813,339
37.5Hz11kN,Bearing2_5,v_percentile_5,standard,-0.9047210987866896,339
37.5Hz11kN,Bearing2_5,v_percentile_50,standard,0.07824112181472334,339
37.5Hz11kN,Bearing2_5,v_percentile_95,standard,0.9047263352112589,339
37.5Hz11kN,Bearing2_5,cross_correlation,standard,-0.5049641304917003,339
37.5Hz11kN,Bearing2_5,h_spectral_centroid,standard,0.6817852511481631,339
37.5Hz11kN,Bearing2_5,h_spectral_bandwidth,standard,-0.37293784980086186,339
37.5Hz11kN,Bearing2_5,h_spectral_rolloff,standard,0.08915036261470614,339
37.5Hz11kN,Bearing2_5,h_spectral_flatness,standard,-0.30748007848476355,339
37.5Hz11kN,Bearing2_5,h_band_power_0_1k,standard,0.9422259116769187,339
37.5Hz11kN,Bearing2_5,h_band_power_1_3k,standard,0.8973383561939201,339
37.5Hz11kN,Bearing2_5,h_band_power_3_6k,standard,0.9028674044891559,339
37.5Hz11kN,Bearing2_5,h_band_power_6_12k,standard,0.911874978823283,339
37.5Hz11kN,Bearing2_5,h_dominant_frequency,standard,-0.3165914865645421,339
37.5Hz11kN,Bearing2_5,h_mean_frequency,standard,-0.24105480072324262,339
37.5Hz11kN,Bearing2_5,h_bpfo_band_power,standard,0.623975123903046,339
37.5Hz11kN,Bearing2_5,h_bpfi_band_power,standard,0.22703874030106364,339
37.5Hz11kN,Bearing2_5,h_bsf_band_power,standard,-0.6003274305480689,339
37.5Hz11kN,Bearing2_5,h_ftf_band_power,standard,0.010698015395088233,339
37.5Hz11kN,Bearing2_5,v_spectral_centroid,standard,0.7862423725315648,339
37.5Hz11kN,Bearing2_5,v_spectral_bandwidth,standard,-0.21544498827964972,339
37.5Hz11kN,Bearing2_5,v_spectral_rolloff,standard,0.4772591198162145,339
37.5Hz11kN,Bearing2_5,v_spectral_flatness,standard,-0.2848904509177604,339
37.5Hz11kN,Bearing2_5,v_band_power_0_1k,standard,0.9290110242138432,339
37.5Hz11kN,Bearing2_5,v_band_power_1_3k,standard,0.8511401544437223,339
37.5Hz11kN,Bearing2_5,v_band_power_3_6k,standard,0.9052324202446335,339
37.5Hz11kN,Bearing2_5,v_band_power_6_12k,standard,0.9123086779876112,339
37.5Hz11kN,Bearing2_5,v_dominant_frequency,standard,-0.7085551509575628,339
37.5Hz11kN,Bearing2_5,v_mean_frequency,standard,-0.4817073208295728,339
37.5Hz11kN,Bearing2_5,v_bpfo_band_power,standard,0.8314191634657737,339
37.5Hz11kN,Bearing2_5,v_bpfi_band_power,standard,0.7204895132897375,339
37.5Hz11kN,Bearing2_5,v_bsf_band_power,standard,0.8354801647317565,339
37.5Hz11kN,Bearing2_5,v_ftf_band_power,standard,0.7171231083416243,339
37.5Hz11kN,Bearing2_5,h_env_level_0_log1p_structure_count,hcrd_other,0.8259250933646451,339
37.5Hz11kN,Bearing2_5,h_env_level_0_knot_fraction,hcrd_other,0.8259250933646451,339
37.5Hz11kN,Bearing2_5,h_env_level_0_log1p_polygon_area,hcrd_exact_polygon_mass,0.7811710493486811,339
37.5Hz11kN,Bearing2_5,h_env_level_0_log1p_quadratic_energy,hcrd_other,0.7826717470252487,339
37.5Hz11kN,Bearing2_5,h_env_level_0_log1p_triangle_area,hcrd_other,0.8028769532633705,339
37.5Hz11kN,Bearing2_5,h_env_level_0_log1p_peak_amplitude,hcrd_other,0.7575581628158411,339
37.5Hz11kN,Bearing2_5,h_env_level_0_log1p_mean_amplitude,hcrd_other,0.8104592960397228,339
37.5Hz11kN,Bearing2_5,h_env_level_0_positive_area_fraction,hcrd_other,0.17330193532091578,339
37.5Hz11kN,Bearing2_5,h_env_level_0_sign_balance,hcrd_other,0.17330193532091578,339
37.5Hz11kN,Bearing2_5,h_env_level_0_area_concentration,hcrd_other,-0.8131314126949413,339
37.5Hz11kN,Bearing2_5,h_env_level_0_weighted_shape_factor,hcrd_other,-0.8172017268830846,339
37.5Hz11kN,Bearing2_5,h_env_level_0_mean_duration_fraction,hcrd_other,-0.8260617674222651,339
37.5Hz11kN,Bearing2_5,h_env_level_1_log1p_structure_count,hcrd_other,0.3763451798189938,339
37.5Hz11kN,Bearing2_5,h_env_level_1_knot_fraction,hcrd_other,0.3763451798189938,339
37.5Hz11kN,Bearing2_5,h_env_level_1_log1p_polygon_area,hcrd_exact_polygon_mass,0.7375812030839459,339
37.5Hz11kN,Bearing2_5,h_env_level_1_log1p_quadratic_energy,hcrd_other,0.7500885571802162,339
37.5Hz11kN,Bearing2_5,h_env_level_1_log1p_triangle_area,hcrd_other,0.7292780818668778,339
37.5Hz11kN,Bearing2_5,h_env_level_1_log1p_peak_amplitude,hcrd_other,0.731066782894757,339
37.5Hz11kN,Bearing2_5,h_env_level_1_log1p_mean_amplitude,hcrd_other,0.7296224537885532,339
37.5Hz11kN,Bearing2_5,h_env_level_1_positive_area_fraction,hcrd_other,0.06514913029148403,339
37.5Hz11kN,Bearing2_5,h_env_level_1_sign_balance,hcrd_other,0.06514913029148403,339
37.5Hz11kN,Bearing2_5,h_env_level_1_area_concentration,hcrd_other,0.014207959981395292,339
37.5Hz11kN,Bearing2_5,h_env_level_1_weighted_shape_factor,hcrd_other,0.6482115259971594,339
37.5Hz11kN,Bearing2_5,h_env_level_1_mean_duration_fraction,hcrd_other,-0.3763451798189938,339
37.5Hz11kN,Bearing2_5,h_env_level_2_log1p_structure_count,hcrd_other,0.41225579642217985,339
37.5Hz11kN,Bearing2_5,h_env_level_2_knot_fraction,hcrd_other,0.41225579642217985,339
37.5Hz11kN,Bearing2_5,h_env_level_2_log1p_polygon_area,hcrd_exact_polygon_mass,0.7807361180844543,339
37.5Hz11kN,Bearing2_5,h_env_level_2_log1p_quadratic_energy,hcrd_other,0.7855465441137968,339
37.5Hz11kN,Bearing2_5,h_env_level_2_log1p_triangle_area,hcrd_other,0.7833789723670795,339
37.5Hz11kN,Bearing2_5,h_env_level_2_log1p_peak_amplitude,hcrd_other,0.7527674503848771,339
37.5Hz11kN,Bearing2_5,h_env_level_2_log1p_mean_amplitude,hcrd_other,0.7885205252441868,339
37.5Hz11kN,Bearing2_5,h_env_level_2_positive_area_fraction,hcrd_other,-0.062288502351770685,339
37.5Hz11kN,Bearing2_5,h_env_level_2_sign_balance,hcrd_other,-0.062288502351770685,339
37.5Hz11kN,Bearing2_5,h_env_level_2_area_concentration,hcrd_other,-0.26588839023067995,339
37.5Hz11kN,Bearing2_5,h_env_level_2_weighted_shape_factor,hcrd_other,-0.19678067147116096,339
37.5Hz11kN,Bearing2_5,h_env_level_2_mean_duration_fraction,hcrd_other,-0.41075805620931055,339
37.5Hz11kN,Bearing2_5,h_env_level_3_log1p_structure_count,hcrd_other,0.19373183362297738,339
37.5Hz11kN,Bearing2_5,h_env_level_3_knot_fraction,hcrd_other,0.19373183362297738,339
37.5Hz11kN,Bearing2_5,h_env_level_3_log1p_polygon_area,hcrd_exact_polygon_mass,0.7433797732320137,339
37.5Hz11kN,Bearing2_5,h_env_level_3_log1p_quadratic_energy,hcrd_other,0.7403848464033463,339
37.5Hz11kN,Bearing2_5,h_env_level_3_log1p_triangle_area,hcrd_other,0.7434367578523267,339
37.5Hz11kN,Bearing2_5,h_env_level_3_log1p_peak_amplitude,hcrd_other,0.702181432870577,339
37.5Hz11kN,Bearing2_5,h_env_level_3_log1p_mean_amplitude,hcrd_other,0.7458787798514703,339
37.5Hz11kN,Bearing2_5,h_env_level_3_positive_area_fraction,hcrd_other,-0.04816771343820557,339
37.5Hz11kN,Bearing2_5,h_env_level_3_sign_balance,hcrd_other,-0.04816771343820557,339
37.5Hz11kN,Bearing2_5,h_env_level_3_area_concentration,hcrd_other,-0.16538014902248274,339
37.5Hz11kN,Bearing2_5,h_env_level_3_weighted_shape_factor,hcrd_other,0.024587778643276662,339
37.5Hz11kN,Bearing2_5,h_env_level_3_mean_duration_fraction,hcrd_other,-0.19373183362297738,339
37.5Hz11kN,Bearing2_5,h_env_level_4_log1p_structure_count,hcrd_other,0.22052167685299348,339
37.5Hz11kN,Bearing2_5,h_env_level_4_knot_fraction,hcrd_other,0.22052167685299348,339
37.5Hz11kN,Bearing2_5,h_env_level_4_log1p_polygon_area,hcrd_exact_polygon_mass,0.6802731565475328,339
37.5Hz11kN,Bearing2_5,h_env_level_4_log1p_quadratic_energy,hcrd_other,0.6864850962116007,339
37.5Hz11kN,Bearing2_5,h_env_level_4_log1p_triangle_area,hcrd_other,0.6943887090365286,339
37.5Hz11kN,Bearing2_5,h_env_level_4_log1p_peak_amplitude,hcrd_other,0.6812077043206664,339
37.5Hz11kN,Bearing2_5,h_env_level_4_log1p_mean_amplitude,hcrd_other,0.6981808044996288,339
37.5Hz11kN,Bearing2_5,h_env_level_4_positive_area_fraction,hcrd_other,-0.012843999960599954,339
37.5Hz11kN,Bearing2_5,h_env_level_4_sign_balance,hcrd_other,-0.012625111024886233,339
37.5Hz11kN,Bearing2_5,h_env_level_4_area_concentration,hcrd_other,-0.19831602746350677,339
37.5Hz11kN,Bearing2_5,h_env_level_4_weighted_shape_factor,hcrd_other,-0.07779452569763186,339
37.5Hz11kN,Bearing2_5,h_env_level_4_mean_duration_fraction,hcrd_other,-0.22052167685299348,339
37.5Hz11kN,Bearing2_5,h_env_level_5_log1p_structure_count,hcrd_other,0.15594507281513953,339
37.5Hz11kN,Bearing2_5,h_env_level_5_knot_fraction,hcrd_other,0.15594507281513953,339
37.5Hz11kN,Bearing2_5,h_env_level_5_log1p_polygon_area,hcrd_exact_polygon_mass,0.4963341947765124,339
37.5Hz11kN,Bearing2_5,h_env_level_5_log1p_quadratic_energy,hcrd_other,0.5071729775850226,339
37.5Hz11kN,Bearing2_5,h_env_level_5_log1p_triangle_area,hcrd_other,0.5093901413526608,339
37.5Hz11kN,Bearing2_5,h_env_level_5_log1p_peak_amplitude,hcrd_other,0.5266823554053762,339
37.5Hz11kN,Bearing2_5,h_env_level_5_log1p_mean_amplitude,hcrd_other,0.5129324285613077,339
37.5Hz11kN,Bearing2_5,h_env_level_5_positive_area_fraction,hcrd_other,0.0017827260198882257,339
37.5Hz11kN,Bearing2_5,h_env_level_5_sign_balance,hcrd_other,0.004352685326918124,339
37.5Hz11kN,Bearing2_5,h_env_level_5_area_concentration,hcrd_other,-0.1105048837359733,339
37.5Hz11kN,Bearing2_5,h_env_level_5_weighted_shape_factor,hcrd_other,0.0381052316309089,339
37.5Hz11kN,Bearing2_5,h_env_level_5_mean_duration_fraction,hcrd_other,-0.15594507281513953,339
37.5Hz11kN,Bearing2_5,h_spec_level_0_log1p_structure_count,hcrd_other,0.8101935769193154,339
37.5Hz11kN,Bearing2_5,h_spec_level_0_knot_fraction,hcrd_other,0.8101935769193154,339
37.5Hz11kN,Bearing2_5,h_spec_level_0_log1p_polygon_area,hcrd_exact_polygon_mass,0.9287174764129876,339
37.5Hz11kN,Bearing2_5,h_spec_level_0_log1p_quadratic_energy,hcrd_other,0.9100406900991531,339
37.5Hz11kN,Bearing2_5,h_spec_level_0_log1p_triangle_area,hcrd_other,0.9341605857402918,339
37.5Hz11kN,Bearing2_5,h_spec_level_0_log1p_peak_amplitude,hcrd_other,0.8223693897101176,339
37.5Hz11kN,Bearing2_5,h_spec_level_0_log1p_mean_amplitude,hcrd_other,0.9384507575874252,339
37.5Hz11kN,Bearing2_5,h_spec_level_0_positive_area_fraction,hcrd_other,-0.17764939981333686,339
37.5Hz11kN,Bearing2_5,h_spec_level_0_sign_balance,hcrd_other,-0.17764939981333686,339
37.5Hz11kN,Bearing2_5,h_spec_level_0_area_concentration,hcrd_other,-0.7474444707976923,339
37.5Hz11kN,Bearing2_5,h_spec_level_0_weighted_shape_factor,hcrd_other,-0.873669409115691,339
37.5Hz11kN,Bearing2_5,h_spec_level_0_mean_duration_fraction,hcrd_other,-0.8101935769193154,339
37.5Hz11kN,Bearing2_5,h_spec_level_1_log1p_structure_count,hcrd_other,0.6011168358538421,339
37.5Hz11kN,Bearing2_5,h_spec_level_1_knot_fraction,hcrd_other,0.6011168358538421,339
37.5Hz11kN,Bearing2_5,h_spec_level_1_log1p_polygon_area,hcrd_exact_polygon_mass,0.7178287935585816,339
37.5Hz11kN,Bearing2_5,h_spec_level_1_log1p_quadratic_energy,hcrd_other,0.6273479973756272,339
37.5Hz11kN,Bearing2_5,h_spec_level_1_log1p_triangle_area,hcrd_other,0.7470646760039303,339
37.5Hz11kN,Bearing2_5,h_spec_level_1_log1p_peak_amplitude,hcrd_other,0.19592205736041077,339
37.5Hz11kN,Bearing2_5,h_spec_level_1_log1p_mean_amplitude,hcrd_other,0.7479212934584736,339
37.5Hz11kN,Bearing2_5,h_spec_level_1_positive_area_fraction,hcrd_other,-0.4704557845550117,339
37.5Hz11kN,Bearing2_5,h_spec_level_1_sign_balance,hcrd_other,-0.4704557845550117,339
37.5Hz11kN,Bearing2_5,h_spec_level_1_area_concentration,hcrd_other,-0.009599290310458372,339
37.5Hz11kN,Bearing2_5,h_spec_level_1_weighted_shape_factor,hcrd_other,-0.0715588219892869,339
37.5Hz11kN,Bearing2_5,h_spec_level_1_mean_duration_fraction,hcrd_other,-0.6009937239171006,339
37.5Hz11kN,Bearing2_5,h_spec_level_2_log1p_structure_count,hcrd_other,0.5844087985449825,339
37.5Hz11kN,Bearing2_5,h_spec_level_2_knot_fraction,hcrd_other,0.5844087985449825,339
37.5Hz11kN,Bearing2_5,h_spec_level_2_log1p_polygon_area,hcrd_exact_polygon_mass,0.4500947176797095,339
37.5Hz11kN,Bearing2_5,h_spec_level_2_log1p_quadratic_energy,hcrd_other,0.563889616170079,339
37.5Hz11kN,Bearing2_5,h_spec_level_2_log1p_triangle_area,hcrd_other,0.5530745512846181,339
37.5Hz11kN,Bearing2_5,h_spec_level_2_log1p_peak_amplitude,hcrd_other,0.6324793854285706,339
37.5Hz11kN,Bearing2_5,h_spec_level_2_log1p_mean_amplitude,hcrd_other,0.658154807191767,339
37.5Hz11kN,Bearing2_5,h_spec_level_2_positive_area_fraction,hcrd_other,0.03240176313495498,339
37.5Hz11kN,Bearing2_5,h_spec_level_2_sign_balance,hcrd_other,0.03240176313495498,339
37.5Hz11kN,Bearing2_5,h_spec_level_2_area_concentration,hcrd_other,-0.15016956774855306,339
37.5Hz11kN,Bearing2_5,h_spec_level_2_weighted_shape_factor,hcrd_other,-0.478544249215635,339
37.5Hz11kN,Bearing2_5,h_spec_level_2_mean_duration_fraction,hcrd_other,-0.58315669446612,339
37.5Hz11kN,Bearing2_5,h_spec_level_3_log1p_structure_count,hcrd_other,0.3869283985945687,339
37.5Hz11kN,Bearing2_5,h_spec_level_3_knot_fraction,hcrd_other,0.3869283985945687,339
37.5Hz11kN,Bearing2_5,h_spec_level_3_log1p_polygon_area,hcrd_exact_polygon_mass,0.13757411850952875,339
37.5Hz11kN,Bearing2_5,h_spec_level_3_log1p_quadratic_energy,hcrd_other,0.21104084719189029,339
37.5Hz11kN,Bearing2_5,h_spec_level_3_log1p_triangle_area,hcrd_other,0.19012471931224184,339
37.5Hz11kN,Bearing2_5,h_spec_level_3_log1p_peak_amplitude,hcrd_other,0.384316292364985,339
37.5Hz11kN,Bearing2_5,h_spec_level_3_log1p_mean_amplitude,hcrd_other,0.2910312368126807,339
37.5Hz11kN,Bearing2_5,h_spec_level_3_positive_area_fraction,hcrd_other,-0.2032678369562204,339
37.5Hz11kN,Bearing2_5,h_spec_level_3_sign_balance,hcrd_other,-0.2032678369562204,339
37.5Hz11kN,Bearing2_5,h_spec_level_3_area_concentration,hcrd_other,-0.14492451847995835,339
37.5Hz11kN,Bearing2_5,h_spec_level_3_weighted_shape_factor,hcrd_other,-0.11304859697372922,339
37.5Hz11kN,Bearing2_5,h_spec_level_3_mean_duration_fraction,hcrd_other,-0.3863386069149577,339
37.5Hz11kN,Bearing2_5,h_spec_level_4_log1p_structure_count,hcrd_other,0.20389101653188618,339
37.5Hz11kN,Bearing2_5,h_spec_level_4_knot_fraction,hcrd_other,0.20389101653188618,339
37.5Hz11kN,Bearing2_5,h_spec_level_4_log1p_polygon_area,hcrd_exact_polygon_mass,0.3831482616610554,339
37.5Hz11kN,Bearing2_5,h_spec_level_4_log1p_quadratic_energy,hcrd_other,0.48342610018820326,339
37.5Hz11kN,Bearing2_5,h_spec_level_4_log1p_triangle_area,hcrd_other,0.3859703864789357,339
37.5Hz11kN,Bearing2_5,h_spec_level_4_log1p_peak_amplitude,hcrd_other,0.5039898474968351,339
37.5Hz11kN,Bearing2_5,h_spec_level_4_log1p_mean_amplitude,hcrd_other,0.39289417185945436,339
37.5Hz11kN,Bearing2_5,h_spec_level_4_positive_area_fraction,hcrd_other,0.08512471046612756,339
37.5Hz11kN,Bearing2_5,h_spec_level_4_sign_balance,hcrd_other,0.08512471046612756,339
37.5Hz11kN,Bearing2_5,h_spec_level_4_area_concentration,hcrd_other,0.11142279816047485,339
37.5Hz11kN,Bearing2_5,h_spec_level_4_weighted_shape_factor,hcrd_other,0.14415542789119717,339
37.5Hz11kN,Bearing2_5,h_spec_level_4_mean_duration_fraction,hcrd_other,-0.20389101653188618,339
37.5Hz11kN,Bearing2_5,h_spec_level_5_log1p_structure_count,hcrd_other,0.0793098690724919,339
37.5Hz11kN,Bearing2_5,h_spec_level_5_knot_fraction,hcrd_other,0.0793098690724919,339
37.5Hz11kN,Bearing2_5,h_spec_level_5_log1p_polygon_area,hcrd_exact_polygon_mass,0.21938832400531036,339
37.5Hz11kN,Bearing2_5,h_spec_level_5_log1p_quadratic_energy,hcrd_other,0.30888806064395696,339
37.5Hz11kN,Bearing2_5,h_spec_level_5_log1p_triangle_area,hcrd_other,0.21234902925929233,339
37.5Hz11kN,Bearing2_5,h_spec_level_5_log1p_peak_amplitude,hcrd_other,0.39529707468681563,339
37.5Hz11kN,Bearing2_5,h_spec_level_5_log1p_mean_amplitude,hcrd_other,0.252568158226269,339
37.5Hz11kN,Bearing2_5,h_spec_level_5_positive_area_fraction,hcrd_other,-0.10608321284521186,339
37.5Hz11kN,Bearing2_5,h_spec_level_5_sign_balance,hcrd_other,-0.10608321284521186,339
37.5Hz11kN,Bearing2_5,h_spec_level_5_area_concentration,hcrd_other,0.13177043562758317,339
37.5Hz11kN,Bearing2_5,h_spec_level_5_weighted_shape_factor,hcrd_other,0.14980115426411456,339
37.5Hz11kN,Bearing2_5,h_spec_level_5_mean_duration_fraction,hcrd_other,-0.0793098690724919,339
37.5Hz11kN,Bearing2_5,v_env_level_0_log1p_structure_count,hcrd_other,0.5445341075858419,339
37.5Hz11kN,Bearing2_5,v_env_level_0_knot_fraction,hcrd_other,0.5445341075858419,339
37.5Hz11kN,Bearing2_5,v_env_level_0_log1p_polygon_area,hcrd_exact_polygon_mass,0.6271847441390548,339
37.5Hz11kN,Bearing2_5,v_env_level_0_log1p_quadratic_energy,hcrd_other,0.6265280348930691,339
37.5Hz11kN,Bearing2_5,v_env_level_0_log1p_triangle_area,hcrd_other,0.6418063816614251,339
37.5Hz11kN,Bearing2_5,v_env_level_0_log1p_peak_amplitude,hcrd_other,0.678495852443716,339
37.5Hz11kN,Bearing2_5,v_env_level_0_log1p_mean_amplitude,hcrd_other,0.6506670280826369,339
37.5Hz11kN,Bearing2_5,v_env_level_0_positive_area_fraction,hcrd_other,-0.3889733219569443,339
37.5Hz11kN,Bearing2_5,v_env_level_0_sign_balance,hcrd_other,-0.3889733219569443,339
37.5Hz11kN,Bearing2_5,v_env_level_0_area_concentration,hcrd_other,-0.6178278694836578,339
37.5Hz11kN,Bearing2_5,v_env_level_0_weighted_shape_factor,hcrd_other,-0.5462475983660882,339
37.5Hz11kN,Bearing2_5,v_env_level_0_mean_duration_fraction,hcrd_other,-0.5445341075858419,339
37.5Hz11kN,Bearing2_5,v_env_level_1_log1p_structure_count,hcrd_other,0.22208939249978416,339
37.5Hz11kN,Bearing2_5,v_env_level_1_knot_fraction,hcrd_other,0.22208939249978416,339
37.5Hz11kN,Bearing2_5,v_env_level_1_log1p_polygon_area,hcrd_exact_polygon_mass,0.661871744561049,339
37.5Hz11kN,Bearing2_5,v_env_level_1_log1p_quadratic_energy,hcrd_other,0.6590416110938275,339
37.5Hz11kN,Bearing2_5,v_env_level_1_log1p_triangle_area,hcrd_other,0.6561129096347131,339
37.5Hz11kN,Bearing2_5,v_env_level_1_log1p_peak_amplitude,hcrd_other,0.6549356381815438,339
37.5Hz11kN,Bearing2_5,v_env_level_1_log1p_mean_amplitude,hcrd_other,0.6485324150082088,339
37.5Hz11kN,Bearing2_5,v_env_level_1_positive_area_fraction,hcrd_other,-0.2072053202073624,339
37.5Hz11kN,Bearing2_5,v_env_level_1_sign_balance,hcrd_other,-0.2072053202073624,339
37.5Hz11kN,Bearing2_5,v_env_level_1_area_concentration,hcrd_other,0.030529895363916103,339
37.5Hz11kN,Bearing2_5,v_env_level_1_weighted_shape_factor,hcrd_other,0.43403122171847563,339
37.5Hz11kN,Bearing2_5,v_env_level_1_mean_duration_fraction,hcrd_other,-0.22208939249978416,339
37.5Hz11kN,Bearing2_5,v_env_level_2_log1p_structure_count,hcrd_other,0.2860891413543197,339
37.5Hz11kN,Bearing2_5,v_env_level_2_knot_fraction,hcrd_other,0.2860891413543197,339
37.5Hz11kN,Bearing2_5,v_env_level_2_log1p_polygon_area,hcrd_exact_polygon_mass,0.6819805389821006,339
37.5Hz11kN,Bearing2_5,v_env_level_2_log1p_quadratic_energy,hcrd_other,0.6787274872246641,339
37.5Hz11kN,Bearing2_5,v_env_level_2_log1p_triangle_area,hcrd_other,0.6850638689784967,339
37.5Hz11kN,Bearing2_5,v_env_level_2_log1p_peak_amplitude,hcrd_other,0.6666858668900875,339
37.5Hz11kN,Bearing2_5,v_env_level_2_log1p_mean_amplitude,hcrd_other,0.686509738209574,339
37.5Hz11kN,Bearing2_5,v_env_level_2_positive_area_fraction,hcrd_other,-0.06537984099750807,339
37.5Hz11kN,Bearing2_5,v_env_level_2_sign_balance,hcrd_other,-0.06537984099750807,339
37.5Hz11kN,Bearing2_5,v_env_level_2_area_concentration,hcrd_other,-0.32666695415664304,339
37.5Hz11kN,Bearing2_5,v_env_level_2_weighted_shape_factor,hcrd_other,-0.1887652288169297,339
37.5Hz11kN,Bearing2_5,v_env_level_2_mean_duration_fraction,hcrd_other,-0.2884061245536498,339
37.5Hz11kN,Bearing2_5,v_env_level_3_log1p_structure_count,hcrd_other,0.1742150412186337,339
37.5Hz11kN,Bearing2_5,v_env_level_3_knot_fraction,hcrd_other,0.1742150412186337,339
37.5Hz11kN,Bearing2_5,v_env_level_3_log1p_polygon_area,hcrd_exact_polygon_mass,0.6796749720467335,339
37.5Hz11kN,Bearing2_5,v_env_level_3_log1p_quadratic_energy,hcrd_other,0.683940193870919,339
37.5Hz11kN,Bearing2_5,v_env_level_3_log1p_triangle_area,hcrd_other,0.677952496388407,339
37.5Hz11kN,Bearing2_5,v_env_level_3_log1p_peak_amplitude,hcrd_other,0.6598116735304899,339
37.5Hz11kN,Bearing2_5,v_env_level_3_log1p_mean_amplitude,hcrd_other,0.6828889046323875,339
37.5Hz11kN,Bearing2_5,v_env_level_3_positive_area_fraction,hcrd_other,-0.02746874316569587,339
37.5Hz11kN,Bearing2_5,v_env_level_3_sign_balance,hcrd_other,-0.02746874316569587,339
37.5Hz11kN,Bearing2_5,v_env_level_3_area_concentration,hcrd_other,-0.033654192681942655,339
37.5Hz11kN,Bearing2_5,v_env_level_3_weighted_shape_factor,hcrd_other,0.09471521762059792,339
37.5Hz11kN,Bearing2_5,v_env_level_3_mean_duration_fraction,hcrd_other,-0.1742150412186337,339
37.5Hz11kN,Bearing2_5,v_env_level_4_log1p_structure_count,hcrd_other,0.14228482177974255,339
37.5Hz11kN,Bearing2_5,v_env_level_4_knot_fraction,hcrd_other,0.14228482177974255,339
37.5Hz11kN,Bearing2_5,v_env_level_4_log1p_polygon_area,hcrd_exact_polygon_mass,0.6404544600476207,339
37.5Hz11kN,Bearing2_5,v_env_level_4_log1p_quadratic_energy,hcrd_other,0.6520620731928944,339
37.5Hz11kN,Bearing2_5,v_env_level_4_log1p_triangle_area,hcrd_other,0.643803307572178,339
37.5Hz11kN,Bearing2_5,v_env_level_4_log1p_peak_amplitude,hcrd_other,0.6599102415223826,339
37.5Hz11kN,Bearing2_5,v_env_level_4_log1p_mean_amplitude,hcrd_other,0.6539370212136799,339
37.5Hz11kN,Bearing2_5,v_env_level_4_positive_area_fraction,hcrd_other,0.030391175027362764,339
37.5Hz11kN,Bearing2_5,v_env_level_4_sign_balance,hcrd_other,0.030505695291564723,339
37.5Hz11kN,Bearing2_5,v_env_level_4_area_concentration,hcrd_other,-0.09399566916885621,339
37.5Hz11kN,Bearing2_5,v_env_level_4_weighted_shape_factor,hcrd_other,-0.051687389818729015,339
37.5Hz11kN,Bearing2_5,v_env_level_4_mean_duration_fraction,hcrd_other,-0.14228482177974255,339
37.5Hz11kN,Bearing2_5,v_env_level_5_log1p_structure_count,hcrd_other,0.1438103352645753,339
37.5Hz11kN,Bearing2_5,v_env_level_5_knot_fraction,hcrd_other,0.1438103352645753,339
37.5Hz11kN,Bearing2_5,v_env_level_5_log1p_polygon_area,hcrd_exact_polygon_mass,0.6015887928193218,339
37.5Hz11kN,Bearing2_5,v_env_level_5_log1p_quadratic_energy,hcrd_other,0.6193378079094652,339
37.5Hz11kN,Bearing2_5,v_env_level_5_log1p_triangle_area,hcrd_other,0.6077822509849098,339
37.5Hz11kN,Bearing2_5,v_env_level_5_log1p_peak_amplitude,hcrd_other,0.63220401110122,339
37.5Hz11kN,Bearing2_5,v_env_level_5_log1p_mean_amplitude,hcrd_other,0.5877772609803202,339
37.5Hz11kN,Bearing2_5,v_env_level_5_positive_area_fraction,hcrd_other,0.05842185353563401,339
37.5Hz11kN,Bearing2_5,v_env_level_5_sign_balance,hcrd_other,0.058088325645907504,339
37.5Hz11kN,Bearing2_5,v_env_level_5_area_concentration,hcrd_other,0.06028788014132186,339
37.5Hz11kN,Bearing2_5,v_env_level_5_weighted_shape_factor,hcrd_other,-0.03081537132874302,339
37.5Hz11kN,Bearing2_5,v_env_level_5_mean_duration_fraction,hcrd_other,-0.1438103352645753,339
37.5Hz11kN,Bearing2_5,v_spec_level_0_log1p_structure_count,hcrd_other,0.7398316876390129,339
37.5Hz11kN,Bearing2_5,v_spec_level_0_knot_fraction,hcrd_other,0.7398316876390129,339
37.5Hz11kN,Bearing2_5,v_spec_level_0_log1p_polygon_area,hcrd_exact_polygon_mass,0.9309645186031684,339
37.5Hz11kN,Bearing2_5,v_spec_level_0_log1p_quadratic_energy,hcrd_other,0.9404181131006103,339
37.5Hz11kN,Bearing2_5,v_spec_level_0_log1p_triangle_area,hcrd_other,0.9344938687628793,339
37.5Hz11kN,Bearing2_5,v_spec_level_0_log1p_peak_amplitude,hcrd_other,0.9308739592606169,339
37.5Hz11kN,Bearing2_5,v_spec_level_0_log1p_mean_amplitude,hcrd_other,0.938005969524009,339
37.5Hz11kN,Bearing2_5,v_spec_level_0_positive_area_fraction,hcrd_other,0.021344898644382087,339
37.5Hz11kN,Bearing2_5,v_spec_level_0_sign_balance,hcrd_other,0.021344898644382087,339
37.5Hz11kN,Bearing2_5,v_spec_level_0_area_concentration,hcrd_other,-0.5896358836774485,339
37.5Hz11kN,Bearing2_5,v_spec_level_0_weighted_shape_factor,hcrd_other,-0.81611124629985,339
37.5Hz11kN,Bearing2_5,v_spec_level_0_mean_duration_fraction,hcrd_other,-0.7398316876390129,339
37.5Hz11kN,Bearing2_5,v_spec_level_1_log1p_structure_count,hcrd_other,0.4184580744582007,339
37.5Hz11kN,Bearing2_5,v_spec_level_1_knot_fraction,hcrd_other,0.4184580744582007,339
37.5Hz11kN,Bearing2_5,v_spec_level_1_log1p_polygon_area,hcrd_exact_polygon_mass,0.7158903923930152,339
37.5Hz11kN,Bearing2_5,v_spec_level_1_log1p_quadratic_energy,hcrd_other,0.7649563066573437,339
37.5Hz11kN,Bearing2_5,v_spec_level_1_log1p_triangle_area,hcrd_other,0.7350350686433655,339
37.5Hz11kN,Bearing2_5,v_spec_level_1_log1p_peak_amplitude,hcrd_other,0.7547797775443632,339
37.5Hz11kN,Bearing2_5,v_spec_level_1_log1p_mean_amplitude,hcrd_other,0.7337607693231767,339
37.5Hz11kN,Bearing2_5,v_spec_level_1_positive_area_fraction,hcrd_other,-0.09241118869917973,339
37.5Hz11kN,Bearing2_5,v_spec_level_1_sign_balance,hcrd_other,-0.09241118869917973,339
37.5Hz11kN,Bearing2_5,v_spec_level_1_area_concentration,hcrd_other,0.3294992437986872,339
37.5Hz11kN,Bearing2_5,v_spec_level_1_weighted_shape_factor,hcrd_other,0.19474047355759605,339
37.5Hz11kN,Bearing2_5,v_spec_level_1_mean_duration_fraction,hcrd_other,-0.4175073035209177,339
37.5Hz11kN,Bearing2_5,v_spec_level_2_log1p_structure_count,hcrd_other,0.4559022356645942,339
37.5Hz11kN,Bearing2_5,v_spec_level_2_knot_fraction,hcrd_other,0.4559022356645942,339
37.5Hz11kN,Bearing2_5,v_spec_level_2_log1p_polygon_area,hcrd_exact_polygon_mass,0.5189614013904247,339
37.5Hz11kN,Bearing2_5,v_spec_level_2_log1p_quadratic_energy,hcrd_other,0.6293008757150029,339
37.5Hz11kN,Bearing2_5,v_spec_level_2_log1p_triangle_area,hcrd_other,0.5806119840196643,339
37.5Hz11kN,Bearing2_5,v_spec_level_2_log1p_peak_amplitude,hcrd_other,0.7262187778185055,339
37.5Hz11kN,Bearing2_5,v_spec_level_2_log1p_mean_amplitude,hcrd_other,0.5975699909748682,339
37.5Hz11kN,Bearing2_5,v_spec_level_2_positive_area_fraction,hcrd_other,0.09539964700337904,339
37.5Hz11kN,Bearing2_5,v_spec_level_2_sign_balance,hcrd_other,0.09539964700337904,339
37.5Hz11kN,Bearing2_5,v_spec_level_2_area_concentration,hcrd_other,0.2727631996402269,339
37.5Hz11kN,Bearing2_5,v_spec_level_2_weighted_shape_factor,hcrd_other,-0.06433656536263532,339
37.5Hz11kN,Bearing2_5,v_spec_level_2_mean_duration_fraction,hcrd_other,-0.4568761027082605,339
37.5Hz11kN,Bearing2_5,v_spec_level_3_log1p_structure_count,hcrd_other,0.40552948064024097,339
37.5Hz11kN,Bearing2_5,v_spec_level_3_knot_fraction,hcrd_other,0.40552948064024097,339
37.5Hz11kN,Bearing2_5,v_spec_level_3_log1p_polygon_area,hcrd_exact_polygon_mass,-0.005544449543969024,339
37.5Hz11kN,Bearing2_5,v_spec_level_3_log1p_quadratic_energy,hcrd_other,0.039549482672055054,339
37.5Hz11kN,Bearing2_5,v_spec_level_3_log1p_triangle_area,hcrd_other,0.0347547659164205,339
37.5Hz11kN,Bearing2_5,v_spec_level_3_log1p_peak_amplitude,hcrd_other,0.12137785731667124,339
37.5Hz11kN,Bearing2_5,v_spec_level_3_log1p_mean_amplitude,hcrd_other,0.10135561791350044,339
37.5Hz11kN,Bearing2_5,v_spec_level_3_positive_area_fraction,hcrd_other,0.06083154422160548,339
37.5Hz11kN,Bearing2_5,v_spec_level_3_sign_balance,hcrd_other,0.06083154422160548,339
37.5Hz11kN,Bearing2_5,v_spec_level_3_area_concentration,hcrd_other,-0.0995641446608491,339
37.5Hz11kN,Bearing2_5,v_spec_level_3_weighted_shape_factor,hcrd_other,-0.1668395169505242,339
37.5Hz11kN,Bearing2_5,v_spec_level_3_mean_duration_fraction,hcrd_other,-0.40552948064024097,339
37.5Hz11kN,Bearing2_5,v_spec_level_4_log1p_structure_count,hcrd_other,0.3381533636773401,339
37.5Hz11kN,Bearing2_5,v_spec_level_4_knot_fraction,hcrd_other,0.3381533636773401,339
37.5Hz11kN,Bearing2_5,v_spec_level_4_log1p_polygon_area,hcrd_exact_polygon_mass,-0.049380407763461455,339
37.5Hz11kN,Bearing2_5,v_spec_level_4_log1p_quadratic_energy,hcrd_other,-0.09354964900554136,339
37.5Hz11kN,Bearing2_5,v_spec_level_4_log1p_triangle_area,hcrd_other,-0.044992900024333975,339
37.5Hz11kN,Bearing2_5,v_spec_level_4_log1p_peak_amplitude,hcrd_other,-0.13789107620845897,339
37.5Hz11kN,Bearing2_5,v_spec_level_4_log1p_mean_amplitude,hcrd_other,-0.09640380842078675,339
37.5Hz11kN,Bearing2_5,v_spec_level_4_positive_area_fraction,hcrd_other,0.012297901148464688,339
37.5Hz11kN,Bearing2_5,v_spec_level_4_sign_balance,hcrd_other,0.012297901148464688,339
37.5Hz11kN,Bearing2_5,v_spec_level_4_area_concentration,hcrd_other,-0.215626723014702,339
37.5Hz11kN,Bearing2_5,v_spec_level_4_weighted_shape_factor,hcrd_other,-0.051815460557445084,339
37.5Hz11kN,Bearing2_5,v_spec_level_4_mean_duration_fraction,hcrd_other,-0.3381533636773401,339
37.5Hz11kN,Bearing2_5,v_spec_level_5_log1p_structure_count,hcrd_other,0.10776422314342785,339
37.5Hz11kN,Bearing2_5,v_spec_level_5_knot_fraction,hcrd_other,0.10776422314342785,339
37.5Hz11kN,Bearing2_5,v_spec_level_5_log1p_polygon_area,hcrd_exact_polygon_mass,0.08079679900446328,339
37.5Hz11kN,Bearing2_5,v_spec_level_5_log1p_quadratic_energy,hcrd_other,0.060192084374201066,339
37.5Hz11kN,Bearing2_5,v_spec_level_5_log1p_triangle_area,hcrd_other,0.06762164676311955,339
37.5Hz11kN,Bearing2_5,v_spec_level_5_log1p_peak_amplitude,hcrd_other,0.039671152537047706,339
37.5Hz11kN,Bearing2_5,v_spec_level_5_log1p_mean_amplitude,hcrd_other,0.08885011196707829,339
37.5Hz11kN,Bearing2_5,v_spec_level_5_positive_area_fraction,hcrd_other,0.1461748239205361,339
37.5Hz11kN,Bearing2_5,v_spec_level_5_sign_balance,hcrd_other,0.1461748239205361,339
37.5Hz11kN,Bearing2_5,v_spec_level_5_area_concentration,hcrd_other,-0.1859299129288535,339
37.5Hz11kN,Bearing2_5,v_spec_level_5_weighted_shape_factor,hcrd_other,0.1277190682954093,339
37.5Hz11kN,Bearing2_5,v_spec_level_5_mean_duration_fraction,hcrd_other,-0.10776422314342785,339
40Hz10kN,Bearing3_1,h_mean,standard,-0.04652621834137733,2538
40Hz10kN,Bearing3_1,h_std,standard,0.3986949790644754,2538
40Hz10kN,Bearing3_1,h_variance,standard,0.3986949790644754,2538
40Hz10kN,Bearing3_1,h_rms,standard,0.4142875949042866,2538
40Hz10kN,Bearing3_1,h_peak,standard,0.33245077682981256,2538
40Hz10kN,Bearing3_1,h_peak_to_peak,standard,0.3563106678306683,2538
40Hz10kN,Bearing3_1,h_crest_factor,standard,0.06775674973681102,2538
40Hz10kN,Bearing3_1,h_shape_factor,standard,0.11188056775803618,2538
40Hz10kN,Bearing3_1,h_impulse_factor,standard,0.06949329990002666,2538
40Hz10kN,Bearing3_1,h_clearance_factor,standard,0.06980072114202883,2538
40Hz10kN,Bearing3_1,h_kurtosis,standard,0.05811785958148047,2538
40Hz10kN,Bearing3_1,h_skewness,standard,0.22172294383288432,2538
40Hz10kN,Bearing3_1,h_line_integral,standard,0.931734881825036,2538
40Hz10kN,Bearing3_1,h_zero_crossing_rate,standard,0.6223898327540774,2538
40Hz10kN,Bearing3_1,h_entropy,standard,-0.08238042889988864,2538
40Hz10kN,Bearing3_1,h_percentile_5,standard,-0.4380373033110552,2538
40Hz10kN,Bearing3_1,h_percentile_50,standard,0.021552203755161294,2538
40Hz10kN,Bearing3_1,h_percentile_95,standard,0.343017058926016,2538
40Hz10kN,Bearing3_1,v_mean,standard,-0.1074326759747531,2538
40Hz10kN,Bearing3_1,v_std,standard,0.38389533379698637,2538
40Hz10kN,Bearing3_1,v_variance,standard,0.38389538547477914,2538
40Hz10kN,Bearing3_1,v_rms,standard,0.3894029766236469,2538
40Hz10kN,Bearing3_1,v_peak,standard,0.39317300550080153,2538
40Hz10kN,Bearing3_1,v_peak_to_peak,standard,0.4096265011839004,2538
40Hz10kN,Bearing3_1,v_crest_factor,standard,0.18012027761402857,2538
40Hz10kN,Bearing3_1,v_shape_factor,standard,0.01980608050381816,2538
40Hz10kN,Bearing3_1,v_impulse_factor,standard,0.17395310563108823,2538
40Hz10kN,Bearing3_1,v_clearance_factor,standard,0.17038798733051452,2538
40Hz10kN,Bearing3_1,v_kurtosis,standard,0.08671932205989683,2538
40Hz10kN,Bearing3_1,v_skewness,standard,-0.32720410819332624,2538
40Hz10kN,Bearing3_1,v_line_integral,standard,0.8000845991225153,2538
40Hz10kN,Bearing3_1,v_zero_crossing_rate,standard,0.5278687890964617,2538
40Hz10kN,Bearing3_1,v_entropy,standard,-0.17876921966789244,2538
40Hz10kN,Bearing3_1,v_percentile_5,standard,-0.49789562701304135,2538
40Hz10kN,Bearing3_1,v_percentile_50,standard,-0.01730242797289218,2538
40Hz10kN,Bearing3_1,v_percentile_95,standard,0.2667643881152943,2538
40Hz10kN,Bearing3_1,cross_correlation,standard,0.937926658474979,2538
40Hz10kN,Bearing3_1,h_spectral_centroid,standard,0.8405404190616232,2538
40Hz10kN,Bearing3_1,h_spectral_bandwidth,standard,0.8550948578678583,2538
40Hz10kN,Bearing3_1,h_spectral_rolloff,standard,0.8636074640478303,2538
40Hz10kN,Bearing3_1,h_spectral_flatness,standard,-0.9394909999730152,2538
40Hz10kN,Bearing3_1,h_band_power_0_1k,standard,0.28113032103742575,2538
40Hz10kN,Bearing3_1,h_band_power_1_3k,standard,-0.38989629303648077,2538
40Hz10kN,Bearing3_1,h_band_power_3_6k,standard,-0.6194985125187004,2538
40Hz10kN,Bearing3_1,h_band_power_6_12k,standard,0.8165349986149649,2538
40Hz10kN,Bearing3_1,h_dominant_frequency,standard,0.23360246508119922,2538
40Hz10kN,Bearing3_1,h_mean_frequency,standard,0.6260472184281128,2538
40Hz10kN,Bearing3_1,h_bpfo_band_power,standard,0.5588446273977384,2538
40Hz10kN,Bearing3_1,h_bpfi_band_power,standard,0.737030591763257,2538
40Hz10kN,Bearing3_1,h_bsf_band_power,standard,-0.6489044010144813,2538
40Hz10kN,Bearing3_1,h_ftf_band_power,standard,-0.13024321321209442,2538
40Hz10kN,Bearing3_1,v_spectral_centroid,standard,0.9263720795896757,2538
40Hz10kN,Bearing3_1,v_spectral_bandwidth,standard,0.861204620220208,2538
40Hz10kN,Bearing3_1,v_spectral_rolloff,standard,0.9159836733519695,2538
40Hz10kN,Bearing3_1,v_spectral_flatness,standard,-0.629331807468357,2538
40Hz10kN,Bearing3_1,v_band_power_0_1k,standard,0.5393013345218721,2538
40Hz10kN,Bearing3_1,v_band_power_1_3k,standard,-0.3375497571110328,2538
40Hz10kN,Bearing3_1,v_band_power_3_6k,standard,-0.5475424603560656,2538
40Hz10kN,Bearing3_1,v_band_power_6_12k,standard,0.593840410608053,2538
40Hz10kN,Bearing3_1,v_dominant_frequency,standard,0.3908153545345328,2538
40Hz10kN,Bearing3_1,v_mean_frequency,standard,0.5314455812258064,2538
40Hz10kN,Bearing3_1,v_bpfo_band_power,standard,-0.14734262906185835,2538
40Hz10kN,Bearing3_1,v_bpfi_band_power,standard,0.6273511345933023,2538
40Hz10kN,Bearing3_1,v_bsf_band_power,standard,0.8996460796069695,2538
40Hz10kN,Bearing3_1,v_ftf_band_power,standard,-0.06242913342425382,2538
40Hz10kN,Bearing3_1,h_env_level_0_log1p_structure_count,hcrd_other,0.3425777084275735,2538
40Hz10kN,Bearing3_1,h_env_level_0_knot_fraction,hcrd_other,0.3425777084275735,2538
40Hz10kN,Bearing3_1,h_env_level_0_log1p_polygon_area,hcrd_exact_polygon_mass,0.4345752892764466,2538
40Hz10kN,Bearing3_1,h_env_level_0_log1p_quadratic_energy,hcrd_other,0.451598159571156,2538
40Hz10kN,Bearing3_1,h_env_level_0_log1p_triangle_area,hcrd_other,0.47663177253901867,2538
40Hz10kN,Bearing3_1,h_env_level_0_log1p_peak_amplitude,hcrd_other,0.4045069190880596,2538
40Hz10kN,Bearing3_1,h_env_level_0_log1p_mean_amplitude,hcrd_other,0.5136274093943025,2538
40Hz10kN,Bearing3_1,h_env_level_0_positive_area_fraction,hcrd_other,-0.04004872901940537,2538
40Hz10kN,Bearing3_1,h_env_level_0_sign_balance,hcrd_other,-0.04004872901940537,2538
40Hz10kN,Bearing3_1,h_env_level_0_area_concentration,hcrd_other,-0.27057686293526345,2538
40Hz10kN,Bearing3_1,h_env_level_0_weighted_shape_factor,hcrd_other,-0.3872734776782993,2538
40Hz10kN,Bearing3_1,h_env_level_0_mean_duration_fraction,hcrd_other,-0.34256627089440256,2538
40Hz10kN,Bearing3_1,h_env_level_1_log1p_structure_count,hcrd_other,0.14688549169722698,2538
40Hz10kN,Bearing3_1,h_env_level_1_knot_fraction,hcrd_other,0.14688549169722698,2538
40Hz10kN,Bearing3_1,h_env_level_1_log1p_polygon_area,hcrd_exact_polygon_mass,0.31720801092441586,2538
40Hz10kN,Bearing3_1,h_env_level_1_log1p_quadratic_energy,hcrd_other,0.317485712528602,2538
40Hz10kN,Bearing3_1,h_env_level_1_log1p_triangle_area,hcrd_other,0.31302183013895246,2538
40Hz10kN,Bearing3_1,h_env_level_1_log1p_peak_amplitude,hcrd_other,0.26936742364053395,2538
40Hz10kN,Bearing3_1,h_env_level_1_log1p_mean_amplitude,hcrd_other,0.30967231928942235,2538
40Hz10kN,Bearing3_1,h_env_level_1_positive_area_fraction,hcrd_other,-0.06321535359805465,2538
40Hz10kN,Bearing3_1,h_env_level_1_sign_balance,hcrd_other,-0.06321535359805465,2538
40Hz10kN,Bearing3_1,h_env_level_1_area_concentration,hcrd_other,-0.07772212540915731,2538
40Hz10kN,Bearing3_1,h_env_level_1_weighted_shape_factor,hcrd_other,0.06537981043778752,2538
40Hz10kN,Bearing3_1,h_env_level_1_mean_duration_fraction,hcrd_other,-0.14688549169722698,2538
40Hz10kN,Bearing3_1,h_env_level_2_log1p_structure_count,hcrd_other,0.10660366547238119,2538
40Hz10kN,Bearing3_1,h_env_level_2_knot_fraction,hcrd_other,0.10660366547238119,2538
40Hz10kN,Bearing3_1,h_env_level_2_log1p_polygon_area,hcrd_exact_polygon_mass,0.2809045276882989,2538
40Hz10kN,Bearing3_1,h_env_level_2_log1p_quadratic_energy,hcrd_other,0.27282487030682867,2538
40Hz10kN,Bearing3_1,h_env_level_2_log1p_triangle_area,hcrd_other,0.28489111588207117,2538
40Hz10kN,Bearing3_1,h_env_level_2_log1p_peak_amplitude,hcrd_other,0.229248698337911,2538
40Hz10kN,Bearing3_1,h_env_level_2_log1p_mean_amplitude,hcrd_other,0.287904078204194,2538
40Hz10kN,Bearing3_1,h_env_level_2_positive_area_fraction,hcrd_other,0.005347701577677085,2538
40Hz10kN,Bearing3_1,h_env_level_2_sign_balance,hcrd_other,0.005347701577677085,2538
40Hz10kN,Bearing3_1,h_env_level_2_area_concentration,hcrd_other,-0.08655716688598947,2538
40Hz10kN,Bearing3_1,h_env_level_2_weighted_shape_factor,hcrd_other,-0.03653883989755866,2538
40Hz10kN,Bearing3_1,h_env_level_2_mean_duration_fraction,hcrd_other,-0.10674416644741871,2538
40Hz10kN,Bearing3_1,h_env_level_3_log1p_structure_count,hcrd_other,0.05430807349452898,2538
40Hz10kN,Bearing3_1,h_env_level_3_knot_fraction,hcrd_other,0.05430807349452898,2538
40Hz10kN,Bearing3_1,h_env_level_3_log1p_polygon_area,hcrd_exact_polygon_mass,0.2453281952954355,2538
40Hz10kN,Bearing3_1,h_env_level_3_log1p_quadratic_energy,hcrd_other,0.23956141996109984,2538
40Hz10kN,Bearing3_1,h_env_level_3_log1p_triangle_area,hcrd_other,0.24582492627677005,2538
40Hz10kN,Bearing3_1,h_env_level_3_log1p_peak_amplitude,hcrd_other,0.2154411193745452,2538
40Hz10kN,Bearing3_1,h_env_level_3_log1p_mean_amplitude,hcrd_other,0.24402107367548428,2538
40Hz10kN,Bearing3_1,h_env_level_3_positive_area_fraction,hcrd_other,-0.0049969843089675324,2538
40Hz10kN,Bearing3_1,h_env_level_3_sign_balance,hcrd_other,-0.0049969843089675324,2538
40Hz10kN,Bearing3_1,h_env_level_3_area_concentration,hcrd_other,-0.030026070590428607,2538
40Hz10kN,Bearing3_1,h_env_level_3_weighted_shape_factor,hcrd_other,0.009843653875794446,2538
40Hz10kN,Bearing3_1,h_env_level_3_mean_duration_fraction,hcrd_other,-0.05430807349452898,2538
40Hz10kN,Bearing3_1,h_env_level_4_log1p_structure_count,hcrd_other,0.04648913587703904,2538
40Hz10kN,Bearing3_1,h_env_level_4_knot_fraction,hcrd_other,0.04648913587703904,2538
40Hz10kN,Bearing3_1,h_env_level_4_log1p_polygon_area,hcrd_exact_polygon_mass,0.211584640934542,2538
40Hz10kN,Bearing3_1,h_env_level_4_log1p_quadratic_energy,hcrd_other,0.2144032067754062,2538
40Hz10kN,Bearing3_1,h_env_level_4_log1p_triangle_area,hcrd_other,0.21076196504372746,2538
40Hz10kN,Bearing3_1,h_env_level_4_log1p_peak_amplitude,hcrd_other,0.21308143856870967,2538
40Hz10kN,Bearing3_1,h_env_level_4_log1p_mean_amplitude,hcrd_other,0.20668715894738016,2538
40Hz10kN,Bearing3_1,h_env_level_4_positive_area_fraction,hcrd_other,0.013417320139645243,2538
40Hz10kN,Bearing3_1,h_env_level_4_sign_balance,hcrd_other,0.013417356166467019,2538
40Hz10kN,Bearing3_1,h_env_level_4_area_concentration,hcrd_other,0.011465209595091426,2538
40Hz10kN,Bearing3_1,h_env_level_4_weighted_shape_factor,hcrd_other,0.023813950075964558,2538
40Hz10kN,Bearing3_1,h_env_level_4_mean_duration_fraction,hcrd_other,-0.04648913587703904,2538
40Hz10kN,Bearing3_1,h_env_level_5_log1p_structure_count,hcrd_other,0.02266598437750809,2538
40Hz10kN,Bearing3_1,h_env_level_5_knot_fraction,hcrd_other,0.02266598437750809,2538
40Hz10kN,Bearing3_1,h_env_level_5_log1p_polygon_area,hcrd_exact_polygon_mass,0.15745174008113577,2538
40Hz10kN,Bearing3_1,h_env_level_5_log1p_quadratic_energy,hcrd_other,0.1595791689171783,2538
40Hz10kN,Bearing3_1,h_env_level_5_log1p_triangle_area,hcrd_other,0.16059481068899253,2538
40Hz10kN,Bearing3_1,h_env_level_5_log1p_peak_amplitude,hcrd_other,0.16622660386087837,2538
40Hz10kN,Bearing3_1,h_env_level_5_log1p_mean_amplitude,hcrd_other,0.16123093307636613,2538
40Hz10kN,Bearing3_1,h_env_level_5_positive_area_fraction,hcrd_other,0.024795065364059902,2538
40Hz10kN,Bearing3_1,h_env_level_5_sign_balance,hcrd_other,0.02545953043087856,2538
40Hz10kN,Bearing3_1,h_env_level_5_area_concentration,hcrd_other,-0.013478381264883654,2538
40Hz10kN,Bearing3_1,h_env_level_5_weighted_shape_factor,hcrd_other,0.016308268717344348,2538
40Hz10kN,Bearing3_1,h_env_level_5_mean_duration_fraction,hcrd_other,-0.02266598437750809,2538
40Hz10kN,Bearing3_1,h_spec_level_0_log1p_structure_count,hcrd_other,0.27896321741894264,2538
40Hz10kN,Bearing3_1,h_spec_level_0_knot_fraction,hcrd_other,0.27896321741894264,2538
40Hz10kN,Bearing3_1,h_spec_level_0_log1p_polygon_area,hcrd_exact_polygon_mass,0.06948989513398787,2538
40Hz10kN,Bearing3_1,h_spec_level_0_log1p_quadratic_energy,hcrd_other,0.12414618061500983,2538
40Hz10kN,Bearing3_1,h_spec_level_0_log1p_triangle_area,hcrd_other,0.10920419950584695,2538
40Hz10kN,Bearing3_1,h_spec_level_0_log1p_peak_amplitude,hcrd_other,0.6702827070058416,2538
40Hz10kN,Bearing3_1,h_spec_level_0_log1p_mean_amplitude,hcrd_other,0.2589630870814206,2538
40Hz10kN,Bearing3_1,h_spec_level_0_positive_area_fraction,hcrd_other,-0.1548156326596466,2538
40Hz10kN,Bearing3_1,h_spec_level_0_sign_balance,hcrd_other,-0.1548156326596466,2538
40Hz10kN,Bearing3_1,h_spec_level_0_area_concentration,hcrd_other,-0.17741199824816867,2538
40Hz10kN,Bearing3_1,h_spec_level_0_weighted_shape_factor,hcrd_other,-0.34658494389479205,2538
40Hz10kN,Bearing3_1,h_spec_level_0_mean_duration_fraction,hcrd_other,-0.27896321741894264,2538
40Hz10kN,Bearing3_1,h_spec_level_1_log1p_structure_count,hcrd_other,0.06892227510186977,2538
40Hz10kN,Bearing3_1,h_spec_level_1_knot_fraction,hcrd_other,0.06892227510186977,2538
40Hz10kN,Bearing3_1,h_spec_level_1_log1p_polygon_area,hcrd_exact_polygon_mass,0.36093819225943236,2538
40Hz10kN,Bearing3_1,h_spec_level_1_log1p_quadratic_energy,hcrd_other,0.3628927210529966,2538
40Hz10kN,Bearing3_1,h_spec_level_1_log1p_triangle_area,hcrd_other,0.35832081256242043,2538
40Hz10kN,Bearing3_1,h_spec_level_1_log1p_peak_amplitude,hcrd_other,0.23264951187799887,2538
40Hz10kN,Bearing3_1,h_spec_level_1_log1p_mean_amplitude,hcrd_other,0.3351262079677271,2538
40Hz10kN,Bearing3_1,h_spec_level_1_positive_area_fraction,hcrd_other,-0.07313920371884543,2538
40Hz10kN,Bearing3_1,h_spec_level_1_sign_balance,hcrd_other,-0.07313920371884543,2538
40Hz10kN,Bearing3_1,h_spec_level_1_area_concentration,hcrd_other,0.0728869776627283,2538
40Hz10kN,Bearing3_1,h_spec_level_1_weighted_shape_factor,hcrd_other,0.18091358285944523,2538
40Hz10kN,Bearing3_1,h_spec_level_1_mean_duration_fraction,hcrd_other,-0.06818256910044102,2538
40Hz10kN,Bearing3_1,h_spec_level_2_log1p_structure_count,hcrd_other,0.1460342348801574,2538
40Hz10kN,Bearing3_1,h_spec_level_2_knot_fraction,hcrd_other,0.1460342348801574,2538
40Hz10kN,Bearing3_1,h_spec_level_2_log1p_polygon_area,hcrd_exact_polygon_mass,-0.04393228096374418,2538
40Hz10kN,Bearing3_1,h_spec_level_2_log1p_quadratic_energy,hcrd_other,-0.08403738730423062,2538
40Hz10kN,Bearing3_1,h_spec_level_2_log1p_triangle_area,hcrd_other,-0.014505807679014365,2538
40Hz10kN,Bearing3_1,h_spec_level_2_log1p_peak_amplitude,hcrd_other,-0.057146698120523656,2538
40Hz10kN,Bearing3_1,h_spec_level_2_log1p_mean_amplitude,hcrd_other,0.019486875917835992,2538
40Hz10kN,Bearing3_1,h_spec_level_2_positive_area_fraction,hcrd_other,0.11648951554303671,2538
40Hz10kN,Bearing3_1,h_spec_level_2_sign_balance,hcrd_other,0.11648951554303671,2538
40Hz10kN,Bearing3_1,h_spec_level_2_area_concentration,hcrd_other,-0.17771515411391403,2538
40Hz10kN,Bearing3_1,h_spec_level_2_weighted_shape_factor,hcrd_other,-0.1571760748641346,2538
40Hz10kN,Bearing3_1,h_spec_level_2_mean_duration_fraction,hcrd_other,-0.14644881371104235,2538
40Hz10kN,Bearing3_1,h_spec_level_3_log1p_structure_count,hcrd_other,0.09834851989299062,2538
40Hz10kN,Bearing3_1,h_spec_level_3_knot_fraction,hcrd_other,0.09834851989299062,2538
40Hz10kN,Bearing3_1,h_spec_level_3_log1p_polygon_area,hcrd_exact_polygon_mass,-0.08704076776089423,2538
40Hz10kN,Bearing3_1,h_spec_level_3_log1p_quadratic_energy,hcrd_other,-0.0838314579387913,2538
40Hz10kN,Bearing3_1,h_spec_level_3_log1p_triangle_area,hcrd_other,-0.07758553207812445,2538
40Hz10kN,Bearing3_1,h_spec_level_3_log1p_peak_amplitude,hcrd_other,-0.025409579340218532,2538
40Hz10kN,Bearing3_1,h_spec_level_3_log1p_mean_amplitude,hcrd_other,-0.044603094489874685,2538
40Hz10kN,Bearing3_1,h_spec_level_3_positive_area_fraction,hcrd_other,-0.010293950232221636,2538
40Hz10kN,Bearing3_1,h_spec_level_3_sign_balance,hcrd_other,-0.010293346497096918,2538
40Hz10kN,Bearing3_1,h_spec_level_3_area_concentration,hcrd_other,-0.07721856659631507,2538
40Hz10kN,Bearing3_1,h_spec_level_3_weighted_shape_factor,hcrd_other,-0.07162319691817458,2538
40Hz10kN,Bearing3_1,h_spec_level_3_mean_duration_fraction,hcrd_other,-0.09842890194926963,2538
40Hz10kN,Bearing3_1,h_spec_level_4_log1p_structure_count,hcrd_other,0.06754064768133212,2538
40Hz10kN,Bearing3_1,h_spec_level_4_knot_fraction,hcrd_other,0.06754064768133212,2538
40Hz10kN,Bearing3_1,h_spec_level_4_log1p_polygon_area,hcrd_exact_polygon_mass,-0.02446400468431814,2538
40Hz10kN,Bearing3_1,h_spec_level_4_log1p_quadratic_energy,hcrd_other,-0.03040314789838827,2538
40Hz10kN,Bearing3_1,h_spec_level_4_log1p_triangle_area,hcrd_other,-0.017649651941398007,2538
40Hz10kN,Bearing3_1,h_spec_level_4_log1p_peak_amplitude,hcrd_other,-0.012512520555295205,2538
40Hz10kN,Bearing3_1,h_spec_level_4_log1p_mean_amplitude,hcrd_other,-0.009159196484448942,2538
40Hz10kN,Bearing3_1,h_spec_level_4_positive_area_fraction,hcrd_other,-0.011583750001199841,2538
40Hz10kN,Bearing3_1,h_spec_level_4_sign_balance,hcrd_other,-0.011738413217356723,2538
40Hz10kN,Bearing3_1,h_spec_level_4_area_concentration,hcrd_other,-0.06452639340383559,2538
40Hz10kN,Bearing3_1,h_spec_level_4_weighted_shape_factor,hcrd_other,-0.04515634107655724,2538
40Hz10kN,Bearing3_1,h_spec_level_4_mean_duration_fraction,hcrd_other,-0.06723180032993832,2538
40Hz10kN,Bearing3_1,h_spec_level_5_log1p_structure_count,hcrd_other,0.02099984491948695,2538
40Hz10kN,Bearing3_1,h_spec_level_5_knot_fraction,hcrd_other,0.02099984491948695,2538
40Hz10kN,Bearing3_1,h_spec_level_5_log1p_polygon_area,hcrd_exact_polygon_mass,0.013820295450890573,2538
40Hz10kN,Bearing3_1,h_spec_level_5_log1p_quadratic_energy,hcrd_other,0.0058848637152261,2538
40Hz10kN,Bearing3_1,h_spec_level_5_log1p_triangle_area,hcrd_other,0.021673403445128896,2538
40Hz10kN,Bearing3_1,h_spec_level_5_log1p_peak_amplitude,hcrd_other,0.015111038202613152,2538
40Hz10kN,Bearing3_1,h_spec_level_5_log1p_mean_amplitude,hcrd_other,0.05086113824673168,2538
40Hz10kN,Bearing3_1,h_spec_level_5_positive_area_fraction,hcrd_other,0.05407324165491333,2538
40Hz10kN,Bearing3_1,h_spec_level_5_sign_balance,hcrd_other,0.05535417512927137,2538
40Hz10kN,Bearing3_1,h_spec_level_5_area_concentration,hcrd_other,-0.09878714698011004,2538
40Hz10kN,Bearing3_1,h_spec_level_5_weighted_shape_factor,hcrd_other,-0.013299252912657036,2538
40Hz10kN,Bearing3_1,h_spec_level_5_mean_duration_fraction,hcrd_other,-0.02099984491948695,2538
40Hz10kN,Bearing3_1,v_env_level_0_log1p_structure_count,hcrd_other,0.14188393500562418,2538
40Hz10kN,Bearing3_1,v_env_level_0_knot_fraction,hcrd_other,0.14188393500562418,2538
40Hz10kN,Bearing3_1,v_env_level_0_log1p_polygon_area,hcrd_exact_polygon_mass,0.5079095056843071,2538
40Hz10kN,Bearing3_1,v_env_level_0_log1p_quadratic_energy,hcrd_other,0.5036763294234319,2538
40Hz10kN,Bearing3_1,v_env_level_0_log1p_triangle_area,hcrd_other,0.5281515487953109,2538
40Hz10kN,Bearing3_1,v_env_level_0_log1p_peak_amplitude,hcrd_other,0.3525610808607604,2538
40Hz10kN,Bearing3_1,v_env_level_0_log1p_mean_amplitude,hcrd_other,0.5396115075956602,2538
40Hz10kN,Bearing3_1,v_env_level_0_positive_area_fraction,hcrd_other,-0.033130612615632264,2538
40Hz10kN,Bearing3_1,v_env_level_0_sign_balance,hcrd_other,-0.033130612615632264,2538
40Hz10kN,Bearing3_1,v_env_level_0_area_concentration,hcrd_other,-0.10823407269599032,2538
40Hz10kN,Bearing3_1,v_env_level_0_weighted_shape_factor,hcrd_other,-0.16294087767081455,2538
40Hz10kN,Bearing3_1,v_env_level_0_mean_duration_fraction,hcrd_other,-0.14188360468394118,2538
40Hz10kN,Bearing3_1,v_env_level_1_log1p_structure_count,hcrd_other,0.08007530018050046,2538
40Hz10kN,Bearing3_1,v_env_level_1_knot_fraction,hcrd_other,0.08007530018050046,2538
40Hz10kN,Bearing3_1,v_env_level_1_log1p_polygon_area,hcrd_exact_polygon_mass,0.3875108037340571,2538
40Hz10kN,Bearing3_1,v_env_level_1_log1p_quadratic_energy,hcrd_other,0.3986635137866478,2538
40Hz10kN,Bearing3_1,v_env_level_1_log1p_triangle_area,hcrd_other,0.4035388387192095,2538
40Hz10kN,Bearing3_1,v_env_level_1_log1p_peak_amplitude,hcrd_other,0.32029953221180885,2538
40Hz10kN,Bearing3_1,v_env_level_1_log1p_mean_amplitude,hcrd_other,0.4124925326694406,2538
40Hz10kN,Bearing3_1,v_env_level_1_positive_area_fraction,hcrd_other,-0.016395755404040452,2538
40Hz10kN,Bearing3_1,v_env_level_1_sign_balance,hcrd_other,-0.016395755404040452,2538
40Hz10kN,Bearing3_1,v_env_level_1_area_concentration,hcrd_other,-0.0308595240613364,2538
40Hz10kN,Bearing3_1,v_env_level_1_weighted_shape_factor,hcrd_other,-0.01869999659625039,2538
40Hz10kN,Bearing3_1,v_env_level_1_mean_duration_fraction,hcrd_other,-0.08007530018050046,2538
40Hz10kN,Bearing3_1,v_env_level_2_log1p_structure_count,hcrd_other,0.09504202244004949,2538
40Hz10kN,Bearing3_1,v_env_level_2_knot_fraction,hcrd_other,0.09504202244004949,2538
40Hz10kN,Bearing3_1,v_env_level_2_log1p_polygon_area,hcrd_exact_polygon_mass,0.31823930195098654,2538
40Hz10kN,Bearing3_1,v_env_level_2_log1p_quadratic_energy,hcrd_other,0.32433565044368873,2538
40Hz10kN,Bearing3_1,v_env_level_2_log1p_triangle_area,hcrd_other,0.32599753743929044,2538
40Hz10kN,Bearing3_1,v_env_level_2_log1p_peak_amplitude,hcrd_other,0.27795559738956616,2538
40Hz10kN,Bearing3_1,v_env_level_2_log1p_mean_amplitude,hcrd_other,0.33303869794362984,2538
40Hz10kN,Bearing3_1,v_env_level_2_positive_area_fraction,hcrd_other,-0.006726149153687881,2538
40Hz10kN,Bearing3_1,v_env_level_2_sign_balance,hcrd_other,-0.006726149153687881,2538
40Hz10kN,Bearing3_1,v_env_level_2_area_concentration,hcrd_other,-0.03810713141350735,2538
40Hz10kN,Bearing3_1,v_env_level_2_weighted_shape_factor,hcrd_other,-0.040059882528379116,2538
40Hz10kN,Bearing3_1,v_env_level_2_mean_duration_fraction,hcrd_other,-0.09512868601812587,2538
40Hz10kN,Bearing3_1,v_env_level_3_log1p_structure_count,hcrd_other,0.04955917139790272,2538
40Hz10kN,Bearing3_1,v_env_level_3_knot_fraction,hcrd_other,0.04955917139790272,2538
40Hz10kN,Bearing3_1,v_env_level_3_log1p_polygon_area,hcrd_exact_polygon_mass,0.2895817157489779,2538
40Hz10kN,Bearing3_1,v_env_level_3_log1p_quadratic_energy,hcrd_other,0.302253993395014,2538
40Hz10kN,Bearing3_1,v_env_level_3_log1p_triangle_area,hcrd_other,0.29173424211403687,2538
40Hz10kN,Bearing3_1,v_env_level_3_log1p_peak_amplitude,hcrd_other,0.29637774007298306,2538
40Hz10kN,Bearing3_1,v_env_level_3_log1p_mean_amplitude,hcrd_other,0.2855694325358809,2538
40Hz10kN,Bearing3_1,v_env_level_3_positive_area_fraction,hcrd_other,0.0021052890308553753,2538
40Hz10kN,Bearing3_1,v_env_level_3_sign_balance,hcrd_other,0.0021052890308553753,2538
40Hz10kN,Bearing3_1,v_env_level_3_area_concentration,hcrd_other,0.024529161222637208,2538
40Hz10kN,Bearing3_1,v_env_level_3_weighted_shape_factor,hcrd_other,0.024546346641840064,2538
40Hz10kN,Bearing3_1,v_env_level_3_mean_duration_fraction,hcrd_other,-0.04955917139790272,2538
40Hz10kN,Bearing3_1,v_env_level_4_log1p_structure_count,hcrd_other,0.02138665786333241,2538
40Hz10kN,Bearing3_1,v_env_level_4_knot_fraction,hcrd_other,0.02138665786333241,2538
40Hz10kN,Bearing3_1,v_env_level_4_log1p_polygon_area,hcrd_exact_polygon_mass,0.2133764820721864,2538
40Hz10kN,Bearing3_1,v_env_level_4_log1p_quadratic_energy,hcrd_other,0.21357232456807307,2538
40Hz10kN,Bearing3_1,v_env_level_4_log1p_triangle_area,hcrd_other,0.21439321312608595,2538
40Hz10kN,Bearing3_1,v_env_level_4_log1p_peak_amplitude,hcrd_other,0.20844365713865862,2538
40Hz10kN,Bearing3_1,v_env_level_4_log1p_mean_amplitude,hcrd_other,0.2145004244675013,2538
40Hz10kN,Bearing3_1,v_env_level_4_positive_area_fraction,hcrd_other,-0.0017695161902008794,2538
40Hz10kN,Bearing3_1,v_env_level_4_sign_balance,hcrd_other,-0.0018285361542198775,2538
40Hz10kN,Bearing3_1,v_env_level_4_area_concentration,hcrd_other,-0.009520948239403953,2538
40Hz10kN,Bearing3_1,v_env_level_4_weighted_shape_factor,hcrd_other,0.024442148077875477,2538
40Hz10kN,Bearing3_1,v_env_level_4_mean_duration_fraction,hcrd_other,-0.02138160782328882,2538
40Hz10kN,Bearing3_1,v_env_level_5_log1p_structure_count,hcrd_other,0.025366908889018203,2538
40Hz10kN,Bearing3_1,v_env_level_5_knot_fraction,hcrd_other,0.025366908889018203,2538
40Hz10kN,Bearing3_1,v_env_level_5_log1p_polygon_area,hcrd_exact_polygon_mass,0.14081823014453118,2538
40Hz10kN,Bearing3_1,v_env_level_5_log1p_quadratic_energy,hcrd_other,0.14901748761609307,2538
40Hz10kN,Bearing3_1,v_env_level_5_log1p_triangle_area,hcrd_other,0.14724437493694353,2538
40Hz10kN,Bearing3_1,v_env_level_5_log1p_peak_amplitude,hcrd_other,0.16026764804435112,2538
40Hz10kN,Bearing3_1,v_env_level_5_log1p_mean_amplitude,hcrd_other,0.14247222718519031,2538
40Hz10kN,Bearing3_1,v_env_level_5_positive_area_fraction,hcrd_other,-0.033628207765632655,2538
40Hz10kN,Bearing3_1,v_env_level_5_sign_balance,hcrd_other,-0.03287401406521033,2538
40Hz10kN,Bearing3_1,v_env_level_5_area_concentration,hcrd_other,-0.012930794682852898,2538
40Hz10kN,Bearing3_1,v_env_level_5_weighted_shape_factor,hcrd_other,-0.006295313664931983,2538
40Hz10kN,Bearing3_1,v_env_level_5_mean_duration_fraction,hcrd_other,-0.025366908889018203,2538
40Hz10kN,Bearing3_1,v_spec_level_0_log1p_structure_count,hcrd_other,0.21088603624560814,2538
40Hz10kN,Bearing3_1,v_spec_level_0_knot_fraction,hcrd_other,0.21088603624560814,2538
40Hz10kN,Bearing3_1,v_spec_level_0_log1p_polygon_area,hcrd_exact_polygon_mass,0.1700252630022691,2538
40Hz10kN,Bearing3_1,v_spec_level_0_log1p_quadratic_energy,hcrd_other,0.2202704764563038,2538
40Hz10kN,Bearing3_1,v_spec_level_0_log1p_triangle_area,hcrd_other,0.1840616587331643,2538
40Hz10kN,Bearing3_1,v_spec_level_0_log1p_peak_amplitude,hcrd_other,0.23654414381767294,2538
40Hz10kN,Bearing3_1,v_spec_level_0_log1p_mean_amplitude,hcrd_other,0.16947181081261833,2538
40Hz10kN,Bearing3_1,v_spec_level_0_positive_area_fraction,hcrd_other,-0.11532548257566337,2538
40Hz10kN,Bearing3_1,v_spec_level_0_sign_balance,hcrd_other,-0.11532548257566337,2538
40Hz10kN,Bearing3_1,v_spec_level_0_area_concentration,hcrd_other,-0.030828820840079086,2538
40Hz10kN,Bearing3_1,v_spec_level_0_weighted_shape_factor,hcrd_other,-0.191457464968289,2538
40Hz10kN,Bearing3_1,v_spec_level_0_mean_duration_fraction,hcrd_other,-0.21088603624560814,2538
40Hz10kN,Bearing3_1,v_spec_level_1_log1p_structure_count,hcrd_other,0.13171001968389104,2538
40Hz10kN,Bearing3_1,v_spec_level_1_knot_fraction,hcrd_other,0.13171001968389104,2538
40Hz10kN,Bearing3_1,v_spec_level_1_log1p_polygon_area,hcrd_exact_polygon_mass,0.04649359933424224,2538
40Hz10kN,Bearing3_1,v_spec_level_1_log1p_quadratic_energy,hcrd_other,0.10619165777579617,2538
40Hz10kN,Bearing3_1,v_spec_level_1_log1p_triangle_area,hcrd_other,0.06048199765573209,2538
40Hz10kN,Bearing3_1,v_spec_level_1_log1p_peak_amplitude,hcrd_other,0.23128780577490007,2538
40Hz10kN,Bearing3_1,v_spec_level_1_log1p_mean_amplitude,hcrd_other,0.06740713860772372,2538
40Hz10kN,Bearing3_1,v_spec_level_1_positive_area_fraction,hcrd_other,0.019651883803318934,2538
40Hz10kN,Bearing3_1,v_spec_level_1_sign_balance,hcrd_other,0.019651883803318934,2538
40Hz10kN,Bearing3_1,v_spec_level_1_area_concentration,hcrd_other,0.020087184119558774,2538
40Hz10kN,Bearing3_1,v_spec_level_1_weighted_shape_factor,hcrd_other,-0.047719792580182496,2538
40Hz10kN,Bearing3_1,v_spec_level_1_mean_duration_fraction,hcrd_other,-0.13018427133113514,2538
40Hz10kN,Bearing3_1,v_spec_level_2_log1p_structure_count,hcrd_other,0.16356192324780797,2538
40Hz10kN,Bearing3_1,v_spec_level_2_knot_fraction,hcrd_other,0.16356192324780797,2538
40Hz10kN,Bearing3_1,v_spec_level_2_log1p_polygon_area,hcrd_exact_polygon_mass,0.09398579251504799,2538
40Hz10kN,Bearing3_1,v_spec_level_2_log1p_quadratic_energy,hcrd_other,0.08947297464152881,2538
40Hz10kN,Bearing3_1,v_spec_level_2_log1p_triangle_area,hcrd_other,0.12624080987559316,2538
40Hz10kN,Bearing3_1,v_spec_level_2_log1p_peak_amplitude,hcrd_other,0.13083141746396104,2538
40Hz10kN,Bearing3_1,v_spec_level_2_log1p_mean_amplitude,hcrd_other,0.13712953197440186,2538
40Hz10kN,Bearing3_1,v_spec_level_2_positive_area_fraction,hcrd_other,0.05111856848747466,2538
40Hz10kN,Bearing3_1,v_spec_level_2_sign_balance,hcrd_other,0.05111856848747466,2538
40Hz10kN,Bearing3_1,v_spec_level_2_area_concentration,hcrd_other,-0.04303340817622451,2538
40Hz10kN,Bearing3_1,v_spec_level_2_weighted_shape_factor,hcrd_other,-0.08628484405392013,2538
40Hz10kN,Bearing3_1,v_spec_level_2_mean_duration_fraction,hcrd_other,-0.16347952689599296,2538
40Hz10kN,Bearing3_1,v_spec_level_3_log1p_structure_count,hcrd_other,0.13128704042181766,2538
40Hz10kN,Bearing3_1,v_spec_level_3_knot_fraction,hcrd_other,0.13128704042181766,2538
40Hz10kN,Bearing3_1,v_spec_level_3_log1p_polygon_area,hcrd_exact_polygon_mass,0.009902357719107158,2538
40Hz10kN,Bearing3_1,v_spec_level_3_log1p_quadratic_energy,hcrd_other,0.021288469947035184,2538
40Hz10kN,Bearing3_1,v_spec_level_3_log1p_triangle_area,hcrd_other,0.00996085598397897,2538
40Hz10kN,Bearing3_1,v_spec_level_3_log1p_peak_amplitude,hcrd_other,0.020449241225826104,2538
40Hz10kN,Bearing3_1,v_spec_level_3_log1p_mean_amplitude,hcrd_other,-0.003393718159173069,2538
40Hz10kN,Bearing3_1,v_spec_level_3_positive_area_fraction,hcrd_other,-0.05736464467722059,2538
40Hz10kN,Bearing3_1,v_spec_level_3_sign_balance,hcrd_other,-0.057367965151703455,2538
40Hz10kN,Bearing3_1,v_spec_level_3_area_concentration,hcrd_other,-0.012557843204647428,2538
40Hz10kN,Bearing3_1,v_spec_level_3_weighted_shape_factor,hcrd_other,-0.022081204596477978,2538
40Hz10kN,Bearing3_1,v_spec_level_3_mean_duration_fraction,hcrd_other,-0.1303778331514032,2538
40Hz10kN,Bearing3_1,v_spec_level_4_log1p_structure_count,hcrd_other,0.0862197356310741,2538
40Hz10kN,Bearing3_1,v_spec_level_4_knot_fraction,hcrd_other,0.0862197356310741,2538
40Hz10kN,Bearing3_1,v_spec_level_4_log1p_polygon_area,hcrd_exact_polygon_mass,0.029690435914905482,2538
40Hz10kN,Bearing3_1,v_spec_level_4_log1p_quadratic_energy,hcrd_other,0.04456705202475723,2538
40Hz10kN,Bearing3_1,v_spec_level_4_log1p_triangle_area,hcrd_other,0.03802910754705133,2538
40Hz10kN,Bearing3_1,v_spec_level_4_log1p_peak_amplitude,hcrd_other,0.08860287827912502,2538
40Hz10kN,Bearing3_1,v_spec_level_4_log1p_mean_amplitude,hcrd_other,0.03604972051420093,2538
40Hz10kN,Bearing3_1,v_spec_level_4_positive_area_fraction,hcrd_other,0.0002899753274345667,2538
40Hz10kN,Bearing3_1,v_spec_level_4_sign_balance,hcrd_other,0.0004620969731751812,2538
40Hz10kN,Bearing3_1,v_spec_level_4_area_concentration,hcrd_other,-0.009460211954937755,2538
40Hz10kN,Bearing3_1,v_spec_level_4_weighted_shape_factor,hcrd_other,-0.035369612756823085,2538
40Hz10kN,Bearing3_1,v_spec_level_4_mean_duration_fraction,hcrd_other,-0.08607789555468101,2538
40Hz10kN,Bearing3_1,v_spec_level_5_log1p_structure_count,hcrd_other,0.07456532666469953,2538
40Hz10kN,Bearing3_1,v_spec_level_5_knot_fraction,hcrd_other,0.07456532666469953,2538
40Hz10kN,Bearing3_1,v_spec_level_5_log1p_polygon_area,hcrd_exact_polygon_mass,0.03157171489233902,2538
40Hz10kN,Bearing3_1,v_spec_level_5_log1p_quadratic_energy,hcrd_other,0.050325268714136985,2538
40Hz10kN,Bearing3_1,v_spec_level_5_log1p_triangle_area,hcrd_other,0.04336115069475228,2538
40Hz10kN,Bearing3_1,v_spec_level_5_log1p_peak_amplitude,hcrd_other,0.12487503878314911,2538
40Hz10kN,Bearing3_1,v_spec_level_5_log1p_mean_amplitude,hcrd_other,0.03856066766244738,2538
40Hz10kN,Bearing3_1,v_spec_level_5_positive_area_fraction,hcrd_other,0.10134891562718887,2538
40Hz10kN,Bearing3_1,v_spec_level_5_sign_balance,hcrd_other,0.10227169904044461,2538
40Hz10kN,Bearing3_1,v_spec_level_5_area_concentration,hcrd_other,-0.03236308216565256,2538
40Hz10kN,Bearing3_1,v_spec_level_5_weighted_shape_factor,hcrd_other,-0.029153452831717056,2538
40Hz10kN,Bearing3_1,v_spec_level_5_mean_duration_fraction,hcrd_other,-0.07456532666469953,2538
40Hz10kN,Bearing3_2,h_mean,standard,0.054443561038468924,2496
40Hz10kN,Bearing3_2,h_std,standard,0.8645331998212872,2496
40Hz10kN,Bearing3_2,h_variance,standard,0.8645331998212872,2496
40Hz10kN,Bearing3_2,h_rms,standard,0.8646592343678147,2496
40Hz10kN,Bearing3_2,h_peak,standard,0.46313615805750963,2496
40Hz10kN,Bearing3_2,h_peak_to_peak,standard,0.5135732374755003,2496
40Hz10kN,Bearing3_2,h_crest_factor,standard,-0.603934074211082,2496
40Hz10kN,Bearing3_2,h_shape_factor,standard,-0.7361765352339169,2496
40Hz10kN,Bearing3_2,h_impulse_factor,standard,-0.6152999994320302,2496
40Hz10kN,Bearing3_2,h_clearance_factor,standard,-0.6204828858103756,2496
40Hz10kN,Bearing3_2,h_kurtosis,standard,-0.7228832306490929,2496
40Hz10kN,Bearing3_2,h_skewness,standard,0.1137629800434485,2496
40Hz10kN,Bearing3_2,h_line_integral,standard,0.8935932329524582,2496
40Hz10kN,Bearing3_2,h_zero_crossing_rate,standard,0.7742945019696281,2496
40Hz10kN,Bearing3_2,h_entropy,standard,0.6298396033136018,2496
40Hz10kN,Bearing3_2,h_percentile_5,standard,-0.8626067082994211,2496
40Hz10kN,Bearing3_2,h_percentile_50,standard,0.04304380305218755,2496
40Hz10kN,Bearing3_2,h_percentile_95,standard,0.8698242537799054,2496
40Hz10kN,Bearing3_2,v_mean,standard,0.012753424195360933,2496
40Hz10kN,Bearing3_2,v_std,standard,0.6720209958748711,2496
40Hz10kN,Bearing3_2,v_variance,standard,0.6720209958748711,2496
40Hz10kN,Bearing3_2,v_rms,standard,0.6722408234107845,2496
40Hz10kN,Bearing3_2,v_peak,standard,0.2510399206380474,2496
40Hz10kN,Bearing3_2,v_peak_to_peak,standard,0.282024388324124,2496
40Hz10kN,Bearing3_2,v_crest_factor,standard,-0.6928239871916024,2496
40Hz10kN,Bearing3_2,v_shape_factor,standard,-0.9350472369699897,2496
40Hz10kN,Bearing3_2,v_impulse_factor,standard,-0.7630778978862813,2496
40Hz10kN,Bearing3_2,v_clearance_factor,standard,-0.7861142953759162,2496
40Hz10kN,Bearing3_2,v_kurtosis,standard,-0.9253081815953155,2496
40Hz10kN,Bearing3_2,v_skewness,standard,0.888643166929034,2496
40Hz10kN,Bearing3_2,v_line_integral,standard,0.8602935677892862,2496
40Hz10kN,Bearing3_2,v_zero_crossing_rate,standard,0.8383877443609642,2496
40Hz10kN,Bearing3_2,v_entropy,standard,0.7652486484562361,2496
40Hz10kN,Bearing3_2,v_percentile_5,standard,-0.6775313226250324,2496
40Hz10kN,Bearing3_2,v_percentile_50,standard,-0.41359675961892634,2496
40Hz10kN,Bearing3_2,v_percentile_95,standard,0.7233790772155272,2496
40Hz10kN,Bearing3_2,cross_correlation,standard,-0.9211884444777545,2496
40Hz10kN,Bearing3_2,h_spectral_centroid,standard,0.5631242679141301,2496
40Hz10kN,Bearing3_2,h_spectral_bandwidth,standard,-0.8258094601859712,2496
40Hz10kN,Bearing3_2,h_spectral_rolloff,standard,-0.08032179726351789,2496
40Hz10kN,Bearing3_2,h_spectral_flatness,standard,-0.20508343240666882,2496
40Hz10kN,Bearing3_2,h_band_power_0_1k,standard,0.5019994156391401,2496
40Hz10kN,Bearing3_2,h_band_power_1_3k,standard,0.15501846936533492,2496
40Hz10kN,Bearing3_2,h_band_power_3_6k,standard,0.8493981024588453,2496
40Hz10kN,Bearing3_2,h_band_power_6_12k,standard,0.8852867004456528,2496
40Hz10kN,Bearing3_2,h_dominant_frequency,standard,0.04877914727220109,2496
40Hz10kN,Bearing3_2,h_mean_frequency,standard,0.7800137797544506,2496
40Hz10kN,Bearing3_2,h_bpfo_band_power,standard,0.7415999770095628,2496
40Hz10kN,Bearing3_2,h_bpfi_band_power,standard,0.08563579440079137,2496
40Hz10kN,Bearing3_2,h_bsf_band_power,standard,-0.5171698716122366,2496
40Hz10kN,Bearing3_2,h_ftf_band_power,standard,0.23659419436513274,2496
40Hz10kN,Bearing3_2,v_spectral_centroid,standard,0.8094343840071287,2496
40Hz10kN,Bearing3_2,v_spectral_bandwidth,standard,-0.4845025578730945,2496
40Hz10kN,Bearing3_2,v_spectral_rolloff,standard,0.5429999428096768,2496
40Hz10kN,Bearing3_2,v_spectral_flatness,standard,0.7782509658016138,2496
40Hz10kN,Bearing3_2,v_band_power_0_1k,standard,0.4226075275223132,2496
40Hz10kN,Bearing3_2,v_band_power_1_3k,standard,-0.28528159411765835,2496
40Hz10kN,Bearing3_2,v_band_power_3_6k,standard,0.819253199415065,2496
40Hz10kN,Bearing3_2,v_band_power_6_12k,standard,0.8576835111027947,2496
40Hz10kN,Bearing3_2,v_dominant_frequency,standard,0.22806429558607935,2496
40Hz10kN,Bearing3_2,v_mean_frequency,standard,0.8539260570369044,2496
40Hz10kN,Bearing3_2,v_bpfo_band_power,standard,0.39793751206470795,2496
40Hz10kN,Bearing3_2,v_bpfi_band_power,standard,-0.29817578303768755,2496
40Hz10kN,Bearing3_2,v_bsf_band_power,standard,0.3760681678813097,2496
40Hz10kN,Bearing3_2,v_ftf_band_power,standard,0.33438375401769,2496
40Hz10kN,Bearing3_2,h_env_level_0_log1p_structure_count,hcrd_other,0.47542545315198403,2496
40Hz10kN,Bearing3_2,h_env_level_0_knot_fraction,hcrd_other,0.47542545315198403,2496
40Hz10kN,Bearing3_2,h_env_level_0_log1p_polygon_area,hcrd_exact_polygon_mass,0.09852518490046851,2496
40Hz10kN,Bearing3_2,h_env_level_0_log1p_quadratic_energy,hcrd_other,0.09511225787887041,2496
40Hz10kN,Bearing3_2,h_env_level_0_log1p_triangle_area,hcrd_other,0.13401289038753397,2496
40Hz10kN,Bearing3_2,h_env_level_0_log1p_peak_amplitude,hcrd_other,0.12225753531029283,2496
40Hz10kN,Bearing3_2,h_env_level_0_log1p_mean_amplitude,hcrd_other,0.1642517822682116,2496
40Hz10kN,Bearing3_2,h_env_level_0_positive_area_fraction,hcrd_other,0.06571973774109323,2496
40Hz10kN,Bearing3_2,h_env_level_0_sign_balance,hcrd_other,0.06571973774109323,2496
40Hz10kN,Bearing3_2,h_env_level_0_area_concentration,hcrd_other,-0.33804130858062514,2496
40Hz10kN,Bearing3_2,h_env_level_0_weighted_shape_factor,hcrd_other,-0.4824841960807726,2496
40Hz10kN,Bearing3_2,h_env_level_0_mean_duration_fraction,hcrd_other,-0.47542545315198403,2496
40Hz10kN,Bearing3_2,h_env_level_1_log1p_structure_count,hcrd_other,0.30431934684574097,2496
40Hz10kN,Bearing3_2,h_env_level_1_knot_fraction,hcrd_other,0.30431934684574097,2496
40Hz10kN,Bearing3_2,h_env_level_1_log1p_polygon_area,hcrd_exact_polygon_mass,0.06805690877148772,2496
40Hz10kN,Bearing3_2,h_env_level_1_log1p_quadratic_energy,hcrd_other,0.0617143454834255,2496
40Hz10kN,Bearing3_2,h_env_level_1_log1p_triangle_area,hcrd_other,0.0654328951486041,2496
40Hz10kN,Bearing3_2,h_env_level_1_log1p_peak_amplitude,hcrd_other,0.08943946393757911,2496
40Hz10kN,Bearing3_2,h_env_level_1_log1p_mean_amplitude,hcrd_other,0.06151217363410472,2496
40Hz10kN,Bearing3_2,h_env_level_1_positive_area_fraction,hcrd_other,-0.004315662068723258,2496
40Hz10kN,Bearing3_2,h_env_level_1_sign_balance,hcrd_other,-0.004315662068723258,2496
40Hz10kN,Bearing3_2,h_env_level_1_area_concentration,hcrd_other,-0.07860505984705927,2496
40Hz10kN,Bearing3_2,h_env_level_1_weighted_shape_factor,hcrd_other,0.011625749604177582,2496
40Hz10kN,Bearing3_2,h_env_level_1_mean_duration_fraction,hcrd_other,-0.30431934684574097,2496
40Hz10kN,Bearing3_2,h_env_level_2_log1p_structure_count,hcrd_other,0.23279211116073587,2496
40Hz10kN,Bearing3_2,h_env_level_2_knot_fraction,hcrd_other,0.23279211116073587,2496
40Hz10kN,Bearing3_2,h_env_level_2_log1p_polygon_area,hcrd_exact_polygon_mass,0.09580950354546006,2496
40Hz10kN,Bearing3_2,h_env_level_2_log1p_quadratic_energy,hcrd_other,0.08790029536908758,2496
40Hz10kN,Bearing3_2,h_env_level_2_log1p_triangle_area,hcrd_other,0.09751617772990917,2496
40Hz10kN,Bearing3_2,h_env_level_2_log1p_peak_amplitude,hcrd_other,0.11186001049262817,2496
40Hz10kN,Bearing3_2,h_env_level_2_log1p_mean_amplitude,hcrd_other,0.09937524150299924,2496
40Hz10kN,Bearing3_2,h_env_level_2_positive_area_fraction,hcrd_other,0.01047033687225966,2496
40Hz10kN,Bearing3_2,h_env_level_2_sign_balance,hcrd_other,0.01047033687225966,2496
40Hz10kN,Bearing3_2,h_env_level_2_area_concentration,hcrd_other,-0.07388216406936668,2496
40Hz10kN,Bearing3_2,h_env_level_2_weighted_shape_factor,hcrd_other,-0.01785038495296111,2496
40Hz10kN,Bearing3_2,h_env_level_2_mean_duration_fraction,hcrd_other,-0.23270949850596415,2496
40Hz10kN,Bearing3_2,h_env_level_3_log1p_structure_count,hcrd_other,0.17421591780243634,2496
40Hz10kN,Bearing3_2,h_env_level_3_knot_fraction,hcrd_other,0.17421591780243634,2496
40Hz10kN,Bearing3_2,h_env_level_3_log1p_polygon_area,hcrd_exact_polygon_mass,0.09944856365020482,2496
40Hz10kN,Bearing3_2,h_env_level_3_log1p_quadratic_energy,hcrd_other,0.09443699326813573,2496
40Hz10kN,Bearing3_2,h_env_level_3_log1p_triangle_area,hcrd_other,0.0996030761810118,2496
40Hz10kN,Bearing3_2,h_env_level_3_log1p_peak_amplitude,hcrd_other,0.11580417774645438,2496
40Hz10kN,Bearing3_2,h_env_level_3_log1p_mean_amplitude,hcrd_other,0.09748946847825223,2496
40Hz10kN,Bearing3_2,h_env_level_3_positive_area_fraction,hcrd_other,-0.013792132492087468,2496
40Hz10kN,Bearing3_2,h_env_level_3_sign_balance,hcrd_other,-0.013792132492087468,2496
40Hz10kN,Bearing3_2,h_env_level_3_area_concentration,hcrd_other,-0.05855240177530132,2496
40Hz10kN,Bearing3_2,h_env_level_3_weighted_shape_factor,hcrd_other,-0.013057479559054163,2496
40Hz10kN,Bearing3_2,h_env_level_3_mean_duration_fraction,hcrd_other,-0.17421334433999944,2496
40Hz10kN,Bearing3_2,h_env_level_4_log1p_structure_count,hcrd_other,0.10747813684789521,2496
40Hz10kN,Bearing3_2,h_env_level_4_knot_fraction,hcrd_other,0.10747813684789521,2496
40Hz10kN,Bearing3_2,h_env_level_4_log1p_polygon_area,hcrd_exact_polygon_mass,0.1058119164918667,2496
40Hz10kN,Bearing3_2,h_env_level_4_log1p_quadratic_energy,hcrd_other,0.11082914033606169,2496
40Hz10kN,Bearing3_2,h_env_level_4_log1p_triangle_area,hcrd_other,0.10341465408250962,2496
40Hz10kN,Bearing3_2,h_env_level_4_log1p_peak_amplitude,hcrd_other,0.11151731623192167,2496
40Hz10kN,Bearing3_2,h_env_level_4_log1p_mean_amplitude,hcrd_other,0.1014078648656174,2496
40Hz10kN,Bearing3_2,h_env_level_4_positive_area_fraction,hcrd_other,-0.013622195467072067,2496
40Hz10kN,Bearing3_2,h_env_level_4_sign_balance,hcrd_other,-0.01360312499168579,2496
40Hz10kN,Bearing3_2,h_env_level_4_area_concentration,hcrd_other,-0.016997229572048817,2496
40Hz10kN,Bearing3_2,h_env_level_4_weighted_shape_factor,hcrd_other,0.019081934266911342,2496
40Hz10kN,Bearing3_2,h_env_level_4_mean_duration_fraction,hcrd_other,-0.10739064016057777,2496
40Hz10kN,Bearing3_2,h_env_level_5_log1p_structure_count,hcrd_other,0.05650606017294095,2496
40Hz10kN,Bearing3_2,h_env_level_5_knot_fraction,hcrd_other,0.05650606017294095,2496
40Hz10kN,Bearing3_2,h_env_level_5_log1p_polygon_area,hcrd_exact_polygon_mass,0.08351407460495681,2496
40Hz10kN,Bearing3_2,h_env_level_5_log1p_quadratic_energy,hcrd_other,0.08699414864354878,2496
40Hz10kN,Bearing3_2,h_env_level_5_log1p_triangle_area,hcrd_other,0.0838767836341177,2496
40Hz10kN,Bearing3_2,h_env_level_5_log1p_peak_amplitude,hcrd_other,0.09313561428639604,2496
40Hz10kN,Bearing3_2,h_env_level_5_log1p_mean_amplitude,hcrd_other,0.08461333652795873,2496
40Hz10kN,Bearing3_2,h_env_level_5_positive_area_fraction,hcrd_other,0.020043559406008223,2496
40Hz10kN,Bearing3_2,h_env_level_5_sign_balance,hcrd_other,0.020206509817569877,2496
40Hz10kN,Bearing3_2,h_env_level_5_area_concentration,hcrd_other,-0.037811855520638746,2496
40Hz10kN,Bearing3_2,h_env_level_5_weighted_shape_factor,hcrd_other,0.034677463538248444,2496
40Hz10kN,Bearing3_2,h_env_level_5_mean_duration_fraction,hcrd_other,-0.05650606017294095,2496
40Hz10kN,Bearing3_2,h_spec_level_0_log1p_structure_count,hcrd_other,-0.020730702202021316,2496
40Hz10kN,Bearing3_2,h_spec_level_0_knot_fraction,hcrd_other,-0.020730702202021316,2496
40Hz10kN,Bearing3_2,h_spec_level_0_log1p_polygon_area,hcrd_exact_polygon_mass,-0.6278235779034734,2496
40Hz10kN,Bearing3_2,h_spec_level_0_log1p_quadratic_energy,hcrd_other,-0.5664643510242198,2496
40Hz10kN,Bearing3_2,h_spec_level_0_log1p_triangle_area,hcrd_other,-0.6614639741267446,2496
40Hz10kN,Bearing3_2,h_spec_level_0_log1p_peak_amplitude,hcrd_other,0.26765451746967645,2496
40Hz10kN,Bearing3_2,h_spec_level_0_log1p_mean_amplitude,hcrd_other,-0.6755558959945709,2496
40Hz10kN,Bearing3_2,h_spec_level_0_positive_area_fraction,hcrd_other,-0.1363864539405048,2496
40Hz10kN,Bearing3_2,h_spec_level_0_sign_balance,hcrd_other,-0.1363864539405048,2496
40Hz10kN,Bearing3_2,h_spec_level_0_area_concentration,hcrd_other,-0.16912375704861562,2496
40Hz10kN,Bearing3_2,h_spec_level_0_weighted_shape_factor,hcrd_other,-0.09645307990677145,2496
40Hz10kN,Bearing3_2,h_spec_level_0_mean_duration_fraction,hcrd_other,0.020730702202021316,2496
40Hz10kN,Bearing3_2,h_spec_level_1_log1p_structure_count,hcrd_other,-0.013130344899870135,2496
40Hz10kN,Bearing3_2,h_spec_level_1_knot_fraction,hcrd_other,-0.013130344899870135,2496
40Hz10kN,Bearing3_2,h_spec_level_1_log1p_polygon_area,hcrd_exact_polygon_mass,-0.290902643369361,2496
40Hz10kN,Bearing3_2,h_spec_level_1_log1p_quadratic_energy,hcrd_other,-0.12779835957303226,2496
40Hz10kN,Bearing3_2,h_spec_level_1_log1p_triangle_area,hcrd_other,-0.3344049393880334,2496
40Hz10kN,Bearing3_2,h_spec_level_1_log1p_peak_amplitude,hcrd_other,0.23909400776847126,2496
40Hz10kN,Bearing3_2,h_spec_level_1_log1p_mean_amplitude,hcrd_other,-0.3723956970964202,2496
40Hz10kN,Bearing3_2,h_spec_level_1_positive_area_fraction,hcrd_other,0.032935256082541844,2496
40Hz10kN,Bearing3_2,h_spec_level_1_sign_balance,hcrd_other,0.032935256082541844,2496
40Hz10kN,Bearing3_2,h_spec_level_1_area_concentration,hcrd_other,0.11014680156653532,2496
40Hz10kN,Bearing3_2,h_spec_level_1_weighted_shape_factor,hcrd_other,0.05550699609378642,2496
40Hz10kN,Bearing3_2,h_spec_level_1_mean_duration_fraction,hcrd_other,0.014441344833143263,2496
40Hz10kN,Bearing3_2,h_spec_level_2_log1p_structure_count,hcrd_other,-0.005103083888323591,2496
40Hz10kN,Bearing3_2,h_spec_level_2_knot_fraction,hcrd_other,-0.005103083888323591,2496
40Hz10kN,Bearing3_2,h_spec_level_2_log1p_polygon_area,hcrd_exact_polygon_mass,-0.13542611932839527,2496
40Hz10kN,Bearing3_2,h_spec_level_2_log1p_quadratic_energy,hcrd_other,-0.07793768508027424,2496
40Hz10kN,Bearing3_2,h_spec_level_2_log1p_triangle_area,hcrd_other,-0.1673552976073215,2496
40Hz10kN,Bearing3_2,h_spec_level_2_log1p_peak_amplitude,hcrd_other,0.009783275308819792,2496
40Hz10kN,Bearing3_2,h_spec_level_2_log1p_mean_amplitude,hcrd_other,-0.17240060278284305,2496
40Hz10kN,Bearing3_2,h_spec_level_2_positive_area_fraction,hcrd_other,0.017069939762461375,2496
40Hz10kN,Bearing3_2,h_spec_level_2_sign_balance,hcrd_other,0.017069939762461375,2496
40Hz10kN,Bearing3_2,h_spec_level_2_area_concentration,hcrd_other,0.07260034532575209,2496
40Hz10kN,Bearing3_2,h_spec_level_2_weighted_shape_factor,hcrd_other,0.046336768034163346,2496
40Hz10kN,Bearing3_2,h_spec_level_2_mean_duration_fraction,hcrd_other,0.005084094776637577,2496
40Hz10kN,Bearing3_2,h_spec_level_3_log1p_structure_count,hcrd_other,-0.10942081715167921,2496
40Hz10kN,Bearing3_2,h_spec_level_3_knot_fraction,hcrd_other,-0.10942081715167921,2496
40Hz10kN,Bearing3_2,h_spec_level_3_log1p_polygon_area,hcrd_exact_polygon_mass,0.0343782748948808,2496
40Hz10kN,Bearing3_2,h_spec_level_3_log1p_quadratic_energy,hcrd_other,0.012211502886244441,2496
40Hz10kN,Bearing3_2,h_spec_level_3_log1p_triangle_area,hcrd_other,0.007561691572665062,2496
40Hz10kN,Bearing3_2,h_spec_level_3_log1p_peak_amplitude,hcrd_other,-0.11120791226641694,2496
40Hz10kN,Bearing3_2,h_spec_level_3_log1p_mean_amplitude,hcrd_other,-0.048969263347248396,2496
40Hz10kN,Bearing3_2,h_spec_level_3_positive_area_fraction,hcrd_other,-0.06056678836246784,2496
40Hz10kN,Bearing3_2,h_spec_level_3_sign_balance,hcrd_other,-0.06056678836246784,2496
40Hz10kN,Bearing3_2,h_spec_level_3_area_concentration,hcrd_other,0.09135709498538683,2496
40Hz10kN,Bearing3_2,h_spec_level_3_weighted_shape_factor,hcrd_other,0.1593347888831102,2496
40Hz10kN,Bearing3_2,h_spec_level_3_mean_duration_fraction,hcrd_other,0.109961922860508,2496
40Hz10kN,Bearing3_2,h_spec_level_4_log1p_structure_count,hcrd_other,-0.0793094878223587,2496
40Hz10kN,Bearing3_2,h_spec_level_4_knot_fraction,hcrd_other,-0.0793094878223587,2496
40Hz10kN,Bearing3_2,h_spec_level_4_log1p_polygon_area,hcrd_exact_polygon_mass,-0.013736569439053705,2496
40Hz10kN,Bearing3_2,h_spec_level_4_log1p_quadratic_energy,hcrd_other,-0.0026415327188680066,2496
40Hz10kN,Bearing3_2,h_spec_level_4_log1p_triangle_area,hcrd_other,-0.019801471029919117,2496
40Hz10kN,Bearing3_2,h_spec_level_4_log1p_peak_amplitude,hcrd_other,0.0003041950016295183,2496
40Hz10kN,Bearing3_2,h_spec_level_4_log1p_mean_amplitude,hcrd_other,-0.02990744512344982,2496
40Hz10kN,Bearing3_2,h_spec_level_4_positive_area_fraction,hcrd_other,0.05403089722234887,2496
40Hz10kN,Bearing3_2,h_spec_level_4_sign_balance,hcrd_other,0.0540350122529524,2496
40Hz10kN,Bearing3_2,h_spec_level_4_area_concentration,hcrd_other,0.10267585786155967,2496
40Hz10kN,Bearing3_2,h_spec_level_4_weighted_shape_factor,hcrd_other,0.030269076669471734,2496
40Hz10kN,Bearing3_2,h_spec_level_4_mean_duration_fraction,hcrd_other,0.07821746504975108,2496
40Hz10kN,Bearing3_2,h_spec_level_5_log1p_structure_count,hcrd_other,-0.012723913181861765,2496
40Hz10kN,Bearing3_2,h_spec_level_5_knot_fraction,hcrd_other,-0.012723913181861765,2496
40Hz10kN,Bearing3_2,h_spec_level_5_log1p_polygon_area,hcrd_exact_polygon_mass,-0.030488303244608814,2496
40Hz10kN,Bearing3_2,h_spec_level_5_log1p_quadratic_energy,hcrd_other,-0.053199371849888745,2496
40Hz10kN,Bearing3_2,h_spec_level_5_log1p_triangle_area,hcrd_other,-0.016635244395942005,2496
40Hz10kN,Bearing3_2,h_spec_level_5_log1p_peak_amplitude,hcrd_other,-0.042624266122584346,2496
40Hz10kN,Bearing3_2,h_spec_level_5_log1p_mean_amplitude,hcrd_other,0.007049536212377313,2496
40Hz10kN,Bearing3_2,h_spec_level_5_positive_area_fraction,hcrd_other,-0.0513657417806914,2496
40Hz10kN,Bearing3_2,h_spec_level_5_sign_balance,hcrd_other,-0.050973228921069876,2496
40Hz10kN,Bearing3_2,h_spec_level_5_area_concentration,hcrd_other,-0.1362808395752424,2496
40Hz10kN,Bearing3_2,h_spec_level_5_weighted_shape_factor,hcrd_other,-0.08482633428290869,2496
40Hz10kN,Bearing3_2,h_spec_level_5_mean_duration_fraction,hcrd_other,0.012723913181861765,2496
40Hz10kN,Bearing3_2,v_env_level_0_log1p_structure_count,hcrd_other,0.7692132218938801,2496
40Hz10kN,Bearing3_2,v_env_level_0_knot_fraction,hcrd_other,0.7692132218938801,2496
40Hz10kN,Bearing3_2,v_env_level_0_log1p_polygon_area,hcrd_exact_polygon_mass,-0.8106863414145381,2496
40Hz10kN,Bearing3_2,v_env_level_0_log1p_quadratic_energy,hcrd_other,-0.7992297107693099,2496
40Hz10kN,Bearing3_2,v_env_level_0_log1p_triangle_area,hcrd_other,-0.7987716460616004,2496
40Hz10kN,Bearing3_2,v_env_level_0_log1p_peak_amplitude,hcrd_other,-0.6351188529673254,2496
40Hz10kN,Bearing3_2,v_env_level_0_log1p_mean_amplitude,hcrd_other,-0.7924371840628365,2496
40Hz10kN,Bearing3_2,v_env_level_0_positive_area_fraction,hcrd_other,-0.1460720515304353,2496
40Hz10kN,Bearing3_2,v_env_level_0_sign_balance,hcrd_other,-0.1460720515304353,2496
40Hz10kN,Bearing3_2,v_env_level_0_area_concentration,hcrd_other,-0.20680210965660725,2496
40Hz10kN,Bearing3_2,v_env_level_0_weighted_shape_factor,hcrd_other,-0.7002300201277452,2496
40Hz10kN,Bearing3_2,v_env_level_0_mean_duration_fraction,hcrd_other,-0.7692130964290911,2496
40Hz10kN,Bearing3_2,v_env_level_1_log1p_structure_count,hcrd_other,0.6355368618391467,2496
40Hz10kN,Bearing3_2,v_env_level_1_knot_fraction,hcrd_other,0.6355368618391467,2496
40Hz10kN,Bearing3_2,v_env_level_1_log1p_polygon_area,hcrd_exact_polygon_mass,-0.7573724155745027,2496
40Hz10kN,Bearing3_2,v_env_level_1_log1p_quadratic_energy,hcrd_other,-0.7487085311684953,2496
40Hz10kN,Bearing3_2,v_env_level_1_log1p_triangle_area,hcrd_other,-0.765967334070501,2496
40Hz10kN,Bearing3_2,v_env_level_1_log1p_peak_amplitude,hcrd_other,-0.6023634473592762,2496
40Hz10kN,Bearing3_2,v_env_level_1_log1p_mean_amplitude,hcrd_other,-0.7787557879691487,2496
40Hz10kN,Bearing3_2,v_env_level_1_positive_area_fraction,hcrd_other,0.09913455110214268,2496
40Hz10kN,Bearing3_2,v_env_level_1_sign_balance,hcrd_other,0.09913455110214268,2496
40Hz10kN,Bearing3_2,v_env_level_1_area_concentration,hcrd_other,0.03339687368946328,2496
40Hz10kN,Bearing3_2,v_env_level_1_weighted_shape_factor,hcrd_other,0.22295054522219168,2496
40Hz10kN,Bearing3_2,v_env_level_1_mean_duration_fraction,hcrd_other,-0.63553730226283,2496
40Hz10kN,Bearing3_2,v_env_level_2_log1p_structure_count,hcrd_other,0.4674218251605706,2496
40Hz10kN,Bearing3_2,v_env_level_2_knot_fraction,hcrd_other,0.4674218251605706,2496
40Hz10kN,Bearing3_2,v_env_level_2_log1p_polygon_area,hcrd_exact_polygon_mass,-0.590179029541786,2496
40Hz10kN,Bearing3_2,v_env_level_2_log1p_quadratic_energy,hcrd_other,-0.599743367082892,2496
40Hz10kN,Bearing3_2,v_env_level_2_log1p_triangle_area,hcrd_other,-0.5968931061655056,2496
40Hz10kN,Bearing3_2,v_env_level_2_log1p_peak_amplitude,hcrd_other,-0.4852277588972345,2496
40Hz10kN,Bearing3_2,v_env_level_2_log1p_mean_amplitude,hcrd_other,-0.6074136728834892,2496
40Hz10kN,Bearing3_2,v_env_level_2_positive_area_fraction,hcrd_other,-0.040553417453804134,2496
40Hz10kN,Bearing3_2,v_env_level_2_sign_balance,hcrd_other,-0.040553417453804134,2496
40Hz10kN,Bearing3_2,v_env_level_2_area_concentration,hcrd_other,-0.16550407737627995,2496
40Hz10kN,Bearing3_2,v_env_level_2_weighted_shape_factor,hcrd_other,-0.05805179518849264,2496
40Hz10kN,Bearing3_2,v_env_level_2_mean_duration_fraction,hcrd_other,-0.4642912975042276,2496
40Hz10kN,Bearing3_2,v_env_level_3_log1p_structure_count,hcrd_other,0.3125309412054922,2496
40Hz10kN,Bearing3_2,v_env_level_3_knot_fraction,hcrd_other,0.3125309412054922,2496
40Hz10kN,Bearing3_2,v_env_level_3_log1p_polygon_area,hcrd_exact_polygon_mass,-0.47637926418130006,2496
40Hz10kN,Bearing3_2,v_env_level_3_log1p_quadratic_energy,hcrd_other,-0.47273934594798794,2496
40Hz10kN,Bearing3_2,v_env_level_3_log1p_triangle_area,hcrd_other,-0.48670448086339346,2496
40Hz10kN,Bearing3_2,v_env_level_3_log1p_peak_amplitude,hcrd_other,-0.3895447428852345,2496
40Hz10kN,Bearing3_2,v_env_level_3_log1p_mean_amplitude,hcrd_other,-0.49633176043717403,2496
40Hz10kN,Bearing3_2,v_env_level_3_positive_area_fraction,hcrd_other,-0.02408623892682318,2496
40Hz10kN,Bearing3_2,v_env_level_3_sign_balance,hcrd_other,-0.02408623892682318,2496
40Hz10kN,Bearing3_2,v_env_level_3_area_concentration,hcrd_other,-0.0834627157645441,2496
40Hz10kN,Bearing3_2,v_env_level_3_weighted_shape_factor,hcrd_other,0.018517533932020946,2496
40Hz10kN,Bearing3_2,v_env_level_3_mean_duration_fraction,hcrd_other,-0.3125309412054922,2496
40Hz10kN,Bearing3_2,v_env_level_4_log1p_structure_count,hcrd_other,0.22563068812317608,2496
40Hz10kN,Bearing3_2,v_env_level_4_knot_fraction,hcrd_other,0.22563068812317608,2496
40Hz10kN,Bearing3_2,v_env_level_4_log1p_polygon_area,hcrd_exact_polygon_mass,-0.3572979636609098,2496
40Hz10kN,Bearing3_2,v_env_level_4_log1p_quadratic_energy,hcrd_other,-0.3559626145177204,2496
40Hz10kN,Bearing3_2,v_env_level_4_log1p_triangle_area,hcrd_other,-0.362340256897764,2496
40Hz10kN,Bearing3_2,v_env_level_4_log1p_peak_amplitude,hcrd_other,-0.3013388395348351,2496
40Hz10kN,Bearing3_2,v_env_level_4_log1p_mean_amplitude,hcrd_other,-0.35944425278887154,2496
40Hz10kN,Bearing3_2,v_env_level_4_positive_area_fraction,hcrd_other,-0.007020699495902838,2496
40Hz10kN,Bearing3_2,v_env_level_4_sign_balance,hcrd_other,-0.007056573910907003,2496
40Hz10kN,Bearing3_2,v_env_level_4_area_concentration,hcrd_other,-0.09544171828454051,2496
40Hz10kN,Bearing3_2,v_env_level_4_weighted_shape_factor,hcrd_other,-0.030364841677082678,2496
40Hz10kN,Bearing3_2,v_env_level_4_mean_duration_fraction,hcrd_other,-0.2254432752018548,2496
40Hz10kN,Bearing3_2,v_env_level_5_log1p_structure_count,hcrd_other,0.11952572069667934,2496
40Hz10kN,Bearing3_2,v_env_level_5_knot_fraction,hcrd_other,0.11952572069667934,2496
40Hz10kN,Bearing3_2,v_env_level_5_log1p_polygon_area,hcrd_exact_polygon_mass,-0.23228452376241351,2496
40Hz10kN,Bearing3_2,v_env_level_5_log1p_quadratic_energy,hcrd_other,-0.24334062444225504,2496
40Hz10kN,Bearing3_2,v_env_level_5_log1p_triangle_area,hcrd_other,-0.24196011319641847,2496
40Hz10kN,Bearing3_2,v_env_level_5_log1p_peak_amplitude,hcrd_other,-0.23587836157203973,2496
40Hz10kN,Bearing3_2,v_env_level_5_log1p_mean_amplitude,hcrd_other,-0.23014923365106113,2496
40Hz10kN,Bearing3_2,v_env_level_5_positive_area_fraction,hcrd_other,0.008096808023977761,2496
40Hz10kN,Bearing3_2,v_env_level_5_sign_balance,hcrd_other,0.007883533235476997,2496
40Hz10kN,Bearing3_2,v_env_level_5_area_concentration,hcrd_other,-0.08765643979981327,2496
40Hz10kN,Bearing3_2,v_env_level_5_weighted_shape_factor,hcrd_other,0.025580175773382775,2496
40Hz10kN,Bearing3_2,v_env_level_5_mean_duration_fraction,hcrd_other,-0.11952572069667934,2496
40Hz10kN,Bearing3_2,v_spec_level_0_log1p_structure_count,hcrd_other,0.11314837092798036,2496
40Hz10kN,Bearing3_2,v_spec_level_0_knot_fraction,hcrd_other,0.11314837092798036,2496
40Hz10kN,Bearing3_2,v_spec_level_0_log1p_polygon_area,hcrd_exact_polygon_mass,-0.6465080294596155,2496
40Hz10kN,Bearing3_2,v_spec_level_0_log1p_quadratic_energy,hcrd_other,-0.5443934015716347,2496
40Hz10kN,Bearing3_2,v_spec_level_0_log1p_triangle_area,hcrd_other,-0.6580532904322555,2496
40Hz10kN,Bearing3_2,v_spec_level_0_log1p_peak_amplitude,hcrd_other,0.07731712385060933,2496
40Hz10kN,Bearing3_2,v_spec_level_0_log1p_mean_amplitude,hcrd_other,-0.6433199143735857,2496
40Hz10kN,Bearing3_2,v_spec_level_0_positive_area_fraction,hcrd_other,0.04758101042354572,2496
40Hz10kN,Bearing3_2,v_spec_level_0_sign_balance,hcrd_other,0.04758101042354572,2496
40Hz10kN,Bearing3_2,v_spec_level_0_area_concentration,hcrd_other,0.0505955481709854,2496
40Hz10kN,Bearing3_2,v_spec_level_0_weighted_shape_factor,hcrd_other,-0.20114780174933525,2496
40Hz10kN,Bearing3_2,v_spec_level_0_mean_duration_fraction,hcrd_other,-0.11314837092798036,2496
40Hz10kN,Bearing3_2,v_spec_level_1_log1p_structure_count,hcrd_other,0.05726105835717871,2496
40Hz10kN,Bearing3_2,v_spec_level_1_knot_fraction,hcrd_other,0.05726105835717871,2496
40Hz10kN,Bearing3_2,v_spec_level_1_log1p_polygon_area,hcrd_exact_polygon_mass,-0.608637373480827,2496
40Hz10kN,Bearing3_2,v_spec_level_1_log1p_quadratic_energy,hcrd_other,-0.5474376064905141,2496
40Hz10kN,Bearing3_2,v_spec_level_1_log1p_triangle_area,hcrd_other,-0.6696380492416397,2496
40Hz10kN,Bearing3_2,v_spec_level_1_log1p_peak_amplitude,hcrd_other,-0.37530541119823213,2496
40Hz10kN,Bearing3_2,v_spec_level_1_log1p_mean_amplitude,hcrd_other,-0.7311535095390251,2496
40Hz10kN,Bearing3_2,v_spec_level_1_positive_area_fraction,hcrd_other,0.10382141319699256,2496
40Hz10kN,Bearing3_2,v_spec_level_1_sign_balance,hcrd_other,0.10382141319699256,2496
40Hz10kN,Bearing3_2,v_spec_level_1_area_concentration,hcrd_other,0.11724080766813813,2496
40Hz10kN,Bearing3_2,v_spec_level_1_weighted_shape_factor,hcrd_other,0.14322485039701413,2496
40Hz10kN,Bearing3_2,v_spec_level_1_mean_duration_fraction,hcrd_other,-0.053968550313559405,2496
40Hz10kN,Bearing3_2,v_spec_level_2_log1p_structure_count,hcrd_other,-0.06492280979698567,2496
40Hz10kN,Bearing3_2,v_spec_level_2_knot_fraction,hcrd_other,-0.06492280979698567,2496
40Hz10kN,Bearing3_2,v_spec_level_2_log1p_polygon_area,hcrd_exact_polygon_mass,-0.2415669537219907,2496
40Hz10kN,Bearing3_2,v_spec_level_2_log1p_quadratic_energy,hcrd_other,-0.20179779401074419,2496
40Hz10kN,Bearing3_2,v_spec_level_2_log1p_triangle_area,hcrd_other,-0.2985207430047551,2496
40Hz10kN,Bearing3_2,v_spec_level_2_log1p_peak_amplitude,hcrd_other,-0.1507510963209806,2496
40Hz10kN,Bearing3_2,v_spec_level_2_log1p_mean_amplitude,hcrd_other,-0.3885338797801388,2496
40Hz10kN,Bearing3_2,v_spec_level_2_positive_area_fraction,hcrd_other,-0.007532435716446912,2496
40Hz10kN,Bearing3_2,v_spec_level_2_sign_balance,hcrd_other,-0.007532435716446912,2496
40Hz10kN,Bearing3_2,v_spec_level_2_area_concentration,hcrd_other,0.18025059237108887,2496
40Hz10kN,Bearing3_2,v_spec_level_2_weighted_shape_factor,hcrd_other,0.09744755425611928,2496
40Hz10kN,Bearing3_2,v_spec_level_2_mean_duration_fraction,hcrd_other,0.06591101086225085,2496
40Hz10kN,Bearing3_2,v_spec_level_3_log1p_structure_count,hcrd_other,-0.21352885453884307,2496
40Hz10kN,Bearing3_2,v_spec_level_3_knot_fraction,hcrd_other,-0.21352885453884307,2496
40Hz10kN,Bearing3_2,v_spec_level_3_log1p_polygon_area,hcrd_exact_polygon_mass,0.15113502859821493,2496
40Hz10kN,Bearing3_2,v_spec_level_3_log1p_quadratic_energy,hcrd_other,0.15159991589105323,2496
40Hz10kN,Bearing3_2,v_spec_level_3_log1p_triangle_area,hcrd_other,0.12086469772668162,2496
40Hz10kN,Bearing3_2,v_spec_level_3_log1p_peak_amplitude,hcrd_other,0.07930556439578891,2496
40Hz10kN,Bearing3_2,v_spec_level_3_log1p_mean_amplitude,hcrd_other,0.0796183653774386,2496
40Hz10kN,Bearing3_2,v_spec_level_3_positive_area_fraction,hcrd_other,-0.13911987586892466,2496
40Hz10kN,Bearing3_2,v_spec_level_3_sign_balance,hcrd_other,-0.13911987586892466,2496
40Hz10kN,Bearing3_2,v_spec_level_3_area_concentration,hcrd_other,0.18859906436822388,2496
40Hz10kN,Bearing3_2,v_spec_level_3_weighted_shape_factor,hcrd_other,0.24180080381192498,2496
40Hz10kN,Bearing3_2,v_spec_level_3_mean_duration_fraction,hcrd_other,0.21396071834984706,2496
40Hz10kN,Bearing3_2,v_spec_level_4_log1p_structure_count,hcrd_other,-0.1327438281763107,2496
40Hz10kN,Bearing3_2,v_spec_level_4_knot_fraction,hcrd_other,-0.1327438281763107,2496
40Hz10kN,Bearing3_2,v_spec_level_4_log1p_polygon_area,hcrd_exact_polygon_mass,-0.038715655642019384,2496
40Hz10kN,Bearing3_2,v_spec_level_4_log1p_quadratic_energy,hcrd_other,-0.05194123498529668,2496
40Hz10kN,Bearing3_2,v_spec_level_4_log1p_triangle_area,hcrd_other,-0.037629253300353216,2496
40Hz10kN,Bearing3_2,v_spec_level_4_log1p_peak_amplitude,hcrd_other,-0.07173461321459963,2496
40Hz10kN,Bearing3_2,v_spec_level_4_log1p_mean_amplitude,hcrd_other,-0.04486183095990818,2496
40Hz10kN,Bearing3_2,v_spec_level_4_positive_area_fraction,hcrd_other,0.188966143368755,2496
40Hz10kN,Bearing3_2,v_spec_level_4_sign_balance,hcrd_other,0.18896857299446615,2496
40Hz10kN,Bearing3_2,v_spec_level_4_area_concentration,hcrd_other,0.06436359904430407,2496
40Hz10kN,Bearing3_2,v_spec_level_4_weighted_shape_factor,hcrd_other,-0.013768703930415663,2496
40Hz10kN,Bearing3_2,v_spec_level_4_mean_duration_fraction,hcrd_other,0.13295323686858593,2496
40Hz10kN,Bearing3_2,v_spec_level_5_log1p_structure_count,hcrd_other,0.10743349411484984,2496
40Hz10kN,Bearing3_2,v_spec_level_5_knot_fraction,hcrd_other,0.10743349411484984,2496
40Hz10kN,Bearing3_2,v_spec_level_5_log1p_polygon_area,hcrd_exact_polygon_mass,-0.14458388450601953,2496
40Hz10kN,Bearing3_2,v_spec_level_5_log1p_quadratic_energy,hcrd_other,-0.1199499936381188,2496
40Hz10kN,Bearing3_2,v_spec_level_5_log1p_triangle_area,hcrd_other,-0.11448595413308982,2496
40Hz10kN,Bearing3_2,v_spec_level_5_log1p_peak_amplitude,hcrd_other,-0.005461767625081037,2496
40Hz10kN,Bearing3_2,v_spec_level_5_log1p_mean_amplitude,hcrd_other,-0.08677582128923138,2496
40Hz10kN,Bearing3_2,v_spec_level_5_positive_area_fraction,hcrd_other,0.03923618305891323,2496
40Hz10kN,Bearing3_2,v_spec_level_5_sign_balance,hcrd_other,0.03930205116663141,2496
40Hz10kN,Bearing3_2,v_spec_level_5_area_concentration,hcrd_other,-0.08606293308026473,2496
40Hz10kN,Bearing3_2,v_spec_level_5_weighted_shape_factor,hcrd_other,-0.24176679175361324,2496
40Hz10kN,Bearing3_2,v_spec_level_5_mean_duration_fraction,hcrd_other,-0.10743349411484984,2496
40Hz10kN,Bearing3_3,h_mean,standard,0.10932562855873873,371
40Hz10kN,Bearing3_3,h_std,standard,-0.510929014398278,371
40Hz10kN,Bearing3_3,h_variance,standard,-0.510929014398278,371
40Hz10kN,Bearing3_3,h_rms,standard,-0.5107774412095776,371
40Hz10kN,Bearing3_3,h_peak,standard,-0.35089733677682555,371
40Hz10kN,Bearing3_3,h_peak_to_peak,standard,-0.3915450590398174,371
40Hz10kN,Bearing3_3,h_crest_factor,standard,0.18638637768278668,371
40Hz10kN,Bearing3_3,h_shape_factor,standard,0.20676689807823695,371
40Hz10kN,Bearing3_3,h_impulse_factor,standard,0.18970900297741441,371
40Hz10kN,Bearing3_3,h_clearance_factor,standard,0.19042221945447754,371
40Hz10kN,Bearing3_3,h_kurtosis,standard,0.17226304645659485,371
40Hz10kN,Bearing3_3,h_skewness,standard,0.0778479897165229,371
40Hz10kN,Bearing3_3,h_line_integral,standard,-0.5385475293570242,371
40Hz10kN,Bearing3_3,h_zero_crossing_rate,standard,-0.7738608141893937,371
40Hz10kN,Bearing3_3,h_entropy,standard,-0.1814801063127296,371
40Hz10kN,Bearing3_3,h_percentile_5,standard,0.5015773306185682,371
40Hz10kN,Bearing3_3,h_percentile_50,standard,0.04704281744846089,371
40Hz10kN,Bearing3_3,h_percentile_95,standard,-0.5055590935688319,371
40Hz10kN,Bearing3_3,v_mean,standard,-0.034252015688412525,371
40Hz10kN,Bearing3_3,v_std,standard,-0.5134002448670738,371
40Hz10kN,Bearing3_3,v_variance,standard,-0.5134002448670738,371
40Hz10kN,Bearing3_3,v_rms,standard,-0.5109205544993738,371
40Hz10kN,Bearing3_3,v_peak,standard,-0.3500498399698411,371
40Hz10kN,Bearing3_3,v_peak_to_peak,standard,-0.40542491017232346,371
40Hz10kN,Bearing3_3,v_crest_factor,standard,0.17330502400496317,371
40Hz10kN,Bearing3_3,v_shape_factor,standard,0.08777815370802988,371
40Hz10kN,Bearing3_3,v_impulse_factor,standard,0.17968778273099636,371
40Hz10kN,Bearing3_3,v_clearance_factor,standard,0.1798945802597659,371
40Hz10kN,Bearing3_3,v_kurtosis,standard,0.06680100672796961,371
40Hz10kN,Bearing3_3,v_skewness,standard,0.27474931674566494,371
40Hz10kN,Bearing3_3,v_line_integral,standard,-0.5339869388560807,371
40Hz10kN,Bearing3_3,v_zero_crossing_rate,standard,-0.9070581052674526,371
40Hz10kN,Bearing3_3,v_entropy,standard,-0.1573628145143666,371
40Hz10kN,Bearing3_3,v_percentile_5,standard,0.4429687665232401,371
40Hz10kN,Bearing3_3,v_percentile_50,standard,0.0025438447505061147,371
40Hz10kN,Bearing3_3,v_percentile_95,standard,-0.4544749340245385,371
40Hz10kN,Bearing3_3,cross_correlation,standard,0.6488427563290619,371
40Hz10kN,Bearing3_3,h_spectral_centroid,standard,-0.7984560684499821,371
40Hz10kN,Bearing3_3,h_spectral_bandwidth,standard,0.5828017305193204,371
40Hz10kN,Bearing3_3,h_spectral_rolloff,standard,0.39105974781928377,371
40Hz10kN,Bearing3_3,h_spectral_flatness,standard,0.37959660382058436,371
40Hz10kN,Bearing3_3,h_band_power_0_1k,standard,-0.3513678011547762,371
40Hz10kN,Bearing3_3,h_band_power_1_3k,standard,-0.09911288560101708,371
40Hz10kN,Bearing3_3,h_band_power_3_6k,standard,-0.5220949059658737,371
40Hz10kN,Bearing3_3,h_band_power_6_12k,standard,-0.5326866993939423,371
40Hz10kN,Bearing3_3,h_dominant_frequency,standard,-0.06361771911981293,371
40Hz10kN,Bearing3_3,h_mean_frequency,standard,-0.7985446623912845,371
40Hz10kN,Bearing3_3,h_bpfo_band_power,standard,-0.04581411252135537,371
40Hz10kN,Bearing3_3,h_bpfi_band_power,standard,0.46979675092882645,371
40Hz10kN,Bearing3_3,h_bsf_band_power,standard,0.13853648448901035,371
40Hz10kN,Bearing3_3,h_ftf_band_power,standard,-0.23605890909603633,371
40Hz10kN,Bearing3_3,v_spectral_centroid,standard,-0.7961018665826944,371
40Hz10kN,Bearing3_3,v_spectral_bandwidth,standard,0.9416907896193996,371
40Hz10kN,Bearing3_3,v_spectral_rolloff,standard,-0.4627636247616575,371
40Hz10kN,Bearing3_3,v_spectral_flatness,standard,-0.1552609996310544,371
40Hz10kN,Bearing3_3,v_band_power_0_1k,standard,0.011918587572878505,371
40Hz10kN,Bearing3_3,v_band_power_1_3k,standard,-0.22382495529178426,371
40Hz10kN,Bearing3_3,v_band_power_3_6k,standard,-0.524486472386655,371
40Hz10kN,Bearing3_3,v_band_power_6_12k,standard,-0.5297381896286341,371
40Hz10kN,Bearing3_3,v_dominant_frequency,standard,-0.21565922983848237,371
40Hz10kN,Bearing3_3,v_mean_frequency,standard,-0.9109647339714291,371
40Hz10kN,Bearing3_3,v_bpfo_band_power,standard,-0.09906189121040004,371
40Hz10kN,Bearing3_3,v_bpfi_band_power,standard,0.05621626321565458,371
40Hz10kN,Bearing3_3,v_bsf_band_power,standard,0.48607359642052284,371
40Hz10kN,Bearing3_3,v_ftf_band_power,standard,-0.030237558661174,371
40Hz10kN,Bearing3_3,h_env_level_0_log1p_structure_count,hcrd_other,-0.16592117210271953,371
40Hz10kN,Bearing3_3,h_env_level_0_knot_fraction,hcrd_other,-0.16592117210271953,371
40Hz10kN,Bearing3_3,h_env_level_0_log1p_polygon_area,hcrd_exact_polygon_mass,-0.17276194549475135,371
40Hz10kN,Bearing3_3,h_env_level_0_log1p_quadratic_energy,hcrd_other,-0.17444852034018196,371
40Hz10kN,Bearing3_3,h_env_level_0_log1p_triangle_area,hcrd_other,-0.1755511271640304,371
40Hz10kN,Bearing3_3,h_env_level_0_log1p_peak_amplitude,hcrd_other,0.05372435299398172,371
40Hz10kN,Bearing3_3,h_env_level_0_log1p_mean_amplitude,hcrd_other,-0.1736798445258579,371
40Hz10kN,Bearing3_3,h_env_level_0_positive_area_fraction,hcrd_other,-0.01752938052390274,371
40Hz10kN,Bearing3_3,h_env_level_0_sign_balance,hcrd_other,-0.01752938052390274,371
40Hz10kN,Bearing3_3,h_env_level_0_area_concentration,hcrd_other,0.10553042391143426,371
40Hz10kN,Bearing3_3,h_env_level_0_weighted_shape_factor,hcrd_other,0.1769604053231564,371
40Hz10kN,Bearing3_3,h_env_level_0_mean_duration_fraction,hcrd_other,0.16592117210271953,371
40Hz10kN,Bearing3_3,h_env_level_1_log1p_structure_count,hcrd_other,-0.1893673643582368,371
40Hz10kN,Bearing3_3,h_env_level_1_knot_fraction,hcrd_other,-0.1893673643582368,371
40Hz10kN,Bearing3_3,h_env_level_1_log1p_polygon_area,hcrd_exact_polygon_mass,-0.04191104416302226,371
40Hz10kN,Bearing3_3,h_env_level_1_log1p_quadratic_energy,hcrd_other,-0.04717592124774109,371
40Hz10kN,Bearing3_3,h_env_level_1_log1p_triangle_area,hcrd_other,-0.05987963443836847,371
40Hz10kN,Bearing3_3,h_env_level_1_log1p_peak_amplitude,hcrd_other,0.07013444189341937,371
40Hz10kN,Bearing3_3,h_env_level_1_log1p_mean_amplitude,hcrd_other,-0.06513229166911455,371
40Hz10kN,Bearing3_3,h_env_level_1_positive_area_fraction,hcrd_other,-0.028502574394235994,371
40Hz10kN,Bearing3_3,h_env_level_1_sign_balance,hcrd_other,-0.028502574394235994,371
40Hz10kN,Bearing3_3,h_env_level_1_area_concentration,hcrd_other,-0.04113296846102689,371
40Hz10kN,Bearing3_3,h_env_level_1_weighted_shape_factor,hcrd_other,-0.12318881789362617,371
40Hz10kN,Bearing3_3,h_env_level_1_mean_duration_fraction,hcrd_other,0.18936732982863483,371
40Hz10kN,Bearing3_3,h_env_level_2_log1p_structure_count,hcrd_other,-0.22285684759862134,371
40Hz10kN,Bearing3_3,h_env_level_2_knot_fraction,hcrd_other,-0.22285684759862134,371
40Hz10kN,Bearing3_3,h_env_level_2_log1p_polygon_area,hcrd_exact_polygon_mass,0.03638884515330042,371
40Hz10kN,Bearing3_3,h_env_level_2_log1p_quadratic_energy,hcrd_other,0.05771766027395973,371
40Hz10kN,Bearing3_3,h_env_level_2_log1p_triangle_area,hcrd_other,0.02948274768116521,371
40Hz10kN,Bearing3_3,h_env_level_2_log1p_peak_amplitude,hcrd_other,0.14125211203726118,371
40Hz10kN,Bearing3_3,h_env_level_2_log1p_mean_amplitude,hcrd_other,0.03158691253639519,371
40Hz10kN,Bearing3_3,h_env_level_2_positive_area_fraction,hcrd_other,-0.0347069702517055,371
40Hz10kN,Bearing3_3,h_env_level_2_sign_balance,hcrd_other,-0.0347069702517055,371
40Hz10kN,Bearing3_3,h_env_level_2_area_concentration,hcrd_other,0.16159534893558025,371
40Hz10kN,Bearing3_3,h_env_level_2_weighted_shape_factor,hcrd_other,0.07726986533171021,371
40Hz10kN,Bearing3_3,h_env_level_2_mean_duration_fraction,hcrd_other,0.22354517061367468,371
40Hz10kN,Bearing3_3,h_env_level_3_log1p_structure_count,hcrd_other,-0.14437681068108377,371
40Hz10kN,Bearing3_3,h_env_level_3_knot_fraction,hcrd_other,-0.14437681068108377,371
40Hz10kN,Bearing3_3,h_env_level_3_log1p_polygon_area,hcrd_exact_polygon_mass,0.057430728702792005,371
40Hz10kN,Bearing3_3,h_env_level_3_log1p_quadratic_energy,hcrd_other,0.04797138674192843,371
40Hz10kN,Bearing3_3,h_env_level_3_log1p_triangle_area,hcrd_other,0.045022641979428346,371
40Hz10kN,Bearing3_3,h_env_level_3_log1p_peak_amplitude,hcrd_other,0.03176786037406853,371
40Hz10kN,Bearing3_3,h_env_level_3_log1p_mean_amplitude,hcrd_other,0.03705059724536292,371
40Hz10kN,Bearing3_3,h_env_level_3_positive_area_fraction,hcrd_other,-0.028894314712939184,371
40Hz10kN,Bearing3_3,h_env_level_3_sign_balance,hcrd_other,-0.028894314712939184,371
40Hz10kN,Bearing3_3,h_env_level_3_area_concentration,hcrd_other,0.04946173893221976,371
40Hz10kN,Bearing3_3,h_env_level_3_weighted_shape_factor,hcrd_other,-0.013255726162147062,371
40Hz10kN,Bearing3_3,h_env_level_3_mean_duration_fraction,hcrd_other,0.14437681068108377,371
40Hz10kN,Bearing3_3,h_env_level_4_log1p_structure_count,hcrd_other,-0.12499109223706158,371
40Hz10kN,Bearing3_3,h_env_level_4_knot_fraction,hcrd_other,-0.12499109223706158,371
40Hz10kN,Bearing3_3,h_env_level_4_log1p_polygon_area,hcrd_exact_polygon_mass,0.11260618935603721,371
40Hz10kN,Bearing3_3,h_env_level_4_log1p_quadratic_energy,hcrd_other,0.09804247339244296,371
40Hz10kN,Bearing3_3,h_env_level_4_log1p_triangle_area,hcrd_other,0.10223317831351915,371
40Hz10kN,Bearing3_3,h_env_level_4_log1p_peak_amplitude,hcrd_other,0.06424705724766588,371
40Hz10kN,Bearing3_3,h_env_level_4_log1p_mean_amplitude,hcrd_other,0.1005661082350066,371
40Hz10kN,Bearing3_3,h_env_level_4_positive_area_fraction,hcrd_other,-0.024787994631845264,371
40Hz10kN,Bearing3_3,h_env_level_4_sign_balance,hcrd_other,-0.024787994631845264,371
40Hz10kN,Bearing3_3,h_env_level_4_area_concentration,hcrd_other,0.05272772990362765,371
40Hz10kN,Bearing3_3,h_env_level_4_weighted_shape_factor,hcrd_other,0.08861417870239102,371
40Hz10kN,Bearing3_3,h_env_level_4_mean_duration_fraction,hcrd_other,0.12499109223706158,371
40Hz10kN,Bearing3_3,h_env_level_5_log1p_structure_count,hcrd_other,-0.05909093459763302,371
40Hz10kN,Bearing3_3,h_env_level_5_knot_fraction,hcrd_other,-0.05909093459763302,371
40Hz10kN,Bearing3_3,h_env_level_5_log1p_polygon_area,hcrd_exact_polygon_mass,0.14438650458127025,371
40Hz10kN,Bearing3_3,h_env_level_5_log1p_quadratic_energy,hcrd_other,0.14167252201336195,371
40Hz10kN,Bearing3_3,h_env_level_5_log1p_triangle_area,hcrd_other,0.14740504350973008,371
40Hz10kN,Bearing3_3,h_env_level_5_log1p_peak_amplitude,hcrd_other,0.14817418931843765,371
40Hz10kN,Bearing3_3,h_env_level_5_log1p_mean_amplitude,hcrd_other,0.15595917628784337,371
40Hz10kN,Bearing3_3,h_env_level_5_positive_area_fraction,hcrd_other,-0.10039376897431578,371
40Hz10kN,Bearing3_3,h_env_level_5_sign_balance,hcrd_other,-0.10018379801378188,371
40Hz10kN,Bearing3_3,h_env_level_5_area_concentration,hcrd_other,-0.040577202486341,371
40Hz10kN,Bearing3_3,h_env_level_5_weighted_shape_factor,hcrd_other,-0.025053029524204972,371
40Hz10kN,Bearing3_3,h_env_level_5_mean_duration_fraction,hcrd_other,0.05909093459763302,371
40Hz10kN,Bearing3_3,h_spec_level_0_log1p_structure_count,hcrd_other,0.0677253172950712,371
40Hz10kN,Bearing3_3,h_spec_level_0_knot_fraction,hcrd_other,0.0677253172950712,371
40Hz10kN,Bearing3_3,h_spec_level_0_log1p_polygon_area,hcrd_exact_polygon_mass,0.10224563316468369,371
40Hz10kN,Bearing3_3,h_spec_level_0_log1p_quadratic_energy,hcrd_other,-0.06994879411191036,371
40Hz10kN,Bearing3_3,h_spec_level_0_log1p_triangle_area,hcrd_other,0.17674937784493477,371
40Hz10kN,Bearing3_3,h_spec_level_0_log1p_peak_amplitude,hcrd_other,0.11381360492742111,371
40Hz10kN,Bearing3_3,h_spec_level_0_log1p_mean_amplitude,hcrd_other,0.3300434509807608,371
40Hz10kN,Bearing3_3,h_spec_level_0_positive_area_fraction,hcrd_other,-0.24149157417568862,371
40Hz10kN,Bearing3_3,h_spec_level_0_sign_balance,hcrd_other,-0.24149157417568862,371
40Hz10kN,Bearing3_3,h_spec_level_0_area_concentration,hcrd_other,-0.39320341121923597,371
40Hz10kN,Bearing3_3,h_spec_level_0_weighted_shape_factor,hcrd_other,-0.23576774757541646,371
40Hz10kN,Bearing3_3,h_spec_level_0_mean_duration_fraction,hcrd_other,-0.0677253172950712,371
40Hz10kN,Bearing3_3,h_spec_level_1_log1p_structure_count,hcrd_other,0.02239137071982455,371
40Hz10kN,Bearing3_3,h_spec_level_1_knot_fraction,hcrd_other,0.02239137071982455,371
40Hz10kN,Bearing3_3,h_spec_level_1_log1p_polygon_area,hcrd_exact_polygon_mass,0.23400879359491655,371
40Hz10kN,Bearing3_3,h_spec_level_1_log1p_quadratic_energy,hcrd_other,0.2512115280222401,371
40Hz10kN,Bearing3_3,h_spec_level_1_log1p_triangle_area,hcrd_other,0.25817637479232125,371
40Hz10kN,Bearing3_3,h_spec_level_1_log1p_peak_amplitude,hcrd_other,0.3234318049899304,371
40Hz10kN,Bearing3_3,h_spec_level_1_log1p_mean_amplitude,hcrd_other,0.3580729760279365,371
40Hz10kN,Bearing3_3,h_spec_level_1_positive_area_fraction,hcrd_other,-0.0969184818241422,371
40Hz10kN,Bearing3_3,h_spec_level_1_sign_balance,hcrd_other,-0.0969184818241422,371
40Hz10kN,Bearing3_3,h_spec_level_1_area_concentration,hcrd_other,-0.052617751217872946,371
40Hz10kN,Bearing3_3,h_spec_level_1_weighted_shape_factor,hcrd_other,0.02316367319410533,371
40Hz10kN,Bearing3_3,h_spec_level_1_mean_duration_fraction,hcrd_other,-0.019228631221402517,371
40Hz10kN,Bearing3_3,h_spec_level_2_log1p_structure_count,hcrd_other,0.05660063632769081,371
40Hz10kN,Bearing3_3,h_spec_level_2_knot_fraction,hcrd_other,0.05660063632769081,371
40Hz10kN,Bearing3_3,h_spec_level_2_log1p_polygon_area,hcrd_exact_polygon_mass,0.06461835281068393,371
40Hz10kN,Bearing3_3,h_spec_level_2_log1p_quadratic_energy,hcrd_other,-0.005055964581223255,371
40Hz10kN,Bearing3_3,h_spec_level_2_log1p_triangle_area,hcrd_other,0.07837367843454272,371
40Hz10kN,Bearing3_3,h_spec_level_2_log1p_peak_amplitude,hcrd_other,-0.07483086077121379,371
40Hz10kN,Bearing3_3,h_spec_level_2_log1p_mean_amplitude,hcrd_other,0.15409658854576688,371
40Hz10kN,Bearing3_3,h_spec_level_2_positive_area_fraction,hcrd_other,0.16029886942851035,371
40Hz10kN,Bearing3_3,h_spec_level_2_sign_balance,hcrd_other,0.16029886942851035,371
40Hz10kN,Bearing3_3,h_spec_level_2_area_concentration,hcrd_other,-0.1907599104190705,371
40Hz10kN,Bearing3_3,h_spec_level_2_weighted_shape_factor,hcrd_other,-0.05364774390946029,371
40Hz10kN,Bearing3_3,h_spec_level_2_mean_duration_fraction,hcrd_other,-0.05695596005516906,371
40Hz10kN,Bearing3_3,h_spec_level_3_log1p_structure_count,hcrd_other,0.006065549349468892,371
40Hz10kN,Bearing3_3,h_spec_level_3_knot_fraction,hcrd_other,0.006065549349468892,371
40Hz10kN,Bearing3_3,h_spec_level_3_log1p_polygon_area,hcrd_exact_polygon_mass,0.01430169409475557,371
40Hz10kN,Bearing3_3,h_spec_level_3_log1p_quadratic_energy,hcrd_other,-0.005038339791839488,371
40Hz10kN,Bearing3_3,h_spec_level_3_log1p_triangle_area,hcrd_other,0.010760286414577347,371
40Hz10kN,Bearing3_3,h_spec_level_3_log1p_peak_amplitude,hcrd_other,-0.02713841569593244,371
40Hz10kN,Bearing3_3,h_spec_level_3_log1p_mean_amplitude,hcrd_other,0.010910684617318825,371
40Hz10kN,Bearing3_3,h_spec_level_3_positive_area_fraction,hcrd_other,0.12807699447991597,371
40Hz10kN,Bearing3_3,h_spec_level_3_sign_balance,hcrd_other,0.12807699447991597,371
40Hz10kN,Bearing3_3,h_spec_level_3_area_concentration,hcrd_other,-0.0026575832418802596,371
40Hz10kN,Bearing3_3,h_spec_level_3_weighted_shape_factor,hcrd_other,0.022488608289537144,371
40Hz10kN,Bearing3_3,h_spec_level_3_mean_duration_fraction,hcrd_other,-0.004763256213550073,371
40Hz10kN,Bearing3_3,h_spec_level_4_log1p_structure_count,hcrd_other,0.025150595585326528,371
40Hz10kN,Bearing3_3,h_spec_level_4_knot_fraction,hcrd_other,0.025150595585326528,371
40Hz10kN,Bearing3_3,h_spec_level_4_log1p_polygon_area,hcrd_exact_polygon_mass,0.038346136763665675,371
40Hz10kN,Bearing3_3,h_spec_level_4_log1p_quadratic_energy,hcrd_other,0.07163278398823135,371
40Hz10kN,Bearing3_3,h_spec_level_4_log1p_triangle_area,hcrd_other,0.049053313812899936,371
40Hz10kN,Bearing3_3,h_spec_level_4_log1p_peak_amplitude,hcrd_other,0.13308431464244003,371
40Hz10kN,Bearing3_3,h_spec_level_4_log1p_mean_amplitude,hcrd_other,0.05135746127833773,371
40Hz10kN,Bearing3_3,h_spec_level_4_positive_area_fraction,hcrd_other,0.18186785487587592,371
40Hz10kN,Bearing3_3,h_spec_level_4_sign_balance,hcrd_other,0.18186881487890869,371
40Hz10kN,Bearing3_3,h_spec_level_4_area_concentration,hcrd_other,0.0438098214726334,371
40Hz10kN,Bearing3_3,h_spec_level_4_weighted_shape_factor,hcrd_other,-0.0723502096469291,371
40Hz10kN,Bearing3_3,h_spec_level_4_mean_duration_fraction,hcrd_other,-0.025150595585326528,371
40Hz10kN,Bearing3_3,h_spec_level_5_log1p_structure_count,hcrd_other,-0.021798104625653965,371
40Hz10kN,Bearing3_3,h_spec_level_5_knot_fraction,hcrd_other,-0.021798104625653965,371
40Hz10kN,Bearing3_3,h_spec_level_5_log1p_polygon_area,hcrd_exact_polygon_mass,-0.03991826797669768,371
40Hz10kN,Bearing3_3,h_spec_level_5_log1p_quadratic_energy,hcrd_other,-0.025846636132698216,371
40Hz10kN,Bearing3_3,h_spec_level_5_log1p_triangle_area,hcrd_other,-0.05583415778181451,371
40Hz10kN,Bearing3_3,h_spec_level_5_log1p_peak_amplitude,hcrd_other,-0.0004716393639096013,371
40Hz10kN,Bearing3_3,h_spec_level_5_log1p_mean_amplitude,hcrd_other,-0.0449862174147019,371
40Hz10kN,Bearing3_3,h_spec_level_5_positive_area_fraction,hcrd_other,0.0832526210962735,371
40Hz10kN,Bearing3_3,h_spec_level_5_sign_balance,hcrd_other,0.0832526210962735,371
40Hz10kN,Bearing3_3,h_spec_level_5_area_concentration,hcrd_other,0.0684634886147861,371
40Hz10kN,Bearing3_3,h_spec_level_5_weighted_shape_factor,hcrd_other,0.062210548813707314,371
40Hz10kN,Bearing3_3,h_spec_level_5_mean_duration_fraction,hcrd_other,0.021798104625653965,371
40Hz10kN,Bearing3_3,v_env_level_0_log1p_structure_count,hcrd_other,-0.12322617906513321,371
40Hz10kN,Bearing3_3,v_env_level_0_knot_fraction,hcrd_other,-0.12322617906513321,371
40Hz10kN,Bearing3_3,v_env_level_0_log1p_polygon_area,hcrd_exact_polygon_mass,-0.3011333914559721,371
40Hz10kN,Bearing3_3,v_env_level_0_log1p_quadratic_energy,hcrd_other,-0.3066339707240499,371
40Hz10kN,Bearing3_3,v_env_level_0_log1p_triangle_area,hcrd_other,-0.3062246056159629,371
40Hz10kN,Bearing3_3,v_env_level_0_log1p_peak_amplitude,hcrd_other,-0.10002655468267155,371
40Hz10kN,Bearing3_3,v_env_level_0_log1p_mean_amplitude,hcrd_other,-0.303814239419839,371
40Hz10kN,Bearing3_3,v_env_level_0_positive_area_fraction,hcrd_other,-0.04309707498995387,371
40Hz10kN,Bearing3_3,v_env_level_0_sign_balance,hcrd_other,-0.04309707498995387,371
40Hz10kN,Bearing3_3,v_env_level_0_area_concentration,hcrd_other,-0.09419509936856255,371
40Hz10kN,Bearing3_3,v_env_level_0_weighted_shape_factor,hcrd_other,0.09079821496133123,371
40Hz10kN,Bearing3_3,v_env_level_0_mean_duration_fraction,hcrd_other,0.12322617906513321,371
40Hz10kN,Bearing3_3,v_env_level_1_log1p_structure_count,hcrd_other,-0.14220910888170268,371
40Hz10kN,Bearing3_3,v_env_level_1_knot_fraction,hcrd_other,-0.14220910888170268,371
40Hz10kN,Bearing3_3,v_env_level_1_log1p_polygon_area,hcrd_exact_polygon_mass,-0.16467968707773942,371
40Hz10kN,Bearing3_3,v_env_level_1_log1p_quadratic_energy,hcrd_other,-0.16737040492366118,371
40Hz10kN,Bearing3_3,v_env_level_1_log1p_triangle_area,hcrd_other,-0.17217985745070347,371
40Hz10kN,Bearing3_3,v_env_level_1_log1p_peak_amplitude,hcrd_other,-0.05775643481060402,371
40Hz10kN,Bearing3_3,v_env_level_1_log1p_mean_amplitude,hcrd_other,-0.17533116979252097,371
40Hz10kN,Bearing3_3,v_env_level_1_positive_area_fraction,hcrd_other,0.03572591807527901,371
40Hz10kN,Bearing3_3,v_env_level_1_sign_balance,hcrd_other,0.03572591807527901,371
40Hz10kN,Bearing3_3,v_env_level_1_area_concentration,hcrd_other,-0.0041213807495000445,371
40Hz10kN,Bearing3_3,v_env_level_1_weighted_shape_factor,hcrd_other,-0.05350909870993007,371
40Hz10kN,Bearing3_3,v_env_level_1_mean_duration_fraction,hcrd_other,0.14221263148098956,371
40Hz10kN,Bearing3_3,v_env_level_2_log1p_structure_count,hcrd_other,-0.14020705385370263,371
40Hz10kN,Bearing3_3,v_env_level_2_knot_fraction,hcrd_other,-0.14020705385370263,371
40Hz10kN,Bearing3_3,v_env_level_2_log1p_polygon_area,hcrd_exact_polygon_mass,-0.041070929202396037,371
40Hz10kN,Bearing3_3,v_env_level_2_log1p_quadratic_energy,hcrd_other,-0.042684889915565516,371
40Hz10kN,Bearing3_3,v_env_level_2_log1p_triangle_area,hcrd_other,-0.04203277270836614,371
40Hz10kN,Bearing3_3,v_env_level_2_log1p_peak_amplitude,hcrd_other,-0.018420019880762428,371
40Hz10kN,Bearing3_3,v_env_level_2_log1p_mean_amplitude,hcrd_other,-0.04941003955002738,371
40Hz10kN,Bearing3_3,v_env_level_2_positive_area_fraction,hcrd_other,0.01746640127650475,371
40Hz10kN,Bearing3_3,v_env_level_2_sign_balance,hcrd_other,0.01746640127650475,371
40Hz10kN,Bearing3_3,v_env_level_2_area_concentration,hcrd_other,0.0958010701772114,371
40Hz10kN,Bearing3_3,v_env_level_2_weighted_shape_factor,hcrd_other,0.04230482706891818,371
40Hz10kN,Bearing3_3,v_env_level_2_mean_duration_fraction,hcrd_other,0.14022144384799695,371
40Hz10kN,Bearing3_3,v_env_level_3_log1p_structure_count,hcrd_other,-0.13505803380711862,371
40Hz10kN,Bearing3_3,v_env_level_3_knot_fraction,hcrd_other,-0.13505803380711862,371
40Hz10kN,Bearing3_3,v_env_level_3_log1p_polygon_area,hcrd_exact_polygon_mass,-0.030628593988301842,371
40Hz10kN,Bearing3_3,v_env_level_3_log1p_quadratic_energy,hcrd_other,-0.03538540714438463,371
40Hz10kN,Bearing3_3,v_env_level_3_log1p_triangle_area,hcrd_other,-0.036061729062337705,371
40Hz10kN,Bearing3_3,v_env_level_3_log1p_peak_amplitude,hcrd_other,0.014156230833041544,371
40Hz10kN,Bearing3_3,v_env_level_3_log1p_mean_amplitude,hcrd_other,-0.05294463231164389,371
40Hz10kN,Bearing3_3,v_env_level_3_positive_area_fraction,hcrd_other,-0.041543743552264555,371
40Hz10kN,Bearing3_3,v_env_level_3_sign_balance,hcrd_other,-0.041543743552264555,371
40Hz10kN,Bearing3_3,v_env_level_3_area_concentration,hcrd_other,0.05905831925308493,371
40Hz10kN,Bearing3_3,v_env_level_3_weighted_shape_factor,hcrd_other,0.01627060748598699,371
40Hz10kN,Bearing3_3,v_env_level_3_mean_duration_fraction,hcrd_other,0.13505803380711862,371
40Hz10kN,Bearing3_3,v_env_level_4_log1p_structure_count,hcrd_other,-0.10964284490667126,371
40Hz10kN,Bearing3_3,v_env_level_4_knot_fraction,hcrd_other,-0.10964284490667126,371
40Hz10kN,Bearing3_3,v_env_level_4_log1p_polygon_area,hcrd_exact_polygon_mass,0.07339173796873127,371
40Hz10kN,Bearing3_3,v_env_level_4_log1p_quadratic_energy,hcrd_other,0.06821850978880803,371
40Hz10kN,Bearing3_3,v_env_level_4_log1p_triangle_area,hcrd_other,0.06700075434098562,371
40Hz10kN,Bearing3_3,v_env_level_4_log1p_peak_amplitude,hcrd_other,0.07847190726070824,371
40Hz10kN,Bearing3_3,v_env_level_4_log1p_mean_amplitude,hcrd_other,0.0773004462596672,371
40Hz10kN,Bearing3_3,v_env_level_4_positive_area_fraction,hcrd_other,-0.05865014635923404,371
40Hz10kN,Bearing3_3,v_env_level_4_sign_balance,hcrd_other,-0.05865014635923404,371
40Hz10kN,Bearing3_3,v_env_level_4_area_concentration,hcrd_other,0.028321156562179085,371
40Hz10kN,Bearing3_3,v_env_level_4_weighted_shape_factor,hcrd_other,-0.028553706008457642,371
40Hz10kN,Bearing3_3,v_env_level_4_mean_duration_fraction,hcrd_other,0.11047170079331547,371
40Hz10kN,Bearing3_3,v_env_level_5_log1p_structure_count,hcrd_other,-0.05757631827816242,371
40Hz10kN,Bearing3_3,v_env_level_5_knot_fraction,hcrd_other,-0.05757631827816242,371
40Hz10kN,Bearing3_3,v_env_level_5_log1p_polygon_area,hcrd_exact_polygon_mass,0.05403713425624564,371
40Hz10kN,Bearing3_3,v_env_level_5_log1p_quadratic_energy,hcrd_other,0.04540145745258345,371
40Hz10kN,Bearing3_3,v_env_level_5_log1p_triangle_area,hcrd_other,0.04988520387181374,371
40Hz10kN,Bearing3_3,v_env_level_5_log1p_peak_amplitude,hcrd_other,0.04217870596446373,371
40Hz10kN,Bearing3_3,v_env_level_5_log1p_mean_amplitude,hcrd_other,0.05779403436128939,371
40Hz10kN,Bearing3_3,v_env_level_5_positive_area_fraction,hcrd_other,-0.033848648173986834,371
40Hz10kN,Bearing3_3,v_env_level_5_sign_balance,hcrd_other,-0.030433240780711666,371
40Hz10kN,Bearing3_3,v_env_level_5_area_concentration,hcrd_other,0.07678921438025464,371
40Hz10kN,Bearing3_3,v_env_level_5_weighted_shape_factor,hcrd_other,-0.023265864683513774,371
40Hz10kN,Bearing3_3,v_env_level_5_mean_duration_fraction,hcrd_other,0.05757631827816242,371
40Hz10kN,Bearing3_3,v_spec_level_0_log1p_structure_count,hcrd_other,0.11942715344663979,371
40Hz10kN,Bearing3_3,v_spec_level_0_knot_fraction,hcrd_other,0.11942715344663979,371
40Hz10kN,Bearing3_3,v_spec_level_0_log1p_polygon_area,hcrd_exact_polygon_mass,-0.028949304055816534,371
40Hz10kN,Bearing3_3,v_spec_level_0_log1p_quadratic_energy,hcrd_other,-0.12667946618037917,371
40Hz10kN,Bearing3_3,v_spec_level_0_log1p_triangle_area,hcrd_other,-0.030371977054874193,371
40Hz10kN,Bearing3_3,v_spec_level_0_log1p_peak_amplitude,hcrd_other,-0.16379233768156473,371
40Hz10kN,Bearing3_3,v_spec_level_0_log1p_mean_amplitude,hcrd_other,-0.031221726900363542,371
40Hz10kN,Bearing3_3,v_spec_level_0_positive_area_fraction,hcrd_other,-0.06269560578751084,371
40Hz10kN,Bearing3_3,v_spec_level_0_sign_balance,hcrd_other,-0.06269560578751084,371
40Hz10kN,Bearing3_3,v_spec_level_0_area_concentration,hcrd_other,-0.15364022399932323,371
40Hz10kN,Bearing3_3,v_spec_level_0_weighted_shape_factor,hcrd_other,-0.0277277886529256,371
40Hz10kN,Bearing3_3,v_spec_level_0_mean_duration_fraction,hcrd_other,-0.11942715344663979,371
40Hz10kN,Bearing3_3,v_spec_level_1_log1p_structure_count,hcrd_other,-0.032861395941273915,371
40Hz10kN,Bearing3_3,v_spec_level_1_knot_fraction,hcrd_other,-0.032861395941273915,371
40Hz10kN,Bearing3_3,v_spec_level_1_log1p_polygon_area,hcrd_exact_polygon_mass,0.0910585918498274,371
40Hz10kN,Bearing3_3,v_spec_level_1_log1p_quadratic_energy,hcrd_other,0.09785588562216681,371
40Hz10kN,Bearing3_3,v_spec_level_1_log1p_triangle_area,hcrd_other,0.09536162542857615,371
40Hz10kN,Bearing3_3,v_spec_level_1_log1p_peak_amplitude,hcrd_other,0.16368235899581002,371
40Hz10kN,Bearing3_3,v_spec_level_1_log1p_mean_amplitude,hcrd_other,0.10890709856017222,371
40Hz10kN,Bearing3_3,v_spec_level_1_positive_area_fraction,hcrd_other,-0.031213971993034686,371
40Hz10kN,Bearing3_3,v_spec_level_1_sign_balance,hcrd_other,-0.031213971993034686,371
40Hz10kN,Bearing3_3,v_spec_level_1_area_concentration,hcrd_other,0.0025988339439343704,371
40Hz10kN,Bearing3_3,v_spec_level_1_weighted_shape_factor,hcrd_other,0.045665594296148165,371
40Hz10kN,Bearing3_3,v_spec_level_1_mean_duration_fraction,hcrd_other,0.033926850449568835,371
40Hz10kN,Bearing3_3,v_spec_level_2_log1p_structure_count,hcrd_other,-0.0939440837709585,371
40Hz10kN,Bearing3_3,v_spec_level_2_knot_fraction,hcrd_other,-0.0939440837709585,371
40Hz10kN,Bearing3_3,v_spec_level_2_log1p_polygon_area,hcrd_exact_polygon_mass,0.10844344910078327,371
40Hz10kN,Bearing3_3,v_spec_level_2_log1p_quadratic_energy,hcrd_other,0.14223228532419038,371
40Hz10kN,Bearing3_3,v_spec_level_2_log1p_triangle_area,hcrd_other,0.11757637996225945,371
40Hz10kN,Bearing3_3,v_spec_level_2_log1p_peak_amplitude,hcrd_other,0.132247254645307,371
40Hz10kN,Bearing3_3,v_spec_level_2_log1p_mean_amplitude,hcrd_other,0.131741305691397,371
40Hz10kN,Bearing3_3,v_spec_level_2_positive_area_fraction,hcrd_other,0.13672277616282486,371
40Hz10kN,Bearing3_3,v_spec_level_2_sign_balance,hcrd_other,0.13672277616282486,371
40Hz10kN,Bearing3_3,v_spec_level_2_area_concentration,hcrd_other,0.07914047427133246,371
40Hz10kN,Bearing3_3,v_spec_level_2_weighted_shape_factor,hcrd_other,0.037238360001597984,371
40Hz10kN,Bearing3_3,v_spec_level_2_mean_duration_fraction,hcrd_other,0.09500997342368893,371
40Hz10kN,Bearing3_3,v_spec_level_3_log1p_structure_count,hcrd_other,-0.1673235402913685,371
40Hz10kN,Bearing3_3,v_spec_level_3_knot_fraction,hcrd_other,-0.1673235402913685,371
40Hz10kN,Bearing3_3,v_spec_level_3_log1p_polygon_area,hcrd_exact_polygon_mass,0.14766800536733588,371
40Hz10kN,Bearing3_3,v_spec_level_3_log1p_quadratic_energy,hcrd_other,0.1373069791815988,371
40Hz10kN,Bearing3_3,v_spec_level_3_log1p_triangle_area,hcrd_other,0.1413832404702764,371
40Hz10kN,Bearing3_3,v_spec_level_3_log1p_peak_amplitude,hcrd_other,0.09766647788558927,371
40Hz10kN,Bearing3_3,v_spec_level_3_log1p_mean_amplitude,hcrd_other,0.17036967408239473,371
40Hz10kN,Bearing3_3,v_spec_level_3_positive_area_fraction,hcrd_other,-0.0017906786013907135,371
40Hz10kN,Bearing3_3,v_spec_level_3_sign_balance,hcrd_other,-0.0017906786013907135,371
40Hz10kN,Bearing3_3,v_spec_level_3_area_concentration,hcrd_other,0.05960962266500916,371
40Hz10kN,Bearing3_3,v_spec_level_3_weighted_shape_factor,hcrd_other,0.11330475985534579,371
40Hz10kN,Bearing3_3,v_spec_level_3_mean_duration_fraction,hcrd_other,0.1673235402913685,371
40Hz10kN,Bearing3_3,v_spec_level_4_log1p_structure_count,hcrd_other,-0.10313153702932555,371
40Hz10kN,Bearing3_3,v_spec_level_4_knot_fraction,hcrd_other,-0.10313153702932555,371
40Hz10kN,Bearing3_3,v_spec_level_4_log1p_polygon_area,hcrd_exact_polygon_mass,0.03721415529084428,371
40Hz10kN,Bearing3_3,v_spec_level_4_log1p_quadratic_energy,hcrd_other,0.0687564183608006,371
40Hz10kN,Bearing3_3,v_spec_level_4_log1p_triangle_area,hcrd_other,0.057436838629778386,371
40Hz10kN,Bearing3_3,v_spec_level_4_log1p_peak_amplitude,hcrd_other,0.0918162227961376,371
40Hz10kN,Bearing3_3,v_spec_level_4_log1p_mean_amplitude,hcrd_other,0.0690323050639545,371
40Hz10kN,Bearing3_3,v_spec_level_4_positive_area_fraction,hcrd_other,0.02999008238691544,371
40Hz10kN,Bearing3_3,v_spec_level_4_sign_balance,hcrd_other,0.02999008238691544,371
40Hz10kN,Bearing3_3,v_spec_level_4_area_concentration,hcrd_other,0.07055579185828731,371
40Hz10kN,Bearing3_3,v_spec_level_4_weighted_shape_factor,hcrd_other,-0.059672072341047225,371
40Hz10kN,Bearing3_3,v_spec_level_4_mean_duration_fraction,hcrd_other,0.10313153702932555,371
40Hz10kN,Bearing3_3,v_spec_level_5_log1p_structure_count,hcrd_other,-0.10588422101584884,371
40Hz10kN,Bearing3_3,v_spec_level_5_knot_fraction,hcrd_other,-0.10588422101584884,371
40Hz10kN,Bearing3_3,v_spec_level_5_log1p_polygon_area,hcrd_exact_polygon_mass,-0.045390882578953184,371
40Hz10kN,Bearing3_3,v_spec_level_5_log1p_quadratic_energy,hcrd_other,-0.05372082803610497,371
40Hz10kN,Bearing3_3,v_spec_level_5_log1p_triangle_area,hcrd_other,-0.04902628913584483,371
40Hz10kN,Bearing3_3,v_spec_level_5_log1p_peak_amplitude,hcrd_other,-0.06605747561316642,371
40Hz10kN,Bearing3_3,v_spec_level_5_log1p_mean_amplitude,hcrd_other,-0.06589250758453438,371
40Hz10kN,Bearing3_3,v_spec_level_5_positive_area_fraction,hcrd_other,0.025796872599298276,371
40Hz10kN,Bearing3_3,v_spec_level_5_sign_balance,hcrd_other,0.025796872599298276,371
40Hz10kN,Bearing3_3,v_spec_level_5_area_concentration,hcrd_other,0.11584858748452186,371
40Hz10kN,Bearing3_3,v_spec_level_5_weighted_shape_factor,hcrd_other,0.00488447941957948,371
40Hz10kN,Bearing3_3,v_spec_level_5_mean_duration_fraction,hcrd_other,0.10588422101584884,371
40Hz10kN,Bearing3_4,h_mean,standard,0.12028720301265794,1515
40Hz10kN,Bearing3_4,h_std,standard,0.11548964197821301,1515
40Hz10kN,Bearing3_4,h_variance,standard,0.11548964197821301,1515
40Hz10kN,Bearing3_4,h_rms,standard,0.11489870847783344,1515
40Hz10kN,Bearing3_4,h_peak,standard,0.023910102875768263,1515
40Hz10kN,Bearing3_4,h_peak_to_peak,standard,0.03229994309923514,1515
40Hz10kN,Bearing3_4,h_crest_factor,standard,-0.1058954413233051,1515
40Hz10kN,Bearing3_4,h_shape_factor,standard,0.004402381435858308,1515
40Hz10kN,Bearing3_4,h_impulse_factor,standard,-0.07531248795416219,1515
40Hz10kN,Bearing3_4,h_clearance_factor,standard,-0.06449306028604625,1515
40Hz10kN,Bearing3_4,h_kurtosis,standard,-0.015626596203597184,1515
40Hz10kN,Bearing3_4,h_skewness,standard,-0.35021866327126194,1515
40Hz10kN,Bearing3_4,h_line_integral,standard,0.19961866229808312,1515
40Hz10kN,Bearing3_4,h_zero_crossing_rate,standard,-0.01425245186648619,1515
40Hz10kN,Bearing3_4,h_entropy,standard,0.08919362238756585,1515
40Hz10kN,Bearing3_4,h_percentile_5,standard,-0.10460887168650775,1515
40Hz10kN,Bearing3_4,h_percentile_50,standard,0.13322757455222894,1515
40Hz10kN,Bearing3_4,h_percentile_95,standard,0.13739844595438988,1515
40Hz10kN,Bearing3_4,v_mean,standard,0.07447124555120108,1515
40Hz10kN,Bearing3_4,v_std,standard,0.4069215137904455,1515
40Hz10kN,Bearing3_4,v_variance,standard,0.4069214651255334,1515
40Hz10kN,Bearing3_4,v_rms,standard,0.4066669688639954,1515
40Hz10kN,Bearing3_4,v_peak,standard,0.41467956671908124,1515
40Hz10kN,Bearing3_4,v_peak_to_peak,standard,0.43164119482260627,1515
40Hz10kN,Bearing3_4,v_crest_factor,standard,0.32931941044251184,1515
40Hz10kN,Bearing3_4,v_shape_factor,standard,0.4314342146357056,1515
40Hz10kN,Bearing3_4,v_impulse_factor,standard,0.3507104208355707,1515
40Hz10kN,Bearing3_4,v_clearance_factor,standard,0.35879119730671655,1515
40Hz10kN,Bearing3_4,v_kurtosis,standard,0.472075595488008,1515
40Hz10kN,Bearing3_4,v_skewness,standard,0.023741787639062338,1515
40Hz10kN,Bearing3_4,v_line_integral,standard,0.48108549199959494,1515
40Hz10kN,Bearing3_4,v_zero_crossing_rate,standard,0.30519202009905366,1515
40Hz10kN,Bearing3_4,v_entropy,standard,-0.3606185778545244,1515
40Hz10kN,Bearing3_4,v_percentile_5,standard,-0.40956627941207147,1515
40Hz10kN,Bearing3_4,v_percentile_50,standard,0.006854839221411804,1515
40Hz10kN,Bearing3_4,v_percentile_95,standard,0.40235044528542957,1515
40Hz10kN,Bearing3_4,cross_correlation,standard,0.5745098103498809,1515
40Hz10kN,Bearing3_4,h_spectral_centroid,standard,0.41084432821207767,1515
40Hz10kN,Bearing3_4,h_spectral_bandwidth,standard,0.7096499491508031,1515
40Hz10kN,Bearing3_4,h_spectral_rolloff,standard,0.6076670501513729,1515
40Hz10kN,Bearing3_4,h_spectral_flatness,standard,0.5624806356935835,1515
40Hz10kN,Bearing3_4,h_band_power_0_1k,standard,0.34654042351844655,1515
40Hz10kN,Bearing3_4,h_band_power_1_3k,standard,0.3433100461766445,1515
40Hz10kN,Bearing3_4,h_band_power_3_6k,standard,-0.47845366234967546,1515
40Hz10kN,Bearing3_4,h_band_power_6_12k,standard,0.32202682915946035,1515
40Hz10kN,Bearing3_4,h_dominant_frequency,standard,0.3657693005504967,1515
40Hz10kN,Bearing3_4,h_mean_frequency,standard,-0.11803440104277835,1515
40Hz10kN,Bearing3_4,h_bpfo_band_power,standard,-0.6423011013174736,1515
40Hz10kN,Bearing3_4,h_bpfi_band_power,standard,-0.004536231464437752,1515
40Hz10kN,Bearing3_4,h_bsf_band_power,standard,-0.20619385521784145,1515
40Hz10kN,Bearing3_4,h_ftf_band_power,standard,0.3127716053202237,1515
40Hz10kN,Bearing3_4,v_spectral_centroid,standard,0.5789678320574971,1515
40Hz10kN,Bearing3_4,v_spectral_bandwidth,standard,0.802172900195175,1515
40Hz10kN,Bearing3_4,v_spectral_rolloff,standard,0.8614645225177415,1515
40Hz10kN,Bearing3_4,v_spectral_flatness,standard,0.4170270836845667,1515
40Hz10kN,Bearing3_4,v_band_power_0_1k,standard,0.596970252788028,1515
40Hz10kN,Bearing3_4,v_band_power_1_3k,standard,-0.3994599168180587,1515
40Hz10kN,Bearing3_4,v_band_power_3_6k,standard,-0.08568053997482089,1515
40Hz10kN,Bearing3_4,v_band_power_6_12k,standard,0.51578577822021,1515
40Hz10kN,Bearing3_4,v_dominant_frequency,standard,0.6834333516891421,1515
40Hz10kN,Bearing3_4,v_mean_frequency,standard,0.24195353153994886,1515
40Hz10kN,Bearing3_4,v_bpfo_band_power,standard,-0.24382567220169593,1515
40Hz10kN,Bearing3_4,v_bpfi_band_power,standard,0.5082872111569913,1515
40Hz10kN,Bearing3_4,v_bsf_band_power,standard,-0.07644836183809736,1515
40Hz10kN,Bearing3_4,v_ftf_band_power,standard,0.4769622934276991,1515
40Hz10kN,Bearing3_4,h_env_level_0_log1p_structure_count,hcrd_other,-0.2932446237963397,1515
40Hz10kN,Bearing3_4,h_env_level_0_knot_fraction,hcrd_other,-0.2932446237963397,1515
40Hz10kN,Bearing3_4,h_env_level_0_log1p_polygon_area,hcrd_exact_polygon_mass,0.2896151433249096,1515
40Hz10kN,Bearing3_4,h_env_level_0_log1p_quadratic_energy,hcrd_other,0.2962122845327757,1515
40Hz10kN,Bearing3_4,h_env_level_0_log1p_triangle_area,hcrd_other,0.2841212728502472,1515
40Hz10kN,Bearing3_4,h_env_level_0_log1p_peak_amplitude,hcrd_other,0.25337547588702747,1515
40Hz10kN,Bearing3_4,h_env_level_0_log1p_mean_amplitude,hcrd_other,0.27406305915722784,1515
40Hz10kN,Bearing3_4,h_env_level_0_positive_area_fraction,hcrd_other,-0.0337633345771847,1515
40Hz10kN,Bearing3_4,h_env_level_0_sign_balance,hcrd_other,-0.0337633345771847,1515
40Hz10kN,Bearing3_4,h_env_level_0_area_concentration,hcrd_other,0.11187277805935929,1515
40Hz10kN,Bearing3_4,h_env_level_0_weighted_shape_factor,hcrd_other,0.3238498518990946,1515
40Hz10kN,Bearing3_4,h_env_level_0_mean_duration_fraction,hcrd_other,0.2932446237963397,1515
40Hz10kN,Bearing3_4,h_env_level_1_log1p_structure_count,hcrd_other,-0.2923178617988294,1515
40Hz10kN,Bearing3_4,h_env_level_1_knot_fraction,hcrd_other,-0.2923178617988294,1515
40Hz10kN,Bearing3_4,h_env_level_1_log1p_polygon_area,hcrd_exact_polygon_mass,0.2905723682164908,1515
40Hz10kN,Bearing3_4,h_env_level_1_log1p_quadratic_energy,hcrd_other,0.2878702751262778,1515
40Hz10kN,Bearing3_4,h_env_level_1_log1p_triangle_area,hcrd_other,0.28859907907605853,1515
40Hz10kN,Bearing3_4,h_env_level_1_log1p_peak_amplitude,hcrd_other,0.24625577216683064,1515
40Hz10kN,Bearing3_4,h_env_level_1_log1p_mean_amplitude,hcrd_other,0.28493077817068824,1515
40Hz10kN,Bearing3_4,h_env_level_1_positive_area_fraction,hcrd_other,-0.034224255529424284,1515
40Hz10kN,Bearing3_4,h_env_level_1_sign_balance,hcrd_other,-0.034224255529424284,1515
40Hz10kN,Bearing3_4,h_env_level_1_area_concentration,hcrd_other,0.017005678567389684,1515
40Hz10kN,Bearing3_4,h_env_level_1_weighted_shape_factor,hcrd_other,-0.06571091833649642,1515
40Hz10kN,Bearing3_4,h_env_level_1_mean_duration_fraction,hcrd_other,0.2923135480950672,1515
40Hz10kN,Bearing3_4,h_env_level_2_log1p_structure_count,hcrd_other,-0.21586051459585767,1515
40Hz10kN,Bearing3_4,h_env_level_2_knot_fraction,hcrd_other,-0.21586051459585767,1515
40Hz10kN,Bearing3_4,h_env_level_2_log1p_polygon_area,hcrd_exact_polygon_mass,0.2602617857907128,1515
40Hz10kN,Bearing3_4,h_env_level_2_log1p_quadratic_energy,hcrd_other,0.25543745888794034,1515
40Hz10kN,Bearing3_4,h_env_level_2_log1p_triangle_area,hcrd_other,0.2645975631257441,1515
40Hz10kN,Bearing3_4,h_env_level_2_log1p_peak_amplitude,hcrd_other,0.24398007633794058,1515
40Hz10kN,Bearing3_4,h_env_level_2_log1p_mean_amplitude,hcrd_other,0.2655142216452016,1515
40Hz10kN,Bearing3_4,h_env_level_2_positive_area_fraction,hcrd_other,0.021915583087850132,1515
40Hz10kN,Bearing3_4,h_env_level_2_sign_balance,hcrd_other,0.021915583087850132,1515
40Hz10kN,Bearing3_4,h_env_level_2_area_concentration,hcrd_other,0.11254399536076688,1515
40Hz10kN,Bearing3_4,h_env_level_2_weighted_shape_factor,hcrd_other,0.011049778518502498,1515
40Hz10kN,Bearing3_4,h_env_level_2_mean_duration_fraction,hcrd_other,0.21680763705759568,1515
40Hz10kN,Bearing3_4,h_env_level_3_log1p_structure_count,hcrd_other,-0.15526034731418772,1515
40Hz10kN,Bearing3_4,h_env_level_3_knot_fraction,hcrd_other,-0.15526034731418772,1515
40Hz10kN,Bearing3_4,h_env_level_3_log1p_polygon_area,hcrd_exact_polygon_mass,0.18845124217130277,1515
40Hz10kN,Bearing3_4,h_env_level_3_log1p_quadratic_energy,hcrd_other,0.18317856281712216,1515
40Hz10kN,Bearing3_4,h_env_level_3_log1p_triangle_area,hcrd_other,0.19182724088311767,1515
40Hz10kN,Bearing3_4,h_env_level_3_log1p_peak_amplitude,hcrd_other,0.16248722832220905,1515
40Hz10kN,Bearing3_4,h_env_level_3_log1p_mean_amplitude,hcrd_other,0.19621313692698364,1515
40Hz10kN,Bearing3_4,h_env_level_3_positive_area_fraction,hcrd_other,-0.06633562597466706,1515
40Hz10kN,Bearing3_4,h_env_level_3_sign_balance,hcrd_other,-0.06633562597466706,1515
40Hz10kN,Bearing3_4,h_env_level_3_area_concentration,hcrd_other,0.03706873296225313,1515
40Hz10kN,Bearing3_4,h_env_level_3_weighted_shape_factor,hcrd_other,-0.02933013417840591,1515
40Hz10kN,Bearing3_4,h_env_level_3_mean_duration_fraction,hcrd_other,0.15526034731418772,1515
40Hz10kN,Bearing3_4,h_env_level_4_log1p_structure_count,hcrd_other,-0.08680040561607973,1515
40Hz10kN,Bearing3_4,h_env_level_4_knot_fraction,hcrd_other,-0.08680040561607973,1515
40Hz10kN,Bearing3_4,h_env_level_4_log1p_polygon_area,hcrd_exact_polygon_mass,0.20521056845962674,1515
40Hz10kN,Bearing3_4,h_env_level_4_log1p_quadratic_energy,hcrd_other,0.21088511544747782,1515
40Hz10kN,Bearing3_4,h_env_level_4_log1p_triangle_area,hcrd_other,0.20854035153082237,1515
40Hz10kN,Bearing3_4,h_env_level_4_log1p_peak_amplitude,hcrd_other,0.20559387322510048,1515
40Hz10kN,Bearing3_4,h_env_level_4_log1p_mean_amplitude,hcrd_other,0.21122007531230674,1515
40Hz10kN,Bearing3_4,h_env_level_4_positive_area_fraction,hcrd_other,-0.03200711631600701,1515
40Hz10kN,Bearing3_4,h_env_level_4_sign_balance,hcrd_other,-0.032082052941577656,1515
40Hz10kN,Bearing3_4,h_env_level_4_area_concentration,hcrd_other,0.050857258376524474,1515
40Hz10kN,Bearing3_4,h_env_level_4_weighted_shape_factor,hcrd_other,-0.021936082498031455,1515
40Hz10kN,Bearing3_4,h_env_level_4_mean_duration_fraction,hcrd_other,0.08680040561607973,1515
40Hz10kN,Bearing3_4,h_env_level_5_log1p_structure_count,hcrd_other,-0.02568810442002896,1515
40Hz10kN,Bearing3_4,h_env_level_5_knot_fraction,hcrd_other,-0.02568810442002896,1515
40Hz10kN,Bearing3_4,h_env_level_5_log1p_polygon_area,hcrd_exact_polygon_mass,0.23340255786591965,1515
40Hz10kN,Bearing3_4,h_env_level_5_log1p_quadratic_energy,hcrd_other,0.23500787153266658,1515
40Hz10kN,Bearing3_4,h_env_level_5_log1p_triangle_area,hcrd_other,0.23958666749168306,1515
40Hz10kN,Bearing3_4,h_env_level_5_log1p_peak_amplitude,hcrd_other,0.2342378455229099,1515
40Hz10kN,Bearing3_4,h_env_level_5_log1p_mean_amplitude,hcrd_other,0.23120009546815135,1515
40Hz10kN,Bearing3_4,h_env_level_5_positive_area_fraction,hcrd_other,0.014695232723807548,1515
40Hz10kN,Bearing3_4,h_env_level_5_sign_balance,hcrd_other,0.01599675969082217,1515
40Hz10kN,Bearing3_4,h_env_level_5_area_concentration,hcrd_other,0.03597552562246541,1515
40Hz10kN,Bearing3_4,h_env_level_5_weighted_shape_factor,hcrd_other,-0.010424168920138022,1515
40Hz10kN,Bearing3_4,h_env_level_5_mean_duration_fraction,hcrd_other,0.02568810442002896,1515
40Hz10kN,Bearing3_4,h_spec_level_0_log1p_structure_count,hcrd_other,-0.33724869931508206,1515
40Hz10kN,Bearing3_4,h_spec_level_0_knot_fraction,hcrd_other,-0.33724869931508206,1515
40Hz10kN,Bearing3_4,h_spec_level_0_log1p_polygon_area,hcrd_exact_polygon_mass,-0.382069925796496,1515
40Hz10kN,Bearing3_4,h_spec_level_0_log1p_quadratic_energy,hcrd_other,-0.10569455236932289,1515
40Hz10kN,Bearing3_4,h_spec_level_0_log1p_triangle_area,hcrd_other,-0.4700201948407513,1515
40Hz10kN,Bearing3_4,h_spec_level_0_log1p_peak_amplitude,hcrd_other,0.13254058026235316,1515
40Hz10kN,Bearing3_4,h_spec_level_0_log1p_mean_amplitude,hcrd_other,-0.5795183061664028,1515
40Hz10kN,Bearing3_4,h_spec_level_0_positive_area_fraction,hcrd_other,-0.1840587823469367,1515
40Hz10kN,Bearing3_4,h_spec_level_0_sign_balance,hcrd_other,-0.1840587823469367,1515
40Hz10kN,Bearing3_4,h_spec_level_0_area_concentration,hcrd_other,0.3234647526194989,1515
40Hz10kN,Bearing3_4,h_spec_level_0_weighted_shape_factor,hcrd_other,0.2136982371970131,1515
40Hz10kN,Bearing3_4,h_spec_level_0_mean_duration_fraction,hcrd_other,0.33724869931508206,1515
40Hz10kN,Bearing3_4,h_spec_level_1_log1p_structure_count,hcrd_other,-0.3208408031512846,1515
40Hz10kN,Bearing3_4,h_spec_level_1_knot_fraction,hcrd_other,-0.3208408031512846,1515
40Hz10kN,Bearing3_4,h_spec_level_1_log1p_polygon_area,hcrd_exact_polygon_mass,0.026503500009990615,1515
40Hz10kN,Bearing3_4,h_spec_level_1_log1p_quadratic_energy,hcrd_other,0.19567426159108597,1515
40Hz10kN,Bearing3_4,h_spec_level_1_log1p_triangle_area,hcrd_other,-0.002069989294687966,1515
40Hz10kN,Bearing3_4,h_spec_level_1_log1p_peak_amplitude,hcrd_other,0.34722187300133833,1515
40Hz10kN,Bearing3_4,h_spec_level_1_log1p_mean_amplitude,hcrd_other,-0.017431289003289933,1515
40Hz10kN,Bearing3_4,h_spec_level_1_positive_area_fraction,hcrd_other,0.021130897278112043,1515
40Hz10kN,Bearing3_4,h_spec_level_1_sign_balance,hcrd_other,0.021130897278112043,1515
40Hz10kN,Bearing3_4,h_spec_level_1_area_concentration,hcrd_other,0.22551455363031417,1515
40Hz10kN,Bearing3_4,h_spec_level_1_weighted_shape_factor,hcrd_other,0.1039339614661912,1515
40Hz10kN,Bearing3_4,h_spec_level_1_mean_duration_fraction,hcrd_other,0.32100508354123514,1515
40Hz10kN,Bearing3_4,h_spec_level_2_log1p_structure_count,hcrd_other,-0.18227600322737114,1515
40Hz10kN,Bearing3_4,h_spec_level_2_knot_fraction,hcrd_other,-0.18227600322737114,1515
40Hz10kN,Bearing3_4,h_spec_level_2_log1p_polygon_area,hcrd_exact_polygon_mass,-0.1922519126500926,1515
40Hz10kN,Bearing3_4,h_spec_level_2_log1p_quadratic_energy,hcrd_other,-0.1556462126451611,1515
40Hz10kN,Bearing3_4,h_spec_level_2_log1p_triangle_area,hcrd_other,-0.21985035615756293,1515
40Hz10kN,Bearing3_4,h_spec_level_2_log1p_peak_amplitude,hcrd_other,-0.044841522489247845,1515
40Hz10kN,Bearing3_4,h_spec_level_2_log1p_mean_amplitude,hcrd_other,-0.21561488871096363,1515
40Hz10kN,Bearing3_4,h_spec_level_2_positive_area_fraction,hcrd_other,0.04726990386201181,1515
40Hz10kN,Bearing3_4,h_spec_level_2_sign_balance,hcrd_other,0.04726990386201181,1515
40Hz10kN,Bearing3_4,h_spec_level_2_area_concentration,hcrd_other,0.0494237694369605,1515
40Hz10kN,Bearing3_4,h_spec_level_2_weighted_shape_factor,hcrd_other,0.02125798874772342,1515
40Hz10kN,Bearing3_4,h_spec_level_2_mean_duration_fraction,hcrd_other,0.18354315154540857,1515
40Hz10kN,Bearing3_4,h_spec_level_3_log1p_structure_count,hcrd_other,-0.1559197619830306,1515
40Hz10kN,Bearing3_4,h_spec_level_3_knot_fraction,hcrd_other,-0.1559197619830306,1515
40Hz10kN,Bearing3_4,h_spec_level_3_log1p_polygon_area,hcrd_exact_polygon_mass,-0.03832883732774347,1515
40Hz10kN,Bearing3_4,h_spec_level_3_log1p_quadratic_energy,hcrd_other,0.0022422108855709782,1515
40Hz10kN,Bearing3_4,h_spec_level_3_log1p_triangle_area,hcrd_other,-0.04893213468532488,1515
40Hz10kN,Bearing3_4,h_spec_level_3_log1p_peak_amplitude,hcrd_other,0.11082594824628175,1515
40Hz10kN,Bearing3_4,h_spec_level_3_log1p_mean_amplitude,hcrd_other,-0.01845313365820711,1515
40Hz10kN,Bearing3_4,h_spec_level_3_positive_area_fraction,hcrd_other,-0.01244805787501299,1515
40Hz10kN,Bearing3_4,h_spec_level_3_sign_balance,hcrd_other,-0.01244805787501299,1515
40Hz10kN,Bearing3_4,h_spec_level_3_area_concentration,hcrd_other,0.0830720963648562,1515
40Hz10kN,Bearing3_4,h_spec_level_3_weighted_shape_factor,hcrd_other,-0.0020513308073335963,1515
40Hz10kN,Bearing3_4,h_spec_level_3_mean_duration_fraction,hcrd_other,0.15644428924271964,1515
40Hz10kN,Bearing3_4,h_spec_level_4_log1p_structure_count,hcrd_other,-0.03942339463834623,1515
40Hz10kN,Bearing3_4,h_spec_level_4_knot_fraction,hcrd_other,-0.03942339463834623,1515
40Hz10kN,Bearing3_4,h_spec_level_4_log1p_polygon_area,hcrd_exact_polygon_mass,-0.1646894042879156,1515
40Hz10kN,Bearing3_4,h_spec_level_4_log1p_quadratic_energy,hcrd_other,-0.1293408787590714,1515
40Hz10kN,Bearing3_4,h_spec_level_4_log1p_triangle_area,hcrd_other,-0.15957020075402034,1515
40Hz10kN,Bearing3_4,h_spec_level_4_log1p_peak_amplitude,hcrd_other,-0.01793881555787148,1515
40Hz10kN,Bearing3_4,h_spec_level_4_log1p_mean_amplitude,hcrd_other,-0.1147113128896533,1515
40Hz10kN,Bearing3_4,h_spec_level_4_positive_area_fraction,hcrd_other,0.0431389670702553,1515
40Hz10kN,Bearing3_4,h_spec_level_4_sign_balance,hcrd_other,0.0431389670702553,1515
40Hz10kN,Bearing3_4,h_spec_level_4_area_concentration,hcrd_other,-0.015166025513228452,1515
40Hz10kN,Bearing3_4,h_spec_level_4_weighted_shape_factor,hcrd_other,-0.10194261294154262,1515
40Hz10kN,Bearing3_4,h_spec_level_4_mean_duration_fraction,hcrd_other,0.03942339463834623,1515
40Hz10kN,Bearing3_4,h_spec_level_5_log1p_structure_count,hcrd_other,-0.020948737725838957,1515
40Hz10kN,Bearing3_4,h_spec_level_5_knot_fraction,hcrd_other,-0.020948737725838957,1515
40Hz10kN,Bearing3_4,h_spec_level_5_log1p_polygon_area,hcrd_exact_polygon_mass,-0.14423677813210614,1515
40Hz10kN,Bearing3_4,h_spec_level_5_log1p_quadratic_energy,hcrd_other,-0.15154820152931947,1515
40Hz10kN,Bearing3_4,h_spec_level_5_log1p_triangle_area,hcrd_other,-0.15322217606716565,1515
40Hz10kN,Bearing3_4,h_spec_level_5_log1p_peak_amplitude,hcrd_other,-0.15367851410641672,1515
40Hz10kN,Bearing3_4,h_spec_level_5_log1p_mean_amplitude,hcrd_other,-0.13672188444136588,1515
40Hz10kN,Bearing3_4,h_spec_level_5_positive_area_fraction,hcrd_other,0.008296746226765373,1515
40Hz10kN,Bearing3_4,h_spec_level_5_sign_balance,hcrd_other,0.00829894195486418,1515
40Hz10kN,Bearing3_4,h_spec_level_5_area_concentration,hcrd_other,0.0010008049518019661,1515
40Hz10kN,Bearing3_4,h_spec_level_5_weighted_shape_factor,hcrd_other,-0.006679493136879885,1515
40Hz10kN,Bearing3_4,h_spec_level_5_mean_duration_fraction,hcrd_other,0.020948737725838957,1515
40Hz10kN,Bearing3_4,v_env_level_0_log1p_structure_count,hcrd_other,-0.14760561400235575,1515
40Hz10kN,Bearing3_4,v_env_level_0_knot_fraction,hcrd_other,-0.14760561400235575,1515
40Hz10kN,Bearing3_4,v_env_level_0_log1p_polygon_area,hcrd_exact_polygon_mass,0.318521435626482,1515
40Hz10kN,Bearing3_4,v_env_level_0_log1p_quadratic_energy,hcrd_other,0.33056897520440465,1515
40Hz10kN,Bearing3_4,v_env_level_0_log1p_triangle_area,hcrd_other,0.32780463663107867,1515
40Hz10kN,Bearing3_4,v_env_level_0_log1p_peak_amplitude,hcrd_other,0.26984349731752927,1515
40Hz10kN,Bearing3_4,v_env_level_0_log1p_mean_amplitude,hcrd_other,0.33175658119936563,1515
40Hz10kN,Bearing3_4,v_env_level_0_positive_area_fraction,hcrd_other,-0.10553846069960585,1515
40Hz10kN,Bearing3_4,v_env_level_0_sign_balance,hcrd_other,-0.10553846069960585,1515
40Hz10kN,Bearing3_4,v_env_level_0_area_concentration,hcrd_other,0.10825512386409414,1515
40Hz10kN,Bearing3_4,v_env_level_0_weighted_shape_factor,hcrd_other,0.13020218687083085,1515
40Hz10kN,Bearing3_4,v_env_level_0_mean_duration_fraction,hcrd_other,0.14757439669183434,1515
40Hz10kN,Bearing3_4,v_env_level_1_log1p_structure_count,hcrd_other,-0.1496408307089924,1515
40Hz10kN,Bearing3_4,v_env_level_1_knot_fraction,hcrd_other,-0.1496408307089924,1515
40Hz10kN,Bearing3_4,v_env_level_1_log1p_polygon_area,hcrd_exact_polygon_mass,0.2639895368783523,1515
40Hz10kN,Bearing3_4,v_env_level_1_log1p_quadratic_energy,hcrd_other,0.26271171168590707,1515
40Hz10kN,Bearing3_4,v_env_level_1_log1p_triangle_area,hcrd_other,0.26435879611983254,1515
40Hz10kN,Bearing3_4,v_env_level_1_log1p_peak_amplitude,hcrd_other,0.21032696979070067,1515
40Hz10kN,Bearing3_4,v_env_level_1_log1p_mean_amplitude,hcrd_other,0.25965394589671065,1515
40Hz10kN,Bearing3_4,v_env_level_1_positive_area_fraction,hcrd_other,0.013944827594298872,1515
40Hz10kN,Bearing3_4,v_env_level_1_sign_balance,hcrd_other,0.013944827594298872,1515
40Hz10kN,Bearing3_4,v_env_level_1_area_concentration,hcrd_other,-0.018749659861926633,1515
40Hz10kN,Bearing3_4,v_env_level_1_weighted_shape_factor,hcrd_other,-0.105829606811948,1515
40Hz10kN,Bearing3_4,v_env_level_1_mean_duration_fraction,hcrd_other,0.14964073828706553,1515
40Hz10kN,Bearing3_4,v_env_level_2_log1p_structure_count,hcrd_other,-0.1380852957817284,1515
40Hz10kN,Bearing3_4,v_env_level_2_knot_fraction,hcrd_other,-0.1380852957817284,1515
40Hz10kN,Bearing3_4,v_env_level_2_log1p_polygon_area,hcrd_exact_polygon_mass,0.2136723133699274,1515
40Hz10kN,Bearing3_4,v_env_level_2_log1p_quadratic_energy,hcrd_other,0.22137407464757733,1515
40Hz10kN,Bearing3_4,v_env_level_2_log1p_triangle_area,hcrd_other,0.21668757678234163,1515
40Hz10kN,Bearing3_4,v_env_level_2_log1p_peak_amplitude,hcrd_other,0.20517543394371088,1515
40Hz10kN,Bearing3_4,v_env_level_2_log1p_mean_amplitude,hcrd_other,0.21985080823708214,1515
40Hz10kN,Bearing3_4,v_env_level_2_positive_area_fraction,hcrd_other,0.040422672954322066,1515
40Hz10kN,Bearing3_4,v_env_level_2_sign_balance,hcrd_other,0.040422672954322066,1515
40Hz10kN,Bearing3_4,v_env_level_2_area_concentration,hcrd_other,0.07716467320879798,1515
40Hz10kN,Bearing3_4,v_env_level_2_weighted_shape_factor,hcrd_other,0.030514464114919072,1515
40Hz10kN,Bearing3_4,v_env_level_2_mean_duration_fraction,hcrd_other,0.13760685345243653,1515
40Hz10kN,Bearing3_4,v_env_level_3_log1p_structure_count,hcrd_other,-0.11570760457513538,1515
40Hz10kN,Bearing3_4,v_env_level_3_knot_fraction,hcrd_other,-0.11570760457513538,1515
40Hz10kN,Bearing3_4,v_env_level_3_log1p_polygon_area,hcrd_exact_polygon_mass,0.20468303997456208,1515
40Hz10kN,Bearing3_4,v_env_level_3_log1p_quadratic_energy,hcrd_other,0.20012860454475198,1515
40Hz10kN,Bearing3_4,v_env_level_3_log1p_triangle_area,hcrd_other,0.20660361181167142,1515
40Hz10kN,Bearing3_4,v_env_level_3_log1p_peak_amplitude,hcrd_other,0.18417953244141616,1515
40Hz10kN,Bearing3_4,v_env_level_3_log1p_mean_amplitude,hcrd_other,0.21182094075815394,1515
40Hz10kN,Bearing3_4,v_env_level_3_positive_area_fraction,hcrd_other,0.03178822676570959,1515
40Hz10kN,Bearing3_4,v_env_level_3_sign_balance,hcrd_other,0.03178822676570959,1515
40Hz10kN,Bearing3_4,v_env_level_3_area_concentration,hcrd_other,0.010509678936231354,1515
40Hz10kN,Bearing3_4,v_env_level_3_weighted_shape_factor,hcrd_other,0.008822397786922738,1515
40Hz10kN,Bearing3_4,v_env_level_3_mean_duration_fraction,hcrd_other,0.11570760457513538,1515
40Hz10kN,Bearing3_4,v_env_level_4_log1p_structure_count,hcrd_other,-0.11615792621348359,1515
40Hz10kN,Bearing3_4,v_env_level_4_knot_fraction,hcrd_other,-0.11615792621348359,1515
40Hz10kN,Bearing3_4,v_env_level_4_log1p_polygon_area,hcrd_exact_polygon_mass,0.19257635735236422,1515
40Hz10kN,Bearing3_4,v_env_level_4_log1p_quadratic_energy,hcrd_other,0.18780653881604795,1515
40Hz10kN,Bearing3_4,v_env_level_4_log1p_triangle_area,hcrd_other,0.18617837615314356,1515
40Hz10kN,Bearing3_4,v_env_level_4_log1p_peak_amplitude,hcrd_other,0.17127542986119124,1515
40Hz10kN,Bearing3_4,v_env_level_4_log1p_mean_amplitude,hcrd_other,0.18515399157054602,1515
40Hz10kN,Bearing3_4,v_env_level_4_positive_area_fraction,hcrd_other,-0.016891090517264194,1515
40Hz10kN,Bearing3_4,v_env_level_4_sign_balance,hcrd_other,-0.016891090517264194,1515
40Hz10kN,Bearing3_4,v_env_level_4_area_concentration,hcrd_other,0.04522458223452416,1515
40Hz10kN,Bearing3_4,v_env_level_4_weighted_shape_factor,hcrd_other,0.04220712883604748,1515
40Hz10kN,Bearing3_4,v_env_level_4_mean_duration_fraction,hcrd_other,0.11604505524257566,1515
40Hz10kN,Bearing3_4,v_env_level_5_log1p_structure_count,hcrd_other,-0.07490527510568515,1515
40Hz10kN,Bearing3_4,v_env_level_5_knot_fraction,hcrd_other,-0.07490527510568515,1515
40Hz10kN,Bearing3_4,v_env_level_5_log1p_polygon_area,hcrd_exact_polygon_mass,0.18424452146054263,1515
40Hz10kN,Bearing3_4,v_env_level_5_log1p_quadratic_energy,hcrd_other,0.18075899526948827,1515
40Hz10kN,Bearing3_4,v_env_level_5_log1p_triangle_area,hcrd_other,0.18262117637785813,1515
40Hz10kN,Bearing3_4,v_env_level_5_log1p_peak_amplitude,hcrd_other,0.17561559340285537,1515
40Hz10kN,Bearing3_4,v_env_level_5_log1p_mean_amplitude,hcrd_other,0.18448674635712775,1515
40Hz10kN,Bearing3_4,v_env_level_5_positive_area_fraction,hcrd_other,-0.022266876915993043,1515
40Hz10kN,Bearing3_4,v_env_level_5_sign_balance,hcrd_other,-0.023213943954515256,1515
40Hz10kN,Bearing3_4,v_env_level_5_area_concentration,hcrd_other,0.024121197403685832,1515
40Hz10kN,Bearing3_4,v_env_level_5_weighted_shape_factor,hcrd_other,-0.015373928016185484,1515
40Hz10kN,Bearing3_4,v_env_level_5_mean_duration_fraction,hcrd_other,0.07490527510568515,1515
40Hz10kN,Bearing3_4,v_spec_level_0_log1p_structure_count,hcrd_other,-0.4079707547373366,1515
40Hz10kN,Bearing3_4,v_spec_level_0_knot_fraction,hcrd_other,-0.4079707547373366,1515
40Hz10kN,Bearing3_4,v_spec_level_0_log1p_polygon_area,hcrd_exact_polygon_mass,0.004396117872384026,1515
40Hz10kN,Bearing3_4,v_spec_level_0_log1p_quadratic_energy,hcrd_other,0.08363809992289457,1515
40Hz10kN,Bearing3_4,v_spec_level_0_log1p_triangle_area,hcrd_other,-0.10895897371461283,1515
40Hz10kN,Bearing3_4,v_spec_level_0_log1p_peak_amplitude,hcrd_other,-0.08835471456648182,1515
40Hz10kN,Bearing3_4,v_spec_level_0_log1p_mean_amplitude,hcrd_other,-0.2722290622735397,1515
40Hz10kN,Bearing3_4,v_spec_level_0_positive_area_fraction,hcrd_other,-0.10530806234128257,1515
40Hz10kN,Bearing3_4,v_spec_level_0_sign_balance,hcrd_other,-0.10530806234128257,1515
40Hz10kN,Bearing3_4,v_spec_level_0_area_concentration,hcrd_other,0.3469355444692161,1515
40Hz10kN,Bearing3_4,v_spec_level_0_weighted_shape_factor,hcrd_other,0.3493933351676489,1515
40Hz10kN,Bearing3_4,v_spec_level_0_mean_duration_fraction,hcrd_other,0.4079707547373366,1515
40Hz10kN,Bearing3_4,v_spec_level_1_log1p_structure_count,hcrd_other,-0.21073466344091774,1515
40Hz10kN,Bearing3_4,v_spec_level_1_knot_fraction,hcrd_other,-0.21073466344091774,1515
40Hz10kN,Bearing3_4,v_spec_level_1_log1p_polygon_area,hcrd_exact_polygon_mass,-0.0823856118894567,1515
40Hz10kN,Bearing3_4,v_spec_level_1_log1p_quadratic_energy,hcrd_other,-0.027636511363777937,1515
40Hz10kN,Bearing3_4,v_spec_level_1_log1p_triangle_area,hcrd_other,-0.08901875726239003,1515
40Hz10kN,Bearing3_4,v_spec_level_1_log1p_peak_amplitude,hcrd_other,0.23476406953424736,1515
40Hz10kN,Bearing3_4,v_spec_level_1_log1p_mean_amplitude,hcrd_other,-0.10471444742268605,1515
40Hz10kN,Bearing3_4,v_spec_level_1_positive_area_fraction,hcrd_other,-0.02464977037293765,1515
40Hz10kN,Bearing3_4,v_spec_level_1_sign_balance,hcrd_other,-0.02464977037293765,1515
40Hz10kN,Bearing3_4,v_spec_level_1_area_concentration,hcrd_other,0.056406786396878954,1515
40Hz10kN,Bearing3_4,v_spec_level_1_weighted_shape_factor,hcrd_other,-0.020022249904519774,1515
40Hz10kN,Bearing3_4,v_spec_level_1_mean_duration_fraction,hcrd_other,0.2095947831022163,1515
40Hz10kN,Bearing3_4,v_spec_level_2_log1p_structure_count,hcrd_other,-0.23963932675652802,1515
40Hz10kN,Bearing3_4,v_spec_level_2_knot_fraction,hcrd_other,-0.23963932675652802,1515
40Hz10kN,Bearing3_4,v_spec_level_2_log1p_polygon_area,hcrd_exact_polygon_mass,0.07376437608557321,1515
40Hz10kN,Bearing3_4,v_spec_level_2_log1p_quadratic_energy,hcrd_other,0.11485043259696252,1515
40Hz10kN,Bearing3_4,v_spec_level_2_log1p_triangle_area,hcrd_other,0.03987497689131694,1515
40Hz10kN,Bearing3_4,v_spec_level_2_log1p_peak_amplitude,hcrd_other,0.04983035112119,1515
40Hz10kN,Bearing3_4,v_spec_level_2_log1p_mean_amplitude,hcrd_other,-0.0044660107464478205,1515
40Hz10kN,Bearing3_4,v_spec_level_2_positive_area_fraction,hcrd_other,-0.05165594829839168,1515
40Hz10kN,Bearing3_4,v_spec_level_2_sign_balance,hcrd_other,-0.05165594829839168,1515
40Hz10kN,Bearing3_4,v_spec_level_2_area_concentration,hcrd_other,0.21042591998958632,1515
40Hz10kN,Bearing3_4,v_spec_level_2_weighted_shape_factor,hcrd_other,0.16314648731187908,1515
40Hz10kN,Bearing3_4,v_spec_level_2_mean_duration_fraction,hcrd_other,0.23952445764690977,1515
40Hz10kN,Bearing3_4,v_spec_level_3_log1p_structure_count,hcrd_other,-0.19128324573926958,1515
40Hz10kN,Bearing3_4,v_spec_level_3_knot_fraction,hcrd_other,-0.19128324573926958,1515
40Hz10kN,Bearing3_4,v_spec_level_3_log1p_polygon_area,hcrd_exact_polygon_mass,0.0944672230787768,1515
40Hz10kN,Bearing3_4,v_spec_level_3_log1p_quadratic_energy,hcrd_other,0.11497219038014125,1515
40Hz10kN,Bearing3_4,v_spec_level_3_log1p_triangle_area,hcrd_other,0.09965855227642227,1515
40Hz10kN,Bearing3_4,v_spec_level_3_log1p_peak_amplitude,hcrd_other,0.14997223852143357,1515
40Hz10kN,Bearing3_4,v_spec_level_3_log1p_mean_amplitude,hcrd_other,0.12583392883019112,1515
40Hz10kN,Bearing3_4,v_spec_level_3_positive_area_fraction,hcrd_other,0.07157720335497633,1515
40Hz10kN,Bearing3_4,v_spec_level_3_sign_balance,hcrd_other,0.07157720335497633,1515
40Hz10kN,Bearing3_4,v_spec_level_3_area_concentration,hcrd_other,0.07022683314190126,1515
40Hz10kN,Bearing3_4,v_spec_level_3_weighted_shape_factor,hcrd_other,0.0166800753073193,1515
40Hz10kN,Bearing3_4,v_spec_level_3_mean_duration_fraction,hcrd_other,0.19383420330467016,1515
40Hz10kN,Bearing3_4,v_spec_level_4_log1p_structure_count,hcrd_other,-0.12242568960556365,1515
40Hz10kN,Bearing3_4,v_spec_level_4_knot_fraction,hcrd_other,-0.12242568960556365,1515
40Hz10kN,Bearing3_4,v_spec_level_4_log1p_polygon_area,hcrd_exact_polygon_mass,-0.019979681958952354,1515
40Hz10kN,Bearing3_4,v_spec_level_4_log1p_quadratic_energy,hcrd_other,-0.029110449341849868,1515
40Hz10kN,Bearing3_4,v_spec_level_4_log1p_triangle_area,hcrd_other,-0.025283233858009006,1515
40Hz10kN,Bearing3_4,v_spec_level_4_log1p_peak_amplitude,hcrd_other,-0.039847548433159685,1515
40Hz10kN,Bearing3_4,v_spec_level_4_log1p_mean_amplitude,hcrd_other,-0.022040967860148544,1515
40Hz10kN,Bearing3_4,v_spec_level_4_positive_area_fraction,hcrd_other,0.04073030454210452,1515
40Hz10kN,Bearing3_4,v_spec_level_4_sign_balance,hcrd_other,0.040746783127294524,1515
40Hz10kN,Bearing3_4,v_spec_level_4_area_concentration,hcrd_other,0.07145863940008289,1515
40Hz10kN,Bearing3_4,v_spec_level_4_weighted_shape_factor,hcrd_other,-0.017603404718066557,1515
40Hz10kN,Bearing3_4,v_spec_level_4_mean_duration_fraction,hcrd_other,0.12173817812457044,1515
40Hz10kN,Bearing3_4,v_spec_level_5_log1p_structure_count,hcrd_other,-0.10593161643495679,1515
40Hz10kN,Bearing3_4,v_spec_level_5_knot_fraction,hcrd_other,-0.10593161643495679,1515
40Hz10kN,Bearing3_4,v_spec_level_5_log1p_polygon_area,hcrd_exact_polygon_mass,0.06139410349577218,1515
40Hz10kN,Bearing3_4,v_spec_level_5_log1p_quadratic_energy,hcrd_other,0.056750894832741455,1515
40Hz10kN,Bearing3_4,v_spec_level_5_log1p_triangle_area,hcrd_other,0.057834184341394174,1515
40Hz10kN,Bearing3_4,v_spec_level_5_log1p_peak_amplitude,hcrd_other,0.03209663472351006,1515
40Hz10kN,Bearing3_4,v_spec_level_5_log1p_mean_amplitude,hcrd_other,0.052518761041222654,1515
40Hz10kN,Bearing3_4,v_spec_level_5_positive_area_fraction,hcrd_other,0.08679182013926619,1515
40Hz10kN,Bearing3_4,v_spec_level_5_sign_balance,hcrd_other,0.08435320691738384,1515
40Hz10kN,Bearing3_4,v_spec_level_5_area_concentration,hcrd_other,0.059095443229655084,1515
40Hz10kN,Bearing3_4,v_spec_level_5_weighted_shape_factor,hcrd_other,0.0742419501316242,1515
40Hz10kN,Bearing3_4,v_spec_level_5_mean_duration_fraction,hcrd_other,0.10593161643495679,1515
40Hz10kN,Bearing3_5,h_mean,standard,0.10832101415524191,114
40Hz10kN,Bearing3_5,h_std,standard,0.893821510297483,114
40Hz10kN,Bearing3_5,h_variance,standard,0.893821510297483,114
40Hz10kN,Bearing3_5,h_rms,standard,0.893821510297483,114
40Hz10kN,Bearing3_5,h_peak,standard,0.9102812822745592,114
40Hz10kN,Bearing3_5,h_peak_to_peak,standard,0.9194832020412711,114
40Hz10kN,Bearing3_5,h_crest_factor,standard,0.13285676677264538,114
40Hz10kN,Bearing3_5,h_shape_factor,standard,-0.3223142504202021,114
40Hz10kN,Bearing3_5,h_impulse_factor,standard,0.10919584455559832,114
40Hz10kN,Bearing3_5,h_clearance_factor,standard,0.08173589032218871,114
40Hz10kN,Bearing3_5,h_kurtosis,standard,-0.26808286587958935,114
40Hz10kN,Bearing3_5,h_skewness,standard,0.09248496385249388,114
40Hz10kN,Bearing3_5,h_line_integral,standard,0.9879386808691604,114
40Hz10kN,Bearing3_5,h_zero_crossing_rate,standard,0.19109046431158255,114
40Hz10kN,Bearing3_5,h_entropy,standard,-0.1488224215791499,114
40Hz10kN,Bearing3_5,h_percentile_5,standard,-0.8209513780603876,114
40Hz10kN,Bearing3_5,h_percentile_50,standard,0.1790040703914461,114
40Hz10kN,Bearing3_5,h_percentile_95,standard,0.8970535226099108,114
40Hz10kN,Bearing3_5,v_mean,standard,0.024337295721026306,114
40Hz10kN,Bearing3_5,v_std,standard,0.9171584212551388,114
40Hz10kN,Bearing3_5,v_variance,standard,0.9171584212551388,114
40Hz10kN,Bearing3_5,v_rms,standard,0.917150320973654,114
40Hz10kN,Bearing3_5,v_peak,standard,0.9365018934407973,114
40Hz10kN,Bearing3_5,v_peak_to_peak,standard,0.9458091168668112,114
40Hz10kN,Bearing3_5,v_crest_factor,standard,-0.19704339725805475,114
40Hz10kN,Bearing3_5,v_shape_factor,standard,-0.2651586642635832,114
40Hz10kN,Bearing3_5,v_impulse_factor,standard,-0.2019440675563476,114
40Hz10kN,Bearing3_5,v_clearance_factor,standard,-0.20143374982280635,114
40Hz10kN,Bearing3_5,v_kurtosis,standard,-0.310674145926571,114
40Hz10kN,Bearing3_5,v_skewness,standard,0.007731718677224034,114
40Hz10kN,Bearing3_5,v_line_integral,standard,0.9819930742593307,114
40Hz10kN,Bearing3_5,v_zero_crossing_rate,standard,-0.44401377860761876,114
40Hz10kN,Bearing3_5,v_entropy,standard,0.21421599400579175,114
40Hz10kN,Bearing3_5,v_percentile_5,standard,-0.9166967052105062,114
40Hz10kN,Bearing3_5,v_percentile_50,standard,0.13142301694983902,114
40Hz10kN,Bearing3_5,v_percentile_95,standard,0.918446366011219,114
40Hz10kN,Bearing3_5,cross_correlation,standard,-0.04483100787752375,114
40Hz10kN,Bearing3_5,h_spectral_centroid,standard,-0.2672647374496264,114
40Hz10kN,Bearing3_5,h_spectral_bandwidth,standard,0.3969745448654341,114
40Hz10kN,Bearing3_5,h_spectral_rolloff,standard,-0.031473898657590024,114
40Hz10kN,Bearing3_5,h_spectral_flatness,standard,-0.3517182722099593,114
40Hz10kN,Bearing3_5,h_band_power_0_1k,standard,0.41592920353982304,114
40Hz10kN,Bearing3_5,h_band_power_1_3k,standard,0.8686377351612969,114
40Hz10kN,Bearing3_5,h_band_power_3_6k,standard,0.9584860573904943,114
40Hz10kN,Bearing3_5,h_band_power_6_12k,standard,0.9843097547639782,114
40Hz10kN,Bearing3_5,h_dominant_frequency,standard,0.48664665633313503,114
40Hz10kN,Bearing3_5,h_mean_frequency,standard,0.28648670541301313,114
40Hz10kN,Bearing3_5,h_bpfo_band_power,standard,-0.8262246613069806,114
40Hz10kN,Bearing3_5,h_bpfi_band_power,standard,0.26980822583584785,114
40Hz10kN,Bearing3_5,h_bsf_band_power,standard,0.764460014985521,114
40Hz10kN,Bearing3_5,h_ftf_band_power,standard,0.20764666572163384,114
40Hz10kN,Bearing3_5,v_spectral_centroid,standard,-0.3465502926226687,114
40Hz10kN,Bearing3_5,v_spectral_bandwidth,standard,0.4625382232032564,114
40Hz10kN,Bearing3_5,v_spectral_rolloff,standard,0.17619434313731003,114
40Hz10kN,Bearing3_5,v_spectral_flatness,standard,-0.6364836678074564,114
40Hz10kN,Bearing3_5,v_band_power_0_1k,standard,0.9015167777080254,114
40Hz10kN,Bearing3_5,v_band_power_1_3k,standard,0.926012028918005,114
40Hz10kN,Bearing3_5,v_band_power_3_6k,standard,0.9523136428990908,114
40Hz10kN,Bearing3_5,v_band_power_6_12k,standard,0.9746947206415426,114
40Hz10kN,Bearing3_5,v_dominant_frequency,standard,-0.3588962758680682,114
40Hz10kN,Bearing3_5,v_mean_frequency,standard,-0.3950385775905713,114
40Hz10kN,Bearing3_5,v_bpfo_band_power,standard,0.6006399222372979,114
40Hz10kN,Bearing3_5,v_bpfi_band_power,standard,-0.1779105323910006,114
40Hz10kN,Bearing3_5,v_bsf_band_power,standard,-0.9027237196492579,114
40Hz10kN,Bearing3_5,v_ftf_band_power,standard,0.8113039428120128,114
40Hz10kN,Bearing3_5,h_env_level_0_log1p_structure_count,hcrd_other,0.27873142164082043,114
40Hz10kN,Bearing3_5,h_env_level_0_knot_fraction,hcrd_other,0.27873142164082043,114
40Hz10kN,Bearing3_5,h_env_level_0_log1p_polygon_area,hcrd_exact_polygon_mass,0.5638322431704502,114
40Hz10kN,Bearing3_5,h_env_level_0_log1p_quadratic_energy,hcrd_other,0.6042850489054497,114
40Hz10kN,Bearing3_5,h_env_level_0_log1p_triangle_area,hcrd_other,0.5784613515319658,114
40Hz10kN,Bearing3_5,h_env_level_0_log1p_peak_amplitude,hcrd_other,0.7206050910269132,114
40Hz10kN,Bearing3_5,h_env_level_0_log1p_mean_amplitude,hcrd_other,0.5873959620096799,114
40Hz10kN,Bearing3_5,h_env_level_0_positive_area_fraction,hcrd_other,0.00871995301836739,114
40Hz10kN,Bearing3_5,h_env_level_0_sign_balance,hcrd_other,0.00871995301836739,114
40Hz10kN,Bearing3_5,h_env_level_0_area_concentration,hcrd_other,-0.03956582491241571,114
40Hz10kN,Bearing3_5,h_env_level_0_weighted_shape_factor,hcrd_other,-0.2610032198618902,114
40Hz10kN,Bearing3_5,h_env_level_0_mean_duration_fraction,hcrd_other,-0.27873142164082043,114
40Hz10kN,Bearing3_5,h_env_level_1_log1p_structure_count,hcrd_other,0.007812323921083161,114
40Hz10kN,Bearing3_5,h_env_level_1_knot_fraction,hcrd_other,0.007812323921083161,114
40Hz10kN,Bearing3_5,h_env_level_1_log1p_polygon_area,hcrd_exact_polygon_mass,0.571187298758632,114
40Hz10kN,Bearing3_5,h_env_level_1_log1p_quadratic_energy,hcrd_other,0.5605354286061441,114
40Hz10kN,Bearing3_5,h_env_level_1_log1p_triangle_area,hcrd_other,0.5481743990603674,114
40Hz10kN,Bearing3_5,h_env_level_1_log1p_peak_amplitude,hcrd_other,0.5281586035114721,114
40Hz10kN,Bearing3_5,h_env_level_1_log1p_mean_amplitude,hcrd_other,0.5299082643121849,114
40Hz10kN,Bearing3_5,h_env_level_1_positive_area_fraction,hcrd_other,-0.09028978757011807,114
40Hz10kN,Bearing3_5,h_env_level_1_sign_balance,hcrd_other,-0.09028978757011807,114
40Hz10kN,Bearing3_5,h_env_level_1_area_concentration,hcrd_other,0.2379012170672931,114
40Hz10kN,Bearing3_5,h_env_level_1_weighted_shape_factor,hcrd_other,0.3370162613150807,114
40Hz10kN,Bearing3_5,h_env_level_1_mean_duration_fraction,hcrd_other,-0.007812323921083161,114
40Hz10kN,Bearing3_5,h_env_level_2_log1p_structure_count,hcrd_other,0.11566250806514962,114
40Hz10kN,Bearing3_5,h_env_level_2_knot_fraction,hcrd_other,0.11566250806514962,114
40Hz10kN,Bearing3_5,h_env_level_2_log1p_polygon_area,hcrd_exact_polygon_mass,0.5513902108098256,114
40Hz10kN,Bearing3_5,h_env_level_2_log1p_quadratic_energy,hcrd_other,0.5705230756768798,114
40Hz10kN,Bearing3_5,h_env_level_2_log1p_triangle_area,hcrd_other,0.5643749620299306,114
40Hz10kN,Bearing3_5,h_env_level_2_log1p_peak_amplitude,hcrd_other,0.5647718758226848,114
40Hz10kN,Bearing3_5,h_env_level_2_log1p_mean_amplitude,hcrd_other,0.5646017699115045,114
40Hz10kN,Bearing3_5,h_env_level_2_positive_area_fraction,hcrd_other,-0.051999756991555464,114
40Hz10kN,Bearing3_5,h_env_level_2_sign_balance,hcrd_other,-0.051999756991555464,114
40Hz10kN,Bearing3_5,h_env_level_2_area_concentration,hcrd_other,0.0020129199489682266,114
40Hz10kN,Bearing3_5,h_env_level_2_weighted_shape_factor,hcrd_other,-0.14925778177049748,114
40Hz10kN,Bearing3_5,h_env_level_2_mean_duration_fraction,hcrd_other,-0.11651483930445425,114
40Hz10kN,Bearing3_5,h_env_level_3_log1p_structure_count,hcrd_other,0.07730615213025513,114
40Hz10kN,Bearing3_5,h_env_level_3_knot_fraction,hcrd_other,0.07730615213025513,114
40Hz10kN,Bearing3_5,h_env_level_3_log1p_polygon_area,hcrd_exact_polygon_mass,0.5584455559830706,114
40Hz10kN,Bearing3_5,h_env_level_3_log1p_quadratic_energy,hcrd_other,0.5661246228306435,114
40Hz10kN,Bearing3_5,h_env_level_3_log1p_triangle_area,hcrd_other,0.5681658937648083,114
40Hz10kN,Bearing3_5,h_env_level_3_log1p_peak_amplitude,hcrd_other,0.5557076608412143,114
40Hz10kN,Bearing3_5,h_env_level_3_log1p_mean_amplitude,hcrd_other,0.5703853708916385,114
40Hz10kN,Bearing3_5,h_env_level_3_positive_area_fraction,hcrd_other,-0.08763289524310972,114
40Hz10kN,Bearing3_5,h_env_level_3_sign_balance,hcrd_other,-0.08763289524310972,114
40Hz10kN,Bearing3_5,h_env_level_3_area_concentration,hcrd_other,0.01477086328749924,114
40Hz10kN,Bearing3_5,h_env_level_3_weighted_shape_factor,hcrd_other,0.006812019318838417,114
40Hz10kN,Bearing3_5,h_env_level_3_mean_duration_fraction,hcrd_other,-0.07730615213025513,114
40Hz10kN,Bearing3_5,h_env_level_4_log1p_structure_count,hcrd_other,0.06488298387534361,114
40Hz10kN,Bearing3_5,h_env_level_4_knot_fraction,hcrd_other,0.06488298387534361,114
40Hz10kN,Bearing3_5,h_env_level_4_log1p_polygon_area,hcrd_exact_polygon_mass,0.5283773111115612,114
40Hz10kN,Bearing3_5,h_env_level_4_log1p_quadratic_energy,hcrd_other,0.5497620542313846,114
40Hz10kN,Bearing3_5,h_env_level_4_log1p_triangle_area,hcrd_other,0.5318928332759565,114
40Hz10kN,Bearing3_5,h_env_level_4_log1p_peak_amplitude,hcrd_other,0.5750268321824183,114
40Hz10kN,Bearing3_5,h_env_level_4_log1p_mean_amplitude,hcrd_other,0.5219618881756142,114
40Hz10kN,Bearing3_5,h_env_level_4_positive_area_fraction,hcrd_other,-0.032915493813410024,114
40Hz10kN,Bearing3_5,h_env_level_4_sign_balance,hcrd_other,-0.032915493813410024,114
40Hz10kN,Bearing3_5,h_env_level_4_area_concentration,hcrd_other,0.05907940300925457,114
40Hz10kN,Bearing3_5,h_env_level_4_weighted_shape_factor,hcrd_other,-0.10288142935435038,114
40Hz10kN,Bearing3_5,h_env_level_4_mean_duration_fraction,hcrd_other,-0.06488298387534361,114
40Hz10kN,Bearing3_5,h_env_level_5_log1p_structure_count,hcrd_other,0.0018130280603034265,114
40Hz10kN,Bearing3_5,h_env_level_5_knot_fraction,hcrd_other,0.0018130280603034265,114
40Hz10kN,Bearing3_5,h_env_level_5_log1p_polygon_area,hcrd_exact_polygon_mass,0.47894939349142385,114
40Hz10kN,Bearing3_5,h_env_level_5_log1p_quadratic_energy,hcrd_other,0.48035884246977584,114
40Hz10kN,Bearing3_5,h_env_level_5_log1p_triangle_area,hcrd_other,0.4737004110892854,114
40Hz10kN,Bearing3_5,h_env_level_5_log1p_peak_amplitude,hcrd_other,0.46538142200441474,114
40Hz10kN,Bearing3_5,h_env_level_5_log1p_mean_amplitude,hcrd_other,0.43944432069014405,114
40Hz10kN,Bearing3_5,h_env_level_5_positive_area_fraction,hcrd_other,0.021610442184567667,114
40Hz10kN,Bearing3_5,h_env_level_5_sign_balance,hcrd_other,0.020625285712860913,114
40Hz10kN,Bearing3_5,h_env_level_5_area_concentration,hcrd_other,-0.04545472955185193,114
40Hz10kN,Bearing3_5,h_env_level_5_weighted_shape_factor,hcrd_other,0.067717211786028,114
40Hz10kN,Bearing3_5,h_env_level_5_mean_duration_fraction,hcrd_other,-0.0018130280603034265,114
40Hz10kN,Bearing3_5,h_spec_level_0_log1p_structure_count,hcrd_other,0.11209335495713056,114
40Hz10kN,Bearing3_5,h_spec_level_0_knot_fraction,hcrd_other,0.11209335495713056,114
40Hz10kN,Bearing3_5,h_spec_level_0_log1p_polygon_area,hcrd_exact_polygon_mass,-0.1910005872704077,114
40Hz10kN,Bearing3_5,h_spec_level_0_log1p_quadratic_energy,hcrd_other,0.0897065673032138,114
40Hz10kN,Bearing3_5,h_spec_level_0_log1p_triangle_area,hcrd_other,-0.16482047751159354,114
40Hz10kN,Bearing3_5,h_spec_level_0_log1p_peak_amplitude,hcrd_other,0.18224418298535877,114
40Hz10kN,Bearing3_5,h_spec_level_0_log1p_mean_amplitude,hcrd_other,-0.028622344626475775,114
40Hz10kN,Bearing3_5,h_spec_level_0_positive_area_fraction,hcrd_other,0.2593507624389948,114
40Hz10kN,Bearing3_5,h_spec_level_0_sign_balance,hcrd_other,0.2593507624389948,114
40Hz10kN,Bearing3_5,h_spec_level_0_area_concentration,hcrd_other,0.22247828112026893,114
40Hz10kN,Bearing3_5,h_spec_level_0_weighted_shape_factor,hcrd_other,-0.1329701707134323,114
40Hz10kN,Bearing3_5,h_spec_level_0_mean_duration_fraction,hcrd_other,-0.11209335495713056,114
40Hz10kN,Bearing3_5,h_spec_level_1_log1p_structure_count,hcrd_other,-0.14433888291055372,114
40Hz10kN,Bearing3_5,h_spec_level_1_knot_fraction,hcrd_other,-0.14433888291055372,114
40Hz10kN,Bearing3_5,h_spec_level_1_log1p_polygon_area,hcrd_exact_polygon_mass,0.3754034952714607,114
40Hz10kN,Bearing3_5,h_spec_level_1_log1p_quadratic_energy,hcrd_other,0.4804236447216541,114
40Hz10kN,Bearing3_5,h_spec_level_1_log1p_triangle_area,hcrd_other,0.3870354994836071,114
40Hz10kN,Bearing3_5,h_spec_level_1_log1p_peak_amplitude,hcrd_other,0.2299791417751767,114
40Hz10kN,Bearing3_5,h_spec_level_1_log1p_mean_amplitude,hcrd_other,0.4179299730665641,114
40Hz10kN,Bearing3_5,h_spec_level_1_positive_area_fraction,hcrd_other,-0.45972742552803714,114
40Hz10kN,Bearing3_5,h_spec_level_1_sign_balance,hcrd_other,-0.45972742552803714,114
40Hz10kN,Bearing3_5,h_spec_level_1_area_concentration,hcrd_other,0.35290091330673745,114
40Hz10kN,Bearing3_5,h_spec_level_1_weighted_shape_factor,hcrd_other,0.18330531985986517,114
40Hz10kN,Bearing3_5,h_spec_level_1_mean_duration_fraction,hcrd_other,0.14543367159742396,114
40Hz10kN,Bearing3_5,h_spec_level_2_log1p_structure_count,hcrd_other,-0.2568634339661979,114
40Hz10kN,Bearing3_5,h_spec_level_2_knot_fraction,hcrd_other,-0.2568634339661979,114
40Hz10kN,Bearing3_5,h_spec_level_2_log1p_polygon_area,hcrd_exact_polygon_mass,0.13245175269840628,114
40Hz10kN,Bearing3_5,h_spec_level_2_log1p_quadratic_energy,hcrd_other,0.23471780644377394,114
40Hz10kN,Bearing3_5,h_spec_level_2_log1p_triangle_area,hcrd_other,0.12773738887426342,114
40Hz10kN,Bearing3_5,h_spec_level_2_log1p_peak_amplitude,hcrd_other,0.32909418602296436,114
40Hz10kN,Bearing3_5,h_spec_level_2_log1p_mean_amplitude,hcrd_other,0.10992486988922866,114
40Hz10kN,Bearing3_5,h_spec_level_2_positive_area_fraction,hcrd_other,-0.1448613839330917,114
40Hz10kN,Bearing3_5,h_spec_level_2_sign_balance,hcrd_other,-0.1448613839330917,114
40Hz10kN,Bearing3_5,h_spec_level_2_area_concentration,hcrd_other,0.3273040238148276,114
40Hz10kN,Bearing3_5,h_spec_level_2_weighted_shape_factor,hcrd_other,0.08088536076628663,114
40Hz10kN,Bearing3_5,h_spec_level_2_mean_duration_fraction,hcrd_other,0.2582632540541195,114
40Hz10kN,Bearing3_5,h_spec_level_3_log1p_structure_count,hcrd_other,-0.32350283179035577,114
40Hz10kN,Bearing3_5,h_spec_level_3_knot_fraction,hcrd_other,-0.32350283179035577,114
40Hz10kN,Bearing3_5,h_spec_level_3_log1p_polygon_area,hcrd_exact_polygon_mass,0.418415989955651,114
40Hz10kN,Bearing3_5,h_spec_level_3_log1p_quadratic_energy,hcrd_other,0.45356311131811833,114
40Hz10kN,Bearing3_5,h_spec_level_3_log1p_triangle_area,hcrd_other,0.4026609424677508,114
40Hz10kN,Bearing3_5,h_spec_level_3_log1p_peak_amplitude,hcrd_other,0.4470747858488083,114
40Hz10kN,Bearing3_5,h_spec_level_3_log1p_mean_amplitude,hcrd_other,0.283116988315344,114
40Hz10kN,Bearing3_5,h_spec_level_3_positive_area_fraction,hcrd_other,0.21064376987100306,114
40Hz10kN,Bearing3_5,h_spec_level_3_sign_balance,hcrd_other,0.21064376987100306,114
40Hz10kN,Bearing3_5,h_spec_level_3_area_concentration,hcrd_other,0.43737064863004,114
40Hz10kN,Bearing3_5,h_spec_level_3_weighted_shape_factor,hcrd_other,0.24731589344301796,114
40Hz10kN,Bearing3_5,h_spec_level_3_mean_duration_fraction,hcrd_other,0.32350283179035577,114
40Hz10kN,Bearing3_5,h_spec_level_4_log1p_structure_count,hcrd_other,-0.25995085782231464,114
40Hz10kN,Bearing3_5,h_spec_level_4_knot_fraction,hcrd_other,-0.25995085782231464,114
40Hz10kN,Bearing3_5,h_spec_level_4_log1p_polygon_area,hcrd_exact_polygon_mass,0.1946457139385594,114
40Hz10kN,Bearing3_5,h_spec_level_4_log1p_quadratic_energy,hcrd_other,0.24768635710090928,114
40Hz10kN,Bearing3_5,h_spec_level_4_log1p_triangle_area,hcrd_other,0.18489297503088234,114
40Hz10kN,Bearing3_5,h_spec_level_4_log1p_peak_amplitude,hcrd_other,0.17431400741175757,114
40Hz10kN,Bearing3_5,h_spec_level_4_log1p_mean_amplitude,hcrd_other,0.13025657641603045,114
40Hz10kN,Bearing3_5,h_spec_level_4_positive_area_fraction,hcrd_other,-0.007766007237861503,114
40Hz10kN,Bearing3_5,h_spec_level_4_sign_balance,hcrd_other,-0.007766007237861503,114
40Hz10kN,Bearing3_5,h_spec_level_4_area_concentration,hcrd_other,0.3364573418926308,114
40Hz10kN,Bearing3_5,h_spec_level_4_weighted_shape_factor,hcrd_other,0.1387952565504711,114
40Hz10kN,Bearing3_5,h_spec_level_4_mean_duration_fraction,hcrd_other,0.25995085782231464,114
40Hz10kN,Bearing3_5,h_spec_level_5_log1p_structure_count,hcrd_other,-0.12530326403259462,114
40Hz10kN,Bearing3_5,h_spec_level_5_knot_fraction,hcrd_other,-0.12530326403259462,114
40Hz10kN,Bearing3_5,h_spec_level_5_log1p_polygon_area,hcrd_exact_polygon_mass,0.10865312569611796,114
40Hz10kN,Bearing3_5,h_spec_level_5_log1p_quadratic_energy,hcrd_other,0.14206678682084203,114
40Hz10kN,Bearing3_5,h_spec_level_5_log1p_triangle_area,hcrd_other,0.14571191348899376,114
40Hz10kN,Bearing3_5,h_spec_level_5_log1p_peak_amplitude,hcrd_other,0.16685364816427373,114
40Hz10kN,Bearing3_5,h_spec_level_5_log1p_mean_amplitude,hcrd_other,0.18081853344403723,114
40Hz10kN,Bearing3_5,h_spec_level_5_positive_area_fraction,hcrd_other,0.026349231563620096,114
40Hz10kN,Bearing3_5,h_spec_level_5_sign_balance,hcrd_other,0.026349231563620096,114
40Hz10kN,Bearing3_5,h_spec_level_5_area_concentration,hcrd_other,0.12949229440136156,114
40Hz10kN,Bearing3_5,h_spec_level_5_weighted_shape_factor,hcrd_other,-0.11330128385696936,114
40Hz10kN,Bearing3_5,h_spec_level_5_mean_duration_fraction,hcrd_other,0.12530326403259462,114
40Hz10kN,Bearing3_5,v_env_level_0_log1p_structure_count,hcrd_other,0.5246434465159318,114
40Hz10kN,Bearing3_5,v_env_level_0_knot_fraction,hcrd_other,0.5246434465159318,114
40Hz10kN,Bearing3_5,v_env_level_0_log1p_polygon_area,hcrd_exact_polygon_mass,0.8843603815232581,114
40Hz10kN,Bearing3_5,v_env_level_0_log1p_quadratic_energy,hcrd_other,0.8912213199408681,114
40Hz10kN,Bearing3_5,v_env_level_0_log1p_triangle_area,hcrd_other,0.8824001134039409,114
40Hz10kN,Bearing3_5,v_env_level_0_log1p_peak_amplitude,hcrd_other,0.9056803223912032,114
40Hz10kN,Bearing3_5,v_env_level_0_log1p_mean_amplitude,hcrd_other,0.8835260525303256,114
40Hz10kN,Bearing3_5,v_env_level_0_positive_area_fraction,hcrd_other,0.04810352159737551,114
40Hz10kN,Bearing3_5,v_env_level_0_sign_balance,hcrd_other,0.04810352159737551,114
40Hz10kN,Bearing3_5,v_env_level_0_area_concentration,hcrd_other,-0.4222636236609223,114
40Hz10kN,Bearing3_5,v_env_level_0_weighted_shape_factor,hcrd_other,-0.5390615823899881,114
40Hz10kN,Bearing3_5,v_env_level_0_mean_duration_fraction,hcrd_other,-0.5259999742151821,114
40Hz10kN,Bearing3_5,v_env_level_1_log1p_structure_count,hcrd_other,0.2515686357657919,114
40Hz10kN,Bearing3_5,v_env_level_1_knot_fraction,hcrd_other,0.2515686357657919,114
40Hz10kN,Bearing3_5,v_env_level_1_log1p_polygon_area,hcrd_exact_polygon_mass,0.8916911362669855,114
40Hz10kN,Bearing3_5,v_env_level_1_log1p_quadratic_energy,hcrd_other,0.8957007756019523,114
40Hz10kN,Bearing3_5,v_env_level_1_log1p_triangle_area,hcrd_other,0.8911322168445355,114
40Hz10kN,Bearing3_5,v_env_level_1_log1p_peak_amplitude,hcrd_other,0.9100139729855613,114
40Hz10kN,Bearing3_5,v_env_level_1_log1p_mean_amplitude,hcrd_other,0.8917802393633179,114
40Hz10kN,Bearing3_5,v_env_level_1_positive_area_fraction,hcrd_other,-0.09617059192806951,114
40Hz10kN,Bearing3_5,v_env_level_1_sign_balance,hcrd_other,-0.09617059192806951,114
40Hz10kN,Bearing3_5,v_env_level_1_area_concentration,hcrd_other,0.13250845466879976,114
40Hz10kN,Bearing3_5,v_env_level_1_weighted_shape_factor,hcrd_other,0.28165545788004104,114
40Hz10kN,Bearing3_5,v_env_level_1_mean_duration_fraction,hcrd_other,-0.2515686357657919,114
40Hz10kN,Bearing3_5,v_env_level_2_log1p_structure_count,hcrd_other,0.23151214340595894,114
40Hz10kN,Bearing3_5,v_env_level_2_knot_fraction,hcrd_other,0.23151214340595894,114
40Hz10kN,Bearing3_5,v_env_level_2_log1p_polygon_area,hcrd_exact_polygon_mass,0.9192158927522732,114
40Hz10kN,Bearing3_5,v_env_level_2_log1p_quadratic_energy,hcrd_other,0.920147425123023,114
40Hz10kN,Bearing3_5,v_env_level_2_log1p_triangle_area,hcrd_other,0.9193049958486058,114
40Hz10kN,Bearing3_5,v_env_level_2_log1p_peak_amplitude,hcrd_other,0.914736437091189,114
40Hz10kN,Bearing3_5,v_env_level_2_log1p_mean_amplitude,hcrd_other,0.921111358619712,114
40Hz10kN,Bearing3_5,v_env_level_2_positive_area_fraction,hcrd_other,-0.06049695226909135,114
40Hz10kN,Bearing3_5,v_env_level_2_sign_balance,hcrd_other,-0.06049695226909135,114
40Hz10kN,Bearing3_5,v_env_level_2_area_concentration,hcrd_other,-0.3035134970940241,114
40Hz10kN,Bearing3_5,v_env_level_2_weighted_shape_factor,hcrd_other,-0.22467117714162252,114
40Hz10kN,Bearing3_5,v_env_level_2_mean_duration_fraction,hcrd_other,-0.23151214340595894,114
40Hz10kN,Bearing3_5,v_env_level_3_log1p_structure_count,hcrd_other,0.24525288858305255,114
40Hz10kN,Bearing3_5,v_env_level_3_knot_fraction,hcrd_other,0.24525288858305255,114
40Hz10kN,Bearing3_5,v_env_level_3_log1p_polygon_area,hcrd_exact_polygon_mass,0.8742026285413419,114
40Hz10kN,Bearing3_5,v_env_level_3_log1p_quadratic_energy,hcrd_other,0.869747473724712,114
40Hz10kN,Bearing3_5,v_env_level_3_log1p_triangle_area,hcrd_other,0.8839634677305037,114
40Hz10kN,Bearing3_5,v_env_level_3_log1p_peak_amplitude,hcrd_other,0.8509872218059578,114
40Hz10kN,Bearing3_5,v_env_level_3_log1p_mean_amplitude,hcrd_other,0.8876409955245945,114
40Hz10kN,Bearing3_5,v_env_level_3_positive_area_fraction,hcrd_other,-0.06331585022579535,114
40Hz10kN,Bearing3_5,v_env_level_3_sign_balance,hcrd_other,-0.06331585022579535,114
40Hz10kN,Bearing3_5,v_env_level_3_area_concentration,hcrd_other,-0.16327332374800024,114
40Hz10kN,Bearing3_5,v_env_level_3_weighted_shape_factor,hcrd_other,-0.24975913455131982,114
40Hz10kN,Bearing3_5,v_env_level_3_mean_duration_fraction,hcrd_other,-0.24525288858305255,114
40Hz10kN,Bearing3_5,v_env_level_4_log1p_structure_count,hcrd_other,0.0986218924860545,114
40Hz10kN,Bearing3_5,v_env_level_4_knot_fraction,hcrd_other,0.0986218924860545,114
40Hz10kN,Bearing3_5,v_env_level_4_log1p_polygon_area,hcrd_exact_polygon_mass,0.8414612907798547,114
40Hz10kN,Bearing3_5,v_env_level_4_log1p_quadratic_energy,hcrd_other,0.8494886697312732,114
40Hz10kN,Bearing3_5,v_env_level_4_log1p_triangle_area,hcrd_other,0.8465158664263583,114
40Hz10kN,Bearing3_5,v_env_level_4_log1p_peak_amplitude,hcrd_other,0.8541787327109619,114
40Hz10kN,Bearing3_5,v_env_level_4_log1p_mean_amplitude,hcrd_other,0.8494967700127581,114
40Hz10kN,Bearing3_5,v_env_level_4_positive_area_fraction,hcrd_other,0.043640620001998774,114
40Hz10kN,Bearing3_5,v_env_level_4_sign_balance,hcrd_other,0.042891077319456364,114
40Hz10kN,Bearing3_5,v_env_level_4_area_concentration,hcrd_other,-0.06733358984224704,114
40Hz10kN,Bearing3_5,v_env_level_4_weighted_shape_factor,hcrd_other,0.020626146787454273,114
40Hz10kN,Bearing3_5,v_env_level_4_mean_duration_fraction,hcrd_other,-0.0986218924860545,114
40Hz10kN,Bearing3_5,v_env_level_5_log1p_structure_count,hcrd_other,0.044113220474764306,114
40Hz10kN,Bearing3_5,v_env_level_5_knot_fraction,hcrd_other,0.044113220474764306,114
40Hz10kN,Bearing3_5,v_env_level_5_log1p_polygon_area,hcrd_exact_polygon_mass,0.8075454122030742,114
40Hz10kN,Bearing3_5,v_env_level_5_log1p_quadratic_energy,hcrd_other,0.8233976630687918,114
40Hz10kN,Bearing3_5,v_env_level_5_log1p_triangle_area,hcrd_other,0.8159292035398231,114
40Hz10kN,Bearing3_5,v_env_level_5_log1p_peak_amplitude,hcrd_other,0.8209270772159333,114
40Hz10kN,Bearing3_5,v_env_level_5_log1p_mean_amplitude,hcrd_other,0.797087948806221,114
40Hz10kN,Bearing3_5,v_env_level_5_positive_area_fraction,hcrd_other,0.16012026527952306,114
40Hz10kN,Bearing3_5,v_env_level_5_sign_balance,hcrd_other,0.16096160791741299,114
40Hz10kN,Bearing3_5,v_env_level_5_area_concentration,hcrd_other,0.058569085275713334,114
40Hz10kN,Bearing3_5,v_env_level_5_weighted_shape_factor,hcrd_other,0.061057740506694644,114
40Hz10kN,Bearing3_5,v_env_level_5_mean_duration_fraction,hcrd_other,-0.044113220474764306,114
40Hz10kN,Bearing3_5,v_spec_level_0_log1p_structure_count,hcrd_other,0.01907782102382959,114
40Hz10kN,Bearing3_5,v_spec_level_0_knot_fraction,hcrd_other,0.01907782102382959,114
40Hz10kN,Bearing3_5,v_spec_level_0_log1p_polygon_area,hcrd_exact_polygon_mass,0.19339827058990305,114
40Hz10kN,Bearing3_5,v_spec_level_0_log1p_quadratic_energy,hcrd_other,0.6686579858650089,114
40Hz10kN,Bearing3_5,v_spec_level_0_log1p_triangle_area,hcrd_other,0.2883983718434216,114
40Hz10kN,Bearing3_5,v_spec_level_0_log1p_peak_amplitude,hcrd_other,0.5074461837548855,114
40Hz10kN,Bearing3_5,v_spec_level_0_log1p_mean_amplitude,hcrd_other,0.4596140215872502,114
40Hz10kN,Bearing3_5,v_spec_level_0_positive_area_fraction,hcrd_other,-0.3261942852514125,114
40Hz10kN,Bearing3_5,v_spec_level_0_sign_balance,hcrd_other,-0.3261942852514125,114
40Hz10kN,Bearing3_5,v_spec_level_0_area_concentration,hcrd_other,0.5133512889572913,114
40Hz10kN,Bearing3_5,v_spec_level_0_weighted_shape_factor,hcrd_other,-0.25422328425912805,114
40Hz10kN,Bearing3_5,v_spec_level_0_mean_duration_fraction,hcrd_other,-0.01907782102382959,114
40Hz10kN,Bearing3_5,v_spec_level_1_log1p_structure_count,hcrd_other,-0.11920183001060189,114
40Hz10kN,Bearing3_5,v_spec_level_1_knot_fraction,hcrd_other,-0.11920183001060189,114
40Hz10kN,Bearing3_5,v_spec_level_1_log1p_polygon_area,hcrd_exact_polygon_mass,-0.07847957716530651,114
40Hz10kN,Bearing3_5,v_spec_level_1_log1p_quadratic_energy,hcrd_other,-0.09971851521840384,114
40Hz10kN,Bearing3_5,v_spec_level_1_log1p_triangle_area,hcrd_other,-0.10769729248091371,114
40Hz10kN,Bearing3_5,v_spec_level_1_log1p_peak_amplitude,hcrd_other,-0.034924363621635854,114
40Hz10kN,Bearing3_5,v_spec_level_1_log1p_mean_amplitude,hcrd_other,-0.1390534821085033,114
40Hz10kN,Bearing3_5,v_spec_level_1_positive_area_fraction,hcrd_other,0.11252506024584356,114
40Hz10kN,Bearing3_5,v_spec_level_1_sign_balance,hcrd_other,0.11252506024584356,114
40Hz10kN,Bearing3_5,v_spec_level_1_area_concentration,hcrd_other,-0.17010186103967115,114
40Hz10kN,Bearing3_5,v_spec_level_1_weighted_shape_factor,hcrd_other,0.11047568903019382,114
40Hz10kN,Bearing3_5,v_spec_level_1_mean_duration_fraction,hcrd_other,0.121997344581394,114
40Hz10kN,Bearing3_5,v_spec_level_2_log1p_structure_count,hcrd_other,-0.12083838858229233,114
40Hz10kN,Bearing3_5,v_spec_level_2_knot_fraction,hcrd_other,-0.12083838858229233,114
40Hz10kN,Bearing3_5,v_spec_level_2_log1p_polygon_area,hcrd_exact_polygon_mass,0.36672809380125965,114
40Hz10kN,Bearing3_5,v_spec_level_2_log1p_quadratic_energy,hcrd_other,0.6388489500010126,114
40Hz10kN,Bearing3_5,v_spec_level_2_log1p_triangle_area,hcrd_other,0.43647961766671395,114
40Hz10kN,Bearing3_5,v_spec_level_2_log1p_peak_amplitude,hcrd_other,0.8247099086693264,114
40Hz10kN,Bearing3_5,v_spec_level_2_log1p_mean_amplitude,hcrd_other,0.5362102833073449,114
40Hz10kN,Bearing3_5,v_spec_level_2_positive_area_fraction,hcrd_other,0.11962090682651223,114
40Hz10kN,Bearing3_5,v_spec_level_2_sign_balance,hcrd_other,0.11962090682651223,114
40Hz10kN,Bearing3_5,v_spec_level_2_area_concentration,hcrd_other,0.20298090358639964,114
40Hz10kN,Bearing3_5,v_spec_level_2_weighted_shape_factor,hcrd_other,-0.1114195974559249,114
40Hz10kN,Bearing3_5,v_spec_level_2_mean_duration_fraction,hcrd_other,0.11959167666837288,114
40Hz10kN,Bearing3_5,v_spec_level_3_log1p_structure_count,hcrd_other,0.02008538634732357,114
40Hz10kN,Bearing3_5,v_spec_level_3_knot_fraction,hcrd_other,0.02008538634732357,114
40Hz10kN,Bearing3_5,v_spec_level_3_log1p_polygon_area,hcrd_exact_polygon_mass,0.2960369372835706,114
40Hz10kN,Bearing3_5,v_spec_level_3_log1p_quadratic_energy,hcrd_other,0.2972276786618335,114
40Hz10kN,Bearing3_5,v_spec_level_3_log1p_triangle_area,hcrd_other,0.30294647739008934,114
40Hz10kN,Bearing3_5,v_spec_level_3_log1p_peak_amplitude,hcrd_other,0.22438184726919264,114
40Hz10kN,Bearing3_5,v_spec_level_3_log1p_mean_amplitude,hcrd_other,0.30409671736092836,114
40Hz10kN,Bearing3_5,v_spec_level_3_positive_area_fraction,hcrd_other,-0.27346955306696913,114
40Hz10kN,Bearing3_5,v_spec_level_3_sign_balance,hcrd_other,-0.27346955306696913,114
40Hz10kN,Bearing3_5,v_spec_level_3_area_concentration,hcrd_other,0.018505093051983557,114
40Hz10kN,Bearing3_5,v_spec_level_3_weighted_shape_factor,hcrd_other,0.024436231138295305,114
40Hz10kN,Bearing3_5,v_spec_level_3_mean_duration_fraction,hcrd_other,-0.02008538634732357,114
40Hz10kN,Bearing3_5,v_spec_level_4_log1p_structure_count,hcrd_other,-0.026692250196060422,114
40Hz10kN,Bearing3_5,v_spec_level_4_knot_fraction,hcrd_other,-0.026692250196060422,114
40Hz10kN,Bearing3_5,v_spec_level_4_log1p_polygon_area,hcrd_exact_polygon_mass,0.20183066361556068,114
40Hz10kN,Bearing3_5,v_spec_level_4_log1p_quadratic_energy,hcrd_other,0.285822482331261,114
40Hz10kN,Bearing3_5,v_spec_level_4_log1p_triangle_area,hcrd_other,0.21206941941232457,114
40Hz10kN,Bearing3_5,v_spec_level_4_log1p_peak_amplitude,hcrd_other,0.4399060367347766,114
40Hz10kN,Bearing3_5,v_spec_level_4_log1p_mean_amplitude,hcrd_other,0.25663716814159293,114
40Hz10kN,Bearing3_5,v_spec_level_4_positive_area_fraction,hcrd_other,0.21131609323423992,114
40Hz10kN,Bearing3_5,v_spec_level_4_sign_balance,hcrd_other,0.21131609323423992,114
40Hz10kN,Bearing3_5,v_spec_level_4_area_concentration,hcrd_other,0.05831797654968511,114
40Hz10kN,Bearing3_5,v_spec_level_4_weighted_shape_factor,hcrd_other,0.03155688976312381,114
40Hz10kN,Bearing3_5,v_spec_level_4_mean_duration_fraction,hcrd_other,0.026692250196060422,114
40Hz10kN,Bearing3_5,v_spec_level_5_log1p_structure_count,hcrd_other,0.10471357842736596,114
40Hz10kN,Bearing3_5,v_spec_level_5_knot_fraction,hcrd_other,0.10471357842736596,114
40Hz10kN,Bearing3_5,v_spec_level_5_log1p_polygon_area,hcrd_exact_polygon_mass,-0.25072396265770236,114
40Hz10kN,Bearing3_5,v_spec_level_5_log1p_quadratic_energy,hcrd_other,-0.27728478564630127,114
40Hz10kN,Bearing3_5,v_spec_level_5_log1p_triangle_area,hcrd_other,-0.24741904781191149,114
40Hz10kN,Bearing3_5,v_spec_level_5_log1p_peak_amplitude,hcrd_other,-0.20825418683299246,114
40Hz10kN,Bearing3_5,v_spec_level_5_log1p_mean_amplitude,hcrd_other,-0.17995180332516555,114
40Hz10kN,Bearing3_5,v_spec_level_5_positive_area_fraction,hcrd_other,0.35166752542165447,114
40Hz10kN,Bearing3_5,v_spec_level_5_sign_balance,hcrd_other,0.35166752542165447,114
40Hz10kN,Bearing3_5,v_spec_level_5_area_concentration,hcrd_other,-0.23170637862592558,114
40Hz10kN,Bearing3_5,v_spec_level_5_weighted_shape_factor,hcrd_other,-0.19697743453586827,114
40Hz10kN,Bearing3_5,v_spec_level_5_mean_duration_fraction,hcrd_other,-0.10471357842736596,114
