record,beat_index,method,sampling_frequency,target_onset,target_fiducial,target_offset,detected_r_peak,predicted_onset,predicted_offset,success,failure_reason,onset_error_ms,offset_error_ms,duration_error_ms,joint_absolute_error_ms
sel100,0,neurokit_dwt_ch0,250.0,150316,150330,150334,150329,150316,150339,1,,0.0,20.0,20.0,10.0
sel100,1,neurokit_dwt_ch0,250.0,150514,150529,150533,,,,0,missing_dwt_boundary,,,,160.0
sel100,2,neurokit_dwt_ch0,250.0,150715,150728,150732,150727,150714,150736,1,,-4.0,16.0,20.0,10.0
sel100,3,neurokit_dwt_ch0,250.0,150911,150925,150931,150924,150911,150935,1,,0.0,16.0,16.0,8.0
sel100,4,neurokit_dwt_ch0,250.0,151114,151129,151133,151127,151114,151138,1,,0.0,20.0,20.0,10.0
sel100,5,neurokit_dwt_ch0,250.0,151309,151327,151332,151325,151311,151337,1,,8.0,20.0,12.0,14.0
sel100,6,neurokit_dwt_ch0,250.0,151519,151535,151540,151534,151520,151544,1,,4.0,16.0,12.0,10.0
sel100,7,neurokit_dwt_ch0,250.0,151732,151747,151752,151745,151733,151757,1,,4.0,20.0,16.0,12.0
sel100,8,neurokit_dwt_ch0,250.0,151937,151952,151959,151951,151937,151963,1,,0.0,16.0,16.0,8.0
sel100,9,neurokit_dwt_ch0,250.0,152124,152139,152144,152137,152125,152147,1,,4.0,12.0,8.0,8.0
sel100,10,neurokit_dwt_ch0,250.0,152318,152332,152337,152330,152318,152341,1,,0.0,16.0,16.0,8.0
sel100,11,neurokit_dwt_ch0,250.0,152521,152530,152536,,,,0,missing_dwt_boundary,,,,160.0
sel100,12,neurokit_dwt_ch0,250.0,152718,152731,152736,,,,0,missing_dwt_boundary,,,,160.0
sel100,13,neurokit_dwt_ch0,250.0,152905,152921,152927,152920,152905,152930,1,,0.0,12.0,12.0,6.0
sel100,14,neurokit_dwt_ch0,250.0,153113,153126,153133,153127,153113,153137,1,,0.0,16.0,16.0,8.0
sel100,15,neurokit_dwt_ch0,250.0,153323,153339,153345,153337,153324,153348,1,,4.0,12.0,8.0,8.0
sel100,16,neurokit_dwt_ch0,250.0,153527,153542,153547,153540,153527,153551,1,,0.0,16.0,16.0,8.0
sel100,17,neurokit_dwt_ch0,250.0,153707,153721,153726,153720,153707,153730,1,,0.0,16.0,16.0,8.0
sel100,18,neurokit_dwt_ch0,250.0,153897,153913,153919,153912,153899,153922,1,,8.0,12.0,4.0,10.0
sel100,19,neurokit_dwt_ch0,250.0,154100,154114,154119,154113,154100,154123,1,,0.0,16.0,16.0,8.0
sel100,20,neurokit_dwt_ch0,250.0,154311,154326,154330,,,,0,missing_dwt_boundary,,,,160.0
sel100,21,neurokit_dwt_ch0,250.0,154503,154523,154528,154522,154505,154532,1,,8.0,16.0,8.0,12.0
sel100,22,neurokit_dwt_ch0,250.0,154708,154723,154727,154721,154708,154732,1,,0.0,20.0,20.0,10.0
sel100,23,neurokit_dwt_ch0,250.0,154916,154934,154939,154932,154918,154943,1,,8.0,16.0,8.0,12.0
sel100,24,neurokit_dwt_ch0,250.0,155124,155136,155143,,,,0,missing_dwt_boundary,,,,160.0
sel100,25,neurokit_dwt_ch0,250.0,155305,155316,155320,155315,155301,155325,1,,-16.0,20.0,36.0,18.0
sel100,26,neurokit_dwt_ch0,250.0,155490,155504,155507,155502,155490,155513,1,,0.0,24.0,24.0,12.0
sel100,27,neurokit_dwt_ch0,250.0,155691,155704,155710,155702,155689,155712,1,,-8.0,8.0,16.0,8.0
sel100,28,neurokit_dwt_ch0,250.0,155899,155914,155918,,,,0,missing_dwt_boundary,,,,160.0
sel100,29,neurokit_dwt_ch0,250.0,156092,156110,156114,156109,156095,156119,1,,12.0,20.0,8.0,16.0
sel100,0,neurokit_dwt_ch1,250.0,150316,150330,150334,150326,150314,150337,1,,-8.0,12.0,20.0,10.0
sel100,1,neurokit_dwt_ch1,250.0,150514,150529,150533,,,,0,missing_dwt_boundary,,,,160.0
sel100,2,neurokit_dwt_ch1,250.0,150715,150728,150732,,,,0,missing_dwt_boundary,,,,160.0
sel100,3,neurokit_dwt_ch1,250.0,150911,150925,150931,,,,0,missing_dwt_boundary,,,,160.0
sel100,4,neurokit_dwt_ch1,250.0,151114,151129,151133,151125,151112,151136,1,,-8.0,12.0,20.0,10.0
sel100,5,neurokit_dwt_ch1,250.0,151309,151327,151332,151323,151309,151333,1,,0.0,4.0,4.0,2.0
sel100,6,neurokit_dwt_ch1,250.0,151519,151535,151540,,,,0,missing_dwt_boundary,,,,160.0
sel100,7,neurokit_dwt_ch1,250.0,151732,151747,151752,151743,151731,151756,1,,-4.0,16.0,20.0,10.0
sel100,8,neurokit_dwt_ch1,250.0,151937,151952,151959,151949,151935,151961,1,,-8.0,8.0,16.0,8.0
sel100,9,neurokit_dwt_ch1,250.0,152124,152139,152144,,,,0,missing_dwt_boundary,,,,160.0
sel100,10,neurokit_dwt_ch1,250.0,152318,152332,152337,,,,0,missing_dwt_boundary,,,,160.0
sel100,11,neurokit_dwt_ch1,250.0,152521,152530,152536,152526,152515,152537,1,,-24.0,4.0,28.0,14.0
sel100,12,neurokit_dwt_ch1,250.0,152718,152731,152736,,,,0,missing_dwt_boundary,,,,160.0
sel100,13,neurokit_dwt_ch1,250.0,152905,152921,152927,,,,0,missing_dwt_boundary,,,,160.0
sel100,14,neurokit_dwt_ch1,250.0,153113,153126,153133,153124,153112,153146,1,,-4.0,52.0,56.0,28.0
sel100,15,neurokit_dwt_ch1,250.0,153323,153339,153345,153335,153323,153346,1,,0.0,4.0,4.0,2.0
sel100,16,neurokit_dwt_ch1,250.0,153527,153542,153547,153538,153525,153549,1,,-8.0,8.0,16.0,8.0
sel100,17,neurokit_dwt_ch1,250.0,153707,153721,153726,,,,0,missing_dwt_boundary,,,,160.0
sel100,18,neurokit_dwt_ch1,250.0,153897,153913,153919,153910,153897,153920,1,,0.0,4.0,4.0,2.0
sel100,19,neurokit_dwt_ch1,250.0,154100,154114,154119,154111,154099,154121,1,,-4.0,8.0,12.0,6.0
sel100,20,neurokit_dwt_ch1,250.0,154311,154326,154330,,,,0,missing_dwt_boundary,,,,160.0
sel100,21,neurokit_dwt_ch1,250.0,154503,154523,154528,,,,0,missing_dwt_boundary,,,,160.0
sel100,22,neurokit_dwt_ch1,250.0,154708,154723,154727,,,,0,missing_dwt_boundary,,,,160.0
sel100,23,neurokit_dwt_ch1,250.0,154916,154934,154939,154930,154916,154941,1,,0.0,8.0,8.0,4.0
sel100,24,neurokit_dwt_ch1,250.0,155124,155136,155143,,,,0,missing_dwt_boundary,,,,160.0
sel100,25,neurokit_dwt_ch1,250.0,155305,155316,155320,155313,155300,155323,1,,-20.0,12.0,32.0,16.0
sel100,26,neurokit_dwt_ch1,250.0,155490,155504,155507,155500,155488,155516,1,,-8.0,36.0,44.0,22.0
sel100,27,neurokit_dwt_ch1,250.0,155691,155704,155710,155700,155687,155711,1,,-16.0,4.0,20.0,10.0
sel100,28,neurokit_dwt_ch1,250.0,155899,155914,155918,155910,155898,155920,1,,-4.0,8.0,12.0,6.0
sel100,29,neurokit_dwt_ch1,250.0,156092,156110,156114,156107,156093,156126,1,,4.0,48.0,44.0,26.0
sel102,0,neurokit_dwt_ch0,250.0,150229,150253,150280,150243,150202,150250,1,,-108.0,-120.0,-12.0,114.0
sel102,1,neurokit_dwt_ch0,250.0,150427,150453,150483,150442,150408,150450,1,,-76.0,-132.0,-56.0,104.0
sel102,2,neurokit_dwt_ch0,250.0,150641,150663,150694,,,,0,missing_dwt_boundary,,,,160.0
sel102,3,neurokit_dwt_ch0,250.0,150852,150875,150908,,,,0,missing_dwt_boundary,,,,160.0
sel102,4,neurokit_dwt_ch0,250.0,151065,151086,151121,,,,0,missing_dwt_boundary,,,,160.0
sel102,5,neurokit_dwt_ch0,250.0,151278,151313,151327,,,,0,unmatched_r_peak,,,,160.0
sel102,6,neurokit_dwt_ch0,250.0,152081,152106,152135,152096,152065,152104,1,,-64.0,-124.0,-60.0,94.0
sel102,7,neurokit_dwt_ch0,250.0,152307,152321,152361,,,,0,missing_dwt_boundary,,,,160.0
sel102,8,neurokit_dwt_ch0,250.0,152516,152548,152569,,,,0,unmatched_r_peak,,,,160.0
sel102,9,neurokit_dwt_ch0,250.0,152722,152744,152775,,,,0,missing_dwt_boundary,,,,160.0
sel102,10,neurokit_dwt_ch0,250.0,152932,152954,152988,152946,152911,152953,1,,-84.0,-140.0,-56.0,112.0
sel102,11,neurokit_dwt_ch0,250.0,153136,153159,153189,,,,0,unmatched_r_peak,,,,160.0
sel102,12,neurokit_dwt_ch0,250.0,153331,153363,153382,,,,0,unmatched_r_peak,,,,160.0
sel102,13,neurokit_dwt_ch0,250.0,153535,153555,153593,153545,153511,153553,1,,-96.0,-160.0,-64.0,128.0
sel102,14,neurokit_dwt_ch0,250.0,153743,153765,153799,153756,153702,153763,1,,-164.0,-144.0,20.0,154.0
sel102,15,neurokit_dwt_ch0,250.0,153961,153983,154017,,,,0,missing_dwt_boundary,,,,160.0
sel102,16,neurokit_dwt_ch0,250.0,154782,154816,154835,,,,0,unmatched_r_peak,,,,160.0
sel102,17,neurokit_dwt_ch0,250.0,154983,155015,155036,,,,0,unmatched_r_peak,,,,160.0
sel102,18,neurokit_dwt_ch0,250.0,155189,155224,155244,,,,0,unmatched_r_peak,,,,160.0
sel102,19,neurokit_dwt_ch0,250.0,155402,155439,155455,,,,0,unmatched_r_peak,,,,160.0
sel102,20,neurokit_dwt_ch0,250.0,155620,155656,155676,,,,0,unmatched_r_peak,,,,160.0
sel102,21,neurokit_dwt_ch0,250.0,155825,155858,155880,,,,0,unmatched_r_peak,,,,160.0
sel102,22,neurokit_dwt_ch0,250.0,156027,156057,156080,,,,0,unmatched_r_peak,,,,160.0
sel102,23,neurokit_dwt_ch0,250.0,156233,156263,156284,,,,0,unmatched_r_peak,,,,160.0
sel102,24,neurokit_dwt_ch0,250.0,157058,157095,157113,,,,0,unmatched_r_peak,,,,160.0
sel102,25,neurokit_dwt_ch0,250.0,157277,157298,157323,,,,0,missing_dwt_boundary,,,,160.0
sel102,26,neurokit_dwt_ch0,250.0,158087,158117,158138,,,,0,unmatched_r_peak,,,,160.0
sel102,27,neurokit_dwt_ch0,250.0,158296,158315,158349,,,,0,missing_dwt_boundary,,,,160.0
sel102,28,neurokit_dwt_ch0,250.0,158507,158531,158563,,,,0,missing_dwt_boundary,,,,160.0
sel102,29,neurokit_dwt_ch0,250.0,158723,158755,158778,,,,0,unmatched_r_peak,,,,160.0
sel102,30,neurokit_dwt_ch0,250.0,158928,158950,158979,158941,158884,158947,1,,-176.0,-128.0,48.0,152.0
sel102,31,neurokit_dwt_ch0,250.0,159127,159154,159177,,,,0,unmatched_r_peak,,,,160.0
sel102,32,neurokit_dwt_ch0,250.0,159322,159356,159376,,,,0,unmatched_r_peak,,,,160.0
sel102,33,neurokit_dwt_ch0,250.0,159533,159562,159581,,,,0,unmatched_r_peak,,,,160.0
sel102,34,neurokit_dwt_ch0,250.0,160979,161009,161029,,,,0,unmatched_r_peak,,,,160.0
sel102,35,neurokit_dwt_ch0,250.0,161190,161223,161245,,,,0,unmatched_r_peak,,,,160.0
sel102,36,neurokit_dwt_ch0,250.0,162633,162655,162689,,,,0,unmatched_r_peak,,,,160.0
sel102,37,neurokit_dwt_ch0,250.0,162854,162869,162904,,,,0,missing_dwt_boundary,,,,160.0
sel102,38,neurokit_dwt_ch0,250.0,163059,163082,163120,,,,0,missing_dwt_boundary,,,,160.0
sel102,39,neurokit_dwt_ch0,250.0,163270,163291,163321,,,,0,missing_dwt_boundary,,,,160.0
sel102,40,neurokit_dwt_ch0,250.0,163471,163494,163524,163497,163485,163518,1,,56.0,-24.0,-80.0,40.0
sel102,41,neurokit_dwt_ch0,250.0,163682,163699,163733,163688,163657,163695,1,,-100.0,-152.0,-52.0,126.0
sel102,42,neurokit_dwt_ch0,250.0,163878,163907,163931,,,,0,unmatched_r_peak,,,,160.0
sel102,43,neurokit_dwt_ch0,250.0,164079,164108,164134,,,,0,unmatched_r_peak,,,,160.0
sel102,44,neurokit_dwt_ch0,250.0,164294,164316,164350,,,,0,missing_dwt_boundary,,,,160.0
sel102,45,neurokit_dwt_ch0,250.0,164513,164530,164561,,,,0,missing_dwt_boundary,,,,160.0
sel102,46,neurokit_dwt_ch0,250.0,164719,164736,164767,164728,164694,164737,1,,-100.0,-120.0,-20.0,110.0
sel102,47,neurokit_dwt_ch0,250.0,164922,164944,164978,,,,0,missing_dwt_boundary,,,,160.0
sel102,48,neurokit_dwt_ch0,250.0,165120,165144,165178,,,,0,unmatched_r_peak,,,,160.0
sel102,49,neurokit_dwt_ch0,250.0,165526,165549,165580,165538,165504,165545,1,,-88.0,-140.0,-52.0,114.0
sel102,50,neurokit_dwt_ch0,250.0,168634,168652,168687,168643,168602,168651,1,,-128.0,-144.0,-16.0,136.0
sel102,51,neurokit_dwt_ch0,250.0,168845,168867,168898,,,,0,unmatched_r_peak,,,,160.0
sel102,52,neurokit_dwt_ch0,250.0,169873,169899,169922,,,,0,unmatched_r_peak,,,,160.0
sel102,53,neurokit_dwt_ch0,250.0,170923,170956,170974,,,,0,unmatched_r_peak,,,,160.0
sel102,54,neurokit_dwt_ch0,250.0,171319,171348,171372,,,,0,unmatched_r_peak,,,,160.0
sel102,55,neurokit_dwt_ch0,250.0,171954,171982,172010,,,,0,unmatched_r_peak,,,,160.0
sel102,56,neurokit_dwt_ch0,250.0,172783,172806,172826,,,,0,unmatched_r_peak,,,,160.0
sel102,57,neurokit_dwt_ch0,250.0,172973,173006,173022,,,,0,unmatched_r_peak,,,,160.0
sel102,58,neurokit_dwt_ch0,250.0,175268,175308,175322,,,,0,unmatched_r_peak,,,,160.0
sel102,59,neurokit_dwt_ch0,250.0,175670,175699,175721,,,,0,unmatched_r_peak,,,,160.0
sel102,60,neurokit_dwt_ch0,250.0,176917,176958,176973,,,,0,unmatched_r_peak,,,,160.0
sel102,61,neurokit_dwt_ch0,250.0,178571,178610,178622,,,,0,unmatched_r_peak,,,,160.0
sel102,62,neurokit_dwt_ch0,250.0,181467,181494,181518,,,,0,unmatched_r_peak,,,,160.0
sel102,63,neurokit_dwt_ch0,250.0,182918,182951,182974,,,,0,unmatched_r_peak,,,,160.0
sel102,64,neurokit_dwt_ch0,250.0,183119,183146,183167,,,,0,unmatched_r_peak,,,,160.0
sel102,65,neurokit_dwt_ch0,250.0,183325,183352,183373,,,,0,unmatched_r_peak,,,,160.0
sel102,66,neurokit_dwt_ch0,250.0,184364,184392,184415,,,,0,unmatched_r_peak,,,,160.0
sel102,67,neurokit_dwt_ch0,250.0,185817,185848,185878,,,,0,unmatched_r_peak,,,,160.0
sel102,68,neurokit_dwt_ch0,250.0,186023,186044,186074,,,,0,unmatched_r_peak,,,,160.0
sel102,69,neurokit_dwt_ch0,250.0,186622,186657,186678,186649,186637,186662,1,,60.0,-64.0,-124.0,62.0
sel102,70,neurokit_dwt_ch0,250.0,187469,187493,187524,,,,0,unmatched_r_peak,,,,160.0
sel102,71,neurokit_dwt_ch0,250.0,189117,189147,189166,,,,0,unmatched_r_peak,,,,160.0
sel102,72,neurokit_dwt_ch0,250.0,190769,190792,190812,,,,0,unmatched_r_peak,,,,160.0
sel102,73,neurokit_dwt_ch0,250.0,191602,191645,191655,,,,0,unmatched_r_peak,,,,160.0
sel102,74,neurokit_dwt_ch0,250.0,191813,191849,191859,,,,0,unmatched_r_peak,,,,160.0
sel102,75,neurokit_dwt_ch0,250.0,194707,194753,194765,,,,0,unmatched_r_peak,,,,160.0
sel102,76,neurokit_dwt_ch0,250.0,194915,194953,194976,,,,0,unmatched_r_peak,,,,160.0
sel102,77,neurokit_dwt_ch0,250.0,196368,196406,196417,,,,0,unmatched_r_peak,,,,160.0
sel102,78,neurokit_dwt_ch0,250.0,196564,196603,196612,,,,0,unmatched_r_peak,,,,160.0
sel102,79,neurokit_dwt_ch0,250.0,201950,201983,201998,,,,0,unmatched_r_peak,,,,160.0
sel102,80,neurokit_dwt_ch0,250.0,205258,205299,205317,,,,0,unmatched_r_peak,,,,160.0
sel102,81,neurokit_dwt_ch0,250.0,205456,205498,205507,,,,0,unmatched_r_peak,,,,160.0
sel102,82,neurokit_dwt_ch0,250.0,220957,220986,221008,,,,0,unmatched_r_peak,,,,160.0
sel102,83,neurokit_dwt_ch0,250.0,223650,223681,223706,,,,0,unmatched_r_peak,,,,160.0
sel102,84,neurokit_dwt_ch0,250.0,224067,224092,224117,,,,0,unmatched_r_peak,,,,160.0
sel102,0,neurokit_dwt_ch1,250.0,150229,150253,150280,,,,0,unmatched_r_peak,,,,160.0
sel102,1,neurokit_dwt_ch1,250.0,150427,150453,150483,,,,0,unmatched_r_peak,,,,160.0
sel102,2,neurokit_dwt_ch1,250.0,150641,150663,150694,,,,0,unmatched_r_peak,,,,160.0
sel102,3,neurokit_dwt_ch1,250.0,150852,150875,150908,,,,0,unmatched_r_peak,,,,160.0
sel102,4,neurokit_dwt_ch1,250.0,151065,151086,151121,,,,0,unmatched_r_peak,,,,160.0
sel102,5,neurokit_dwt_ch1,250.0,151278,151313,151327,,,,0,unmatched_r_peak,,,,160.0
sel102,6,neurokit_dwt_ch1,250.0,152081,152106,152135,,,,0,unmatched_r_peak,,,,160.0
sel102,7,neurokit_dwt_ch1,250.0,152307,152321,152361,,,,0,unmatched_r_peak,,,,160.0
sel102,8,neurokit_dwt_ch1,250.0,152516,152548,152569,,,,0,unmatched_r_peak,,,,160.0
sel102,9,neurokit_dwt_ch1,250.0,152722,152744,152775,,,,0,unmatched_r_peak,,,,160.0
sel102,10,neurokit_dwt_ch1,250.0,152932,152954,152988,,,,0,unmatched_r_peak,,,,160.0
sel102,11,neurokit_dwt_ch1,250.0,153136,153159,153189,,,,0,unmatched_r_peak,,,,160.0
sel102,12,neurokit_dwt_ch1,250.0,153331,153363,153382,,,,0,unmatched_r_peak,,,,160.0
sel102,13,neurokit_dwt_ch1,250.0,153535,153555,153593,,,,0,unmatched_r_peak,,,,160.0
sel102,14,neurokit_dwt_ch1,250.0,153743,153765,153799,,,,0,unmatched_r_peak,,,,160.0
sel102,15,neurokit_dwt_ch1,250.0,153961,153983,154017,,,,0,unmatched_r_peak,,,,160.0
sel102,16,neurokit_dwt_ch1,250.0,154782,154816,154835,,,,0,unmatched_r_peak,,,,160.0
sel102,17,neurokit_dwt_ch1,250.0,154983,155015,155036,,,,0,unmatched_r_peak,,,,160.0
sel102,18,neurokit_dwt_ch1,250.0,155189,155224,155244,,,,0,unmatched_r_peak,,,,160.0
sel102,19,neurokit_dwt_ch1,250.0,155402,155439,155455,,,,0,unmatched_r_peak,,,,160.0
sel102,20,neurokit_dwt_ch1,250.0,155620,155656,155676,,,,0,unmatched_r_peak,,,,160.0
sel102,21,neurokit_dwt_ch1,250.0,155825,155858,155880,,,,0,unmatched_r_peak,,,,160.0
sel102,22,neurokit_dwt_ch1,250.0,156027,156057,156080,,,,0,unmatched_r_peak,,,,160.0
sel102,23,neurokit_dwt_ch1,250.0,156233,156263,156284,,,,0,unmatched_r_peak,,,,160.0
sel102,24,neurokit_dwt_ch1,250.0,157058,157095,157113,,,,0,unmatched_r_peak,,,,160.0
sel102,25,neurokit_dwt_ch1,250.0,157277,157298,157323,,,,0,unmatched_r_peak,,,,160.0
sel102,26,neurokit_dwt_ch1,250.0,158087,158117,158138,,,,0,unmatched_r_peak,,,,160.0
sel102,27,neurokit_dwt_ch1,250.0,158296,158315,158349,,,,0,unmatched_r_peak,,,,160.0
sel102,28,neurokit_dwt_ch1,250.0,158507,158531,158563,,,,0,unmatched_r_peak,,,,160.0
sel102,29,neurokit_dwt_ch1,250.0,158723,158755,158778,,,,0,unmatched_r_peak,,,,160.0
sel102,30,neurokit_dwt_ch1,250.0,158928,158950,158979,,,,0,unmatched_r_peak,,,,160.0
sel102,31,neurokit_dwt_ch1,250.0,159127,159154,159177,,,,0,unmatched_r_peak,,,,160.0
sel102,32,neurokit_dwt_ch1,250.0,159322,159356,159376,,,,0,unmatched_r_peak,,,,160.0
sel102,33,neurokit_dwt_ch1,250.0,159533,159562,159581,,,,0,unmatched_r_peak,,,,160.0
sel102,34,neurokit_dwt_ch1,250.0,160979,161009,161029,,,,0,unmatched_r_peak,,,,160.0
sel102,35,neurokit_dwt_ch1,250.0,161190,161223,161245,,,,0,unmatched_r_peak,,,,160.0
sel102,36,neurokit_dwt_ch1,250.0,162633,162655,162689,,,,0,unmatched_r_peak,,,,160.0
sel102,37,neurokit_dwt_ch1,250.0,162854,162869,162904,,,,0,unmatched_r_peak,,,,160.0
sel102,38,neurokit_dwt_ch1,250.0,163059,163082,163120,,,,0,unmatched_r_peak,,,,160.0
sel102,39,neurokit_dwt_ch1,250.0,163270,163291,163321,,,,0,unmatched_r_peak,,,,160.0
sel102,40,neurokit_dwt_ch1,250.0,163471,163494,163524,,,,0,unmatched_r_peak,,,,160.0
sel102,41,neurokit_dwt_ch1,250.0,163682,163699,163733,,,,0,unmatched_r_peak,,,,160.0
sel102,42,neurokit_dwt_ch1,250.0,163878,163907,163931,,,,0,unmatched_r_peak,,,,160.0
sel102,43,neurokit_dwt_ch1,250.0,164079,164108,164134,,,,0,unmatched_r_peak,,,,160.0
sel102,44,neurokit_dwt_ch1,250.0,164294,164316,164350,,,,0,unmatched_r_peak,,,,160.0
sel102,45,neurokit_dwt_ch1,250.0,164513,164530,164561,,,,0,unmatched_r_peak,,,,160.0
sel102,46,neurokit_dwt_ch1,250.0,164719,164736,164767,,,,0,unmatched_r_peak,,,,160.0
sel102,47,neurokit_dwt_ch1,250.0,164922,164944,164978,,,,0,unmatched_r_peak,,,,160.0
sel102,48,neurokit_dwt_ch1,250.0,165120,165144,165178,,,,0,unmatched_r_peak,,,,160.0
sel102,49,neurokit_dwt_ch1,250.0,165526,165549,165580,,,,0,unmatched_r_peak,,,,160.0
sel102,50,neurokit_dwt_ch1,250.0,168634,168652,168687,,,,0,unmatched_r_peak,,,,160.0
sel102,51,neurokit_dwt_ch1,250.0,168845,168867,168898,,,,0,unmatched_r_peak,,,,160.0
sel102,52,neurokit_dwt_ch1,250.0,169873,169899,169922,,,,0,unmatched_r_peak,,,,160.0
sel102,53,neurokit_dwt_ch1,250.0,170923,170956,170974,,,,0,unmatched_r_peak,,,,160.0
sel102,54,neurokit_dwt_ch1,250.0,171319,171348,171372,,,,0,unmatched_r_peak,,,,160.0
sel102,55,neurokit_dwt_ch1,250.0,171954,171982,172010,,,,0,unmatched_r_peak,,,,160.0
sel102,56,neurokit_dwt_ch1,250.0,172783,172806,172826,,,,0,unmatched_r_peak,,,,160.0
sel102,57,neurokit_dwt_ch1,250.0,172973,173006,173022,,,,0,unmatched_r_peak,,,,160.0
sel102,58,neurokit_dwt_ch1,250.0,175268,175308,175322,,,,0,unmatched_r_peak,,,,160.0
sel102,59,neurokit_dwt_ch1,250.0,175670,175699,175721,,,,0,unmatched_r_peak,,,,160.0
sel102,60,neurokit_dwt_ch1,250.0,176917,176958,176973,,,,0,unmatched_r_peak,,,,160.0
sel102,61,neurokit_dwt_ch1,250.0,178571,178610,178622,,,,0,unmatched_r_peak,,,,160.0
sel102,62,neurokit_dwt_ch1,250.0,181467,181494,181518,,,,0,unmatched_r_peak,,,,160.0
sel102,63,neurokit_dwt_ch1,250.0,182918,182951,182974,,,,0,unmatched_r_peak,,,,160.0
sel102,64,neurokit_dwt_ch1,250.0,183119,183146,183167,,,,0,unmatched_r_peak,,,,160.0
sel102,65,neurokit_dwt_ch1,250.0,183325,183352,183373,,,,0,unmatched_r_peak,,,,160.0
sel102,66,neurokit_dwt_ch1,250.0,184364,184392,184415,,,,0,unmatched_r_peak,,,,160.0
sel102,67,neurokit_dwt_ch1,250.0,185817,185848,185878,,,,0,unmatched_r_peak,,,,160.0
sel102,68,neurokit_dwt_ch1,250.0,186023,186044,186074,,,,0,unmatched_r_peak,,,,160.0
sel102,69,neurokit_dwt_ch1,250.0,186622,186657,186678,,,,0,unmatched_r_peak,,,,160.0
sel102,70,neurokit_dwt_ch1,250.0,187469,187493,187524,,,,0,unmatched_r_peak,,,,160.0
sel102,71,neurokit_dwt_ch1,250.0,189117,189147,189166,,,,0,unmatched_r_peak,,,,160.0
sel102,72,neurokit_dwt_ch1,250.0,190769,190792,190812,,,,0,unmatched_r_peak,,,,160.0
sel102,73,neurokit_dwt_ch1,250.0,191602,191645,191655,,,,0,unmatched_r_peak,,,,160.0
sel102,74,neurokit_dwt_ch1,250.0,191813,191849,191859,,,,0,unmatched_r_peak,,,,160.0
sel102,75,neurokit_dwt_ch1,250.0,194707,194753,194765,,,,0,unmatched_r_peak,,,,160.0
sel102,76,neurokit_dwt_ch1,250.0,194915,194953,194976,,,,0,unmatched_r_peak,,,,160.0
sel102,77,neurokit_dwt_ch1,250.0,196368,196406,196417,,,,0,unmatched_r_peak,,,,160.0
sel102,78,neurokit_dwt_ch1,250.0,196564,196603,196612,,,,0,unmatched_r_peak,,,,160.0
sel102,79,neurokit_dwt_ch1,250.0,201950,201983,201998,,,,0,unmatched_r_peak,,,,160.0
sel102,80,neurokit_dwt_ch1,250.0,205258,205299,205317,,,,0,unmatched_r_peak,,,,160.0
sel102,81,neurokit_dwt_ch1,250.0,205456,205498,205507,,,,0,unmatched_r_peak,,,,160.0
sel102,82,neurokit_dwt_ch1,250.0,220957,220986,221008,,,,0,unmatched_r_peak,,,,160.0
sel102,83,neurokit_dwt_ch1,250.0,223650,223681,223706,,,,0,unmatched_r_peak,,,,160.0
sel102,84,neurokit_dwt_ch1,250.0,224067,224092,224117,,,,0,unmatched_r_peak,,,,160.0
sel103,0,neurokit_dwt_ch0,250.0,150270,150280,150293,150281,150268,150292,1,,-8.0,-4.0,4.0,6.0
sel103,1,neurokit_dwt_ch0,250.0,150476,150489,150496,150487,150475,150498,1,,-4.0,8.0,12.0,6.0
sel103,2,neurokit_dwt_ch0,250.0,150684,150695,150702,150693,150681,150704,1,,-12.0,8.0,20.0,10.0
sel103,3,neurokit_dwt_ch0,250.0,150892,150904,150915,150902,150890,150913,1,,-8.0,-8.0,0.0,8.0
sel103,4,neurokit_dwt_ch0,250.0,151112,151125,151134,151123,151110,151134,1,,-8.0,0.0,8.0,4.0
sel103,5,neurokit_dwt_ch0,250.0,151332,151343,151352,151342,151329,151353,1,,-12.0,4.0,16.0,8.0
sel103,6,neurokit_dwt_ch0,250.0,151550,151566,151576,151565,151551,151576,1,,4.0,0.0,-4.0,2.0
sel103,7,neurokit_dwt_ch0,250.0,151780,151792,151802,151790,151777,151801,1,,-12.0,-4.0,8.0,8.0
sel103,8,neurokit_dwt_ch0,250.0,151985,151998,152003,151996,151984,152006,1,,-4.0,12.0,16.0,8.0
sel103,9,neurokit_dwt_ch0,250.0,152193,152203,152213,152202,152189,152213,1,,-16.0,0.0,16.0,8.0
sel103,10,neurokit_dwt_ch0,250.0,152398,152411,152419,152410,152397,152421,1,,-4.0,8.0,12.0,6.0
sel103,11,neurokit_dwt_ch0,250.0,152617,152629,152640,152628,152613,152639,1,,-16.0,-4.0,12.0,10.0
sel103,12,neurokit_dwt_ch0,250.0,152833,152848,152860,152846,152833,152857,1,,0.0,-12.0,-12.0,6.0
sel103,13,neurokit_dwt_ch0,250.0,153054,153061,153070,153059,153046,153070,1,,-32.0,0.0,32.0,16.0
sel103,14,neurokit_dwt_ch0,250.0,153270,153284,153291,153283,153269,153294,1,,-4.0,12.0,16.0,8.0
sel103,15,neurokit_dwt_ch0,250.0,153483,153494,153504,153494,153481,153504,1,,-8.0,0.0,8.0,4.0
sel103,16,neurokit_dwt_ch0,250.0,153680,153694,153705,153692,153680,153702,1,,0.0,-12.0,-12.0,6.0
sel103,17,neurokit_dwt_ch0,250.0,153888,153901,153911,153899,153887,153909,1,,-4.0,-8.0,-4.0,6.0
sel103,18,neurokit_dwt_ch0,250.0,154104,154118,154124,154116,154103,154127,1,,-4.0,12.0,16.0,8.0
sel103,19,neurokit_dwt_ch0,250.0,154325,154338,154350,154337,154324,154348,1,,-4.0,-8.0,-4.0,6.0
sel103,20,neurokit_dwt_ch0,250.0,154542,154556,154566,154555,154542,154566,1,,0.0,0.0,0.0,0.0
sel103,21,neurokit_dwt_ch0,250.0,154764,154778,154786,154776,154763,154787,1,,-4.0,4.0,8.0,4.0
sel103,22,neurokit_dwt_ch0,250.0,154978,154988,154998,154988,154976,154999,1,,-8.0,4.0,12.0,6.0
sel103,23,neurokit_dwt_ch0,250.0,155186,155195,155212,155194,155181,155204,1,,-20.0,-32.0,-12.0,26.0
sel103,24,neurokit_dwt_ch0,250.0,155389,155404,155412,155402,155389,155413,1,,0.0,4.0,4.0,2.0
sel103,25,neurokit_dwt_ch0,250.0,155600,155616,155623,155615,155602,155626,1,,8.0,12.0,4.0,10.0
sel103,26,neurokit_dwt_ch0,250.0,155831,155844,155854,155842,155828,155854,1,,-12.0,0.0,12.0,6.0
sel103,27,neurokit_dwt_ch0,250.0,156050,156060,156070,156061,156048,156072,1,,-8.0,8.0,16.0,8.0
sel103,28,neurokit_dwt_ch0,250.0,156264,156273,156283,156275,156261,156285,1,,-12.0,8.0,20.0,10.0
sel103,29,neurokit_dwt_ch0,250.0,156479,156492,156502,156491,156478,156501,1,,-4.0,-4.0,0.0,4.0
sel103,0,neurokit_dwt_ch1,250.0,150270,150280,150293,150281,150234,150292,1,,-144.0,-4.0,140.0,74.0
sel103,1,neurokit_dwt_ch1,250.0,150476,150489,150496,150488,150445,150499,1,,-124.0,12.0,136.0,68.0
sel103,2,neurokit_dwt_ch1,250.0,150684,150695,150702,150694,150651,150705,1,,-132.0,12.0,144.0,72.0
sel103,3,neurokit_dwt_ch1,250.0,150892,150904,150915,150902,150859,150914,1,,-132.0,-4.0,128.0,68.0
sel103,4,neurokit_dwt_ch1,250.0,151112,151125,151134,151123,151080,151135,1,,-128.0,4.0,132.0,66.0
sel103,5,neurokit_dwt_ch1,250.0,151332,151343,151352,151342,151299,151354,1,,-132.0,8.0,140.0,70.0
sel103,6,neurokit_dwt_ch1,250.0,151550,151566,151576,151565,151519,151577,1,,-124.0,4.0,128.0,64.0
sel103,7,neurokit_dwt_ch1,250.0,151780,151792,151802,151791,151748,151802,1,,-128.0,0.0,128.0,64.0
sel103,8,neurokit_dwt_ch1,250.0,151985,151998,152003,151997,151956,152008,1,,-116.0,20.0,136.0,68.0
sel103,9,neurokit_dwt_ch1,250.0,152193,152203,152213,152202,152159,152214,1,,-136.0,4.0,140.0,70.0
sel103,10,neurokit_dwt_ch1,250.0,152398,152411,152419,152410,152368,152422,1,,-120.0,12.0,132.0,66.0
sel103,11,neurokit_dwt_ch1,250.0,152617,152629,152640,,,,0,missing_dwt_boundary,,,,160.0
sel103,12,neurokit_dwt_ch1,250.0,152833,152848,152860,152847,152802,152858,1,,-124.0,-8.0,116.0,66.0
sel103,13,neurokit_dwt_ch1,250.0,153054,153061,153070,153060,153017,153072,1,,-148.0,8.0,156.0,78.0
sel103,14,neurokit_dwt_ch1,250.0,153270,153284,153291,153283,153237,153295,1,,-132.0,16.0,148.0,74.0
sel103,15,neurokit_dwt_ch1,250.0,153483,153494,153504,153494,153449,153505,1,,-136.0,4.0,140.0,70.0
sel103,16,neurokit_dwt_ch1,250.0,153680,153694,153705,153692,153651,153704,1,,-116.0,-4.0,112.0,60.0
sel103,17,neurokit_dwt_ch1,250.0,153888,153901,153911,153900,153856,153911,1,,-128.0,0.0,128.0,64.0
sel103,18,neurokit_dwt_ch1,250.0,154104,154118,154124,154117,154071,154128,1,,-132.0,16.0,148.0,74.0
sel103,19,neurokit_dwt_ch1,250.0,154325,154338,154350,154338,154294,154349,1,,-124.0,-4.0,120.0,64.0
sel103,20,neurokit_dwt_ch1,250.0,154542,154556,154566,154555,154513,154567,1,,-116.0,4.0,120.0,60.0
sel103,21,neurokit_dwt_ch1,250.0,154764,154778,154786,154777,154732,154788,1,,-128.0,8.0,136.0,68.0
sel103,22,neurokit_dwt_ch1,250.0,154978,154988,154998,154988,154946,155000,1,,-128.0,8.0,136.0,68.0
sel103,23,neurokit_dwt_ch1,250.0,155186,155195,155212,155194,155153,155205,1,,-132.0,-28.0,104.0,80.0
sel103,24,neurokit_dwt_ch1,250.0,155389,155404,155412,155403,155372,155414,1,,-68.0,8.0,76.0,38.0
sel103,25,neurokit_dwt_ch1,250.0,155600,155616,155623,155616,155566,155628,1,,-136.0,20.0,156.0,78.0
sel103,26,neurokit_dwt_ch1,250.0,155831,155844,155854,155843,155794,155855,1,,-148.0,4.0,152.0,76.0
sel103,27,neurokit_dwt_ch1,250.0,156050,156060,156070,156062,156016,156073,1,,-136.0,12.0,148.0,74.0
sel103,28,neurokit_dwt_ch1,250.0,156264,156273,156283,156275,156228,156287,1,,-144.0,16.0,160.0,80.0
sel103,29,neurokit_dwt_ch1,250.0,156479,156492,156502,156491,156446,156502,1,,-132.0,0.0,132.0,66.0
sel104,0,neurokit_dwt_ch0,250.0,150367,150386,150398,,,,0,missing_dwt_boundary,,,,160.0
sel104,1,neurokit_dwt_ch0,250.0,150576,150592,150604,150590,150563,150607,1,,-52.0,12.0,64.0,32.0
sel104,2,neurokit_dwt_ch0,250.0,150779,150801,150812,,,,0,missing_dwt_boundary,,,,160.0
sel104,3,neurokit_dwt_ch0,250.0,150975,150993,151020,150983,150971,150992,1,,-16.0,-112.0,-96.0,64.0
sel104,4,neurokit_dwt_ch0,250.0,151170,151184,151224,,,,0,missing_dwt_boundary,,,,160.0
sel104,5,neurokit_dwt_ch0,250.0,151386,151397,151437,,,,0,missing_dwt_boundary,,,,160.0
sel104,6,neurokit_dwt_ch0,250.0,151600,151609,151655,,,,0,missing_dwt_boundary,,,,160.0
sel104,7,neurokit_dwt_ch0,250.0,151798,151811,151856,,,,0,missing_dwt_boundary,,,,160.0
sel104,8,neurokit_dwt_ch0,250.0,152011,152030,152057,,,,0,missing_dwt_boundary,,,,160.0
sel104,9,neurokit_dwt_ch0,250.0,152209,152224,152255,,,,0,missing_dwt_boundary,,,,160.0
sel104,10,neurokit_dwt_ch0,250.0,152387,152402,152413,152401,152375,152418,1,,-48.0,20.0,68.0,34.0
sel104,11,neurokit_dwt_ch0,250.0,152593,152613,152623,152612,152568,152627,1,,-100.0,16.0,116.0,58.0
sel104,12,neurokit_dwt_ch0,250.0,152807,152822,152850,152814,152796,152823,1,,-44.0,-108.0,-64.0,76.0
sel104,13,neurokit_dwt_ch0,250.0,153017,153031,153066,,,,0,missing_dwt_boundary,,,,160.0
sel104,14,neurokit_dwt_ch0,250.0,153226,153234,153269,,,,0,missing_dwt_boundary,,,,160.0
sel104,15,neurokit_dwt_ch0,250.0,153429,153443,153495,,,,0,missing_dwt_boundary,,,,160.0
sel104,16,neurokit_dwt_ch0,250.0,153632,153646,153680,,,,0,missing_dwt_boundary,,,,160.0
sel104,17,neurokit_dwt_ch0,250.0,153825,153853,153873,,,,0,unmatched_r_peak,,,,160.0
sel104,18,neurokit_dwt_ch0,250.0,154023,154041,154069,,,,0,missing_dwt_boundary,,,,160.0
sel104,19,neurokit_dwt_ch0,250.0,154216,154234,154244,,,,0,missing_dwt_boundary,,,,160.0
sel104,20,neurokit_dwt_ch0,250.0,154438,154461,154468,154459,154444,154475,1,,24.0,28.0,4.0,26.0
sel104,21,neurokit_dwt_ch0,250.0,154643,154678,154694,,,,0,unmatched_r_peak,,,,160.0
sel104,22,neurokit_dwt_ch0,250.0,154852,154863,154903,,,,0,missing_dwt_boundary,,,,160.0
sel104,23,neurokit_dwt_ch0,250.0,155055,155071,155108,,,,0,missing_dwt_boundary,,,,160.0
sel104,24,neurokit_dwt_ch0,250.0,155248,155262,155296,,,,0,missing_dwt_boundary,,,,160.0
sel104,25,neurokit_dwt_ch0,250.0,155444,155456,155497,,,,0,missing_dwt_boundary,,,,160.0
sel104,26,neurokit_dwt_ch0,250.0,155649,155660,155713,,,,0,missing_dwt_boundary,,,,160.0
sel104,27,neurokit_dwt_ch0,250.0,155863,155877,155888,,,,0,missing_dwt_boundary,,,,160.0
sel104,28,neurokit_dwt_ch0,250.0,156064,156091,156102,156089,156075,156105,1,,44.0,12.0,-32.0,28.0
sel104,29,neurokit_dwt_ch0,250.0,156269,156302,156323,,,,0,unmatched_r_peak,,,,160.0
sel104,30,neurokit_dwt_ch0,250.0,156483,156500,156541,,,,0,missing_dwt_boundary,,,,160.0
sel104,31,neurokit_dwt_ch0,250.0,156678,156699,156727,,,,0,unmatched_r_peak,,,,160.0
sel104,32,neurokit_dwt_ch0,250.0,156869,156881,156930,,,,0,missing_dwt_boundary,,,,160.0
sel104,33,neurokit_dwt_ch0,250.0,157065,157076,157118,,,,0,missing_dwt_boundary,,,,160.0
sel104,34,neurokit_dwt_ch0,250.0,157278,157286,157329,,,,0,missing_dwt_boundary,,,,160.0
sel104,35,neurokit_dwt_ch0,250.0,157491,157506,157514,,,,0,missing_dwt_boundary,,,,160.0
sel104,36,neurokit_dwt_ch0,250.0,157690,157701,157733,157699,157678,157707,1,,-48.0,-104.0,-56.0,76.0
sel104,37,neurokit_dwt_ch0,250.0,158495,158511,158546,,,,0,missing_dwt_boundary,,,,160.0
sel104,38,neurokit_dwt_ch0,250.0,158904,158919,158929,,,,0,missing_dwt_boundary,,,,160.0
sel104,39,neurokit_dwt_ch0,250.0,159110,159137,159148,159136,159121,159151,1,,44.0,12.0,-32.0,28.0
sel104,40,neurokit_dwt_ch0,250.0,159532,159552,159577,,,,0,unmatched_r_peak,,,,160.0
sel104,41,neurokit_dwt_ch0,250.0,159920,159940,159971,,,,0,unmatched_r_peak,,,,160.0
sel104,42,neurokit_dwt_ch0,250.0,160113,160141,160174,,,,0,unmatched_r_peak,,,,160.0
sel104,43,neurokit_dwt_ch0,250.0,160527,160544,160553,,,,0,missing_dwt_boundary,,,,160.0
sel104,44,neurokit_dwt_ch0,250.0,160741,160767,160782,160766,160751,160784,1,,40.0,8.0,-32.0,24.0
sel104,45,neurokit_dwt_ch0,250.0,161147,161172,161198,,,,0,unmatched_r_peak,,,,160.0
sel104,46,neurokit_dwt_ch0,250.0,162146,162162,162171,162161,162122,162185,1,,-96.0,56.0,152.0,76.0
sel104,47,neurokit_dwt_ch0,250.0,162372,162390,162402,,,,0,missing_dwt_boundary,,,,160.0
sel104,48,neurokit_dwt_ch0,250.0,162575,162588,162623,162583,162542,162590,1,,-132.0,-132.0,0.0,132.0
sel104,49,neurokit_dwt_ch0,250.0,163973,163996,164008,,,,0,missing_dwt_boundary,,,,160.0
sel104,50,neurokit_dwt_ch0,250.0,164183,164201,164216,,,,0,missing_dwt_boundary,,,,160.0
sel104,51,neurokit_dwt_ch0,250.0,164379,164404,164417,,,,0,unmatched_r_peak,,,,160.0
sel104,52,neurokit_dwt_ch0,250.0,165976,165993,166003,,,,0,missing_dwt_boundary,,,,160.0
sel104,53,neurokit_dwt_ch0,250.0,166196,166210,166221,,,,0,missing_dwt_boundary,,,,160.0
sel104,54,neurokit_dwt_ch0,250.0,166404,166412,166447,166410,166394,166419,1,,-40.0,-112.0,-72.0,76.0
sel104,55,neurokit_dwt_ch0,250.0,168002,168022,168035,168021,167977,168039,1,,-100.0,16.0,116.0,58.0
sel104,56,neurokit_dwt_ch0,250.0,168235,168256,168279,168255,168205,168272,1,,-120.0,-28.0,92.0,74.0
sel104,57,neurokit_dwt_ch0,250.0,168447,168455,168482,168453,168435,168461,1,,-48.0,-84.0,-36.0,66.0
sel104,58,neurokit_dwt_ch0,250.0,169859,169876,169890,,,,0,missing_dwt_boundary,,,,160.0
sel104,59,neurokit_dwt_ch0,250.0,170060,170074,170088,,,,0,missing_dwt_boundary,,,,160.0
sel104,60,neurokit_dwt_ch0,250.0,170261,170266,170284,170264,170242,170272,1,,-76.0,-48.0,28.0,62.0
sel104,61,neurokit_dwt_ch0,250.0,171668,171686,171699,,,,0,missing_dwt_boundary,,,,160.0
sel104,62,neurokit_dwt_ch0,250.0,172905,172924,172956,,,,0,missing_dwt_boundary,,,,160.0
sel104,63,neurokit_dwt_ch0,250.0,173904,173935,173962,,,,0,unmatched_r_peak,,,,160.0
sel104,64,neurokit_dwt_ch0,250.0,174128,174149,174176,,,,0,unmatched_r_peak,,,,160.0
sel104,65,neurokit_dwt_ch0,250.0,174336,174354,174389,,,,0,unmatched_r_peak,,,,160.0
sel104,66,neurokit_dwt_ch0,250.0,176152,176169,176206,,,,0,missing_dwt_boundary,,,,160.0
sel104,67,neurokit_dwt_ch0,250.0,177372,177414,177433,,,,0,unmatched_r_peak,,,,160.0
sel104,68,neurokit_dwt_ch0,250.0,177578,177602,177634,,,,0,unmatched_r_peak,,,,160.0
sel104,69,neurokit_dwt_ch0,250.0,184054,184074,184115,,,,0,unmatched_r_peak,,,,160.0
sel104,70,neurokit_dwt_ch0,250.0,188116,188138,188167,,,,0,unmatched_r_peak,,,,160.0
sel104,71,neurokit_dwt_ch0,250.0,188320,188338,188378,,,,0,missing_dwt_boundary,,,,160.0
sel104,72,neurokit_dwt_ch0,250.0,188919,188964,188978,,,,0,unmatched_r_peak,,,,160.0
sel104,73,neurokit_dwt_ch0,250.0,190350,190362,190375,,,,0,missing_dwt_boundary,,,,160.0
sel104,74,neurokit_dwt_ch0,250.0,213703,213721,213729,213720,213674,213736,1,,-116.0,28.0,144.0,72.0
sel104,75,neurokit_dwt_ch0,250.0,215931,215954,215964,,,,0,missing_dwt_boundary,,,,160.0
sel104,76,neurokit_dwt_ch0,250.0,223243,223261,223274,,,,0,missing_dwt_boundary,,,,160.0
sel104,0,neurokit_dwt_ch1,250.0,150367,150386,150398,,,,0,missing_dwt_boundary,,,,160.0
sel104,1,neurokit_dwt_ch1,250.0,150576,150592,150604,150589,150544,150602,1,,-128.0,-8.0,120.0,68.0
sel104,2,neurokit_dwt_ch1,250.0,150779,150801,150812,150791,150757,150796,1,,-88.0,-64.0,24.0,76.0
sel104,3,neurokit_dwt_ch1,250.0,150975,150993,151020,,,,0,missing_dwt_boundary,,,,160.0
sel104,4,neurokit_dwt_ch1,250.0,151170,151184,151224,,,,0,missing_dwt_boundary,,,,160.0
sel104,5,neurokit_dwt_ch1,250.0,151386,151397,151437,,,,0,missing_dwt_boundary,,,,160.0
sel104,6,neurokit_dwt_ch1,250.0,151600,151609,151655,,,,0,missing_dwt_boundary,,,,160.0
sel104,7,neurokit_dwt_ch1,250.0,151798,151811,151856,,,,0,missing_dwt_boundary,,,,160.0
sel104,8,neurokit_dwt_ch1,250.0,152011,152030,152057,,,,0,missing_dwt_boundary,,,,160.0
sel104,9,neurokit_dwt_ch1,250.0,152209,152224,152255,,,,0,missing_dwt_boundary,,,,160.0
sel104,10,neurokit_dwt_ch1,250.0,152387,152402,152413,,,,0,missing_dwt_boundary,,,,160.0
sel104,11,neurokit_dwt_ch1,250.0,152593,152613,152623,152606,152568,152610,1,,-100.0,-52.0,48.0,76.0
sel104,12,neurokit_dwt_ch1,250.0,152807,152822,152850,,,,0,missing_dwt_boundary,,,,160.0
sel104,13,neurokit_dwt_ch1,250.0,153017,153031,153066,,,,0,missing_dwt_boundary,,,,160.0
sel104,14,neurokit_dwt_ch1,250.0,153226,153234,153269,,,,0,missing_dwt_boundary,,,,160.0
sel104,15,neurokit_dwt_ch1,250.0,153429,153443,153495,,,,0,missing_dwt_boundary,,,,160.0
sel104,16,neurokit_dwt_ch1,250.0,153632,153646,153680,,,,0,missing_dwt_boundary,,,,160.0
sel104,17,neurokit_dwt_ch1,250.0,153825,153853,153873,,,,0,unmatched_r_peak,,,,160.0
sel104,18,neurokit_dwt_ch1,250.0,154023,154041,154069,,,,0,missing_dwt_boundary,,,,160.0
sel104,19,neurokit_dwt_ch1,250.0,154216,154234,154244,154232,154204,154245,1,,-48.0,4.0,52.0,26.0
sel104,20,neurokit_dwt_ch1,250.0,154438,154461,154468,,,,0,unmatched_r_peak,,,,160.0
sel104,21,neurokit_dwt_ch1,250.0,154643,154678,154694,,,,0,unmatched_r_peak,,,,160.0
sel104,22,neurokit_dwt_ch1,250.0,154852,154863,154903,,,,0,missing_dwt_boundary,,,,160.0
sel104,23,neurokit_dwt_ch1,250.0,155055,155071,155108,,,,0,missing_dwt_boundary,,,,160.0
sel104,24,neurokit_dwt_ch1,250.0,155248,155262,155296,,,,0,missing_dwt_boundary,,,,160.0
sel104,25,neurokit_dwt_ch1,250.0,155444,155456,155497,,,,0,missing_dwt_boundary,,,,160.0
sel104,26,neurokit_dwt_ch1,250.0,155649,155660,155713,,,,0,missing_dwt_boundary,,,,160.0
sel104,27,neurokit_dwt_ch1,250.0,155863,155877,155888,,,,0,missing_dwt_boundary,,,,160.0
sel104,28,neurokit_dwt_ch1,250.0,156064,156091,156102,,,,0,unmatched_r_peak,,,,160.0
sel104,29,neurokit_dwt_ch1,250.0,156269,156302,156323,,,,0,unmatched_r_peak,,,,160.0
sel104,30,neurokit_dwt_ch1,250.0,156483,156500,156541,,,,0,missing_dwt_boundary,,,,160.0
sel104,31,neurokit_dwt_ch1,250.0,156678,156699,156727,,,,0,unmatched_r_peak,,,,160.0
sel104,32,neurokit_dwt_ch1,250.0,156869,156881,156930,,,,0,missing_dwt_boundary,,,,160.0
sel104,33,neurokit_dwt_ch1,250.0,157065,157076,157118,,,,0,missing_dwt_boundary,,,,160.0
sel104,34,neurokit_dwt_ch1,250.0,157278,157286,157329,,,,0,missing_dwt_boundary,,,,160.0
sel104,35,neurokit_dwt_ch1,250.0,157491,157506,157514,157496,157438,157503,1,,-212.0,-44.0,168.0,128.0
sel104,36,neurokit_dwt_ch1,250.0,157690,157701,157733,,,,0,missing_dwt_boundary,,,,160.0
sel104,37,neurokit_dwt_ch1,250.0,158495,158511,158546,,,,0,missing_dwt_boundary,,,,160.0
sel104,38,neurokit_dwt_ch1,250.0,158904,158919,158929,158917,158892,158932,1,,-48.0,12.0,60.0,30.0
sel104,39,neurokit_dwt_ch1,250.0,159110,159137,159148,,,,0,unmatched_r_peak,,,,160.0
sel104,40,neurokit_dwt_ch1,250.0,159532,159552,159577,,,,0,unmatched_r_peak,,,,160.0
sel104,41,neurokit_dwt_ch1,250.0,159920,159940,159971,,,,0,unmatched_r_peak,,,,160.0
sel104,42,neurokit_dwt_ch1,250.0,160113,160141,160174,,,,0,unmatched_r_peak,,,,160.0
sel104,43,neurokit_dwt_ch1,250.0,160527,160544,160553,160543,160521,160556,1,,-24.0,12.0,36.0,18.0
sel104,44,neurokit_dwt_ch1,250.0,160741,160767,160782,,,,0,unmatched_r_peak,,,,160.0
sel104,45,neurokit_dwt_ch1,250.0,161147,161172,161198,,,,0,unmatched_r_peak,,,,160.0
sel104,46,neurokit_dwt_ch1,250.0,162146,162162,162171,162160,162119,162174,1,,-108.0,12.0,120.0,60.0
sel104,47,neurokit_dwt_ch1,250.0,162372,162390,162402,162387,162355,162402,1,,-68.0,0.0,68.0,34.0
sel104,48,neurokit_dwt_ch1,250.0,162575,162588,162623,,,,0,missing_dwt_boundary,,,,160.0
sel104,49,neurokit_dwt_ch1,250.0,163973,163996,164008,163992,163959,164007,1,,-56.0,-4.0,52.0,30.0
sel104,50,neurokit_dwt_ch1,250.0,164183,164201,164216,164196,164157,164213,1,,-104.0,-12.0,92.0,58.0
sel104,51,neurokit_dwt_ch1,250.0,164379,164404,164417,,,,0,unmatched_r_peak,,,,160.0
sel104,52,neurokit_dwt_ch1,250.0,165976,165993,166003,165990,165955,166003,1,,-84.0,0.0,84.0,42.0
sel104,53,neurokit_dwt_ch1,250.0,166196,166210,166221,166206,166163,166221,1,,-132.0,0.0,132.0,66.0
sel104,54,neurokit_dwt_ch1,250.0,166404,166412,166447,166411,166395,166425,1,,-36.0,-88.0,-52.0,62.0
sel104,55,neurokit_dwt_ch1,250.0,168002,168022,168035,,,,0,missing_dwt_boundary,,,,160.0
sel104,56,neurokit_dwt_ch1,250.0,168235,168256,168279,168248,168205,168253,1,,-120.0,-104.0,16.0,112.0
sel104,57,neurokit_dwt_ch1,250.0,168447,168455,168482,,,,0,missing_dwt_boundary,,,,160.0
sel104,58,neurokit_dwt_ch1,250.0,169859,169876,169890,169874,169842,169887,1,,-68.0,-12.0,56.0,40.0
sel104,59,neurokit_dwt_ch1,250.0,170060,170074,170088,170071,170027,170085,1,,-132.0,-12.0,120.0,72.0
sel104,60,neurokit_dwt_ch1,250.0,170261,170266,170284,170265,170244,170278,1,,-68.0,-24.0,44.0,46.0
sel104,61,neurokit_dwt_ch1,250.0,171668,171686,171699,,,,0,missing_dwt_boundary,,,,160.0
sel104,62,neurokit_dwt_ch1,250.0,172905,172924,172956,,,,0,missing_dwt_boundary,,,,160.0
sel104,63,neurokit_dwt_ch1,250.0,173904,173935,173962,,,,0,unmatched_r_peak,,,,160.0
sel104,64,neurokit_dwt_ch1,250.0,174128,174149,174176,,,,0,unmatched_r_peak,,,,160.0
sel104,65,neurokit_dwt_ch1,250.0,174336,174354,174389,,,,0,missing_dwt_boundary,,,,160.0
sel104,66,neurokit_dwt_ch1,250.0,176152,176169,176206,,,,0,missing_dwt_boundary,,,,160.0
sel104,67,neurokit_dwt_ch1,250.0,177372,177414,177433,,,,0,unmatched_r_peak,,,,160.0
sel104,68,neurokit_dwt_ch1,250.0,177578,177602,177634,,,,0,unmatched_r_peak,,,,160.0
sel104,69,neurokit_dwt_ch1,250.0,184054,184074,184115,,,,0,missing_dwt_boundary,,,,160.0
sel104,70,neurokit_dwt_ch1,250.0,188116,188138,188167,,,,0,missing_dwt_boundary,,,,160.0
sel104,71,neurokit_dwt_ch1,250.0,188320,188338,188378,,,,0,missing_dwt_boundary,,,,160.0
sel104,72,neurokit_dwt_ch1,250.0,188919,188964,188978,,,,0,unmatched_r_peak,,,,160.0
sel104,73,neurokit_dwt_ch1,250.0,190350,190362,190375,190359,190313,190375,1,,-148.0,0.0,148.0,74.0
sel104,74,neurokit_dwt_ch1,250.0,213703,213721,213729,213715,213674,213733,1,,-116.0,16.0,132.0,66.0
sel104,75,neurokit_dwt_ch1,250.0,215931,215954,215964,215944,215905,215951,1,,-104.0,-52.0,52.0,78.0
sel104,76,neurokit_dwt_ch1,250.0,223243,223261,223274,223256,223215,223273,1,,-112.0,-4.0,108.0,58.0
sel114,0,neurokit_dwt_ch0,250.0,150227,150246,150257,150248,150236,150260,1,,36.0,12.0,-24.0,24.0
sel114,1,neurokit_dwt_ch0,250.0,150465,150485,150496,150488,150475,150499,1,,40.0,12.0,-28.0,26.0
sel114,2,neurokit_dwt_ch0,250.0,150720,150736,150750,150738,150727,150750,1,,28.0,0.0,-28.0,14.0
sel114,3,neurokit_dwt_ch0,250.0,150963,150976,150986,150977,150967,150989,1,,16.0,12.0,-4.0,14.0
sel114,4,neurokit_dwt_ch0,250.0,151188,151205,151217,151208,151196,151220,1,,32.0,12.0,-20.0,22.0
sel114,5,neurokit_dwt_ch0,250.0,151421,151439,151454,151441,151429,151453,1,,32.0,-4.0,-36.0,18.0
sel114,6,neurokit_dwt_ch0,250.0,151649,151663,151672,151665,151654,151677,1,,20.0,20.0,0.0,20.0
sel114,7,neurokit_dwt_ch0,250.0,151881,151901,151915,151903,151891,151915,1,,40.0,0.0,-40.0,20.0
sel114,8,neurokit_dwt_ch0,250.0,152127,152142,152158,152144,152133,152156,1,,24.0,-8.0,-32.0,16.0
sel114,9,neurokit_dwt_ch0,250.0,152358,152377,152394,152380,152368,152392,1,,40.0,-8.0,-48.0,24.0
sel114,10,neurokit_dwt_ch0,250.0,152592,152606,152620,152608,152598,152621,1,,24.0,4.0,-20.0,14.0
sel114,11,neurokit_dwt_ch0,250.0,152825,152840,152856,152842,152832,152855,1,,28.0,-4.0,-32.0,16.0
sel114,12,neurokit_dwt_ch0,250.0,153052,153067,153080,153068,153059,153081,1,,28.0,4.0,-24.0,16.0
sel114,13,neurokit_dwt_ch0,250.0,153268,153285,153296,153287,153276,153300,1,,32.0,16.0,-16.0,24.0
sel114,14,neurokit_dwt_ch0,250.0,153517,153534,153550,153537,153525,153549,1,,32.0,-4.0,-36.0,18.0
sel114,15,neurokit_dwt_ch0,250.0,153756,153775,153796,153777,153766,153789,1,,40.0,-28.0,-68.0,34.0
sel114,16,neurokit_dwt_ch0,250.0,153992,154007,154025,154009,153998,154022,1,,24.0,-12.0,-36.0,18.0
sel114,17,neurokit_dwt_ch0,250.0,154228,154244,154254,154246,154235,154258,1,,28.0,16.0,-12.0,22.0
sel114,18,neurokit_dwt_ch0,250.0,154459,154472,154482,154463,154435,154476,1,,-96.0,-24.0,72.0,60.0
sel114,19,neurokit_dwt_ch0,250.0,154678,154694,154703,154696,154686,154707,1,,32.0,16.0,-16.0,24.0
sel114,20,neurokit_dwt_ch0,250.0,154914,154934,154947,154937,154925,154950,1,,44.0,12.0,-32.0,28.0
sel114,21,neurokit_dwt_ch0,250.0,155168,155183,155194,155185,155174,155198,1,,24.0,16.0,-8.0,20.0
sel114,22,neurokit_dwt_ch0,250.0,155404,155420,155432,155422,155412,155435,1,,32.0,12.0,-20.0,22.0
sel114,23,neurokit_dwt_ch0,250.0,155633,155646,155658,155648,155639,155660,1,,24.0,8.0,-16.0,16.0
sel114,24,neurokit_dwt_ch0,250.0,155860,155876,155892,155878,155869,155891,1,,36.0,-4.0,-40.0,20.0
sel114,25,neurokit_dwt_ch0,250.0,156090,156106,156125,156108,156099,156121,1,,36.0,-16.0,-52.0,26.0
sel114,26,neurokit_dwt_ch0,250.0,156305,156323,156337,156325,156316,156339,1,,44.0,8.0,-36.0,26.0
sel114,27,neurokit_dwt_ch0,250.0,156563,156575,156586,156577,156566,156590,1,,12.0,16.0,4.0,14.0
sel114,28,neurokit_dwt_ch0,250.0,156791,156810,156825,156812,156802,156825,1,,44.0,0.0,-44.0,22.0
sel114,29,neurokit_dwt_ch0,250.0,157017,157035,157049,157037,157027,157050,1,,40.0,4.0,-36.0,22.0
sel114,30,neurokit_dwt_ch0,250.0,210454,210471,210487,210472,210433,210487,1,,-84.0,0.0,84.0,42.0
sel114,31,neurokit_dwt_ch0,250.0,210728,210741,210754,210742,210704,210756,1,,-96.0,8.0,104.0,52.0
sel114,32,neurokit_dwt_ch0,250.0,210975,210992,211003,210993,210958,211008,1,,-68.0,20.0,88.0,44.0
sel114,33,neurokit_dwt_ch0,250.0,211234,211256,211270,211256,211219,211271,1,,-60.0,4.0,64.0,32.0
sel114,34,neurokit_dwt_ch0,250.0,211485,211501,211526,211502,211479,211516,1,,-24.0,-40.0,-16.0,32.0
sel114,35,neurokit_dwt_ch0,250.0,212499,212522,212535,212522,212482,212536,1,,-68.0,4.0,72.0,36.0
sel114,36,neurokit_dwt_ch0,250.0,212761,212778,212792,212779,212740,212794,1,,-84.0,8.0,92.0,46.0
sel114,37,neurokit_dwt_ch0,250.0,213007,213022,213036,213023,212985,213037,1,,-88.0,4.0,92.0,46.0
sel114,38,neurokit_dwt_ch0,250.0,213243,213259,213276,213260,213221,213274,1,,-88.0,-8.0,80.0,48.0
sel114,39,neurokit_dwt_ch0,250.0,213503,213522,213533,213523,213484,213537,1,,-76.0,16.0,92.0,46.0
sel114,40,neurokit_dwt_ch0,250.0,213767,213785,213799,213787,213749,213802,1,,-72.0,12.0,84.0,42.0
sel114,41,neurokit_dwt_ch0,250.0,214018,214031,214044,214032,213995,214047,1,,-92.0,12.0,104.0,52.0
sel114,42,neurokit_dwt_ch0,250.0,214271,214286,214303,214289,214279,214301,1,,32.0,-8.0,-40.0,20.0
sel114,43,neurokit_dwt_ch0,250.0,214519,214527,214537,214529,214520,214541,1,,4.0,16.0,12.0,10.0
sel114,44,neurokit_dwt_ch0,250.0,214742,214756,214768,214758,214719,214772,1,,-92.0,16.0,108.0,54.0
sel114,45,neurokit_dwt_ch0,250.0,214988,215008,215024,215009,214967,215023,1,,-84.0,-4.0,80.0,44.0
sel114,46,neurokit_dwt_ch0,250.0,215249,215266,215278,215267,215230,215282,1,,-76.0,16.0,92.0,46.0
sel114,47,neurokit_dwt_ch0,250.0,215489,215506,215522,215508,215500,215521,1,,44.0,-4.0,-48.0,24.0
sel114,48,neurokit_dwt_ch0,250.0,215741,215757,215776,215758,215751,215772,1,,40.0,-16.0,-56.0,28.0
sel114,49,neurokit_dwt_ch0,250.0,215987,216002,216014,216003,215995,216017,1,,32.0,12.0,-20.0,22.0
sel114,0,neurokit_dwt_ch1,250.0,150227,150246,150257,,,,0,missing_dwt_boundary,,,,160.0
sel114,1,neurokit_dwt_ch1,250.0,150465,150485,150496,150484,150442,150511,1,,-92.0,60.0,152.0,76.0
sel114,2,neurokit_dwt_ch1,250.0,150720,150736,150750,,,,0,missing_dwt_boundary,,,,160.0
sel114,3,neurokit_dwt_ch1,250.0,150963,150976,150986,150974,150941,150999,1,,-88.0,52.0,140.0,70.0
sel114,4,neurokit_dwt_ch1,250.0,151188,151205,151217,,,,0,missing_dwt_boundary,,,,160.0
sel114,5,neurokit_dwt_ch1,250.0,151421,151439,151454,,,,0,missing_dwt_boundary,,,,160.0
sel114,6,neurokit_dwt_ch1,250.0,151649,151663,151672,,,,0,missing_dwt_boundary,,,,160.0
sel114,7,neurokit_dwt_ch1,250.0,151881,151901,151915,,,,0,missing_dwt_boundary,,,,160.0
sel114,8,neurokit_dwt_ch1,250.0,152127,152142,152158,,,,0,missing_dwt_boundary,,,,160.0
sel114,9,neurokit_dwt_ch1,250.0,152358,152377,152394,,,,0,missing_dwt_boundary,,,,160.0
sel114,10,neurokit_dwt_ch1,250.0,152592,152606,152620,152605,152568,152626,1,,-96.0,24.0,120.0,60.0
sel114,11,neurokit_dwt_ch1,250.0,152825,152840,152856,,,,0,missing_dwt_boundary,,,,160.0
sel114,12,neurokit_dwt_ch1,250.0,153052,153067,153080,,,,0,missing_dwt_boundary,,,,160.0
sel114,13,neurokit_dwt_ch1,250.0,153268,153285,153296,,,,0,missing_dwt_boundary,,,,160.0
sel114,14,neurokit_dwt_ch1,250.0,153517,153534,153550,,,,0,missing_dwt_boundary,,,,160.0
sel114,15,neurokit_dwt_ch1,250.0,153756,153775,153796,,,,0,missing_dwt_boundary,,,,160.0
sel114,16,neurokit_dwt_ch1,250.0,153992,154007,154025,,,,0,missing_dwt_boundary,,,,160.0
sel114,17,neurokit_dwt_ch1,250.0,154228,154244,154254,,,,0,missing_dwt_boundary,,,,160.0
sel114,18,neurokit_dwt_ch1,250.0,154459,154472,154482,,,,0,missing_dwt_boundary,,,,160.0
sel114,19,neurokit_dwt_ch1,250.0,154678,154694,154703,,,,0,missing_dwt_boundary,,,,160.0
sel114,20,neurokit_dwt_ch1,250.0,154914,154934,154947,,,,0,missing_dwt_boundary,,,,160.0
sel114,21,neurokit_dwt_ch1,250.0,155168,155183,155194,,,,0,missing_dwt_boundary,,,,160.0
sel114,22,neurokit_dwt_ch1,250.0,155404,155420,155432,,,,0,missing_dwt_boundary,,,,160.0
sel114,23,neurokit_dwt_ch1,250.0,155633,155646,155658,155644,155618,155666,1,,-60.0,32.0,92.0,46.0
sel114,24,neurokit_dwt_ch1,250.0,155860,155876,155892,,,,0,missing_dwt_boundary,,,,160.0
sel114,25,neurokit_dwt_ch1,250.0,156090,156106,156125,,,,0,missing_dwt_boundary,,,,160.0
sel114,26,neurokit_dwt_ch1,250.0,156305,156323,156337,,,,0,missing_dwt_boundary,,,,160.0
sel114,27,neurokit_dwt_ch1,250.0,156563,156575,156586,,,,0,missing_dwt_boundary,,,,160.0
sel114,28,neurokit_dwt_ch1,250.0,156791,156810,156825,,,,0,missing_dwt_boundary,,,,160.0
sel114,29,neurokit_dwt_ch1,250.0,157017,157035,157049,,,,0,missing_dwt_boundary,,,,160.0
sel114,30,neurokit_dwt_ch1,250.0,210454,210471,210487,,,,0,missing_dwt_boundary,,,,160.0
sel114,31,neurokit_dwt_ch1,250.0,210728,210741,210754,,,,0,missing_dwt_boundary,,,,160.0
sel114,32,neurokit_dwt_ch1,250.0,210975,210992,211003,,,,0,missing_dwt_boundary,,,,160.0
sel114,33,neurokit_dwt_ch1,250.0,211234,211256,211270,,,,0,missing_dwt_boundary,,,,160.0
sel114,34,neurokit_dwt_ch1,250.0,211485,211501,211526,,,,0,missing_dwt_boundary,,,,160.0
sel114,35,neurokit_dwt_ch1,250.0,212499,212522,212535,,,,0,missing_dwt_boundary,,,,160.0
sel114,36,neurokit_dwt_ch1,250.0,212761,212778,212792,,,,0,missing_dwt_boundary,,,,160.0
sel114,37,neurokit_dwt_ch1,250.0,213007,213022,213036,,,,0,missing_dwt_boundary,,,,160.0
sel114,38,neurokit_dwt_ch1,250.0,213243,213259,213276,,,,0,missing_dwt_boundary,,,,160.0
sel114,39,neurokit_dwt_ch1,250.0,213503,213522,213533,,,,0,missing_dwt_boundary,,,,160.0
sel114,40,neurokit_dwt_ch1,250.0,213767,213785,213799,,,,0,missing_dwt_boundary,,,,160.0
sel114,41,neurokit_dwt_ch1,250.0,214018,214031,214044,,,,0,missing_dwt_boundary,,,,160.0
sel114,42,neurokit_dwt_ch1,250.0,214271,214286,214303,214285,214247,214309,1,,-96.0,24.0,120.0,60.0
sel114,43,neurokit_dwt_ch1,250.0,214519,214527,214537,,,,0,missing_dwt_boundary,,,,160.0
sel114,44,neurokit_dwt_ch1,250.0,214742,214756,214768,,,,0,missing_dwt_boundary,,,,160.0
sel114,45,neurokit_dwt_ch1,250.0,214988,215008,215024,,,,0,missing_dwt_boundary,,,,160.0
sel114,46,neurokit_dwt_ch1,250.0,215249,215266,215278,,,,0,missing_dwt_boundary,,,,160.0
sel114,47,neurokit_dwt_ch1,250.0,215489,215506,215522,,,,0,missing_dwt_boundary,,,,160.0
sel114,48,neurokit_dwt_ch1,250.0,215741,215757,215776,,,,0,missing_dwt_boundary,,,,160.0
sel114,49,neurokit_dwt_ch1,250.0,215987,216002,216014,,,,0,missing_dwt_boundary,,,,160.0
sel116,0,neurokit_dwt_ch0,250.0,150272,150283,150292,150282,150255,150293,1,,-68.0,4.0,72.0,36.0
sel116,1,neurokit_dwt_ch0,250.0,150453,150467,150475,150466,150435,150477,1,,-72.0,8.0,80.0,40.0
sel116,2,neurokit_dwt_ch0,250.0,150638,150655,150664,150654,150625,150665,1,,-52.0,4.0,56.0,28.0
sel116,3,neurokit_dwt_ch0,250.0,150829,150842,150851,150841,150811,150852,1,,-72.0,4.0,76.0,38.0
sel116,4,neurokit_dwt_ch0,250.0,152305,152321,152330,152319,152291,152330,1,,-56.0,0.0,56.0,28.0
sel116,5,neurokit_dwt_ch0,250.0,153090,153101,153110,153100,153084,153111,1,,-24.0,4.0,28.0,14.0
sel116,6,neurokit_dwt_ch0,250.0,153875,153885,153893,153884,153869,153894,1,,-24.0,4.0,28.0,14.0
sel116,7,neurokit_dwt_ch0,250.0,154632,154645,154652,154644,154612,154654,1,,-80.0,8.0,88.0,44.0
sel116,8,neurokit_dwt_ch0,250.0,154825,154835,154843,154834,154808,154845,1,,-68.0,8.0,76.0,38.0
sel116,9,neurokit_dwt_ch0,250.0,155013,155026,155034,155025,155011,155035,1,,-8.0,4.0,12.0,6.0
sel116,10,neurokit_dwt_ch0,250.0,155206,155224,155231,155222,155194,155233,1,,-48.0,8.0,56.0,28.0
sel116,11,neurokit_dwt_ch0,250.0,155407,155418,155430,155417,155390,155429,1,,-68.0,-4.0,64.0,36.0
sel116,12,neurokit_dwt_ch0,250.0,155598,155612,155620,155611,155595,155621,1,,-12.0,4.0,16.0,8.0
sel116,13,neurokit_dwt_ch0,250.0,155801,155813,155821,155812,155796,155822,1,,-20.0,4.0,24.0,12.0
sel116,14,neurokit_dwt_ch0,250.0,155998,156010,156019,156009,155978,156019,1,,-80.0,0.0,80.0,40.0
sel116,15,neurokit_dwt_ch0,250.0,156205,156214,156223,156213,156183,156224,1,,-88.0,4.0,92.0,46.0
sel116,16,neurokit_dwt_ch0,250.0,156400,156412,156419,156411,156379,156421,1,,-84.0,8.0,92.0,46.0
sel116,17,neurokit_dwt_ch0,250.0,156596,156610,156619,156609,156578,156619,1,,-72.0,0.0,72.0,36.0
sel116,18,neurokit_dwt_ch0,250.0,156802,156812,156819,156811,156784,156821,1,,-72.0,8.0,80.0,40.0
sel116,19,neurokit_dwt_ch0,250.0,156995,157007,157015,157006,156972,157017,1,,-92.0,8.0,100.0,50.0
sel116,20,neurokit_dwt_ch0,250.0,157191,157199,157207,157198,157169,157209,1,,-88.0,8.0,96.0,48.0
sel116,21,neurokit_dwt_ch0,250.0,157381,157394,157402,157392,157362,157403,1,,-76.0,4.0,80.0,40.0
sel116,22,neurokit_dwt_ch0,250.0,157569,157579,157589,157578,157552,157589,1,,-68.0,0.0,68.0,34.0
sel116,23,neurokit_dwt_ch0,250.0,157760,157773,157781,157772,157744,157783,1,,-64.0,8.0,72.0,36.0
sel116,24,neurokit_dwt_ch0,250.0,157943,157959,157968,157958,157929,157969,1,,-56.0,4.0,60.0,30.0
sel116,25,neurokit_dwt_ch0,250.0,158129,158141,158153,158140,158113,158151,1,,-64.0,-8.0,56.0,36.0
sel116,26,neurokit_dwt_ch0,250.0,158321,158334,158344,158333,158303,158344,1,,-72.0,0.0,72.0,36.0
sel116,27,neurokit_dwt_ch0,250.0,158512,158521,158534,158520,158491,158531,1,,-84.0,-12.0,72.0,48.0
sel116,28,neurokit_dwt_ch0,250.0,158690,158703,158712,158702,158671,158713,1,,-76.0,4.0,80.0,40.0
sel116,29,neurokit_dwt_ch0,250.0,158880,158891,158900,158890,158862,158901,1,,-72.0,4.0,76.0,38.0
sel116,30,neurokit_dwt_ch0,250.0,159633,159647,159656,159646,159614,159657,1,,-76.0,4.0,80.0,40.0
sel116,31,neurokit_dwt_ch0,250.0,159828,159839,159848,159838,159806,159849,1,,-88.0,4.0,92.0,46.0
sel116,32,neurokit_dwt_ch0,250.0,160013,160026,160036,160025,159998,160036,1,,-60.0,0.0,60.0,30.0
sel116,33,neurokit_dwt_ch0,250.0,160198,160209,160218,160207,160181,160219,1,,-68.0,4.0,72.0,36.0
sel116,34,neurokit_dwt_ch0,250.0,160384,160397,160404,160396,160371,160407,1,,-52.0,12.0,64.0,32.0
sel116,35,neurokit_dwt_ch0,250.0,160575,160581,160589,160580,160553,160590,1,,-88.0,4.0,92.0,46.0
sel116,36,neurokit_dwt_ch0,250.0,160763,160775,160784,160774,160742,160785,1,,-84.0,4.0,88.0,44.0
sel116,37,neurokit_dwt_ch0,250.0,161141,161154,161162,161152,161123,161163,1,,-72.0,4.0,76.0,38.0
sel116,38,neurokit_dwt_ch0,250.0,166591,166605,166611,166604,166572,166615,1,,-76.0,16.0,92.0,46.0
sel116,39,neurokit_dwt_ch0,250.0,166977,166987,166995,166986,166960,166997,1,,-68.0,8.0,76.0,38.0
sel116,40,neurokit_dwt_ch0,250.0,167546,167560,167567,167558,167533,167570,1,,-52.0,12.0,64.0,32.0
sel116,41,neurokit_dwt_ch0,250.0,168118,168133,168141,168132,168106,168143,1,,-48.0,8.0,56.0,28.0
sel116,42,neurokit_dwt_ch0,250.0,169086,169096,169104,169095,169064,169107,1,,-88.0,12.0,100.0,50.0
sel116,43,neurokit_dwt_ch0,250.0,171903,171919,171952,171918,171889,171929,1,,-56.0,-92.0,-36.0,74.0
sel116,44,neurokit_dwt_ch0,250.0,196405,196419,196430,196417,196394,196430,1,,-44.0,0.0,44.0,22.0
sel116,45,neurokit_dwt_ch0,250.0,197536,197552,197560,197550,197520,197562,1,,-64.0,8.0,72.0,36.0
sel116,46,neurokit_dwt_ch0,250.0,214861,214875,214882,214873,214847,214884,1,,-56.0,8.0,64.0,32.0
sel116,47,neurokit_dwt_ch0,250.0,215440,215454,215463,215453,215423,215465,1,,-68.0,8.0,76.0,38.0
sel116,48,neurokit_dwt_ch0,250.0,216210,216220,216228,216219,216184,216230,1,,-104.0,8.0,112.0,56.0
sel116,49,neurokit_dwt_ch0,250.0,216972,216984,216992,216982,216967,216993,1,,-20.0,4.0,24.0,12.0
sel116,0,neurokit_dwt_ch1,250.0,150272,150283,150292,,,,0,unmatched_r_peak,,,,160.0
sel116,1,neurokit_dwt_ch1,250.0,150453,150467,150475,,,,0,unmatched_r_peak,,,,160.0
sel116,2,neurokit_dwt_ch1,250.0,150638,150655,150664,,,,0,unmatched_r_peak,,,,160.0
sel116,3,neurokit_dwt_ch1,250.0,150829,150842,150851,,,,0,unmatched_r_peak,,,,160.0
sel116,4,neurokit_dwt_ch1,250.0,152305,152321,152330,,,,0,unmatched_r_peak,,,,160.0
sel116,5,neurokit_dwt_ch1,250.0,153090,153101,153110,,,,0,unmatched_r_peak,,,,160.0
sel116,6,neurokit_dwt_ch1,250.0,153875,153885,153893,,,,0,unmatched_r_peak,,,,160.0
sel116,7,neurokit_dwt_ch1,250.0,154632,154645,154652,,,,0,unmatched_r_peak,,,,160.0
sel116,8,neurokit_dwt_ch1,250.0,154825,154835,154843,,,,0,unmatched_r_peak,,,,160.0
sel116,9,neurokit_dwt_ch1,250.0,155013,155026,155034,,,,0,unmatched_r_peak,,,,160.0
sel116,10,neurokit_dwt_ch1,250.0,155206,155224,155231,,,,0,unmatched_r_peak,,,,160.0
sel116,11,neurokit_dwt_ch1,250.0,155407,155418,155430,,,,0,unmatched_r_peak,,,,160.0
sel116,12,neurokit_dwt_ch1,250.0,155598,155612,155620,,,,0,unmatched_r_peak,,,,160.0
sel116,13,neurokit_dwt_ch1,250.0,155801,155813,155821,,,,0,unmatched_r_peak,,,,160.0
sel116,14,neurokit_dwt_ch1,250.0,155998,156010,156019,,,,0,unmatched_r_peak,,,,160.0
sel116,15,neurokit_dwt_ch1,250.0,156205,156214,156223,,,,0,unmatched_r_peak,,,,160.0
sel116,16,neurokit_dwt_ch1,250.0,156400,156412,156419,,,,0,unmatched_r_peak,,,,160.0
sel116,17,neurokit_dwt_ch1,250.0,156596,156610,156619,,,,0,unmatched_r_peak,,,,160.0
sel116,18,neurokit_dwt_ch1,250.0,156802,156812,156819,,,,0,unmatched_r_peak,,,,160.0
sel116,19,neurokit_dwt_ch1,250.0,156995,157007,157015,,,,0,unmatched_r_peak,,,,160.0
sel116,20,neurokit_dwt_ch1,250.0,157191,157199,157207,,,,0,unmatched_r_peak,,,,160.0
sel116,21,neurokit_dwt_ch1,250.0,157381,157394,157402,,,,0,unmatched_r_peak,,,,160.0
sel116,22,neurokit_dwt_ch1,250.0,157569,157579,157589,,,,0,unmatched_r_peak,,,,160.0
sel116,23,neurokit_dwt_ch1,250.0,157760,157773,157781,,,,0,unmatched_r_peak,,,,160.0
sel116,24,neurokit_dwt_ch1,250.0,157943,157959,157968,,,,0,unmatched_r_peak,,,,160.0
sel116,25,neurokit_dwt_ch1,250.0,158129,158141,158153,,,,0,unmatched_r_peak,,,,160.0
sel116,26,neurokit_dwt_ch1,250.0,158321,158334,158344,,,,0,unmatched_r_peak,,,,160.0
sel116,27,neurokit_dwt_ch1,250.0,158512,158521,158534,,,,0,unmatched_r_peak,,,,160.0
sel116,28,neurokit_dwt_ch1,250.0,158690,158703,158712,,,,0,unmatched_r_peak,,,,160.0
sel116,29,neurokit_dwt_ch1,250.0,158880,158891,158900,,,,0,unmatched_r_peak,,,,160.0
sel116,30,neurokit_dwt_ch1,250.0,159633,159647,159656,,,,0,unmatched_r_peak,,,,160.0
sel116,31,neurokit_dwt_ch1,250.0,159828,159839,159848,,,,0,unmatched_r_peak,,,,160.0
sel116,32,neurokit_dwt_ch1,250.0,160013,160026,160036,,,,0,unmatched_r_peak,,,,160.0
sel116,33,neurokit_dwt_ch1,250.0,160198,160209,160218,,,,0,unmatched_r_peak,,,,160.0
sel116,34,neurokit_dwt_ch1,250.0,160384,160397,160404,,,,0,unmatched_r_peak,,,,160.0
sel116,35,neurokit_dwt_ch1,250.0,160575,160581,160589,,,,0,unmatched_r_peak,,,,160.0
sel116,36,neurokit_dwt_ch1,250.0,160763,160775,160784,,,,0,unmatched_r_peak,,,,160.0
sel116,37,neurokit_dwt_ch1,250.0,161141,161154,161162,,,,0,unmatched_r_peak,,,,160.0
sel116,38,neurokit_dwt_ch1,250.0,166591,166605,166611,,,,0,unmatched_r_peak,,,,160.0
sel116,39,neurokit_dwt_ch1,250.0,166977,166987,166995,,,,0,unmatched_r_peak,,,,160.0
sel116,40,neurokit_dwt_ch1,250.0,167546,167560,167567,,,,0,unmatched_r_peak,,,,160.0
sel116,41,neurokit_dwt_ch1,250.0,168118,168133,168141,,,,0,unmatched_r_peak,,,,160.0
sel116,42,neurokit_dwt_ch1,250.0,169086,169096,169104,,,,0,unmatched_r_peak,,,,160.0
sel116,43,neurokit_dwt_ch1,250.0,171903,171919,171952,,,,0,unmatched_r_peak,,,,160.0
sel116,44,neurokit_dwt_ch1,250.0,196405,196419,196430,,,,0,missing_dwt_boundary,,,,160.0
sel116,45,neurokit_dwt_ch1,250.0,197536,197552,197560,,,,0,unmatched_r_peak,,,,160.0
sel116,46,neurokit_dwt_ch1,250.0,214861,214875,214882,,,,0,unmatched_r_peak,,,,160.0
sel116,47,neurokit_dwt_ch1,250.0,215440,215454,215463,,,,0,unmatched_r_peak,,,,160.0
sel116,48,neurokit_dwt_ch1,250.0,216210,216220,216228,,,,0,unmatched_r_peak,,,,160.0
sel116,49,neurokit_dwt_ch1,250.0,216972,216984,216992,,,,0,unmatched_r_peak,,,,160.0
sel123,0,neurokit_dwt_ch0,250.0,150408,150419,150428,150417,150370,150432,1,,-152.0,16.0,168.0,84.0
sel123,1,neurokit_dwt_ch0,250.0,150751,150758,150764,150757,150711,150771,1,,-160.0,28.0,188.0,94.0
sel123,2,neurokit_dwt_ch0,250.0,151084,151102,151119,151100,151056,151115,1,,-112.0,-16.0,96.0,64.0
sel123,3,neurokit_dwt_ch0,250.0,151404,151417,151429,151415,151366,151430,1,,-152.0,4.0,156.0,78.0
sel123,4,neurokit_dwt_ch0,250.0,151749,151756,151765,151755,151707,151769,1,,-168.0,16.0,184.0,92.0
sel123,5,neurokit_dwt_ch0,250.0,152072,152086,152100,152084,152040,152099,1,,-128.0,-4.0,124.0,66.0
sel123,6,neurokit_dwt_ch0,250.0,152397,152407,152423,152405,152359,152419,1,,-152.0,-16.0,136.0,84.0
sel123,7,neurokit_dwt_ch0,250.0,152725,152736,152753,152734,152709,152749,1,,-64.0,-16.0,48.0,40.0
sel123,8,neurokit_dwt_ch0,250.0,153040,153057,153068,153056,153008,153071,1,,-128.0,12.0,140.0,70.0
sel123,9,neurokit_dwt_ch0,250.0,153360,153378,153388,153376,153330,153391,1,,-120.0,12.0,132.0,66.0
sel123,10,neurokit_dwt_ch0,250.0,153670,153682,153691,153681,153634,153695,1,,-144.0,16.0,160.0,80.0
sel123,11,neurokit_dwt_ch0,250.0,153995,154010,154018,154009,153962,154023,1,,-132.0,20.0,152.0,76.0
sel123,12,neurokit_dwt_ch0,250.0,154300,154315,154323,154313,154267,154328,1,,-132.0,20.0,152.0,76.0
sel123,13,neurokit_dwt_ch0,250.0,154628,154641,154648,154640,154612,154654,1,,-64.0,24.0,88.0,44.0
sel123,14,neurokit_dwt_ch0,250.0,154956,154966,154984,154964,154915,154979,1,,-164.0,-20.0,144.0,92.0
sel123,15,neurokit_dwt_ch0,250.0,155253,155266,155281,155264,155216,155279,1,,-148.0,-8.0,140.0,78.0
sel123,16,neurokit_dwt_ch0,250.0,155550,155565,155571,155564,155513,155579,1,,-148.0,32.0,180.0,90.0
sel123,17,neurokit_dwt_ch0,250.0,155876,155887,155895,155885,155837,155900,1,,-156.0,20.0,176.0,88.0
sel123,18,neurokit_dwt_ch0,250.0,156152,156170,156182,156168,156122,156183,1,,-120.0,4.0,124.0,62.0
sel123,19,neurokit_dwt_ch0,250.0,156437,156447,156457,156446,156422,156461,1,,-60.0,16.0,76.0,38.0
sel123,20,neurokit_dwt_ch0,250.0,156709,156719,156729,156717,156672,156732,1,,-148.0,12.0,160.0,80.0
sel123,21,neurokit_dwt_ch0,250.0,156950,156963,156972,156959,156915,156974,1,,-140.0,8.0,148.0,74.0
sel123,22,neurokit_dwt_ch0,250.0,157194,157208,157218,157206,157156,157221,1,,-152.0,12.0,164.0,82.0
sel123,23,neurokit_dwt_ch0,250.0,157443,157452,157466,157450,157405,157465,1,,-152.0,-4.0,148.0,78.0
sel123,24,neurokit_dwt_ch0,250.0,157677,157690,157702,157688,157643,157703,1,,-136.0,4.0,140.0,70.0
sel123,25,neurokit_dwt_ch0,250.0,157944,157951,157961,157950,157901,157964,1,,-172.0,12.0,184.0,92.0
sel123,26,neurokit_dwt_ch0,250.0,158307,158321,158330,158319,158274,158335,1,,-132.0,20.0,152.0,76.0
sel123,27,neurokit_dwt_ch0,250.0,158660,158670,158680,158668,158621,158683,1,,-156.0,12.0,168.0,84.0
sel123,28,neurokit_dwt_ch0,250.0,159013,159025,159041,159024,158973,159038,1,,-160.0,-12.0,148.0,86.0
sel123,29,neurokit_dwt_ch0,250.0,159344,159358,159366,159356,159310,159371,1,,-136.0,20.0,156.0,78.0
sel123,0,neurokit_dwt_ch1,250.0,150408,150419,150428,150417,150393,150433,1,,-60.0,20.0,80.0,40.0
sel123,1,neurokit_dwt_ch1,250.0,150751,150758,150764,150757,150717,150772,1,,-136.0,32.0,168.0,84.0
sel123,2,neurokit_dwt_ch1,250.0,151084,151102,151119,151100,151075,151116,1,,-36.0,-12.0,24.0,24.0
sel123,3,neurokit_dwt_ch1,250.0,151404,151417,151429,151415,151374,151431,1,,-120.0,8.0,128.0,64.0
sel123,4,neurokit_dwt_ch1,250.0,151749,151756,151765,151755,151716,151770,1,,-132.0,20.0,152.0,76.0
sel123,5,neurokit_dwt_ch1,250.0,152072,152086,152100,152084,152042,152100,1,,-120.0,0.0,120.0,60.0
sel123,6,neurokit_dwt_ch1,250.0,152397,152407,152423,152405,152363,152420,1,,-136.0,-12.0,124.0,74.0
sel123,7,neurokit_dwt_ch1,250.0,152725,152736,152753,152735,152691,152751,1,,-136.0,-8.0,128.0,72.0
sel123,8,neurokit_dwt_ch1,250.0,153040,153057,153068,153056,153017,153072,1,,-92.0,16.0,108.0,54.0
sel123,9,neurokit_dwt_ch1,250.0,153360,153378,153388,153376,153354,153391,1,,-24.0,12.0,36.0,18.0
sel123,10,neurokit_dwt_ch1,250.0,153670,153682,153691,153681,153653,153696,1,,-68.0,20.0,88.0,44.0
sel123,11,neurokit_dwt_ch1,250.0,153995,154010,154018,154009,153985,154025,1,,-40.0,28.0,68.0,34.0
sel123,12,neurokit_dwt_ch1,250.0,154300,154315,154323,154312,154271,154329,1,,-116.0,24.0,140.0,70.0
sel123,13,neurokit_dwt_ch1,250.0,154628,154641,154648,154640,154611,154655,1,,-68.0,28.0,96.0,48.0
sel123,14,neurokit_dwt_ch1,250.0,154956,154966,154984,154964,154937,154980,1,,-76.0,-16.0,60.0,46.0
sel123,15,neurokit_dwt_ch1,250.0,155253,155266,155281,155264,155244,155280,1,,-36.0,-4.0,32.0,20.0
sel123,16,neurokit_dwt_ch1,250.0,155550,155565,155571,155564,155537,155580,1,,-52.0,36.0,88.0,44.0
sel123,17,neurokit_dwt_ch1,250.0,155876,155887,155895,155885,155843,155901,1,,-132.0,24.0,156.0,78.0
sel123,18,neurokit_dwt_ch1,250.0,156152,156170,156182,156168,156128,156183,1,,-96.0,4.0,100.0,50.0
sel123,19,neurokit_dwt_ch1,250.0,156437,156447,156457,156446,156403,156462,1,,-136.0,20.0,156.0,78.0
sel123,20,neurokit_dwt_ch1,250.0,156709,156719,156729,156717,156679,156732,1,,-120.0,12.0,132.0,66.0
sel123,21,neurokit_dwt_ch1,250.0,156950,156963,156972,156959,156919,156975,1,,-124.0,12.0,136.0,68.0
sel123,22,neurokit_dwt_ch1,250.0,157194,157208,157218,157206,157179,157222,1,,-60.0,16.0,76.0,38.0
sel123,23,neurokit_dwt_ch1,250.0,157443,157452,157466,157450,157421,157466,1,,-88.0,0.0,88.0,44.0
sel123,24,neurokit_dwt_ch1,250.0,157677,157690,157702,157688,157649,157704,1,,-112.0,8.0,120.0,60.0
sel123,25,neurokit_dwt_ch1,250.0,157944,157951,157961,157950,157908,157965,1,,-144.0,16.0,160.0,80.0
sel123,26,neurokit_dwt_ch1,250.0,158307,158321,158330,158319,158279,158335,1,,-112.0,20.0,132.0,66.0
sel123,27,neurokit_dwt_ch1,250.0,158660,158670,158680,158668,158623,158684,1,,-148.0,16.0,164.0,82.0
sel123,28,neurokit_dwt_ch1,250.0,159013,159025,159041,159024,159000,159039,1,,-52.0,-8.0,44.0,30.0
sel123,29,neurokit_dwt_ch1,250.0,159344,159358,159366,159355,159315,159371,1,,-116.0,20.0,136.0,68.0
sel14157,0,neurokit_dwt_ch0,250.0,150670,150690,150707,,,,0,missing_dwt_boundary,,,,160.0
sel14157,1,neurokit_dwt_ch0,250.0,150880,150898,150917,,,,0,missing_dwt_boundary,,,,160.0
sel14157,2,neurokit_dwt_ch0,250.0,151089,151106,151124,,,,0,missing_dwt_boundary,,,,160.0
sel14157,3,neurokit_dwt_ch0,250.0,151297,151312,151330,,,,0,missing_dwt_boundary,,,,160.0
sel14157,4,neurokit_dwt_ch0,250.0,151504,151519,151535,,,,0,missing_dwt_boundary,,,,160.0
sel14157,5,neurokit_dwt_ch0,250.0,151710,151727,151743,,,,0,missing_dwt_boundary,,,,160.0
sel14157,6,neurokit_dwt_ch0,250.0,151918,151932,151951,151930,151908,151951,1,,-40.0,0.0,40.0,20.0
sel14157,7,neurokit_dwt_ch0,250.0,152124,152142,152158,,,,0,missing_dwt_boundary,,,,160.0
sel14157,8,neurokit_dwt_ch0,250.0,152329,152348,152372,152344,152311,152365,1,,-72.0,-28.0,44.0,50.0
sel14157,9,neurokit_dwt_ch0,250.0,152537,152554,152573,,,,0,missing_dwt_boundary,,,,160.0
sel14157,10,neurokit_dwt_ch0,250.0,152745,152762,152779,,,,0,missing_dwt_boundary,,,,160.0
sel14157,11,neurokit_dwt_ch0,250.0,152952,152966,152986,,,,0,missing_dwt_boundary,,,,160.0
sel14157,12,neurokit_dwt_ch0,250.0,153157,153173,153192,153168,153131,153190,1,,-104.0,-8.0,96.0,56.0
sel14157,13,neurokit_dwt_ch0,250.0,153365,153380,153397,,,,0,missing_dwt_boundary,,,,160.0
sel14157,14,neurokit_dwt_ch0,250.0,153567,153586,153603,,,,0,missing_dwt_boundary,,,,160.0
sel14157,15,neurokit_dwt_ch0,250.0,153773,153793,153810,,,,0,missing_dwt_boundary,,,,160.0
sel14157,16,neurokit_dwt_ch0,250.0,153987,154002,154020,,,,0,missing_dwt_boundary,,,,160.0
sel14157,17,neurokit_dwt_ch0,250.0,154194,154209,154227,154205,154174,154226,1,,-80.0,-4.0,76.0,42.0
sel14157,18,neurokit_dwt_ch0,250.0,154399,154417,154435,154413,154391,154434,1,,-32.0,-4.0,28.0,18.0
sel14157,19,neurokit_dwt_ch0,250.0,154603,154626,154641,154621,154569,154643,1,,-136.0,8.0,144.0,72.0
sel14157,20,neurokit_dwt_ch0,250.0,154819,154835,154848,154830,154796,154851,1,,-92.0,12.0,104.0,52.0
sel14157,21,neurokit_dwt_ch0,250.0,155025,155044,155060,,,,0,missing_dwt_boundary,,,,160.0
sel14157,22,neurokit_dwt_ch0,250.0,155236,155252,155269,155247,155218,155268,1,,-72.0,-4.0,68.0,38.0
sel14157,23,neurokit_dwt_ch0,250.0,155443,155459,155476,155455,155416,155477,1,,-108.0,4.0,112.0,56.0
sel14157,24,neurokit_dwt_ch0,250.0,155655,155669,155685,155664,155614,155685,1,,-164.0,0.0,164.0,82.0
sel14157,25,neurokit_dwt_ch0,250.0,156491,156507,156522,156501,156450,156522,1,,-164.0,0.0,164.0,82.0
sel14157,26,neurokit_dwt_ch0,250.0,156701,156715,156732,,,,0,missing_dwt_boundary,,,,160.0
sel14157,27,neurokit_dwt_ch0,250.0,156908,156927,156942,,,,0,missing_dwt_boundary,,,,160.0
sel14157,28,neurokit_dwt_ch0,250.0,157120,157136,157154,157132,157091,157154,1,,-116.0,0.0,116.0,58.0
sel14157,29,neurokit_dwt_ch0,250.0,157327,157349,157364,157344,157292,157365,1,,-140.0,4.0,144.0,72.0
sel14157,0,neurokit_dwt_ch1,250.0,150670,150690,150707,150679,150667,150701,1,,-12.0,-24.0,-12.0,18.0
sel14157,1,neurokit_dwt_ch1,250.0,150880,150898,150917,,,,0,unmatched_r_peak,,,,160.0
sel14157,2,neurokit_dwt_ch1,250.0,151089,151106,151124,,,,0,unmatched_r_peak,,,,160.0
sel14157,3,neurokit_dwt_ch1,250.0,151297,151312,151330,,,,0,unmatched_r_peak,,,,160.0
sel14157,4,neurokit_dwt_ch1,250.0,151504,151519,151535,,,,0,unmatched_r_peak,,,,160.0
sel14157,5,neurokit_dwt_ch1,250.0,151710,151727,151743,,,,0,unmatched_r_peak,,,,160.0
sel14157,6,neurokit_dwt_ch1,250.0,151918,151932,151951,151922,151887,151945,1,,-124.0,-24.0,100.0,74.0
sel14157,7,neurokit_dwt_ch1,250.0,152124,152142,152158,,,,0,unmatched_r_peak,,,,160.0
sel14157,8,neurokit_dwt_ch1,250.0,152329,152348,152372,,,,0,unmatched_r_peak,,,,160.0
sel14157,9,neurokit_dwt_ch1,250.0,152537,152554,152573,152543,152521,152565,1,,-64.0,-32.0,32.0,48.0
sel14157,10,neurokit_dwt_ch1,250.0,152745,152762,152779,,,,0,unmatched_r_peak,,,,160.0
sel14157,11,neurokit_dwt_ch1,250.0,152952,152966,152986,152955,152946,152977,1,,-24.0,-36.0,-12.0,30.0
sel14157,12,neurokit_dwt_ch1,250.0,153157,153173,153192,,,,0,unmatched_r_peak,,,,160.0
sel14157,13,neurokit_dwt_ch1,250.0,153365,153380,153397,,,,0,unmatched_r_peak,,,,160.0
sel14157,14,neurokit_dwt_ch1,250.0,153567,153586,153603,,,,0,unmatched_r_peak,,,,160.0
sel14157,15,neurokit_dwt_ch1,250.0,153773,153793,153810,153782,153771,153804,1,,-8.0,-24.0,-16.0,16.0
sel14157,16,neurokit_dwt_ch1,250.0,153987,154002,154020,,,,0,unmatched_r_peak,,,,160.0
sel14157,17,neurokit_dwt_ch1,250.0,154194,154209,154227,,,,0,unmatched_r_peak,,,,160.0
sel14157,18,neurokit_dwt_ch1,250.0,154399,154417,154435,,,,0,unmatched_r_peak,,,,160.0
sel14157,19,neurokit_dwt_ch1,250.0,154603,154626,154641,,,,0,unmatched_r_peak,,,,160.0
sel14157,20,neurokit_dwt_ch1,250.0,154819,154835,154848,,,,0,unmatched_r_peak,,,,160.0
sel14157,21,neurokit_dwt_ch1,250.0,155025,155044,155060,,,,0,unmatched_r_peak,,,,160.0
sel14157,22,neurokit_dwt_ch1,250.0,155236,155252,155269,,,,0,unmatched_r_peak,,,,160.0
sel14157,23,neurokit_dwt_ch1,250.0,155443,155459,155476,,,,0,unmatched_r_peak,,,,160.0
sel14157,24,neurokit_dwt_ch1,250.0,155655,155669,155685,,,,0,unmatched_r_peak,,,,160.0
sel14157,25,neurokit_dwt_ch1,250.0,156491,156507,156522,,,,0,unmatched_r_peak,,,,160.0
sel14157,26,neurokit_dwt_ch1,250.0,156701,156715,156732,,,,0,unmatched_r_peak,,,,160.0
sel14157,27,neurokit_dwt_ch1,250.0,156908,156927,156942,,,,0,unmatched_r_peak,,,,160.0
sel14157,28,neurokit_dwt_ch1,250.0,157120,157136,157154,,,,0,unmatched_r_peak,,,,160.0
sel14157,29,neurokit_dwt_ch1,250.0,157327,157349,157364,,,,0,unmatched_r_peak,,,,160.0
sel15814,0,neurokit_dwt_ch0,250.0,150199,150218,150247,,,,0,unmatched_r_peak,,,,160.0
sel15814,1,neurokit_dwt_ch0,250.0,150420,150438,150458,,,,0,unmatched_r_peak,,,,160.0
sel15814,2,neurokit_dwt_ch0,250.0,150640,150657,150685,,,,0,unmatched_r_peak,,,,160.0
sel15814,3,neurokit_dwt_ch0,250.0,150862,150877,150903,,,,0,unmatched_r_peak,,,,160.0
sel15814,4,neurokit_dwt_ch0,250.0,151078,151093,151123,,,,0,unmatched_r_peak,,,,160.0
sel15814,5,neurokit_dwt_ch0,250.0,151296,151313,151342,,,,0,unmatched_r_peak,,,,160.0
sel15814,6,neurokit_dwt_ch0,250.0,151514,151531,151553,151520,151492,151563,1,,-88.0,40.0,128.0,64.0
sel15814,7,neurokit_dwt_ch0,250.0,151735,151751,151780,,,,0,unmatched_r_peak,,,,160.0
sel15814,8,neurokit_dwt_ch0,250.0,151954,151971,152000,,,,0,unmatched_r_peak,,,,160.0
sel15814,9,neurokit_dwt_ch0,250.0,152175,152191,152218,152180,152150,152198,1,,-100.0,-80.0,20.0,90.0
sel15814,10,neurokit_dwt_ch0,250.0,152395,152411,152441,152400,152372,152420,1,,-92.0,-84.0,8.0,88.0
sel15814,11,neurokit_dwt_ch0,250.0,152615,152632,152664,,,,0,unmatched_r_peak,,,,160.0
sel15814,12,neurokit_dwt_ch0,250.0,152834,152853,152881,,,,0,unmatched_r_peak,,,,160.0
sel15814,13,neurokit_dwt_ch0,250.0,153057,153074,153105,153063,153045,153082,1,,-48.0,-92.0,-44.0,70.0
sel15814,14,neurokit_dwt_ch0,250.0,153282,153297,153330,,,,0,unmatched_r_peak,,,,160.0
sel15814,15,neurokit_dwt_ch0,250.0,153499,153519,153546,,,,0,unmatched_r_peak,,,,160.0
sel15814,16,neurokit_dwt_ch0,250.0,154613,154630,154658,,,,0,unmatched_r_peak,,,,160.0
sel15814,17,neurokit_dwt_ch0,250.0,154839,154854,154883,,,,0,unmatched_r_peak,,,,160.0
sel15814,18,neurokit_dwt_ch0,250.0,155058,155073,155102,,,,0,unmatched_r_peak,,,,160.0
sel15814,19,neurokit_dwt_ch0,250.0,155277,155295,155325,,,,0,unmatched_r_peak,,,,160.0
sel15814,20,neurokit_dwt_ch0,250.0,155502,155517,155541,155506,155472,155526,1,,-120.0,-60.0,60.0,90.0
sel15814,21,neurokit_dwt_ch0,250.0,155722,155739,155765,,,,0,unmatched_r_peak,,,,160.0
sel15814,22,neurokit_dwt_ch0,250.0,155944,155961,155985,,,,0,unmatched_r_peak,,,,160.0
sel15814,23,neurokit_dwt_ch0,250.0,156165,156182,156213,156171,156157,156190,1,,-32.0,-92.0,-60.0,62.0
sel15814,24,neurokit_dwt_ch0,250.0,156390,156404,156428,,,,0,unmatched_r_peak,,,,160.0
sel15814,25,neurokit_dwt_ch0,250.0,156607,156625,156654,,,,0,unmatched_r_peak,,,,160.0
sel15814,26,neurokit_dwt_ch0,250.0,156827,156844,156870,,,,0,unmatched_r_peak,,,,160.0
sel15814,27,neurokit_dwt_ch0,250.0,157047,157064,157093,,,,0,unmatched_r_peak,,,,160.0
sel15814,28,neurokit_dwt_ch0,250.0,157264,157283,157310,,,,0,unmatched_r_peak,,,,160.0
sel15814,29,neurokit_dwt_ch0,250.0,157483,157502,157532,,,,0,unmatched_r_peak,,,,160.0
sel15814,0,neurokit_dwt_ch1,250.0,150199,150218,150247,,,,0,unmatched_r_peak,,,,160.0
sel15814,1,neurokit_dwt_ch1,250.0,150420,150438,150458,,,,0,unmatched_r_peak,,,,160.0
sel15814,2,neurokit_dwt_ch1,250.0,150640,150657,150685,,,,0,unmatched_r_peak,,,,160.0
sel15814,3,neurokit_dwt_ch1,250.0,150862,150877,150903,,,,0,unmatched_r_peak,,,,160.0
sel15814,4,neurokit_dwt_ch1,250.0,151078,151093,151123,,,,0,unmatched_r_peak,,,,160.0
sel15814,5,neurokit_dwt_ch1,250.0,151296,151313,151342,,,,0,unmatched_r_peak,,,,160.0
sel15814,6,neurokit_dwt_ch1,250.0,151514,151531,151553,,,,0,unmatched_r_peak,,,,160.0
sel15814,7,neurokit_dwt_ch1,250.0,151735,151751,151780,,,,0,unmatched_r_peak,,,,160.0
sel15814,8,neurokit_dwt_ch1,250.0,151954,151971,152000,,,,0,unmatched_r_peak,,,,160.0
sel15814,9,neurokit_dwt_ch1,250.0,152175,152191,152218,,,,0,unmatched_r_peak,,,,160.0
sel15814,10,neurokit_dwt_ch1,250.0,152395,152411,152441,,,,0,unmatched_r_peak,,,,160.0
sel15814,11,neurokit_dwt_ch1,250.0,152615,152632,152664,,,,0,unmatched_r_peak,,,,160.0
sel15814,12,neurokit_dwt_ch1,250.0,152834,152853,152881,,,,0,unmatched_r_peak,,,,160.0
sel15814,13,neurokit_dwt_ch1,250.0,153057,153074,153105,,,,0,unmatched_r_peak,,,,160.0
sel15814,14,neurokit_dwt_ch1,250.0,153282,153297,153330,,,,0,unmatched_r_peak,,,,160.0
sel15814,15,neurokit_dwt_ch1,250.0,153499,153519,153546,,,,0,unmatched_r_peak,,,,160.0
sel15814,16,neurokit_dwt_ch1,250.0,154613,154630,154658,,,,0,unmatched_r_peak,,,,160.0
sel15814,17,neurokit_dwt_ch1,250.0,154839,154854,154883,,,,0,unmatched_r_peak,,,,160.0
sel15814,18,neurokit_dwt_ch1,250.0,155058,155073,155102,,,,0,unmatched_r_peak,,,,160.0
sel15814,19,neurokit_dwt_ch1,250.0,155277,155295,155325,,,,0,unmatched_r_peak,,,,160.0
sel15814,20,neurokit_dwt_ch1,250.0,155502,155517,155541,,,,0,unmatched_r_peak,,,,160.0
sel15814,21,neurokit_dwt_ch1,250.0,155722,155739,155765,,,,0,unmatched_r_peak,,,,160.0
sel15814,22,neurokit_dwt_ch1,250.0,155944,155961,155985,,,,0,unmatched_r_peak,,,,160.0
sel15814,23,neurokit_dwt_ch1,250.0,156165,156182,156213,,,,0,unmatched_r_peak,,,,160.0
sel15814,24,neurokit_dwt_ch1,250.0,156390,156404,156428,,,,0,unmatched_r_peak,,,,160.0
sel15814,25,neurokit_dwt_ch1,250.0,156607,156625,156654,,,,0,unmatched_r_peak,,,,160.0
sel15814,26,neurokit_dwt_ch1,250.0,156827,156844,156870,,,,0,unmatched_r_peak,,,,160.0
sel15814,27,neurokit_dwt_ch1,250.0,157047,157064,157093,,,,0,unmatched_r_peak,,,,160.0
sel15814,28,neurokit_dwt_ch1,250.0,157264,157283,157310,,,,0,unmatched_r_peak,,,,160.0
sel15814,29,neurokit_dwt_ch1,250.0,157483,157502,157532,,,,0,unmatched_r_peak,,,,160.0
sel16272,0,neurokit_dwt_ch0,250.0,150443,150452,150462,150450,150426,150464,1,,-68.0,8.0,76.0,38.0
sel16272,1,neurokit_dwt_ch0,250.0,150712,150722,150740,150720,150696,150734,1,,-64.0,-24.0,40.0,44.0
sel16272,2,neurokit_dwt_ch0,250.0,150979,150988,150998,150986,150962,151000,1,,-68.0,8.0,76.0,38.0
sel16272,3,neurokit_dwt_ch0,250.0,151250,151258,151268,151257,151232,151271,1,,-72.0,12.0,84.0,42.0
sel16272,4,neurokit_dwt_ch0,250.0,151519,151530,151537,151528,151504,151542,1,,-60.0,20.0,80.0,40.0
sel16272,5,neurokit_dwt_ch0,250.0,151787,151798,151805,151796,151772,151810,1,,-60.0,20.0,80.0,40.0
sel16272,6,neurokit_dwt_ch0,250.0,152055,152062,152074,152061,152036,152075,1,,-76.0,4.0,80.0,40.0
sel16272,7,neurokit_dwt_ch0,250.0,152320,152328,152336,152326,152302,152340,1,,-72.0,16.0,88.0,44.0
sel16272,8,neurokit_dwt_ch0,250.0,152590,152597,152607,152595,152571,152609,1,,-76.0,8.0,84.0,42.0
sel16272,9,neurokit_dwt_ch0,250.0,152855,152861,152872,152859,152835,152874,1,,-80.0,8.0,88.0,44.0
sel16272,10,neurokit_dwt_ch0,250.0,153113,153122,153132,153121,153097,153135,1,,-64.0,12.0,76.0,38.0
sel16272,11,neurokit_dwt_ch0,250.0,153379,153387,153398,153386,153361,153400,1,,-72.0,8.0,80.0,40.0
sel16272,12,neurokit_dwt_ch0,250.0,153645,153654,153666,153653,153629,153667,1,,-64.0,4.0,68.0,34.0
sel16272,13,neurokit_dwt_ch0,250.0,153906,153917,153925,153915,153891,153929,1,,-60.0,16.0,76.0,38.0
sel16272,14,neurokit_dwt_ch0,250.0,154174,154182,154192,154181,154157,154195,1,,-68.0,12.0,80.0,40.0
sel16272,15,neurokit_dwt_ch0,250.0,154439,154450,154458,154448,154424,154462,1,,-60.0,16.0,76.0,38.0
sel16272,16,neurokit_dwt_ch0,250.0,154711,154723,154733,154722,154697,154736,1,,-56.0,12.0,68.0,34.0
sel16272,17,neurokit_dwt_ch0,250.0,154978,154990,155000,154988,154964,155002,1,,-56.0,8.0,64.0,32.0
sel16272,18,neurokit_dwt_ch0,250.0,155243,155257,155267,155256,155231,155270,1,,-48.0,12.0,60.0,30.0
sel16272,19,neurokit_dwt_ch0,250.0,155518,155529,155539,155527,155503,155541,1,,-60.0,8.0,68.0,34.0
sel16272,20,neurokit_dwt_ch0,250.0,155785,155798,155805,155796,155772,155810,1,,-52.0,20.0,72.0,36.0
sel16272,21,neurokit_dwt_ch0,250.0,156053,156062,156072,156060,156037,156075,1,,-64.0,12.0,76.0,38.0
sel16272,22,neurokit_dwt_ch0,250.0,156319,156330,156340,156328,156304,156342,1,,-60.0,8.0,68.0,34.0
sel16272,23,neurokit_dwt_ch0,250.0,156592,156601,156610,156599,156574,156613,1,,-72.0,12.0,84.0,42.0
sel16272,24,neurokit_dwt_ch0,250.0,156848,156859,156869,156857,156834,156871,1,,-56.0,8.0,64.0,32.0
sel16272,25,neurokit_dwt_ch0,250.0,157112,157121,157131,157120,157096,157134,1,,-64.0,12.0,76.0,38.0
sel16272,26,neurokit_dwt_ch0,250.0,157377,157383,157394,157382,157357,157396,1,,-80.0,8.0,88.0,44.0
sel16272,27,neurokit_dwt_ch0,250.0,157640,157648,157663,157647,157623,157662,1,,-68.0,-4.0,64.0,36.0
sel16272,28,neurokit_dwt_ch0,250.0,157899,157910,157922,157908,157884,157923,1,,-60.0,4.0,64.0,32.0
sel16272,29,neurokit_dwt_ch0,250.0,158170,158178,158188,158176,158151,158190,1,,-76.0,8.0,84.0,42.0
sel16272,0,neurokit_dwt_ch1,250.0,150443,150452,150462,150443,150422,150463,1,,-84.0,4.0,88.0,44.0
sel16272,1,neurokit_dwt_ch1,250.0,150712,150722,150740,,,,0,unmatched_r_peak,,,,160.0
sel16272,2,neurokit_dwt_ch1,250.0,150979,150988,150998,,,,0,unmatched_r_peak,,,,160.0
sel16272,3,neurokit_dwt_ch1,250.0,151250,151258,151268,151249,151228,151269,1,,-88.0,4.0,92.0,46.0
sel16272,4,neurokit_dwt_ch1,250.0,151519,151530,151537,,,,0,missing_dwt_boundary,,,,160.0
sel16272,5,neurokit_dwt_ch1,250.0,151787,151798,151805,,,,0,unmatched_r_peak,,,,160.0
sel16272,6,neurokit_dwt_ch1,250.0,152055,152062,152074,152054,152032,152073,1,,-92.0,-4.0,88.0,48.0
sel16272,7,neurokit_dwt_ch1,250.0,152320,152328,152336,,,,0,missing_dwt_boundary,,,,160.0
sel16272,8,neurokit_dwt_ch1,250.0,152590,152597,152607,152588,152567,152608,1,,-92.0,4.0,96.0,48.0
sel16272,9,neurokit_dwt_ch1,250.0,152855,152861,152872,,,,0,unmatched_r_peak,,,,160.0
sel16272,10,neurokit_dwt_ch1,250.0,153113,153122,153132,,,,0,unmatched_r_peak,,,,160.0
sel16272,11,neurokit_dwt_ch1,250.0,153379,153387,153398,153379,153358,153398,1,,-84.0,0.0,84.0,42.0
sel16272,12,neurokit_dwt_ch1,250.0,153645,153654,153666,,,,0,unmatched_r_peak,,,,160.0
sel16272,13,neurokit_dwt_ch1,250.0,153906,153917,153925,,,,0,unmatched_r_peak,,,,160.0
sel16272,14,neurokit_dwt_ch1,250.0,154174,154182,154192,154174,154152,154193,1,,-88.0,4.0,92.0,46.0
sel16272,15,neurokit_dwt_ch1,250.0,154439,154450,154458,,,,0,unmatched_r_peak,,,,160.0
sel16272,16,neurokit_dwt_ch1,250.0,154711,154723,154733,,,,0,unmatched_r_peak,,,,160.0
sel16272,17,neurokit_dwt_ch1,250.0,154978,154990,155000,,,,0,unmatched_r_peak,,,,160.0
sel16272,18,neurokit_dwt_ch1,250.0,155243,155257,155267,,,,0,missing_dwt_boundary,,,,160.0
sel16272,19,neurokit_dwt_ch1,250.0,155518,155529,155539,,,,0,unmatched_r_peak,,,,160.0
sel16272,20,neurokit_dwt_ch1,250.0,155785,155798,155805,,,,0,unmatched_r_peak,,,,160.0
sel16272,21,neurokit_dwt_ch1,250.0,156053,156062,156072,156054,156033,156073,1,,-80.0,4.0,84.0,42.0
sel16272,22,neurokit_dwt_ch1,250.0,156319,156330,156340,156321,156299,156341,1,,-80.0,4.0,84.0,42.0
sel16272,23,neurokit_dwt_ch1,250.0,156592,156601,156610,,,,0,unmatched_r_peak,,,,160.0
sel16272,24,neurokit_dwt_ch1,250.0,156848,156859,156869,,,,0,unmatched_r_peak,,,,160.0
sel16272,25,neurokit_dwt_ch1,250.0,157112,157121,157131,157113,157092,157133,1,,-80.0,8.0,88.0,44.0
sel16272,26,neurokit_dwt_ch1,250.0,157377,157383,157394,157374,157353,157395,1,,-96.0,4.0,100.0,50.0
sel16272,27,neurokit_dwt_ch1,250.0,157640,157648,157663,157640,157619,157661,1,,-84.0,-8.0,76.0,46.0
sel16272,28,neurokit_dwt_ch1,250.0,157899,157910,157922,,,,0,unmatched_r_peak,,,,160.0
sel16272,29,neurokit_dwt_ch1,250.0,158170,158178,158188,,,,0,missing_dwt_boundary,,,,160.0
sel16273,0,neurokit_dwt_ch0,250.0,150292,150308,150314,150306,150293,150323,1,,4.0,36.0,32.0,20.0
sel16273,1,neurokit_dwt_ch0,250.0,150498,150514,150519,150512,150499,150537,1,,4.0,72.0,68.0,38.0
sel16273,2,neurokit_dwt_ch0,250.0,150710,150725,150731,150723,150711,150743,1,,4.0,48.0,44.0,26.0
sel16273,3,neurokit_dwt_ch0,250.0,150912,150928,150935,150926,150913,150943,1,,4.0,32.0,28.0,18.0
sel16273,4,neurokit_dwt_ch0,250.0,151115,151132,151138,151130,151117,151150,1,,8.0,48.0,40.0,28.0
sel16273,5,neurokit_dwt_ch0,250.0,151317,151330,151340,151329,151316,151343,1,,-4.0,12.0,16.0,8.0
sel16273,6,neurokit_dwt_ch0,250.0,151510,151524,151533,151522,151509,151545,1,,-4.0,48.0,52.0,26.0
sel16273,7,neurokit_dwt_ch0,250.0,151698,151713,151719,151711,151699,151735,1,,4.0,64.0,60.0,34.0
sel16273,8,neurokit_dwt_ch0,250.0,151893,151907,151913,151906,151893,151922,1,,0.0,36.0,36.0,18.0
sel16273,9,neurokit_dwt_ch0,250.0,152098,152111,152117,152109,152096,152127,1,,-8.0,40.0,48.0,24.0
sel16273,10,neurokit_dwt_ch0,250.0,152298,152312,152319,152311,152298,152329,1,,0.0,40.0,40.0,20.0
sel16273,11,neurokit_dwt_ch0,250.0,152512,152523,152533,152522,152509,152549,1,,-12.0,64.0,76.0,38.0
sel16273,12,neurokit_dwt_ch0,250.0,152726,152741,152747,152739,152726,152752,1,,0.0,20.0,20.0,10.0
sel16273,13,neurokit_dwt_ch0,250.0,152940,152954,152961,152952,152940,152969,1,,0.0,32.0,32.0,16.0
sel16273,14,neurokit_dwt_ch0,250.0,153157,153171,153177,153170,153157,153197,1,,0.0,80.0,80.0,40.0
sel16273,15,neurokit_dwt_ch0,250.0,153373,153390,153398,153389,153376,153408,1,,12.0,40.0,28.0,26.0
sel16273,16,neurokit_dwt_ch0,250.0,153579,153596,153603,153594,153581,153609,1,,8.0,24.0,16.0,16.0
sel16273,17,neurokit_dwt_ch0,250.0,153785,153799,153806,153798,153785,153819,1,,0.0,52.0,52.0,26.0
sel16273,18,neurokit_dwt_ch0,250.0,153993,154006,154013,154004,153991,154021,1,,-8.0,32.0,40.0,20.0
sel16273,19,neurokit_dwt_ch0,250.0,154194,154209,154216,154207,154195,154222,1,,4.0,24.0,20.0,14.0
sel16273,20,neurokit_dwt_ch0,250.0,154391,154407,154420,154405,154392,154431,1,,4.0,44.0,40.0,24.0
sel16273,21,neurokit_dwt_ch0,250.0,154601,154614,154622,154612,154599,154628,1,,-8.0,24.0,32.0,16.0
sel16273,22,neurokit_dwt_ch0,250.0,154810,154824,154830,154823,154810,154847,1,,0.0,68.0,68.0,34.0
sel16273,23,neurokit_dwt_ch0,250.0,155009,155025,155033,155023,155010,155046,1,,4.0,52.0,48.0,28.0
sel16273,24,neurokit_dwt_ch0,250.0,155219,155232,155239,155230,155218,155257,1,,-4.0,72.0,76.0,38.0
sel16273,25,neurokit_dwt_ch0,250.0,155431,155446,155454,155444,155431,155469,1,,0.0,60.0,60.0,30.0
sel16273,26,neurokit_dwt_ch0,250.0,155639,155655,155662,155653,155640,155677,1,,4.0,60.0,56.0,32.0
sel16273,27,neurokit_dwt_ch0,250.0,155848,155861,155873,155859,155846,155879,1,,-8.0,24.0,32.0,16.0
sel16273,28,neurokit_dwt_ch0,250.0,156058,156073,156080,156071,156058,156095,1,,0.0,60.0,60.0,30.0
sel16273,29,neurokit_dwt_ch0,250.0,156266,156282,156290,156281,156268,156300,1,,8.0,40.0,32.0,24.0
sel16273,0,neurokit_dwt_ch1,250.0,150292,150308,150314,150301,150273,150315,1,,-76.0,4.0,80.0,40.0
sel16273,1,neurokit_dwt_ch1,250.0,150498,150514,150519,150508,150478,150521,1,,-80.0,8.0,88.0,44.0
sel16273,2,neurokit_dwt_ch1,250.0,150710,150725,150731,150719,150689,150733,1,,-84.0,8.0,92.0,46.0
sel16273,3,neurokit_dwt_ch1,250.0,150912,150928,150935,150922,150893,150936,1,,-76.0,4.0,80.0,40.0
sel16273,4,neurokit_dwt_ch1,250.0,151115,151132,151138,151125,151096,151139,1,,-76.0,4.0,80.0,40.0
sel16273,5,neurokit_dwt_ch1,250.0,151317,151330,151340,151325,151296,151338,1,,-84.0,-8.0,76.0,46.0
sel16273,6,neurokit_dwt_ch1,250.0,151510,151524,151533,151518,151489,151532,1,,-84.0,-4.0,80.0,44.0
sel16273,7,neurokit_dwt_ch1,250.0,151698,151713,151719,151707,151689,151721,1,,-36.0,8.0,44.0,22.0
sel16273,8,neurokit_dwt_ch1,250.0,151893,151907,151913,151901,151873,151915,1,,-80.0,8.0,88.0,44.0
sel16273,9,neurokit_dwt_ch1,250.0,152098,152111,152117,152105,152075,152119,1,,-92.0,8.0,100.0,50.0
sel16273,10,neurokit_dwt_ch1,250.0,152298,152312,152319,152307,152290,152320,1,,-32.0,4.0,36.0,18.0
sel16273,11,neurokit_dwt_ch1,250.0,152512,152523,152533,152517,152488,152531,1,,-96.0,-8.0,88.0,52.0
sel16273,12,neurokit_dwt_ch1,250.0,152726,152741,152747,152735,152706,152749,1,,-80.0,8.0,88.0,44.0
sel16273,13,neurokit_dwt_ch1,250.0,152940,152954,152961,152948,152920,152963,1,,-80.0,8.0,88.0,44.0
sel16273,14,neurokit_dwt_ch1,250.0,153157,153171,153177,153165,153136,153179,1,,-84.0,8.0,92.0,46.0
sel16273,15,neurokit_dwt_ch1,250.0,153373,153390,153398,153384,153354,153398,1,,-76.0,0.0,76.0,38.0
sel16273,16,neurokit_dwt_ch1,250.0,153579,153596,153603,153590,153561,153604,1,,-72.0,4.0,76.0,38.0
sel16273,17,neurokit_dwt_ch1,250.0,153785,153799,153806,153793,153764,153807,1,,-84.0,4.0,88.0,44.0
sel16273,18,neurokit_dwt_ch1,250.0,153993,154006,154013,153999,153969,154013,1,,-96.0,0.0,96.0,48.0
sel16273,19,neurokit_dwt_ch1,250.0,154194,154209,154216,154203,154174,154217,1,,-80.0,4.0,84.0,42.0
sel16273,20,neurokit_dwt_ch1,250.0,154391,154407,154420,154400,154372,154414,1,,-76.0,-24.0,52.0,50.0
sel16273,21,neurokit_dwt_ch1,250.0,154601,154614,154622,154607,154578,154621,1,,-92.0,-4.0,88.0,48.0
sel16273,22,neurokit_dwt_ch1,250.0,154810,154824,154830,154819,154789,154832,1,,-84.0,8.0,92.0,46.0
sel16273,23,neurokit_dwt_ch1,250.0,155009,155025,155033,155019,154990,155033,1,,-76.0,0.0,76.0,38.0
sel16273,24,neurokit_dwt_ch1,250.0,155219,155232,155239,155226,155197,155240,1,,-88.0,4.0,92.0,46.0
sel16273,25,neurokit_dwt_ch1,250.0,155431,155446,155454,155440,155411,155454,1,,-80.0,0.0,80.0,40.0
sel16273,26,neurokit_dwt_ch1,250.0,155639,155655,155662,155649,155620,155663,1,,-76.0,4.0,80.0,40.0
sel16273,27,neurokit_dwt_ch1,250.0,155848,155861,155873,155855,155826,155869,1,,-88.0,-16.0,72.0,52.0
sel16273,28,neurokit_dwt_ch1,250.0,156058,156073,156080,156067,156038,156081,1,,-80.0,4.0,84.0,42.0
sel16273,29,neurokit_dwt_ch1,250.0,156266,156282,156290,156277,156248,156291,1,,-72.0,4.0,76.0,38.0
sel16420,0,neurokit_dwt_ch0,250.0,150286,150296,150306,150295,150253,150307,1,,-132.0,4.0,136.0,68.0
sel16420,1,neurokit_dwt_ch0,250.0,150505,150514,150522,150513,150467,150525,1,,-152.0,12.0,164.0,82.0
sel16420,2,neurokit_dwt_ch0,250.0,150710,150720,150729,150719,150675,150731,1,,-140.0,8.0,148.0,74.0
sel16420,3,neurokit_dwt_ch0,250.0,150918,150926,150930,150925,150904,150937,1,,-56.0,28.0,84.0,42.0
sel16420,4,neurokit_dwt_ch0,250.0,151129,151137,151147,151136,151111,151148,1,,-72.0,4.0,76.0,38.0
sel16420,5,neurokit_dwt_ch0,250.0,151339,151351,151360,151349,151307,151361,1,,-128.0,4.0,132.0,66.0
sel16420,6,neurokit_dwt_ch0,250.0,151544,151555,151565,151554,151508,151566,1,,-144.0,4.0,148.0,74.0
sel16420,7,neurokit_dwt_ch0,250.0,151754,151766,151777,151765,151722,151777,1,,-128.0,0.0,128.0,64.0
sel16420,8,neurokit_dwt_ch0,250.0,151973,151983,151992,151982,151939,151994,1,,-136.0,8.0,144.0,72.0
sel16420,9,neurokit_dwt_ch0,250.0,152181,152190,152199,152189,152161,152201,1,,-80.0,8.0,88.0,44.0
sel16420,10,neurokit_dwt_ch0,250.0,152392,152401,152410,152400,152357,152412,1,,-140.0,8.0,148.0,74.0
sel16420,11,neurokit_dwt_ch0,250.0,152614,152624,152631,152623,152580,152635,1,,-136.0,16.0,152.0,76.0
sel16420,12,neurokit_dwt_ch0,250.0,152827,152835,152844,152834,152789,152846,1,,-152.0,8.0,160.0,80.0
sel16420,13,neurokit_dwt_ch0,250.0,153032,153040,153051,153040,152997,153051,1,,-140.0,0.0,140.0,70.0
sel16420,14,neurokit_dwt_ch0,250.0,153247,153256,153268,153255,153212,153267,1,,-140.0,-4.0,136.0,72.0
sel16420,15,neurokit_dwt_ch0,250.0,153468,153479,153489,153477,153433,153489,1,,-140.0,0.0,140.0,70.0
sel16420,16,neurokit_dwt_ch0,250.0,153677,153687,153699,153686,153642,153698,1,,-140.0,-4.0,136.0,72.0
sel16420,17,neurokit_dwt_ch0,250.0,153889,153898,153910,153897,153871,153909,1,,-72.0,-4.0,68.0,38.0
sel16420,18,neurokit_dwt_ch0,250.0,154102,154113,154124,154112,154088,154124,1,,-56.0,0.0,56.0,28.0
sel16420,19,neurokit_dwt_ch0,250.0,154319,154328,154338,154326,154284,154338,1,,-140.0,0.0,140.0,70.0
sel16420,20,neurokit_dwt_ch0,250.0,154526,154535,154548,154533,154504,154545,1,,-88.0,-12.0,76.0,50.0
sel16420,21,neurokit_dwt_ch0,250.0,154744,154754,154765,154753,154726,154764,1,,-72.0,-4.0,68.0,38.0
sel16420,22,neurokit_dwt_ch0,250.0,154974,154983,154991,154982,154957,154994,1,,-68.0,12.0,80.0,40.0
sel16420,23,neurokit_dwt_ch0,250.0,155192,155201,155214,155200,155159,155212,1,,-132.0,-8.0,124.0,70.0
sel16420,24,neurokit_dwt_ch0,250.0,155413,155421,155432,155420,155378,155432,1,,-140.0,0.0,140.0,70.0
sel16420,25,neurokit_dwt_ch0,250.0,155639,155647,155657,155646,155605,155658,1,,-136.0,4.0,140.0,70.0
sel16420,26,neurokit_dwt_ch0,250.0,155853,155865,155874,155863,155822,155875,1,,-124.0,4.0,128.0,64.0
sel16420,27,neurokit_dwt_ch0,250.0,156063,156073,156083,156072,156029,156084,1,,-136.0,4.0,140.0,70.0
sel16420,28,neurokit_dwt_ch0,250.0,156277,156287,156298,156286,156260,156298,1,,-68.0,0.0,68.0,34.0
sel16420,29,neurokit_dwt_ch0,250.0,156493,156506,156519,156506,156463,156518,1,,-120.0,-4.0,116.0,62.0
sel16420,0,neurokit_dwt_ch1,250.0,150286,150296,150306,150290,150271,150305,1,,-60.0,-4.0,56.0,32.0
sel16420,1,neurokit_dwt_ch1,250.0,150505,150514,150522,150507,150485,150523,1,,-80.0,4.0,84.0,42.0
sel16420,2,neurokit_dwt_ch1,250.0,150710,150720,150729,150714,150675,150728,1,,-140.0,-4.0,136.0,72.0
sel16420,3,neurokit_dwt_ch1,250.0,150918,150926,150930,150920,150882,150935,1,,-144.0,20.0,164.0,82.0
sel16420,4,neurokit_dwt_ch1,250.0,151129,151137,151147,151131,151092,151146,1,,-148.0,-4.0,144.0,76.0
sel16420,5,neurokit_dwt_ch1,250.0,151339,151351,151360,151344,151306,151359,1,,-132.0,-4.0,128.0,68.0
sel16420,6,neurokit_dwt_ch1,250.0,151544,151555,151565,151549,151528,151564,1,,-64.0,-4.0,60.0,34.0
sel16420,7,neurokit_dwt_ch1,250.0,151754,151766,151777,151760,151721,151775,1,,-132.0,-8.0,124.0,70.0
sel16420,8,neurokit_dwt_ch1,250.0,151973,151983,151992,151977,151930,151992,1,,-172.0,0.0,172.0,86.0
sel16420,9,neurokit_dwt_ch1,250.0,152181,152190,152199,152184,152145,152199,1,,-144.0,0.0,144.0,72.0
sel16420,10,neurokit_dwt_ch1,250.0,152392,152401,152410,152395,152355,152411,1,,-148.0,4.0,152.0,76.0
sel16420,11,neurokit_dwt_ch1,250.0,152614,152624,152631,152617,152605,152633,1,,-36.0,8.0,44.0,22.0
sel16420,12,neurokit_dwt_ch1,250.0,152827,152835,152844,152829,152789,152843,1,,-152.0,-4.0,148.0,78.0
sel16420,13,neurokit_dwt_ch1,250.0,153032,153040,153051,153034,152997,153049,1,,-140.0,-8.0,132.0,74.0
sel16420,14,neurokit_dwt_ch1,250.0,153247,153256,153268,153249,153232,153265,1,,-60.0,-12.0,48.0,36.0
sel16420,15,neurokit_dwt_ch1,250.0,153468,153479,153489,153472,153459,153487,1,,-36.0,-8.0,28.0,22.0
sel16420,16,neurokit_dwt_ch1,250.0,153677,153687,153699,153681,153642,153696,1,,-140.0,-12.0,128.0,76.0
sel16420,17,neurokit_dwt_ch1,250.0,153889,153898,153910,153892,153854,153907,1,,-140.0,-12.0,128.0,76.0
sel16420,18,neurokit_dwt_ch1,250.0,154102,154113,154124,154107,154069,154122,1,,-132.0,-8.0,124.0,70.0
sel16420,19,neurokit_dwt_ch1,250.0,154319,154328,154338,154322,154282,154336,1,,-148.0,-8.0,140.0,78.0
sel16420,20,neurokit_dwt_ch1,250.0,154526,154535,154548,154528,154489,154543,1,,-148.0,-20.0,128.0,84.0
sel16420,21,neurokit_dwt_ch1,250.0,154744,154754,154765,154747,154734,154763,1,,-40.0,-8.0,32.0,24.0
sel16420,22,neurokit_dwt_ch1,250.0,154974,154983,154991,154977,154966,154992,1,,-32.0,4.0,36.0,18.0
sel16420,23,neurokit_dwt_ch1,250.0,155192,155201,155214,155195,155177,155209,1,,-60.0,-20.0,40.0,40.0
sel16420,24,neurokit_dwt_ch1,250.0,155413,155421,155432,155415,155396,155430,1,,-68.0,-8.0,60.0,38.0
sel16420,25,neurokit_dwt_ch1,250.0,155639,155647,155657,155640,155603,155656,1,,-144.0,-4.0,140.0,74.0
sel16420,26,neurokit_dwt_ch1,250.0,155853,155865,155874,155858,155821,155873,1,,-128.0,-4.0,124.0,66.0
sel16420,27,neurokit_dwt_ch1,250.0,156063,156073,156083,156067,156027,156082,1,,-144.0,-4.0,140.0,74.0
sel16420,28,neurokit_dwt_ch1,250.0,156277,156287,156298,156281,156263,156296,1,,-56.0,-8.0,48.0,32.0
sel16420,29,neurokit_dwt_ch1,250.0,156493,156506,156519,156501,156462,156516,1,,-124.0,-12.0,112.0,68.0
sel16483,0,neurokit_dwt_ch0,250.0,150294,150308,150319,150304,150293,150318,1,,-4.0,-4.0,0.0,4.0
sel16483,1,neurokit_dwt_ch0,250.0,150496,150512,150521,150508,150497,150522,1,,4.0,4.0,0.0,4.0
sel16483,2,neurokit_dwt_ch0,250.0,150700,150715,150725,150712,150700,150725,1,,0.0,0.0,0.0,0.0
sel16483,3,neurokit_dwt_ch0,250.0,150902,150915,150925,150913,150901,150926,1,,-4.0,4.0,8.0,4.0
sel16483,4,neurokit_dwt_ch0,250.0,151106,151119,151128,151116,151104,151129,1,,-8.0,4.0,12.0,6.0
sel16483,5,neurokit_dwt_ch0,250.0,151309,151324,151334,151321,151309,151334,1,,0.0,0.0,0.0,0.0
sel16483,6,neurokit_dwt_ch0,250.0,151514,151526,151537,151523,151512,151537,1,,-8.0,0.0,8.0,4.0
sel16483,7,neurokit_dwt_ch0,250.0,151716,151728,151741,151725,151713,151738,1,,-12.0,-12.0,0.0,12.0
sel16483,8,neurokit_dwt_ch0,250.0,151918,151930,151946,151928,151917,151941,1,,-4.0,-20.0,-16.0,12.0
sel16483,9,neurokit_dwt_ch0,250.0,152119,152134,152142,152131,152120,152144,1,,4.0,8.0,4.0,6.0
sel16483,10,neurokit_dwt_ch0,250.0,152323,152337,152346,152334,152322,152347,1,,-4.0,4.0,8.0,4.0
sel16483,11,neurokit_dwt_ch0,250.0,152530,152538,152554,152535,152524,152549,1,,-24.0,-20.0,4.0,22.0
sel16483,12,neurokit_dwt_ch0,250.0,152720,152737,152747,152735,152723,152748,1,,12.0,4.0,-8.0,8.0
sel16483,13,neurokit_dwt_ch0,250.0,152922,152936,152947,152933,152922,152947,1,,0.0,0.0,0.0,0.0
sel16483,14,neurokit_dwt_ch0,250.0,153121,153136,153146,153132,153121,153146,1,,0.0,0.0,0.0,0.0
sel16483,15,neurokit_dwt_ch0,250.0,153318,153334,153343,153331,153320,153345,1,,8.0,8.0,0.0,8.0
sel16483,16,neurokit_dwt_ch0,250.0,153517,153532,153541,153529,153518,153543,1,,4.0,8.0,4.0,6.0
sel16483,17,neurokit_dwt_ch0,250.0,153717,153731,153740,153729,153717,153742,1,,0.0,8.0,8.0,4.0
sel16483,18,neurokit_dwt_ch0,250.0,153915,153931,153940,153929,153917,153942,1,,8.0,8.0,0.0,8.0
sel16483,19,neurokit_dwt_ch0,250.0,154118,154134,154144,154131,154119,154145,1,,4.0,4.0,0.0,4.0
sel16483,20,neurokit_dwt_ch0,250.0,154324,154337,154346,154334,154323,154348,1,,-4.0,8.0,12.0,6.0
sel16483,21,neurokit_dwt_ch0,250.0,154525,154538,154546,154536,154524,154548,1,,-4.0,8.0,12.0,6.0
sel16483,22,neurokit_dwt_ch0,250.0,154725,154745,154755,154741,154730,154755,1,,20.0,0.0,-20.0,10.0
sel16483,23,neurokit_dwt_ch0,250.0,154932,154948,154958,154945,154933,154958,1,,4.0,0.0,-4.0,2.0
sel16483,24,neurokit_dwt_ch0,250.0,155136,155150,155159,155147,155136,155160,1,,0.0,4.0,4.0,2.0
sel16483,25,neurokit_dwt_ch0,250.0,155339,155352,155363,155349,155337,155362,1,,-8.0,-4.0,4.0,6.0
sel16483,26,neurokit_dwt_ch0,250.0,155540,155554,155566,155552,155540,155565,1,,0.0,-4.0,-4.0,2.0
sel16483,27,neurokit_dwt_ch0,250.0,155749,155762,155772,155760,155748,155773,1,,-4.0,4.0,8.0,4.0
sel16483,28,neurokit_dwt_ch0,250.0,155968,155982,155996,155979,155968,155993,1,,0.0,-12.0,-12.0,6.0
sel16483,29,neurokit_dwt_ch0,250.0,156179,156193,156207,156190,156179,156204,1,,0.0,-12.0,-12.0,6.0
sel16483,0,neurokit_dwt_ch1,250.0,150294,150308,150319,150303,150268,150319,1,,-104.0,0.0,104.0,52.0
sel16483,1,neurokit_dwt_ch1,250.0,150496,150512,150521,150506,150471,150524,1,,-100.0,12.0,112.0,56.0
sel16483,2,neurokit_dwt_ch1,250.0,150700,150715,150725,150710,150673,150727,1,,-108.0,8.0,116.0,58.0
sel16483,3,neurokit_dwt_ch1,250.0,150902,150915,150925,150911,150875,150928,1,,-108.0,12.0,120.0,60.0
sel16483,4,neurokit_dwt_ch1,250.0,151106,151119,151128,151114,151078,151130,1,,-112.0,8.0,120.0,60.0
sel16483,5,neurokit_dwt_ch1,250.0,151309,151324,151334,151319,151283,151336,1,,-104.0,8.0,112.0,56.0
sel16483,6,neurokit_dwt_ch1,250.0,151514,151526,151537,151522,151486,151538,1,,-112.0,4.0,116.0,58.0
sel16483,7,neurokit_dwt_ch1,250.0,151716,151728,151741,151723,151688,151740,1,,-112.0,-4.0,108.0,58.0
sel16483,8,neurokit_dwt_ch1,250.0,151918,151930,151946,151927,151891,151943,1,,-108.0,-12.0,96.0,60.0
sel16483,9,neurokit_dwt_ch1,250.0,152119,152134,152142,152130,152093,152146,1,,-104.0,16.0,120.0,60.0
sel16483,10,neurokit_dwt_ch1,250.0,152323,152337,152346,152332,152287,152349,1,,-144.0,12.0,156.0,78.0
sel16483,11,neurokit_dwt_ch1,250.0,152530,152538,152554,152533,152498,152550,1,,-128.0,-16.0,112.0,72.0
sel16483,12,neurokit_dwt_ch1,250.0,152720,152737,152747,152733,152697,152749,1,,-92.0,8.0,100.0,50.0
sel16483,13,neurokit_dwt_ch1,250.0,152922,152936,152947,152932,152894,152948,1,,-112.0,4.0,116.0,58.0
sel16483,14,neurokit_dwt_ch1,250.0,153121,153136,153146,153131,153096,153148,1,,-100.0,8.0,108.0,54.0
sel16483,15,neurokit_dwt_ch1,250.0,153318,153334,153343,153329,153284,153347,1,,-136.0,16.0,152.0,76.0
sel16483,16,neurokit_dwt_ch1,250.0,153517,153532,153541,153528,153482,153544,1,,-140.0,12.0,152.0,76.0
sel16483,17,neurokit_dwt_ch1,250.0,153717,153731,153740,153727,153689,153744,1,,-112.0,16.0,128.0,64.0
sel16483,18,neurokit_dwt_ch1,250.0,153915,153931,153940,153927,153890,153944,1,,-100.0,16.0,116.0,58.0
sel16483,19,neurokit_dwt_ch1,250.0,154118,154134,154144,154130,154093,154147,1,,-100.0,12.0,112.0,56.0
sel16483,20,neurokit_dwt_ch1,250.0,154324,154337,154346,154333,154296,154349,1,,-112.0,12.0,124.0,62.0
sel16483,21,neurokit_dwt_ch1,250.0,154525,154538,154546,154534,154498,154550,1,,-108.0,16.0,124.0,62.0
sel16483,22,neurokit_dwt_ch1,250.0,154725,154745,154755,154740,154703,154756,1,,-88.0,4.0,92.0,46.0
sel16483,23,neurokit_dwt_ch1,250.0,154932,154948,154958,154944,154907,154960,1,,-100.0,8.0,108.0,54.0
sel16483,24,neurokit_dwt_ch1,250.0,155136,155150,155159,155145,155110,155162,1,,-104.0,12.0,116.0,58.0
sel16483,25,neurokit_dwt_ch1,250.0,155339,155352,155363,155347,155310,155364,1,,-116.0,4.0,120.0,60.0
sel16483,26,neurokit_dwt_ch1,250.0,155540,155554,155566,155550,155514,155566,1,,-104.0,0.0,104.0,52.0
sel16483,27,neurokit_dwt_ch1,250.0,155749,155762,155772,155759,155711,155775,1,,-152.0,12.0,164.0,82.0
sel16483,28,neurokit_dwt_ch1,250.0,155968,155982,155996,155978,155933,155994,1,,-140.0,-8.0,132.0,74.0
sel16483,29,neurokit_dwt_ch1,250.0,156179,156193,156207,156188,156142,156206,1,,-148.0,-4.0,144.0,76.0
sel16786,0,neurokit_dwt_ch0,250.0,150354,150370,150376,,,,0,missing_dwt_boundary,,,,160.0
sel16786,1,neurokit_dwt_ch0,250.0,150590,150605,150610,,,,0,missing_dwt_boundary,,,,160.0
sel16786,2,neurokit_dwt_ch0,250.0,150839,150854,150860,,,,0,missing_dwt_boundary,,,,160.0
sel16786,3,neurokit_dwt_ch0,250.0,151096,151110,151114,,,,0,missing_dwt_boundary,,,,160.0
sel16786,4,neurokit_dwt_ch0,250.0,151349,151363,151368,151362,151349,151383,1,,0.0,60.0,60.0,30.0
sel16786,5,neurokit_dwt_ch0,250.0,151585,151601,151608,,,,0,missing_dwt_boundary,,,,160.0
sel16786,6,neurokit_dwt_ch0,250.0,151811,151826,151832,151825,151812,151854,1,,4.0,88.0,84.0,46.0
sel16786,7,neurokit_dwt_ch0,250.0,152050,152064,152069,,,,0,missing_dwt_boundary,,,,160.0
sel16786,8,neurokit_dwt_ch0,250.0,152297,152311,152319,,,,0,missing_dwt_boundary,,,,160.0
sel16786,9,neurokit_dwt_ch0,250.0,152537,152548,152556,,,,0,missing_dwt_boundary,,,,160.0
sel16786,10,neurokit_dwt_ch0,250.0,152760,152775,152780,,,,0,missing_dwt_boundary,,,,160.0
sel16786,11,neurokit_dwt_ch0,250.0,153012,153021,153027,,,,0,missing_dwt_boundary,,,,160.0
sel16786,12,neurokit_dwt_ch0,250.0,153263,153280,153285,153279,153266,153306,1,,12.0,84.0,72.0,48.0
sel16786,13,neurokit_dwt_ch0,250.0,153519,153533,153538,,,,0,missing_dwt_boundary,,,,160.0
sel16786,14,neurokit_dwt_ch0,250.0,153760,153772,153776,,,,0,missing_dwt_boundary,,,,160.0
sel16786,15,neurokit_dwt_ch0,250.0,154011,154027,154033,,,,0,missing_dwt_boundary,,,,160.0
sel16786,16,neurokit_dwt_ch0,250.0,154268,154282,154285,,,,0,missing_dwt_boundary,,,,160.0
sel16786,17,neurokit_dwt_ch0,250.0,154506,154521,154526,,,,0,missing_dwt_boundary,,,,160.0
sel16786,18,neurokit_dwt_ch0,250.0,154742,154758,154761,,,,0,missing_dwt_boundary,,,,160.0
sel16786,19,neurokit_dwt_ch0,250.0,154986,155001,155007,,,,0,missing_dwt_boundary,,,,160.0
sel16786,20,neurokit_dwt_ch0,250.0,155226,155241,155256,,,,0,missing_dwt_boundary,,,,160.0
sel16786,21,neurokit_dwt_ch0,250.0,155455,155471,155479,155469,155457,155495,1,,8.0,64.0,56.0,36.0
sel16786,22,neurokit_dwt_ch0,250.0,155681,155698,155701,155696,155683,155720,1,,8.0,76.0,68.0,42.0
sel16786,23,neurokit_dwt_ch0,250.0,155918,155934,155942,155932,155920,155952,1,,8.0,40.0,32.0,24.0
sel16786,24,neurokit_dwt_ch0,250.0,156167,156179,156188,,,,0,missing_dwt_boundary,,,,160.0
sel16786,25,neurokit_dwt_ch0,250.0,156401,156420,156425,156418,156405,156429,1,,16.0,16.0,0.0,16.0
sel16786,26,neurokit_dwt_ch0,250.0,156636,156651,156656,,,,0,missing_dwt_boundary,,,,160.0
sel16786,27,neurokit_dwt_ch0,250.0,156887,156904,156913,156902,156889,156921,1,,8.0,32.0,24.0,20.0
sel16786,28,neurokit_dwt_ch0,250.0,157130,157147,157150,,,,0,missing_dwt_boundary,,,,160.0
sel16786,29,neurokit_dwt_ch0,250.0,157378,157393,157398,157391,157379,157423,1,,4.0,100.0,96.0,52.0
sel16786,0,neurokit_dwt_ch1,250.0,150354,150370,150376,150359,150344,150376,1,,-40.0,0.0,40.0,20.0
sel16786,1,neurokit_dwt_ch1,250.0,150590,150605,150610,150594,150564,150610,1,,-104.0,0.0,104.0,52.0
sel16786,2,neurokit_dwt_ch1,250.0,150839,150854,150860,150843,150798,150860,1,,-164.0,0.0,164.0,82.0
sel16786,3,neurokit_dwt_ch1,250.0,151096,151110,151114,151099,151054,151116,1,,-168.0,8.0,176.0,88.0
sel16786,4,neurokit_dwt_ch1,250.0,151349,151363,151368,151352,151338,151369,1,,-44.0,4.0,48.0,24.0
sel16786,5,neurokit_dwt_ch1,250.0,151585,151601,151608,151590,151578,151607,1,,-28.0,-4.0,24.0,16.0
sel16786,6,neurokit_dwt_ch1,250.0,151811,151826,151832,151815,151791,151832,1,,-80.0,0.0,80.0,40.0
sel16786,7,neurokit_dwt_ch1,250.0,152050,152064,152069,152053,152010,152070,1,,-160.0,4.0,164.0,82.0
sel16786,8,neurokit_dwt_ch1,250.0,152297,152311,152319,152301,152274,152318,1,,-92.0,-4.0,88.0,48.0
sel16786,9,neurokit_dwt_ch1,250.0,152537,152548,152556,152538,152509,152555,1,,-112.0,-4.0,108.0,58.0
sel16786,10,neurokit_dwt_ch1,250.0,152760,152775,152780,152764,152721,152781,1,,-156.0,4.0,160.0,80.0
sel16786,11,neurokit_dwt_ch1,250.0,153012,153021,153027,153010,152967,153026,1,,-180.0,-4.0,176.0,92.0
sel16786,12,neurokit_dwt_ch1,250.0,153263,153280,153285,153269,153243,153286,1,,-80.0,4.0,84.0,42.0
sel16786,13,neurokit_dwt_ch1,250.0,153519,153533,153538,153522,153478,153540,1,,-164.0,8.0,172.0,86.0
sel16786,14,neurokit_dwt_ch1,250.0,153760,153772,153776,153762,153733,153778,1,,-108.0,8.0,116.0,58.0
sel16786,15,neurokit_dwt_ch1,250.0,154011,154027,154033,154016,153976,154033,1,,-140.0,0.0,140.0,70.0
sel16786,16,neurokit_dwt_ch1,250.0,154268,154282,154285,154271,154244,154288,1,,-96.0,12.0,108.0,54.0
sel16786,17,neurokit_dwt_ch1,250.0,154506,154521,154526,154510,154497,154528,1,,-36.0,8.0,44.0,22.0
sel16786,18,neurokit_dwt_ch1,250.0,154742,154758,154761,154747,154721,154763,1,,-84.0,8.0,92.0,46.0
sel16786,19,neurokit_dwt_ch1,250.0,154986,155001,155007,154990,154968,155007,1,,-72.0,0.0,72.0,36.0
sel16786,20,neurokit_dwt_ch1,250.0,155226,155241,155256,155230,155189,155248,1,,-148.0,-32.0,116.0,90.0
sel16786,21,neurokit_dwt_ch1,250.0,155455,155471,155479,155460,155432,155477,1,,-92.0,-8.0,84.0,50.0
sel16786,22,neurokit_dwt_ch1,250.0,155681,155698,155701,,,,0,unmatched_r_peak,,,,160.0
sel16786,23,neurokit_dwt_ch1,250.0,155918,155934,155942,155923,155908,155939,1,,-40.0,-12.0,28.0,26.0
sel16786,24,neurokit_dwt_ch1,250.0,156167,156179,156188,156168,156120,156185,1,,-188.0,-12.0,176.0,100.0
sel16786,25,neurokit_dwt_ch1,250.0,156401,156420,156425,156409,156377,156426,1,,-96.0,4.0,100.0,50.0
sel16786,26,neurokit_dwt_ch1,250.0,156636,156651,156656,156640,156612,156657,1,,-96.0,4.0,100.0,50.0
sel16786,27,neurokit_dwt_ch1,250.0,156887,156904,156913,,,,0,unmatched_r_peak,,,,160.0
sel16786,28,neurokit_dwt_ch1,250.0,157130,157147,157150,157136,157125,157153,1,,-20.0,12.0,32.0,16.0
sel16786,29,neurokit_dwt_ch1,250.0,157378,157393,157398,157382,157341,157399,1,,-148.0,4.0,152.0,76.0
sel16795,0,neurokit_dwt_ch0,250.0,150527,150540,150552,150537,150504,150553,1,,-92.0,4.0,96.0,48.0
sel16795,1,neurokit_dwt_ch0,250.0,150783,150795,150809,150792,150757,150808,1,,-104.0,-4.0,100.0,54.0
sel16795,2,neurokit_dwt_ch0,250.0,151097,151110,151121,151106,151072,151121,1,,-100.0,0.0,100.0,50.0
sel16795,3,neurokit_dwt_ch0,250.0,151413,151426,151440,151422,151389,151437,1,,-96.0,-12.0,84.0,54.0
sel16795,4,neurokit_dwt_ch0,250.0,151721,151735,151744,151730,151698,151747,1,,-92.0,12.0,104.0,52.0
sel16795,5,neurokit_dwt_ch0,250.0,152012,152024,152035,152020,151988,152036,1,,-96.0,4.0,100.0,50.0
sel16795,6,neurokit_dwt_ch0,250.0,152310,152323,152338,152319,152285,152335,1,,-100.0,-12.0,88.0,56.0
sel16795,7,neurokit_dwt_ch0,250.0,152624,152636,152647,152632,152599,152648,1,,-100.0,4.0,104.0,52.0
sel16795,8,neurokit_dwt_ch0,250.0,152929,152942,152954,152938,152906,152954,1,,-92.0,0.0,92.0,46.0
sel16795,9,neurokit_dwt_ch0,250.0,153206,153218,153232,153214,153181,153230,1,,-100.0,-8.0,92.0,54.0
sel16795,10,neurokit_dwt_ch0,250.0,153492,153506,153517,153502,153469,153518,1,,-92.0,4.0,96.0,48.0
sel16795,11,neurokit_dwt_ch0,250.0,153800,153812,153824,153808,153774,153824,1,,-104.0,0.0,104.0,52.0
sel16795,12,neurokit_dwt_ch0,250.0,154101,154115,154126,154111,154079,154128,1,,-88.0,8.0,96.0,48.0
sel16795,13,neurokit_dwt_ch0,250.0,154387,154396,154405,154392,154359,154408,1,,-112.0,12.0,124.0,62.0
sel16795,14,neurokit_dwt_ch0,250.0,154692,154705,154712,154701,154668,154717,1,,-96.0,20.0,116.0,58.0
sel16795,15,neurokit_dwt_ch0,250.0,155012,155024,155036,155021,154987,155036,1,,-100.0,0.0,100.0,50.0
sel16795,16,neurokit_dwt_ch0,250.0,155326,155335,155349,155331,155299,155347,1,,-108.0,-8.0,100.0,58.0
sel16795,17,neurokit_dwt_ch0,250.0,155612,155623,155636,155619,155586,155636,1,,-104.0,0.0,104.0,52.0
sel16795,18,neurokit_dwt_ch0,250.0,155909,155924,155937,155920,155888,155936,1,,-84.0,-4.0,80.0,44.0
sel16795,19,neurokit_dwt_ch0,250.0,156228,156239,156255,156235,156203,156251,1,,-100.0,-16.0,84.0,58.0
sel16795,20,neurokit_dwt_ch0,250.0,156537,156550,156563,156546,156513,156562,1,,-96.0,-4.0,92.0,50.0
sel16795,21,neurokit_dwt_ch0,250.0,156824,156838,156852,156834,156801,156850,1,,-92.0,-8.0,84.0,50.0
sel16795,22,neurokit_dwt_ch0,250.0,157130,157143,157154,157139,157106,157155,1,,-96.0,4.0,100.0,50.0
sel16795,23,neurokit_dwt_ch0,250.0,157449,157463,157473,157459,157426,157475,1,,-92.0,8.0,100.0,50.0
sel16795,24,neurokit_dwt_ch0,250.0,157760,157774,157783,157769,157736,157786,1,,-96.0,12.0,108.0,54.0
sel16795,25,neurokit_dwt_ch0,250.0,158042,158059,158071,158056,158023,158072,1,,-76.0,4.0,80.0,40.0
sel16795,26,neurokit_dwt_ch0,250.0,158357,158371,158381,158367,158333,158383,1,,-96.0,8.0,104.0,52.0
sel16795,27,neurokit_dwt_ch0,250.0,158666,158681,158691,158677,158643,158693,1,,-92.0,8.0,100.0,50.0
sel16795,28,neurokit_dwt_ch0,250.0,158967,158983,159000,158979,158945,158995,1,,-88.0,-20.0,68.0,54.0
sel16795,29,neurokit_dwt_ch0,250.0,159247,159256,159267,159251,159219,159268,1,,-112.0,4.0,116.0,58.0
sel16795,0,neurokit_dwt_ch1,250.0,150527,150540,150552,150535,150502,150553,1,,-100.0,4.0,104.0,52.0
sel16795,1,neurokit_dwt_ch1,250.0,150783,150795,150809,150789,150757,150808,1,,-104.0,-4.0,100.0,54.0
sel16795,2,neurokit_dwt_ch1,250.0,151097,151110,151121,151103,151072,151122,1,,-100.0,4.0,104.0,52.0
sel16795,3,neurokit_dwt_ch1,250.0,151413,151426,151440,151419,151387,151438,1,,-104.0,-8.0,96.0,56.0
sel16795,4,neurokit_dwt_ch1,250.0,151721,151735,151744,151728,151697,151747,1,,-96.0,12.0,108.0,54.0
sel16795,5,neurokit_dwt_ch1,250.0,152012,152024,152035,152018,151986,152037,1,,-104.0,8.0,112.0,56.0
sel16795,6,neurokit_dwt_ch1,250.0,152310,152323,152338,152317,152296,152335,1,,-56.0,-12.0,44.0,34.0
sel16795,7,neurokit_dwt_ch1,250.0,152624,152636,152647,152630,152599,152648,1,,-100.0,4.0,104.0,52.0
sel16795,8,neurokit_dwt_ch1,250.0,152929,152942,152954,152936,152904,152954,1,,-100.0,0.0,100.0,50.0
sel16795,9,neurokit_dwt_ch1,250.0,153206,153218,153232,153212,153180,153231,1,,-104.0,-4.0,100.0,54.0
sel16795,10,neurokit_dwt_ch1,250.0,153492,153506,153517,153500,153468,153518,1,,-96.0,4.0,100.0,50.0
sel16795,11,neurokit_dwt_ch1,250.0,153800,153812,153824,153806,153774,153824,1,,-104.0,0.0,104.0,52.0
sel16795,12,neurokit_dwt_ch1,250.0,154101,154115,154126,154109,154077,154128,1,,-96.0,8.0,104.0,52.0
sel16795,13,neurokit_dwt_ch1,250.0,154387,154396,154405,154390,154357,154409,1,,-120.0,16.0,136.0,68.0
sel16795,14,neurokit_dwt_ch1,250.0,154692,154705,154712,154699,154667,154717,1,,-100.0,20.0,120.0,60.0
sel16795,15,neurokit_dwt_ch1,250.0,155012,155024,155036,155018,154998,155037,1,,-56.0,4.0,60.0,30.0
sel16795,16,neurokit_dwt_ch1,250.0,155326,155335,155349,155329,155297,155348,1,,-116.0,-4.0,112.0,60.0
sel16795,17,neurokit_dwt_ch1,250.0,155612,155623,155636,155617,155585,155636,1,,-108.0,0.0,108.0,54.0
sel16795,18,neurokit_dwt_ch1,250.0,155909,155924,155937,155918,155887,155936,1,,-88.0,-4.0,84.0,46.0
sel16795,19,neurokit_dwt_ch1,250.0,156228,156239,156255,156233,156201,156251,1,,-108.0,-16.0,92.0,62.0
sel16795,20,neurokit_dwt_ch1,250.0,156537,156550,156563,156544,156512,156563,1,,-100.0,0.0,100.0,50.0
sel16795,21,neurokit_dwt_ch1,250.0,156824,156838,156852,156832,156800,156851,1,,-96.0,-4.0,92.0,50.0
sel16795,22,neurokit_dwt_ch1,250.0,157130,157143,157154,157137,157105,157155,1,,-100.0,4.0,104.0,52.0
sel16795,23,neurokit_dwt_ch1,250.0,157449,157463,157473,157457,157426,157475,1,,-92.0,8.0,100.0,50.0
sel16795,24,neurokit_dwt_ch1,250.0,157760,157774,157783,157767,157735,157786,1,,-100.0,12.0,112.0,56.0
sel16795,25,neurokit_dwt_ch1,250.0,158042,158059,158071,158054,158022,158072,1,,-80.0,4.0,84.0,42.0
sel16795,26,neurokit_dwt_ch1,250.0,158357,158371,158381,158365,158332,158384,1,,-100.0,12.0,112.0,56.0
sel16795,27,neurokit_dwt_ch1,250.0,158666,158681,158691,158675,158642,158693,1,,-96.0,8.0,104.0,52.0
sel16795,28,neurokit_dwt_ch1,250.0,158967,158983,159000,158977,158945,158995,1,,-88.0,-20.0,68.0,54.0
sel16795,29,neurokit_dwt_ch1,250.0,159247,159256,159267,159249,159218,159268,1,,-116.0,4.0,120.0,60.0
sel17152,0,neurokit_dwt_ch0,250.0,150162,150173,150185,150175,150145,150195,1,,-68.0,40.0,108.0,54.0
sel17152,1,neurokit_dwt_ch0,250.0,150298,150310,150323,150311,150282,150325,1,,-64.0,8.0,72.0,36.0
sel17152,2,neurokit_dwt_ch0,250.0,150435,150447,150458,150447,150417,150460,1,,-72.0,8.0,80.0,40.0
sel17152,3,neurokit_dwt_ch0,250.0,150571,150582,150593,150583,150554,150599,1,,-68.0,24.0,92.0,46.0
sel17152,4,neurokit_dwt_ch0,250.0,150708,150720,150731,150721,150691,150742,1,,-68.0,44.0,112.0,56.0
sel17152,5,neurokit_dwt_ch0,250.0,150840,150855,150867,150856,150826,150868,1,,-56.0,4.0,60.0,30.0
sel17152,6,neurokit_dwt_ch0,250.0,150982,150992,151003,150993,150963,151013,1,,-76.0,40.0,116.0,58.0
sel17152,7,neurokit_dwt_ch0,250.0,151117,151128,151139,151129,151100,151144,1,,-68.0,20.0,88.0,44.0
sel17152,8,neurokit_dwt_ch0,250.0,151253,151263,151276,151265,151235,151284,1,,-72.0,32.0,104.0,52.0
sel17152,9,neurokit_dwt_ch0,250.0,151389,151400,151412,151401,151372,151414,1,,-68.0,8.0,76.0,38.0
sel17152,10,neurokit_dwt_ch0,250.0,151523,151535,151550,151536,151507,151554,1,,-64.0,16.0,80.0,40.0
sel17152,11,neurokit_dwt_ch0,250.0,151661,151671,151684,151673,151644,151693,1,,-68.0,36.0,104.0,52.0
sel17152,12,neurokit_dwt_ch0,250.0,151797,151808,151818,151809,151779,151833,1,,-72.0,60.0,132.0,66.0
sel17152,13,neurokit_dwt_ch0,250.0,151933,151945,151956,151945,151927,151959,1,,-24.0,12.0,36.0,18.0
sel17152,14,neurokit_dwt_ch0,250.0,152068,152082,152095,152082,152053,152099,1,,-60.0,16.0,76.0,38.0
sel17152,15,neurokit_dwt_ch0,250.0,152207,152218,152229,152218,152189,152234,1,,-72.0,20.0,92.0,46.0
sel17152,16,neurokit_dwt_ch0,250.0,152343,152355,152364,152355,152326,152375,1,,-68.0,44.0,112.0,56.0
sel17152,17,neurokit_dwt_ch0,250.0,152481,152492,152501,152492,152463,152511,1,,-72.0,40.0,112.0,56.0
sel17152,18,neurokit_dwt_ch0,250.0,152618,152628,152639,152630,152600,152647,1,,-72.0,32.0,104.0,52.0
sel17152,19,neurokit_dwt_ch0,250.0,152755,152765,152775,152767,152737,152789,1,,-72.0,56.0,128.0,64.0
sel17152,20,neurokit_dwt_ch0,250.0,152894,152904,152919,152904,152875,152916,1,,-76.0,-12.0,64.0,44.0
sel17152,21,neurokit_dwt_ch0,250.0,153028,153041,153056,153041,153012,153053,1,,-64.0,-12.0,52.0,38.0
sel17152,22,neurokit_dwt_ch0,250.0,153167,153177,153194,153178,153149,153192,1,,-72.0,-8.0,64.0,40.0
sel17152,23,neurokit_dwt_ch0,250.0,153304,153316,153332,153316,153287,153338,1,,-68.0,24.0,92.0,46.0
sel17152,24,neurokit_dwt_ch0,250.0,153441,153453,153468,153453,153423,153474,1,,-72.0,24.0,96.0,48.0
sel17152,25,neurokit_dwt_ch0,250.0,153579,153591,153605,153591,153562,153604,1,,-68.0,-4.0,64.0,36.0
sel17152,26,neurokit_dwt_ch0,250.0,153718,153728,153742,153728,153698,153742,1,,-80.0,0.0,80.0,40.0
sel17152,27,neurokit_dwt_ch0,250.0,153853,153865,153881,153865,153836,153884,1,,-68.0,12.0,80.0,40.0
sel17152,28,neurokit_dwt_ch0,250.0,153994,154003,154021,154004,153975,154022,1,,-76.0,4.0,80.0,40.0
sel17152,29,neurokit_dwt_ch0,250.0,154130,154140,154155,154141,154112,154162,1,,-72.0,28.0,100.0,50.0
sel17152,0,neurokit_dwt_ch1,250.0,150162,150173,150185,,,,0,unmatched_r_peak,,,,160.0
sel17152,1,neurokit_dwt_ch1,250.0,150298,150310,150323,,,,0,unmatched_r_peak,,,,160.0
sel17152,2,neurokit_dwt_ch1,250.0,150435,150447,150458,,,,0,unmatched_r_peak,,,,160.0
sel17152,3,neurokit_dwt_ch1,250.0,150571,150582,150593,,,,0,unmatched_r_peak,,,,160.0
sel17152,4,neurokit_dwt_ch1,250.0,150708,150720,150731,,,,0,unmatched_r_peak,,,,160.0
sel17152,5,neurokit_dwt_ch1,250.0,150840,150855,150867,,,,0,unmatched_r_peak,,,,160.0
sel17152,6,neurokit_dwt_ch1,250.0,150982,150992,151003,,,,0,unmatched_r_peak,,,,160.0
sel17152,7,neurokit_dwt_ch1,250.0,151117,151128,151139,,,,0,unmatched_r_peak,,,,160.0
sel17152,8,neurokit_dwt_ch1,250.0,151253,151263,151276,151255,151246,151274,1,,-28.0,-8.0,20.0,18.0
sel17152,9,neurokit_dwt_ch1,250.0,151389,151400,151412,,,,0,unmatched_r_peak,,,,160.0
sel17152,10,neurokit_dwt_ch1,250.0,151523,151535,151550,,,,0,unmatched_r_peak,,,,160.0
sel17152,11,neurokit_dwt_ch1,250.0,151661,151671,151684,,,,0,unmatched_r_peak,,,,160.0
sel17152,12,neurokit_dwt_ch1,250.0,151797,151808,151818,,,,0,unmatched_r_peak,,,,160.0
sel17152,13,neurokit_dwt_ch1,250.0,151933,151945,151956,,,,0,unmatched_r_peak,,,,160.0
sel17152,14,neurokit_dwt_ch1,250.0,152068,152082,152095,,,,0,unmatched_r_peak,,,,160.0
sel17152,15,neurokit_dwt_ch1,250.0,152207,152218,152229,152207,152197,152229,1,,-40.0,0.0,40.0,20.0
sel17152,16,neurokit_dwt_ch1,250.0,152343,152355,152364,,,,0,unmatched_r_peak,,,,160.0
sel17152,17,neurokit_dwt_ch1,250.0,152481,152492,152501,,,,0,unmatched_r_peak,,,,160.0
sel17152,18,neurokit_dwt_ch1,250.0,152618,152628,152639,,,,0,unmatched_r_peak,,,,160.0
sel17152,19,neurokit_dwt_ch1,250.0,152755,152765,152775,152755,152716,152777,1,,-156.0,8.0,164.0,82.0
sel17152,20,neurokit_dwt_ch1,250.0,152894,152904,152919,,,,0,unmatched_r_peak,,,,160.0
sel17152,21,neurokit_dwt_ch1,250.0,153028,153041,153056,,,,0,unmatched_r_peak,,,,160.0
sel17152,22,neurokit_dwt_ch1,250.0,153167,153177,153194,,,,0,unmatched_r_peak,,,,160.0
sel17152,23,neurokit_dwt_ch1,250.0,153304,153316,153332,,,,0,unmatched_r_peak,,,,160.0
sel17152,24,neurokit_dwt_ch1,250.0,153441,153453,153468,,,,0,unmatched_r_peak,,,,160.0
sel17152,25,neurokit_dwt_ch1,250.0,153579,153591,153605,,,,0,unmatched_r_peak,,,,160.0
sel17152,26,neurokit_dwt_ch1,250.0,153718,153728,153742,,,,0,unmatched_r_peak,,,,160.0
sel17152,27,neurokit_dwt_ch1,250.0,153853,153865,153881,,,,0,unmatched_r_peak,,,,160.0
sel17152,28,neurokit_dwt_ch1,250.0,153994,154003,154021,,,,0,unmatched_r_peak,,,,160.0
sel17152,29,neurokit_dwt_ch1,250.0,154130,154140,154155,,,,0,unmatched_r_peak,,,,160.0
sel17453,0,neurokit_dwt_ch0,250.0,150260,150276,150287,150274,150243,150290,1,,-68.0,12.0,80.0,40.0
sel17453,1,neurokit_dwt_ch0,250.0,150469,150483,150494,150481,150449,150496,1,,-80.0,8.0,88.0,44.0
sel17453,2,neurokit_dwt_ch0,250.0,150709,150721,150734,150719,150687,150734,1,,-88.0,0.0,88.0,44.0
sel17453,3,neurokit_dwt_ch0,250.0,150980,150993,151006,150991,150961,151006,1,,-76.0,0.0,76.0,38.0
sel17453,4,neurokit_dwt_ch0,250.0,151218,151232,151243,151230,151217,151245,1,,-4.0,8.0,12.0,6.0
sel17453,5,neurokit_dwt_ch0,250.0,151458,151468,151481,151469,151438,151484,1,,-80.0,12.0,92.0,46.0
sel17453,6,neurokit_dwt_ch0,250.0,151701,151712,151725,151710,151680,151725,1,,-84.0,0.0,84.0,42.0
sel17453,7,neurokit_dwt_ch0,250.0,151936,151949,151962,151947,151918,151963,1,,-72.0,4.0,76.0,38.0
sel17453,8,neurokit_dwt_ch0,250.0,152155,152169,152181,152167,152136,152183,1,,-76.0,8.0,84.0,42.0
sel17453,9,neurokit_dwt_ch0,250.0,152382,152391,152403,152389,152358,152404,1,,-96.0,4.0,100.0,50.0
sel17453,10,neurokit_dwt_ch0,250.0,152609,152620,152632,152619,152588,152634,1,,-84.0,8.0,92.0,46.0
sel17453,11,neurokit_dwt_ch0,250.0,152820,152837,152852,152835,152804,152850,1,,-64.0,-8.0,56.0,36.0
sel17453,12,neurokit_dwt_ch0,250.0,153040,153053,153065,153051,153021,153066,1,,-76.0,4.0,80.0,40.0
sel17453,13,neurokit_dwt_ch0,250.0,153264,153277,153289,153274,153243,153290,1,,-84.0,4.0,88.0,44.0
sel17453,14,neurokit_dwt_ch0,250.0,153496,153508,153521,153506,153475,153521,1,,-84.0,0.0,84.0,42.0
sel17453,15,neurokit_dwt_ch0,250.0,153708,153721,153732,153719,153688,153734,1,,-80.0,8.0,88.0,44.0
sel17453,16,neurokit_dwt_ch0,250.0,153914,153927,153938,153925,153894,153940,1,,-80.0,8.0,88.0,44.0
sel17453,17,neurokit_dwt_ch0,250.0,154121,154137,154147,154135,154103,154150,1,,-72.0,12.0,84.0,42.0
sel17453,18,neurokit_dwt_ch0,250.0,154339,154352,154363,154350,154318,154366,1,,-84.0,12.0,96.0,48.0
sel17453,19,neurokit_dwt_ch0,250.0,154537,154551,154561,154549,154517,154564,1,,-80.0,12.0,92.0,46.0
sel17453,20,neurokit_dwt_ch0,250.0,154732,154744,154756,154742,154711,154756,1,,-84.0,0.0,84.0,42.0
sel17453,21,neurokit_dwt_ch0,250.0,154940,154951,154973,154949,154918,154964,1,,-88.0,-36.0,52.0,62.0
sel17453,22,neurokit_dwt_ch0,250.0,155155,155169,155186,155167,155136,155183,1,,-76.0,-12.0,64.0,44.0
sel17453,23,neurokit_dwt_ch0,250.0,155387,155399,155411,155396,155365,155412,1,,-88.0,4.0,92.0,46.0
sel17453,24,neurokit_dwt_ch0,250.0,155583,155597,155610,155595,155563,155610,1,,-80.0,0.0,80.0,40.0
sel17453,25,neurokit_dwt_ch0,250.0,155778,155790,155803,155788,155757,155803,1,,-84.0,0.0,84.0,42.0
sel17453,26,neurokit_dwt_ch0,250.0,155991,155998,156010,155996,155965,156011,1,,-104.0,4.0,108.0,54.0
sel17453,27,neurokit_dwt_ch0,250.0,156222,156234,156247,156232,156201,156247,1,,-84.0,0.0,84.0,42.0
sel17453,28,neurokit_dwt_ch0,250.0,156452,156461,156472,156459,156428,156474,1,,-96.0,8.0,104.0,52.0
sel17453,29,neurokit_dwt_ch0,250.0,156679,156693,156706,156691,156659,156705,1,,-80.0,-4.0,76.0,42.0
sel17453,0,neurokit_dwt_ch1,250.0,150260,150276,150287,150271,150241,150287,1,,-76.0,0.0,76.0,38.0
sel17453,1,neurokit_dwt_ch1,250.0,150469,150483,150494,150478,150446,150493,1,,-92.0,-4.0,88.0,48.0
sel17453,2,neurokit_dwt_ch1,250.0,150709,150721,150734,150716,150687,150732,1,,-88.0,-8.0,80.0,48.0
sel17453,3,neurokit_dwt_ch1,250.0,150980,150993,151006,150989,150960,151005,1,,-80.0,-4.0,76.0,42.0
sel17453,4,neurokit_dwt_ch1,250.0,151218,151232,151243,151227,151197,151243,1,,-84.0,0.0,84.0,42.0
sel17453,5,neurokit_dwt_ch1,250.0,151458,151468,151481,151465,151436,151481,1,,-88.0,0.0,88.0,44.0
sel17453,6,neurokit_dwt_ch1,250.0,151701,151712,151725,151707,151678,151723,1,,-92.0,-8.0,84.0,50.0
sel17453,7,neurokit_dwt_ch1,250.0,151936,151949,151962,151944,151914,151960,1,,-88.0,-8.0,80.0,48.0
sel17453,8,neurokit_dwt_ch1,250.0,152155,152169,152181,152164,152135,152180,1,,-80.0,-4.0,76.0,42.0
sel17453,9,neurokit_dwt_ch1,250.0,152382,152391,152403,152386,152357,152401,1,,-100.0,-8.0,92.0,54.0
sel17453,10,neurokit_dwt_ch1,250.0,152609,152620,152632,152616,152586,152631,1,,-92.0,-4.0,88.0,48.0
sel17453,11,neurokit_dwt_ch1,250.0,152820,152837,152852,152833,152803,152848,1,,-68.0,-16.0,52.0,42.0
sel17453,12,neurokit_dwt_ch1,250.0,153040,153053,153065,153048,153019,153064,1,,-84.0,-4.0,80.0,44.0
sel17453,13,neurokit_dwt_ch1,250.0,153264,153277,153289,153271,153241,153288,1,,-92.0,-4.0,88.0,48.0
sel17453,14,neurokit_dwt_ch1,250.0,153496,153508,153521,153503,153472,153519,1,,-96.0,-8.0,88.0,52.0
sel17453,15,neurokit_dwt_ch1,250.0,153708,153721,153732,153716,153687,153732,1,,-84.0,0.0,84.0,42.0
sel17453,16,neurokit_dwt_ch1,250.0,153914,153927,153938,153922,153891,153937,1,,-92.0,-4.0,88.0,48.0
sel17453,17,neurokit_dwt_ch1,250.0,154121,154137,154147,154132,154101,154148,1,,-80.0,4.0,84.0,42.0
sel17453,18,neurokit_dwt_ch1,250.0,154339,154352,154363,154347,154318,154363,1,,-84.0,0.0,84.0,42.0
sel17453,19,neurokit_dwt_ch1,250.0,154537,154551,154561,154547,154515,154562,1,,-88.0,4.0,92.0,46.0
sel17453,20,neurokit_dwt_ch1,250.0,154732,154744,154756,154739,154709,154755,1,,-92.0,-4.0,88.0,48.0
sel17453,21,neurokit_dwt_ch1,250.0,154940,154951,154973,154946,154914,154962,1,,-104.0,-44.0,60.0,74.0
sel17453,22,neurokit_dwt_ch1,250.0,155155,155169,155186,155164,155134,155180,1,,-84.0,-24.0,60.0,54.0
sel17453,23,neurokit_dwt_ch1,250.0,155387,155399,155411,155394,155364,155410,1,,-92.0,-4.0,88.0,48.0
sel17453,24,neurokit_dwt_ch1,250.0,155583,155597,155610,155593,155563,155608,1,,-80.0,-8.0,72.0,44.0
sel17453,25,neurokit_dwt_ch1,250.0,155778,155790,155803,155785,155756,155801,1,,-88.0,-8.0,80.0,48.0
sel17453,26,neurokit_dwt_ch1,250.0,155991,155998,156010,155993,155962,156008,1,,-116.0,-8.0,108.0,62.0
sel17453,27,neurokit_dwt_ch1,250.0,156222,156234,156247,156229,156198,156245,1,,-96.0,-8.0,88.0,52.0
sel17453,28,neurokit_dwt_ch1,250.0,156452,156461,156472,156456,156426,156472,1,,-104.0,0.0,104.0,52.0
sel17453,29,neurokit_dwt_ch1,250.0,156679,156693,156706,156687,156658,156703,1,,-84.0,-12.0,72.0,48.0
sel213,0,neurokit_dwt_ch0,250.0,150194,150215,150220,,,,0,missing_dwt_boundary,,,,160.0
sel213,1,neurokit_dwt_ch0,250.0,150337,150352,150361,,,,0,missing_dwt_boundary,,,,160.0
sel213,2,neurokit_dwt_ch0,250.0,150474,150490,150495,,,,0,missing_dwt_boundary,,,,160.0
sel213,3,neurokit_dwt_ch0,250.0,150614,150629,150636,,,,0,missing_dwt_boundary,,,,160.0
sel213,4,neurokit_dwt_ch0,250.0,150741,150767,150772,,,,0,missing_dwt_boundary,,,,160.0
sel213,5,neurokit_dwt_ch0,250.0,150892,150909,150918,150907,150876,150920,1,,-64.0,8.0,72.0,36.0
sel213,6,neurokit_dwt_ch0,250.0,151027,151043,151050,,,,0,missing_dwt_boundary,,,,160.0
sel213,7,neurokit_dwt_ch0,250.0,151157,151174,151182,,,,0,missing_dwt_boundary,,,,160.0
sel213,8,neurokit_dwt_ch0,250.0,151296,151311,151318,,,,0,missing_dwt_boundary,,,,160.0
sel213,9,neurokit_dwt_ch0,250.0,151431,151446,151459,,,,0,missing_dwt_boundary,,,,160.0
sel213,10,neurokit_dwt_ch0,250.0,151576,151588,151596,,,,0,missing_dwt_boundary,,,,160.0
sel213,11,neurokit_dwt_ch0,250.0,151713,151726,151732,,,,0,missing_dwt_boundary,,,,160.0
sel213,12,neurokit_dwt_ch0,250.0,151853,151866,151872,,,,0,missing_dwt_boundary,,,,160.0
sel213,13,neurokit_dwt_ch0,250.0,151983,152001,152010,,,,0,missing_dwt_boundary,,,,160.0
sel213,14,neurokit_dwt_ch0,250.0,152131,152142,152160,,,,0,missing_dwt_boundary,,,,160.0
sel213,15,neurokit_dwt_ch0,250.0,152259,152274,152281,,,,0,missing_dwt_boundary,,,,160.0
sel213,16,neurokit_dwt_ch0,250.0,152384,152410,152417,,,,0,missing_dwt_boundary,,,,160.0
sel213,17,neurokit_dwt_ch0,250.0,152537,152554,152565,,,,0,missing_dwt_boundary,,,,160.0
sel213,18,neurokit_dwt_ch0,250.0,152667,152694,152702,,,,0,missing_dwt_boundary,,,,160.0
sel213,19,neurokit_dwt_ch0,250.0,153223,153243,153247,,,,0,missing_dwt_boundary,,,,160.0
sel213,20,neurokit_dwt_ch0,250.0,153367,153382,153391,153380,153365,153394,1,,-8.0,12.0,20.0,10.0
sel213,21,neurokit_dwt_ch0,250.0,153498,153513,153521,,,,0,missing_dwt_boundary,,,,160.0
sel213,22,neurokit_dwt_ch0,250.0,153636,153653,153663,,,,0,missing_dwt_boundary,,,,160.0
sel213,23,neurokit_dwt_ch0,250.0,153775,153793,153800,,,,0,missing_dwt_boundary,,,,160.0
sel213,24,neurokit_dwt_ch0,250.0,153916,153930,153935,,,,0,missing_dwt_boundary,,,,160.0
sel213,25,neurokit_dwt_ch0,250.0,155958,155983,155989,,,,0,missing_dwt_boundary,,,,160.0
sel213,26,neurokit_dwt_ch0,250.0,158162,158182,158187,,,,0,missing_dwt_boundary,,,,160.0
sel213,27,neurokit_dwt_ch0,250.0,160359,160386,160392,,,,0,missing_dwt_boundary,,,,160.0
sel213,28,neurokit_dwt_ch0,250.0,189229,189246,189255,,,,0,missing_dwt_boundary,,,,160.0
sel213,29,neurokit_dwt_ch0,250.0,190886,190905,190914,,,,0,missing_dwt_boundary,,,,160.0
sel213,30,neurokit_dwt_ch0,250.0,191163,191180,191186,,,,0,missing_dwt_boundary,,,,160.0
sel213,31,neurokit_dwt_ch0,250.0,191437,191462,191471,,,,0,missing_dwt_boundary,,,,160.0
sel213,32,neurokit_dwt_ch0,250.0,191715,191740,191745,,,,0,missing_dwt_boundary,,,,160.0
sel213,33,neurokit_dwt_ch0,250.0,191997,192016,192022,,,,0,missing_dwt_boundary,,,,160.0
sel213,34,neurokit_dwt_ch0,250.0,192283,192297,192304,,,,0,missing_dwt_boundary,,,,160.0
sel213,35,neurokit_dwt_ch0,250.0,192553,192572,192578,,,,0,missing_dwt_boundary,,,,160.0
sel213,36,neurokit_dwt_ch0,250.0,192836,192854,192865,,,,0,missing_dwt_boundary,,,,160.0
sel213,37,neurokit_dwt_ch0,250.0,193378,193401,193408,,,,0,missing_dwt_boundary,,,,160.0
sel213,38,neurokit_dwt_ch0,250.0,193657,193683,193688,,,,0,missing_dwt_boundary,,,,160.0
sel213,39,neurokit_dwt_ch0,250.0,194205,194230,194235,,,,0,missing_dwt_boundary,,,,160.0
sel213,40,neurokit_dwt_ch0,250.0,194483,194508,194515,,,,0,missing_dwt_boundary,,,,160.0
sel213,41,neurokit_dwt_ch0,250.0,194768,194787,194795,,,,0,missing_dwt_boundary,,,,160.0
sel213,42,neurokit_dwt_ch0,250.0,195050,195072,195075,,,,0,missing_dwt_boundary,,,,160.0
sel213,43,neurokit_dwt_ch0,250.0,195322,195343,195349,,,,0,missing_dwt_boundary,,,,160.0
sel213,44,neurokit_dwt_ch0,250.0,195598,195625,195629,,,,0,missing_dwt_boundary,,,,160.0
sel213,45,neurokit_dwt_ch0,250.0,196419,196450,196454,,,,0,missing_dwt_boundary,,,,160.0
sel213,46,neurokit_dwt_ch0,250.0,196699,196727,196731,,,,0,missing_dwt_boundary,,,,160.0
sel213,47,neurokit_dwt_ch0,250.0,198086,198107,198115,,,,0,missing_dwt_boundary,,,,160.0
sel213,48,neurokit_dwt_ch0,250.0,198631,198659,198663,,,,0,missing_dwt_boundary,,,,160.0
sel213,49,neurokit_dwt_ch0,250.0,199189,199215,199223,,,,0,missing_dwt_boundary,,,,160.0
sel213,50,neurokit_dwt_ch0,250.0,200835,200860,200864,,,,0,missing_dwt_boundary,,,,160.0
sel213,51,neurokit_dwt_ch0,250.0,203039,203068,203075,,,,0,missing_dwt_boundary,,,,160.0
sel213,52,neurokit_dwt_ch0,250.0,203593,203612,203618,,,,0,missing_dwt_boundary,,,,160.0
sel213,53,neurokit_dwt_ch0,250.0,204420,204438,204445,,,,0,missing_dwt_boundary,,,,160.0
sel213,54,neurokit_dwt_ch0,250.0,204696,204714,204717,,,,0,missing_dwt_boundary,,,,160.0
sel213,55,neurokit_dwt_ch0,250.0,206625,206644,206652,,,,0,missing_dwt_boundary,,,,160.0
sel213,56,neurokit_dwt_ch0,250.0,206898,206923,206929,,,,0,missing_dwt_boundary,,,,160.0
sel213,57,neurokit_dwt_ch0,250.0,207457,207482,207487,,,,0,missing_dwt_boundary,,,,160.0
sel213,58,neurokit_dwt_ch0,250.0,207744,207761,207769,,,,0,missing_dwt_boundary,,,,160.0
sel213,59,neurokit_dwt_ch0,250.0,208301,208314,208327,,,,0,missing_dwt_boundary,,,,160.0
sel213,60,neurokit_dwt_ch0,250.0,208561,208584,208590,,,,0,missing_dwt_boundary,,,,160.0
sel213,61,neurokit_dwt_ch0,250.0,208838,208867,208872,,,,0,missing_dwt_boundary,,,,160.0
sel213,62,neurokit_dwt_ch0,250.0,209116,209143,209149,,,,0,missing_dwt_boundary,,,,160.0
sel213,63,neurokit_dwt_ch0,250.0,210789,210810,210815,,,,0,missing_dwt_boundary,,,,160.0
sel213,64,neurokit_dwt_ch0,250.0,214120,214147,214155,,,,0,missing_dwt_boundary,,,,160.0
sel213,65,neurokit_dwt_ch0,250.0,216068,216097,216101,,,,0,missing_dwt_boundary,,,,160.0
sel213,66,neurokit_dwt_ch0,250.0,216627,216657,216660,,,,0,missing_dwt_boundary,,,,160.0
sel213,67,neurokit_dwt_ch0,250.0,219678,219706,219712,,,,0,missing_dwt_boundary,,,,160.0
sel213,68,neurokit_dwt_ch0,250.0,222165,222190,222196,,,,0,missing_dwt_boundary,,,,160.0
sel213,69,neurokit_dwt_ch0,250.0,223538,223566,223572,,,,0,missing_dwt_boundary,,,,160.0
sel213,70,neurokit_dwt_ch0,250.0,224086,224107,224119,,,,0,missing_dwt_boundary,,,,160.0
sel213,0,neurokit_dwt_ch1,250.0,150194,150215,150220,,,,0,unmatched_r_peak,,,,160.0
sel213,1,neurokit_dwt_ch1,250.0,150337,150352,150361,,,,0,missing_dwt_boundary,,,,160.0
sel213,2,neurokit_dwt_ch1,250.0,150474,150490,150495,,,,0,missing_dwt_boundary,,,,160.0
sel213,3,neurokit_dwt_ch1,250.0,150614,150629,150636,,,,0,unmatched_r_peak,,,,160.0
sel213,4,neurokit_dwt_ch1,250.0,150741,150767,150772,,,,0,unmatched_r_peak,,,,160.0
sel213,5,neurokit_dwt_ch1,250.0,150892,150909,150918,,,,0,unmatched_r_peak,,,,160.0
sel213,6,neurokit_dwt_ch1,250.0,151027,151043,151050,,,,0,unmatched_r_peak,,,,160.0
sel213,7,neurokit_dwt_ch1,250.0,151157,151174,151182,,,,0,missing_dwt_boundary,,,,160.0
sel213,8,neurokit_dwt_ch1,250.0,151296,151311,151318,,,,0,unmatched_r_peak,,,,160.0
sel213,9,neurokit_dwt_ch1,250.0,151431,151446,151459,,,,0,missing_dwt_boundary,,,,160.0
sel213,10,neurokit_dwt_ch1,250.0,151576,151588,151596,,,,0,unmatched_r_peak,,,,160.0
sel213,11,neurokit_dwt_ch1,250.0,151713,151726,151732,,,,0,unmatched_r_peak,,,,160.0
sel213,12,neurokit_dwt_ch1,250.0,151853,151866,151872,,,,0,unmatched_r_peak,,,,160.0
sel213,13,neurokit_dwt_ch1,250.0,151983,152001,152010,,,,0,missing_dwt_boundary,,,,160.0
sel213,14,neurokit_dwt_ch1,250.0,152131,152142,152160,,,,0,unmatched_r_peak,,,,160.0
sel213,15,neurokit_dwt_ch1,250.0,152259,152274,152281,,,,0,unmatched_r_peak,,,,160.0
sel213,16,neurokit_dwt_ch1,250.0,152384,152410,152417,,,,0,unmatched_r_peak,,,,160.0
sel213,17,neurokit_dwt_ch1,250.0,152537,152554,152565,,,,0,unmatched_r_peak,,,,160.0
sel213,18,neurokit_dwt_ch1,250.0,152667,152694,152702,,,,0,unmatched_r_peak,,,,160.0
sel213,19,neurokit_dwt_ch1,250.0,153223,153243,153247,,,,0,unmatched_r_peak,,,,160.0
sel213,20,neurokit_dwt_ch1,250.0,153367,153382,153391,,,,0,unmatched_r_peak,,,,160.0
sel213,21,neurokit_dwt_ch1,250.0,153498,153513,153521,,,,0,unmatched_r_peak,,,,160.0
sel213,22,neurokit_dwt_ch1,250.0,153636,153653,153663,,,,0,unmatched_r_peak,,,,160.0
sel213,23,neurokit_dwt_ch1,250.0,153775,153793,153800,,,,0,unmatched_r_peak,,,,160.0
sel213,24,neurokit_dwt_ch1,250.0,153916,153930,153935,,,,0,unmatched_r_peak,,,,160.0
sel213,25,neurokit_dwt_ch1,250.0,155958,155983,155989,,,,0,unmatched_r_peak,,,,160.0
sel213,26,neurokit_dwt_ch1,250.0,158162,158182,158187,,,,0,unmatched_r_peak,,,,160.0
sel213,27,neurokit_dwt_ch1,250.0,160359,160386,160392,,,,0,unmatched_r_peak,,,,160.0
sel213,28,neurokit_dwt_ch1,250.0,189229,189246,189255,,,,0,unmatched_r_peak,,,,160.0
sel213,29,neurokit_dwt_ch1,250.0,190886,190905,190914,,,,0,unmatched_r_peak,,,,160.0
sel213,30,neurokit_dwt_ch1,250.0,191163,191180,191186,,,,0,unmatched_r_peak,,,,160.0
sel213,31,neurokit_dwt_ch1,250.0,191437,191462,191471,,,,0,unmatched_r_peak,,,,160.0
sel213,32,neurokit_dwt_ch1,250.0,191715,191740,191745,,,,0,unmatched_r_peak,,,,160.0
sel213,33,neurokit_dwt_ch1,250.0,191997,192016,192022,,,,0,unmatched_r_peak,,,,160.0
sel213,34,neurokit_dwt_ch1,250.0,192283,192297,192304,,,,0,missing_dwt_boundary,,,,160.0
sel213,35,neurokit_dwt_ch1,250.0,192553,192572,192578,,,,0,unmatched_r_peak,,,,160.0
sel213,36,neurokit_dwt_ch1,250.0,192836,192854,192865,,,,0,missing_dwt_boundary,,,,160.0
sel213,37,neurokit_dwt_ch1,250.0,193378,193401,193408,,,,0,unmatched_r_peak,,,,160.0
sel213,38,neurokit_dwt_ch1,250.0,193657,193683,193688,,,,0,unmatched_r_peak,,,,160.0
sel213,39,neurokit_dwt_ch1,250.0,194205,194230,194235,,,,0,unmatched_r_peak,,,,160.0
sel213,40,neurokit_dwt_ch1,250.0,194483,194508,194515,,,,0,unmatched_r_peak,,,,160.0
sel213,41,neurokit_dwt_ch1,250.0,194768,194787,194795,,,,0,unmatched_r_peak,,,,160.0
sel213,42,neurokit_dwt_ch1,250.0,195050,195072,195075,,,,0,unmatched_r_peak,,,,160.0
sel213,43,neurokit_dwt_ch1,250.0,195322,195343,195349,,,,0,unmatched_r_peak,,,,160.0
sel213,44,neurokit_dwt_ch1,250.0,195598,195625,195629,,,,0,unmatched_r_peak,,,,160.0
sel213,45,neurokit_dwt_ch1,250.0,196419,196450,196454,,,,0,unmatched_r_peak,,,,160.0
sel213,46,neurokit_dwt_ch1,250.0,196699,196727,196731,,,,0,unmatched_r_peak,,,,160.0
sel213,47,neurokit_dwt_ch1,250.0,198086,198107,198115,,,,0,unmatched_r_peak,,,,160.0
sel213,48,neurokit_dwt_ch1,250.0,198631,198659,198663,,,,0,unmatched_r_peak,,,,160.0
sel213,49,neurokit_dwt_ch1,250.0,199189,199215,199223,,,,0,unmatched_r_peak,,,,160.0
sel213,50,neurokit_dwt_ch1,250.0,200835,200860,200864,,,,0,unmatched_r_peak,,,,160.0
sel213,51,neurokit_dwt_ch1,250.0,203039,203068,203075,,,,0,unmatched_r_peak,,,,160.0
sel213,52,neurokit_dwt_ch1,250.0,203593,203612,203618,,,,0,unmatched_r_peak,,,,160.0
sel213,53,neurokit_dwt_ch1,250.0,204420,204438,204445,,,,0,unmatched_r_peak,,,,160.0
sel213,54,neurokit_dwt_ch1,250.0,204696,204714,204717,,,,0,unmatched_r_peak,,,,160.0
sel213,55,neurokit_dwt_ch1,250.0,206625,206644,206652,,,,0,unmatched_r_peak,,,,160.0
sel213,56,neurokit_dwt_ch1,250.0,206898,206923,206929,,,,0,unmatched_r_peak,,,,160.0
sel213,57,neurokit_dwt_ch1,250.0,207457,207482,207487,,,,0,unmatched_r_peak,,,,160.0
sel213,58,neurokit_dwt_ch1,250.0,207744,207761,207769,,,,0,unmatched_r_peak,,,,160.0
sel213,59,neurokit_dwt_ch1,250.0,208301,208314,208327,,,,0,missing_dwt_boundary,,,,160.0
sel213,60,neurokit_dwt_ch1,250.0,208561,208584,208590,,,,0,unmatched_r_peak,,,,160.0
sel213,61,neurokit_dwt_ch1,250.0,208838,208867,208872,,,,0,unmatched_r_peak,,,,160.0
sel213,62,neurokit_dwt_ch1,250.0,209116,209143,209149,,,,0,unmatched_r_peak,,,,160.0
sel213,63,neurokit_dwt_ch1,250.0,210789,210810,210815,,,,0,unmatched_r_peak,,,,160.0
sel213,64,neurokit_dwt_ch1,250.0,214120,214147,214155,,,,0,unmatched_r_peak,,,,160.0
sel213,65,neurokit_dwt_ch1,250.0,216068,216097,216101,,,,0,unmatched_r_peak,,,,160.0
sel213,66,neurokit_dwt_ch1,250.0,216627,216657,216660,,,,0,unmatched_r_peak,,,,160.0
sel213,67,neurokit_dwt_ch1,250.0,219678,219706,219712,,,,0,unmatched_r_peak,,,,160.0
sel213,68,neurokit_dwt_ch1,250.0,222165,222190,222196,,,,0,unmatched_r_peak,,,,160.0
sel213,69,neurokit_dwt_ch1,250.0,223538,223566,223572,,,,0,unmatched_r_peak,,,,160.0
sel213,70,neurokit_dwt_ch1,250.0,224086,224107,224119,,,,0,unmatched_r_peak,,,,160.0
sel223,0,neurokit_dwt_ch0,250.0,167903,167917,167925,167916,167883,167929,1,,-80.0,16.0,96.0,48.0
sel223,1,neurokit_dwt_ch0,250.0,168082,168087,168095,168085,168051,168099,1,,-124.0,16.0,140.0,70.0
sel223,2,neurokit_dwt_ch0,250.0,168240,168251,168270,168250,168216,168263,1,,-96.0,-28.0,68.0,62.0
sel223,3,neurokit_dwt_ch0,250.0,168407,168421,168428,,,,0,missing_dwt_boundary,,,,160.0
sel223,4,neurokit_dwt_ch0,250.0,168571,168587,168597,,,,0,missing_dwt_boundary,,,,160.0
sel223,5,neurokit_dwt_ch0,250.0,168748,168759,168764,,,,0,missing_dwt_boundary,,,,160.0
sel223,6,neurokit_dwt_ch0,250.0,168917,168931,168937,,,,0,missing_dwt_boundary,,,,160.0
sel223,7,neurokit_dwt_ch0,250.0,169091,169100,169106,,,,0,missing_dwt_boundary,,,,160.0
sel223,8,neurokit_dwt_ch0,250.0,169248,169263,169279,169262,169228,169274,1,,-80.0,-20.0,60.0,50.0
sel223,9,neurokit_dwt_ch0,250.0,169418,169434,169440,,,,0,missing_dwt_boundary,,,,160.0
sel223,10,neurokit_dwt_ch0,250.0,169590,169606,169612,169605,169570,169618,1,,-80.0,24.0,104.0,52.0
sel223,11,neurokit_dwt_ch0,250.0,169761,169776,169783,,,,0,missing_dwt_boundary,,,,160.0
sel223,12,neurokit_dwt_ch0,250.0,169932,169938,169943,169937,169902,169950,1,,-120.0,28.0,148.0,74.0
sel223,13,neurokit_dwt_ch0,250.0,170092,170105,170108,170104,170069,170117,1,,-92.0,36.0,128.0,64.0
sel223,14,neurokit_dwt_ch0,250.0,170258,170273,170280,170272,170235,170285,1,,-92.0,20.0,112.0,56.0
sel223,15,neurokit_dwt_ch0,250.0,170430,170444,170451,170443,170406,170457,1,,-96.0,24.0,120.0,60.0
sel223,16,neurokit_dwt_ch0,250.0,170601,170614,170618,,,,0,missing_dwt_boundary,,,,160.0
sel223,17,neurokit_dwt_ch0,250.0,170780,170789,170795,,,,0,missing_dwt_boundary,,,,160.0
sel223,18,neurokit_dwt_ch0,250.0,170942,170956,170959,,,,0,missing_dwt_boundary,,,,160.0
sel223,19,neurokit_dwt_ch0,250.0,171115,171133,171138,171132,171095,171146,1,,-80.0,32.0,112.0,56.0
sel223,20,neurokit_dwt_ch0,250.0,171293,171305,171311,,,,0,missing_dwt_boundary,,,,160.0
sel223,21,neurokit_dwt_ch0,250.0,171465,171476,171487,,,,0,missing_dwt_boundary,,,,160.0
sel223,22,neurokit_dwt_ch0,250.0,171633,171648,171655,,,,0,missing_dwt_boundary,,,,160.0
sel223,23,neurokit_dwt_ch0,250.0,171803,171818,171823,171817,171785,171829,1,,-72.0,24.0,96.0,48.0
sel223,24,neurokit_dwt_ch0,250.0,171976,171990,171997,,,,0,missing_dwt_boundary,,,,160.0
sel223,25,neurokit_dwt_ch0,250.0,172150,172166,172175,172165,172127,172177,1,,-92.0,8.0,100.0,50.0
sel223,26,neurokit_dwt_ch0,250.0,172319,172333,172340,,,,0,missing_dwt_boundary,,,,160.0
sel223,27,neurokit_dwt_ch0,250.0,172485,172500,172509,,,,0,missing_dwt_boundary,,,,160.0
sel223,28,neurokit_dwt_ch0,250.0,172659,172674,172682,,,,0,missing_dwt_boundary,,,,160.0
sel223,29,neurokit_dwt_ch0,250.0,172838,172852,172860,172851,172816,172864,1,,-88.0,16.0,104.0,52.0
sel223,30,neurokit_dwt_ch0,250.0,179995,180014,180017,,,,0,missing_dwt_boundary,,,,160.0
sel223,0,neurokit_dwt_ch1,250.0,167903,167917,167925,,,,0,unmatched_r_peak,,,,160.0
sel223,1,neurokit_dwt_ch1,250.0,168082,168087,168095,,,,0,unmatched_r_peak,,,,160.0
sel223,2,neurokit_dwt_ch1,250.0,168240,168251,168270,,,,0,unmatched_r_peak,,,,160.0
sel223,3,neurokit_dwt_ch1,250.0,168407,168421,168428,,,,0,unmatched_r_peak,,,,160.0
sel223,4,neurokit_dwt_ch1,250.0,168571,168587,168597,,,,0,unmatched_r_peak,,,,160.0
sel223,5,neurokit_dwt_ch1,250.0,168748,168759,168764,,,,0,unmatched_r_peak,,,,160.0
sel223,6,neurokit_dwt_ch1,250.0,168917,168931,168937,,,,0,unmatched_r_peak,,,,160.0
sel223,7,neurokit_dwt_ch1,250.0,169091,169100,169106,,,,0,unmatched_r_peak,,,,160.0
sel223,8,neurokit_dwt_ch1,250.0,169248,169263,169279,,,,0,unmatched_r_peak,,,,160.0
sel223,9,neurokit_dwt_ch1,250.0,169418,169434,169440,,,,0,unmatched_r_peak,,,,160.0
sel223,10,neurokit_dwt_ch1,250.0,169590,169606,169612,,,,0,unmatched_r_peak,,,,160.0
sel223,11,neurokit_dwt_ch1,250.0,169761,169776,169783,,,,0,unmatched_r_peak,,,,160.0
sel223,12,neurokit_dwt_ch1,250.0,169932,169938,169943,,,,0,unmatched_r_peak,,,,160.0
sel223,13,neurokit_dwt_ch1,250.0,170092,170105,170108,,,,0,unmatched_r_peak,,,,160.0
sel223,14,neurokit_dwt_ch1,250.0,170258,170273,170280,,,,0,unmatched_r_peak,,,,160.0
sel223,15,neurokit_dwt_ch1,250.0,170430,170444,170451,170434,170400,170459,1,,-120.0,32.0,152.0,76.0
sel223,16,neurokit_dwt_ch1,250.0,170601,170614,170618,,,,0,unmatched_r_peak,,,,160.0
sel223,17,neurokit_dwt_ch1,250.0,170780,170789,170795,,,,0,unmatched_r_peak,,,,160.0
sel223,18,neurokit_dwt_ch1,250.0,170942,170956,170959,,,,0,unmatched_r_peak,,,,160.0
sel223,19,neurokit_dwt_ch1,250.0,171115,171133,171138,,,,0,unmatched_r_peak,,,,160.0
sel223,20,neurokit_dwt_ch1,250.0,171293,171305,171311,,,,0,unmatched_r_peak,,,,160.0
sel223,21,neurokit_dwt_ch1,250.0,171465,171476,171487,,,,0,unmatched_r_peak,,,,160.0
sel223,22,neurokit_dwt_ch1,250.0,171633,171648,171655,,,,0,unmatched_r_peak,,,,160.0
sel223,23,neurokit_dwt_ch1,250.0,171803,171818,171823,,,,0,unmatched_r_peak,,,,160.0
sel223,24,neurokit_dwt_ch1,250.0,171976,171990,171997,,,,0,unmatched_r_peak,,,,160.0
sel223,25,neurokit_dwt_ch1,250.0,172150,172166,172175,,,,0,unmatched_r_peak,,,,160.0
sel223,26,neurokit_dwt_ch1,250.0,172319,172333,172340,,,,0,unmatched_r_peak,,,,160.0
sel223,27,neurokit_dwt_ch1,250.0,172485,172500,172509,,,,0,unmatched_r_peak,,,,160.0
sel223,28,neurokit_dwt_ch1,250.0,172659,172674,172682,,,,0,unmatched_r_peak,,,,160.0
sel223,29,neurokit_dwt_ch1,250.0,172838,172852,172860,172842,172809,172867,1,,-116.0,28.0,144.0,72.0
sel223,30,neurokit_dwt_ch1,250.0,179995,180014,180017,180004,179991,180030,1,,-16.0,52.0,68.0,34.0
sel230,0,neurokit_dwt_ch0,250.0,150190,150204,150214,150200,150159,150213,1,,-124.0,-4.0,120.0,64.0
sel230,1,neurokit_dwt_ch0,250.0,150383,150396,150403,150392,150367,150406,1,,-64.0,12.0,76.0,38.0
sel230,2,neurokit_dwt_ch0,250.0,150570,150585,150596,150582,150541,150595,1,,-116.0,-4.0,112.0,60.0
sel230,3,neurokit_dwt_ch0,250.0,150768,150781,150791,150778,150738,150791,1,,-120.0,0.0,120.0,60.0
sel230,4,neurokit_dwt_ch0,250.0,150972,150981,150993,150978,150940,150991,1,,-128.0,-8.0,120.0,68.0
sel230,5,neurokit_dwt_ch0,250.0,151177,151188,151201,151185,151143,151198,1,,-136.0,-12.0,124.0,74.0
sel230,6,neurokit_dwt_ch0,250.0,151374,151387,151397,151384,151366,151398,1,,-32.0,4.0,36.0,18.0
sel230,7,neurokit_dwt_ch0,250.0,151568,151579,151588,151576,151534,151589,1,,-136.0,4.0,140.0,70.0
sel230,8,neurokit_dwt_ch0,250.0,151750,151768,151783,151766,151734,151780,1,,-64.0,-12.0,52.0,38.0
sel230,9,neurokit_dwt_ch0,250.0,151936,151962,151975,151960,151921,151974,1,,-60.0,-4.0,56.0,32.0
sel230,10,neurokit_dwt_ch0,250.0,152134,152157,152165,152156,152118,152169,1,,-64.0,16.0,80.0,40.0
sel230,11,neurokit_dwt_ch0,250.0,152335,152356,152367,152354,152315,152367,1,,-80.0,0.0,80.0,40.0
sel230,12,neurokit_dwt_ch0,250.0,152528,152554,152565,152551,152511,152565,1,,-68.0,0.0,68.0,34.0
sel230,13,neurokit_dwt_ch0,250.0,152721,152747,152757,152745,152705,152758,1,,-64.0,4.0,68.0,34.0
sel230,14,neurokit_dwt_ch0,250.0,152918,152940,152948,152938,152897,152952,1,,-84.0,16.0,100.0,50.0
sel230,15,neurokit_dwt_ch0,250.0,153104,153131,153139,153129,153088,153142,1,,-64.0,12.0,76.0,38.0
sel230,16,neurokit_dwt_ch0,250.0,153308,153333,153347,153331,153291,153345,1,,-68.0,-8.0,60.0,38.0
sel230,17,neurokit_dwt_ch0,250.0,153527,153545,153552,153543,153503,153557,1,,-96.0,20.0,116.0,58.0
sel230,18,neurokit_dwt_ch0,250.0,153752,153767,153775,153764,153724,153777,1,,-112.0,8.0,120.0,60.0
sel230,19,neurokit_dwt_ch0,250.0,153963,153992,154003,153990,153952,154003,1,,-44.0,0.0,44.0,22.0
sel230,20,neurokit_dwt_ch0,250.0,154210,154222,154233,154219,154178,154232,1,,-128.0,-4.0,124.0,66.0
sel230,21,neurokit_dwt_ch0,250.0,154417,154433,154442,154430,154392,154443,1,,-100.0,4.0,104.0,52.0
sel230,22,neurokit_dwt_ch0,250.0,154617,154638,154647,154636,154597,154649,1,,-80.0,8.0,88.0,44.0
sel230,23,neurokit_dwt_ch0,250.0,154821,154844,154852,154841,154801,154854,1,,-80.0,8.0,88.0,44.0
sel230,24,neurokit_dwt_ch0,250.0,155026,155050,155059,155047,155007,155060,1,,-76.0,4.0,80.0,40.0
sel230,25,neurokit_dwt_ch0,250.0,155242,155253,155260,155250,155211,155263,1,,-124.0,12.0,136.0,68.0
sel230,26,neurokit_dwt_ch0,250.0,155439,155451,155460,155448,155407,155461,1,,-128.0,4.0,132.0,66.0
sel230,27,neurokit_dwt_ch0,250.0,155642,155653,155664,155650,155606,155663,1,,-144.0,-4.0,140.0,74.0
sel230,28,neurokit_dwt_ch0,250.0,155840,155856,155864,155853,155830,155865,1,,-40.0,4.0,44.0,22.0
sel230,29,neurokit_dwt_ch0,250.0,156036,156064,156074,156061,156021,156074,1,,-60.0,0.0,60.0,30.0
sel230,30,neurokit_dwt_ch0,250.0,156249,156275,156285,156272,156231,156286,1,,-72.0,4.0,76.0,38.0
sel230,31,neurokit_dwt_ch0,250.0,156462,156488,156499,156486,156446,156500,1,,-64.0,4.0,68.0,34.0
sel230,32,neurokit_dwt_ch0,250.0,156682,156707,156714,156705,156664,156718,1,,-72.0,16.0,88.0,44.0
sel230,33,neurokit_dwt_ch0,250.0,156894,156922,156934,156920,156880,156934,1,,-56.0,0.0,56.0,28.0
sel230,34,neurokit_dwt_ch0,250.0,159661,159674,159683,159671,159650,159684,1,,-44.0,4.0,48.0,24.0
sel230,35,neurokit_dwt_ch0,250.0,160294,160312,160321,160309,160286,160322,1,,-32.0,4.0,36.0,18.0
sel230,36,neurokit_dwt_ch0,250.0,160516,160529,160537,160526,160485,160539,1,,-124.0,8.0,132.0,66.0
sel230,37,neurokit_dwt_ch0,250.0,161422,161436,161445,161433,161411,161446,1,,-44.0,4.0,48.0,24.0
sel230,38,neurokit_dwt_ch0,250.0,161644,161658,161666,161654,161611,161668,1,,-132.0,8.0,140.0,70.0
sel230,39,neurokit_dwt_ch0,250.0,161853,161863,161873,161860,161836,161873,1,,-68.0,0.0,68.0,34.0
sel230,40,neurokit_dwt_ch0,250.0,162056,162067,162076,162064,162025,162077,1,,-124.0,4.0,128.0,64.0
sel230,41,neurokit_dwt_ch0,250.0,163118,163132,163138,163128,163087,163141,1,,-124.0,12.0,136.0,68.0
sel230,42,neurokit_dwt_ch0,250.0,164669,164683,164693,164680,164638,164694,1,,-124.0,4.0,128.0,64.0
sel230,43,neurokit_dwt_ch0,250.0,164895,164906,164915,164903,164881,164916,1,,-56.0,4.0,60.0,30.0
sel230,44,neurokit_dwt_ch0,250.0,165570,165580,165586,165577,165538,165590,1,,-128.0,16.0,144.0,72.0
sel230,45,neurokit_dwt_ch0,250.0,165797,165807,165814,165803,165782,165816,1,,-60.0,8.0,68.0,34.0
sel230,46,neurokit_dwt_ch0,250.0,166017,166033,166042,166029,165989,166043,1,,-112.0,4.0,116.0,58.0
sel230,47,neurokit_dwt_ch0,250.0,166244,166256,166266,166253,166214,166266,1,,-120.0,0.0,120.0,60.0
sel230,48,neurokit_dwt_ch0,250.0,166463,166476,166486,166473,166449,166486,1,,-56.0,0.0,56.0,28.0
sel230,49,neurokit_dwt_ch0,250.0,166661,166674,166682,166671,166630,166684,1,,-124.0,8.0,132.0,66.0
sel230,0,neurokit_dwt_ch1,250.0,150190,150204,150214,150198,150158,150214,1,,-128.0,0.0,128.0,64.0
sel230,1,neurokit_dwt_ch1,250.0,150383,150396,150403,150391,150349,150407,1,,-136.0,16.0,152.0,76.0
sel230,2,neurokit_dwt_ch1,250.0,150570,150585,150596,150580,150540,150596,1,,-120.0,0.0,120.0,60.0
sel230,3,neurokit_dwt_ch1,250.0,150768,150781,150791,150776,150735,150792,1,,-132.0,4.0,136.0,68.0
sel230,4,neurokit_dwt_ch1,250.0,150972,150981,150993,150976,150947,150993,1,,-100.0,0.0,100.0,50.0
sel230,5,neurokit_dwt_ch1,250.0,151177,151188,151201,151183,151142,151200,1,,-140.0,-4.0,136.0,72.0
sel230,6,neurokit_dwt_ch1,250.0,151374,151387,151397,151383,151364,151400,1,,-40.0,12.0,52.0,26.0
sel230,7,neurokit_dwt_ch1,250.0,151568,151579,151588,151574,151539,151591,1,,-116.0,12.0,128.0,64.0
sel230,8,neurokit_dwt_ch1,250.0,151750,151768,151783,151765,151726,151781,1,,-96.0,-8.0,88.0,52.0
sel230,9,neurokit_dwt_ch1,250.0,151936,151962,151975,151960,151920,151976,1,,-64.0,4.0,68.0,34.0
sel230,10,neurokit_dwt_ch1,250.0,152134,152157,152165,152155,152116,152170,1,,-72.0,20.0,92.0,46.0
sel230,11,neurokit_dwt_ch1,250.0,152335,152356,152367,152353,152311,152369,1,,-96.0,8.0,104.0,52.0
sel230,12,neurokit_dwt_ch1,250.0,152528,152554,152565,152550,152510,152567,1,,-72.0,8.0,80.0,40.0
sel230,13,neurokit_dwt_ch1,250.0,152721,152747,152757,152744,152703,152760,1,,-72.0,12.0,84.0,42.0
sel230,14,neurokit_dwt_ch1,250.0,152918,152940,152948,152938,152895,152953,1,,-92.0,20.0,112.0,56.0
sel230,15,neurokit_dwt_ch1,250.0,153104,153131,153139,153128,153087,153144,1,,-68.0,20.0,88.0,44.0
sel230,16,neurokit_dwt_ch1,250.0,153308,153333,153347,153331,153300,153347,1,,-32.0,0.0,32.0,16.0
sel230,17,neurokit_dwt_ch1,250.0,153527,153545,153552,153543,153503,153558,1,,-96.0,24.0,120.0,60.0
sel230,18,neurokit_dwt_ch1,250.0,153752,153767,153775,153763,153723,153778,1,,-116.0,12.0,128.0,64.0
sel230,19,neurokit_dwt_ch1,250.0,153963,153992,154003,153989,153951,154005,1,,-48.0,8.0,56.0,28.0
sel230,20,neurokit_dwt_ch1,250.0,154210,154222,154233,154218,154200,154234,1,,-40.0,4.0,44.0,22.0
sel230,21,neurokit_dwt_ch1,250.0,154417,154433,154442,154429,154412,154445,1,,-20.0,12.0,32.0,16.0
sel230,22,neurokit_dwt_ch1,250.0,154617,154638,154647,154635,154596,154651,1,,-84.0,16.0,100.0,50.0
sel230,23,neurokit_dwt_ch1,250.0,154821,154844,154852,154840,154800,154857,1,,-84.0,20.0,104.0,52.0
sel230,24,neurokit_dwt_ch1,250.0,155026,155050,155059,155046,155006,155062,1,,-80.0,12.0,92.0,46.0
sel230,25,neurokit_dwt_ch1,250.0,155242,155253,155260,155250,155209,155266,1,,-132.0,24.0,156.0,78.0
sel230,26,neurokit_dwt_ch1,250.0,155439,155451,155460,155447,155405,155463,1,,-136.0,12.0,148.0,74.0
sel230,27,neurokit_dwt_ch1,250.0,155642,155653,155664,155649,155608,155666,1,,-136.0,8.0,144.0,72.0
sel230,28,neurokit_dwt_ch1,250.0,155840,155856,155864,155852,155812,155868,1,,-112.0,16.0,128.0,64.0
sel230,29,neurokit_dwt_ch1,250.0,156036,156064,156074,156060,156019,156076,1,,-68.0,8.0,76.0,38.0
sel230,30,neurokit_dwt_ch1,250.0,156249,156275,156285,156272,156230,156288,1,,-76.0,12.0,88.0,44.0
sel230,31,neurokit_dwt_ch1,250.0,156462,156488,156499,156486,156446,156502,1,,-64.0,12.0,76.0,38.0
sel230,32,neurokit_dwt_ch1,250.0,156682,156707,156714,156705,156664,156720,1,,-72.0,24.0,96.0,48.0
sel230,33,neurokit_dwt_ch1,250.0,156894,156922,156934,156920,156888,156936,1,,-24.0,8.0,32.0,16.0
sel230,34,neurokit_dwt_ch1,250.0,159661,159674,159683,159669,159629,159686,1,,-128.0,12.0,140.0,70.0
sel230,35,neurokit_dwt_ch1,250.0,160294,160312,160321,160307,160267,160324,1,,-108.0,12.0,120.0,60.0
sel230,36,neurokit_dwt_ch1,250.0,160516,160529,160537,160524,160500,160541,1,,-64.0,16.0,80.0,40.0
sel230,37,neurokit_dwt_ch1,250.0,161422,161436,161445,161430,161410,161447,1,,-48.0,8.0,56.0,28.0
sel230,38,neurokit_dwt_ch1,250.0,161644,161658,161666,161653,161612,161669,1,,-128.0,12.0,140.0,70.0
sel230,39,neurokit_dwt_ch1,250.0,161853,161863,161873,161858,161819,161875,1,,-136.0,8.0,144.0,72.0
sel230,40,neurokit_dwt_ch1,250.0,162056,162067,162076,162062,162022,162078,1,,-136.0,8.0,144.0,72.0
sel230,41,neurokit_dwt_ch1,250.0,163118,163132,163138,163126,163086,163142,1,,-128.0,16.0,144.0,72.0
sel230,42,neurokit_dwt_ch1,250.0,164669,164683,164693,164678,164636,164695,1,,-132.0,8.0,140.0,70.0
sel230,43,neurokit_dwt_ch1,250.0,164895,164906,164915,164901,164879,164918,1,,-64.0,12.0,76.0,38.0
sel230,44,neurokit_dwt_ch1,250.0,165570,165580,165586,165575,165536,165591,1,,-136.0,20.0,156.0,78.0
sel230,45,neurokit_dwt_ch1,250.0,165797,165807,165814,165801,165762,165817,1,,-140.0,12.0,152.0,76.0
sel230,46,neurokit_dwt_ch1,250.0,166017,166033,166042,166027,165996,166044,1,,-84.0,8.0,92.0,46.0
sel230,47,neurokit_dwt_ch1,250.0,166244,166256,166266,166251,166222,166267,1,,-88.0,4.0,92.0,46.0
sel230,48,neurokit_dwt_ch1,250.0,166463,166476,166486,166472,166431,166487,1,,-128.0,4.0,132.0,66.0
sel230,49,neurokit_dwt_ch1,250.0,166661,166674,166682,166670,166631,166686,1,,-120.0,16.0,136.0,68.0
sel231,0,neurokit_dwt_ch0,250.0,150365,150382,150399,150376,150364,150396,1,,-4.0,-12.0,-8.0,8.0
sel231,1,neurokit_dwt_ch0,250.0,150600,150614,150625,150610,150599,150629,1,,-4.0,16.0,20.0,10.0
sel231,2,neurokit_dwt_ch0,250.0,150834,150847,150862,150842,150832,150862,1,,-8.0,0.0,8.0,4.0
sel231,3,neurokit_dwt_ch0,250.0,151065,151078,151093,151073,151062,151093,1,,-12.0,0.0,12.0,6.0
sel231,4,neurokit_dwt_ch0,250.0,151292,151305,151319,151300,151288,151320,1,,-16.0,4.0,20.0,10.0
sel231,5,neurokit_dwt_ch0,250.0,151542,151556,151572,151551,151540,151572,1,,-8.0,0.0,8.0,4.0
sel231,6,neurokit_dwt_ch0,250.0,151790,151800,151826,151795,151784,151816,1,,-24.0,-40.0,-16.0,32.0
sel231,7,neurokit_dwt_ch0,250.0,152023,152037,152051,152033,152021,152053,1,,-8.0,8.0,16.0,8.0
sel231,8,neurokit_dwt_ch0,250.0,152267,152280,152297,152275,152263,152295,1,,-16.0,-8.0,8.0,12.0
sel231,9,neurokit_dwt_ch0,250.0,152510,152522,152536,152518,152507,152537,1,,-12.0,4.0,16.0,8.0
sel231,10,neurokit_dwt_ch0,250.0,152742,152754,152770,152750,152738,152771,1,,-16.0,4.0,20.0,10.0
sel231,11,neurokit_dwt_ch0,250.0,152987,152998,153012,152993,152982,153012,1,,-20.0,0.0,20.0,10.0
sel231,12,neurokit_dwt_ch0,250.0,153221,153235,153250,153230,153219,153251,1,,-8.0,4.0,12.0,6.0
sel231,13,neurokit_dwt_ch0,250.0,153450,153465,153480,153460,153449,153480,1,,-4.0,0.0,4.0,2.0
sel231,14,neurokit_dwt_ch0,250.0,153674,153690,153703,153685,153674,153705,1,,0.0,8.0,8.0,4.0
sel231,15,neurokit_dwt_ch0,250.0,153913,153925,153940,153920,153910,153941,1,,-12.0,4.0,16.0,8.0
sel231,16,neurokit_dwt_ch0,250.0,154138,154150,154164,154146,154134,154167,1,,-16.0,12.0,28.0,14.0
sel231,17,neurokit_dwt_ch0,250.0,154369,154382,154396,154377,154366,154397,1,,-12.0,4.0,16.0,8.0
sel231,18,neurokit_dwt_ch0,250.0,154603,154616,154632,154612,154600,154632,1,,-12.0,0.0,12.0,6.0
sel231,19,neurokit_dwt_ch0,250.0,154829,154841,154857,154836,154825,154857,1,,-16.0,0.0,16.0,8.0
sel231,20,neurokit_dwt_ch0,250.0,155257,155266,155275,155264,155253,155285,1,,-16.0,40.0,56.0,28.0
sel231,21,neurokit_dwt_ch0,250.0,155681,155694,155698,155692,155680,155707,1,,-4.0,36.0,40.0,20.0
sel231,22,neurokit_dwt_ch0,250.0,156127,156136,156142,156134,156123,156143,1,,-16.0,4.0,20.0,10.0
sel231,23,neurokit_dwt_ch0,250.0,156551,156562,156569,156561,156549,156570,1,,-8.0,4.0,12.0,6.0
sel231,24,neurokit_dwt_ch0,250.0,156990,157002,157007,157001,156989,157010,1,,-4.0,12.0,16.0,8.0
sel231,25,neurokit_dwt_ch0,250.0,157409,157422,157427,157420,157409,157434,1,,0.0,28.0,28.0,14.0
sel231,26,neurokit_dwt_ch0,250.0,157823,157836,157850,157831,157820,157851,1,,-12.0,4.0,16.0,8.0
sel231,27,neurokit_dwt_ch0,250.0,158222,158235,158252,158231,158219,158252,1,,-12.0,0.0,12.0,6.0
sel231,28,neurokit_dwt_ch0,250.0,158622,158634,158651,158629,158618,158650,1,,-16.0,-4.0,12.0,10.0
sel231,29,neurokit_dwt_ch0,250.0,159027,159042,159056,159037,159026,159057,1,,-4.0,4.0,8.0,4.0
sel231,30,neurokit_dwt_ch0,250.0,159421,159437,159455,159432,159421,159453,1,,0.0,-8.0,-8.0,4.0
sel231,31,neurokit_dwt_ch0,250.0,159843,159856,159877,159851,159840,159872,1,,-12.0,-20.0,-8.0,16.0
sel231,32,neurokit_dwt_ch0,250.0,160251,160264,160295,160259,160248,160279,1,,-12.0,-64.0,-52.0,38.0
sel231,33,neurokit_dwt_ch0,250.0,160653,160668,160694,160663,160652,160685,1,,-4.0,-36.0,-32.0,20.0
sel231,34,neurokit_dwt_ch0,250.0,161061,161072,161088,161068,161056,161089,1,,-20.0,4.0,24.0,12.0
sel231,35,neurokit_dwt_ch0,250.0,161462,161475,161492,161471,161460,161492,1,,-8.0,0.0,8.0,4.0
sel231,36,neurokit_dwt_ch0,250.0,165971,165984,165990,165983,165972,165995,1,,4.0,20.0,16.0,12.0
sel231,37,neurokit_dwt_ch0,250.0,166396,166408,166413,166406,166394,166423,1,,-8.0,40.0,48.0,24.0
sel231,38,neurokit_dwt_ch0,250.0,166819,166831,166835,166830,166818,166840,1,,-4.0,20.0,24.0,12.0
sel231,39,neurokit_dwt_ch0,250.0,167237,167248,167253,167246,167234,167265,1,,-12.0,48.0,60.0,30.0
sel231,40,neurokit_dwt_ch0,250.0,167637,167650,167656,167648,167637,167663,1,,0.0,28.0,28.0,14.0
sel231,41,neurokit_dwt_ch0,250.0,168055,168067,168071,168065,168054,168075,1,,-4.0,16.0,20.0,10.0
sel231,42,neurokit_dwt_ch0,250.0,168458,168470,168478,168468,168456,168483,1,,-8.0,20.0,28.0,14.0
sel231,43,neurokit_dwt_ch0,250.0,168867,168878,168884,168877,168865,168891,1,,-8.0,28.0,36.0,18.0
sel231,44,neurokit_dwt_ch0,250.0,169275,169285,169290,,,,0,missing_dwt_boundary,,,,160.0
sel231,45,neurokit_dwt_ch0,250.0,169692,169705,169710,169704,169692,169716,1,,0.0,24.0,24.0,12.0
sel231,46,neurokit_dwt_ch0,250.0,170126,170137,170145,170135,170124,170157,1,,-8.0,48.0,56.0,28.0
sel231,47,neurokit_dwt_ch0,250.0,170536,170545,170552,170543,170532,170557,1,,-16.0,20.0,36.0,18.0
sel231,48,neurokit_dwt_ch0,250.0,170966,170975,170981,170973,170961,170983,1,,-20.0,8.0,28.0,14.0
sel231,49,neurokit_dwt_ch0,250.0,171390,171399,171404,171397,171385,171416,1,,-20.0,48.0,68.0,34.0
sel231,0,neurokit_dwt_ch1,250.0,150365,150382,150399,150386,150368,150406,1,,12.0,28.0,16.0,20.0
sel231,1,neurokit_dwt_ch1,250.0,150600,150614,150625,,,,0,missing_dwt_boundary,,,,160.0
sel231,2,neurokit_dwt_ch1,250.0,150834,150847,150862,150852,150836,150872,1,,8.0,40.0,32.0,24.0
sel231,3,neurokit_dwt_ch1,250.0,151065,151078,151093,,,,0,missing_dwt_boundary,,,,160.0
sel231,4,neurokit_dwt_ch1,250.0,151292,151305,151319,,,,0,missing_dwt_boundary,,,,160.0
sel231,5,neurokit_dwt_ch1,250.0,151542,151556,151572,,,,0,missing_dwt_boundary,,,,160.0
sel231,6,neurokit_dwt_ch1,250.0,151790,151800,151826,151806,151788,151823,1,,-8.0,-12.0,-4.0,10.0
sel231,7,neurokit_dwt_ch1,250.0,152023,152037,152051,152042,152026,152064,1,,12.0,52.0,40.0,32.0
sel231,8,neurokit_dwt_ch1,250.0,152267,152280,152297,152285,152268,152299,1,,4.0,8.0,4.0,6.0
sel231,9,neurokit_dwt_ch1,250.0,152510,152522,152536,,,,0,missing_dwt_boundary,,,,160.0
sel231,10,neurokit_dwt_ch1,250.0,152742,152754,152770,152761,152742,152781,1,,0.0,44.0,44.0,22.0
sel231,11,neurokit_dwt_ch1,250.0,152987,152998,153012,,,,0,missing_dwt_boundary,,,,160.0
sel231,12,neurokit_dwt_ch1,250.0,153221,153235,153250,,,,0,missing_dwt_boundary,,,,160.0
sel231,13,neurokit_dwt_ch1,250.0,153450,153465,153480,153469,153453,153484,1,,12.0,16.0,4.0,14.0
sel231,14,neurokit_dwt_ch1,250.0,153674,153690,153703,,,,0,missing_dwt_boundary,,,,160.0
sel231,15,neurokit_dwt_ch1,250.0,153913,153925,153940,,,,0,missing_dwt_boundary,,,,160.0
sel231,16,neurokit_dwt_ch1,250.0,154138,154150,154164,154156,154138,154174,1,,0.0,40.0,40.0,20.0
sel231,17,neurokit_dwt_ch1,250.0,154369,154382,154396,154387,154370,154401,1,,4.0,20.0,16.0,12.0
sel231,18,neurokit_dwt_ch1,250.0,154603,154616,154632,,,,0,missing_dwt_boundary,,,,160.0
sel231,19,neurokit_dwt_ch1,250.0,154829,154841,154857,154846,154829,154866,1,,0.0,36.0,36.0,18.0
sel231,20,neurokit_dwt_ch1,250.0,155257,155266,155275,155256,155234,155274,1,,-92.0,-4.0,88.0,48.0
sel231,21,neurokit_dwt_ch1,250.0,155681,155694,155698,155683,155646,155705,1,,-140.0,28.0,168.0,84.0
sel231,22,neurokit_dwt_ch1,250.0,156127,156136,156142,156126,156110,156144,1,,-68.0,8.0,76.0,38.0
sel231,23,neurokit_dwt_ch1,250.0,156551,156562,156569,156552,156535,156572,1,,-64.0,12.0,76.0,38.0
sel231,24,neurokit_dwt_ch1,250.0,156990,157002,157007,156992,156969,157012,1,,-84.0,20.0,104.0,52.0
sel231,25,neurokit_dwt_ch1,250.0,157409,157422,157427,157411,157393,157432,1,,-64.0,20.0,84.0,42.0
sel231,26,neurokit_dwt_ch1,250.0,157823,157836,157850,,,,0,missing_dwt_boundary,,,,160.0
sel231,27,neurokit_dwt_ch1,250.0,158222,158235,158252,,,,0,missing_dwt_boundary,,,,160.0
sel231,28,neurokit_dwt_ch1,250.0,158622,158634,158651,,,,0,missing_dwt_boundary,,,,160.0
sel231,29,neurokit_dwt_ch1,250.0,159027,159042,159056,,,,0,missing_dwt_boundary,,,,160.0
sel231,30,neurokit_dwt_ch1,250.0,159421,159437,159455,,,,0,missing_dwt_boundary,,,,160.0
sel231,31,neurokit_dwt_ch1,250.0,159843,159856,159877,,,,0,missing_dwt_boundary,,,,160.0
sel231,32,neurokit_dwt_ch1,250.0,160251,160264,160295,,,,0,missing_dwt_boundary,,,,160.0
sel231,33,neurokit_dwt_ch1,250.0,160653,160668,160694,,,,0,missing_dwt_boundary,,,,160.0
sel231,34,neurokit_dwt_ch1,250.0,161061,161072,161088,,,,0,missing_dwt_boundary,,,,160.0
sel231,35,neurokit_dwt_ch1,250.0,161462,161475,161492,,,,0,missing_dwt_boundary,,,,160.0
sel231,36,neurokit_dwt_ch1,250.0,165971,165984,165990,165975,165965,165996,1,,-24.0,24.0,48.0,24.0
sel231,37,neurokit_dwt_ch1,250.0,166396,166408,166413,166398,166382,166418,1,,-56.0,20.0,76.0,38.0
sel231,38,neurokit_dwt_ch1,250.0,166819,166831,166835,166822,166806,166841,1,,-52.0,24.0,76.0,38.0
sel231,39,neurokit_dwt_ch1,250.0,167237,167248,167253,167238,167223,167257,1,,-56.0,16.0,72.0,36.0
sel231,40,neurokit_dwt_ch1,250.0,167637,167650,167656,167640,167624,167660,1,,-52.0,16.0,68.0,34.0
sel231,41,neurokit_dwt_ch1,250.0,168055,168067,168071,168057,168040,168078,1,,-60.0,28.0,88.0,44.0
sel231,42,neurokit_dwt_ch1,250.0,168458,168470,168478,168459,168422,168481,1,,-144.0,12.0,156.0,78.0
sel231,43,neurokit_dwt_ch1,250.0,168867,168878,168884,168868,168832,168891,1,,-140.0,28.0,168.0,84.0
sel231,44,neurokit_dwt_ch1,250.0,169275,169285,169290,169275,169238,169296,1,,-148.0,24.0,172.0,86.0
sel231,45,neurokit_dwt_ch1,250.0,169692,169705,169710,169695,169683,169716,1,,-36.0,24.0,60.0,30.0
sel231,46,neurokit_dwt_ch1,250.0,170126,170137,170145,170126,170116,170146,1,,-40.0,4.0,44.0,22.0
sel231,47,neurokit_dwt_ch1,250.0,170536,170545,170552,170535,170499,170557,1,,-148.0,20.0,168.0,84.0
sel231,48,neurokit_dwt_ch1,250.0,170966,170975,170981,170964,170950,170984,1,,-64.0,12.0,76.0,38.0
sel231,49,neurokit_dwt_ch1,250.0,171390,171399,171404,171388,171375,171408,1,,-60.0,16.0,76.0,38.0
sel232,0,neurokit_dwt_ch0,250.0,150258,150267,150293,,,,0,missing_dwt_boundary,,,,160.0
sel232,1,neurokit_dwt_ch0,250.0,150448,150456,150482,,,,0,missing_dwt_boundary,,,,160.0
sel232,2,neurokit_dwt_ch0,250.0,150638,150646,150670,,,,0,missing_dwt_boundary,,,,160.0
sel232,3,neurokit_dwt_ch0,250.0,152252,152260,152288,152260,152214,152287,1,,-152.0,-4.0,148.0,78.0
sel232,4,neurokit_dwt_ch0,250.0,152431,152437,152464,152437,152415,152454,1,,-64.0,-40.0,24.0,52.0
sel232,5,neurokit_dwt_ch0,250.0,152613,152622,152649,,,,0,missing_dwt_boundary,,,,160.0
sel232,6,neurokit_dwt_ch0,250.0,152800,152807,152832,,,,0,missing_dwt_boundary,,,,160.0
sel232,7,neurokit_dwt_ch0,250.0,152985,152989,153015,152989,152963,153006,1,,-88.0,-36.0,52.0,62.0
sel232,8,neurokit_dwt_ch0,250.0,153164,153172,153199,,,,0,missing_dwt_boundary,,,,160.0
sel232,9,neurokit_dwt_ch0,250.0,153350,153361,153388,,,,0,missing_dwt_boundary,,,,160.0
sel232,10,neurokit_dwt_ch0,250.0,155430,155441,155469,,,,0,missing_dwt_boundary,,,,160.0
sel232,11,neurokit_dwt_ch0,250.0,155618,155626,155653,,,,0,missing_dwt_boundary,,,,160.0
sel232,12,neurokit_dwt_ch0,250.0,155805,155812,155836,,,,0,missing_dwt_boundary,,,,160.0
sel232,13,neurokit_dwt_ch0,250.0,155988,155998,156024,,,,0,missing_dwt_boundary,,,,160.0
sel232,14,neurokit_dwt_ch0,250.0,156174,156184,156213,,,,0,missing_dwt_boundary,,,,160.0
sel232,15,neurokit_dwt_ch0,250.0,156363,156372,156397,,,,0,missing_dwt_boundary,,,,160.0
sel232,16,neurokit_dwt_ch0,250.0,156550,156559,156584,156558,156531,156575,1,,-76.0,-36.0,40.0,56.0
sel232,17,neurokit_dwt_ch0,250.0,156731,156741,156766,,,,0,missing_dwt_boundary,,,,160.0
sel232,18,neurokit_dwt_ch0,250.0,156923,156929,156957,,,,0,missing_dwt_boundary,,,,160.0
sel232,19,neurokit_dwt_ch0,250.0,157106,157121,157145,157121,157088,157138,1,,-72.0,-28.0,44.0,50.0
sel232,20,neurokit_dwt_ch0,250.0,157300,157308,157335,,,,0,missing_dwt_boundary,,,,160.0
sel232,21,neurokit_dwt_ch0,250.0,158961,158970,158995,,,,0,missing_dwt_boundary,,,,160.0
sel232,22,neurokit_dwt_ch0,250.0,159146,159154,159182,,,,0,missing_dwt_boundary,,,,160.0
sel232,23,neurokit_dwt_ch0,250.0,159337,159345,159368,159344,159324,159373,1,,-52.0,20.0,72.0,36.0
sel232,24,neurokit_dwt_ch0,250.0,159518,159527,159551,,,,0,missing_dwt_boundary,,,,160.0
sel232,25,neurokit_dwt_ch0,250.0,159700,159709,159734,159708,159682,159725,1,,-72.0,-36.0,36.0,54.0
sel232,26,neurokit_dwt_ch0,250.0,159883,159890,159915,159890,159856,159906,1,,-108.0,-36.0,72.0,72.0
sel232,27,neurokit_dwt_ch0,250.0,160067,160077,160104,,,,0,missing_dwt_boundary,,,,160.0
sel232,28,neurokit_dwt_ch0,250.0,160250,160259,160288,,,,0,missing_dwt_boundary,,,,160.0
sel232,29,neurokit_dwt_ch0,250.0,161838,161850,161884,,,,0,missing_dwt_boundary,,,,160.0
sel232,0,neurokit_dwt_ch1,250.0,150258,150267,150293,,,,0,unmatched_r_peak,,,,160.0
sel232,1,neurokit_dwt_ch1,250.0,150448,150456,150482,,,,0,unmatched_r_peak,,,,160.0
sel232,2,neurokit_dwt_ch1,250.0,150638,150646,150670,,,,0,unmatched_r_peak,,,,160.0
sel232,3,neurokit_dwt_ch1,250.0,152252,152260,152288,,,,0,unmatched_r_peak,,,,160.0
sel232,4,neurokit_dwt_ch1,250.0,152431,152437,152464,,,,0,unmatched_r_peak,,,,160.0
sel232,5,neurokit_dwt_ch1,250.0,152613,152622,152649,,,,0,unmatched_r_peak,,,,160.0
sel232,6,neurokit_dwt_ch1,250.0,152800,152807,152832,,,,0,unmatched_r_peak,,,,160.0
sel232,7,neurokit_dwt_ch1,250.0,152985,152989,153015,,,,0,unmatched_r_peak,,,,160.0
sel232,8,neurokit_dwt_ch1,250.0,153164,153172,153199,,,,0,unmatched_r_peak,,,,160.0
sel232,9,neurokit_dwt_ch1,250.0,153350,153361,153388,,,,0,unmatched_r_peak,,,,160.0
sel232,10,neurokit_dwt_ch1,250.0,155430,155441,155469,,,,0,unmatched_r_peak,,,,160.0
sel232,11,neurokit_dwt_ch1,250.0,155618,155626,155653,,,,0,unmatched_r_peak,,,,160.0
sel232,12,neurokit_dwt_ch1,250.0,155805,155812,155836,,,,0,unmatched_r_peak,,,,160.0
sel232,13,neurokit_dwt_ch1,250.0,155988,155998,156024,,,,0,unmatched_r_peak,,,,160.0
sel232,14,neurokit_dwt_ch1,250.0,156174,156184,156213,,,,0,unmatched_r_peak,,,,160.0
sel232,15,neurokit_dwt_ch1,250.0,156363,156372,156397,,,,0,unmatched_r_peak,,,,160.0
sel232,16,neurokit_dwt_ch1,250.0,156550,156559,156584,,,,0,unmatched_r_peak,,,,160.0
sel232,17,neurokit_dwt_ch1,250.0,156731,156741,156766,,,,0,unmatched_r_peak,,,,160.0
sel232,18,neurokit_dwt_ch1,250.0,156923,156929,156957,,,,0,unmatched_r_peak,,,,160.0
sel232,19,neurokit_dwt_ch1,250.0,157106,157121,157145,,,,0,unmatched_r_peak,,,,160.0
sel232,20,neurokit_dwt_ch1,250.0,157300,157308,157335,,,,0,unmatched_r_peak,,,,160.0
sel232,21,neurokit_dwt_ch1,250.0,158961,158970,158995,,,,0,unmatched_r_peak,,,,160.0
sel232,22,neurokit_dwt_ch1,250.0,159146,159154,159182,,,,0,unmatched_r_peak,,,,160.0
sel232,23,neurokit_dwt_ch1,250.0,159337,159345,159368,,,,0,unmatched_r_peak,,,,160.0
sel232,24,neurokit_dwt_ch1,250.0,159518,159527,159551,,,,0,unmatched_r_peak,,,,160.0
sel232,25,neurokit_dwt_ch1,250.0,159700,159709,159734,,,,0,unmatched_r_peak,,,,160.0
sel232,26,neurokit_dwt_ch1,250.0,159883,159890,159915,,,,0,unmatched_r_peak,,,,160.0
sel232,27,neurokit_dwt_ch1,250.0,160067,160077,160104,,,,0,unmatched_r_peak,,,,160.0
sel232,28,neurokit_dwt_ch1,250.0,160250,160259,160288,,,,0,unmatched_r_peak,,,,160.0
sel232,29,neurokit_dwt_ch1,250.0,161838,161850,161884,,,,0,unmatched_r_peak,,,,160.0
sel233,0,neurokit_dwt_ch0,250.0,150282,150297,150306,,,,0,missing_dwt_boundary,,,,160.0
sel233,1,neurokit_dwt_ch0,250.0,150894,150899,150912,,,,0,missing_dwt_boundary,,,,160.0
sel233,2,neurokit_dwt_ch0,250.0,151474,151487,151497,,,,0,missing_dwt_boundary,,,,160.0
sel233,3,neurokit_dwt_ch0,250.0,152064,152078,152086,,,,0,missing_dwt_boundary,,,,160.0
sel233,4,neurokit_dwt_ch0,250.0,153103,153116,153131,,,,0,missing_dwt_boundary,,,,160.0
sel233,5,neurokit_dwt_ch0,250.0,153250,153266,153274,,,,0,missing_dwt_boundary,,,,160.0
sel233,6,neurokit_dwt_ch0,250.0,153404,153416,153427,,,,0,missing_dwt_boundary,,,,160.0
sel233,7,neurokit_dwt_ch0,250.0,153996,154009,154020,,,,0,missing_dwt_boundary,,,,160.0
sel233,8,neurokit_dwt_ch0,250.0,154146,154158,154174,,,,0,missing_dwt_boundary,,,,160.0
sel233,9,neurokit_dwt_ch0,250.0,154296,154310,154321,,,,0,missing_dwt_boundary,,,,160.0
sel233,10,neurokit_dwt_ch0,250.0,154443,154458,154467,,,,0,missing_dwt_boundary,,,,160.0
sel233,11,neurokit_dwt_ch0,250.0,155475,155487,155495,,,,0,missing_dwt_boundary,,,,160.0
sel233,12,neurokit_dwt_ch0,250.0,156210,156224,156232,,,,0,missing_dwt_boundary,,,,160.0
sel233,13,neurokit_dwt_ch0,250.0,156359,156371,156382,,,,0,missing_dwt_boundary,,,,160.0
sel233,14,neurokit_dwt_ch0,250.0,156502,156517,156529,,,,0,missing_dwt_boundary,,,,160.0
sel233,15,neurokit_dwt_ch0,250.0,158716,158731,158741,158728,158702,158742,1,,-56.0,4.0,60.0,30.0
sel233,16,neurokit_dwt_ch0,250.0,159608,159621,159631,,,,0,missing_dwt_boundary,,,,160.0
sel233,17,neurokit_dwt_ch0,250.0,159757,159766,159778,,,,0,missing_dwt_boundary,,,,160.0
sel233,18,neurokit_dwt_ch0,250.0,159899,159913,159926,,,,0,missing_dwt_boundary,,,,160.0
sel233,19,neurokit_dwt_ch0,250.0,160044,160058,160068,,,,0,missing_dwt_boundary,,,,160.0
sel233,20,neurokit_dwt_ch0,250.0,160193,160204,160222,,,,0,missing_dwt_boundary,,,,160.0
sel233,21,neurokit_dwt_ch0,250.0,162267,162280,162291,,,,0,missing_dwt_boundary,,,,160.0
sel233,22,neurokit_dwt_ch0,250.0,162415,162426,162437,,,,0,missing_dwt_boundary,,,,160.0
sel233,23,neurokit_dwt_ch0,250.0,162563,162576,162584,,,,0,missing_dwt_boundary,,,,160.0
sel233,24,neurokit_dwt_ch0,250.0,163162,163174,163184,,,,0,missing_dwt_boundary,,,,160.0
sel233,25,neurokit_dwt_ch0,250.0,163754,163769,163777,,,,0,missing_dwt_boundary,,,,160.0
sel233,26,neurokit_dwt_ch0,250.0,164349,164360,164370,,,,0,missing_dwt_boundary,,,,160.0
sel233,27,neurokit_dwt_ch0,250.0,165395,165407,165417,,,,0,missing_dwt_boundary,,,,160.0
sel233,28,neurokit_dwt_ch0,250.0,165543,165555,165566,,,,0,missing_dwt_boundary,,,,160.0
sel233,29,neurokit_dwt_ch0,250.0,165690,165705,165714,,,,0,missing_dwt_boundary,,,,160.0
sel233,0,neurokit_dwt_ch1,250.0,150282,150297,150306,,,,0,missing_dwt_boundary,,,,160.0
sel233,1,neurokit_dwt_ch1,250.0,150894,150899,150912,150889,150876,150907,1,,-72.0,-20.0,52.0,46.0
sel233,2,neurokit_dwt_ch1,250.0,151474,151487,151497,151478,151467,151497,1,,-28.0,0.0,28.0,14.0
sel233,3,neurokit_dwt_ch1,250.0,152064,152078,152086,,,,0,unmatched_r_peak,,,,160.0
sel233,4,neurokit_dwt_ch1,250.0,153103,153116,153131,,,,0,missing_dwt_boundary,,,,160.0
sel233,5,neurokit_dwt_ch1,250.0,153250,153266,153274,,,,0,unmatched_r_peak,,,,160.0
sel233,6,neurokit_dwt_ch1,250.0,153404,153416,153427,153405,153374,153424,1,,-120.0,-12.0,108.0,66.0
sel233,7,neurokit_dwt_ch1,250.0,153996,154009,154020,153999,153987,154018,1,,-36.0,-8.0,28.0,22.0
sel233,8,neurokit_dwt_ch1,250.0,154146,154158,154174,,,,0,missing_dwt_boundary,,,,160.0
sel233,9,neurokit_dwt_ch1,250.0,154296,154310,154321,154299,154286,154318,1,,-40.0,-12.0,28.0,26.0
sel233,10,neurokit_dwt_ch1,250.0,154443,154458,154467,,,,0,unmatched_r_peak,,,,160.0
sel233,11,neurokit_dwt_ch1,250.0,155475,155487,155495,,,,0,missing_dwt_boundary,,,,160.0
sel233,12,neurokit_dwt_ch1,250.0,156210,156224,156232,156214,156203,156232,1,,-28.0,0.0,28.0,14.0
sel233,13,neurokit_dwt_ch1,250.0,156359,156371,156382,156362,156349,156380,1,,-40.0,-8.0,32.0,24.0
sel233,14,neurokit_dwt_ch1,250.0,156502,156517,156529,,,,0,missing_dwt_boundary,,,,160.0
sel233,15,neurokit_dwt_ch1,250.0,158716,158731,158741,158723,158711,158740,1,,-20.0,-4.0,16.0,12.0
sel233,16,neurokit_dwt_ch1,250.0,159608,159621,159631,159611,159601,159629,1,,-28.0,-8.0,20.0,18.0
sel233,17,neurokit_dwt_ch1,250.0,159757,159766,159778,159756,159744,159775,1,,-52.0,-12.0,40.0,32.0
sel233,18,neurokit_dwt_ch1,250.0,159899,159913,159926,159902,159892,159921,1,,-28.0,-20.0,8.0,24.0
sel233,19,neurokit_dwt_ch1,250.0,160044,160058,160068,,,,0,unmatched_r_peak,,,,160.0
sel233,20,neurokit_dwt_ch1,250.0,160193,160204,160222,160194,160183,160213,1,,-40.0,-36.0,4.0,38.0
sel233,21,neurokit_dwt_ch1,250.0,162267,162280,162291,,,,0,missing_dwt_boundary,,,,160.0
sel233,22,neurokit_dwt_ch1,250.0,162415,162426,162437,162416,162387,162435,1,,-112.0,-8.0,104.0,60.0
sel233,23,neurokit_dwt_ch1,250.0,162563,162576,162584,,,,0,missing_dwt_boundary,,,,160.0
sel233,24,neurokit_dwt_ch1,250.0,163162,163174,163184,163163,163152,163182,1,,-40.0,-8.0,32.0,24.0
sel233,25,neurokit_dwt_ch1,250.0,163754,163769,163777,,,,0,unmatched_r_peak,,,,160.0
sel233,26,neurokit_dwt_ch1,250.0,164349,164360,164370,,,,0,missing_dwt_boundary,,,,160.0
sel233,27,neurokit_dwt_ch1,250.0,165395,165407,165417,,,,0,missing_dwt_boundary,,,,160.0
sel233,28,neurokit_dwt_ch1,250.0,165543,165555,165566,165545,165535,165563,1,,-32.0,-12.0,20.0,22.0
sel233,29,neurokit_dwt_ch1,250.0,165690,165705,165714,165694,165684,165713,1,,-24.0,-4.0,20.0,14.0
sel30,0,neurokit_dwt_ch0,250.0,150385,150399,150409,150397,150353,150429,1,,-128.0,80.0,208.0,104.0
sel30,1,neurokit_dwt_ch0,250.0,150614,150629,150642,150627,150584,150657,1,,-120.0,60.0,180.0,90.0
sel30,2,neurokit_dwt_ch0,250.0,150842,150859,150873,150857,150812,150880,1,,-120.0,28.0,148.0,74.0
sel30,3,neurokit_dwt_ch0,250.0,151073,151088,151099,151086,151043,151122,1,,-120.0,92.0,212.0,106.0
sel30,4,neurokit_dwt_ch0,250.0,151306,151322,151335,151320,151276,151345,1,,-120.0,40.0,160.0,80.0
sel30,5,neurokit_dwt_ch0,250.0,151546,151560,151571,151558,151514,151583,1,,-128.0,48.0,176.0,88.0
sel30,6,neurokit_dwt_ch0,250.0,151778,151795,151806,151793,151749,151820,1,,-116.0,56.0,172.0,86.0
sel30,7,neurokit_dwt_ch0,250.0,152015,152031,152043,152029,151986,152057,1,,-116.0,56.0,172.0,86.0
sel30,8,neurokit_dwt_ch0,250.0,152252,152267,152280,152265,152221,152289,1,,-124.0,36.0,160.0,80.0
sel30,9,neurokit_dwt_ch0,250.0,152479,152494,152510,152492,152449,152522,1,,-120.0,48.0,168.0,84.0
sel30,10,neurokit_dwt_ch0,250.0,152709,152723,152738,152721,152679,152759,1,,-120.0,84.0,204.0,102.0
sel30,11,neurokit_dwt_ch0,250.0,152933,152949,152962,152947,152903,152974,1,,-120.0,48.0,168.0,84.0
sel30,12,neurokit_dwt_ch0,250.0,153164,153177,153192,153175,153132,153204,1,,-128.0,48.0,176.0,88.0
sel30,13,neurokit_dwt_ch0,250.0,153401,153416,153430,153414,153371,153438,1,,-120.0,32.0,152.0,76.0
sel30,14,neurokit_dwt_ch0,250.0,153639,153653,153666,153651,153607,153680,1,,-128.0,56.0,184.0,92.0
sel30,15,neurokit_dwt_ch0,250.0,153870,153885,153898,153883,153839,153915,1,,-124.0,68.0,192.0,96.0
sel30,16,neurokit_dwt_ch0,250.0,154106,154121,154141,154119,154075,154163,1,,-124.0,88.0,212.0,106.0
sel30,17,neurokit_dwt_ch0,250.0,154343,154360,154374,154358,154314,154382,1,,-116.0,32.0,148.0,74.0
sel30,18,neurokit_dwt_ch0,250.0,154578,154592,154606,154590,154546,154620,1,,-128.0,56.0,184.0,92.0
sel30,19,neurokit_dwt_ch0,250.0,154812,154830,154844,154828,154785,154851,1,,-108.0,28.0,136.0,68.0
sel30,20,neurokit_dwt_ch0,250.0,155056,155070,155084,155067,155024,155090,1,,-128.0,24.0,152.0,76.0
sel30,21,neurokit_dwt_ch0,250.0,155280,155295,155312,155293,155250,155319,1,,-120.0,28.0,148.0,74.0
sel30,22,neurokit_dwt_ch0,250.0,155513,155528,155542,155526,155482,155555,1,,-124.0,52.0,176.0,88.0
sel30,23,neurokit_dwt_ch0,250.0,155740,155757,155769,155755,155712,155781,1,,-112.0,48.0,160.0,80.0
sel30,24,neurokit_dwt_ch0,250.0,155972,155985,155999,155983,155940,156020,1,,-128.0,84.0,212.0,106.0
sel30,25,neurokit_dwt_ch0,250.0,156202,156219,156233,156217,156173,156259,1,,-116.0,104.0,220.0,110.0
sel30,26,neurokit_dwt_ch0,250.0,156439,156452,156463,156450,156407,156473,1,,-128.0,40.0,168.0,84.0
sel30,27,neurokit_dwt_ch0,250.0,156664,156681,156695,156679,156636,156756,1,,-112.0,244.0,356.0,178.0
sel30,28,neurokit_dwt_ch0,250.0,156896,156911,156925,156909,156866,156931,1,,-120.0,24.0,144.0,72.0
sel30,29,neurokit_dwt_ch0,250.0,157127,157141,157155,157139,157097,157163,1,,-120.0,32.0,152.0,76.0
sel30,0,neurokit_dwt_ch1,250.0,150385,150399,150409,150398,150354,150418,1,,-124.0,36.0,160.0,80.0
sel30,1,neurokit_dwt_ch1,250.0,150614,150629,150642,150627,150584,150657,1,,-120.0,60.0,180.0,90.0
sel30,2,neurokit_dwt_ch1,250.0,150842,150859,150873,150857,150812,150879,1,,-120.0,24.0,144.0,72.0
sel30,3,neurokit_dwt_ch1,250.0,151073,151088,151099,151087,151044,151121,1,,-116.0,88.0,204.0,102.0
sel30,4,neurokit_dwt_ch1,250.0,151306,151322,151335,151320,151276,151398,1,,-120.0,252.0,372.0,186.0
sel30,5,neurokit_dwt_ch1,250.0,151546,151560,151571,151558,151515,151586,1,,-124.0,60.0,184.0,92.0
sel30,6,neurokit_dwt_ch1,250.0,151778,151795,151806,151793,151749,151838,1,,-116.0,128.0,244.0,122.0
sel30,7,neurokit_dwt_ch1,250.0,152015,152031,152043,152029,151986,152050,1,,-116.0,28.0,144.0,72.0
sel30,8,neurokit_dwt_ch1,250.0,152252,152267,152280,152265,152221,152290,1,,-124.0,40.0,164.0,82.0
sel30,9,neurokit_dwt_ch1,250.0,152479,152494,152510,152492,152448,152533,1,,-124.0,92.0,216.0,108.0
sel30,10,neurokit_dwt_ch1,250.0,152709,152723,152738,152721,152699,152749,1,,-40.0,44.0,84.0,42.0
sel30,11,neurokit_dwt_ch1,250.0,152933,152949,152962,152947,152903,152981,1,,-120.0,76.0,196.0,98.0
sel30,12,neurokit_dwt_ch1,250.0,153164,153177,153192,153175,153133,153205,1,,-124.0,52.0,176.0,88.0
sel30,13,neurokit_dwt_ch1,250.0,153401,153416,153430,153414,153372,153439,1,,-116.0,36.0,152.0,76.0
sel30,14,neurokit_dwt_ch1,250.0,153639,153653,153666,153652,153608,153675,1,,-124.0,36.0,160.0,80.0
sel30,15,neurokit_dwt_ch1,250.0,153870,153885,153898,153883,153840,153910,1,,-120.0,48.0,168.0,84.0
sel30,16,neurokit_dwt_ch1,250.0,154106,154121,154141,154119,154076,154197,1,,-120.0,224.0,344.0,172.0
sel30,17,neurokit_dwt_ch1,250.0,154343,154360,154374,154358,154314,154390,1,,-116.0,64.0,180.0,90.0
sel30,18,neurokit_dwt_ch1,250.0,154578,154592,154606,154590,154547,154628,1,,-124.0,88.0,212.0,106.0
sel30,19,neurokit_dwt_ch1,250.0,154812,154830,154844,154828,154785,154860,1,,-108.0,64.0,172.0,86.0
sel30,20,neurokit_dwt_ch1,250.0,155056,155070,155084,155068,155025,155095,1,,-124.0,44.0,168.0,84.0
sel30,21,neurokit_dwt_ch1,250.0,155280,155295,155312,155293,155250,155318,1,,-120.0,24.0,144.0,72.0
sel30,22,neurokit_dwt_ch1,250.0,155513,155528,155542,155526,155483,155554,1,,-120.0,48.0,168.0,84.0
sel30,23,neurokit_dwt_ch1,250.0,155740,155757,155769,155755,155720,155781,1,,-80.0,48.0,128.0,64.0
sel30,24,neurokit_dwt_ch1,250.0,155972,155985,155999,155983,155940,156005,1,,-128.0,24.0,152.0,76.0
sel30,25,neurokit_dwt_ch1,250.0,156202,156219,156233,156217,156174,156294,1,,-112.0,244.0,356.0,178.0
sel30,26,neurokit_dwt_ch1,250.0,156439,156452,156463,156450,156408,156474,1,,-124.0,44.0,168.0,84.0
sel30,27,neurokit_dwt_ch1,250.0,156664,156681,156695,156679,156636,156699,1,,-112.0,16.0,128.0,64.0
sel30,28,neurokit_dwt_ch1,250.0,156896,156911,156925,156909,156867,156986,1,,-116.0,244.0,360.0,180.0
sel30,29,neurokit_dwt_ch1,250.0,157127,157141,157155,157139,157096,157163,1,,-124.0,32.0,156.0,78.0
sel301,0,neurokit_dwt_ch0,250.0,150239,150249,150262,150249,150220,150263,1,,-76.0,4.0,80.0,40.0
sel301,1,neurokit_dwt_ch0,250.0,150435,150444,150455,150443,150414,150457,1,,-84.0,8.0,92.0,46.0
sel301,2,neurokit_dwt_ch0,250.0,150628,150638,150648,150637,150604,150651,1,,-96.0,12.0,108.0,54.0
sel301,3,neurokit_dwt_ch0,250.0,150822,150832,150843,150831,150802,150845,1,,-80.0,8.0,88.0,44.0
sel301,4,neurokit_dwt_ch0,250.0,151014,151025,151037,151024,150995,151038,1,,-76.0,4.0,80.0,40.0
sel301,5,neurokit_dwt_ch0,250.0,151212,151224,151235,151222,151188,151236,1,,-96.0,4.0,100.0,50.0
sel301,6,neurokit_dwt_ch0,250.0,151413,151425,151435,151423,151394,151437,1,,-76.0,8.0,84.0,42.0
sel301,7,neurokit_dwt_ch0,250.0,151620,151631,151644,151629,151600,151644,1,,-80.0,0.0,80.0,40.0
sel301,8,neurokit_dwt_ch0,250.0,151822,151833,151842,151832,151803,151846,1,,-76.0,16.0,92.0,46.0
sel301,9,neurokit_dwt_ch0,250.0,152019,152033,152044,152032,151998,152047,1,,-84.0,12.0,96.0,48.0
sel301,10,neurokit_dwt_ch0,250.0,152229,152238,152249,152237,152207,152252,1,,-88.0,12.0,100.0,50.0
sel301,11,neurokit_dwt_ch0,250.0,152434,152445,152459,152444,152414,152458,1,,-80.0,-4.0,76.0,42.0
sel301,12,neurokit_dwt_ch0,250.0,152649,152660,152671,152658,152629,152672,1,,-80.0,4.0,84.0,42.0
sel301,13,neurokit_dwt_ch0,250.0,152850,152861,152874,152860,152826,152875,1,,-96.0,4.0,100.0,50.0
sel301,14,neurokit_dwt_ch0,250.0,153059,153070,153082,153069,153039,153083,1,,-80.0,4.0,84.0,42.0
sel301,15,neurokit_dwt_ch0,250.0,153256,153268,153277,153267,153234,153281,1,,-88.0,16.0,104.0,52.0
sel301,16,neurokit_dwt_ch0,250.0,157066,157077,157089,157075,157041,157089,1,,-100.0,0.0,100.0,50.0
sel301,17,neurokit_dwt_ch0,250.0,157268,157279,157290,157276,157247,157290,1,,-84.0,0.0,84.0,42.0
sel301,18,neurokit_dwt_ch0,250.0,157473,157481,157493,157480,157466,157494,1,,-28.0,4.0,32.0,16.0
sel301,19,neurokit_dwt_ch0,250.0,157671,157679,157691,157678,157664,157692,1,,-28.0,4.0,32.0,16.0
sel301,20,neurokit_dwt_ch0,250.0,157865,157877,157892,157876,157843,157890,1,,-88.0,-8.0,80.0,48.0
sel301,21,neurokit_dwt_ch0,250.0,158063,158075,158089,158074,158044,158088,1,,-76.0,-4.0,72.0,40.0
sel301,22,neurokit_dwt_ch0,250.0,158265,158275,158286,158273,158243,158288,1,,-88.0,8.0,96.0,48.0
sel301,23,neurokit_dwt_ch0,250.0,158465,158476,158486,158474,158461,158489,1,,-16.0,12.0,28.0,14.0
sel301,24,neurokit_dwt_ch0,250.0,158660,158672,158682,158670,158657,158684,1,,-12.0,8.0,20.0,10.0
sel301,25,neurokit_dwt_ch0,250.0,158864,158874,158885,158873,158839,158886,1,,-100.0,4.0,104.0,52.0
sel301,26,neurokit_dwt_ch0,250.0,159066,159077,159088,159076,159046,159090,1,,-80.0,8.0,88.0,44.0
sel301,27,neurokit_dwt_ch0,250.0,159275,159283,159295,159282,159249,159296,1,,-104.0,4.0,108.0,54.0
sel301,28,neurokit_dwt_ch0,250.0,159470,159478,159490,159477,159450,159491,1,,-80.0,4.0,84.0,42.0
sel301,29,neurokit_dwt_ch0,250.0,159669,159679,159692,159678,159647,159692,1,,-88.0,0.0,88.0,44.0
sel301,0,neurokit_dwt_ch1,250.0,150239,150249,150262,150250,150236,150271,1,,-12.0,36.0,48.0,24.0
sel301,1,neurokit_dwt_ch1,250.0,150435,150444,150455,150444,150410,150467,1,,-100.0,48.0,148.0,74.0
sel301,2,neurokit_dwt_ch1,250.0,150628,150638,150648,,,,0,missing_dwt_boundary,,,,160.0
sel301,3,neurokit_dwt_ch1,250.0,150822,150832,150843,,,,0,missing_dwt_boundary,,,,160.0
sel301,4,neurokit_dwt_ch1,250.0,151014,151025,151037,151025,150991,151043,1,,-92.0,24.0,116.0,58.0
sel301,5,neurokit_dwt_ch1,250.0,151212,151224,151235,151223,151190,151240,1,,-88.0,20.0,108.0,54.0
sel301,6,neurokit_dwt_ch1,250.0,151413,151425,151435,,,,0,missing_dwt_boundary,,,,160.0
sel301,7,neurokit_dwt_ch1,250.0,151620,151631,151644,151630,151616,151651,1,,-16.0,28.0,44.0,22.0
sel301,8,neurokit_dwt_ch1,250.0,151822,151833,151842,151833,151818,151854,1,,-16.0,48.0,64.0,32.0
sel301,9,neurokit_dwt_ch1,250.0,152019,152033,152044,,,,0,missing_dwt_boundary,,,,160.0
sel301,10,neurokit_dwt_ch1,250.0,152229,152238,152249,,,,0,missing_dwt_boundary,,,,160.0
sel301,11,neurokit_dwt_ch1,250.0,152434,152445,152459,,,,0,missing_dwt_boundary,,,,160.0
sel301,12,neurokit_dwt_ch1,250.0,152649,152660,152671,,,,0,missing_dwt_boundary,,,,160.0
sel301,13,neurokit_dwt_ch1,250.0,152850,152861,152874,,,,0,missing_dwt_boundary,,,,160.0
sel301,14,neurokit_dwt_ch1,250.0,153059,153070,153082,153070,153055,153093,1,,-16.0,44.0,60.0,30.0
sel301,15,neurokit_dwt_ch1,250.0,153256,153268,153277,,,,0,missing_dwt_boundary,,,,160.0
sel301,16,neurokit_dwt_ch1,250.0,157066,157077,157089,157077,157063,157097,1,,-12.0,32.0,44.0,22.0
sel301,17,neurokit_dwt_ch1,250.0,157268,157279,157290,,,,0,missing_dwt_boundary,,,,160.0
sel301,18,neurokit_dwt_ch1,250.0,157473,157481,157493,157480,157465,157502,1,,-32.0,36.0,68.0,34.0
sel301,19,neurokit_dwt_ch1,250.0,157671,157679,157691,,,,0,missing_dwt_boundary,,,,160.0
sel301,20,neurokit_dwt_ch1,250.0,157865,157877,157892,,,,0,missing_dwt_boundary,,,,160.0
sel301,21,neurokit_dwt_ch1,250.0,158063,158075,158089,,,,0,missing_dwt_boundary,,,,160.0
sel301,22,neurokit_dwt_ch1,250.0,158265,158275,158286,158274,158243,158297,1,,-88.0,44.0,132.0,66.0
sel301,23,neurokit_dwt_ch1,250.0,158465,158476,158486,,,,0,missing_dwt_boundary,,,,160.0
sel301,24,neurokit_dwt_ch1,250.0,158660,158672,158682,,,,0,missing_dwt_boundary,,,,160.0
sel301,25,neurokit_dwt_ch1,250.0,158864,158874,158885,,,,0,missing_dwt_boundary,,,,160.0
sel301,26,neurokit_dwt_ch1,250.0,159066,159077,159088,159077,159049,159100,1,,-68.0,48.0,116.0,58.0
sel301,27,neurokit_dwt_ch1,250.0,159275,159283,159295,,,,0,missing_dwt_boundary,,,,160.0
sel301,28,neurokit_dwt_ch1,250.0,159470,159478,159490,159478,159449,159497,1,,-84.0,28.0,112.0,56.0
sel301,29,neurokit_dwt_ch1,250.0,159669,159679,159692,,,,0,missing_dwt_boundary,,,,160.0
sel302,0,neurokit_dwt_ch0,250.0,151138,151150,151158,151148,151135,151161,1,,-12.0,12.0,24.0,12.0
sel302,1,neurokit_dwt_ch0,250.0,151279,151291,151301,151289,151277,151301,1,,-8.0,0.0,8.0,4.0
sel302,2,neurokit_dwt_ch0,250.0,151422,151431,151440,151428,151418,151441,1,,-16.0,4.0,20.0,10.0
sel302,3,neurokit_dwt_ch0,250.0,151560,151573,151581,151571,151558,151583,1,,-8.0,8.0,16.0,8.0
sel302,4,neurokit_dwt_ch0,250.0,151708,151717,151727,151715,151684,151727,1,,-96.0,0.0,96.0,48.0
sel302,5,neurokit_dwt_ch0,250.0,151847,151859,151868,151857,151844,151869,1,,-12.0,4.0,16.0,8.0
sel302,6,neurokit_dwt_ch0,250.0,151988,152001,152006,151998,151985,152010,1,,-12.0,16.0,28.0,14.0
sel302,7,neurokit_dwt_ch0,250.0,152131,152142,152151,152140,152128,152153,1,,-12.0,8.0,20.0,10.0
sel302,8,neurokit_dwt_ch0,250.0,152277,152290,152300,152288,152275,152300,1,,-8.0,0.0,8.0,4.0
sel302,9,neurokit_dwt_ch0,250.0,152424,152437,152444,152434,152419,152446,1,,-20.0,8.0,28.0,14.0
sel302,10,neurokit_dwt_ch0,250.0,152570,152582,152590,152579,152566,152591,1,,-16.0,4.0,20.0,10.0
sel302,11,neurokit_dwt_ch0,250.0,152715,152726,152738,152724,152693,152736,1,,-88.0,-8.0,80.0,48.0
sel302,12,neurokit_dwt_ch0,250.0,152867,152878,152888,152876,152862,152888,1,,-20.0,0.0,20.0,10.0
sel302,13,neurokit_dwt_ch0,250.0,153019,153030,153038,153028,153014,153040,1,,-20.0,8.0,28.0,14.0
sel302,14,neurokit_dwt_ch0,250.0,153170,153182,153191,153179,153167,153191,1,,-12.0,0.0,12.0,6.0
sel302,15,neurokit_dwt_ch0,250.0,153323,153332,153340,153330,153316,153342,1,,-28.0,8.0,36.0,18.0
sel302,16,neurokit_dwt_ch0,250.0,153478,153490,153500,153488,153475,153500,1,,-12.0,0.0,12.0,6.0
sel302,17,neurokit_dwt_ch0,250.0,153635,153648,153656,153646,153617,153658,1,,-72.0,8.0,80.0,40.0
sel302,18,neurokit_dwt_ch0,250.0,153792,153802,153816,153799,153787,153812,1,,-20.0,-16.0,4.0,18.0
sel302,19,neurokit_dwt_ch0,250.0,153943,153956,153966,153954,153922,153966,1,,-84.0,0.0,84.0,42.0
sel302,20,neurokit_dwt_ch0,250.0,154103,154114,154126,154112,154099,154125,1,,-16.0,-4.0,12.0,10.0
sel302,21,neurokit_dwt_ch0,250.0,154260,154272,154281,154269,154256,154281,1,,-16.0,0.0,16.0,8.0
sel302,22,neurokit_dwt_ch0,250.0,154415,154425,154435,154423,154410,154435,1,,-20.0,0.0,20.0,10.0
sel302,23,neurokit_dwt_ch0,250.0,154573,154581,154591,154579,154566,154591,1,,-28.0,0.0,28.0,14.0
sel302,24,neurokit_dwt_ch0,250.0,154730,154740,154753,154738,154707,154751,1,,-92.0,-8.0,84.0,50.0
sel302,25,neurokit_dwt_ch0,250.0,155365,155377,155389,155375,155362,155387,1,,-12.0,-8.0,4.0,10.0
sel302,26,neurokit_dwt_ch0,250.0,155524,155536,155544,155533,155521,155546,1,,-12.0,8.0,20.0,10.0
sel302,27,neurokit_dwt_ch0,250.0,155679,155691,155703,155688,155676,155700,1,,-12.0,-12.0,0.0,12.0
sel302,28,neurokit_dwt_ch0,250.0,155832,155845,155857,155843,155829,155855,1,,-12.0,-8.0,4.0,10.0
sel302,29,neurokit_dwt_ch0,250.0,155992,156004,156014,156002,155989,156014,1,,-12.0,0.0,12.0,6.0
sel302,0,neurokit_dwt_ch1,250.0,151138,151150,151158,151141,151116,151158,1,,-88.0,0.0,88.0,44.0
sel302,1,neurokit_dwt_ch1,250.0,151279,151291,151301,151282,151258,151299,1,,-84.0,-8.0,76.0,46.0
sel302,2,neurokit_dwt_ch1,250.0,151422,151431,151440,151421,151403,151438,1,,-76.0,-8.0,68.0,42.0
sel302,3,neurokit_dwt_ch1,250.0,151560,151573,151581,151563,151539,151581,1,,-84.0,0.0,84.0,42.0
sel302,4,neurokit_dwt_ch1,250.0,151708,151717,151727,151708,151683,151725,1,,-100.0,-8.0,92.0,54.0
sel302,5,neurokit_dwt_ch1,250.0,151847,151859,151868,151850,151831,151867,1,,-64.0,-4.0,60.0,34.0
sel302,6,neurokit_dwt_ch1,250.0,151988,152001,152006,151991,151974,152008,1,,-56.0,8.0,64.0,32.0
sel302,7,neurokit_dwt_ch1,250.0,152131,152142,152151,152133,152116,152151,1,,-60.0,0.0,60.0,30.0
sel302,8,neurokit_dwt_ch1,250.0,152277,152290,152300,152280,152256,152298,1,,-84.0,-8.0,76.0,46.0
sel302,9,neurokit_dwt_ch1,250.0,152424,152437,152444,152427,152402,152444,1,,-88.0,0.0,88.0,44.0
sel302,10,neurokit_dwt_ch1,250.0,152570,152582,152590,152572,152554,152589,1,,-64.0,-4.0,60.0,34.0
sel302,11,neurokit_dwt_ch1,250.0,152715,152726,152738,152717,152699,152734,1,,-64.0,-16.0,48.0,40.0
sel302,12,neurokit_dwt_ch1,250.0,152867,152878,152888,152869,152844,152886,1,,-92.0,-8.0,84.0,50.0
sel302,13,neurokit_dwt_ch1,250.0,153019,153030,153038,153021,152997,153038,1,,-88.0,0.0,88.0,44.0
sel302,14,neurokit_dwt_ch1,250.0,153170,153182,153191,153172,153147,153189,1,,-92.0,-8.0,84.0,50.0
sel302,15,neurokit_dwt_ch1,250.0,153323,153332,153340,153323,153305,153340,1,,-72.0,0.0,72.0,36.0
sel302,16,neurokit_dwt_ch1,250.0,153478,153490,153500,153481,153456,153498,1,,-88.0,-8.0,80.0,48.0
sel302,17,neurokit_dwt_ch1,250.0,153635,153648,153656,153639,153619,153656,1,,-64.0,0.0,64.0,32.0
sel302,18,neurokit_dwt_ch1,250.0,153792,153802,153816,153793,153773,153810,1,,-76.0,-24.0,52.0,50.0
sel302,19,neurokit_dwt_ch1,250.0,153943,153956,153966,153946,153927,153963,1,,-64.0,-12.0,52.0,38.0
sel302,20,neurokit_dwt_ch1,250.0,154103,154114,154126,154105,154081,154123,1,,-88.0,-12.0,76.0,50.0
sel302,21,neurokit_dwt_ch1,250.0,154260,154272,154281,154263,154243,154280,1,,-68.0,-4.0,64.0,36.0
sel302,22,neurokit_dwt_ch1,250.0,154415,154425,154435,154416,154397,154433,1,,-72.0,-8.0,64.0,40.0
sel302,23,neurokit_dwt_ch1,250.0,154573,154581,154591,154572,154547,154589,1,,-104.0,-8.0,96.0,56.0
sel302,24,neurokit_dwt_ch1,250.0,154730,154740,154753,154731,154706,154748,1,,-96.0,-20.0,76.0,58.0
sel302,25,neurokit_dwt_ch1,250.0,155365,155377,155389,155368,155345,155386,1,,-80.0,-12.0,68.0,46.0
sel302,26,neurokit_dwt_ch1,250.0,155524,155536,155544,155527,155505,155544,1,,-76.0,0.0,76.0,38.0
sel302,27,neurokit_dwt_ch1,250.0,155679,155691,155703,155681,155663,155698,1,,-64.0,-20.0,44.0,42.0
sel302,28,neurokit_dwt_ch1,250.0,155832,155845,155857,155836,155818,155854,1,,-56.0,-12.0,44.0,34.0
sel302,29,neurokit_dwt_ch1,250.0,155992,156004,156014,155995,155971,156013,1,,-84.0,-4.0,80.0,44.0
sel306,0,neurokit_dwt_ch0,250.0,150273,150290,150297,,,,0,missing_dwt_boundary,,,,160.0
sel306,1,neurokit_dwt_ch0,250.0,150471,150489,150496,,,,0,missing_dwt_boundary,,,,160.0
sel306,2,neurokit_dwt_ch0,250.0,150673,150692,150700,,,,0,missing_dwt_boundary,,,,160.0
sel306,3,neurokit_dwt_ch0,250.0,150871,150888,150895,,,,0,missing_dwt_boundary,,,,160.0
sel306,4,neurokit_dwt_ch0,250.0,151073,151095,151105,,,,0,missing_dwt_boundary,,,,160.0
sel306,5,neurokit_dwt_ch0,250.0,151280,151300,151306,151296,151277,151310,1,,-12.0,16.0,28.0,14.0
sel306,6,neurokit_dwt_ch0,250.0,151483,151499,151514,151497,151458,151511,1,,-100.0,-12.0,88.0,56.0
sel306,7,neurokit_dwt_ch0,250.0,151684,151699,151708,,,,0,missing_dwt_boundary,,,,160.0
sel306,8,neurokit_dwt_ch0,250.0,151890,151907,151913,,,,0,missing_dwt_boundary,,,,160.0
sel306,9,neurokit_dwt_ch0,250.0,152105,152123,152128,,,,0,missing_dwt_boundary,,,,160.0
sel306,10,neurokit_dwt_ch0,250.0,152321,152336,152342,,,,0,missing_dwt_boundary,,,,160.0
sel306,11,neurokit_dwt_ch0,250.0,152534,152548,152554,,,,0,missing_dwt_boundary,,,,160.0
sel306,12,neurokit_dwt_ch0,250.0,152747,152765,152772,,,,0,missing_dwt_boundary,,,,160.0
sel306,13,neurokit_dwt_ch0,250.0,152961,152979,152986,,,,0,missing_dwt_boundary,,,,160.0
sel306,14,neurokit_dwt_ch0,250.0,153172,153188,153195,,,,0,missing_dwt_boundary,,,,160.0
sel306,15,neurokit_dwt_ch0,250.0,153392,153406,153411,,,,0,missing_dwt_boundary,,,,160.0
sel306,16,neurokit_dwt_ch0,250.0,153609,153627,153633,,,,0,missing_dwt_boundary,,,,160.0
sel306,17,neurokit_dwt_ch0,250.0,153827,153845,153851,,,,0,missing_dwt_boundary,,,,160.0
sel306,18,neurokit_dwt_ch0,250.0,154058,154076,154083,,,,0,missing_dwt_boundary,,,,160.0
sel306,19,neurokit_dwt_ch0,250.0,154287,154301,154311,,,,0,missing_dwt_boundary,,,,160.0
sel306,20,neurokit_dwt_ch0,250.0,154508,154524,154534,,,,0,missing_dwt_boundary,,,,160.0
sel306,21,neurokit_dwt_ch0,250.0,154738,154754,154763,,,,0,missing_dwt_boundary,,,,160.0
sel306,22,neurokit_dwt_ch0,250.0,154962,154980,154991,,,,0,missing_dwt_boundary,,,,160.0
sel306,23,neurokit_dwt_ch0,250.0,155179,155197,155206,,,,0,missing_dwt_boundary,,,,160.0
sel306,24,neurokit_dwt_ch0,250.0,155405,155423,155432,,,,0,missing_dwt_boundary,,,,160.0
sel306,25,neurokit_dwt_ch0,250.0,155632,155648,155654,,,,0,missing_dwt_boundary,,,,160.0
sel306,26,neurokit_dwt_ch0,250.0,155845,155859,155869,,,,0,missing_dwt_boundary,,,,160.0
sel306,27,neurokit_dwt_ch0,250.0,156053,156069,156078,,,,0,missing_dwt_boundary,,,,160.0
sel306,28,neurokit_dwt_ch0,250.0,156262,156282,156293,,,,0,missing_dwt_boundary,,,,160.0
sel306,29,neurokit_dwt_ch0,250.0,156482,156500,156506,,,,0,missing_dwt_boundary,,,,160.0
sel306,30,neurokit_dwt_ch0,250.0,176972,176991,176998,,,,0,missing_dwt_boundary,,,,160.0
sel306,31,neurokit_dwt_ch0,250.0,186269,186287,186291,,,,0,missing_dwt_boundary,,,,160.0
sel306,32,neurokit_dwt_ch0,250.0,188567,188584,188589,,,,0,missing_dwt_boundary,,,,160.0
sel306,33,neurokit_dwt_ch0,250.0,204092,204110,204118,,,,0,missing_dwt_boundary,,,,160.0
sel306,34,neurokit_dwt_ch0,250.0,204547,204565,204572,,,,0,missing_dwt_boundary,,,,160.0
sel306,35,neurokit_dwt_ch0,250.0,221144,221158,221166,221156,221121,221170,1,,-92.0,16.0,108.0,54.0
sel306,0,neurokit_dwt_ch1,250.0,150273,150290,150297,,,,0,unmatched_r_peak,,,,160.0
sel306,1,neurokit_dwt_ch1,250.0,150471,150489,150496,,,,0,unmatched_r_peak,,,,160.0
sel306,2,neurokit_dwt_ch1,250.0,150673,150692,150700,,,,0,unmatched_r_peak,,,,160.0
sel306,3,neurokit_dwt_ch1,250.0,150871,150888,150895,150877,150838,150897,1,,-132.0,8.0,140.0,70.0
sel306,4,neurokit_dwt_ch1,250.0,151073,151095,151105,,,,0,unmatched_r_peak,,,,160.0
sel306,5,neurokit_dwt_ch1,250.0,151280,151300,151306,,,,0,unmatched_r_peak,,,,160.0
sel306,6,neurokit_dwt_ch1,250.0,151483,151499,151514,,,,0,unmatched_r_peak,,,,160.0
sel306,7,neurokit_dwt_ch1,250.0,151684,151699,151708,151688,151649,151708,1,,-140.0,0.0,140.0,70.0
sel306,8,neurokit_dwt_ch1,250.0,151890,151907,151913,,,,0,unmatched_r_peak,,,,160.0
sel306,9,neurokit_dwt_ch1,250.0,152105,152123,152128,,,,0,unmatched_r_peak,,,,160.0
sel306,10,neurokit_dwt_ch1,250.0,152321,152336,152342,,,,0,unmatched_r_peak,,,,160.0
sel306,11,neurokit_dwt_ch1,250.0,152534,152548,152554,152537,152498,152557,1,,-144.0,12.0,156.0,78.0
sel306,12,neurokit_dwt_ch1,250.0,152747,152765,152772,,,,0,unmatched_r_peak,,,,160.0
sel306,13,neurokit_dwt_ch1,250.0,152961,152979,152986,,,,0,unmatched_r_peak,,,,160.0
sel306,14,neurokit_dwt_ch1,250.0,153172,153188,153195,,,,0,unmatched_r_peak,,,,160.0
sel306,15,neurokit_dwt_ch1,250.0,153392,153406,153411,,,,0,unmatched_r_peak,,,,160.0
sel306,16,neurokit_dwt_ch1,250.0,153609,153627,153633,,,,0,unmatched_r_peak,,,,160.0
sel306,17,neurokit_dwt_ch1,250.0,153827,153845,153851,,,,0,unmatched_r_peak,,,,160.0
sel306,18,neurokit_dwt_ch1,250.0,154058,154076,154083,,,,0,unmatched_r_peak,,,,160.0
sel306,19,neurokit_dwt_ch1,250.0,154287,154301,154311,,,,0,unmatched_r_peak,,,,160.0
sel306,20,neurokit_dwt_ch1,250.0,154508,154524,154534,154513,154474,154533,1,,-136.0,-4.0,132.0,70.0
sel306,21,neurokit_dwt_ch1,250.0,154738,154754,154763,,,,0,unmatched_r_peak,,,,160.0
sel306,22,neurokit_dwt_ch1,250.0,154962,154980,154991,,,,0,unmatched_r_peak,,,,160.0
sel306,23,neurokit_dwt_ch1,250.0,155179,155197,155206,,,,0,unmatched_r_peak,,,,160.0
sel306,24,neurokit_dwt_ch1,250.0,155405,155423,155432,,,,0,unmatched_r_peak,,,,160.0
sel306,25,neurokit_dwt_ch1,250.0,155632,155648,155654,,,,0,unmatched_r_peak,,,,160.0
sel306,26,neurokit_dwt_ch1,250.0,155845,155859,155869,155848,155810,155868,1,,-140.0,-4.0,136.0,72.0
sel306,27,neurokit_dwt_ch1,250.0,156053,156069,156078,156058,156019,156079,1,,-136.0,4.0,140.0,70.0
sel306,28,neurokit_dwt_ch1,250.0,156262,156282,156293,,,,0,unmatched_r_peak,,,,160.0
sel306,29,neurokit_dwt_ch1,250.0,156482,156500,156506,,,,0,unmatched_r_peak,,,,160.0
sel306,30,neurokit_dwt_ch1,250.0,176972,176991,176998,,,,0,unmatched_r_peak,,,,160.0
sel306,31,neurokit_dwt_ch1,250.0,186269,186287,186291,,,,0,unmatched_r_peak,,,,160.0
sel306,32,neurokit_dwt_ch1,250.0,188567,188584,188589,,,,0,unmatched_r_peak,,,,160.0
sel306,33,neurokit_dwt_ch1,250.0,204092,204110,204118,,,,0,unmatched_r_peak,,,,160.0
sel306,34,neurokit_dwt_ch1,250.0,204547,204565,204572,,,,0,unmatched_r_peak,,,,160.0
sel306,35,neurokit_dwt_ch1,250.0,221144,221158,221166,,,,0,unmatched_r_peak,,,,160.0
sel307,0,neurokit_dwt_ch0,250.0,150406,150420,150427,150418,150405,150431,1,,-4.0,16.0,20.0,10.0
sel307,1,neurokit_dwt_ch0,250.0,150687,150701,150707,150699,150685,150712,1,,-8.0,20.0,28.0,14.0
sel307,2,neurokit_dwt_ch0,250.0,150979,150991,150998,150990,150976,151004,1,,-12.0,24.0,36.0,18.0
sel307,3,neurokit_dwt_ch0,250.0,151265,151280,151287,151278,151264,151292,1,,-4.0,20.0,24.0,12.0
sel307,4,neurokit_dwt_ch0,250.0,151560,151571,151577,151570,151556,151584,1,,-16.0,28.0,44.0,22.0
sel307,5,neurokit_dwt_ch0,250.0,151828,151842,151849,151841,151826,151854,1,,-8.0,20.0,28.0,14.0
sel307,6,neurokit_dwt_ch0,250.0,152078,152090,152100,152088,152074,152101,1,,-16.0,4.0,20.0,10.0
sel307,7,neurokit_dwt_ch0,250.0,152313,152325,152331,152324,152310,152338,1,,-12.0,28.0,40.0,20.0
sel307,8,neurokit_dwt_ch0,250.0,152561,152574,152586,152573,152559,152587,1,,-8.0,4.0,12.0,6.0
sel307,9,neurokit_dwt_ch0,250.0,152834,152849,152857,152848,152834,152861,1,,0.0,16.0,16.0,8.0
sel307,10,neurokit_dwt_ch0,250.0,153118,153132,153141,153130,153117,153144,1,,-4.0,12.0,16.0,8.0
sel307,11,neurokit_dwt_ch0,250.0,153399,153413,153421,153411,153397,153425,1,,-8.0,16.0,24.0,12.0
sel307,12,neurokit_dwt_ch0,250.0,153681,153693,153701,153691,153678,153706,1,,-12.0,20.0,32.0,16.0
sel307,13,neurokit_dwt_ch0,250.0,153960,153973,153980,153972,153958,153986,1,,-8.0,24.0,32.0,16.0
sel307,14,neurokit_dwt_ch0,250.0,154252,154264,154271,154263,154249,154278,1,,-12.0,28.0,40.0,20.0
sel307,15,neurokit_dwt_ch0,250.0,154523,154536,154542,154534,154520,154549,1,,-12.0,28.0,40.0,20.0
sel307,16,neurokit_dwt_ch0,250.0,154803,154816,154822,154814,154801,154829,1,,-8.0,28.0,36.0,18.0
sel307,17,neurokit_dwt_ch0,250.0,155085,155096,155103,155094,155080,155108,1,,-20.0,20.0,40.0,20.0
sel307,18,neurokit_dwt_ch0,250.0,155355,155368,155376,155367,155353,155381,1,,-8.0,20.0,28.0,14.0
sel307,19,neurokit_dwt_ch0,250.0,155634,155651,155658,155650,155636,155663,1,,8.0,20.0,12.0,14.0
sel307,20,neurokit_dwt_ch0,250.0,155912,155925,155933,155923,155910,155937,1,,-8.0,16.0,24.0,12.0
sel307,21,neurokit_dwt_ch0,250.0,156176,156188,156191,156186,156172,156203,1,,-16.0,48.0,64.0,32.0
sel307,22,neurokit_dwt_ch0,250.0,156413,156425,156433,156423,156409,156438,1,,-16.0,20.0,36.0,18.0
sel307,23,neurokit_dwt_ch0,250.0,156690,156704,156710,156703,156688,156717,1,,-8.0,28.0,36.0,18.0
sel307,24,neurokit_dwt_ch0,250.0,156937,156950,156959,156948,156934,156961,1,,-12.0,8.0,20.0,10.0
sel307,25,neurokit_dwt_ch0,250.0,157163,157177,157185,157176,157162,157191,1,,-4.0,24.0,28.0,14.0
sel307,26,neurokit_dwt_ch0,250.0,157386,157401,157409,157399,157385,157413,1,,-4.0,16.0,20.0,10.0
sel307,27,neurokit_dwt_ch0,250.0,157691,157705,157713,157704,157690,157717,1,,-4.0,16.0,20.0,10.0
sel307,28,neurokit_dwt_ch0,250.0,157977,157988,157995,157987,157973,158001,1,,-16.0,24.0,40.0,20.0
sel307,29,neurokit_dwt_ch0,250.0,158243,158256,158267,158255,158241,158268,1,,-8.0,4.0,12.0,6.0
sel307,0,neurokit_dwt_ch1,250.0,150406,150420,150427,150416,150379,150430,1,,-108.0,12.0,120.0,60.0
sel307,1,neurokit_dwt_ch1,250.0,150687,150701,150707,150697,150682,150711,1,,-20.0,16.0,36.0,18.0
sel307,2,neurokit_dwt_ch1,250.0,150979,150991,150998,150987,150949,151002,1,,-120.0,16.0,136.0,68.0
sel307,3,neurokit_dwt_ch1,250.0,151265,151280,151287,151276,151237,151290,1,,-112.0,12.0,124.0,62.0
sel307,4,neurokit_dwt_ch1,250.0,151560,151571,151577,151568,151529,151582,1,,-124.0,20.0,144.0,72.0
sel307,5,neurokit_dwt_ch1,250.0,151828,151842,151849,151838,151799,151853,1,,-116.0,16.0,132.0,66.0
sel307,6,neurokit_dwt_ch1,250.0,152078,152090,152100,152086,152058,152100,1,,-80.0,0.0,80.0,40.0
sel307,7,neurokit_dwt_ch1,250.0,152313,152325,152331,152322,152283,152336,1,,-120.0,20.0,140.0,70.0
sel307,8,neurokit_dwt_ch1,250.0,152561,152574,152586,152571,152532,152586,1,,-116.0,0.0,116.0,58.0
sel307,9,neurokit_dwt_ch1,250.0,152834,152849,152857,152846,152821,152860,1,,-52.0,12.0,64.0,32.0
sel307,10,neurokit_dwt_ch1,250.0,153118,153132,153141,153128,153103,153143,1,,-60.0,8.0,68.0,34.0
sel307,11,neurokit_dwt_ch1,250.0,153399,153413,153421,153409,153382,153423,1,,-68.0,8.0,76.0,38.0
sel307,12,neurokit_dwt_ch1,250.0,153681,153693,153701,153689,153663,153704,1,,-72.0,12.0,84.0,42.0
sel307,13,neurokit_dwt_ch1,250.0,153960,153973,153980,153970,153942,153984,1,,-72.0,16.0,88.0,44.0
sel307,14,neurokit_dwt_ch1,250.0,154252,154264,154271,154260,154222,154275,1,,-120.0,16.0,136.0,68.0
sel307,15,neurokit_dwt_ch1,250.0,154523,154536,154542,154532,154495,154547,1,,-112.0,20.0,132.0,66.0
sel307,16,neurokit_dwt_ch1,250.0,154803,154816,154822,154812,154774,154827,1,,-116.0,20.0,136.0,68.0
sel307,17,neurokit_dwt_ch1,250.0,155085,155096,155103,155092,155053,155107,1,,-128.0,16.0,144.0,72.0
sel307,18,neurokit_dwt_ch1,250.0,155355,155368,155376,155365,155327,155379,1,,-112.0,12.0,124.0,62.0
sel307,19,neurokit_dwt_ch1,250.0,155634,155651,155658,155647,155609,155662,1,,-100.0,16.0,116.0,58.0
sel307,20,neurokit_dwt_ch1,250.0,155912,155925,155933,155922,155883,155936,1,,-116.0,12.0,128.0,64.0
sel307,21,neurokit_dwt_ch1,250.0,156176,156188,156191,156184,156158,156199,1,,-72.0,32.0,104.0,52.0
sel307,22,neurokit_dwt_ch1,250.0,156413,156425,156433,156421,156393,156436,1,,-80.0,12.0,92.0,46.0
sel307,23,neurokit_dwt_ch1,250.0,156690,156704,156710,156700,156674,156715,1,,-64.0,20.0,84.0,42.0
sel307,24,neurokit_dwt_ch1,250.0,156937,156950,156959,156946,156906,156960,1,,-124.0,4.0,128.0,64.0
sel307,25,neurokit_dwt_ch1,250.0,157163,157177,157185,157173,157135,157188,1,,-112.0,12.0,124.0,62.0
sel307,26,neurokit_dwt_ch1,250.0,157386,157401,157409,157397,157358,157411,1,,-112.0,8.0,120.0,60.0
sel307,27,neurokit_dwt_ch1,250.0,157691,157705,157713,157701,157664,157715,1,,-108.0,8.0,116.0,58.0
sel307,28,neurokit_dwt_ch1,250.0,157977,157988,157995,157984,157947,157999,1,,-120.0,16.0,136.0,68.0
sel307,29,neurokit_dwt_ch1,250.0,158243,158256,158267,158252,158215,158267,1,,-112.0,0.0,112.0,56.0
sel308,0,neurokit_dwt_ch0,250.0,150306,150327,150345,150316,150303,150352,1,,-12.0,28.0,40.0,20.0
sel308,1,neurokit_dwt_ch0,250.0,150516,150535,150550,150525,150499,150553,1,,-68.0,12.0,80.0,40.0
sel308,2,neurokit_dwt_ch0,250.0,150730,150747,150764,150736,150700,150764,1,,-120.0,0.0,120.0,60.0
sel308,3,neurokit_dwt_ch0,250.0,150941,150963,150982,150953,150926,150981,1,,-60.0,-4.0,56.0,32.0
sel308,4,neurokit_dwt_ch0,250.0,151819,151839,151857,151828,151801,151857,1,,-72.0,0.0,72.0,36.0
sel308,5,neurokit_dwt_ch0,250.0,152041,152058,152079,152048,152022,152083,1,,-76.0,16.0,92.0,46.0
sel308,6,neurokit_dwt_ch0,250.0,152255,152271,152291,152261,152234,152289,1,,-84.0,-8.0,76.0,46.0
sel308,7,neurokit_dwt_ch0,250.0,152463,152482,152504,152472,152444,152499,1,,-76.0,-20.0,56.0,48.0
sel308,8,neurokit_dwt_ch0,250.0,152678,152699,152718,,,,0,unmatched_r_peak,,,,160.0
sel308,9,neurokit_dwt_ch0,250.0,152887,152907,152927,152897,152872,152927,1,,-60.0,0.0,60.0,30.0
sel308,10,neurokit_dwt_ch0,250.0,153093,153115,153130,153104,153078,153131,1,,-60.0,4.0,64.0,32.0
sel308,11,neurokit_dwt_ch0,250.0,153298,153321,153338,153311,153283,153339,1,,-60.0,4.0,64.0,32.0
sel308,12,neurokit_dwt_ch0,250.0,153508,153531,153549,153520,153490,153556,1,,-72.0,28.0,100.0,50.0
sel308,13,neurokit_dwt_ch0,250.0,153715,153733,153754,153723,153689,153752,1,,-104.0,-8.0,96.0,56.0
sel308,14,neurokit_dwt_ch0,250.0,153914,153933,153949,153922,153895,153949,1,,-76.0,0.0,76.0,38.0
sel308,15,neurokit_dwt_ch0,250.0,154714,154735,154749,154725,154699,154752,1,,-60.0,12.0,72.0,36.0
sel308,16,neurokit_dwt_ch0,250.0,154920,154939,154954,,,,0,unmatched_r_peak,,,,160.0
sel308,17,neurokit_dwt_ch0,250.0,155735,155758,155771,,,,0,unmatched_r_peak,,,,160.0
sel308,18,neurokit_dwt_ch0,250.0,155948,155972,155987,,,,0,unmatched_r_peak,,,,160.0
sel308,19,neurokit_dwt_ch0,250.0,156824,156848,156866,,,,0,unmatched_r_peak,,,,160.0
sel308,20,neurokit_dwt_ch0,250.0,157054,157080,157089,,,,0,unmatched_r_peak,,,,160.0
sel308,21,neurokit_dwt_ch0,250.0,157263,157291,157302,,,,0,unmatched_r_peak,,,,160.0
sel308,22,neurokit_dwt_ch0,250.0,157482,157505,157520,,,,0,unmatched_r_peak,,,,160.0
sel308,23,neurokit_dwt_ch0,250.0,157694,157711,157730,,,,0,unmatched_r_peak,,,,160.0
sel308,24,neurokit_dwt_ch0,250.0,157901,157925,157941,,,,0,unmatched_r_peak,,,,160.0
sel308,25,neurokit_dwt_ch0,250.0,158111,158131,158146,158121,158086,158149,1,,-100.0,12.0,112.0,56.0
sel308,26,neurokit_dwt_ch0,250.0,158324,158344,158362,158333,158309,158370,1,,-60.0,32.0,92.0,46.0
sel308,27,neurokit_dwt_ch0,250.0,158538,158559,158574,158548,158536,158587,1,,-8.0,52.0,60.0,30.0
sel308,28,neurokit_dwt_ch0,250.0,158746,158765,158793,158755,158728,158783,1,,-72.0,-40.0,32.0,56.0
sel308,29,neurokit_dwt_ch0,250.0,158948,158970,158985,158959,158924,158987,1,,-96.0,8.0,104.0,52.0
sel308,30,neurokit_dwt_ch0,250.0,159159,159179,159191,159168,159141,159197,1,,-72.0,24.0,96.0,48.0
sel308,31,neurokit_dwt_ch0,250.0,159365,159386,159405,,,,0,unmatched_r_peak,,,,160.0
sel308,32,neurokit_dwt_ch0,250.0,159568,159587,159612,159577,159550,159605,1,,-72.0,-28.0,44.0,50.0
sel308,33,neurokit_dwt_ch0,250.0,159770,159789,159805,159778,159751,159805,1,,-76.0,0.0,76.0,38.0
sel308,34,neurokit_dwt_ch0,250.0,159976,159995,160014,159984,159950,160013,1,,-104.0,-4.0,100.0,54.0
sel308,35,neurokit_dwt_ch0,250.0,164194,164222,164235,,,,0,unmatched_r_peak,,,,160.0
sel308,36,neurokit_dwt_ch0,250.0,173197,173220,173234,,,,0,unmatched_r_peak,,,,160.0
sel308,37,neurokit_dwt_ch0,250.0,173405,173428,173441,,,,0,unmatched_r_peak,,,,160.0
sel308,38,neurokit_dwt_ch0,250.0,173616,173640,173653,,,,0,unmatched_r_peak,,,,160.0
sel308,39,neurokit_dwt_ch0,250.0,173834,173853,173873,173842,173815,173856,1,,-76.0,-68.0,8.0,72.0
sel308,40,neurokit_dwt_ch0,250.0,174057,174063,174081,174052,174025,174088,1,,-128.0,28.0,156.0,78.0
sel308,41,neurokit_dwt_ch0,250.0,174248,174275,174286,,,,0,unmatched_r_peak,,,,160.0
sel308,42,neurokit_dwt_ch0,250.0,174461,174484,174499,,,,0,unmatched_r_peak,,,,160.0
sel308,43,neurokit_dwt_ch0,250.0,177821,177843,177859,177833,177804,177860,1,,-68.0,4.0,72.0,36.0
sel308,44,neurokit_dwt_ch0,250.0,178032,178056,178073,,,,0,missing_dwt_boundary,,,,160.0
sel308,45,neurokit_dwt_ch0,250.0,178242,178265,178284,178254,178227,178270,1,,-60.0,-56.0,4.0,58.0
sel308,46,neurokit_dwt_ch0,250.0,178446,178475,178483,,,,0,unmatched_r_peak,,,,160.0
sel308,47,neurokit_dwt_ch0,250.0,178652,178676,178690,,,,0,unmatched_r_peak,,,,160.0
sel308,48,neurokit_dwt_ch0,250.0,180926,180953,180966,,,,0,unmatched_r_peak,,,,160.0
sel308,49,neurokit_dwt_ch0,250.0,199439,199458,199476,199449,199422,199463,1,,-68.0,-52.0,16.0,60.0
sel308,0,neurokit_dwt_ch1,250.0,150306,150327,150345,,,,0,missing_dwt_boundary,,,,160.0
sel308,1,neurokit_dwt_ch1,250.0,150516,150535,150550,,,,0,missing_dwt_boundary,,,,160.0
sel308,2,neurokit_dwt_ch1,250.0,150730,150747,150764,,,,0,missing_dwt_boundary,,,,160.0
sel308,3,neurokit_dwt_ch1,250.0,150941,150963,150982,,,,0,missing_dwt_boundary,,,,160.0
sel308,4,neurokit_dwt_ch1,250.0,151819,151839,151857,,,,0,missing_dwt_boundary,,,,160.0
sel308,5,neurokit_dwt_ch1,250.0,152041,152058,152079,,,,0,missing_dwt_boundary,,,,160.0
sel308,6,neurokit_dwt_ch1,250.0,152255,152271,152291,,,,0,missing_dwt_boundary,,,,160.0
sel308,7,neurokit_dwt_ch1,250.0,152463,152482,152504,,,,0,missing_dwt_boundary,,,,160.0
sel308,8,neurokit_dwt_ch1,250.0,152678,152699,152718,,,,0,missing_dwt_boundary,,,,160.0
sel308,9,neurokit_dwt_ch1,250.0,152887,152907,152927,,,,0,missing_dwt_boundary,,,,160.0
sel308,10,neurokit_dwt_ch1,250.0,153093,153115,153130,,,,0,missing_dwt_boundary,,,,160.0
sel308,11,neurokit_dwt_ch1,250.0,153298,153321,153338,,,,0,missing_dwt_boundary,,,,160.0
sel308,12,neurokit_dwt_ch1,250.0,153508,153531,153549,,,,0,missing_dwt_boundary,,,,160.0
sel308,13,neurokit_dwt_ch1,250.0,153715,153733,153754,,,,0,missing_dwt_boundary,,,,160.0
sel308,14,neurokit_dwt_ch1,250.0,153914,153933,153949,,,,0,missing_dwt_boundary,,,,160.0
sel308,15,neurokit_dwt_ch1,250.0,154714,154735,154749,,,,0,missing_dwt_boundary,,,,160.0
sel308,16,neurokit_dwt_ch1,250.0,154920,154939,154954,,,,0,missing_dwt_boundary,,,,160.0
sel308,17,neurokit_dwt_ch1,250.0,155735,155758,155771,,,,0,missing_dwt_boundary,,,,160.0
sel308,18,neurokit_dwt_ch1,250.0,155948,155972,155987,155976,155953,156000,1,,20.0,52.0,32.0,36.0
sel308,19,neurokit_dwt_ch1,250.0,156824,156848,156866,156855,156832,156876,1,,32.0,40.0,8.0,36.0
sel308,20,neurokit_dwt_ch1,250.0,157054,157080,157089,,,,0,missing_dwt_boundary,,,,160.0
sel308,21,neurokit_dwt_ch1,250.0,157263,157291,157302,,,,0,missing_dwt_boundary,,,,160.0
sel308,22,neurokit_dwt_ch1,250.0,157482,157505,157520,,,,0,missing_dwt_boundary,,,,160.0
sel308,23,neurokit_dwt_ch1,250.0,157694,157711,157730,,,,0,missing_dwt_boundary,,,,160.0
sel308,24,neurokit_dwt_ch1,250.0,157901,157925,157941,,,,0,missing_dwt_boundary,,,,160.0
sel308,25,neurokit_dwt_ch1,250.0,158111,158131,158146,,,,0,missing_dwt_boundary,,,,160.0
sel308,26,neurokit_dwt_ch1,250.0,158324,158344,158362,,,,0,missing_dwt_boundary,,,,160.0
sel308,27,neurokit_dwt_ch1,250.0,158538,158559,158574,,,,0,missing_dwt_boundary,,,,160.0
sel308,28,neurokit_dwt_ch1,250.0,158746,158765,158793,,,,0,missing_dwt_boundary,,,,160.0
sel308,29,neurokit_dwt_ch1,250.0,158948,158970,158985,,,,0,missing_dwt_boundary,,,,160.0
sel308,30,neurokit_dwt_ch1,250.0,159159,159179,159191,,,,0,missing_dwt_boundary,,,,160.0
sel308,31,neurokit_dwt_ch1,250.0,159365,159386,159405,,,,0,missing_dwt_boundary,,,,160.0
sel308,32,neurokit_dwt_ch1,250.0,159568,159587,159612,,,,0,missing_dwt_boundary,,,,160.0
sel308,33,neurokit_dwt_ch1,250.0,159770,159789,159805,159795,159773,159817,1,,12.0,48.0,36.0,30.0
sel308,34,neurokit_dwt_ch1,250.0,159976,159995,160014,,,,0,missing_dwt_boundary,,,,160.0
sel308,35,neurokit_dwt_ch1,250.0,164194,164222,164235,,,,0,missing_dwt_boundary,,,,160.0
sel308,36,neurokit_dwt_ch1,250.0,173197,173220,173234,,,,0,missing_dwt_boundary,,,,160.0
sel308,37,neurokit_dwt_ch1,250.0,173405,173428,173441,,,,0,missing_dwt_boundary,,,,160.0
sel308,38,neurokit_dwt_ch1,250.0,173616,173640,173653,,,,0,missing_dwt_boundary,,,,160.0
sel308,39,neurokit_dwt_ch1,250.0,173834,173853,173873,173860,173838,173888,1,,16.0,60.0,44.0,38.0
sel308,40,neurokit_dwt_ch1,250.0,174057,174063,174081,,,,0,missing_dwt_boundary,,,,160.0
sel308,41,neurokit_dwt_ch1,250.0,174248,174275,174286,,,,0,missing_dwt_boundary,,,,160.0
sel308,42,neurokit_dwt_ch1,250.0,174461,174484,174499,,,,0,missing_dwt_boundary,,,,160.0
sel308,43,neurokit_dwt_ch1,250.0,177821,177843,177859,,,,0,missing_dwt_boundary,,,,160.0
sel308,44,neurokit_dwt_ch1,250.0,178032,178056,178073,,,,0,missing_dwt_boundary,,,,160.0
sel308,45,neurokit_dwt_ch1,250.0,178242,178265,178284,,,,0,missing_dwt_boundary,,,,160.0
sel308,46,neurokit_dwt_ch1,250.0,178446,178475,178483,,,,0,missing_dwt_boundary,,,,160.0
sel308,47,neurokit_dwt_ch1,250.0,178652,178676,178690,,,,0,missing_dwt_boundary,,,,160.0
sel308,48,neurokit_dwt_ch1,250.0,180926,180953,180966,,,,0,missing_dwt_boundary,,,,160.0
sel308,49,neurokit_dwt_ch1,250.0,199439,199458,199476,,,,0,missing_dwt_boundary,,,,160.0
sel31,0,neurokit_dwt_ch0,250.0,150273,150292,150310,150291,150266,150310,1,,-28.0,0.0,28.0,14.0
sel31,1,neurokit_dwt_ch0,250.0,150479,150495,150515,150493,150450,150510,1,,-116.0,-20.0,96.0,68.0
sel31,2,neurokit_dwt_ch0,250.0,150678,150698,150719,150697,150670,150715,1,,-32.0,-16.0,16.0,24.0
sel31,3,neurokit_dwt_ch0,250.0,150885,150900,150919,150899,150854,150916,1,,-124.0,-12.0,112.0,68.0
sel31,4,neurokit_dwt_ch0,250.0,151090,151106,151125,151104,151061,151123,1,,-116.0,-8.0,108.0,62.0
sel31,5,neurokit_dwt_ch0,250.0,151296,151313,151329,151311,151282,151329,1,,-56.0,0.0,56.0,28.0
sel31,6,neurokit_dwt_ch0,250.0,151503,151520,151539,151519,151473,151537,1,,-120.0,-8.0,112.0,64.0
sel31,7,neurokit_dwt_ch0,250.0,151710,151729,151747,151728,151684,151746,1,,-104.0,-4.0,100.0,54.0
sel31,8,neurokit_dwt_ch0,250.0,151921,151939,151961,151938,151893,151955,1,,-112.0,-24.0,88.0,68.0
sel31,9,neurokit_dwt_ch0,250.0,152130,152150,152167,152148,152104,152166,1,,-104.0,-4.0,100.0,54.0
sel31,10,neurokit_dwt_ch0,250.0,152343,152363,152382,152362,152319,152380,1,,-96.0,-8.0,88.0,52.0
sel31,11,neurokit_dwt_ch0,250.0,152556,152575,152591,152574,152545,152592,1,,-44.0,4.0,48.0,24.0
sel31,12,neurokit_dwt_ch0,250.0,152767,152788,152804,152786,152743,152804,1,,-96.0,0.0,96.0,48.0
sel31,13,neurokit_dwt_ch0,250.0,152983,153001,153020,152999,152955,153018,1,,-112.0,-8.0,104.0,60.0
sel31,14,neurokit_dwt_ch0,250.0,153199,153214,153231,153212,153187,153230,1,,-48.0,-4.0,44.0,26.0
sel31,15,neurokit_dwt_ch0,250.0,153406,153426,153447,153425,153380,153443,1,,-104.0,-16.0,88.0,60.0
sel31,16,neurokit_dwt_ch0,250.0,153619,153640,153657,153639,153610,153656,1,,-36.0,-4.0,32.0,20.0
sel31,17,neurokit_dwt_ch0,250.0,153832,153852,153870,153850,153823,153868,1,,-36.0,-8.0,28.0,22.0
sel31,18,neurokit_dwt_ch0,250.0,154045,154064,154083,154063,154036,154080,1,,-36.0,-12.0,24.0,24.0
sel31,19,neurokit_dwt_ch0,250.0,154260,154273,154289,154272,154230,154289,1,,-120.0,0.0,120.0,60.0
sel31,20,neurokit_dwt_ch0,250.0,154463,154482,154499,154481,154455,154499,1,,-32.0,0.0,32.0,16.0
sel31,21,neurokit_dwt_ch0,250.0,154675,154696,154713,,,,0,missing_dwt_boundary,,,,160.0
sel31,22,neurokit_dwt_ch0,250.0,154882,154903,154921,154902,154856,154920,1,,-104.0,-4.0,100.0,54.0
sel31,23,neurokit_dwt_ch0,250.0,155095,155115,155132,,,,0,missing_dwt_boundary,,,,160.0
sel31,24,neurokit_dwt_ch0,250.0,155304,155324,155343,155322,155279,155341,1,,-100.0,-8.0,92.0,54.0
sel31,25,neurokit_dwt_ch0,250.0,155515,155533,155552,,,,0,missing_dwt_boundary,,,,160.0
sel31,26,neurokit_dwt_ch0,250.0,155725,155740,155757,155738,155695,155756,1,,-120.0,-4.0,116.0,62.0
sel31,27,neurokit_dwt_ch0,250.0,155931,155949,155966,,,,0,missing_dwt_boundary,,,,160.0
sel31,28,neurokit_dwt_ch0,250.0,156134,156153,156171,156152,156108,156170,1,,-104.0,-4.0,100.0,54.0
sel31,29,neurokit_dwt_ch0,250.0,156337,156358,156375,,,,0,missing_dwt_boundary,,,,160.0
sel31,0,neurokit_dwt_ch1,250.0,150273,150292,150310,,,,0,unmatched_r_peak,,,,160.0
sel31,1,neurokit_dwt_ch1,250.0,150479,150495,150515,,,,0,unmatched_r_peak,,,,160.0
sel31,2,neurokit_dwt_ch1,250.0,150678,150698,150719,,,,0,unmatched_r_peak,,,,160.0
sel31,3,neurokit_dwt_ch1,250.0,150885,150900,150919,,,,0,unmatched_r_peak,,,,160.0
sel31,4,neurokit_dwt_ch1,250.0,151090,151106,151125,,,,0,unmatched_r_peak,,,,160.0
sel31,5,neurokit_dwt_ch1,250.0,151296,151313,151329,,,,0,unmatched_r_peak,,,,160.0
sel31,6,neurokit_dwt_ch1,250.0,151503,151520,151539,,,,0,unmatched_r_peak,,,,160.0
sel31,7,neurokit_dwt_ch1,250.0,151710,151729,151747,,,,0,unmatched_r_peak,,,,160.0
sel31,8,neurokit_dwt_ch1,250.0,151921,151939,151961,,,,0,unmatched_r_peak,,,,160.0
sel31,9,neurokit_dwt_ch1,250.0,152130,152150,152167,,,,0,unmatched_r_peak,,,,160.0
sel31,10,neurokit_dwt_ch1,250.0,152343,152363,152382,,,,0,unmatched_r_peak,,,,160.0
sel31,11,neurokit_dwt_ch1,250.0,152556,152575,152591,,,,0,unmatched_r_peak,,,,160.0
sel31,12,neurokit_dwt_ch1,250.0,152767,152788,152804,,,,0,unmatched_r_peak,,,,160.0
sel31,13,neurokit_dwt_ch1,250.0,152983,153001,153020,,,,0,unmatched_r_peak,,,,160.0
sel31,14,neurokit_dwt_ch1,250.0,153199,153214,153231,,,,0,unmatched_r_peak,,,,160.0
sel31,15,neurokit_dwt_ch1,250.0,153406,153426,153447,,,,0,unmatched_r_peak,,,,160.0
sel31,16,neurokit_dwt_ch1,250.0,153619,153640,153657,,,,0,unmatched_r_peak,,,,160.0
sel31,17,neurokit_dwt_ch1,250.0,153832,153852,153870,,,,0,unmatched_r_peak,,,,160.0
sel31,18,neurokit_dwt_ch1,250.0,154045,154064,154083,,,,0,unmatched_r_peak,,,,160.0
sel31,19,neurokit_dwt_ch1,250.0,154260,154273,154289,,,,0,unmatched_r_peak,,,,160.0
sel31,20,neurokit_dwt_ch1,250.0,154463,154482,154499,,,,0,unmatched_r_peak,,,,160.0
sel31,21,neurokit_dwt_ch1,250.0,154675,154696,154713,,,,0,unmatched_r_peak,,,,160.0
sel31,22,neurokit_dwt_ch1,250.0,154882,154903,154921,,,,0,unmatched_r_peak,,,,160.0
sel31,23,neurokit_dwt_ch1,250.0,155095,155115,155132,,,,0,unmatched_r_peak,,,,160.0
sel31,24,neurokit_dwt_ch1,250.0,155304,155324,155343,,,,0,unmatched_r_peak,,,,160.0
sel31,25,neurokit_dwt_ch1,250.0,155515,155533,155552,,,,0,unmatched_r_peak,,,,160.0
sel31,26,neurokit_dwt_ch1,250.0,155725,155740,155757,,,,0,unmatched_r_peak,,,,160.0
sel31,27,neurokit_dwt_ch1,250.0,155931,155949,155966,,,,0,unmatched_r_peak,,,,160.0
sel31,28,neurokit_dwt_ch1,250.0,156134,156153,156171,,,,0,unmatched_r_peak,,,,160.0
sel31,29,neurokit_dwt_ch1,250.0,156337,156358,156375,,,,0,unmatched_r_peak,,,,160.0
sel310,0,neurokit_dwt_ch0,250.0,150150,150165,150177,150163,150151,150177,1,,4.0,0.0,-4.0,2.0
sel310,1,neurokit_dwt_ch0,250.0,150272,150288,150299,150286,150274,150300,1,,8.0,4.0,-4.0,6.0
sel310,2,neurokit_dwt_ch0,250.0,150398,150412,150423,150410,150398,150424,1,,0.0,4.0,4.0,2.0
sel310,3,neurokit_dwt_ch0,250.0,150522,150535,150544,150534,150522,150547,1,,0.0,12.0,12.0,6.0
sel310,4,neurokit_dwt_ch0,250.0,150644,150657,150666,150655,150643,150669,1,,-4.0,12.0,16.0,8.0
sel310,5,neurokit_dwt_ch0,250.0,150765,150779,150789,150777,150765,150791,1,,0.0,8.0,8.0,4.0
sel310,6,neurokit_dwt_ch0,250.0,150885,150901,150911,150899,150887,150913,1,,8.0,8.0,0.0,8.0
sel310,7,neurokit_dwt_ch0,250.0,151007,151023,151033,151021,151009,151035,1,,8.0,8.0,0.0,8.0
sel310,8,neurokit_dwt_ch0,250.0,151132,151143,151152,151142,151129,151155,1,,-12.0,12.0,24.0,12.0
sel310,9,neurokit_dwt_ch0,250.0,151250,151264,151275,151262,151250,151276,1,,0.0,4.0,4.0,2.0
sel310,10,neurokit_dwt_ch0,250.0,151372,151386,151395,151384,151372,151398,1,,0.0,12.0,12.0,6.0
sel310,11,neurokit_dwt_ch0,250.0,151495,151509,151518,151507,151495,151522,1,,0.0,16.0,16.0,8.0
sel310,12,neurokit_dwt_ch0,250.0,151617,151631,151639,151630,151617,151643,1,,0.0,16.0,16.0,8.0
sel310,13,neurokit_dwt_ch0,250.0,151740,151753,151763,151752,151739,151765,1,,-4.0,8.0,12.0,6.0
sel310,14,neurokit_dwt_ch0,250.0,151860,151876,151885,151875,151862,151888,1,,8.0,12.0,4.0,10.0
sel310,15,neurokit_dwt_ch0,250.0,151986,152000,152008,151998,151986,152012,1,,0.0,16.0,16.0,8.0
sel310,16,neurokit_dwt_ch0,250.0,152109,152124,152135,152123,152110,152137,1,,4.0,8.0,4.0,6.0
sel310,17,neurokit_dwt_ch0,250.0,152236,152248,152260,,,,0,missing_dwt_boundary,,,,160.0
sel310,18,neurokit_dwt_ch0,250.0,152359,152370,152382,152369,152357,152383,1,,-8.0,4.0,12.0,6.0
sel310,19,neurokit_dwt_ch0,250.0,152479,152492,152503,152490,152478,152504,1,,-4.0,4.0,8.0,4.0
sel310,20,neurokit_dwt_ch0,250.0,152598,152613,152622,152612,152599,152625,1,,4.0,12.0,8.0,8.0
sel310,21,neurokit_dwt_ch0,250.0,152719,152734,152744,152733,152720,152746,1,,4.0,8.0,4.0,6.0
sel310,22,neurokit_dwt_ch0,250.0,152842,152856,152866,152855,152842,152869,1,,0.0,12.0,12.0,6.0
sel310,23,neurokit_dwt_ch0,250.0,152964,152978,152987,152976,152964,152990,1,,0.0,12.0,12.0,6.0
sel310,24,neurokit_dwt_ch0,250.0,153086,153099,153110,153098,153085,153111,1,,-4.0,4.0,8.0,4.0
sel310,25,neurokit_dwt_ch0,250.0,153207,153221,153234,153219,153207,153233,1,,0.0,-4.0,-4.0,2.0
sel310,26,neurokit_dwt_ch0,250.0,154055,154070,154080,154069,154057,154083,1,,8.0,12.0,4.0,10.0
sel310,27,neurokit_dwt_ch0,250.0,154178,154191,154203,154189,154177,154203,1,,-4.0,0.0,4.0,2.0
sel310,28,neurokit_dwt_ch0,250.0,154298,154311,154321,154309,154297,154323,1,,-4.0,8.0,12.0,6.0
sel310,29,neurokit_dwt_ch0,250.0,154417,154430,154440,154429,154416,154442,1,,-4.0,8.0,12.0,6.0
sel310,0,neurokit_dwt_ch1,250.0,150150,150165,150177,150162,150150,150176,1,,0.0,-4.0,-4.0,2.0
sel310,1,neurokit_dwt_ch1,250.0,150272,150288,150299,150285,150273,150299,1,,4.0,0.0,-4.0,2.0
sel310,2,neurokit_dwt_ch1,250.0,150398,150412,150423,150409,150397,150423,1,,-4.0,0.0,4.0,2.0
sel310,3,neurokit_dwt_ch1,250.0,150522,150535,150544,150533,150520,150546,1,,-8.0,8.0,16.0,8.0
sel310,4,neurokit_dwt_ch1,250.0,150644,150657,150666,150654,150642,150668,1,,-8.0,8.0,16.0,8.0
sel310,5,neurokit_dwt_ch1,250.0,150765,150779,150789,150776,150764,150790,1,,-4.0,4.0,8.0,4.0
sel310,6,neurokit_dwt_ch1,250.0,150885,150901,150911,150898,150885,150912,1,,0.0,4.0,4.0,2.0
sel310,7,neurokit_dwt_ch1,250.0,151007,151023,151033,151020,151007,151034,1,,0.0,4.0,4.0,2.0
sel310,8,neurokit_dwt_ch1,250.0,151132,151143,151152,151140,151128,151154,1,,-16.0,8.0,24.0,12.0
sel310,9,neurokit_dwt_ch1,250.0,151250,151264,151275,151261,151249,151275,1,,-4.0,0.0,4.0,2.0
sel310,10,neurokit_dwt_ch1,250.0,151372,151386,151395,151383,151371,151397,1,,-4.0,8.0,12.0,6.0
sel310,11,neurokit_dwt_ch1,250.0,151495,151509,151518,151506,151494,151520,1,,-4.0,8.0,12.0,6.0
sel310,12,neurokit_dwt_ch1,250.0,151617,151631,151639,151628,151615,151642,1,,-8.0,12.0,20.0,10.0
sel310,13,neurokit_dwt_ch1,250.0,151740,151753,151763,151751,151738,151764,1,,-8.0,4.0,12.0,6.0
sel310,14,neurokit_dwt_ch1,250.0,151860,151876,151885,151874,151861,151887,1,,4.0,8.0,4.0,6.0
sel310,15,neurokit_dwt_ch1,250.0,151986,152000,152008,151997,151985,152011,1,,-4.0,12.0,16.0,8.0
sel310,16,neurokit_dwt_ch1,250.0,152109,152124,152135,152122,152110,152135,1,,4.0,0.0,-4.0,2.0
sel310,17,neurokit_dwt_ch1,250.0,152236,152248,152260,152245,152231,152260,1,,-20.0,0.0,20.0,10.0
sel310,18,neurokit_dwt_ch1,250.0,152359,152370,152382,152368,152326,152382,1,,-132.0,0.0,132.0,66.0
sel310,19,neurokit_dwt_ch1,250.0,152479,152492,152503,152489,152476,152503,1,,-12.0,0.0,12.0,6.0
sel310,20,neurokit_dwt_ch1,250.0,152598,152613,152622,152611,152598,152624,1,,0.0,8.0,8.0,4.0
sel310,21,neurokit_dwt_ch1,250.0,152719,152734,152744,152732,152720,152746,1,,4.0,8.0,4.0,6.0
sel310,22,neurokit_dwt_ch1,250.0,152842,152856,152866,152854,152841,152868,1,,-4.0,8.0,12.0,6.0
sel310,23,neurokit_dwt_ch1,250.0,152964,152978,152987,152975,152963,152989,1,,-4.0,8.0,12.0,6.0
sel310,24,neurokit_dwt_ch1,250.0,153086,153099,153110,153097,153084,153110,1,,-8.0,0.0,8.0,4.0
sel310,25,neurokit_dwt_ch1,250.0,153207,153221,153234,153218,153206,153232,1,,-4.0,-8.0,-4.0,6.0
sel310,26,neurokit_dwt_ch1,250.0,154055,154070,154080,154068,154055,154081,1,,0.0,4.0,4.0,2.0
sel310,27,neurokit_dwt_ch1,250.0,154178,154191,154203,154188,154176,154202,1,,-8.0,-4.0,4.0,6.0
sel310,28,neurokit_dwt_ch1,250.0,154298,154311,154321,154308,154296,154322,1,,-8.0,4.0,12.0,6.0
sel310,29,neurokit_dwt_ch1,250.0,154417,154430,154440,154427,154415,154441,1,,-8.0,4.0,12.0,6.0
sel32,0,neurokit_dwt_ch0,250.0,150344,150358,150371,,,,0,missing_dwt_boundary,,,,160.0
sel32,1,neurokit_dwt_ch0,250.0,150529,150544,150558,,,,0,missing_dwt_boundary,,,,160.0
sel32,2,neurokit_dwt_ch0,250.0,150712,150726,150739,150723,150693,150746,1,,-76.0,28.0,104.0,52.0
sel32,3,neurokit_dwt_ch0,250.0,150894,150908,150921,150905,150874,150915,1,,-80.0,-24.0,56.0,52.0
sel32,4,neurokit_dwt_ch0,250.0,151078,151091,151105,151090,151059,151114,1,,-76.0,36.0,112.0,56.0
sel32,5,neurokit_dwt_ch0,250.0,151262,151275,151287,,,,0,missing_dwt_boundary,,,,160.0
sel32,6,neurokit_dwt_ch0,250.0,151448,151459,151476,151458,151428,151478,1,,-80.0,8.0,88.0,44.0
sel32,7,neurokit_dwt_ch0,250.0,151634,151645,151665,151643,151612,151673,1,,-88.0,32.0,120.0,60.0
sel32,8,neurokit_dwt_ch0,250.0,151819,151831,151845,151829,151798,151847,1,,-84.0,8.0,92.0,46.0
sel32,9,neurokit_dwt_ch0,250.0,152003,152016,152036,152014,151983,152039,1,,-80.0,12.0,92.0,46.0
sel32,10,neurokit_dwt_ch0,250.0,152187,152201,152215,,,,0,missing_dwt_boundary,,,,160.0
sel32,11,neurokit_dwt_ch0,250.0,152374,152386,152402,,,,0,missing_dwt_boundary,,,,160.0
sel32,12,neurokit_dwt_ch0,250.0,152556,152569,152581,,,,0,missing_dwt_boundary,,,,160.0
sel32,13,neurokit_dwt_ch0,250.0,152736,152750,152766,152747,152717,152765,1,,-76.0,-4.0,72.0,40.0
sel32,14,neurokit_dwt_ch0,250.0,152918,152933,152945,152929,152896,152961,1,,-88.0,64.0,152.0,76.0
sel32,15,neurokit_dwt_ch0,250.0,153100,153114,153125,,,,0,missing_dwt_boundary,,,,160.0
sel32,16,neurokit_dwt_ch0,250.0,153279,153291,153307,153290,153259,153308,1,,-80.0,4.0,84.0,42.0
sel32,17,neurokit_dwt_ch0,250.0,153457,153471,153485,,,,0,missing_dwt_boundary,,,,160.0
sel32,18,neurokit_dwt_ch0,250.0,153636,153651,153664,153647,153613,153676,1,,-92.0,48.0,140.0,70.0
sel32,19,neurokit_dwt_ch0,250.0,153816,153830,153840,,,,0,missing_dwt_boundary,,,,160.0
sel32,20,neurokit_dwt_ch0,250.0,153994,154008,154021,,,,0,missing_dwt_boundary,,,,160.0
sel32,21,neurokit_dwt_ch0,250.0,154171,154188,154203,,,,0,missing_dwt_boundary,,,,160.0
sel32,22,neurokit_dwt_ch0,250.0,154352,154366,154379,,,,0,missing_dwt_boundary,,,,160.0
sel32,23,neurokit_dwt_ch0,250.0,154532,154546,154555,,,,0,missing_dwt_boundary,,,,160.0
sel32,24,neurokit_dwt_ch0,250.0,154711,154726,154735,,,,0,missing_dwt_boundary,,,,160.0
sel32,25,neurokit_dwt_ch0,250.0,154892,154906,154917,,,,0,missing_dwt_boundary,,,,160.0
sel32,26,neurokit_dwt_ch0,250.0,155071,155084,155096,,,,0,missing_dwt_boundary,,,,160.0
sel32,27,neurokit_dwt_ch0,250.0,155251,155265,155278,155262,155231,155284,1,,-80.0,24.0,104.0,52.0
sel32,28,neurokit_dwt_ch0,250.0,155428,155443,155457,155440,155409,155460,1,,-76.0,12.0,88.0,44.0
sel32,29,neurokit_dwt_ch0,250.0,155608,155620,155635,155618,155599,155646,1,,-36.0,44.0,80.0,40.0
sel32,0,neurokit_dwt_ch1,250.0,150344,150358,150371,,,,0,unmatched_r_peak,,,,160.0
sel32,1,neurokit_dwt_ch1,250.0,150529,150544,150558,,,,0,unmatched_r_peak,,,,160.0
sel32,2,neurokit_dwt_ch1,250.0,150712,150726,150739,,,,0,unmatched_r_peak,,,,160.0
sel32,3,neurokit_dwt_ch1,250.0,150894,150908,150921,,,,0,unmatched_r_peak,,,,160.0
sel32,4,neurokit_dwt_ch1,250.0,151078,151091,151105,,,,0,unmatched_r_peak,,,,160.0
sel32,5,neurokit_dwt_ch1,250.0,151262,151275,151287,,,,0,unmatched_r_peak,,,,160.0
sel32,6,neurokit_dwt_ch1,250.0,151448,151459,151476,,,,0,unmatched_r_peak,,,,160.0
sel32,7,neurokit_dwt_ch1,250.0,151634,151645,151665,,,,0,unmatched_r_peak,,,,160.0
sel32,8,neurokit_dwt_ch1,250.0,151819,151831,151845,,,,0,unmatched_r_peak,,,,160.0
sel32,9,neurokit_dwt_ch1,250.0,152003,152016,152036,,,,0,unmatched_r_peak,,,,160.0
sel32,10,neurokit_dwt_ch1,250.0,152187,152201,152215,,,,0,unmatched_r_peak,,,,160.0
sel32,11,neurokit_dwt_ch1,250.0,152374,152386,152402,,,,0,unmatched_r_peak,,,,160.0
sel32,12,neurokit_dwt_ch1,250.0,152556,152569,152581,,,,0,unmatched_r_peak,,,,160.0
sel32,13,neurokit_dwt_ch1,250.0,152736,152750,152766,,,,0,unmatched_r_peak,,,,160.0
sel32,14,neurokit_dwt_ch1,250.0,152918,152933,152945,,,,0,unmatched_r_peak,,,,160.0
sel32,15,neurokit_dwt_ch1,250.0,153100,153114,153125,,,,0,unmatched_r_peak,,,,160.0
sel32,16,neurokit_dwt_ch1,250.0,153279,153291,153307,,,,0,unmatched_r_peak,,,,160.0
sel32,17,neurokit_dwt_ch1,250.0,153457,153471,153485,,,,0,unmatched_r_peak,,,,160.0
sel32,18,neurokit_dwt_ch1,250.0,153636,153651,153664,,,,0,unmatched_r_peak,,,,160.0
sel32,19,neurokit_dwt_ch1,250.0,153816,153830,153840,,,,0,unmatched_r_peak,,,,160.0
sel32,20,neurokit_dwt_ch1,250.0,153994,154008,154021,,,,0,unmatched_r_peak,,,,160.0
sel32,21,neurokit_dwt_ch1,250.0,154171,154188,154203,,,,0,unmatched_r_peak,,,,160.0
sel32,22,neurokit_dwt_ch1,250.0,154352,154366,154379,,,,0,unmatched_r_peak,,,,160.0
sel32,23,neurokit_dwt_ch1,250.0,154532,154546,154555,,,,0,unmatched_r_peak,,,,160.0
sel32,24,neurokit_dwt_ch1,250.0,154711,154726,154735,,,,0,unmatched_r_peak,,,,160.0
sel32,25,neurokit_dwt_ch1,250.0,154892,154906,154917,,,,0,unmatched_r_peak,,,,160.0
sel32,26,neurokit_dwt_ch1,250.0,155071,155084,155096,,,,0,unmatched_r_peak,,,,160.0
sel32,27,neurokit_dwt_ch1,250.0,155251,155265,155278,,,,0,unmatched_r_peak,,,,160.0
sel32,28,neurokit_dwt_ch1,250.0,155428,155443,155457,,,,0,unmatched_r_peak,,,,160.0
sel32,29,neurokit_dwt_ch1,250.0,155608,155620,155635,,,,0,unmatched_r_peak,,,,160.0
sel33,0,neurokit_dwt_ch0,250.0,150433,150449,150461,150446,150417,150463,1,,-64.0,8.0,72.0,36.0
sel33,1,neurokit_dwt_ch0,250.0,150839,150855,150870,150854,150825,150869,1,,-56.0,-4.0,52.0,30.0
sel33,2,neurokit_dwt_ch0,250.0,151267,151283,151296,151281,151250,151298,1,,-68.0,8.0,76.0,38.0
sel33,3,neurokit_dwt_ch0,250.0,151651,151667,151682,151665,151636,151682,1,,-60.0,0.0,60.0,30.0
sel33,4,neurokit_dwt_ch0,250.0,152070,152087,152102,152084,152055,152099,1,,-60.0,-12.0,48.0,36.0
sel33,5,neurokit_dwt_ch0,250.0,152509,152524,152540,152523,152494,152541,1,,-60.0,4.0,64.0,32.0
sel33,6,neurokit_dwt_ch0,250.0,152934,152950,152965,152948,152917,152964,1,,-68.0,-4.0,64.0,36.0
sel33,7,neurokit_dwt_ch0,250.0,153359,153376,153393,153374,153345,153391,1,,-56.0,-8.0,48.0,32.0
sel33,8,neurokit_dwt_ch0,250.0,153756,153771,153787,153769,153740,153787,1,,-64.0,0.0,64.0,32.0
sel33,9,neurokit_dwt_ch0,250.0,154173,154188,154204,154186,154155,154201,1,,-72.0,-12.0,60.0,42.0
sel33,10,neurokit_dwt_ch0,250.0,154563,154579,154596,154578,154548,154595,1,,-60.0,-4.0,56.0,32.0
sel33,11,neurokit_dwt_ch0,250.0,154986,155000,155015,154998,154969,155015,1,,-68.0,0.0,68.0,34.0
sel33,12,neurokit_dwt_ch0,250.0,155412,155428,155443,155426,155398,155444,1,,-56.0,4.0,60.0,30.0
sel33,13,neurokit_dwt_ch0,250.0,155822,155839,155855,155837,155807,155853,1,,-60.0,-8.0,52.0,34.0
sel33,14,neurokit_dwt_ch0,250.0,156265,156283,156297,156280,156251,156298,1,,-56.0,4.0,60.0,30.0
sel33,15,neurokit_dwt_ch0,250.0,156692,156708,156726,156707,156675,156723,1,,-68.0,-12.0,56.0,40.0
sel33,16,neurokit_dwt_ch0,250.0,157111,157125,157142,157123,157095,157141,1,,-64.0,-4.0,60.0,34.0
sel33,17,neurokit_dwt_ch0,250.0,157532,157548,157566,157545,157514,157562,1,,-72.0,-16.0,56.0,44.0
sel33,18,neurokit_dwt_ch0,250.0,157955,157971,157988,157969,157941,157987,1,,-56.0,-4.0,52.0,30.0
sel33,19,neurokit_dwt_ch0,250.0,158357,158373,158388,158370,158341,158386,1,,-64.0,-8.0,56.0,36.0
sel33,20,neurokit_dwt_ch0,250.0,158828,158845,158859,158842,158811,158858,1,,-68.0,-4.0,64.0,36.0
sel33,21,neurokit_dwt_ch0,250.0,159224,159241,159258,159238,159207,159255,1,,-68.0,-12.0,56.0,40.0
sel33,22,neurokit_dwt_ch0,250.0,159660,159675,159692,159673,159644,159690,1,,-64.0,-8.0,56.0,36.0
sel33,23,neurokit_dwt_ch0,250.0,160077,160092,160111,160090,160061,160107,1,,-64.0,-16.0,48.0,40.0
sel33,24,neurokit_dwt_ch0,250.0,160499,160515,160532,160512,160483,160528,1,,-64.0,-16.0,48.0,40.0
sel33,25,neurokit_dwt_ch0,250.0,160920,160937,160955,160934,160906,160952,1,,-56.0,-12.0,44.0,34.0
sel33,26,neurokit_dwt_ch0,250.0,161347,161366,161380,161362,161330,161378,1,,-68.0,-8.0,60.0,38.0
sel33,27,neurokit_dwt_ch0,250.0,161794,161812,161829,161809,161780,161827,1,,-56.0,-8.0,48.0,32.0
sel33,28,neurokit_dwt_ch0,250.0,162218,162234,162254,162233,162202,162249,1,,-64.0,-20.0,44.0,42.0
sel33,29,neurokit_dwt_ch0,250.0,162663,162678,162694,162676,162648,162694,1,,-60.0,0.0,60.0,30.0
sel33,0,neurokit_dwt_ch1,250.0,150433,150449,150461,150448,150419,150465,1,,-56.0,16.0,72.0,36.0
sel33,1,neurokit_dwt_ch1,250.0,150839,150855,150870,150856,150827,150872,1,,-48.0,8.0,56.0,28.0
sel33,2,neurokit_dwt_ch1,250.0,151267,151283,151296,151284,151252,151301,1,,-60.0,20.0,80.0,40.0
sel33,3,neurokit_dwt_ch1,250.0,151651,151667,151682,151667,151639,151684,1,,-48.0,8.0,56.0,28.0
sel33,4,neurokit_dwt_ch1,250.0,152070,152087,152102,152086,152055,152103,1,,-60.0,4.0,64.0,32.0
sel33,5,neurokit_dwt_ch1,250.0,152509,152524,152540,152525,152494,152543,1,,-60.0,12.0,72.0,36.0
sel33,6,neurokit_dwt_ch1,250.0,152934,152950,152965,152951,152921,152967,1,,-52.0,8.0,60.0,30.0
sel33,7,neurokit_dwt_ch1,250.0,153359,153376,153393,153377,153346,153394,1,,-52.0,4.0,56.0,28.0
sel33,8,neurokit_dwt_ch1,250.0,153756,153771,153787,153772,153743,153789,1,,-52.0,8.0,60.0,30.0
sel33,9,neurokit_dwt_ch1,250.0,154173,154188,154204,154189,154158,154205,1,,-60.0,4.0,64.0,32.0
sel33,10,neurokit_dwt_ch1,250.0,154563,154579,154596,154580,154549,154598,1,,-56.0,8.0,64.0,32.0
sel33,11,neurokit_dwt_ch1,250.0,154986,155000,155015,155001,154969,155019,1,,-68.0,16.0,84.0,42.0
sel33,12,neurokit_dwt_ch1,250.0,155412,155428,155443,155429,155400,155447,1,,-48.0,16.0,64.0,32.0
sel33,13,neurokit_dwt_ch1,250.0,155822,155839,155855,155840,155810,155856,1,,-48.0,4.0,52.0,26.0
sel33,14,neurokit_dwt_ch1,250.0,156265,156283,156297,156282,156254,156300,1,,-44.0,12.0,56.0,28.0
sel33,15,neurokit_dwt_ch1,250.0,156692,156708,156726,156709,156679,156726,1,,-52.0,0.0,52.0,26.0
sel33,16,neurokit_dwt_ch1,250.0,157111,157125,157142,157126,157097,157144,1,,-56.0,8.0,64.0,32.0
sel33,17,neurokit_dwt_ch1,250.0,157532,157548,157566,157548,157517,157564,1,,-60.0,-8.0,52.0,34.0
sel33,18,neurokit_dwt_ch1,250.0,157955,157971,157988,157972,157943,157990,1,,-48.0,8.0,56.0,28.0
sel33,19,neurokit_dwt_ch1,250.0,158357,158373,158388,158372,158343,158388,1,,-56.0,0.0,56.0,28.0
sel33,20,neurokit_dwt_ch1,250.0,158828,158845,158859,158845,158813,158862,1,,-60.0,12.0,72.0,36.0
sel33,21,neurokit_dwt_ch1,250.0,159224,159241,159258,159240,159209,159257,1,,-60.0,-4.0,56.0,32.0
sel33,22,neurokit_dwt_ch1,250.0,159660,159675,159692,159676,159647,159692,1,,-52.0,0.0,52.0,26.0
sel33,23,neurokit_dwt_ch1,250.0,160077,160092,160111,160092,160063,160109,1,,-56.0,-8.0,48.0,32.0
sel33,24,neurokit_dwt_ch1,250.0,160499,160515,160532,160514,160485,160531,1,,-56.0,-4.0,52.0,30.0
sel33,25,neurokit_dwt_ch1,250.0,160920,160937,160955,160937,160908,160954,1,,-48.0,-4.0,44.0,26.0
sel33,26,neurokit_dwt_ch1,250.0,161347,161366,161380,161364,161332,161381,1,,-60.0,4.0,64.0,32.0
sel33,27,neurokit_dwt_ch1,250.0,161794,161812,161829,161811,161783,161829,1,,-44.0,0.0,44.0,22.0
sel33,28,neurokit_dwt_ch1,250.0,162218,162234,162254,162235,162204,162252,1,,-56.0,-8.0,48.0,32.0
sel33,29,neurokit_dwt_ch1,250.0,162663,162678,162694,162679,162651,162696,1,,-48.0,8.0,56.0,28.0
sel34,0,neurokit_dwt_ch0,250.0,150243,150259,150274,,,,0,missing_dwt_boundary,,,,160.0
sel34,1,neurokit_dwt_ch0,250.0,150479,150494,150511,,,,0,missing_dwt_boundary,,,,160.0
sel34,2,neurokit_dwt_ch0,250.0,150726,150741,150755,150740,150708,150768,1,,-72.0,52.0,124.0,62.0
sel34,3,neurokit_dwt_ch0,250.0,150962,150976,150992,,,,0,missing_dwt_boundary,,,,160.0
sel34,4,neurokit_dwt_ch0,250.0,151212,151226,151246,,,,0,missing_dwt_boundary,,,,160.0
sel34,5,neurokit_dwt_ch0,250.0,151474,151490,151504,,,,0,missing_dwt_boundary,,,,160.0
sel34,6,neurokit_dwt_ch0,250.0,151735,151749,151766,,,,0,missing_dwt_boundary,,,,160.0
sel34,7,neurokit_dwt_ch0,250.0,152000,152014,152028,,,,0,missing_dwt_boundary,,,,160.0
sel34,8,neurokit_dwt_ch0,250.0,152275,152289,152303,,,,0,missing_dwt_boundary,,,,160.0
sel34,9,neurokit_dwt_ch0,250.0,152544,152558,152574,,,,0,missing_dwt_boundary,,,,160.0
sel34,10,neurokit_dwt_ch0,250.0,152788,152803,152818,,,,0,missing_dwt_boundary,,,,160.0
sel34,11,neurokit_dwt_ch0,250.0,153026,153042,153057,,,,0,missing_dwt_boundary,,,,160.0
sel34,12,neurokit_dwt_ch0,250.0,153263,153278,153294,153276,153261,153347,1,,-8.0,212.0,220.0,110.0
sel34,13,neurokit_dwt_ch0,250.0,153493,153508,153524,153506,153491,153531,1,,-8.0,28.0,36.0,18.0
sel34,14,neurokit_dwt_ch0,250.0,153717,153731,153748,153730,153697,153799,1,,-80.0,204.0,284.0,142.0
sel34,15,neurokit_dwt_ch0,250.0,153945,153959,153975,,,,0,missing_dwt_boundary,,,,160.0
sel34,16,neurokit_dwt_ch0,250.0,154189,154202,154218,,,,0,missing_dwt_boundary,,,,160.0
sel34,17,neurokit_dwt_ch0,250.0,154447,154459,154476,,,,0,missing_dwt_boundary,,,,160.0
sel34,18,neurokit_dwt_ch0,250.0,154683,154697,154715,154696,154681,154723,1,,-8.0,32.0,40.0,20.0
sel34,19,neurokit_dwt_ch0,250.0,154910,154922,154941,154920,154889,154936,1,,-84.0,-20.0,64.0,52.0
sel34,20,neurokit_dwt_ch0,250.0,155128,155142,155159,155141,155108,155155,1,,-80.0,-16.0,64.0,48.0
sel34,21,neurokit_dwt_ch0,250.0,155340,155354,155372,,,,0,missing_dwt_boundary,,,,160.0
sel34,22,neurokit_dwt_ch0,250.0,155557,155568,155586,155566,155552,155585,1,,-20.0,-4.0,16.0,12.0
sel34,23,neurokit_dwt_ch0,250.0,155771,155784,155798,,,,0,missing_dwt_boundary,,,,160.0
sel34,24,neurokit_dwt_ch0,250.0,155991,156005,156021,,,,0,missing_dwt_boundary,,,,160.0
sel34,25,neurokit_dwt_ch0,250.0,156245,156260,156277,,,,0,missing_dwt_boundary,,,,160.0
sel34,26,neurokit_dwt_ch0,250.0,156521,156535,156554,,,,0,missing_dwt_boundary,,,,160.0
sel34,27,neurokit_dwt_ch0,250.0,156796,156809,156823,,,,0,missing_dwt_boundary,,,,160.0
sel34,28,neurokit_dwt_ch0,250.0,157070,157083,157099,,,,0,missing_dwt_boundary,,,,160.0
sel34,29,neurokit_dwt_ch0,250.0,157328,157344,157359,,,,0,missing_dwt_boundary,,,,160.0
sel34,0,neurokit_dwt_ch1,250.0,150243,150259,150274,150257,150223,150281,1,,-80.0,28.0,108.0,54.0
sel34,1,neurokit_dwt_ch1,250.0,150479,150494,150511,,,,0,missing_dwt_boundary,,,,160.0
sel34,2,neurokit_dwt_ch1,250.0,150726,150741,150755,,,,0,missing_dwt_boundary,,,,160.0
sel34,3,neurokit_dwt_ch1,250.0,150962,150976,150992,,,,0,missing_dwt_boundary,,,,160.0
sel34,4,neurokit_dwt_ch1,250.0,151212,151226,151246,,,,0,missing_dwt_boundary,,,,160.0
sel34,5,neurokit_dwt_ch1,250.0,151474,151490,151504,,,,0,missing_dwt_boundary,,,,160.0
sel34,6,neurokit_dwt_ch1,250.0,151735,151749,151766,,,,0,missing_dwt_boundary,,,,160.0
sel34,7,neurokit_dwt_ch1,250.0,152000,152014,152028,,,,0,missing_dwt_boundary,,,,160.0
sel34,8,neurokit_dwt_ch1,250.0,152275,152289,152303,,,,0,missing_dwt_boundary,,,,160.0
sel34,9,neurokit_dwt_ch1,250.0,152544,152558,152574,,,,0,missing_dwt_boundary,,,,160.0
sel34,10,neurokit_dwt_ch1,250.0,152788,152803,152818,,,,0,missing_dwt_boundary,,,,160.0
sel34,11,neurokit_dwt_ch1,250.0,153026,153042,153057,,,,0,missing_dwt_boundary,,,,160.0
sel34,12,neurokit_dwt_ch1,250.0,153263,153278,153294,153275,153238,153289,1,,-100.0,-20.0,80.0,60.0
sel34,13,neurokit_dwt_ch1,250.0,153493,153508,153524,,,,0,missing_dwt_boundary,,,,160.0
sel34,14,neurokit_dwt_ch1,250.0,153717,153731,153748,,,,0,missing_dwt_boundary,,,,160.0
sel34,15,neurokit_dwt_ch1,250.0,153945,153959,153975,,,,0,missing_dwt_boundary,,,,160.0
sel34,16,neurokit_dwt_ch1,250.0,154189,154202,154218,,,,0,missing_dwt_boundary,,,,160.0
sel34,17,neurokit_dwt_ch1,250.0,154447,154459,154476,,,,0,missing_dwt_boundary,,,,160.0
sel34,18,neurokit_dwt_ch1,250.0,154683,154697,154715,154695,154660,154727,1,,-92.0,48.0,140.0,70.0
sel34,19,neurokit_dwt_ch1,250.0,154910,154922,154941,,,,0,missing_dwt_boundary,,,,160.0
sel34,20,neurokit_dwt_ch1,250.0,155128,155142,155159,,,,0,missing_dwt_boundary,,,,160.0
sel34,21,neurokit_dwt_ch1,250.0,155340,155354,155372,155352,155285,155374,1,,-220.0,8.0,228.0,114.0
sel34,22,neurokit_dwt_ch1,250.0,155557,155568,155586,,,,0,missing_dwt_boundary,,,,160.0
sel34,23,neurokit_dwt_ch1,250.0,155771,155784,155798,,,,0,missing_dwt_boundary,,,,160.0
sel34,24,neurokit_dwt_ch1,250.0,155991,156005,156021,156002,155971,156016,1,,-80.0,-20.0,60.0,50.0
sel34,25,neurokit_dwt_ch1,250.0,156245,156260,156277,,,,0,missing_dwt_boundary,,,,160.0
sel34,26,neurokit_dwt_ch1,250.0,156521,156535,156554,156532,156499,156546,1,,-88.0,-32.0,56.0,60.0
sel34,27,neurokit_dwt_ch1,250.0,156796,156809,156823,156807,156773,156836,1,,-92.0,52.0,144.0,72.0
sel34,28,neurokit_dwt_ch1,250.0,157070,157083,157099,157081,157000,157102,1,,-280.0,12.0,292.0,146.0
sel34,29,neurokit_dwt_ch1,250.0,157328,157344,157359,157341,157276,157359,1,,-208.0,0.0,208.0,104.0
sel35,0,neurokit_dwt_ch0,250.0,150974,150992,151012,150990,150958,151021,1,,-64.0,36.0,100.0,50.0
sel35,1,neurokit_dwt_ch0,250.0,151237,151254,151271,151253,151223,151308,1,,-56.0,148.0,204.0,102.0
sel35,2,neurokit_dwt_ch0,250.0,151454,151471,151491,151469,151416,151500,1,,-152.0,36.0,188.0,94.0
sel35,3,neurokit_dwt_ch0,250.0,151714,151732,151750,,,,0,missing_dwt_boundary,,,,160.0
sel35,4,neurokit_dwt_ch0,250.0,151955,151973,151992,,,,0,missing_dwt_boundary,,,,160.0
sel35,5,neurokit_dwt_ch0,250.0,152199,152217,152240,152217,152189,152263,1,,-40.0,92.0,132.0,66.0
sel35,6,neurokit_dwt_ch0,250.0,152502,152519,152539,152518,152437,152543,1,,-260.0,16.0,276.0,138.0
sel35,7,neurokit_dwt_ch0,250.0,152777,152795,152811,152793,152759,152831,1,,-72.0,80.0,152.0,76.0
sel35,8,neurokit_dwt_ch0,250.0,153001,153017,153036,,,,0,missing_dwt_boundary,,,,160.0
sel35,9,neurokit_dwt_ch0,250.0,153245,153262,153284,153261,153240,153292,1,,-20.0,32.0,52.0,26.0
sel35,10,neurokit_dwt_ch0,250.0,153468,153483,153504,153482,153432,153515,1,,-144.0,44.0,188.0,94.0
sel35,11,neurokit_dwt_ch0,250.0,153775,153793,153812,153791,153762,153825,1,,-52.0,52.0,104.0,52.0
sel35,12,neurokit_dwt_ch0,250.0,154029,154047,154068,154045,153997,154076,1,,-128.0,32.0,160.0,80.0
sel35,13,neurokit_dwt_ch0,250.0,154335,154353,154371,154352,154331,154381,1,,-16.0,40.0,56.0,28.0
sel35,14,neurokit_dwt_ch0,250.0,154640,154657,154676,154656,154626,154699,1,,-56.0,92.0,148.0,74.0
sel35,15,neurokit_dwt_ch0,250.0,154883,154900,154918,154898,154875,154922,1,,-32.0,16.0,48.0,24.0
sel35,16,neurokit_dwt_ch0,250.0,155204,155220,155240,155219,155164,155243,1,,-160.0,12.0,172.0,86.0
sel35,17,neurokit_dwt_ch0,250.0,155485,155503,155522,155501,155444,155524,1,,-164.0,8.0,172.0,86.0
sel35,18,neurokit_dwt_ch0,250.0,155720,155738,155758,155736,155677,155763,1,,-172.0,20.0,192.0,96.0
sel35,19,neurokit_dwt_ch0,250.0,155988,156005,156025,156003,155967,156035,1,,-84.0,40.0,124.0,62.0
sel35,20,neurokit_dwt_ch0,250.0,156203,156219,156239,156218,156175,156266,1,,-112.0,108.0,220.0,110.0
sel35,21,neurokit_dwt_ch0,250.0,156438,156454,156470,156452,156397,156478,1,,-164.0,32.0,196.0,98.0
sel35,22,neurokit_dwt_ch0,250.0,156696,156713,156731,156711,156649,156740,1,,-188.0,36.0,224.0,112.0
sel35,23,neurokit_dwt_ch0,250.0,156919,156933,156953,156933,156910,156960,1,,-36.0,28.0,64.0,32.0
sel35,24,neurokit_dwt_ch0,250.0,157140,157155,157175,157155,157124,157178,1,,-64.0,12.0,76.0,38.0
sel35,25,neurokit_dwt_ch0,250.0,157439,157457,157477,157455,157409,157498,1,,-120.0,84.0,204.0,102.0
sel35,26,neurokit_dwt_ch0,250.0,157650,157666,157686,157664,157617,157691,1,,-132.0,20.0,152.0,76.0
sel35,27,neurokit_dwt_ch0,250.0,157872,157888,157907,157887,157828,157910,1,,-176.0,12.0,188.0,94.0
sel35,28,neurokit_dwt_ch0,250.0,158156,158172,158190,158170,158129,158207,1,,-108.0,68.0,176.0,88.0
sel35,29,neurokit_dwt_ch0,250.0,158560,158577,158599,158576,158548,158598,1,,-48.0,-4.0,44.0,26.0
sel35,30,neurokit_dwt_ch0,250.0,192637,192651,192659,192650,192621,192663,1,,-64.0,16.0,80.0,40.0
sel35,0,neurokit_dwt_ch1,250.0,150974,150992,151012,,,,0,unmatched_r_peak,,,,160.0
sel35,1,neurokit_dwt_ch1,250.0,151237,151254,151271,,,,0,unmatched_r_peak,,,,160.0
sel35,2,neurokit_dwt_ch1,250.0,151454,151471,151491,,,,0,unmatched_r_peak,,,,160.0
sel35,3,neurokit_dwt_ch1,250.0,151714,151732,151750,,,,0,unmatched_r_peak,,,,160.0
sel35,4,neurokit_dwt_ch1,250.0,151955,151973,151992,,,,0,unmatched_r_peak,,,,160.0
sel35,5,neurokit_dwt_ch1,250.0,152199,152217,152240,,,,0,unmatched_r_peak,,,,160.0
sel35,6,neurokit_dwt_ch1,250.0,152502,152519,152539,,,,0,unmatched_r_peak,,,,160.0
sel35,7,neurokit_dwt_ch1,250.0,152777,152795,152811,,,,0,unmatched_r_peak,,,,160.0
sel35,8,neurokit_dwt_ch1,250.0,153001,153017,153036,,,,0,unmatched_r_peak,,,,160.0
sel35,9,neurokit_dwt_ch1,250.0,153245,153262,153284,,,,0,unmatched_r_peak,,,,160.0
sel35,10,neurokit_dwt_ch1,250.0,153468,153483,153504,,,,0,unmatched_r_peak,,,,160.0
sel35,11,neurokit_dwt_ch1,250.0,153775,153793,153812,,,,0,unmatched_r_peak,,,,160.0
sel35,12,neurokit_dwt_ch1,250.0,154029,154047,154068,,,,0,unmatched_r_peak,,,,160.0
sel35,13,neurokit_dwt_ch1,250.0,154335,154353,154371,,,,0,unmatched_r_peak,,,,160.0
sel35,14,neurokit_dwt_ch1,250.0,154640,154657,154676,,,,0,unmatched_r_peak,,,,160.0
sel35,15,neurokit_dwt_ch1,250.0,154883,154900,154918,,,,0,unmatched_r_peak,,,,160.0
sel35,16,neurokit_dwt_ch1,250.0,155204,155220,155240,,,,0,unmatched_r_peak,,,,160.0
sel35,17,neurokit_dwt_ch1,250.0,155485,155503,155522,,,,0,unmatched_r_peak,,,,160.0
sel35,18,neurokit_dwt_ch1,250.0,155720,155738,155758,,,,0,unmatched_r_peak,,,,160.0
sel35,19,neurokit_dwt_ch1,250.0,155988,156005,156025,,,,0,unmatched_r_peak,,,,160.0
sel35,20,neurokit_dwt_ch1,250.0,156203,156219,156239,,,,0,unmatched_r_peak,,,,160.0
sel35,21,neurokit_dwt_ch1,250.0,156438,156454,156470,,,,0,unmatched_r_peak,,,,160.0
sel35,22,neurokit_dwt_ch1,250.0,156696,156713,156731,,,,0,unmatched_r_peak,,,,160.0
sel35,23,neurokit_dwt_ch1,250.0,156919,156933,156953,,,,0,unmatched_r_peak,,,,160.0
sel35,24,neurokit_dwt_ch1,250.0,157140,157155,157175,,,,0,unmatched_r_peak,,,,160.0
sel35,25,neurokit_dwt_ch1,250.0,157439,157457,157477,,,,0,unmatched_r_peak,,,,160.0
sel35,26,neurokit_dwt_ch1,250.0,157650,157666,157686,,,,0,unmatched_r_peak,,,,160.0
sel35,27,neurokit_dwt_ch1,250.0,157872,157888,157907,,,,0,unmatched_r_peak,,,,160.0
sel35,28,neurokit_dwt_ch1,250.0,158156,158172,158190,,,,0,unmatched_r_peak,,,,160.0
sel35,29,neurokit_dwt_ch1,250.0,158560,158577,158599,,,,0,unmatched_r_peak,,,,160.0
sel35,30,neurokit_dwt_ch1,250.0,192637,192651,192659,192641,192628,192658,1,,-36.0,-4.0,32.0,20.0
sel36,0,neurokit_dwt_ch0,250.0,150375,150390,150417,150387,150346,150412,1,,-116.0,-20.0,96.0,68.0
sel36,1,neurokit_dwt_ch0,250.0,150606,150622,150651,150620,150558,150644,1,,-192.0,-28.0,164.0,110.0
sel36,2,neurokit_dwt_ch0,250.0,150871,150887,150899,,,,0,missing_dwt_boundary,,,,160.0
sel36,3,neurokit_dwt_ch0,250.0,151113,151131,151160,,,,0,missing_dwt_boundary,,,,160.0
sel36,4,neurokit_dwt_ch0,250.0,151351,151368,151398,,,,0,missing_dwt_boundary,,,,160.0
sel36,5,neurokit_dwt_ch0,250.0,151589,151603,151632,,,,0,missing_dwt_boundary,,,,160.0
sel36,6,neurokit_dwt_ch0,250.0,151821,151840,151872,151838,151820,151865,1,,-4.0,-28.0,-24.0,16.0
sel36,7,neurokit_dwt_ch0,250.0,152054,152071,152103,,,,0,missing_dwt_boundary,,,,160.0
sel36,8,neurokit_dwt_ch0,250.0,152281,152304,152336,,,,0,missing_dwt_boundary,,,,160.0
sel36,9,neurokit_dwt_ch0,250.0,152516,152537,152572,,,,0,missing_dwt_boundary,,,,160.0
sel36,10,neurokit_dwt_ch0,250.0,152749,152768,152801,,,,0,missing_dwt_boundary,,,,160.0
sel36,11,neurokit_dwt_ch0,250.0,152982,153000,153034,,,,0,missing_dwt_boundary,,,,160.0
sel36,12,neurokit_dwt_ch0,250.0,153220,153232,153266,,,,0,missing_dwt_boundary,,,,160.0
sel36,13,neurokit_dwt_ch0,250.0,153450,153463,153492,,,,0,missing_dwt_boundary,,,,160.0
sel36,14,neurokit_dwt_ch0,250.0,153678,153693,153723,,,,0,missing_dwt_boundary,,,,160.0
sel36,15,neurokit_dwt_ch0,250.0,153906,153925,153960,,,,0,missing_dwt_boundary,,,,160.0
sel36,16,neurokit_dwt_ch0,250.0,154140,154159,154193,,,,0,missing_dwt_boundary,,,,160.0
sel36,17,neurokit_dwt_ch0,250.0,154373,154390,154421,,,,0,missing_dwt_boundary,,,,160.0
sel36,18,neurokit_dwt_ch0,250.0,154603,154619,154649,,,,0,missing_dwt_boundary,,,,160.0
sel36,19,neurokit_dwt_ch0,250.0,154834,154851,154882,,,,0,missing_dwt_boundary,,,,160.0
sel36,20,neurokit_dwt_ch0,250.0,155068,155081,155116,,,,0,missing_dwt_boundary,,,,160.0
sel36,21,neurokit_dwt_ch0,250.0,155295,155312,155346,,,,0,missing_dwt_boundary,,,,160.0
sel36,22,neurokit_dwt_ch0,250.0,155523,155542,155573,155540,155518,155565,1,,-20.0,-32.0,-12.0,26.0
sel36,23,neurokit_dwt_ch0,250.0,155753,155773,155801,155770,155750,155795,1,,-12.0,-24.0,-12.0,18.0
sel36,24,neurokit_dwt_ch0,250.0,155989,156000,156027,,,,0,missing_dwt_boundary,,,,160.0
sel36,25,neurokit_dwt_ch0,250.0,156216,156229,156261,,,,0,missing_dwt_boundary,,,,160.0
sel36,26,neurokit_dwt_ch0,250.0,156445,156462,156492,,,,0,missing_dwt_boundary,,,,160.0
sel36,27,neurokit_dwt_ch0,250.0,156675,156690,156722,,,,0,missing_dwt_boundary,,,,160.0
sel36,28,neurokit_dwt_ch0,250.0,156899,156917,156947,156915,156897,156940,1,,-8.0,-28.0,-20.0,18.0
sel36,29,neurokit_dwt_ch0,250.0,157132,157149,157180,,,,0,missing_dwt_boundary,,,,160.0
sel36,30,neurokit_dwt_ch0,250.0,157360,157379,157410,157377,157354,157401,1,,-24.0,-36.0,-12.0,30.0
sel36,0,neurokit_dwt_ch1,250.0,150375,150390,150417,,,,0,missing_dwt_boundary,,,,160.0
sel36,1,neurokit_dwt_ch1,250.0,150606,150622,150651,,,,0,missing_dwt_boundary,,,,160.0
sel36,2,neurokit_dwt_ch1,250.0,150871,150887,150899,150878,150830,150898,1,,-164.0,-4.0,160.0,84.0
sel36,3,neurokit_dwt_ch1,250.0,151113,151131,151160,,,,0,missing_dwt_boundary,,,,160.0
sel36,4,neurokit_dwt_ch1,250.0,151351,151368,151398,,,,0,unmatched_r_peak,,,,160.0
sel36,5,neurokit_dwt_ch1,250.0,151589,151603,151632,,,,0,unmatched_r_peak,,,,160.0
sel36,6,neurokit_dwt_ch1,250.0,151821,151840,151872,,,,0,missing_dwt_boundary,,,,160.0
sel36,7,neurokit_dwt_ch1,250.0,152054,152071,152103,,,,0,unmatched_r_peak,,,,160.0
sel36,8,neurokit_dwt_ch1,250.0,152281,152304,152336,,,,0,unmatched_r_peak,,,,160.0
sel36,9,neurokit_dwt_ch1,250.0,152516,152537,152572,,,,0,unmatched_r_peak,,,,160.0
sel36,10,neurokit_dwt_ch1,250.0,152749,152768,152801,,,,0,missing_dwt_boundary,,,,160.0
sel36,11,neurokit_dwt_ch1,250.0,152982,153000,153034,,,,0,missing_dwt_boundary,,,,160.0
sel36,12,neurokit_dwt_ch1,250.0,153220,153232,153266,,,,0,unmatched_r_peak,,,,160.0
sel36,13,neurokit_dwt_ch1,250.0,153450,153463,153492,,,,0,unmatched_r_peak,,,,160.0
sel36,14,neurokit_dwt_ch1,250.0,153678,153693,153723,,,,0,unmatched_r_peak,,,,160.0
sel36,15,neurokit_dwt_ch1,250.0,153906,153925,153960,,,,0,unmatched_r_peak,,,,160.0
sel36,16,neurokit_dwt_ch1,250.0,154140,154159,154193,,,,0,missing_dwt_boundary,,,,160.0
sel36,17,neurokit_dwt_ch1,250.0,154373,154390,154421,,,,0,missing_dwt_boundary,,,,160.0
sel36,18,neurokit_dwt_ch1,250.0,154603,154619,154649,,,,0,unmatched_r_peak,,,,160.0
sel36,19,neurokit_dwt_ch1,250.0,154834,154851,154882,,,,0,unmatched_r_peak,,,,160.0
sel36,20,neurokit_dwt_ch1,250.0,155068,155081,155116,,,,0,unmatched_r_peak,,,,160.0
sel36,21,neurokit_dwt_ch1,250.0,155295,155312,155346,,,,0,missing_dwt_boundary,,,,160.0
sel36,22,neurokit_dwt_ch1,250.0,155523,155542,155573,,,,0,missing_dwt_boundary,,,,160.0
sel36,23,neurokit_dwt_ch1,250.0,155753,155773,155801,,,,0,missing_dwt_boundary,,,,160.0
sel36,24,neurokit_dwt_ch1,250.0,155989,156000,156027,,,,0,missing_dwt_boundary,,,,160.0
sel36,25,neurokit_dwt_ch1,250.0,156216,156229,156261,,,,0,missing_dwt_boundary,,,,160.0
sel36,26,neurokit_dwt_ch1,250.0,156445,156462,156492,,,,0,missing_dwt_boundary,,,,160.0
sel36,27,neurokit_dwt_ch1,250.0,156675,156690,156722,,,,0,missing_dwt_boundary,,,,160.0
sel36,28,neurokit_dwt_ch1,250.0,156899,156917,156947,,,,0,missing_dwt_boundary,,,,160.0
sel36,29,neurokit_dwt_ch1,250.0,157132,157149,157180,,,,0,unmatched_r_peak,,,,160.0
sel36,30,neurokit_dwt_ch1,250.0,157360,157379,157410,,,,0,missing_dwt_boundary,,,,160.0
sel37,0,neurokit_dwt_ch0,250.0,150605,150625,150641,150624,150607,150642,1,,8.0,4.0,-4.0,6.0
sel37,1,neurokit_dwt_ch0,250.0,150943,150965,150980,150964,150948,150983,1,,20.0,12.0,-8.0,16.0
sel37,2,neurokit_dwt_ch0,250.0,151317,151325,151338,151324,151290,151337,1,,-108.0,-4.0,104.0,56.0
sel37,3,neurokit_dwt_ch0,250.0,151652,151677,151695,151680,151657,151720,1,,20.0,100.0,80.0,60.0
sel37,4,neurokit_dwt_ch0,250.0,151948,151975,151989,151976,151951,151992,1,,12.0,12.0,0.0,12.0
sel37,5,neurokit_dwt_ch0,250.0,154053,154074,154090,154072,154036,154105,1,,-68.0,60.0,128.0,64.0
sel37,6,neurokit_dwt_ch0,250.0,154414,154439,154451,,,,0,missing_dwt_boundary,,,,160.0
sel37,7,neurokit_dwt_ch0,250.0,154761,154784,154795,,,,0,missing_dwt_boundary,,,,160.0
sel37,8,neurokit_dwt_ch0,250.0,155062,155102,155117,155103,155076,155118,1,,56.0,4.0,-52.0,30.0
sel37,9,neurokit_dwt_ch0,250.0,155344,155372,155387,155373,155347,155389,1,,12.0,8.0,-4.0,10.0
sel37,10,neurokit_dwt_ch0,250.0,155615,155638,155655,155641,155618,155657,1,,12.0,8.0,-4.0,10.0
sel37,11,neurokit_dwt_ch0,250.0,155877,155903,155920,155905,155882,155922,1,,20.0,8.0,-12.0,14.0
sel37,12,neurokit_dwt_ch0,250.0,157022,157049,157062,157048,156966,157073,1,,-224.0,44.0,268.0,134.0
sel37,13,neurokit_dwt_ch0,250.0,157375,157402,157415,157400,157329,157440,1,,-184.0,100.0,284.0,142.0
sel37,14,neurokit_dwt_ch0,250.0,157731,157757,157772,157755,157690,157781,1,,-164.0,36.0,200.0,100.0
sel37,15,neurokit_dwt_ch0,250.0,158088,158109,158120,158107,158043,158137,1,,-180.0,68.0,248.0,124.0
sel37,16,neurokit_dwt_ch0,250.0,158437,158459,158470,158457,158410,158490,1,,-108.0,80.0,188.0,94.0
sel37,17,neurokit_dwt_ch0,250.0,158789,158813,158822,158811,158751,158845,1,,-152.0,92.0,244.0,122.0
sel37,18,neurokit_dwt_ch0,250.0,159142,159167,159178,159164,159082,159202,1,,-240.0,96.0,336.0,168.0
sel37,19,neurokit_dwt_ch0,250.0,159491,159515,159529,159512,159463,159545,1,,-112.0,64.0,176.0,88.0
sel37,20,neurokit_dwt_ch0,250.0,159846,159868,159882,159866,159790,159888,1,,-224.0,24.0,248.0,124.0
sel37,21,neurokit_dwt_ch0,250.0,160197,160223,160238,160221,160160,160242,1,,-148.0,16.0,164.0,82.0
sel37,22,neurokit_dwt_ch0,250.0,160544,160572,160586,160570,160494,160606,1,,-200.0,80.0,280.0,140.0
sel37,23,neurokit_dwt_ch0,250.0,160902,160925,160936,160922,160857,160949,1,,-180.0,52.0,232.0,116.0
sel37,24,neurokit_dwt_ch0,250.0,161256,161278,161295,161277,161215,161301,1,,-164.0,24.0,188.0,94.0
sel37,25,neurokit_dwt_ch0,250.0,161605,161629,161640,161627,161564,161662,1,,-164.0,88.0,252.0,126.0
sel37,26,neurokit_dwt_ch0,250.0,161953,161977,161989,161975,161922,162016,1,,-124.0,108.0,232.0,116.0
sel37,27,neurokit_dwt_ch0,250.0,163118,163140,163152,163139,163096,163171,1,,-88.0,76.0,164.0,82.0
sel37,28,neurokit_dwt_ch0,250.0,163468,163492,163503,163490,163431,163525,1,,-148.0,88.0,236.0,118.0
sel37,29,neurokit_dwt_ch0,250.0,163815,163845,163857,163843,163787,163879,1,,-112.0,88.0,200.0,100.0
sel37,30,neurokit_dwt_ch0,250.0,173915,173929,173939,173928,173900,173956,1,,-60.0,68.0,128.0,64.0
sel37,31,neurokit_dwt_ch0,250.0,175987,176006,176016,176005,175973,176033,1,,-56.0,68.0,124.0,62.0
sel37,32,neurokit_dwt_ch0,250.0,176336,176350,176362,176348,176326,176362,1,,-40.0,0.0,40.0,20.0
sel37,33,neurokit_dwt_ch0,250.0,176672,176688,176702,176687,176671,176707,1,,-4.0,20.0,24.0,12.0
sel37,34,neurokit_dwt_ch0,250.0,177010,177026,177041,177025,177011,177044,1,,4.0,12.0,8.0,8.0
sel37,35,neurokit_dwt_ch0,250.0,177353,177368,177385,177366,177353,177385,1,,0.0,0.0,0.0,0.0
sel37,36,neurokit_dwt_ch0,250.0,177721,177732,177749,177730,177711,177750,1,,-40.0,4.0,44.0,22.0
sel37,37,neurokit_dwt_ch0,250.0,178075,178088,178096,178086,178021,178110,1,,-216.0,56.0,272.0,136.0
sel37,38,neurokit_dwt_ch0,250.0,180851,180870,180881,180870,180826,180891,1,,-100.0,40.0,140.0,70.0
sel37,39,neurokit_dwt_ch0,250.0,181196,181214,181222,181212,181196,181236,1,,0.0,56.0,56.0,28.0
sel37,40,neurokit_dwt_ch0,250.0,181532,181548,181564,181547,181530,181563,1,,-8.0,-4.0,4.0,6.0
sel37,41,neurokit_dwt_ch0,250.0,181872,181887,181903,181886,181873,181905,1,,4.0,8.0,4.0,6.0
sel37,42,neurokit_dwt_ch0,250.0,182210,182227,182242,182226,182185,182244,1,,-100.0,8.0,108.0,54.0
sel37,43,neurokit_dwt_ch0,250.0,182551,182566,182585,182565,182550,182588,1,,-4.0,12.0,16.0,8.0
sel37,44,neurokit_dwt_ch0,250.0,182888,182903,182918,182901,182885,182919,1,,-12.0,4.0,16.0,8.0
sel37,45,neurokit_dwt_ch0,250.0,183228,183243,183260,183241,183226,183262,1,,-8.0,8.0,16.0,8.0
sel37,46,neurokit_dwt_ch0,250.0,183570,183585,183601,183583,183570,183601,1,,0.0,0.0,0.0,0.0
sel37,47,neurokit_dwt_ch0,250.0,183906,183922,183938,183920,183906,183940,1,,0.0,8.0,8.0,4.0
sel37,48,neurokit_dwt_ch0,250.0,184249,184262,184278,184261,184247,184279,1,,-8.0,4.0,12.0,6.0
sel37,49,neurokit_dwt_ch0,250.0,184588,184603,184618,184602,184587,184620,1,,-4.0,8.0,12.0,6.0
sel37,0,neurokit_dwt_ch1,250.0,150605,150625,150641,150623,150606,150641,1,,4.0,0.0,-4.0,2.0
sel37,1,neurokit_dwt_ch1,250.0,150943,150965,150980,150963,150947,150982,1,,16.0,8.0,-8.0,12.0
sel37,2,neurokit_dwt_ch1,250.0,151317,151325,151338,151323,151301,151337,1,,-64.0,-4.0,60.0,34.0
sel37,3,neurokit_dwt_ch1,250.0,151652,151677,151695,151679,151656,151707,1,,16.0,48.0,32.0,32.0
sel37,4,neurokit_dwt_ch1,250.0,151948,151975,151989,151976,151951,151992,1,,12.0,12.0,0.0,12.0
sel37,5,neurokit_dwt_ch1,250.0,154053,154074,154090,154072,154032,154104,1,,-84.0,56.0,140.0,70.0
sel37,6,neurokit_dwt_ch1,250.0,154414,154439,154451,,,,0,missing_dwt_boundary,,,,160.0
sel37,7,neurokit_dwt_ch1,250.0,154761,154784,154795,154782,154710,154814,1,,-204.0,76.0,280.0,140.0
sel37,8,neurokit_dwt_ch1,250.0,155062,155102,155117,155102,155074,155118,1,,48.0,4.0,-44.0,26.0
sel37,9,neurokit_dwt_ch1,250.0,155344,155372,155387,155372,155346,155388,1,,8.0,4.0,-4.0,6.0
sel37,10,neurokit_dwt_ch1,250.0,155615,155638,155655,155640,155617,155656,1,,8.0,4.0,-4.0,6.0
sel37,11,neurokit_dwt_ch1,250.0,155877,155903,155920,155904,155881,155921,1,,16.0,4.0,-12.0,10.0
sel37,12,neurokit_dwt_ch1,250.0,157022,157049,157062,157047,156966,157073,1,,-224.0,44.0,268.0,134.0
sel37,13,neurokit_dwt_ch1,250.0,157375,157402,157415,157400,157329,157437,1,,-184.0,88.0,272.0,136.0
sel37,14,neurokit_dwt_ch1,250.0,157731,157757,157772,157754,157685,157781,1,,-184.0,36.0,220.0,110.0
sel37,15,neurokit_dwt_ch1,250.0,158088,158109,158120,158106,158043,158137,1,,-180.0,68.0,248.0,124.0
sel37,16,neurokit_dwt_ch1,250.0,158437,158459,158470,158456,158392,158492,1,,-180.0,88.0,268.0,134.0
sel37,17,neurokit_dwt_ch1,250.0,158789,158813,158822,158810,158739,158845,1,,-200.0,92.0,292.0,146.0
sel37,18,neurokit_dwt_ch1,250.0,159142,159167,159178,159164,159081,159201,1,,-244.0,92.0,336.0,168.0
sel37,19,neurokit_dwt_ch1,250.0,159491,159515,159529,159512,159462,159544,1,,-116.0,60.0,176.0,88.0
sel37,20,neurokit_dwt_ch1,250.0,159846,159868,159882,159865,159790,159888,1,,-224.0,24.0,248.0,124.0
sel37,21,neurokit_dwt_ch1,250.0,160197,160223,160238,160221,160141,160242,1,,-224.0,16.0,240.0,120.0
sel37,22,neurokit_dwt_ch1,250.0,160544,160572,160586,160570,160497,160595,1,,-188.0,36.0,224.0,112.0
sel37,23,neurokit_dwt_ch1,250.0,160902,160925,160936,160922,160856,160948,1,,-184.0,48.0,232.0,116.0
sel37,24,neurokit_dwt_ch1,250.0,161256,161278,161295,161276,161213,161300,1,,-172.0,20.0,192.0,96.0
sel37,25,neurokit_dwt_ch1,250.0,161605,161629,161640,161627,161563,161661,1,,-168.0,84.0,252.0,126.0
sel37,26,neurokit_dwt_ch1,250.0,161953,161977,161989,161975,161921,162016,1,,-128.0,108.0,236.0,118.0
sel37,27,neurokit_dwt_ch1,250.0,163118,163140,163152,163138,163080,163171,1,,-152.0,76.0,228.0,114.0
sel37,28,neurokit_dwt_ch1,250.0,163468,163492,163503,163490,163430,163525,1,,-152.0,88.0,240.0,120.0
sel37,29,neurokit_dwt_ch1,250.0,163815,163845,163857,163843,163785,163863,1,,-120.0,24.0,144.0,72.0
sel37,30,neurokit_dwt_ch1,250.0,173915,173929,173939,173928,173879,173957,1,,-144.0,72.0,216.0,108.0
sel37,31,neurokit_dwt_ch1,250.0,175987,176006,176016,176005,175957,176033,1,,-120.0,68.0,188.0,94.0
sel37,32,neurokit_dwt_ch1,250.0,176336,176350,176362,176348,176326,176362,1,,-40.0,0.0,40.0,20.0
sel37,33,neurokit_dwt_ch1,250.0,176672,176688,176702,176686,176671,176706,1,,-4.0,16.0,20.0,10.0
sel37,34,neurokit_dwt_ch1,250.0,177010,177026,177041,177025,177010,177043,1,,0.0,8.0,8.0,4.0
sel37,35,neurokit_dwt_ch1,250.0,177353,177368,177385,177366,177352,177385,1,,-4.0,0.0,4.0,2.0
sel37,36,neurokit_dwt_ch1,250.0,177721,177732,177749,177730,177711,177749,1,,-40.0,0.0,40.0,20.0
sel37,37,neurokit_dwt_ch1,250.0,178075,178088,178096,178086,178021,178110,1,,-216.0,56.0,272.0,136.0
sel37,38,neurokit_dwt_ch1,250.0,180851,180870,180881,180869,180825,180891,1,,-104.0,40.0,144.0,72.0
sel37,39,neurokit_dwt_ch1,250.0,181196,181214,181222,181212,181194,181235,1,,-8.0,52.0,60.0,30.0
sel37,40,neurokit_dwt_ch1,250.0,181532,181548,181564,181546,181529,181563,1,,-12.0,-4.0,8.0,8.0
sel37,41,neurokit_dwt_ch1,250.0,181872,181887,181903,181885,181872,181904,1,,0.0,4.0,4.0,2.0
sel37,42,neurokit_dwt_ch1,250.0,182210,182227,182242,182225,182184,182243,1,,-104.0,4.0,108.0,54.0
sel37,43,neurokit_dwt_ch1,250.0,182551,182566,182585,182564,182549,182587,1,,-8.0,8.0,16.0,8.0
sel37,44,neurokit_dwt_ch1,250.0,182888,182903,182918,182901,182885,182918,1,,-12.0,0.0,12.0,6.0
sel37,45,neurokit_dwt_ch1,250.0,183228,183243,183260,183241,183226,183261,1,,-8.0,4.0,12.0,6.0
sel37,46,neurokit_dwt_ch1,250.0,183570,183585,183601,183583,183569,183601,1,,-4.0,0.0,4.0,2.0
sel37,47,neurokit_dwt_ch1,250.0,183906,183922,183938,183920,183905,183939,1,,-4.0,4.0,8.0,4.0
sel37,48,neurokit_dwt_ch1,250.0,184249,184262,184278,184260,184247,184278,1,,-8.0,0.0,8.0,4.0
sel37,49,neurokit_dwt_ch1,250.0,184588,184603,184618,184601,184586,184620,1,,-8.0,8.0,16.0,8.0
sel38,0,neurokit_dwt_ch0,250.0,150258,150278,150306,,,,0,unmatched_r_peak,,,,160.0
sel38,1,neurokit_dwt_ch0,250.0,150405,150422,150450,,,,0,unmatched_r_peak,,,,160.0
sel38,2,neurokit_dwt_ch0,250.0,150550,150568,150595,,,,0,unmatched_r_peak,,,,160.0
sel38,3,neurokit_dwt_ch0,250.0,150698,150714,150744,,,,0,unmatched_r_peak,,,,160.0
sel38,4,neurokit_dwt_ch0,250.0,150842,150863,150888,,,,0,unmatched_r_peak,,,,160.0
sel38,5,neurokit_dwt_ch0,250.0,150984,151006,151033,,,,0,unmatched_r_peak,,,,160.0
sel38,6,neurokit_dwt_ch0,250.0,151128,151150,151173,,,,0,unmatched_r_peak,,,,160.0
sel38,7,neurokit_dwt_ch0,250.0,151273,151293,151315,,,,0,unmatched_r_peak,,,,160.0
sel38,8,neurokit_dwt_ch0,250.0,151418,151436,151463,,,,0,unmatched_r_peak,,,,160.0
sel38,9,neurokit_dwt_ch0,250.0,151561,151580,151606,,,,0,unmatched_r_peak,,,,160.0
sel38,10,neurokit_dwt_ch0,250.0,151704,151724,151751,,,,0,unmatched_r_peak,,,,160.0
sel38,11,neurokit_dwt_ch0,250.0,151850,151869,151890,,,,0,unmatched_r_peak,,,,160.0
sel38,12,neurokit_dwt_ch0,250.0,151996,152015,152040,,,,0,unmatched_r_peak,,,,160.0
sel38,13,neurokit_dwt_ch0,250.0,152148,152162,152188,,,,0,missing_dwt_boundary,,,,160.0
sel38,14,neurokit_dwt_ch0,250.0,152288,152305,152335,,,,0,missing_dwt_boundary,,,,160.0
sel38,15,neurokit_dwt_ch0,250.0,152432,152450,152478,,,,0,missing_dwt_boundary,,,,160.0
sel38,16,neurokit_dwt_ch0,250.0,152577,152595,152621,,,,0,missing_dwt_boundary,,,,160.0
sel38,17,neurokit_dwt_ch0,250.0,152722,152742,152765,,,,0,missing_dwt_boundary,,,,160.0
sel38,18,neurokit_dwt_ch0,250.0,152870,152889,152915,,,,0,missing_dwt_boundary,,,,160.0
sel38,19,neurokit_dwt_ch0,250.0,153017,153036,153062,,,,0,missing_dwt_boundary,,,,160.0
sel38,20,neurokit_dwt_ch0,250.0,153165,153181,153209,,,,0,missing_dwt_boundary,,,,160.0
sel38,21,neurokit_dwt_ch0,250.0,153310,153327,153357,,,,0,missing_dwt_boundary,,,,160.0
sel38,22,neurokit_dwt_ch0,250.0,153451,153473,153498,,,,0,unmatched_r_peak,,,,160.0
sel38,23,neurokit_dwt_ch0,250.0,153595,153614,153641,,,,0,missing_dwt_boundary,,,,160.0
sel38,24,neurokit_dwt_ch0,250.0,153744,153761,153787,,,,0,unmatched_r_peak,,,,160.0
sel38,25,neurokit_dwt_ch0,250.0,153887,153905,153932,,,,0,unmatched_r_peak,,,,160.0
sel38,26,neurokit_dwt_ch0,250.0,154029,154048,154080,,,,0,missing_dwt_boundary,,,,160.0
sel38,27,neurokit_dwt_ch0,250.0,154176,154192,154219,,,,0,missing_dwt_boundary,,,,160.0
sel38,28,neurokit_dwt_ch0,250.0,154322,154340,154363,,,,0,unmatched_r_peak,,,,160.0
sel38,29,neurokit_dwt_ch0,250.0,154469,154486,154510,,,,0,missing_dwt_boundary,,,,160.0
sel38,0,neurokit_dwt_ch1,250.0,150258,150278,150306,,,,0,missing_dwt_boundary,,,,160.0
sel38,1,neurokit_dwt_ch1,250.0,150405,150422,150450,,,,0,missing_dwt_boundary,,,,160.0
sel38,2,neurokit_dwt_ch1,250.0,150550,150568,150595,,,,0,missing_dwt_boundary,,,,160.0
sel38,3,neurokit_dwt_ch1,250.0,150698,150714,150744,,,,0,missing_dwt_boundary,,,,160.0
sel38,4,neurokit_dwt_ch1,250.0,150842,150863,150888,,,,0,unmatched_r_peak,,,,160.0
sel38,5,neurokit_dwt_ch1,250.0,150984,151006,151033,,,,0,unmatched_r_peak,,,,160.0
sel38,6,neurokit_dwt_ch1,250.0,151128,151150,151173,,,,0,unmatched_r_peak,,,,160.0
sel38,7,neurokit_dwt_ch1,250.0,151273,151293,151315,,,,0,unmatched_r_peak,,,,160.0
sel38,8,neurokit_dwt_ch1,250.0,151418,151436,151463,,,,0,missing_dwt_boundary,,,,160.0
sel38,9,neurokit_dwt_ch1,250.0,151561,151580,151606,,,,0,missing_dwt_boundary,,,,160.0
sel38,10,neurokit_dwt_ch1,250.0,151704,151724,151751,,,,0,missing_dwt_boundary,,,,160.0
sel38,11,neurokit_dwt_ch1,250.0,151850,151869,151890,,,,0,unmatched_r_peak,,,,160.0
sel38,12,neurokit_dwt_ch1,250.0,151996,152015,152040,,,,0,unmatched_r_peak,,,,160.0
sel38,13,neurokit_dwt_ch1,250.0,152148,152162,152188,,,,0,missing_dwt_boundary,,,,160.0
sel38,14,neurokit_dwt_ch1,250.0,152288,152305,152335,,,,0,missing_dwt_boundary,,,,160.0
sel38,15,neurokit_dwt_ch1,250.0,152432,152450,152478,,,,0,missing_dwt_boundary,,,,160.0
sel38,16,neurokit_dwt_ch1,250.0,152577,152595,152621,,,,0,missing_dwt_boundary,,,,160.0
sel38,17,neurokit_dwt_ch1,250.0,152722,152742,152765,,,,0,missing_dwt_boundary,,,,160.0
sel38,18,neurokit_dwt_ch1,250.0,152870,152889,152915,,,,0,missing_dwt_boundary,,,,160.0
sel38,19,neurokit_dwt_ch1,250.0,153017,153036,153062,,,,0,missing_dwt_boundary,,,,160.0
sel38,20,neurokit_dwt_ch1,250.0,153165,153181,153209,,,,0,missing_dwt_boundary,,,,160.0
sel38,21,neurokit_dwt_ch1,250.0,153310,153327,153357,,,,0,missing_dwt_boundary,,,,160.0
sel38,22,neurokit_dwt_ch1,250.0,153451,153473,153498,,,,0,unmatched_r_peak,,,,160.0
sel38,23,neurokit_dwt_ch1,250.0,153595,153614,153641,,,,0,missing_dwt_boundary,,,,160.0
sel38,24,neurokit_dwt_ch1,250.0,153744,153761,153787,,,,0,missing_dwt_boundary,,,,160.0
sel38,25,neurokit_dwt_ch1,250.0,153887,153905,153932,,,,0,missing_dwt_boundary,,,,160.0
sel38,26,neurokit_dwt_ch1,250.0,154029,154048,154080,,,,0,missing_dwt_boundary,,,,160.0
sel38,27,neurokit_dwt_ch1,250.0,154176,154192,154219,,,,0,missing_dwt_boundary,,,,160.0
sel38,28,neurokit_dwt_ch1,250.0,154322,154340,154363,,,,0,missing_dwt_boundary,,,,160.0
sel38,29,neurokit_dwt_ch1,250.0,154469,154486,154510,,,,0,missing_dwt_boundary,,,,160.0
sel39,0,neurokit_dwt_ch0,250.0,150238,150250,150271,150247,150222,150252,1,,-64.0,-76.0,-12.0,70.0
sel39,1,neurokit_dwt_ch0,250.0,150453,150463,150482,150459,150432,150464,1,,-84.0,-72.0,12.0,78.0
sel39,2,neurokit_dwt_ch0,250.0,150630,150643,150665,150639,150627,150644,1,,-12.0,-84.0,-72.0,48.0
sel39,3,neurokit_dwt_ch0,250.0,150844,150854,150875,150850,150827,150856,1,,-68.0,-76.0,-8.0,72.0
sel39,4,neurokit_dwt_ch0,250.0,151016,151027,151047,151022,150997,151027,1,,-76.0,-80.0,-4.0,78.0
sel39,5,neurokit_dwt_ch0,250.0,151786,151798,151820,151794,151769,151800,1,,-68.0,-80.0,-12.0,74.0
sel39,6,neurokit_dwt_ch0,250.0,151992,152006,152029,152003,151992,152009,1,,0.0,-80.0,-80.0,40.0
sel39,7,neurokit_dwt_ch0,250.0,152170,152180,152199,152176,152151,152180,1,,-76.0,-76.0,0.0,76.0
sel39,8,neurokit_dwt_ch0,250.0,152381,152392,152412,152387,152363,152392,1,,-72.0,-80.0,-8.0,76.0
sel39,9,neurokit_dwt_ch0,250.0,152557,152568,152590,152564,152552,152568,1,,-20.0,-88.0,-68.0,54.0
sel39,10,neurokit_dwt_ch0,250.0,152765,152775,152797,152772,152747,152778,1,,-72.0,-76.0,-4.0,74.0
sel39,11,neurokit_dwt_ch0,250.0,152945,152953,152976,152950,152926,152956,1,,-76.0,-80.0,-4.0,78.0
sel39,12,neurokit_dwt_ch0,250.0,153152,153165,153186,153161,153136,153166,1,,-64.0,-80.0,-16.0,72.0
sel39,13,neurokit_dwt_ch0,250.0,153333,153343,153364,153339,153312,153345,1,,-84.0,-76.0,8.0,80.0
sel39,14,neurokit_dwt_ch0,250.0,153544,153554,153575,153549,153526,153555,1,,-72.0,-80.0,-8.0,76.0
sel39,15,neurokit_dwt_ch0,250.0,153716,153730,153750,153723,153699,153728,1,,-68.0,-88.0,-20.0,78.0
sel39,16,neurokit_dwt_ch0,250.0,153925,153938,153960,153933,153909,153939,1,,-64.0,-84.0,-20.0,74.0
sel39,17,neurokit_dwt_ch0,250.0,154101,154117,154135,154110,154086,154114,1,,-60.0,-84.0,-24.0,72.0
sel39,18,neurokit_dwt_ch0,250.0,154312,154321,154343,154317,154289,154323,1,,-92.0,-80.0,12.0,86.0
sel39,19,neurokit_dwt_ch0,250.0,154482,154497,154517,154491,154463,154496,1,,-76.0,-84.0,-8.0,80.0
sel39,20,neurokit_dwt_ch0,250.0,154687,154702,154721,154697,154685,154703,1,,-8.0,-72.0,-64.0,40.0
sel39,21,neurokit_dwt_ch0,250.0,154869,154881,154905,154878,154854,154884,1,,-60.0,-84.0,-24.0,72.0
sel39,22,neurokit_dwt_ch0,250.0,155077,155088,155109,155083,155060,155106,1,,-68.0,-12.0,56.0,40.0
sel39,23,neurokit_dwt_ch0,250.0,155250,155259,155281,155255,155230,155260,1,,-80.0,-84.0,-4.0,82.0
sel39,24,neurokit_dwt_ch0,250.0,155456,155469,155488,155464,155452,155469,1,,-16.0,-76.0,-60.0,46.0
sel39,25,neurokit_dwt_ch0,250.0,155628,155642,155663,155637,155625,155660,1,,-12.0,-12.0,0.0,12.0
sel39,26,neurokit_dwt_ch0,250.0,155838,155848,155869,155843,155819,155848,1,,-76.0,-84.0,-8.0,80.0
sel39,27,neurokit_dwt_ch0,250.0,156017,156025,156049,156022,155998,156026,1,,-76.0,-92.0,-16.0,84.0
sel39,28,neurokit_dwt_ch0,250.0,156218,156232,156254,156227,156202,156231,1,,-64.0,-92.0,-28.0,78.0
sel39,29,neurokit_dwt_ch0,250.0,156402,156412,156434,156408,156384,156413,1,,-72.0,-84.0,-12.0,78.0
sel39,0,neurokit_dwt_ch1,250.0,150238,150250,150271,150248,150236,150254,1,,-8.0,-68.0,-60.0,38.0
sel39,1,neurokit_dwt_ch1,250.0,150453,150463,150482,150460,150434,150465,1,,-76.0,-68.0,8.0,72.0
sel39,2,neurokit_dwt_ch1,250.0,150630,150643,150665,150640,150613,150645,1,,-68.0,-80.0,-12.0,74.0
sel39,3,neurokit_dwt_ch1,250.0,150844,150854,150875,150851,150827,150857,1,,-68.0,-72.0,-4.0,70.0
sel39,4,neurokit_dwt_ch1,250.0,151016,151027,151047,151023,150997,151028,1,,-76.0,-76.0,0.0,76.0
sel39,5,neurokit_dwt_ch1,250.0,151786,151798,151820,151796,151770,151801,1,,-64.0,-76.0,-12.0,70.0
sel39,6,neurokit_dwt_ch1,250.0,151992,152006,152029,152004,151981,152010,1,,-44.0,-76.0,-32.0,60.0
sel39,7,neurokit_dwt_ch1,250.0,152170,152180,152199,152177,152153,152199,1,,-68.0,0.0,68.0,34.0
sel39,8,neurokit_dwt_ch1,250.0,152381,152392,152412,152388,152363,152394,1,,-72.0,-72.0,0.0,72.0
sel39,9,neurokit_dwt_ch1,250.0,152557,152568,152590,152565,152553,152570,1,,-16.0,-80.0,-64.0,48.0
sel39,10,neurokit_dwt_ch1,250.0,152765,152775,152797,152774,152748,152780,1,,-68.0,-68.0,0.0,68.0
sel39,11,neurokit_dwt_ch1,250.0,152945,152953,152976,152952,152924,152957,1,,-84.0,-76.0,8.0,80.0
sel39,12,neurokit_dwt_ch1,250.0,153152,153165,153186,153162,153137,153167,1,,-60.0,-76.0,-16.0,68.0
sel39,13,neurokit_dwt_ch1,250.0,153333,153343,153364,153341,153316,153346,1,,-68.0,-72.0,-4.0,70.0
sel39,14,neurokit_dwt_ch1,250.0,153544,153554,153575,153550,153527,153556,1,,-68.0,-76.0,-8.0,72.0
sel39,15,neurokit_dwt_ch1,250.0,153716,153730,153750,153725,153701,153729,1,,-60.0,-84.0,-24.0,72.0
sel39,16,neurokit_dwt_ch1,250.0,153925,153938,153960,153934,153906,153940,1,,-76.0,-80.0,-4.0,78.0
sel39,17,neurokit_dwt_ch1,250.0,154101,154117,154135,154112,154086,154115,1,,-60.0,-80.0,-20.0,70.0
sel39,18,neurokit_dwt_ch1,250.0,154312,154321,154343,154319,154294,154325,1,,-72.0,-72.0,0.0,72.0
sel39,19,neurokit_dwt_ch1,250.0,154482,154497,154517,154492,154467,154496,1,,-60.0,-84.0,-24.0,72.0
sel39,20,neurokit_dwt_ch1,250.0,154687,154702,154721,154698,154686,154704,1,,-4.0,-68.0,-64.0,36.0
sel39,21,neurokit_dwt_ch1,250.0,154869,154881,154905,154879,154867,154885,1,,-8.0,-80.0,-72.0,44.0
sel39,22,neurokit_dwt_ch1,250.0,155077,155088,155109,155084,155061,155107,1,,-64.0,-8.0,56.0,36.0
sel39,23,neurokit_dwt_ch1,250.0,155250,155259,155281,155256,155231,155262,1,,-76.0,-76.0,0.0,76.0
sel39,24,neurokit_dwt_ch1,250.0,155456,155469,155488,155465,155435,155470,1,,-84.0,-72.0,12.0,78.0
sel39,25,neurokit_dwt_ch1,250.0,155628,155642,155663,155639,155627,155661,1,,-4.0,-8.0,-4.0,6.0
sel39,26,neurokit_dwt_ch1,250.0,155838,155848,155869,155844,155819,155850,1,,-76.0,-76.0,0.0,76.0
sel39,27,neurokit_dwt_ch1,250.0,156017,156025,156049,156024,155999,156046,1,,-72.0,-12.0,60.0,42.0
sel39,28,neurokit_dwt_ch1,250.0,156218,156232,156254,156229,156204,156232,1,,-56.0,-88.0,-32.0,72.0
sel39,29,neurokit_dwt_ch1,250.0,156402,156412,156434,156409,156385,156415,1,,-68.0,-76.0,-8.0,72.0
sel40,0,neurokit_dwt_ch0,250.0,150297,150321,150341,,,,0,unmatched_r_peak,,,,160.0
sel40,1,neurokit_dwt_ch0,250.0,150513,150535,150551,,,,0,unmatched_r_peak,,,,160.0
sel40,2,neurokit_dwt_ch0,250.0,150723,150750,150768,,,,0,unmatched_r_peak,,,,160.0
sel40,3,neurokit_dwt_ch0,250.0,150943,150965,150983,,,,0,unmatched_r_peak,,,,160.0
sel40,4,neurokit_dwt_ch0,250.0,151162,151186,151203,,,,0,unmatched_r_peak,,,,160.0
sel40,5,neurokit_dwt_ch0,250.0,151367,151388,151403,,,,0,unmatched_r_peak,,,,160.0
sel40,6,neurokit_dwt_ch0,250.0,151576,151600,151620,,,,0,unmatched_r_peak,,,,160.0
sel40,7,neurokit_dwt_ch0,250.0,151800,151826,151848,,,,0,unmatched_r_peak,,,,160.0
sel40,8,neurokit_dwt_ch0,250.0,152016,152039,152055,,,,0,unmatched_r_peak,,,,160.0
sel40,9,neurokit_dwt_ch0,250.0,152225,152247,152263,,,,0,unmatched_r_peak,,,,160.0
sel40,10,neurokit_dwt_ch0,250.0,152440,152464,152481,,,,0,unmatched_r_peak,,,,160.0
sel40,11,neurokit_dwt_ch0,250.0,152655,152678,152694,,,,0,unmatched_r_peak,,,,160.0
sel40,12,neurokit_dwt_ch0,250.0,152870,152892,152908,,,,0,unmatched_r_peak,,,,160.0
sel40,13,neurokit_dwt_ch0,250.0,153083,153106,153121,,,,0,unmatched_r_peak,,,,160.0
sel40,14,neurokit_dwt_ch0,250.0,153300,153326,153341,,,,0,unmatched_r_peak,,,,160.0
sel40,15,neurokit_dwt_ch0,250.0,153520,153543,153558,,,,0,unmatched_r_peak,,,,160.0
sel40,16,neurokit_dwt_ch0,250.0,153722,153745,153761,,,,0,unmatched_r_peak,,,,160.0
sel40,17,neurokit_dwt_ch0,250.0,153933,153959,153974,,,,0,unmatched_r_peak,,,,160.0
sel40,18,neurokit_dwt_ch0,250.0,154159,154185,154201,,,,0,unmatched_r_peak,,,,160.0
sel40,19,neurokit_dwt_ch0,250.0,154373,154395,154410,,,,0,unmatched_r_peak,,,,160.0
sel40,20,neurokit_dwt_ch0,250.0,154580,154602,154617,,,,0,unmatched_r_peak,,,,160.0
sel40,21,neurokit_dwt_ch0,250.0,154793,154815,154831,,,,0,unmatched_r_peak,,,,160.0
sel40,22,neurokit_dwt_ch0,250.0,155003,155028,155044,,,,0,unmatched_r_peak,,,,160.0
sel40,23,neurokit_dwt_ch0,250.0,155218,155243,155261,,,,0,unmatched_r_peak,,,,160.0
sel40,24,neurokit_dwt_ch0,250.0,155432,155457,155476,,,,0,unmatched_r_peak,,,,160.0
sel40,25,neurokit_dwt_ch0,250.0,155650,155675,155693,,,,0,unmatched_r_peak,,,,160.0
sel40,26,neurokit_dwt_ch0,250.0,155865,155890,155907,,,,0,unmatched_r_peak,,,,160.0
sel40,27,neurokit_dwt_ch0,250.0,156068,156090,156104,,,,0,unmatched_r_peak,,,,160.0
sel40,28,neurokit_dwt_ch0,250.0,156281,156306,156320,,,,0,unmatched_r_peak,,,,160.0
sel40,29,neurokit_dwt_ch0,250.0,156507,156532,156548,,,,0,unmatched_r_peak,,,,160.0
sel40,0,neurokit_dwt_ch1,250.0,150297,150321,150341,,,,0,unmatched_r_peak,,,,160.0
sel40,1,neurokit_dwt_ch1,250.0,150513,150535,150551,,,,0,unmatched_r_peak,,,,160.0
sel40,2,neurokit_dwt_ch1,250.0,150723,150750,150768,,,,0,unmatched_r_peak,,,,160.0
sel40,3,neurokit_dwt_ch1,250.0,150943,150965,150983,,,,0,unmatched_r_peak,,,,160.0
sel40,4,neurokit_dwt_ch1,250.0,151162,151186,151203,,,,0,unmatched_r_peak,,,,160.0
sel40,5,neurokit_dwt_ch1,250.0,151367,151388,151403,,,,0,unmatched_r_peak,,,,160.0
sel40,6,neurokit_dwt_ch1,250.0,151576,151600,151620,,,,0,unmatched_r_peak,,,,160.0
sel40,7,neurokit_dwt_ch1,250.0,151800,151826,151848,,,,0,unmatched_r_peak,,,,160.0
sel40,8,neurokit_dwt_ch1,250.0,152016,152039,152055,,,,0,unmatched_r_peak,,,,160.0
sel40,9,neurokit_dwt_ch1,250.0,152225,152247,152263,,,,0,unmatched_r_peak,,,,160.0
sel40,10,neurokit_dwt_ch1,250.0,152440,152464,152481,,,,0,unmatched_r_peak,,,,160.0
sel40,11,neurokit_dwt_ch1,250.0,152655,152678,152694,,,,0,unmatched_r_peak,,,,160.0
sel40,12,neurokit_dwt_ch1,250.0,152870,152892,152908,,,,0,unmatched_r_peak,,,,160.0
sel40,13,neurokit_dwt_ch1,250.0,153083,153106,153121,,,,0,unmatched_r_peak,,,,160.0
sel40,14,neurokit_dwt_ch1,250.0,153300,153326,153341,,,,0,unmatched_r_peak,,,,160.0
sel40,15,neurokit_dwt_ch1,250.0,153520,153543,153558,,,,0,unmatched_r_peak,,,,160.0
sel40,16,neurokit_dwt_ch1,250.0,153722,153745,153761,,,,0,unmatched_r_peak,,,,160.0
sel40,17,neurokit_dwt_ch1,250.0,153933,153959,153974,,,,0,unmatched_r_peak,,,,160.0
sel40,18,neurokit_dwt_ch1,250.0,154159,154185,154201,,,,0,unmatched_r_peak,,,,160.0
sel40,19,neurokit_dwt_ch1,250.0,154373,154395,154410,,,,0,unmatched_r_peak,,,,160.0
sel40,20,neurokit_dwt_ch1,250.0,154580,154602,154617,,,,0,unmatched_r_peak,,,,160.0
sel40,21,neurokit_dwt_ch1,250.0,154793,154815,154831,,,,0,unmatched_r_peak,,,,160.0
sel40,22,neurokit_dwt_ch1,250.0,155003,155028,155044,,,,0,unmatched_r_peak,,,,160.0
sel40,23,neurokit_dwt_ch1,250.0,155218,155243,155261,,,,0,unmatched_r_peak,,,,160.0
sel40,24,neurokit_dwt_ch1,250.0,155432,155457,155476,,,,0,unmatched_r_peak,,,,160.0
sel40,25,neurokit_dwt_ch1,250.0,155650,155675,155693,,,,0,unmatched_r_peak,,,,160.0
sel40,26,neurokit_dwt_ch1,250.0,155865,155890,155907,,,,0,unmatched_r_peak,,,,160.0
sel40,27,neurokit_dwt_ch1,250.0,156068,156090,156104,,,,0,unmatched_r_peak,,,,160.0
sel40,28,neurokit_dwt_ch1,250.0,156281,156306,156320,,,,0,unmatched_r_peak,,,,160.0
sel40,29,neurokit_dwt_ch1,250.0,156507,156532,156548,,,,0,unmatched_r_peak,,,,160.0
sel41,0,neurokit_dwt_ch0,250.0,150268,150281,150295,,,,0,unmatched_r_peak,,,,160.0
sel41,1,neurokit_dwt_ch0,250.0,150429,150447,150460,,,,0,unmatched_r_peak,,,,160.0
sel41,2,neurokit_dwt_ch0,250.0,150599,150615,150627,,,,0,unmatched_r_peak,,,,160.0
sel41,3,neurokit_dwt_ch0,250.0,150767,150781,150794,,,,0,unmatched_r_peak,,,,160.0
sel41,4,neurokit_dwt_ch0,250.0,150935,150948,150957,,,,0,unmatched_r_peak,,,,160.0
sel41,5,neurokit_dwt_ch0,250.0,151098,151113,151124,,,,0,unmatched_r_peak,,,,160.0
sel41,6,neurokit_dwt_ch0,250.0,151267,151282,151294,,,,0,unmatched_r_peak,,,,160.0
sel41,7,neurokit_dwt_ch0,250.0,151432,151447,151463,,,,0,unmatched_r_peak,,,,160.0
sel41,8,neurokit_dwt_ch0,250.0,151596,151613,151630,,,,0,unmatched_r_peak,,,,160.0
sel41,9,neurokit_dwt_ch0,250.0,151762,151779,151793,,,,0,unmatched_r_peak,,,,160.0
sel41,10,neurokit_dwt_ch0,250.0,151926,151946,151958,,,,0,unmatched_r_peak,,,,160.0
sel41,11,neurokit_dwt_ch0,250.0,152098,152114,152129,,,,0,unmatched_r_peak,,,,160.0
sel41,12,neurokit_dwt_ch0,250.0,152265,152281,152294,,,,0,unmatched_r_peak,,,,160.0
sel41,13,neurokit_dwt_ch0,250.0,152433,152447,152459,,,,0,unmatched_r_peak,,,,160.0
sel41,14,neurokit_dwt_ch0,250.0,152597,152613,152622,,,,0,unmatched_r_peak,,,,160.0
sel41,15,neurokit_dwt_ch0,250.0,152763,152780,152791,,,,0,unmatched_r_peak,,,,160.0
sel41,16,neurokit_dwt_ch0,250.0,152931,152946,152958,,,,0,unmatched_r_peak,,,,160.0
sel41,17,neurokit_dwt_ch0,250.0,153096,153113,153127,,,,0,unmatched_r_peak,,,,160.0
sel41,18,neurokit_dwt_ch0,250.0,153264,153280,153295,,,,0,unmatched_r_peak,,,,160.0
sel41,19,neurokit_dwt_ch0,250.0,153431,153447,153461,,,,0,unmatched_r_peak,,,,160.0
sel41,20,neurokit_dwt_ch0,250.0,153596,153614,153626,,,,0,unmatched_r_peak,,,,160.0
sel41,21,neurokit_dwt_ch0,250.0,153765,153779,153789,,,,0,unmatched_r_peak,,,,160.0
sel41,22,neurokit_dwt_ch0,250.0,153926,153944,153959,,,,0,unmatched_r_peak,,,,160.0
sel41,23,neurokit_dwt_ch0,250.0,154094,154110,154122,,,,0,unmatched_r_peak,,,,160.0
sel41,24,neurokit_dwt_ch0,250.0,154259,154277,154289,,,,0,unmatched_r_peak,,,,160.0
sel41,25,neurokit_dwt_ch0,250.0,154424,154442,154455,,,,0,unmatched_r_peak,,,,160.0
sel41,26,neurokit_dwt_ch0,250.0,154593,154608,154618,,,,0,unmatched_r_peak,,,,160.0
sel41,27,neurokit_dwt_ch0,250.0,154754,154774,154786,,,,0,unmatched_r_peak,,,,160.0
sel41,28,neurokit_dwt_ch0,250.0,154924,154939,154951,,,,0,unmatched_r_peak,,,,160.0
sel41,29,neurokit_dwt_ch0,250.0,155088,155103,155116,,,,0,unmatched_r_peak,,,,160.0
sel41,0,neurokit_dwt_ch1,250.0,150268,150281,150295,,,,0,unmatched_r_peak,,,,160.0
sel41,1,neurokit_dwt_ch1,250.0,150429,150447,150460,,,,0,unmatched_r_peak,,,,160.0
sel41,2,neurokit_dwt_ch1,250.0,150599,150615,150627,,,,0,unmatched_r_peak,,,,160.0
sel41,3,neurokit_dwt_ch1,250.0,150767,150781,150794,,,,0,unmatched_r_peak,,,,160.0
sel41,4,neurokit_dwt_ch1,250.0,150935,150948,150957,,,,0,unmatched_r_peak,,,,160.0
sel41,5,neurokit_dwt_ch1,250.0,151098,151113,151124,,,,0,unmatched_r_peak,,,,160.0
sel41,6,neurokit_dwt_ch1,250.0,151267,151282,151294,,,,0,unmatched_r_peak,,,,160.0
sel41,7,neurokit_dwt_ch1,250.0,151432,151447,151463,,,,0,unmatched_r_peak,,,,160.0
sel41,8,neurokit_dwt_ch1,250.0,151596,151613,151630,,,,0,unmatched_r_peak,,,,160.0
sel41,9,neurokit_dwt_ch1,250.0,151762,151779,151793,,,,0,unmatched_r_peak,,,,160.0
sel41,10,neurokit_dwt_ch1,250.0,151926,151946,151958,,,,0,unmatched_r_peak,,,,160.0
sel41,11,neurokit_dwt_ch1,250.0,152098,152114,152129,,,,0,unmatched_r_peak,,,,160.0
sel41,12,neurokit_dwt_ch1,250.0,152265,152281,152294,,,,0,unmatched_r_peak,,,,160.0
sel41,13,neurokit_dwt_ch1,250.0,152433,152447,152459,,,,0,unmatched_r_peak,,,,160.0
sel41,14,neurokit_dwt_ch1,250.0,152597,152613,152622,,,,0,unmatched_r_peak,,,,160.0
sel41,15,neurokit_dwt_ch1,250.0,152763,152780,152791,,,,0,unmatched_r_peak,,,,160.0
sel41,16,neurokit_dwt_ch1,250.0,152931,152946,152958,,,,0,unmatched_r_peak,,,,160.0
sel41,17,neurokit_dwt_ch1,250.0,153096,153113,153127,,,,0,unmatched_r_peak,,,,160.0
sel41,18,neurokit_dwt_ch1,250.0,153264,153280,153295,,,,0,unmatched_r_peak,,,,160.0
sel41,19,neurokit_dwt_ch1,250.0,153431,153447,153461,,,,0,unmatched_r_peak,,,,160.0
sel41,20,neurokit_dwt_ch1,250.0,153596,153614,153626,,,,0,unmatched_r_peak,,,,160.0
sel41,21,neurokit_dwt_ch1,250.0,153765,153779,153789,,,,0,unmatched_r_peak,,,,160.0
sel41,22,neurokit_dwt_ch1,250.0,153926,153944,153959,,,,0,unmatched_r_peak,,,,160.0
sel41,23,neurokit_dwt_ch1,250.0,154094,154110,154122,,,,0,unmatched_r_peak,,,,160.0
sel41,24,neurokit_dwt_ch1,250.0,154259,154277,154289,,,,0,unmatched_r_peak,,,,160.0
sel41,25,neurokit_dwt_ch1,250.0,154424,154442,154455,,,,0,unmatched_r_peak,,,,160.0
sel41,26,neurokit_dwt_ch1,250.0,154593,154608,154618,,,,0,unmatched_r_peak,,,,160.0
sel41,27,neurokit_dwt_ch1,250.0,154754,154774,154786,,,,0,unmatched_r_peak,,,,160.0
sel41,28,neurokit_dwt_ch1,250.0,154924,154939,154951,,,,0,unmatched_r_peak,,,,160.0
sel41,29,neurokit_dwt_ch1,250.0,155088,155103,155116,,,,0,unmatched_r_peak,,,,160.0
sel42,0,neurokit_dwt_ch0,250.0,150152,150185,150200,,,,0,missing_dwt_boundary,,,,160.0
sel42,1,neurokit_dwt_ch0,250.0,150328,150359,150374,,,,0,unmatched_r_peak,,,,160.0
sel42,2,neurokit_dwt_ch0,250.0,150502,150534,150548,,,,0,unmatched_r_peak,,,,160.0
sel42,3,neurokit_dwt_ch0,250.0,150672,150703,150719,,,,0,missing_dwt_boundary,,,,160.0
sel42,4,neurokit_dwt_ch0,250.0,150844,150874,150888,,,,0,unmatched_r_peak,,,,160.0
sel42,5,neurokit_dwt_ch0,250.0,151015,151046,151060,,,,0,unmatched_r_peak,,,,160.0
sel42,6,neurokit_dwt_ch0,250.0,151188,151217,151234,,,,0,missing_dwt_boundary,,,,160.0
sel42,7,neurokit_dwt_ch0,250.0,151362,151393,151408,,,,0,missing_dwt_boundary,,,,160.0
sel42,8,neurokit_dwt_ch0,250.0,151539,151569,151586,,,,0,unmatched_r_peak,,,,160.0
sel42,9,neurokit_dwt_ch0,250.0,151717,151750,151765,,,,0,unmatched_r_peak,,,,160.0
sel42,10,neurokit_dwt_ch0,250.0,151895,151928,151943,,,,0,missing_dwt_boundary,,,,160.0
sel42,11,neurokit_dwt_ch0,250.0,152085,152114,152127,,,,0,missing_dwt_boundary,,,,160.0
sel42,12,neurokit_dwt_ch0,250.0,152274,152304,152319,,,,0,unmatched_r_peak,,,,160.0
sel42,13,neurokit_dwt_ch0,250.0,152466,152495,152509,,,,0,unmatched_r_peak,,,,160.0
sel42,14,neurokit_dwt_ch0,250.0,152657,152686,152700,,,,0,missing_dwt_boundary,,,,160.0
sel42,15,neurokit_dwt_ch0,250.0,152846,152880,152894,,,,0,unmatched_r_peak,,,,160.0
sel42,16,neurokit_dwt_ch0,250.0,153044,153075,153089,,,,0,unmatched_r_peak,,,,160.0
sel42,17,neurokit_dwt_ch0,250.0,153235,153267,153281,,,,0,missing_dwt_boundary,,,,160.0
sel42,18,neurokit_dwt_ch0,250.0,153429,153458,153472,,,,0,missing_dwt_boundary,,,,160.0
sel42,19,neurokit_dwt_ch0,250.0,153617,153649,153663,,,,0,unmatched_r_peak,,,,160.0
sel42,20,neurokit_dwt_ch0,250.0,153802,153835,153850,,,,0,missing_dwt_boundary,,,,160.0
sel42,21,neurokit_dwt_ch0,250.0,153987,154016,154031,,,,0,missing_dwt_boundary,,,,160.0
sel42,22,neurokit_dwt_ch0,250.0,154166,154195,154208,,,,0,unmatched_r_peak,,,,160.0
sel42,23,neurokit_dwt_ch0,250.0,154345,154376,154391,,,,0,unmatched_r_peak,,,,160.0
sel42,24,neurokit_dwt_ch0,250.0,154524,154556,154569,,,,0,missing_dwt_boundary,,,,160.0
sel42,25,neurokit_dwt_ch0,250.0,154706,154736,154752,,,,0,missing_dwt_boundary,,,,160.0
sel42,26,neurokit_dwt_ch0,250.0,154888,154917,154934,,,,0,unmatched_r_peak,,,,160.0
sel42,27,neurokit_dwt_ch0,250.0,155067,155098,155112,,,,0,missing_dwt_boundary,,,,160.0
sel42,28,neurokit_dwt_ch0,250.0,155250,155281,155296,,,,0,missing_dwt_boundary,,,,160.0
sel42,29,neurokit_dwt_ch0,250.0,155433,155465,155476,,,,0,unmatched_r_peak,,,,160.0
sel42,0,neurokit_dwt_ch1,250.0,150152,150185,150200,150174,150159,150196,1,,28.0,-16.0,-44.0,22.0
sel42,1,neurokit_dwt_ch1,250.0,150328,150359,150374,150348,150306,150370,1,,-88.0,-16.0,72.0,52.0
sel42,2,neurokit_dwt_ch1,250.0,150502,150534,150548,150523,150508,150544,1,,24.0,-16.0,-40.0,20.0
sel42,3,neurokit_dwt_ch1,250.0,150672,150703,150719,150693,150678,150714,1,,24.0,-20.0,-44.0,22.0
sel42,4,neurokit_dwt_ch1,250.0,150844,150874,150888,150863,150821,150885,1,,-92.0,-12.0,80.0,52.0
sel42,5,neurokit_dwt_ch1,250.0,151015,151046,151060,151035,151020,151056,1,,20.0,-16.0,-36.0,18.0
sel42,6,neurokit_dwt_ch1,250.0,151188,151217,151234,151206,151163,151228,1,,-100.0,-24.0,76.0,62.0
sel42,7,neurokit_dwt_ch1,250.0,151362,151393,151408,151382,151368,151405,1,,24.0,-12.0,-36.0,18.0
sel42,8,neurokit_dwt_ch1,250.0,151539,151569,151586,151558,151516,151581,1,,-92.0,-20.0,72.0,56.0
sel42,9,neurokit_dwt_ch1,250.0,151717,151750,151765,151739,151724,151760,1,,28.0,-20.0,-48.0,24.0
sel42,10,neurokit_dwt_ch1,250.0,151895,151928,151943,151918,151903,151939,1,,32.0,-16.0,-48.0,24.0
sel42,11,neurokit_dwt_ch1,250.0,152085,152114,152127,152104,152089,152126,1,,16.0,-4.0,-20.0,10.0
sel42,12,neurokit_dwt_ch1,250.0,152274,152304,152319,152293,152279,152315,1,,20.0,-16.0,-36.0,18.0
sel42,13,neurokit_dwt_ch1,250.0,152466,152495,152509,152484,152469,152505,1,,12.0,-16.0,-28.0,14.0
sel42,14,neurokit_dwt_ch1,250.0,152657,152686,152700,152675,152630,152697,1,,-108.0,-12.0,96.0,60.0
sel42,15,neurokit_dwt_ch1,250.0,152846,152880,152894,152869,152855,152891,1,,36.0,-12.0,-48.0,24.0
sel42,16,neurokit_dwt_ch1,250.0,153044,153075,153089,153064,153049,153085,1,,20.0,-16.0,-36.0,18.0
sel42,17,neurokit_dwt_ch1,250.0,153235,153267,153281,153256,153241,153278,1,,24.0,-12.0,-36.0,18.0
sel42,18,neurokit_dwt_ch1,250.0,153429,153458,153472,153447,153433,153469,1,,16.0,-12.0,-28.0,14.0
sel42,19,neurokit_dwt_ch1,250.0,153617,153649,153663,153638,153623,153660,1,,24.0,-12.0,-36.0,18.0
sel42,20,neurokit_dwt_ch1,250.0,153802,153835,153850,153824,153809,153846,1,,28.0,-16.0,-44.0,22.0
sel42,21,neurokit_dwt_ch1,250.0,153987,154016,154031,154005,153964,154027,1,,-92.0,-16.0,76.0,54.0
sel42,22,neurokit_dwt_ch1,250.0,154166,154195,154208,154184,154170,154206,1,,16.0,-8.0,-24.0,12.0
sel42,23,neurokit_dwt_ch1,250.0,154345,154376,154391,154365,154350,154387,1,,20.0,-16.0,-36.0,18.0
sel42,24,neurokit_dwt_ch1,250.0,154524,154556,154569,154545,154530,154566,1,,24.0,-12.0,-36.0,18.0
sel42,25,neurokit_dwt_ch1,250.0,154706,154736,154752,154725,154682,154747,1,,-96.0,-20.0,76.0,58.0
sel42,26,neurokit_dwt_ch1,250.0,154888,154917,154934,154906,154892,154928,1,,16.0,-24.0,-40.0,20.0
sel42,27,neurokit_dwt_ch1,250.0,155067,155098,155112,155088,155072,155109,1,,20.0,-12.0,-32.0,16.0
sel42,28,neurokit_dwt_ch1,250.0,155250,155281,155296,155270,155227,155293,1,,-92.0,-12.0,80.0,52.0
sel42,29,neurokit_dwt_ch1,250.0,155433,155465,155476,155454,155440,155476,1,,28.0,0.0,-28.0,14.0
sel43,0,neurokit_dwt_ch0,250.0,150271,150299,150310,150292,150282,150308,1,,44.0,-8.0,-52.0,26.0
sel43,1,neurokit_dwt_ch0,250.0,150434,150459,150469,150452,150442,150468,1,,32.0,-4.0,-36.0,18.0
sel43,2,neurokit_dwt_ch0,250.0,150592,150618,150632,150612,150602,150628,1,,40.0,-16.0,-56.0,28.0
sel43,3,neurokit_dwt_ch0,250.0,150749,150776,150788,150770,150760,150786,1,,44.0,-8.0,-52.0,26.0
sel43,4,neurokit_dwt_ch0,250.0,150905,150934,150943,150927,150917,150943,1,,48.0,0.0,-48.0,24.0
sel43,5,neurokit_dwt_ch0,250.0,151060,151089,151102,151083,151073,151099,1,,52.0,-12.0,-64.0,32.0
sel43,6,neurokit_dwt_ch0,250.0,151219,151247,151257,151240,151230,151256,1,,44.0,-4.0,-48.0,24.0
sel43,7,neurokit_dwt_ch0,250.0,151376,151405,151417,151398,151388,151415,1,,48.0,-8.0,-56.0,28.0
sel43,8,neurokit_dwt_ch0,250.0,151534,151562,151572,151555,151545,151571,1,,44.0,-4.0,-48.0,24.0
sel43,9,neurokit_dwt_ch0,250.0,151687,151719,151730,151712,151702,151729,1,,60.0,-4.0,-64.0,32.0
sel43,10,neurokit_dwt_ch0,250.0,151844,151875,151886,151868,151858,151885,1,,56.0,-4.0,-60.0,30.0
sel43,11,neurokit_dwt_ch0,250.0,152000,152032,152046,152025,152015,152041,1,,60.0,-20.0,-80.0,40.0
sel43,12,neurokit_dwt_ch0,250.0,152163,152189,152201,152183,152173,152199,1,,40.0,-8.0,-48.0,24.0
sel43,13,neurokit_dwt_ch0,250.0,152322,152348,152361,152341,152332,152358,1,,40.0,-12.0,-52.0,26.0
sel43,14,neurokit_dwt_ch0,250.0,152480,152508,152519,152501,152491,152518,1,,44.0,-4.0,-48.0,24.0
sel43,15,neurokit_dwt_ch0,250.0,152636,152666,152677,152659,152649,152676,1,,52.0,-4.0,-56.0,28.0
sel43,16,neurokit_dwt_ch0,250.0,152797,152823,152834,,,,0,missing_dwt_boundary,,,,160.0
sel43,17,neurokit_dwt_ch0,250.0,152953,152980,152993,152974,152964,152990,1,,44.0,-12.0,-56.0,28.0
sel43,18,neurokit_dwt_ch0,250.0,153106,153137,153148,153130,153121,153146,1,,60.0,-8.0,-68.0,34.0
sel43,19,neurokit_dwt_ch0,250.0,153264,153294,153304,153287,153278,153304,1,,56.0,0.0,-56.0,28.0
sel43,20,neurokit_dwt_ch0,250.0,153424,153452,153465,153446,153436,153463,1,,48.0,-8.0,-56.0,28.0
sel43,21,neurokit_dwt_ch0,250.0,153582,153609,153623,153603,153592,153619,1,,40.0,-16.0,-56.0,28.0
sel43,22,neurokit_dwt_ch0,250.0,153739,153766,153778,,,,0,missing_dwt_boundary,,,,160.0
sel43,23,neurokit_dwt_ch0,250.0,153894,153922,153935,153916,153906,153931,1,,48.0,-16.0,-64.0,32.0
sel43,24,neurokit_dwt_ch0,250.0,154049,154078,154091,154072,154062,154088,1,,52.0,-12.0,-64.0,32.0
sel43,25,neurokit_dwt_ch0,250.0,154207,154234,154245,,,,0,missing_dwt_boundary,,,,160.0
sel43,26,neurokit_dwt_ch0,250.0,154362,154390,154401,,,,0,missing_dwt_boundary,,,,160.0
sel43,27,neurokit_dwt_ch0,250.0,154517,154546,154555,154540,154530,154555,1,,52.0,0.0,-52.0,26.0
sel43,28,neurokit_dwt_ch0,250.0,154676,154703,154713,154697,154687,154712,1,,44.0,-4.0,-48.0,24.0
sel43,29,neurokit_dwt_ch0,250.0,154835,154864,154876,154857,154848,154873,1,,52.0,-12.0,-64.0,32.0
sel43,0,neurokit_dwt_ch1,250.0,150271,150299,150310,150297,150274,150321,1,,12.0,44.0,32.0,28.0
sel43,1,neurokit_dwt_ch1,250.0,150434,150459,150469,,,,0,missing_dwt_boundary,,,,160.0
sel43,2,neurokit_dwt_ch1,250.0,150592,150618,150632,,,,0,missing_dwt_boundary,,,,160.0
sel43,3,neurokit_dwt_ch1,250.0,150749,150776,150788,,,,0,missing_dwt_boundary,,,,160.0
sel43,4,neurokit_dwt_ch1,250.0,150905,150934,150943,,,,0,missing_dwt_boundary,,,,160.0
sel43,5,neurokit_dwt_ch1,250.0,151060,151089,151102,,,,0,missing_dwt_boundary,,,,160.0
sel43,6,neurokit_dwt_ch1,250.0,151219,151247,151257,,,,0,missing_dwt_boundary,,,,160.0
sel43,7,neurokit_dwt_ch1,250.0,151376,151405,151417,,,,0,missing_dwt_boundary,,,,160.0
sel43,8,neurokit_dwt_ch1,250.0,151534,151562,151572,,,,0,missing_dwt_boundary,,,,160.0
sel43,9,neurokit_dwt_ch1,250.0,151687,151719,151730,,,,0,missing_dwt_boundary,,,,160.0
sel43,10,neurokit_dwt_ch1,250.0,151844,151875,151886,,,,0,missing_dwt_boundary,,,,160.0
sel43,11,neurokit_dwt_ch1,250.0,152000,152032,152046,,,,0,missing_dwt_boundary,,,,160.0
sel43,12,neurokit_dwt_ch1,250.0,152163,152189,152201,,,,0,missing_dwt_boundary,,,,160.0
sel43,13,neurokit_dwt_ch1,250.0,152322,152348,152361,,,,0,missing_dwt_boundary,,,,160.0
sel43,14,neurokit_dwt_ch1,250.0,152480,152508,152519,,,,0,missing_dwt_boundary,,,,160.0
sel43,15,neurokit_dwt_ch1,250.0,152636,152666,152677,,,,0,missing_dwt_boundary,,,,160.0
sel43,16,neurokit_dwt_ch1,250.0,152797,152823,152834,,,,0,missing_dwt_boundary,,,,160.0
sel43,17,neurokit_dwt_ch1,250.0,152953,152980,152993,,,,0,missing_dwt_boundary,,,,160.0
sel43,18,neurokit_dwt_ch1,250.0,153106,153137,153148,,,,0,missing_dwt_boundary,,,,160.0
sel43,19,neurokit_dwt_ch1,250.0,153264,153294,153304,,,,0,missing_dwt_boundary,,,,160.0
sel43,20,neurokit_dwt_ch1,250.0,153424,153452,153465,,,,0,missing_dwt_boundary,,,,160.0
sel43,21,neurokit_dwt_ch1,250.0,153582,153609,153623,,,,0,missing_dwt_boundary,,,,160.0
sel43,22,neurokit_dwt_ch1,250.0,153739,153766,153778,,,,0,missing_dwt_boundary,,,,160.0
sel43,23,neurokit_dwt_ch1,250.0,153894,153922,153935,,,,0,missing_dwt_boundary,,,,160.0
sel43,24,neurokit_dwt_ch1,250.0,154049,154078,154091,,,,0,missing_dwt_boundary,,,,160.0
sel43,25,neurokit_dwt_ch1,250.0,154207,154234,154245,,,,0,missing_dwt_boundary,,,,160.0
sel43,26,neurokit_dwt_ch1,250.0,154362,154390,154401,,,,0,missing_dwt_boundary,,,,160.0
sel43,27,neurokit_dwt_ch1,250.0,154517,154546,154555,,,,0,missing_dwt_boundary,,,,160.0
sel43,28,neurokit_dwt_ch1,250.0,154676,154703,154713,,,,0,missing_dwt_boundary,,,,160.0
sel43,29,neurokit_dwt_ch1,250.0,154835,154864,154876,,,,0,missing_dwt_boundary,,,,160.0
sel44,0,neurokit_dwt_ch0,250.0,150209,150228,150241,150225,150208,150243,1,,-4.0,8.0,12.0,6.0
sel44,1,neurokit_dwt_ch0,250.0,150379,150396,150410,,,,0,missing_dwt_boundary,,,,160.0
sel44,2,neurokit_dwt_ch0,250.0,150505,150538,150546,,,,0,missing_dwt_boundary,,,,160.0
sel44,3,neurokit_dwt_ch0,250.0,151232,151252,151267,,,,0,missing_dwt_boundary,,,,160.0
sel44,4,neurokit_dwt_ch0,250.0,151403,151421,151438,151419,151402,151437,1,,-4.0,-4.0,0.0,4.0
sel44,5,neurokit_dwt_ch0,250.0,151535,151564,151571,,,,0,missing_dwt_boundary,,,,160.0
sel44,6,neurokit_dwt_ch0,250.0,151747,151765,151783,,,,0,missing_dwt_boundary,,,,160.0
sel44,7,neurokit_dwt_ch0,250.0,151917,151936,151965,,,,0,missing_dwt_boundary,,,,160.0
sel44,8,neurokit_dwt_ch0,250.0,152086,152104,152126,,,,0,missing_dwt_boundary,,,,160.0
sel44,9,neurokit_dwt_ch0,250.0,152213,152241,152249,,,,0,missing_dwt_boundary,,,,160.0
sel44,10,neurokit_dwt_ch0,250.0,152426,152444,152466,152441,152426,152455,1,,0.0,-44.0,-44.0,22.0
sel44,11,neurokit_dwt_ch0,250.0,152600,152619,152635,,,,0,missing_dwt_boundary,,,,160.0
sel44,12,neurokit_dwt_ch0,250.0,152772,152788,152803,152786,152770,152805,1,,-8.0,8.0,16.0,8.0
sel44,13,neurokit_dwt_ch0,250.0,152893,152930,152938,,,,0,missing_dwt_boundary,,,,160.0
sel44,14,neurokit_dwt_ch0,250.0,153103,153121,153138,,,,0,missing_dwt_boundary,,,,160.0
sel44,15,neurokit_dwt_ch0,250.0,153276,153293,153310,153290,153274,153310,1,,-8.0,0.0,8.0,4.0
sel44,16,neurokit_dwt_ch0,250.0,153445,153463,153482,,,,0,missing_dwt_boundary,,,,160.0
sel44,17,neurokit_dwt_ch0,250.0,153571,153598,153605,,,,0,missing_dwt_boundary,,,,160.0
sel44,18,neurokit_dwt_ch0,250.0,154289,154307,154319,154305,154288,154323,1,,-4.0,16.0,20.0,10.0
sel44,19,neurokit_dwt_ch0,250.0,154454,154473,154486,,,,0,missing_dwt_boundary,,,,160.0
sel44,20,neurokit_dwt_ch0,250.0,154581,154618,154626,,,,0,missing_dwt_boundary,,,,160.0
sel44,21,neurokit_dwt_ch0,250.0,154789,154807,154826,,,,0,missing_dwt_boundary,,,,160.0
sel44,22,neurokit_dwt_ch0,250.0,154960,154979,154994,,,,0,missing_dwt_boundary,,,,160.0
sel44,23,neurokit_dwt_ch0,250.0,155125,155146,155159,,,,0,missing_dwt_boundary,,,,160.0
sel44,24,neurokit_dwt_ch0,250.0,155249,155280,155288,,,,0,missing_dwt_boundary,,,,160.0
sel44,25,neurokit_dwt_ch0,250.0,155459,155476,155494,155473,155458,155486,1,,-4.0,-32.0,-28.0,18.0
sel44,26,neurokit_dwt_ch0,250.0,155627,155648,155672,,,,0,missing_dwt_boundary,,,,160.0
sel44,27,neurokit_dwt_ch0,250.0,155797,155815,155831,,,,0,missing_dwt_boundary,,,,160.0
sel44,28,neurokit_dwt_ch0,250.0,155920,155951,155957,,,,0,missing_dwt_boundary,,,,160.0
sel44,29,neurokit_dwt_ch0,250.0,156127,156143,156158,156140,156124,156160,1,,-12.0,8.0,20.0,10.0
sel44,0,neurokit_dwt_ch1,250.0,150209,150228,150241,150226,150210,150246,1,,4.0,20.0,16.0,12.0
sel44,1,neurokit_dwt_ch1,250.0,150379,150396,150410,150396,150379,150414,1,,0.0,16.0,16.0,8.0
sel44,2,neurokit_dwt_ch1,250.0,150505,150538,150546,,,,0,missing_dwt_boundary,,,,160.0
sel44,3,neurokit_dwt_ch1,250.0,151232,151252,151267,151251,151234,151273,1,,8.0,24.0,16.0,16.0
sel44,4,neurokit_dwt_ch1,250.0,151403,151421,151438,,,,0,missing_dwt_boundary,,,,160.0
sel44,5,neurokit_dwt_ch1,250.0,151535,151564,151571,,,,0,missing_dwt_boundary,,,,160.0
sel44,6,neurokit_dwt_ch1,250.0,151747,151765,151783,,,,0,missing_dwt_boundary,,,,160.0
sel44,7,neurokit_dwt_ch1,250.0,151917,151936,151965,151935,151919,151953,1,,8.0,-48.0,-56.0,28.0
sel44,8,neurokit_dwt_ch1,250.0,152086,152104,152126,,,,0,missing_dwt_boundary,,,,160.0
sel44,9,neurokit_dwt_ch1,250.0,152213,152241,152249,,,,0,missing_dwt_boundary,,,,160.0
sel44,10,neurokit_dwt_ch1,250.0,152426,152444,152466,152443,152427,152457,1,,4.0,-36.0,-40.0,20.0
sel44,11,neurokit_dwt_ch1,250.0,152600,152619,152635,152617,152601,152637,1,,4.0,8.0,4.0,6.0
sel44,12,neurokit_dwt_ch1,250.0,152772,152788,152803,,,,0,missing_dwt_boundary,,,,160.0
sel44,13,neurokit_dwt_ch1,250.0,152893,152930,152938,,,,0,missing_dwt_boundary,,,,160.0
sel44,14,neurokit_dwt_ch1,250.0,153103,153121,153138,,,,0,missing_dwt_boundary,,,,160.0
sel44,15,neurokit_dwt_ch1,250.0,153276,153293,153310,153291,153276,153312,1,,0.0,8.0,8.0,4.0
sel44,16,neurokit_dwt_ch1,250.0,153445,153463,153482,,,,0,missing_dwt_boundary,,,,160.0
sel44,17,neurokit_dwt_ch1,250.0,153571,153598,153605,,,,0,missing_dwt_boundary,,,,160.0
sel44,18,neurokit_dwt_ch1,250.0,154289,154307,154319,154306,154290,154328,1,,4.0,36.0,32.0,20.0
sel44,19,neurokit_dwt_ch1,250.0,154454,154473,154486,,,,0,missing_dwt_boundary,,,,160.0
sel44,20,neurokit_dwt_ch1,250.0,154581,154618,154626,,,,0,missing_dwt_boundary,,,,160.0
sel44,21,neurokit_dwt_ch1,250.0,154789,154807,154826,,,,0,missing_dwt_boundary,,,,160.0
sel44,22,neurokit_dwt_ch1,250.0,154960,154979,154994,,,,0,missing_dwt_boundary,,,,160.0
sel44,23,neurokit_dwt_ch1,250.0,155125,155146,155159,,,,0,missing_dwt_boundary,,,,160.0
sel44,24,neurokit_dwt_ch1,250.0,155249,155280,155288,,,,0,missing_dwt_boundary,,,,160.0
sel44,25,neurokit_dwt_ch1,250.0,155459,155476,155494,155475,155459,155488,1,,0.0,-24.0,-24.0,12.0
sel44,26,neurokit_dwt_ch1,250.0,155627,155648,155672,155646,155630,155664,1,,12.0,-32.0,-44.0,22.0
sel44,27,neurokit_dwt_ch1,250.0,155797,155815,155831,,,,0,missing_dwt_boundary,,,,160.0
sel44,28,neurokit_dwt_ch1,250.0,155920,155951,155957,,,,0,missing_dwt_boundary,,,,160.0
sel44,29,neurokit_dwt_ch1,250.0,156127,156143,156158,156142,156125,156161,1,,-8.0,12.0,20.0,10.0
sel47,0,neurokit_dwt_ch0,250.0,150416,150435,150450,150432,150390,150450,1,,-104.0,0.0,104.0,52.0
sel47,1,neurokit_dwt_ch0,250.0,150676,150692,150705,150688,150646,150706,1,,-120.0,4.0,124.0,62.0
sel47,2,neurokit_dwt_ch0,250.0,150934,150954,150968,150950,150909,150967,1,,-100.0,-4.0,96.0,52.0
sel47,3,neurokit_dwt_ch0,250.0,151197,151215,151230,151211,151171,151228,1,,-104.0,-8.0,96.0,56.0
sel47,4,neurokit_dwt_ch0,250.0,151457,151476,151492,151473,151431,151492,1,,-104.0,0.0,104.0,52.0
sel47,5,neurokit_dwt_ch0,250.0,151713,151732,151747,151728,151688,151747,1,,-100.0,0.0,100.0,50.0
sel47,6,neurokit_dwt_ch0,250.0,151974,151995,152009,151991,151950,152008,1,,-96.0,-4.0,92.0,50.0
sel47,7,neurokit_dwt_ch0,250.0,152239,152256,152269,152253,152212,152270,1,,-108.0,4.0,112.0,56.0
sel47,8,neurokit_dwt_ch0,250.0,152500,152515,152532,152513,152472,152531,1,,-112.0,-4.0,108.0,58.0
sel47,9,neurokit_dwt_ch0,250.0,152752,152768,152784,152765,152723,152782,1,,-116.0,-8.0,108.0,62.0
sel47,10,neurokit_dwt_ch0,250.0,153013,153031,153046,153027,152985,153045,1,,-112.0,-4.0,108.0,58.0
sel47,11,neurokit_dwt_ch0,250.0,153276,153294,153310,153290,153249,153307,1,,-108.0,-12.0,96.0,60.0
sel47,12,neurokit_dwt_ch0,250.0,153540,153557,153572,153553,153511,153571,1,,-116.0,-4.0,112.0,60.0
sel47,13,neurokit_dwt_ch0,250.0,153798,153814,153832,153812,153770,153830,1,,-112.0,-8.0,104.0,60.0
sel47,14,neurokit_dwt_ch0,250.0,154057,154076,154090,154072,154031,154090,1,,-104.0,0.0,104.0,52.0
sel47,15,neurokit_dwt_ch0,250.0,154322,154340,154355,154336,154294,154353,1,,-112.0,-8.0,104.0,60.0
sel47,16,neurokit_dwt_ch0,250.0,154589,154605,154624,154603,154559,154621,1,,-120.0,-12.0,108.0,66.0
sel47,17,neurokit_dwt_ch0,250.0,154844,154861,154876,154858,154818,154877,1,,-104.0,4.0,108.0,54.0
sel47,18,neurokit_dwt_ch0,250.0,155103,155121,155139,155117,155076,155135,1,,-108.0,-16.0,92.0,62.0
sel47,19,neurokit_dwt_ch0,250.0,155361,155382,155399,155379,155337,155398,1,,-96.0,-4.0,92.0,50.0
sel47,20,neurokit_dwt_ch0,250.0,155618,155634,155653,155632,155590,155649,1,,-112.0,-16.0,96.0,64.0
sel47,21,neurokit_dwt_ch0,250.0,155870,155893,155908,155888,155847,155906,1,,-92.0,-8.0,84.0,50.0
sel47,22,neurokit_dwt_ch0,250.0,156135,156153,156171,156149,156108,156167,1,,-108.0,-16.0,92.0,62.0
sel47,23,neurokit_dwt_ch0,250.0,156399,156418,156436,156414,156373,156433,1,,-104.0,-12.0,92.0,58.0
sel47,24,neurokit_dwt_ch0,250.0,156653,156670,156689,156666,156624,156684,1,,-116.0,-20.0,96.0,68.0
sel47,25,neurokit_dwt_ch0,250.0,156912,156932,156947,156928,156887,156945,1,,-100.0,-8.0,92.0,54.0
sel47,26,neurokit_dwt_ch0,250.0,157174,157191,157208,157186,157145,157204,1,,-116.0,-16.0,100.0,66.0
sel47,27,neurokit_dwt_ch0,250.0,157429,157448,157466,157444,157402,157462,1,,-108.0,-16.0,92.0,62.0
sel47,28,neurokit_dwt_ch0,250.0,157686,157703,157724,157699,157659,157717,1,,-108.0,-28.0,80.0,68.0
sel47,29,neurokit_dwt_ch0,250.0,157943,157961,157976,157957,157916,157974,1,,-108.0,-8.0,100.0,58.0
sel47,0,neurokit_dwt_ch1,250.0,150416,150435,150450,150433,150389,150451,1,,-108.0,4.0,112.0,56.0
sel47,1,neurokit_dwt_ch1,250.0,150676,150692,150705,150689,150646,150706,1,,-120.0,4.0,124.0,62.0
sel47,2,neurokit_dwt_ch1,250.0,150934,150954,150968,150950,150909,150968,1,,-100.0,0.0,100.0,50.0
sel47,3,neurokit_dwt_ch1,250.0,151197,151215,151230,151212,151172,151229,1,,-100.0,-4.0,96.0,52.0
sel47,4,neurokit_dwt_ch1,250.0,151457,151476,151492,151474,151451,151495,1,,-24.0,12.0,36.0,18.0
sel47,5,neurokit_dwt_ch1,250.0,151713,151732,151747,,,,0,missing_dwt_boundary,,,,160.0
sel47,6,neurokit_dwt_ch1,250.0,151974,151995,152009,151992,151969,152010,1,,-20.0,4.0,24.0,12.0
sel47,7,neurokit_dwt_ch1,250.0,152239,152256,152269,152254,152213,152271,1,,-104.0,8.0,112.0,56.0
sel47,8,neurokit_dwt_ch1,250.0,152500,152515,152532,152514,152492,152531,1,,-32.0,-4.0,28.0,18.0
sel47,9,neurokit_dwt_ch1,250.0,152752,152768,152784,152766,152740,152784,1,,-48.0,0.0,48.0,24.0
sel47,10,neurokit_dwt_ch1,250.0,153013,153031,153046,153028,152984,153047,1,,-116.0,4.0,120.0,60.0
sel47,11,neurokit_dwt_ch1,250.0,153276,153294,153310,153291,153250,153308,1,,-104.0,-8.0,96.0,56.0
sel47,12,neurokit_dwt_ch1,250.0,153540,153557,153572,153554,153511,153572,1,,-116.0,0.0,116.0,58.0
sel47,13,neurokit_dwt_ch1,250.0,153798,153814,153832,,,,0,missing_dwt_boundary,,,,160.0
sel47,14,neurokit_dwt_ch1,250.0,154057,154076,154090,154073,154034,154092,1,,-92.0,8.0,100.0,50.0
sel47,15,neurokit_dwt_ch1,250.0,154322,154340,154355,154336,154318,154354,1,,-16.0,-4.0,12.0,10.0
sel47,16,neurokit_dwt_ch1,250.0,154589,154605,154624,,,,0,missing_dwt_boundary,,,,160.0
sel47,17,neurokit_dwt_ch1,250.0,154844,154861,154876,154859,154817,154878,1,,-108.0,8.0,116.0,58.0
sel47,18,neurokit_dwt_ch1,250.0,155103,155121,155139,155118,155078,155135,1,,-100.0,-16.0,84.0,58.0
sel47,19,neurokit_dwt_ch1,250.0,155361,155382,155399,155380,155335,155400,1,,-104.0,4.0,108.0,54.0
sel47,20,neurokit_dwt_ch1,250.0,155618,155634,155653,,,,0,missing_dwt_boundary,,,,160.0
sel47,21,neurokit_dwt_ch1,250.0,155870,155893,155908,155889,155847,155908,1,,-92.0,0.0,92.0,46.0
sel47,22,neurokit_dwt_ch1,250.0,156135,156153,156171,156150,156112,156167,1,,-92.0,-16.0,76.0,54.0
sel47,23,neurokit_dwt_ch1,250.0,156399,156418,156436,,,,0,missing_dwt_boundary,,,,160.0
sel47,24,neurokit_dwt_ch1,250.0,156653,156670,156689,156667,156624,156685,1,,-116.0,-16.0,100.0,66.0
sel47,25,neurokit_dwt_ch1,250.0,156912,156932,156947,156929,156887,156946,1,,-100.0,-4.0,96.0,52.0
sel47,26,neurokit_dwt_ch1,250.0,157174,157191,157208,157187,157146,157205,1,,-112.0,-12.0,100.0,62.0
sel47,27,neurokit_dwt_ch1,250.0,157429,157448,157466,157445,157404,157463,1,,-100.0,-12.0,88.0,56.0
sel47,28,neurokit_dwt_ch1,250.0,157686,157703,157724,157700,157658,157719,1,,-112.0,-20.0,92.0,66.0
sel47,29,neurokit_dwt_ch1,250.0,157943,157961,157976,157958,157916,157975,1,,-108.0,-4.0,104.0,56.0
sel49,0,neurokit_dwt_ch0,250.0,150283,150297,150309,150296,150261,150314,1,,-88.0,20.0,108.0,54.0
sel49,1,neurokit_dwt_ch0,250.0,150555,150570,150581,150569,150533,150587,1,,-88.0,24.0,112.0,56.0
sel49,2,neurokit_dwt_ch0,250.0,150826,150841,150854,,,,0,missing_dwt_boundary,,,,160.0
sel49,3,neurokit_dwt_ch0,250.0,151097,151111,151121,151110,151075,151129,1,,-88.0,32.0,120.0,60.0
sel49,4,neurokit_dwt_ch0,250.0,151370,151384,151397,151383,151347,151401,1,,-92.0,16.0,108.0,54.0
sel49,5,neurokit_dwt_ch0,250.0,151641,151657,151668,,,,0,missing_dwt_boundary,,,,160.0
sel49,6,neurokit_dwt_ch0,250.0,151914,151930,151941,151929,151893,151948,1,,-84.0,28.0,112.0,56.0
sel49,7,neurokit_dwt_ch0,250.0,152189,152203,152212,,,,0,missing_dwt_boundary,,,,160.0
sel49,8,neurokit_dwt_ch0,250.0,152460,152475,152484,152474,152438,152492,1,,-88.0,32.0,120.0,60.0
sel49,9,neurokit_dwt_ch0,250.0,152734,152747,152756,,,,0,missing_dwt_boundary,,,,160.0
sel49,10,neurokit_dwt_ch0,250.0,153000,153016,153027,,,,0,missing_dwt_boundary,,,,160.0
sel49,11,neurokit_dwt_ch0,250.0,153273,153286,153297,153285,153250,153304,1,,-92.0,28.0,120.0,60.0
sel49,12,neurokit_dwt_ch0,250.0,153540,153557,153568,153556,153520,153576,1,,-80.0,32.0,112.0,56.0
sel49,13,neurokit_dwt_ch0,250.0,153815,153830,153840,,,,0,missing_dwt_boundary,,,,160.0
sel49,14,neurokit_dwt_ch0,250.0,154085,154100,154112,154099,154063,154118,1,,-88.0,24.0,112.0,56.0
sel49,15,neurokit_dwt_ch0,250.0,154358,154371,154383,154370,154334,154389,1,,-96.0,24.0,120.0,60.0
sel49,16,neurokit_dwt_ch0,250.0,154627,154642,154654,154641,154605,154660,1,,-88.0,24.0,112.0,56.0
sel49,17,neurokit_dwt_ch0,250.0,154902,154914,154926,154913,154877,154932,1,,-100.0,24.0,124.0,62.0
sel49,18,neurokit_dwt_ch0,250.0,155172,155186,155195,,,,0,missing_dwt_boundary,,,,160.0
sel49,19,neurokit_dwt_ch0,250.0,155442,155457,155468,,,,0,missing_dwt_boundary,,,,160.0
sel49,20,neurokit_dwt_ch0,250.0,155712,155727,155738,155726,155690,155745,1,,-88.0,28.0,116.0,58.0
sel49,21,neurokit_dwt_ch0,250.0,155984,155998,156008,155997,155960,156016,1,,-96.0,32.0,128.0,64.0
sel49,22,neurokit_dwt_ch0,250.0,156255,156268,156279,,,,0,missing_dwt_boundary,,,,160.0
sel49,23,neurokit_dwt_ch0,250.0,156523,156538,156550,,,,0,missing_dwt_boundary,,,,160.0
sel49,24,neurokit_dwt_ch0,250.0,156792,156807,156819,,,,0,missing_dwt_boundary,,,,160.0
sel49,25,neurokit_dwt_ch0,250.0,157062,157075,157088,,,,0,missing_dwt_boundary,,,,160.0
sel49,26,neurokit_dwt_ch0,250.0,158127,158144,158156,,,,0,missing_dwt_boundary,,,,160.0
sel49,27,neurokit_dwt_ch0,250.0,158395,158410,158426,,,,0,missing_dwt_boundary,,,,160.0
sel49,28,neurokit_dwt_ch0,250.0,158660,158673,158685,,,,0,missing_dwt_boundary,,,,160.0
sel49,29,neurokit_dwt_ch0,250.0,158921,158936,158945,,,,0,missing_dwt_boundary,,,,160.0
sel49,0,neurokit_dwt_ch1,250.0,150283,150297,150309,,,,0,unmatched_r_peak,,,,160.0
sel49,1,neurokit_dwt_ch1,250.0,150555,150570,150581,,,,0,unmatched_r_peak,,,,160.0
sel49,2,neurokit_dwt_ch1,250.0,150826,150841,150854,,,,0,unmatched_r_peak,,,,160.0
sel49,3,neurokit_dwt_ch1,250.0,151097,151111,151121,,,,0,unmatched_r_peak,,,,160.0
sel49,4,neurokit_dwt_ch1,250.0,151370,151384,151397,,,,0,unmatched_r_peak,,,,160.0
sel49,5,neurokit_dwt_ch1,250.0,151641,151657,151668,,,,0,unmatched_r_peak,,,,160.0
sel49,6,neurokit_dwt_ch1,250.0,151914,151930,151941,,,,0,unmatched_r_peak,,,,160.0
sel49,7,neurokit_dwt_ch1,250.0,152189,152203,152212,,,,0,unmatched_r_peak,,,,160.0
sel49,8,neurokit_dwt_ch1,250.0,152460,152475,152484,,,,0,unmatched_r_peak,,,,160.0
sel49,9,neurokit_dwt_ch1,250.0,152734,152747,152756,,,,0,unmatched_r_peak,,,,160.0
sel49,10,neurokit_dwt_ch1,250.0,153000,153016,153027,,,,0,unmatched_r_peak,,,,160.0
sel49,11,neurokit_dwt_ch1,250.0,153273,153286,153297,,,,0,unmatched_r_peak,,,,160.0
sel49,12,neurokit_dwt_ch1,250.0,153540,153557,153568,,,,0,unmatched_r_peak,,,,160.0
sel49,13,neurokit_dwt_ch1,250.0,153815,153830,153840,,,,0,unmatched_r_peak,,,,160.0
sel49,14,neurokit_dwt_ch1,250.0,154085,154100,154112,,,,0,unmatched_r_peak,,,,160.0
sel49,15,neurokit_dwt_ch1,250.0,154358,154371,154383,,,,0,unmatched_r_peak,,,,160.0
sel49,16,neurokit_dwt_ch1,250.0,154627,154642,154654,,,,0,unmatched_r_peak,,,,160.0
sel49,17,neurokit_dwt_ch1,250.0,154902,154914,154926,,,,0,unmatched_r_peak,,,,160.0
sel49,18,neurokit_dwt_ch1,250.0,155172,155186,155195,,,,0,unmatched_r_peak,,,,160.0
sel49,19,neurokit_dwt_ch1,250.0,155442,155457,155468,,,,0,unmatched_r_peak,,,,160.0
sel49,20,neurokit_dwt_ch1,250.0,155712,155727,155738,,,,0,unmatched_r_peak,,,,160.0
sel49,21,neurokit_dwt_ch1,250.0,155984,155998,156008,,,,0,unmatched_r_peak,,,,160.0
sel49,22,neurokit_dwt_ch1,250.0,156255,156268,156279,,,,0,unmatched_r_peak,,,,160.0
sel49,23,neurokit_dwt_ch1,250.0,156523,156538,156550,,,,0,unmatched_r_peak,,,,160.0
sel49,24,neurokit_dwt_ch1,250.0,156792,156807,156819,,,,0,unmatched_r_peak,,,,160.0
sel49,25,neurokit_dwt_ch1,250.0,157062,157075,157088,,,,0,unmatched_r_peak,,,,160.0
sel49,26,neurokit_dwt_ch1,250.0,158127,158144,158156,,,,0,unmatched_r_peak,,,,160.0
sel49,27,neurokit_dwt_ch1,250.0,158395,158410,158426,,,,0,unmatched_r_peak,,,,160.0
sel49,28,neurokit_dwt_ch1,250.0,158660,158673,158685,,,,0,unmatched_r_peak,,,,160.0
sel49,29,neurokit_dwt_ch1,250.0,158921,158936,158945,,,,0,unmatched_r_peak,,,,160.0
sel50,0,neurokit_dwt_ch0,250.0,150593,150613,150629,,,,0,missing_dwt_boundary,,,,160.0
sel50,1,neurokit_dwt_ch0,250.0,150935,150955,150970,,,,0,missing_dwt_boundary,,,,160.0
sel50,2,neurokit_dwt_ch0,250.0,151283,151299,151315,,,,0,missing_dwt_boundary,,,,160.0
sel50,3,neurokit_dwt_ch0,250.0,151523,151536,151554,151536,151496,151553,1,,-108.0,-4.0,104.0,56.0
sel50,4,neurokit_dwt_ch0,250.0,151847,151862,151879,151860,151821,151879,1,,-104.0,0.0,104.0,52.0
sel50,5,neurokit_dwt_ch0,250.0,152163,152179,152195,152177,152099,152195,1,,-256.0,0.0,256.0,128.0
sel50,6,neurokit_dwt_ch0,250.0,152511,152525,152542,152524,152460,152541,1,,-204.0,-4.0,200.0,104.0
sel50,7,neurokit_dwt_ch0,250.0,152767,152782,152800,152779,152741,152797,1,,-104.0,-12.0,92.0,58.0
sel50,8,neurokit_dwt_ch0,250.0,153127,153145,153165,153144,153093,153163,1,,-136.0,-8.0,128.0,72.0
sel50,9,neurokit_dwt_ch0,250.0,153598,153616,153629,153613,153590,153629,1,,-32.0,0.0,32.0,16.0
sel50,10,neurokit_dwt_ch0,250.0,154025,154037,154054,,,,0,missing_dwt_boundary,,,,160.0
sel50,11,neurokit_dwt_ch0,250.0,154500,154522,154535,154521,154500,154539,1,,0.0,16.0,16.0,8.0
sel50,12,neurokit_dwt_ch0,250.0,154978,154992,155007,154991,154950,155009,1,,-112.0,8.0,120.0,60.0
sel50,13,neurokit_dwt_ch0,250.0,155470,155485,155501,155482,155396,155500,1,,-296.0,-4.0,292.0,150.0
sel50,14,neurokit_dwt_ch0,250.0,155862,155874,155891,,,,0,missing_dwt_boundary,,,,160.0
sel50,15,neurokit_dwt_ch0,250.0,156083,156099,156117,156099,156038,156117,1,,-180.0,0.0,180.0,90.0
sel50,16,neurokit_dwt_ch0,250.0,156378,156393,156407,,,,0,missing_dwt_boundary,,,,160.0
sel50,17,neurokit_dwt_ch0,250.0,156612,156625,156640,156624,156559,156642,1,,-212.0,8.0,220.0,110.0
sel50,18,neurokit_dwt_ch0,250.0,157023,157045,157062,,,,0,missing_dwt_boundary,,,,160.0
sel50,19,neurokit_dwt_ch0,250.0,157425,157440,157456,,,,0,missing_dwt_boundary,,,,160.0
sel50,20,neurokit_dwt_ch0,250.0,157789,157801,157821,157800,157726,157818,1,,-252.0,-12.0,240.0,132.0
sel50,21,neurokit_dwt_ch0,250.0,158249,158262,158278,158262,158236,158280,1,,-52.0,8.0,60.0,30.0
sel50,22,neurokit_dwt_ch0,250.0,158559,158572,158588,,,,0,missing_dwt_boundary,,,,160.0
sel50,23,neurokit_dwt_ch0,250.0,159042,159060,159080,159059,159001,159077,1,,-164.0,-12.0,152.0,88.0
sel50,24,neurokit_dwt_ch0,250.0,159495,159509,159527,,,,0,missing_dwt_boundary,,,,160.0
sel50,25,neurokit_dwt_ch0,250.0,159878,159891,159908,,,,0,missing_dwt_boundary,,,,160.0
sel50,26,neurokit_dwt_ch0,250.0,160170,160184,160200,,,,0,missing_dwt_boundary,,,,160.0
sel50,27,neurokit_dwt_ch0,250.0,160493,160506,160527,160505,160474,160525,1,,-76.0,-8.0,68.0,42.0
sel50,28,neurokit_dwt_ch0,250.0,160807,160820,160835,160819,160788,160837,1,,-76.0,8.0,84.0,42.0
sel50,29,neurokit_dwt_ch0,250.0,161003,161016,161033,161016,160975,161034,1,,-112.0,4.0,116.0,58.0
sel50,30,neurokit_dwt_ch0,250.0,214877,214897,214922,214889,214835,214916,1,,-168.0,-24.0,144.0,96.0
sel50,31,neurokit_dwt_ch0,250.0,221617,221637,221665,221628,221555,221660,1,,-248.0,-20.0,228.0,134.0
sel50,0,neurokit_dwt_ch1,250.0,150593,150613,150629,,,,0,missing_dwt_boundary,,,,160.0
sel50,1,neurokit_dwt_ch1,250.0,150935,150955,150970,150952,150901,150971,1,,-136.0,4.0,140.0,70.0
sel50,2,neurokit_dwt_ch1,250.0,151283,151299,151315,,,,0,missing_dwt_boundary,,,,160.0
sel50,3,neurokit_dwt_ch1,250.0,151523,151536,151554,151534,151482,151552,1,,-164.0,-8.0,156.0,86.0
sel50,4,neurokit_dwt_ch1,250.0,151847,151862,151879,151859,151819,151877,1,,-112.0,-8.0,104.0,60.0
sel50,5,neurokit_dwt_ch1,250.0,152163,152179,152195,152176,152146,152194,1,,-68.0,-4.0,64.0,36.0
sel50,6,neurokit_dwt_ch1,250.0,152511,152525,152542,152523,152459,152540,1,,-208.0,-8.0,200.0,108.0
sel50,7,neurokit_dwt_ch1,250.0,152767,152782,152800,,,,0,missing_dwt_boundary,,,,160.0
sel50,8,neurokit_dwt_ch1,250.0,153127,153145,153165,,,,0,missing_dwt_boundary,,,,160.0
sel50,9,neurokit_dwt_ch1,250.0,153598,153616,153629,153612,153571,153628,1,,-108.0,-4.0,104.0,56.0
sel50,10,neurokit_dwt_ch1,250.0,154025,154037,154054,,,,0,missing_dwt_boundary,,,,160.0
sel50,11,neurokit_dwt_ch1,250.0,154500,154522,154535,154520,154499,154537,1,,-4.0,8.0,12.0,6.0
sel50,12,neurokit_dwt_ch1,250.0,154978,154992,155007,154990,154950,155008,1,,-112.0,4.0,116.0,58.0
sel50,13,neurokit_dwt_ch1,250.0,155470,155485,155501,155481,155395,155499,1,,-300.0,-8.0,292.0,154.0
sel50,14,neurokit_dwt_ch1,250.0,155862,155874,155891,,,,0,missing_dwt_boundary,,,,160.0
sel50,15,neurokit_dwt_ch1,250.0,156083,156099,156117,156098,156038,156115,1,,-180.0,-8.0,172.0,94.0
sel50,16,neurokit_dwt_ch1,250.0,156378,156393,156407,,,,0,missing_dwt_boundary,,,,160.0
sel50,17,neurokit_dwt_ch1,250.0,156612,156625,156640,156622,156557,156640,1,,-220.0,0.0,220.0,110.0
sel50,18,neurokit_dwt_ch1,250.0,157023,157045,157062,,,,0,missing_dwt_boundary,,,,160.0
sel50,19,neurokit_dwt_ch1,250.0,157425,157440,157456,,,,0,missing_dwt_boundary,,,,160.0
sel50,20,neurokit_dwt_ch1,250.0,157789,157801,157821,157799,157724,157817,1,,-260.0,-16.0,244.0,138.0
sel50,21,neurokit_dwt_ch1,250.0,158249,158262,158278,158261,158235,158279,1,,-56.0,4.0,60.0,30.0
sel50,22,neurokit_dwt_ch1,250.0,158559,158572,158588,,,,0,missing_dwt_boundary,,,,160.0
sel50,23,neurokit_dwt_ch1,250.0,159042,159060,159080,159057,159000,159076,1,,-168.0,-16.0,152.0,92.0
sel50,24,neurokit_dwt_ch1,250.0,159495,159509,159527,,,,0,missing_dwt_boundary,,,,160.0
sel50,25,neurokit_dwt_ch1,250.0,159878,159891,159908,,,,0,missing_dwt_boundary,,,,160.0
sel50,26,neurokit_dwt_ch1,250.0,160170,160184,160200,,,,0,missing_dwt_boundary,,,,160.0
sel50,27,neurokit_dwt_ch1,250.0,160493,160506,160527,160504,160460,160523,1,,-132.0,-16.0,116.0,74.0
sel50,28,neurokit_dwt_ch1,250.0,160807,160820,160835,160818,160787,160836,1,,-80.0,4.0,84.0,42.0
sel50,29,neurokit_dwt_ch1,250.0,161003,161016,161033,,,,0,missing_dwt_boundary,,,,160.0
sel50,30,neurokit_dwt_ch1,250.0,214877,214897,214922,214888,214832,214915,1,,-180.0,-28.0,152.0,104.0
sel50,31,neurokit_dwt_ch1,250.0,221617,221637,221665,221627,221594,221659,1,,-92.0,-24.0,68.0,58.0
sel51,0,neurokit_dwt_ch0,250.0,150496,150510,150519,150509,150463,150526,1,,-132.0,28.0,160.0,80.0
sel51,1,neurokit_dwt_ch0,250.0,150802,150814,150826,150813,150766,150831,1,,-144.0,20.0,164.0,82.0
sel51,2,neurokit_dwt_ch0,250.0,151108,151119,151131,151118,151072,151136,1,,-144.0,20.0,164.0,82.0
sel51,3,neurokit_dwt_ch0,250.0,151407,151420,151429,151419,151373,151437,1,,-136.0,32.0,168.0,84.0
sel51,4,neurokit_dwt_ch0,250.0,151707,151719,151730,151718,151672,151736,1,,-140.0,24.0,164.0,82.0
sel51,5,neurokit_dwt_ch0,250.0,152012,152023,152034,152023,151975,152040,1,,-148.0,24.0,172.0,86.0
sel51,6,neurokit_dwt_ch0,250.0,152318,152328,152337,152328,152281,152345,1,,-148.0,32.0,180.0,90.0
sel51,7,neurokit_dwt_ch0,250.0,152615,152626,152638,152626,152580,152645,1,,-140.0,28.0,168.0,84.0
sel51,8,neurokit_dwt_ch0,250.0,152910,152923,152934,152922,152874,152940,1,,-144.0,24.0,168.0,84.0
sel51,9,neurokit_dwt_ch0,250.0,153195,153207,153217,153207,153158,153221,1,,-148.0,16.0,164.0,82.0
sel51,10,neurokit_dwt_ch0,250.0,153488,153499,153510,153498,153449,153517,1,,-156.0,28.0,184.0,92.0
sel51,11,neurokit_dwt_ch0,250.0,153798,153809,153822,153808,153763,153828,1,,-140.0,24.0,164.0,82.0
sel51,12,neurokit_dwt_ch0,250.0,154102,154114,154125,154113,154066,154131,1,,-144.0,24.0,168.0,84.0
sel51,13,neurokit_dwt_ch0,250.0,154411,154421,154434,154420,154374,154439,1,,-148.0,20.0,168.0,84.0
sel51,14,neurokit_dwt_ch0,250.0,154718,154729,154740,154728,154678,154745,1,,-160.0,20.0,180.0,90.0
sel51,15,neurokit_dwt_ch0,250.0,155017,155028,155039,155027,154980,155045,1,,-148.0,24.0,172.0,86.0
sel51,16,neurokit_dwt_ch0,250.0,155320,155332,155350,155331,155285,155349,1,,-140.0,-4.0,136.0,72.0
sel51,17,neurokit_dwt_ch0,250.0,155628,155639,155650,155639,155587,155656,1,,-164.0,24.0,188.0,94.0
sel51,18,neurokit_dwt_ch0,250.0,155931,155943,155953,155942,155910,155960,1,,-84.0,28.0,112.0,56.0
sel51,19,neurokit_dwt_ch0,250.0,156226,156240,156250,156239,156191,156257,1,,-140.0,28.0,168.0,84.0
sel51,20,neurokit_dwt_ch0,250.0,156512,156523,156534,156522,156473,156536,1,,-156.0,8.0,164.0,82.0
sel51,21,neurokit_dwt_ch0,250.0,156812,156824,156837,156823,156774,156841,1,,-152.0,16.0,168.0,84.0
sel51,22,neurokit_dwt_ch0,250.0,157119,157130,157143,157130,157083,157147,1,,-144.0,16.0,160.0,80.0
sel51,23,neurokit_dwt_ch0,250.0,157422,157432,157441,157432,157385,157467,1,,-148.0,104.0,252.0,126.0
sel51,24,neurokit_dwt_ch0,250.0,157721,157738,157747,157737,157689,157756,1,,-128.0,36.0,164.0,82.0
sel51,25,neurokit_dwt_ch0,250.0,158033,158045,158054,158044,157998,158061,1,,-140.0,28.0,168.0,84.0
sel51,26,neurokit_dwt_ch0,250.0,158335,158347,158360,158346,158300,158363,1,,-140.0,12.0,152.0,76.0
sel51,27,neurokit_dwt_ch0,250.0,158639,158650,158659,158649,158602,158666,1,,-148.0,28.0,176.0,88.0
sel51,28,neurokit_dwt_ch0,250.0,158941,158953,158963,158952,158924,158972,1,,-68.0,36.0,104.0,52.0
sel51,29,neurokit_dwt_ch0,250.0,159250,159261,159271,159260,159213,159279,1,,-148.0,32.0,180.0,90.0
sel51,0,neurokit_dwt_ch1,250.0,150496,150510,150519,150508,150462,150526,1,,-136.0,28.0,164.0,82.0
sel51,1,neurokit_dwt_ch1,250.0,150802,150814,150826,150813,150765,150830,1,,-148.0,16.0,164.0,82.0
sel51,2,neurokit_dwt_ch1,250.0,151108,151119,151131,151117,151071,151134,1,,-148.0,12.0,160.0,80.0
sel51,3,neurokit_dwt_ch1,250.0,151407,151420,151429,151419,151372,151437,1,,-140.0,32.0,172.0,86.0
sel51,4,neurokit_dwt_ch1,250.0,151707,151719,151730,151718,151671,151735,1,,-144.0,20.0,164.0,82.0
sel51,5,neurokit_dwt_ch1,250.0,152012,152023,152034,152022,151974,152040,1,,-152.0,24.0,176.0,88.0
sel51,6,neurokit_dwt_ch1,250.0,152318,152328,152337,152327,152281,152345,1,,-148.0,32.0,180.0,90.0
sel51,7,neurokit_dwt_ch1,250.0,152615,152626,152638,152625,152579,152643,1,,-144.0,20.0,164.0,82.0
sel51,8,neurokit_dwt_ch1,250.0,152910,152923,152934,152922,152874,152939,1,,-144.0,20.0,164.0,82.0
sel51,9,neurokit_dwt_ch1,250.0,153195,153207,153217,153206,153157,153248,1,,-152.0,124.0,276.0,138.0
sel51,10,neurokit_dwt_ch1,250.0,153488,153499,153510,153498,153448,153523,1,,-160.0,52.0,212.0,106.0
sel51,11,neurokit_dwt_ch1,250.0,153798,153809,153822,153808,153782,153828,1,,-64.0,24.0,88.0,44.0
sel51,12,neurokit_dwt_ch1,250.0,154102,154114,154125,154113,154066,154132,1,,-144.0,28.0,172.0,86.0
sel51,13,neurokit_dwt_ch1,250.0,154411,154421,154434,154420,154373,154439,1,,-152.0,20.0,172.0,86.0
sel51,14,neurokit_dwt_ch1,250.0,154718,154729,154740,154728,154680,154744,1,,-152.0,16.0,168.0,84.0
sel51,15,neurokit_dwt_ch1,250.0,155017,155028,155039,155027,154979,155046,1,,-152.0,28.0,180.0,90.0
sel51,16,neurokit_dwt_ch1,250.0,155320,155332,155350,155331,155284,155348,1,,-144.0,-8.0,136.0,76.0
sel51,17,neurokit_dwt_ch1,250.0,155628,155639,155650,155638,155589,155655,1,,-156.0,20.0,176.0,88.0
sel51,18,neurokit_dwt_ch1,250.0,155931,155943,155953,155942,155911,155959,1,,-80.0,24.0,104.0,52.0
sel51,19,neurokit_dwt_ch1,250.0,156226,156240,156250,156239,156190,156256,1,,-144.0,24.0,168.0,84.0
sel51,20,neurokit_dwt_ch1,250.0,156512,156523,156534,156522,156473,156536,1,,-156.0,8.0,164.0,82.0
sel51,21,neurokit_dwt_ch1,250.0,156812,156824,156837,156823,156773,156841,1,,-156.0,16.0,172.0,86.0
sel51,22,neurokit_dwt_ch1,250.0,157119,157130,157143,157129,157083,157146,1,,-144.0,12.0,156.0,78.0
sel51,23,neurokit_dwt_ch1,250.0,157422,157432,157441,157431,157385,157452,1,,-148.0,44.0,192.0,96.0
sel51,24,neurokit_dwt_ch1,250.0,157721,157738,157747,157737,157688,157756,1,,-132.0,36.0,168.0,84.0
sel51,25,neurokit_dwt_ch1,250.0,158033,158045,158054,158044,157997,158061,1,,-144.0,28.0,172.0,86.0
sel51,26,neurokit_dwt_ch1,250.0,158335,158347,158360,158346,158300,158363,1,,-140.0,12.0,152.0,76.0
sel51,27,neurokit_dwt_ch1,250.0,158639,158650,158659,158649,158601,158666,1,,-152.0,28.0,180.0,90.0
sel51,28,neurokit_dwt_ch1,250.0,158941,158953,158963,158952,158904,158972,1,,-148.0,36.0,184.0,92.0
sel51,29,neurokit_dwt_ch1,250.0,159250,159261,159271,159260,159212,159277,1,,-152.0,24.0,176.0,88.0
sel52,0,neurokit_dwt_ch0,250.0,150302,150314,150322,150312,150283,150338,1,,-76.0,64.0,140.0,70.0
sel52,1,neurokit_dwt_ch0,250.0,150464,150472,150484,150471,150441,150490,1,,-92.0,24.0,116.0,58.0
sel52,2,neurokit_dwt_ch0,250.0,150622,150632,150642,,,,0,missing_dwt_boundary,,,,160.0
sel52,3,neurokit_dwt_ch0,250.0,150781,150791,150801,150790,150740,150820,1,,-164.0,76.0,240.0,120.0
sel52,4,neurokit_dwt_ch0,250.0,150938,150949,150960,150948,150922,150973,1,,-64.0,52.0,116.0,58.0
sel52,5,neurokit_dwt_ch0,250.0,151096,151107,151118,151106,151057,151129,1,,-156.0,44.0,200.0,100.0
sel52,6,neurokit_dwt_ch0,250.0,151255,151267,151285,151266,151235,151290,1,,-80.0,20.0,100.0,50.0
sel52,7,neurokit_dwt_ch0,250.0,151412,151424,151434,151423,151392,151447,1,,-80.0,52.0,132.0,66.0
sel52,8,neurokit_dwt_ch0,250.0,151570,151581,151595,151579,151555,151608,1,,-60.0,52.0,112.0,56.0
sel52,9,neurokit_dwt_ch0,250.0,151727,151739,151747,151737,151709,151756,1,,-72.0,36.0,108.0,54.0
sel52,10,neurokit_dwt_ch0,250.0,151887,151899,151911,151897,151867,151925,1,,-80.0,56.0,136.0,68.0
sel52,11,neurokit_dwt_ch0,250.0,152046,152058,152069,152056,152027,152070,1,,-76.0,4.0,80.0,40.0
sel52,12,neurokit_dwt_ch0,250.0,152204,152215,152228,152213,152184,152242,1,,-80.0,56.0,136.0,68.0
sel52,13,neurokit_dwt_ch0,250.0,152355,152370,152383,152368,152343,152390,1,,-48.0,28.0,76.0,38.0
sel52,14,neurokit_dwt_ch0,250.0,152514,152529,152542,152527,152504,152548,1,,-40.0,24.0,64.0,32.0
sel52,15,neurokit_dwt_ch0,250.0,152672,152684,152697,152682,152654,152706,1,,-72.0,36.0,108.0,54.0
sel52,16,neurokit_dwt_ch0,250.0,152833,152843,152857,152841,152815,152860,1,,-72.0,12.0,84.0,42.0
sel52,17,neurokit_dwt_ch0,250.0,152988,153000,153012,152998,152974,153025,1,,-56.0,52.0,108.0,54.0
sel52,18,neurokit_dwt_ch0,250.0,153144,153154,153165,153153,153132,153170,1,,-48.0,20.0,68.0,34.0
sel52,19,neurokit_dwt_ch0,250.0,153301,153311,153320,153309,153283,153322,1,,-72.0,8.0,80.0,40.0
sel52,20,neurokit_dwt_ch0,250.0,153457,153468,153477,153466,153448,153478,1,,-36.0,4.0,40.0,20.0
sel52,21,neurokit_dwt_ch0,250.0,153615,153627,153636,153625,153602,153646,1,,-52.0,40.0,92.0,46.0
sel52,22,neurokit_dwt_ch0,250.0,153773,153786,153800,153785,153767,153806,1,,-24.0,24.0,48.0,24.0
sel52,23,neurokit_dwt_ch0,250.0,153931,153941,153952,153939,153917,153961,1,,-56.0,36.0,92.0,46.0
sel52,24,neurokit_dwt_ch0,250.0,154087,154100,154116,154099,154074,154122,1,,-52.0,24.0,76.0,38.0
sel52,25,neurokit_dwt_ch0,250.0,154247,154259,154268,154257,154235,154280,1,,-48.0,48.0,96.0,48.0
sel52,26,neurokit_dwt_ch0,250.0,154405,154416,154429,154415,154388,154442,1,,-68.0,52.0,120.0,60.0
sel52,27,neurokit_dwt_ch0,250.0,154561,154573,154588,154571,154547,154589,1,,-56.0,4.0,60.0,30.0
sel52,28,neurokit_dwt_ch0,250.0,154715,154729,154742,154727,154702,154746,1,,-52.0,16.0,68.0,34.0
sel52,29,neurokit_dwt_ch0,250.0,154871,154884,154894,154883,154869,154904,1,,-8.0,40.0,48.0,24.0
sel52,0,neurokit_dwt_ch1,250.0,150302,150314,150322,,,,0,unmatched_r_peak,,,,160.0
sel52,1,neurokit_dwt_ch1,250.0,150464,150472,150484,150461,150448,150479,1,,-64.0,-20.0,44.0,42.0
sel52,2,neurokit_dwt_ch1,250.0,150622,150632,150642,,,,0,unmatched_r_peak,,,,160.0
sel52,3,neurokit_dwt_ch1,250.0,150781,150791,150801,150780,150764,150797,1,,-68.0,-16.0,52.0,42.0
sel52,4,neurokit_dwt_ch1,250.0,150938,150949,150960,150938,150890,150955,1,,-192.0,-20.0,172.0,106.0
sel52,5,neurokit_dwt_ch1,250.0,151096,151107,151118,151096,151067,151113,1,,-116.0,-20.0,96.0,68.0
sel52,6,neurokit_dwt_ch1,250.0,151255,151267,151285,151256,151247,151273,1,,-32.0,-48.0,-16.0,40.0
sel52,7,neurokit_dwt_ch1,250.0,151412,151424,151434,151413,151386,151430,1,,-104.0,-16.0,88.0,60.0
sel52,8,neurokit_dwt_ch1,250.0,151570,151581,151595,151591,151572,151601,1,,8.0,24.0,16.0,16.0
sel52,9,neurokit_dwt_ch1,250.0,151727,151739,151747,,,,0,unmatched_r_peak,,,,160.0
sel52,10,neurokit_dwt_ch1,250.0,151887,151899,151911,,,,0,unmatched_r_peak,,,,160.0
sel52,11,neurokit_dwt_ch1,250.0,152046,152058,152069,,,,0,unmatched_r_peak,,,,160.0
sel52,12,neurokit_dwt_ch1,250.0,152204,152215,152228,152204,152156,152221,1,,-192.0,-28.0,164.0,110.0
sel52,13,neurokit_dwt_ch1,250.0,152355,152370,152383,152359,152329,152376,1,,-104.0,-28.0,76.0,66.0
sel52,14,neurokit_dwt_ch1,250.0,152514,152529,152542,152518,152500,152536,1,,-56.0,-24.0,32.0,40.0
sel52,15,neurokit_dwt_ch1,250.0,152672,152684,152697,,,,0,unmatched_r_peak,,,,160.0
sel52,16,neurokit_dwt_ch1,250.0,152833,152843,152857,,,,0,unmatched_r_peak,,,,160.0
sel52,17,neurokit_dwt_ch1,250.0,152988,153000,153012,152989,152980,153006,1,,-32.0,-24.0,8.0,28.0
sel52,18,neurokit_dwt_ch1,250.0,153144,153154,153165,153143,153127,153160,1,,-68.0,-20.0,48.0,44.0
sel52,19,neurokit_dwt_ch1,250.0,153301,153311,153320,153300,153279,153317,1,,-88.0,-12.0,76.0,50.0
sel52,20,neurokit_dwt_ch1,250.0,153457,153468,153477,153457,153448,153474,1,,-36.0,-12.0,24.0,24.0
sel52,21,neurokit_dwt_ch1,250.0,153615,153627,153636,,,,0,unmatched_r_peak,,,,160.0
sel52,22,neurokit_dwt_ch1,250.0,153773,153786,153800,153775,153765,153793,1,,-32.0,-28.0,4.0,30.0
sel52,23,neurokit_dwt_ch1,250.0,153931,153941,153952,153930,153904,153947,1,,-108.0,-20.0,88.0,64.0
sel52,24,neurokit_dwt_ch1,250.0,154087,154100,154116,154089,154070,154107,1,,-68.0,-36.0,32.0,52.0
sel52,25,neurokit_dwt_ch1,250.0,154247,154259,154268,154248,154236,154265,1,,-44.0,-12.0,32.0,28.0
sel52,26,neurokit_dwt_ch1,250.0,154405,154416,154429,154405,154395,154423,1,,-40.0,-24.0,16.0,32.0
sel52,27,neurokit_dwt_ch1,250.0,154561,154573,154588,154563,154553,154580,1,,-32.0,-32.0,0.0,32.0
sel52,28,neurokit_dwt_ch1,250.0,154715,154729,154742,154718,154711,154736,1,,-16.0,-24.0,-8.0,20.0
sel52,29,neurokit_dwt_ch1,250.0,154871,154884,154894,154874,154866,154890,1,,-20.0,-16.0,4.0,18.0
sel803,0,neurokit_dwt_ch0,250.0,150208,150218,150227,150217,150192,150229,1,,-64.0,8.0,72.0,36.0
sel803,1,neurokit_dwt_ch0,250.0,150424,150434,150442,150433,150410,150445,1,,-56.0,12.0,68.0,34.0
sel803,2,neurokit_dwt_ch0,250.0,150643,150654,150661,150652,150609,150665,1,,-136.0,16.0,152.0,76.0
sel803,3,neurokit_dwt_ch0,250.0,150869,150878,150888,150877,150835,150889,1,,-136.0,4.0,140.0,70.0
sel803,4,neurokit_dwt_ch0,250.0,151090,151101,151110,151100,151058,151112,1,,-128.0,8.0,136.0,68.0
sel803,5,neurokit_dwt_ch0,250.0,151308,151320,151331,151319,151295,151331,1,,-52.0,0.0,52.0,26.0
sel803,6,neurokit_dwt_ch0,250.0,151528,151537,151546,151536,151496,151548,1,,-128.0,8.0,136.0,68.0
sel803,7,neurokit_dwt_ch0,250.0,151751,151760,151768,151759,151718,151771,1,,-132.0,12.0,144.0,72.0
sel803,8,neurokit_dwt_ch0,250.0,151975,151985,151992,151984,151943,151996,1,,-128.0,16.0,144.0,72.0
sel803,9,neurokit_dwt_ch0,250.0,152199,152208,152218,152206,152166,152218,1,,-132.0,0.0,132.0,66.0
sel803,10,neurokit_dwt_ch0,250.0,152417,152430,152438,152428,152405,152441,1,,-48.0,12.0,60.0,30.0
sel803,11,neurokit_dwt_ch0,250.0,152645,152655,152664,152653,152628,152666,1,,-68.0,8.0,76.0,38.0
sel803,12,neurokit_dwt_ch0,250.0,152872,152885,152894,152883,152860,152896,1,,-48.0,8.0,56.0,28.0
sel803,13,neurokit_dwt_ch0,250.0,153105,153116,153126,153115,153092,153128,1,,-52.0,8.0,60.0,30.0
sel803,14,neurokit_dwt_ch0,250.0,153338,153342,153352,153341,153299,153353,1,,-156.0,4.0,160.0,80.0
sel803,15,neurokit_dwt_ch0,250.0,153559,153567,153576,153566,153525,153578,1,,-136.0,8.0,144.0,72.0
sel803,16,neurokit_dwt_ch0,250.0,153787,153798,153808,153797,153757,153809,1,,-120.0,4.0,124.0,62.0
sel803,17,neurokit_dwt_ch0,250.0,154014,154026,154052,154025,153983,154037,1,,-124.0,-60.0,64.0,92.0
sel803,18,neurokit_dwt_ch0,250.0,154915,154925,154934,154924,154883,154935,1,,-128.0,4.0,132.0,66.0
sel803,19,neurokit_dwt_ch0,250.0,155137,155147,155155,155146,155105,155158,1,,-128.0,12.0,140.0,70.0
sel803,20,neurokit_dwt_ch0,250.0,155358,155368,155381,155366,155324,155379,1,,-136.0,-8.0,128.0,72.0
sel803,21,neurokit_dwt_ch0,250.0,155573,155584,155593,155583,155542,155595,1,,-124.0,8.0,132.0,66.0
sel803,22,neurokit_dwt_ch0,250.0,155789,155802,155809,155801,155760,155813,1,,-116.0,16.0,132.0,66.0
sel803,23,neurokit_dwt_ch0,250.0,156018,156025,156034,156024,155981,156036,1,,-148.0,8.0,156.0,78.0
sel803,24,neurokit_dwt_ch0,250.0,156239,156249,156258,156248,156203,156260,1,,-144.0,8.0,152.0,76.0
sel803,25,neurokit_dwt_ch0,250.0,156466,156476,156484,156474,156431,156487,1,,-140.0,12.0,152.0,76.0
sel803,26,neurokit_dwt_ch0,250.0,156687,156697,156705,156696,156654,156708,1,,-132.0,12.0,144.0,72.0
sel803,27,neurokit_dwt_ch0,250.0,157567,157581,157591,157580,157537,157592,1,,-120.0,4.0,124.0,62.0
sel803,28,neurokit_dwt_ch0,250.0,157787,157798,157810,157797,157773,157809,1,,-56.0,-4.0,52.0,30.0
sel803,29,neurokit_dwt_ch0,250.0,158003,158014,158024,158013,157970,158025,1,,-132.0,4.0,136.0,68.0
sel803,0,neurokit_dwt_ch1,250.0,150208,150218,150227,150217,150176,150230,1,,-128.0,12.0,140.0,70.0
sel803,1,neurokit_dwt_ch1,250.0,150424,150434,150442,150432,150394,150446,1,,-120.0,16.0,136.0,68.0
sel803,2,neurokit_dwt_ch1,250.0,150643,150654,150661,150652,150640,150666,1,,-12.0,20.0,32.0,16.0
sel803,3,neurokit_dwt_ch1,250.0,150869,150878,150888,150877,150851,150890,1,,-72.0,8.0,80.0,40.0
sel803,4,neurokit_dwt_ch1,250.0,151090,151101,151110,151100,151078,151114,1,,-48.0,16.0,64.0,32.0
sel803,5,neurokit_dwt_ch1,250.0,151308,151320,151331,151318,151277,151332,1,,-124.0,4.0,128.0,64.0
sel803,6,neurokit_dwt_ch1,250.0,151528,151537,151546,151535,151498,151549,1,,-120.0,12.0,132.0,66.0
sel803,7,neurokit_dwt_ch1,250.0,151751,151760,151768,151758,151738,151772,1,,-52.0,16.0,68.0,34.0
sel803,8,neurokit_dwt_ch1,250.0,151975,151985,151992,151983,151941,151997,1,,-136.0,20.0,156.0,78.0
sel803,9,neurokit_dwt_ch1,250.0,152199,152208,152218,152206,152165,152220,1,,-136.0,8.0,144.0,72.0
sel803,10,neurokit_dwt_ch1,250.0,152417,152430,152438,152428,152405,152442,1,,-48.0,16.0,64.0,32.0
sel803,11,neurokit_dwt_ch1,250.0,152645,152655,152664,152653,152632,152667,1,,-52.0,12.0,64.0,32.0
sel803,12,neurokit_dwt_ch1,250.0,152872,152885,152894,152883,152842,152897,1,,-120.0,12.0,132.0,66.0
sel803,13,neurokit_dwt_ch1,250.0,153105,153116,153126,153115,153093,153129,1,,-48.0,12.0,60.0,30.0
sel803,14,neurokit_dwt_ch1,250.0,153338,153342,153352,153341,153319,153355,1,,-76.0,12.0,88.0,44.0
sel803,15,neurokit_dwt_ch1,250.0,153559,153567,153576,153565,153552,153579,1,,-28.0,12.0,40.0,20.0
sel803,16,neurokit_dwt_ch1,250.0,153787,153798,153808,153797,153761,153810,1,,-104.0,8.0,112.0,56.0
sel803,17,neurokit_dwt_ch1,250.0,154014,154026,154052,154025,153983,154038,1,,-124.0,-56.0,68.0,90.0
sel803,18,neurokit_dwt_ch1,250.0,154915,154925,154934,154923,154899,154937,1,,-64.0,12.0,76.0,38.0
sel803,19,neurokit_dwt_ch1,250.0,155137,155147,155155,155146,155107,155159,1,,-120.0,16.0,136.0,68.0
sel803,20,neurokit_dwt_ch1,250.0,155358,155368,155381,155366,155344,155380,1,,-56.0,-4.0,52.0,30.0
sel803,21,neurokit_dwt_ch1,250.0,155573,155584,155593,155583,155564,155597,1,,-36.0,16.0,52.0,26.0
sel803,22,neurokit_dwt_ch1,250.0,155789,155802,155809,155801,155759,155814,1,,-120.0,20.0,140.0,70.0
sel803,23,neurokit_dwt_ch1,250.0,156018,156025,156034,156023,156008,156037,1,,-40.0,12.0,52.0,26.0
sel803,24,neurokit_dwt_ch1,250.0,156239,156249,156258,156248,156206,156262,1,,-132.0,16.0,148.0,74.0
sel803,25,neurokit_dwt_ch1,250.0,156466,156476,156484,156474,156453,156488,1,,-52.0,16.0,68.0,34.0
sel803,26,neurokit_dwt_ch1,250.0,156687,156697,156705,156696,156673,156710,1,,-56.0,20.0,76.0,38.0
sel803,27,neurokit_dwt_ch1,250.0,157567,157581,157591,157579,157556,157594,1,,-44.0,12.0,56.0,28.0
sel803,28,neurokit_dwt_ch1,250.0,157787,157798,157810,157796,157772,157810,1,,-60.0,0.0,60.0,30.0
sel803,29,neurokit_dwt_ch1,250.0,158003,158014,158024,158013,157970,158027,1,,-132.0,12.0,144.0,72.0
sel808,0,neurokit_dwt_ch0,250.0,150264,150283,150292,,,,0,missing_dwt_boundary,,,,160.0
sel808,1,neurokit_dwt_ch0,250.0,150516,150533,150540,,,,0,missing_dwt_boundary,,,,160.0
sel808,2,neurokit_dwt_ch0,250.0,150766,150785,150794,,,,0,missing_dwt_boundary,,,,160.0
sel808,3,neurokit_dwt_ch0,250.0,151015,151033,151040,,,,0,missing_dwt_boundary,,,,160.0
sel808,4,neurokit_dwt_ch0,250.0,151260,151279,151286,,,,0,missing_dwt_boundary,,,,160.0
sel808,5,neurokit_dwt_ch0,250.0,151509,151525,151533,151523,151506,151545,1,,-12.0,48.0,60.0,30.0
sel808,6,neurokit_dwt_ch0,250.0,151753,151771,151777,151770,151752,151790,1,,-4.0,52.0,56.0,28.0
sel808,7,neurokit_dwt_ch0,250.0,151994,152011,152022,,,,0,missing_dwt_boundary,,,,160.0
sel808,8,neurokit_dwt_ch0,250.0,152239,152256,152263,,,,0,missing_dwt_boundary,,,,160.0
sel808,9,neurokit_dwt_ch0,250.0,152486,152501,152507,,,,0,missing_dwt_boundary,,,,160.0
sel808,10,neurokit_dwt_ch0,250.0,152731,152748,152756,,,,0,missing_dwt_boundary,,,,160.0
sel808,11,neurokit_dwt_ch0,250.0,152981,153000,153010,152998,152980,153018,1,,-4.0,32.0,36.0,18.0
sel808,12,neurokit_dwt_ch0,250.0,153234,153252,153262,,,,0,missing_dwt_boundary,,,,160.0
sel808,13,neurokit_dwt_ch0,250.0,153488,153507,153515,,,,0,missing_dwt_boundary,,,,160.0
sel808,14,neurokit_dwt_ch0,250.0,153750,153767,153775,,,,0,missing_dwt_boundary,,,,160.0
sel808,15,neurokit_dwt_ch0,250.0,154014,154033,154039,,,,0,missing_dwt_boundary,,,,160.0
sel808,16,neurokit_dwt_ch0,250.0,154281,154298,154306,,,,0,missing_dwt_boundary,,,,160.0
sel808,17,neurokit_dwt_ch0,250.0,154549,154566,154574,,,,0,missing_dwt_boundary,,,,160.0
sel808,18,neurokit_dwt_ch0,250.0,154813,154830,154840,,,,0,missing_dwt_boundary,,,,160.0
sel808,19,neurokit_dwt_ch0,250.0,155075,155093,155099,,,,0,missing_dwt_boundary,,,,160.0
sel808,20,neurokit_dwt_ch0,250.0,155336,155353,155362,,,,0,missing_dwt_boundary,,,,160.0
sel808,21,neurokit_dwt_ch0,250.0,155597,155617,155625,,,,0,missing_dwt_boundary,,,,160.0
sel808,22,neurokit_dwt_ch0,250.0,155861,155875,155883,,,,0,missing_dwt_boundary,,,,160.0
sel808,23,neurokit_dwt_ch0,250.0,156118,156136,156149,,,,0,missing_dwt_boundary,,,,160.0
sel808,24,neurokit_dwt_ch0,250.0,156383,156401,156410,,,,0,missing_dwt_boundary,,,,160.0
sel808,25,neurokit_dwt_ch0,250.0,156649,156668,156677,,,,0,missing_dwt_boundary,,,,160.0
sel808,26,neurokit_dwt_ch0,250.0,156913,156934,156941,,,,0,missing_dwt_boundary,,,,160.0
sel808,27,neurokit_dwt_ch0,250.0,157180,157197,157201,,,,0,missing_dwt_boundary,,,,160.0
sel808,28,neurokit_dwt_ch0,250.0,157451,157468,157476,,,,0,missing_dwt_boundary,,,,160.0
sel808,29,neurokit_dwt_ch0,250.0,157720,157738,157750,,,,0,missing_dwt_boundary,,,,160.0
sel808,0,neurokit_dwt_ch1,250.0,150264,150283,150292,,,,0,unmatched_r_peak,,,,160.0
sel808,1,neurokit_dwt_ch1,250.0,150516,150533,150540,,,,0,unmatched_r_peak,,,,160.0
sel808,2,neurokit_dwt_ch1,250.0,150766,150785,150794,,,,0,unmatched_r_peak,,,,160.0
sel808,3,neurokit_dwt_ch1,250.0,151015,151033,151040,,,,0,unmatched_r_peak,,,,160.0
sel808,4,neurokit_dwt_ch1,250.0,151260,151279,151286,,,,0,unmatched_r_peak,,,,160.0
sel808,5,neurokit_dwt_ch1,250.0,151509,151525,151533,,,,0,unmatched_r_peak,,,,160.0
sel808,6,neurokit_dwt_ch1,250.0,151753,151771,151777,,,,0,unmatched_r_peak,,,,160.0
sel808,7,neurokit_dwt_ch1,250.0,151994,152011,152022,,,,0,unmatched_r_peak,,,,160.0
sel808,8,neurokit_dwt_ch1,250.0,152239,152256,152263,,,,0,unmatched_r_peak,,,,160.0
sel808,9,neurokit_dwt_ch1,250.0,152486,152501,152507,,,,0,unmatched_r_peak,,,,160.0
sel808,10,neurokit_dwt_ch1,250.0,152731,152748,152756,,,,0,unmatched_r_peak,,,,160.0
sel808,11,neurokit_dwt_ch1,250.0,152981,153000,153010,,,,0,unmatched_r_peak,,,,160.0
sel808,12,neurokit_dwt_ch1,250.0,153234,153252,153262,,,,0,unmatched_r_peak,,,,160.0
sel808,13,neurokit_dwt_ch1,250.0,153488,153507,153515,,,,0,unmatched_r_peak,,,,160.0
sel808,14,neurokit_dwt_ch1,250.0,153750,153767,153775,,,,0,unmatched_r_peak,,,,160.0
sel808,15,neurokit_dwt_ch1,250.0,154014,154033,154039,,,,0,unmatched_r_peak,,,,160.0
sel808,16,neurokit_dwt_ch1,250.0,154281,154298,154306,,,,0,unmatched_r_peak,,,,160.0
sel808,17,neurokit_dwt_ch1,250.0,154549,154566,154574,,,,0,unmatched_r_peak,,,,160.0
sel808,18,neurokit_dwt_ch1,250.0,154813,154830,154840,,,,0,unmatched_r_peak,,,,160.0
sel808,19,neurokit_dwt_ch1,250.0,155075,155093,155099,,,,0,unmatched_r_peak,,,,160.0
sel808,20,neurokit_dwt_ch1,250.0,155336,155353,155362,,,,0,unmatched_r_peak,,,,160.0
sel808,21,neurokit_dwt_ch1,250.0,155597,155617,155625,,,,0,unmatched_r_peak,,,,160.0
sel808,22,neurokit_dwt_ch1,250.0,155861,155875,155883,,,,0,unmatched_r_peak,,,,160.0
sel808,23,neurokit_dwt_ch1,250.0,156118,156136,156149,,,,0,unmatched_r_peak,,,,160.0
sel808,24,neurokit_dwt_ch1,250.0,156383,156401,156410,,,,0,unmatched_r_peak,,,,160.0
sel808,25,neurokit_dwt_ch1,250.0,156649,156668,156677,,,,0,unmatched_r_peak,,,,160.0
sel808,26,neurokit_dwt_ch1,250.0,156913,156934,156941,,,,0,unmatched_r_peak,,,,160.0
sel808,27,neurokit_dwt_ch1,250.0,157180,157197,157201,,,,0,unmatched_r_peak,,,,160.0
sel808,28,neurokit_dwt_ch1,250.0,157451,157468,157476,,,,0,unmatched_r_peak,,,,160.0
sel808,29,neurokit_dwt_ch1,250.0,157720,157738,157750,,,,0,unmatched_r_peak,,,,160.0
sel811,0,neurokit_dwt_ch0,250.0,150325,150334,150343,150333,150295,150346,1,,-120.0,12.0,132.0,66.0
sel811,1,neurokit_dwt_ch0,250.0,150635,150645,150653,150643,150605,150656,1,,-120.0,12.0,132.0,66.0
sel811,2,neurokit_dwt_ch0,250.0,150946,150961,150971,150960,150922,150973,1,,-96.0,8.0,104.0,52.0
sel811,3,neurokit_dwt_ch0,250.0,151261,151273,151284,151272,151234,151285,1,,-108.0,4.0,112.0,56.0
sel811,4,neurokit_dwt_ch0,250.0,151576,151589,151599,151588,151550,151601,1,,-104.0,8.0,112.0,56.0
sel811,5,neurokit_dwt_ch0,250.0,151903,151916,151926,151915,151877,151928,1,,-104.0,8.0,112.0,56.0
sel811,6,neurokit_dwt_ch0,250.0,152229,152237,152246,152235,152197,152248,1,,-128.0,8.0,136.0,68.0
sel811,7,neurokit_dwt_ch0,250.0,152534,152545,152554,152543,152506,152557,1,,-112.0,12.0,124.0,62.0
sel811,8,neurokit_dwt_ch0,250.0,152846,152857,152866,152856,152817,152870,1,,-116.0,16.0,132.0,66.0
sel811,9,neurokit_dwt_ch0,250.0,153159,153176,153184,153175,153136,153188,1,,-92.0,16.0,108.0,54.0
sel811,10,neurokit_dwt_ch0,250.0,153471,153480,153494,153479,153440,153492,1,,-124.0,-8.0,116.0,66.0
sel811,11,neurokit_dwt_ch0,250.0,153786,153794,153801,153793,153755,153806,1,,-124.0,20.0,144.0,72.0
sel811,12,neurokit_dwt_ch0,250.0,154106,154115,154127,154114,154077,154127,1,,-116.0,0.0,116.0,58.0
sel811,13,neurokit_dwt_ch0,250.0,154412,154424,154434,154424,154384,154437,1,,-112.0,12.0,124.0,62.0
sel811,14,neurokit_dwt_ch0,250.0,154749,154760,154772,154758,154721,154772,1,,-112.0,0.0,112.0,56.0
sel811,15,neurokit_dwt_ch0,250.0,155077,155091,155102,155090,155051,155103,1,,-104.0,4.0,108.0,54.0
sel811,16,neurokit_dwt_ch0,250.0,155397,155407,155417,155405,155366,155418,1,,-124.0,4.0,128.0,64.0
sel811,17,neurokit_dwt_ch0,250.0,155712,155721,155730,155720,155681,155733,1,,-124.0,12.0,136.0,68.0
sel811,18,neurokit_dwt_ch0,250.0,156035,156037,156055,156036,155997,156049,1,,-152.0,-24.0,128.0,88.0
sel811,19,neurokit_dwt_ch0,250.0,156334,156335,156345,156334,156296,156346,1,,-152.0,4.0,156.0,78.0
sel811,20,neurokit_dwt_ch0,250.0,156649,156656,156663,156655,156616,156668,1,,-132.0,20.0,152.0,76.0
sel811,21,neurokit_dwt_ch0,250.0,156964,156978,156987,156976,156938,156989,1,,-104.0,8.0,112.0,56.0
sel811,22,neurokit_dwt_ch0,250.0,157274,157288,157297,157287,157248,157300,1,,-104.0,12.0,116.0,58.0
sel811,23,neurokit_dwt_ch0,250.0,157597,157613,157625,157612,157573,157625,1,,-96.0,0.0,96.0,48.0
sel811,24,neurokit_dwt_ch0,250.0,157931,157943,157954,157943,157905,157956,1,,-104.0,8.0,112.0,56.0
sel811,25,neurokit_dwt_ch0,250.0,158245,158258,158270,158257,158217,158270,1,,-112.0,0.0,112.0,56.0
sel811,26,neurokit_dwt_ch0,250.0,158570,158583,158593,158582,158543,158595,1,,-108.0,8.0,116.0,58.0
sel811,27,neurokit_dwt_ch0,250.0,158893,158905,158911,158903,158864,158916,1,,-116.0,20.0,136.0,68.0
sel811,28,neurokit_dwt_ch0,250.0,159210,159225,159237,159223,159186,159236,1,,-96.0,-4.0,92.0,50.0
sel811,29,neurokit_dwt_ch0,250.0,159532,159546,159558,159544,159505,159558,1,,-108.0,0.0,108.0,54.0
sel811,0,neurokit_dwt_ch1,250.0,150325,150334,150343,,,,0,unmatched_r_peak,,,,160.0
sel811,1,neurokit_dwt_ch1,250.0,150635,150645,150653,,,,0,unmatched_r_peak,,,,160.0
sel811,2,neurokit_dwt_ch1,250.0,150946,150961,150971,,,,0,unmatched_r_peak,,,,160.0
sel811,3,neurokit_dwt_ch1,250.0,151261,151273,151284,,,,0,unmatched_r_peak,,,,160.0
sel811,4,neurokit_dwt_ch1,250.0,151576,151589,151599,,,,0,unmatched_r_peak,,,,160.0
sel811,5,neurokit_dwt_ch1,250.0,151903,151916,151926,,,,0,unmatched_r_peak,,,,160.0
sel811,6,neurokit_dwt_ch1,250.0,152229,152237,152246,,,,0,unmatched_r_peak,,,,160.0
sel811,7,neurokit_dwt_ch1,250.0,152534,152545,152554,,,,0,unmatched_r_peak,,,,160.0
sel811,8,neurokit_dwt_ch1,250.0,152846,152857,152866,,,,0,unmatched_r_peak,,,,160.0
sel811,9,neurokit_dwt_ch1,250.0,153159,153176,153184,,,,0,unmatched_r_peak,,,,160.0
sel811,10,neurokit_dwt_ch1,250.0,153471,153480,153494,,,,0,unmatched_r_peak,,,,160.0
sel811,11,neurokit_dwt_ch1,250.0,153786,153794,153801,,,,0,unmatched_r_peak,,,,160.0
sel811,12,neurokit_dwt_ch1,250.0,154106,154115,154127,,,,0,unmatched_r_peak,,,,160.0
sel811,13,neurokit_dwt_ch1,250.0,154412,154424,154434,,,,0,unmatched_r_peak,,,,160.0
sel811,14,neurokit_dwt_ch1,250.0,154749,154760,154772,,,,0,unmatched_r_peak,,,,160.0
sel811,15,neurokit_dwt_ch1,250.0,155077,155091,155102,,,,0,unmatched_r_peak,,,,160.0
sel811,16,neurokit_dwt_ch1,250.0,155397,155407,155417,,,,0,unmatched_r_peak,,,,160.0
sel811,17,neurokit_dwt_ch1,250.0,155712,155721,155730,,,,0,unmatched_r_peak,,,,160.0
sel811,18,neurokit_dwt_ch1,250.0,156035,156037,156055,,,,0,unmatched_r_peak,,,,160.0
sel811,19,neurokit_dwt_ch1,250.0,156334,156335,156345,,,,0,unmatched_r_peak,,,,160.0
sel811,20,neurokit_dwt_ch1,250.0,156649,156656,156663,,,,0,unmatched_r_peak,,,,160.0
sel811,21,neurokit_dwt_ch1,250.0,156964,156978,156987,,,,0,unmatched_r_peak,,,,160.0
sel811,22,neurokit_dwt_ch1,250.0,157274,157288,157297,,,,0,unmatched_r_peak,,,,160.0
sel811,23,neurokit_dwt_ch1,250.0,157597,157613,157625,,,,0,unmatched_r_peak,,,,160.0
sel811,24,neurokit_dwt_ch1,250.0,157931,157943,157954,,,,0,unmatched_r_peak,,,,160.0
sel811,25,neurokit_dwt_ch1,250.0,158245,158258,158270,,,,0,unmatched_r_peak,,,,160.0
sel811,26,neurokit_dwt_ch1,250.0,158570,158583,158593,,,,0,unmatched_r_peak,,,,160.0
sel811,27,neurokit_dwt_ch1,250.0,158893,158905,158911,,,,0,unmatched_r_peak,,,,160.0
sel811,28,neurokit_dwt_ch1,250.0,159210,159225,159237,,,,0,unmatched_r_peak,,,,160.0
sel811,29,neurokit_dwt_ch1,250.0,159532,159546,159558,,,,0,unmatched_r_peak,,,,160.0
sel820,0,neurokit_dwt_ch0,250.0,150255,150270,150277,150268,150254,150289,1,,-4.0,48.0,52.0,26.0
sel820,1,neurokit_dwt_ch0,250.0,150446,150461,150470,,,,0,missing_dwt_boundary,,,,160.0
sel820,2,neurokit_dwt_ch0,250.0,150635,150651,150659,,,,0,missing_dwt_boundary,,,,160.0
sel820,3,neurokit_dwt_ch0,250.0,150828,150845,150856,,,,0,missing_dwt_boundary,,,,160.0
sel820,4,neurokit_dwt_ch0,250.0,151027,151045,151053,,,,0,missing_dwt_boundary,,,,160.0
sel820,5,neurokit_dwt_ch0,250.0,151227,151242,151248,,,,0,missing_dwt_boundary,,,,160.0
sel820,6,neurokit_dwt_ch0,250.0,151983,152000,152006,,,,0,missing_dwt_boundary,,,,160.0
sel820,7,neurokit_dwt_ch0,250.0,152177,152193,152200,,,,0,missing_dwt_boundary,,,,160.0
sel820,8,neurokit_dwt_ch0,250.0,152371,152386,152396,152384,152369,152400,1,,-8.0,16.0,24.0,12.0
sel820,9,neurokit_dwt_ch0,250.0,152562,152578,152585,,,,0,missing_dwt_boundary,,,,160.0
sel820,10,neurokit_dwt_ch0,250.0,152760,152778,152787,152776,152761,152792,1,,4.0,20.0,16.0,12.0
sel820,11,neurokit_dwt_ch0,250.0,152956,152975,152981,,,,0,missing_dwt_boundary,,,,160.0
sel820,12,neurokit_dwt_ch0,250.0,153153,153170,153174,,,,0,missing_dwt_boundary,,,,160.0
sel820,13,neurokit_dwt_ch0,250.0,153350,153365,153376,153363,153348,153389,1,,-8.0,52.0,60.0,30.0
sel820,14,neurokit_dwt_ch0,250.0,154111,154128,154135,,,,0,missing_dwt_boundary,,,,160.0
sel820,15,neurokit_dwt_ch0,250.0,154307,154323,154332,,,,0,missing_dwt_boundary,,,,160.0
sel820,16,neurokit_dwt_ch0,250.0,154504,154522,154532,,,,0,missing_dwt_boundary,,,,160.0
sel820,17,neurokit_dwt_ch0,250.0,154709,154720,154728,,,,0,missing_dwt_boundary,,,,160.0
sel820,18,neurokit_dwt_ch0,250.0,155465,155480,155489,155478,155463,155498,1,,-8.0,36.0,44.0,22.0
sel820,19,neurokit_dwt_ch0,250.0,155658,155673,155679,155672,155657,155687,1,,-4.0,32.0,36.0,18.0
sel820,20,neurokit_dwt_ch0,250.0,155850,155865,155871,,,,0,missing_dwt_boundary,,,,160.0
sel820,21,neurokit_dwt_ch0,250.0,156038,156056,156062,,,,0,missing_dwt_boundary,,,,160.0
sel820,22,neurokit_dwt_ch0,250.0,156235,156248,156255,,,,0,missing_dwt_boundary,,,,160.0
sel820,23,neurokit_dwt_ch0,250.0,156425,156442,156449,,,,0,missing_dwt_boundary,,,,160.0
sel820,24,neurokit_dwt_ch0,250.0,157162,157180,157190,,,,0,missing_dwt_boundary,,,,160.0
sel820,25,neurokit_dwt_ch0,250.0,157354,157372,157379,,,,0,missing_dwt_boundary,,,,160.0
sel820,26,neurokit_dwt_ch0,250.0,157548,157562,157575,,,,0,missing_dwt_boundary,,,,160.0
sel820,27,neurokit_dwt_ch0,250.0,157737,157752,157760,,,,0,missing_dwt_boundary,,,,160.0
sel820,28,neurokit_dwt_ch0,250.0,157929,157945,157957,157943,157929,157966,1,,0.0,36.0,36.0,18.0
sel820,29,neurokit_dwt_ch0,250.0,158128,158144,158155,,,,0,missing_dwt_boundary,,,,160.0
sel820,0,neurokit_dwt_ch1,250.0,150255,150270,150277,150262,150250,150280,1,,-20.0,12.0,32.0,16.0
sel820,1,neurokit_dwt_ch1,250.0,150446,150461,150470,150453,150405,150471,1,,-164.0,4.0,168.0,84.0
sel820,2,neurokit_dwt_ch1,250.0,150635,150651,150659,,,,0,missing_dwt_boundary,,,,160.0
sel820,3,neurokit_dwt_ch1,250.0,150828,150845,150856,150837,150802,150855,1,,-104.0,-4.0,100.0,54.0
sel820,4,neurokit_dwt_ch1,250.0,151027,151045,151053,151037,151001,151055,1,,-104.0,8.0,112.0,56.0
sel820,5,neurokit_dwt_ch1,250.0,151227,151242,151248,,,,0,missing_dwt_boundary,,,,160.0
sel820,6,neurokit_dwt_ch1,250.0,151983,152000,152006,,,,0,missing_dwt_boundary,,,,160.0
sel820,7,neurokit_dwt_ch1,250.0,152177,152193,152200,152185,152139,152203,1,,-152.0,12.0,164.0,82.0
sel820,8,neurokit_dwt_ch1,250.0,152371,152386,152396,152377,152343,152396,1,,-112.0,0.0,112.0,56.0
sel820,9,neurokit_dwt_ch1,250.0,152562,152578,152585,,,,0,missing_dwt_boundary,,,,160.0
sel820,10,neurokit_dwt_ch1,250.0,152760,152778,152787,152769,152735,152788,1,,-100.0,4.0,104.0,52.0
sel820,11,neurokit_dwt_ch1,250.0,152956,152975,152981,152967,152924,152985,1,,-128.0,16.0,144.0,72.0
sel820,12,neurokit_dwt_ch1,250.0,153153,153170,153174,,,,0,missing_dwt_boundary,,,,160.0
sel820,13,neurokit_dwt_ch1,250.0,153350,153365,153376,153357,153309,153375,1,,-164.0,-4.0,160.0,84.0
sel820,14,neurokit_dwt_ch1,250.0,154111,154128,154135,154120,154072,154138,1,,-156.0,12.0,168.0,84.0
sel820,15,neurokit_dwt_ch1,250.0,154307,154323,154332,154315,154280,154333,1,,-108.0,4.0,112.0,56.0
sel820,16,neurokit_dwt_ch1,250.0,154504,154522,154532,154514,154502,154532,1,,-8.0,0.0,8.0,4.0
sel820,17,neurokit_dwt_ch1,250.0,154709,154720,154728,154712,154664,154730,1,,-180.0,8.0,188.0,94.0
sel820,18,neurokit_dwt_ch1,250.0,155465,155480,155489,155472,155437,155490,1,,-112.0,4.0,116.0,58.0
sel820,19,neurokit_dwt_ch1,250.0,155658,155673,155679,155665,155628,155683,1,,-120.0,16.0,136.0,68.0
sel820,20,neurokit_dwt_ch1,250.0,155850,155865,155871,155857,155812,155875,1,,-152.0,16.0,168.0,84.0
sel820,21,neurokit_dwt_ch1,250.0,156038,156056,156062,,,,0,missing_dwt_boundary,,,,160.0
sel820,22,neurokit_dwt_ch1,250.0,156235,156248,156255,156239,156204,156258,1,,-124.0,12.0,136.0,68.0
sel820,23,neurokit_dwt_ch1,250.0,156425,156442,156449,156434,156423,156452,1,,-8.0,12.0,20.0,10.0
sel820,24,neurokit_dwt_ch1,250.0,157162,157180,157190,157172,157125,157190,1,,-148.0,0.0,148.0,74.0
sel820,25,neurokit_dwt_ch1,250.0,157354,157372,157379,157364,157313,157382,1,,-164.0,12.0,176.0,88.0
sel820,26,neurokit_dwt_ch1,250.0,157548,157562,157575,,,,0,missing_dwt_boundary,,,,160.0
sel820,27,neurokit_dwt_ch1,250.0,157737,157752,157760,,,,0,missing_dwt_boundary,,,,160.0
sel820,28,neurokit_dwt_ch1,250.0,157929,157945,157957,,,,0,missing_dwt_boundary,,,,160.0
sel820,29,neurokit_dwt_ch1,250.0,158128,158144,158155,158136,158101,158154,1,,-108.0,-4.0,104.0,56.0
sel821,0,neurokit_dwt_ch0,250.0,150195,150207,150215,150199,150190,150214,1,,-20.0,-4.0,16.0,12.0
sel821,1,neurokit_dwt_ch0,250.0,150338,150350,150357,150343,150312,150357,1,,-104.0,0.0,104.0,52.0
sel821,2,neurokit_dwt_ch0,250.0,150483,150496,150502,150488,150470,150503,1,,-52.0,4.0,56.0,28.0
sel821,3,neurokit_dwt_ch0,250.0,150594,150606,150612,150598,150566,150611,1,,-112.0,-4.0,108.0,58.0
sel821,4,neurokit_dwt_ch0,250.0,150768,150779,150786,,,,0,missing_dwt_boundary,,,,160.0
sel821,5,neurokit_dwt_ch0,250.0,150914,150926,150934,,,,0,missing_dwt_boundary,,,,160.0
sel821,6,neurokit_dwt_ch0,250.0,151041,151053,151060,151045,151030,151060,1,,-44.0,0.0,44.0,22.0
sel821,7,neurokit_dwt_ch0,250.0,151204,151215,151221,,,,0,missing_dwt_boundary,,,,160.0
sel821,8,neurokit_dwt_ch0,250.0,151348,151361,151367,,,,0,missing_dwt_boundary,,,,160.0
sel821,9,neurokit_dwt_ch0,250.0,151493,151505,151513,151498,151469,151512,1,,-96.0,-4.0,92.0,50.0
sel821,10,neurokit_dwt_ch0,250.0,151614,151625,151633,151617,151595,151632,1,,-76.0,-4.0,72.0,40.0
sel821,11,neurokit_dwt_ch0,250.0,151779,151792,151798,151784,151766,151799,1,,-52.0,4.0,56.0,28.0
sel821,12,neurokit_dwt_ch0,250.0,151925,151935,151943,151928,151899,151943,1,,-104.0,0.0,104.0,52.0
sel821,13,neurokit_dwt_ch0,250.0,152069,152081,152085,152073,152040,152087,1,,-116.0,8.0,124.0,62.0
sel821,14,neurokit_dwt_ch0,250.0,152193,152205,152211,152198,152173,152212,1,,-80.0,4.0,84.0,42.0
sel821,15,neurokit_dwt_ch0,250.0,152353,152367,152372,,,,0,missing_dwt_boundary,,,,160.0
sel821,16,neurokit_dwt_ch0,250.0,152460,152473,152479,152465,152426,152479,1,,-136.0,0.0,136.0,68.0
sel821,17,neurokit_dwt_ch0,250.0,152635,152648,152655,152640,152611,152654,1,,-96.0,-4.0,92.0,50.0
sel821,18,neurokit_dwt_ch0,250.0,152786,152800,152807,152793,152764,152807,1,,-88.0,0.0,88.0,44.0
sel821,19,neurokit_dwt_ch0,250.0,152901,152912,152920,152904,152889,152920,1,,-48.0,0.0,48.0,24.0
sel821,20,neurokit_dwt_ch0,250.0,153071,153085,153094,153077,153064,153092,1,,-28.0,-8.0,20.0,18.0
sel821,21,neurokit_dwt_ch0,250.0,153216,153228,153236,153221,153206,153236,1,,-40.0,0.0,40.0,20.0
sel821,22,neurokit_dwt_ch0,250.0,153361,153373,153377,,,,0,missing_dwt_boundary,,,,160.0
sel821,23,neurokit_dwt_ch0,250.0,153505,153516,153522,153510,153479,153524,1,,-104.0,8.0,112.0,56.0
sel821,24,neurokit_dwt_ch0,250.0,153648,153659,153669,153652,153623,153667,1,,-100.0,-8.0,92.0,54.0
sel821,25,neurokit_dwt_ch0,250.0,153766,153778,153784,153770,153741,153784,1,,-100.0,0.0,100.0,50.0
sel821,26,neurokit_dwt_ch0,250.0,153933,153944,153954,153937,153923,153951,1,,-40.0,-12.0,28.0,26.0
sel821,27,neurokit_dwt_ch0,250.0,154078,154090,154096,154082,154066,154096,1,,-48.0,0.0,48.0,24.0
sel821,28,neurokit_dwt_ch0,250.0,154191,154204,154212,154197,154143,154211,1,,-192.0,-4.0,188.0,98.0
sel821,29,neurokit_dwt_ch0,250.0,154320,154334,154341,154331,154315,154345,1,,-20.0,16.0,36.0,18.0
sel821,0,neurokit_dwt_ch1,250.0,150195,150207,150215,,,,0,missing_dwt_boundary,,,,160.0
sel821,1,neurokit_dwt_ch1,250.0,150338,150350,150357,,,,0,missing_dwt_boundary,,,,160.0
sel821,2,neurokit_dwt_ch1,250.0,150483,150496,150502,,,,0,missing_dwt_boundary,,,,160.0
sel821,3,neurokit_dwt_ch1,250.0,150594,150606,150612,,,,0,missing_dwt_boundary,,,,160.0
sel821,4,neurokit_dwt_ch1,250.0,150768,150779,150786,,,,0,missing_dwt_boundary,,,,160.0
sel821,5,neurokit_dwt_ch1,250.0,150914,150926,150934,,,,0,missing_dwt_boundary,,,,160.0
sel821,6,neurokit_dwt_ch1,250.0,151041,151053,151060,,,,0,missing_dwt_boundary,,,,160.0
sel821,7,neurokit_dwt_ch1,250.0,151204,151215,151221,,,,0,missing_dwt_boundary,,,,160.0
sel821,8,neurokit_dwt_ch1,250.0,151348,151361,151367,,,,0,missing_dwt_boundary,,,,160.0
sel821,9,neurokit_dwt_ch1,250.0,151493,151505,151513,,,,0,missing_dwt_boundary,,,,160.0
sel821,10,neurokit_dwt_ch1,250.0,151614,151625,151633,,,,0,missing_dwt_boundary,,,,160.0
sel821,11,neurokit_dwt_ch1,250.0,151779,151792,151798,,,,0,missing_dwt_boundary,,,,160.0
sel821,12,neurokit_dwt_ch1,250.0,151925,151935,151943,,,,0,missing_dwt_boundary,,,,160.0
sel821,13,neurokit_dwt_ch1,250.0,152069,152081,152085,,,,0,missing_dwt_boundary,,,,160.0
sel821,14,neurokit_dwt_ch1,250.0,152193,152205,152211,,,,0,missing_dwt_boundary,,,,160.0
sel821,15,neurokit_dwt_ch1,250.0,152353,152367,152372,,,,0,missing_dwt_boundary,,,,160.0
sel821,16,neurokit_dwt_ch1,250.0,152460,152473,152479,,,,0,missing_dwt_boundary,,,,160.0
sel821,17,neurokit_dwt_ch1,250.0,152635,152648,152655,,,,0,missing_dwt_boundary,,,,160.0
sel821,18,neurokit_dwt_ch1,250.0,152786,152800,152807,,,,0,missing_dwt_boundary,,,,160.0
sel821,19,neurokit_dwt_ch1,250.0,152901,152912,152920,,,,0,missing_dwt_boundary,,,,160.0
sel821,20,neurokit_dwt_ch1,250.0,153071,153085,153094,,,,0,missing_dwt_boundary,,,,160.0
sel821,21,neurokit_dwt_ch1,250.0,153216,153228,153236,,,,0,missing_dwt_boundary,,,,160.0
sel821,22,neurokit_dwt_ch1,250.0,153361,153373,153377,,,,0,missing_dwt_boundary,,,,160.0
sel821,23,neurokit_dwt_ch1,250.0,153505,153516,153522,,,,0,missing_dwt_boundary,,,,160.0
sel821,24,neurokit_dwt_ch1,250.0,153648,153659,153669,,,,0,missing_dwt_boundary,,,,160.0
sel821,25,neurokit_dwt_ch1,250.0,153766,153778,153784,,,,0,missing_dwt_boundary,,,,160.0
sel821,26,neurokit_dwt_ch1,250.0,153933,153944,153954,,,,0,missing_dwt_boundary,,,,160.0
sel821,27,neurokit_dwt_ch1,250.0,154078,154090,154096,,,,0,missing_dwt_boundary,,,,160.0
sel821,28,neurokit_dwt_ch1,250.0,154191,154204,154212,,,,0,missing_dwt_boundary,,,,160.0
sel821,29,neurokit_dwt_ch1,250.0,154320,154334,154341,154323,154305,154337,1,,-60.0,-16.0,44.0,38.0
sel853,0,neurokit_dwt_ch0,250.0,150270,150287,150301,150282,150257,150300,1,,-52.0,-4.0,48.0,28.0
sel853,1,neurokit_dwt_ch0,250.0,150475,150490,150503,150485,150460,150504,1,,-60.0,4.0,64.0,32.0
sel853,2,neurokit_dwt_ch0,250.0,150677,150693,150706,150688,150663,150707,1,,-56.0,4.0,60.0,30.0
sel853,3,neurokit_dwt_ch0,250.0,150878,150894,150908,150890,150864,150908,1,,-56.0,0.0,56.0,28.0
sel853,4,neurokit_dwt_ch0,250.0,151082,151096,151113,151091,151067,151110,1,,-60.0,-12.0,48.0,36.0
sel853,5,neurokit_dwt_ch0,250.0,151284,151299,151313,151293,151268,151312,1,,-64.0,-4.0,60.0,34.0
sel853,6,neurokit_dwt_ch0,250.0,151490,151507,151522,151501,151477,151521,1,,-52.0,-4.0,48.0,28.0
sel853,7,neurokit_dwt_ch0,250.0,151688,151703,151717,151698,151672,151717,1,,-64.0,0.0,64.0,32.0
sel853,8,neurokit_dwt_ch0,250.0,151887,151903,151917,151898,151874,151917,1,,-52.0,0.0,52.0,26.0
sel853,9,neurokit_dwt_ch0,250.0,152089,152106,152117,152101,152075,152120,1,,-56.0,12.0,68.0,34.0
sel853,10,neurokit_dwt_ch0,250.0,152295,152312,152326,152306,152282,152325,1,,-52.0,-4.0,48.0,28.0
sel853,11,neurokit_dwt_ch0,250.0,152502,152519,152533,152514,152489,152533,1,,-52.0,0.0,52.0,26.0
sel853,12,neurokit_dwt_ch0,250.0,152706,152723,152739,152718,152692,152737,1,,-56.0,-8.0,48.0,32.0
sel853,13,neurokit_dwt_ch0,250.0,152909,152927,152939,152922,152897,152940,1,,-48.0,4.0,52.0,26.0
sel853,14,neurokit_dwt_ch0,250.0,153115,153132,153143,153126,153101,153145,1,,-56.0,8.0,64.0,32.0
sel853,15,neurokit_dwt_ch0,250.0,153315,153331,153346,153326,153301,153344,1,,-56.0,-8.0,48.0,32.0
sel853,16,neurokit_dwt_ch0,250.0,153516,153533,153547,153528,153503,153546,1,,-52.0,-4.0,48.0,28.0
sel853,17,neurokit_dwt_ch0,250.0,153715,153733,153748,153728,153703,153747,1,,-48.0,-4.0,44.0,26.0
sel853,18,neurokit_dwt_ch0,250.0,153921,153937,153950,153932,153906,153950,1,,-60.0,0.0,60.0,30.0
sel853,19,neurokit_dwt_ch0,250.0,154126,154144,154159,154139,154114,154157,1,,-48.0,-8.0,40.0,28.0
sel853,20,neurokit_dwt_ch0,250.0,154330,154348,154362,154343,154317,154362,1,,-52.0,0.0,52.0,26.0
sel853,21,neurokit_dwt_ch0,250.0,154535,154552,154563,154546,154521,154565,1,,-56.0,8.0,64.0,32.0
sel853,22,neurokit_dwt_ch0,250.0,154732,154747,154761,154742,154717,154761,1,,-60.0,0.0,60.0,30.0
sel853,23,neurokit_dwt_ch0,250.0,154934,154951,154962,154946,154922,154965,1,,-48.0,12.0,60.0,30.0
sel853,24,neurokit_dwt_ch0,250.0,155139,155155,155166,155150,155125,155169,1,,-56.0,12.0,68.0,34.0
sel853,25,neurokit_dwt_ch0,250.0,155339,155358,155369,155353,155328,155371,1,,-44.0,8.0,52.0,26.0
sel853,26,neurokit_dwt_ch0,250.0,155546,155561,155575,155556,155530,155575,1,,-64.0,0.0,64.0,32.0
sel853,27,neurokit_dwt_ch0,250.0,155753,155770,155784,155765,155741,155783,1,,-48.0,-4.0,44.0,26.0
sel853,28,neurokit_dwt_ch0,250.0,155963,155978,155991,155972,155948,155991,1,,-60.0,0.0,60.0,30.0
sel853,29,neurokit_dwt_ch0,250.0,156162,156177,156189,156173,156148,156191,1,,-56.0,8.0,64.0,32.0
sel853,0,neurokit_dwt_ch1,250.0,150270,150287,150301,,,,0,unmatched_r_peak,,,,160.0
sel853,1,neurokit_dwt_ch1,250.0,150475,150490,150503,,,,0,unmatched_r_peak,,,,160.0
sel853,2,neurokit_dwt_ch1,250.0,150677,150693,150706,,,,0,unmatched_r_peak,,,,160.0
sel853,3,neurokit_dwt_ch1,250.0,150878,150894,150908,,,,0,unmatched_r_peak,,,,160.0
sel853,4,neurokit_dwt_ch1,250.0,151082,151096,151113,,,,0,unmatched_r_peak,,,,160.0
sel853,5,neurokit_dwt_ch1,250.0,151284,151299,151313,,,,0,unmatched_r_peak,,,,160.0
sel853,6,neurokit_dwt_ch1,250.0,151490,151507,151522,,,,0,unmatched_r_peak,,,,160.0
sel853,7,neurokit_dwt_ch1,250.0,151688,151703,151717,,,,0,unmatched_r_peak,,,,160.0
sel853,8,neurokit_dwt_ch1,250.0,151887,151903,151917,,,,0,unmatched_r_peak,,,,160.0
sel853,9,neurokit_dwt_ch1,250.0,152089,152106,152117,,,,0,unmatched_r_peak,,,,160.0
sel853,10,neurokit_dwt_ch1,250.0,152295,152312,152326,,,,0,unmatched_r_peak,,,,160.0
sel853,11,neurokit_dwt_ch1,250.0,152502,152519,152533,,,,0,unmatched_r_peak,,,,160.0
sel853,12,neurokit_dwt_ch1,250.0,152706,152723,152739,,,,0,unmatched_r_peak,,,,160.0
sel853,13,neurokit_dwt_ch1,250.0,152909,152927,152939,,,,0,unmatched_r_peak,,,,160.0
sel853,14,neurokit_dwt_ch1,250.0,153115,153132,153143,,,,0,unmatched_r_peak,,,,160.0
sel853,15,neurokit_dwt_ch1,250.0,153315,153331,153346,,,,0,unmatched_r_peak,,,,160.0
sel853,16,neurokit_dwt_ch1,250.0,153516,153533,153547,,,,0,unmatched_r_peak,,,,160.0
sel853,17,neurokit_dwt_ch1,250.0,153715,153733,153748,,,,0,unmatched_r_peak,,,,160.0
sel853,18,neurokit_dwt_ch1,250.0,153921,153937,153950,,,,0,unmatched_r_peak,,,,160.0
sel853,19,neurokit_dwt_ch1,250.0,154126,154144,154159,,,,0,unmatched_r_peak,,,,160.0
sel853,20,neurokit_dwt_ch1,250.0,154330,154348,154362,,,,0,unmatched_r_peak,,,,160.0
sel853,21,neurokit_dwt_ch1,250.0,154535,154552,154563,,,,0,unmatched_r_peak,,,,160.0
sel853,22,neurokit_dwt_ch1,250.0,154732,154747,154761,,,,0,unmatched_r_peak,,,,160.0
sel853,23,neurokit_dwt_ch1,250.0,154934,154951,154962,,,,0,unmatched_r_peak,,,,160.0
sel853,24,neurokit_dwt_ch1,250.0,155139,155155,155166,,,,0,unmatched_r_peak,,,,160.0
sel853,25,neurokit_dwt_ch1,250.0,155339,155358,155369,,,,0,unmatched_r_peak,,,,160.0
sel853,26,neurokit_dwt_ch1,250.0,155546,155561,155575,,,,0,unmatched_r_peak,,,,160.0
sel853,27,neurokit_dwt_ch1,250.0,155753,155770,155784,,,,0,unmatched_r_peak,,,,160.0
sel853,28,neurokit_dwt_ch1,250.0,155963,155978,155991,,,,0,unmatched_r_peak,,,,160.0
sel853,29,neurokit_dwt_ch1,250.0,156162,156177,156189,,,,0,unmatched_r_peak,,,,160.0
sel871,0,neurokit_dwt_ch0,250.0,150429,150452,150461,150444,150406,150462,1,,-92.0,4.0,96.0,48.0
sel871,1,neurokit_dwt_ch0,250.0,150674,150698,150705,150689,150651,150706,1,,-92.0,4.0,96.0,48.0
sel871,2,neurokit_dwt_ch0,250.0,150919,150940,150950,150933,150895,150950,1,,-96.0,0.0,96.0,48.0
sel871,3,neurokit_dwt_ch0,250.0,151154,151176,151188,151170,151132,151187,1,,-88.0,-4.0,84.0,46.0
sel871,4,neurokit_dwt_ch0,250.0,151395,151417,151426,151408,151370,151426,1,,-100.0,0.0,100.0,50.0
sel871,5,neurokit_dwt_ch0,250.0,151636,151660,151669,151652,151614,151670,1,,-88.0,4.0,92.0,46.0
sel871,6,neurokit_dwt_ch0,250.0,151877,151898,151908,151893,151854,151910,1,,-92.0,8.0,100.0,50.0
sel871,7,neurokit_dwt_ch0,250.0,152121,152141,152153,152135,152096,152152,1,,-100.0,-4.0,96.0,52.0
sel871,8,neurokit_dwt_ch0,250.0,152366,152388,152397,152380,152342,152398,1,,-96.0,4.0,100.0,50.0
sel871,9,neurokit_dwt_ch0,250.0,152609,152633,152643,152625,152587,152643,1,,-88.0,0.0,88.0,44.0
sel871,10,neurokit_dwt_ch0,250.0,152854,152876,152890,152871,152832,152888,1,,-88.0,-8.0,80.0,48.0
sel871,11,neurokit_dwt_ch0,250.0,153098,153118,153130,153113,153075,153131,1,,-92.0,4.0,96.0,48.0
sel871,12,neurokit_dwt_ch0,250.0,153339,153362,153372,153354,153316,153372,1,,-92.0,0.0,92.0,46.0
sel871,13,neurokit_dwt_ch0,250.0,153592,153617,153625,153608,153570,153626,1,,-88.0,4.0,92.0,46.0
sel871,14,neurokit_dwt_ch0,250.0,153851,153873,153887,153865,153835,153884,1,,-64.0,-12.0,52.0,38.0
sel871,15,neurokit_dwt_ch0,250.0,154111,154133,154145,154125,154087,154143,1,,-96.0,-8.0,88.0,52.0
sel871,16,neurokit_dwt_ch0,250.0,154370,154390,154403,154385,154346,154402,1,,-96.0,-4.0,92.0,50.0
sel871,17,neurokit_dwt_ch0,250.0,154621,154645,154653,154637,154598,154655,1,,-92.0,8.0,100.0,50.0
sel871,18,neurokit_dwt_ch0,250.0,154875,154895,154906,154887,154849,154905,1,,-104.0,-4.0,100.0,54.0
sel871,19,neurokit_dwt_ch0,250.0,155123,155145,155155,155137,155126,155155,1,,12.0,0.0,-12.0,6.0
sel871,20,neurokit_dwt_ch0,250.0,155372,155394,155402,155385,155374,155403,1,,8.0,4.0,-4.0,6.0
sel871,21,neurokit_dwt_ch0,250.0,155620,155643,155653,155635,155625,155653,1,,20.0,0.0,-20.0,10.0
sel871,22,neurokit_dwt_ch0,250.0,155869,155891,155903,155883,155846,155901,1,,-92.0,-8.0,84.0,50.0
sel871,23,neurokit_dwt_ch0,250.0,156119,156140,156149,156133,156095,156150,1,,-96.0,4.0,100.0,50.0
sel871,24,neurokit_dwt_ch0,250.0,156370,156394,156400,156385,156347,156402,1,,-92.0,8.0,100.0,50.0
sel871,25,neurokit_dwt_ch0,250.0,156622,156642,156652,156635,156597,156652,1,,-100.0,0.0,100.0,50.0
sel871,26,neurokit_dwt_ch0,250.0,156870,156891,156904,156885,156847,156903,1,,-92.0,-4.0,88.0,48.0
sel871,27,neurokit_dwt_ch0,250.0,157116,157137,157144,157129,157118,157147,1,,8.0,12.0,4.0,10.0
sel871,28,neurokit_dwt_ch0,250.0,158079,158102,158112,158094,158057,158112,1,,-88.0,0.0,88.0,44.0
sel871,29,neurokit_dwt_ch0,250.0,158311,158332,158343,158326,158288,158344,1,,-92.0,4.0,96.0,48.0
sel871,30,neurokit_dwt_ch0,250.0,158545,158564,158576,158559,158520,158576,1,,-100.0,0.0,100.0,50.0
sel871,31,neurokit_dwt_ch0,250.0,158782,158804,158817,158797,158760,158815,1,,-88.0,-8.0,80.0,48.0
sel871,32,neurokit_dwt_ch0,250.0,159019,159038,159050,159029,159018,159048,1,,-4.0,-8.0,-4.0,6.0
sel871,33,neurokit_dwt_ch0,250.0,159249,159270,159281,159264,159225,159281,1,,-96.0,0.0,96.0,48.0
sel871,34,neurokit_dwt_ch0,250.0,159481,159503,159512,159496,159459,159513,1,,-88.0,4.0,92.0,46.0
sel871,35,neurokit_dwt_ch0,250.0,159720,159743,159755,159736,159707,159754,1,,-52.0,-4.0,48.0,28.0
sel871,36,neurokit_dwt_ch0,250.0,159960,159981,159992,159973,159936,159991,1,,-96.0,-4.0,92.0,50.0
sel871,37,neurokit_dwt_ch0,250.0,160195,160218,160227,160210,160172,160228,1,,-92.0,4.0,96.0,48.0
sel871,38,neurokit_dwt_ch0,250.0,160423,160446,160456,160439,160401,160457,1,,-88.0,4.0,92.0,46.0
sel871,39,neurokit_dwt_ch0,250.0,160659,160682,160690,160674,160637,160691,1,,-88.0,4.0,92.0,46.0
sel871,40,neurokit_dwt_ch0,250.0,160902,160925,160931,160916,160906,160933,1,,16.0,8.0,-8.0,12.0
sel871,41,neurokit_dwt_ch0,250.0,161142,161167,161179,161159,161149,161177,1,,28.0,-8.0,-36.0,18.0
sel871,42,neurokit_dwt_ch0,250.0,161379,161402,161412,161395,161358,161412,1,,-84.0,0.0,84.0,42.0
sel871,43,neurokit_dwt_ch0,250.0,161617,161641,161651,161633,161595,161650,1,,-88.0,-4.0,84.0,46.0
sel871,44,neurokit_dwt_ch0,250.0,161853,161875,161885,161867,161831,161886,1,,-88.0,4.0,92.0,46.0
sel871,45,neurokit_dwt_ch0,250.0,162093,162113,162124,162107,162070,162125,1,,-92.0,4.0,96.0,48.0
sel871,46,neurokit_dwt_ch0,250.0,162344,162365,162375,162358,162320,162375,1,,-96.0,0.0,96.0,48.0
sel871,47,neurokit_dwt_ch0,250.0,162604,162627,162634,162619,162609,162637,1,,20.0,12.0,-8.0,16.0
sel871,48,neurokit_dwt_ch0,250.0,163146,163170,163177,163162,163133,163179,1,,-52.0,8.0,60.0,30.0
sel871,49,neurokit_dwt_ch0,250.0,163694,163717,163724,,,,0,unmatched_r_peak,,,,160.0
sel871,50,neurokit_dwt_ch0,250.0,164685,164707,164719,164701,164690,164719,1,,20.0,0.0,-20.0,10.0
sel871,51,neurokit_dwt_ch0,250.0,177807,177828,177835,177819,177785,177836,1,,-88.0,4.0,92.0,46.0
sel871,52,neurokit_dwt_ch0,250.0,178713,178736,178745,178727,178717,178744,1,,16.0,-4.0,-20.0,10.0
sel871,53,neurokit_dwt_ch0,250.0,182059,182087,182093,182076,182042,182093,1,,-68.0,0.0,68.0,34.0
sel871,54,neurokit_dwt_ch0,250.0,188435,188458,188465,188449,188415,188466,1,,-80.0,4.0,84.0,42.0
sel871,55,neurokit_dwt_ch0,250.0,189232,189255,189264,189248,189209,189265,1,,-92.0,4.0,96.0,48.0
sel871,56,neurokit_dwt_ch0,250.0,189776,189797,189805,189789,189761,189807,1,,-60.0,8.0,68.0,34.0
sel871,57,neurokit_dwt_ch0,250.0,190627,190650,190659,190641,190605,190659,1,,-88.0,0.0,88.0,44.0
sel871,58,neurokit_dwt_ch0,250.0,192514,192534,192542,192525,192490,192543,1,,-96.0,4.0,100.0,50.0
sel871,59,neurokit_dwt_ch0,250.0,193380,193401,193413,193393,193356,193411,1,,-96.0,-8.0,88.0,52.0
sel871,60,neurokit_dwt_ch0,250.0,193667,193689,193696,193680,193642,193697,1,,-100.0,4.0,104.0,52.0
sel871,61,neurokit_dwt_ch0,250.0,193957,193979,193986,193969,193959,193987,1,,8.0,4.0,-4.0,6.0
sel871,62,neurokit_dwt_ch0,250.0,201190,201213,201224,201203,201167,201222,1,,-92.0,-8.0,84.0,50.0
sel871,63,neurokit_dwt_ch0,250.0,205639,205663,205673,205654,205617,205672,1,,-88.0,-4.0,84.0,46.0
sel871,64,neurokit_dwt_ch0,250.0,208517,208538,208547,208529,208492,208547,1,,-100.0,0.0,100.0,50.0
sel871,65,neurokit_dwt_ch0,250.0,210954,210973,210983,210965,210929,210984,1,,-100.0,4.0,104.0,52.0
sel871,66,neurokit_dwt_ch0,250.0,212819,212842,212850,212834,212803,212851,1,,-64.0,4.0,68.0,34.0
sel871,67,neurokit_dwt_ch0,250.0,213722,213746,213755,213737,213726,213755,1,,16.0,0.0,-16.0,8.0
sel871,68,neurokit_dwt_ch0,250.0,214625,214647,214657,214640,214628,214657,1,,12.0,0.0,-12.0,6.0
sel871,69,neurokit_dwt_ch0,250.0,214935,214959,214969,214951,214913,214969,1,,-88.0,0.0,88.0,44.0
sel871,0,neurokit_dwt_ch1,250.0,150429,150452,150461,150441,150418,150461,1,,-44.0,0.0,44.0,22.0
sel871,1,neurokit_dwt_ch1,250.0,150674,150698,150705,,,,0,unmatched_r_peak,,,,160.0
sel871,2,neurokit_dwt_ch1,250.0,150919,150940,150950,,,,0,unmatched_r_peak,,,,160.0
sel871,3,neurokit_dwt_ch1,250.0,151154,151176,151188,,,,0,unmatched_r_peak,,,,160.0
sel871,4,neurokit_dwt_ch1,250.0,151395,151417,151426,151406,151384,151425,1,,-44.0,-4.0,40.0,24.0
sel871,5,neurokit_dwt_ch1,250.0,151636,151660,151669,,,,0,unmatched_r_peak,,,,160.0
sel871,6,neurokit_dwt_ch1,250.0,151877,151898,151908,151889,151867,151909,1,,-40.0,4.0,44.0,22.0
sel871,7,neurokit_dwt_ch1,250.0,152121,152141,152153,152132,152112,152151,1,,-36.0,-8.0,28.0,22.0
sel871,8,neurokit_dwt_ch1,250.0,152366,152388,152397,,,,0,unmatched_r_peak,,,,160.0
sel871,9,neurokit_dwt_ch1,250.0,152609,152633,152643,152623,152585,152643,1,,-96.0,0.0,96.0,48.0
sel871,10,neurokit_dwt_ch1,250.0,152854,152876,152890,152867,152844,152887,1,,-40.0,-12.0,28.0,26.0
sel871,11,neurokit_dwt_ch1,250.0,153098,153118,153130,153111,153088,153130,1,,-40.0,0.0,40.0,20.0
sel871,12,neurokit_dwt_ch1,250.0,153339,153362,153372,,,,0,unmatched_r_peak,,,,160.0
sel871,13,neurokit_dwt_ch1,250.0,153592,153617,153625,153606,153568,153625,1,,-96.0,0.0,96.0,48.0
sel871,14,neurokit_dwt_ch1,250.0,153851,153873,153887,,,,0,unmatched_r_peak,,,,160.0
sel871,15,neurokit_dwt_ch1,250.0,154111,154133,154145,154123,154099,154141,1,,-48.0,-16.0,32.0,32.0
sel871,16,neurokit_dwt_ch1,250.0,154370,154390,154403,154382,154341,154401,1,,-116.0,-8.0,108.0,62.0
sel871,17,neurokit_dwt_ch1,250.0,154621,154645,154653,,,,0,unmatched_r_peak,,,,160.0
sel871,18,neurokit_dwt_ch1,250.0,154875,154895,154906,154884,154862,154904,1,,-52.0,-8.0,44.0,30.0
sel871,19,neurokit_dwt_ch1,250.0,155123,155145,155155,155134,155110,155155,1,,-52.0,0.0,52.0,26.0
sel871,20,neurokit_dwt_ch1,250.0,155372,155394,155402,155383,155359,155402,1,,-52.0,0.0,52.0,26.0
sel871,21,neurokit_dwt_ch1,250.0,155620,155643,155653,155632,155605,155652,1,,-60.0,-4.0,56.0,32.0
sel871,22,neurokit_dwt_ch1,250.0,155869,155891,155903,155880,155843,155901,1,,-104.0,-8.0,96.0,56.0
sel871,23,neurokit_dwt_ch1,250.0,156119,156140,156149,156129,156106,156149,1,,-52.0,0.0,52.0,26.0
sel871,24,neurokit_dwt_ch1,250.0,156370,156394,156400,156383,156342,156401,1,,-112.0,4.0,116.0,58.0
sel871,25,neurokit_dwt_ch1,250.0,156622,156642,156652,156632,156594,156652,1,,-112.0,0.0,112.0,56.0
sel871,26,neurokit_dwt_ch1,250.0,156870,156891,156904,156882,156842,156902,1,,-112.0,-8.0,104.0,60.0
sel871,27,neurokit_dwt_ch1,250.0,157116,157137,157144,157127,157089,157146,1,,-108.0,8.0,116.0,58.0
sel871,28,neurokit_dwt_ch1,250.0,158079,158102,158112,,,,0,unmatched_r_peak,,,,160.0
sel871,29,neurokit_dwt_ch1,250.0,158311,158332,158343,,,,0,unmatched_r_peak,,,,160.0
sel871,30,neurokit_dwt_ch1,250.0,158545,158564,158576,,,,0,unmatched_r_peak,,,,160.0
sel871,31,neurokit_dwt_ch1,250.0,158782,158804,158817,158794,158771,158814,1,,-44.0,-12.0,32.0,28.0
sel871,32,neurokit_dwt_ch1,250.0,159019,159038,159050,,,,0,unmatched_r_peak,,,,160.0
sel871,33,neurokit_dwt_ch1,250.0,159249,159270,159281,159260,159222,159281,1,,-108.0,0.0,108.0,54.0
sel871,34,neurokit_dwt_ch1,250.0,159481,159503,159512,,,,0,unmatched_r_peak,,,,160.0
sel871,35,neurokit_dwt_ch1,250.0,159720,159743,159755,,,,0,unmatched_r_peak,,,,160.0
sel871,36,neurokit_dwt_ch1,250.0,159960,159981,159992,,,,0,unmatched_r_peak,,,,160.0
sel871,37,neurokit_dwt_ch1,250.0,160195,160218,160227,,,,0,unmatched_r_peak,,,,160.0
sel871,38,neurokit_dwt_ch1,250.0,160423,160446,160456,,,,0,unmatched_r_peak,,,,160.0
sel871,39,neurokit_dwt_ch1,250.0,160659,160682,160690,,,,0,unmatched_r_peak,,,,160.0
sel871,40,neurokit_dwt_ch1,250.0,160902,160925,160931,,,,0,unmatched_r_peak,,,,160.0
sel871,41,neurokit_dwt_ch1,250.0,161142,161167,161179,,,,0,unmatched_r_peak,,,,160.0
sel871,42,neurokit_dwt_ch1,250.0,161379,161402,161412,161392,161371,161411,1,,-32.0,-4.0,28.0,18.0
sel871,43,neurokit_dwt_ch1,250.0,161617,161641,161651,,,,0,unmatched_r_peak,,,,160.0
sel871,44,neurokit_dwt_ch1,250.0,161853,161875,161885,,,,0,unmatched_r_peak,,,,160.0
sel871,45,neurokit_dwt_ch1,250.0,162093,162113,162124,162104,162078,162124,1,,-60.0,0.0,60.0,30.0
sel871,46,neurokit_dwt_ch1,250.0,162344,162365,162375,162355,162332,162374,1,,-48.0,-4.0,44.0,26.0
sel871,47,neurokit_dwt_ch1,250.0,162604,162627,162634,162617,162576,162636,1,,-112.0,8.0,120.0,60.0
sel871,48,neurokit_dwt_ch1,250.0,163146,163170,163177,163159,163120,163178,1,,-104.0,4.0,108.0,54.0
sel871,49,neurokit_dwt_ch1,250.0,163694,163717,163724,,,,0,unmatched_r_peak,,,,160.0
sel871,50,neurokit_dwt_ch1,250.0,164685,164707,164719,164699,164694,164718,1,,36.0,-4.0,-40.0,20.0
sel871,51,neurokit_dwt_ch1,250.0,177807,177828,177835,177817,177780,177836,1,,-108.0,4.0,112.0,56.0
sel871,52,neurokit_dwt_ch1,250.0,178713,178736,178745,178725,178689,178744,1,,-96.0,-4.0,92.0,50.0
sel871,53,neurokit_dwt_ch1,250.0,182059,182087,182093,,,,0,unmatched_r_peak,,,,160.0
sel871,54,neurokit_dwt_ch1,250.0,188435,188458,188465,,,,0,unmatched_r_peak,,,,160.0
sel871,55,neurokit_dwt_ch1,250.0,189232,189255,189264,189246,189208,189264,1,,-96.0,0.0,96.0,48.0
sel871,56,neurokit_dwt_ch1,250.0,189776,189797,189805,189788,189750,189806,1,,-104.0,4.0,108.0,54.0
sel871,57,neurokit_dwt_ch1,250.0,190627,190650,190659,190639,190618,190659,1,,-36.0,0.0,36.0,18.0
sel871,58,neurokit_dwt_ch1,250.0,192514,192534,192542,192524,192487,192543,1,,-108.0,4.0,112.0,56.0
sel871,59,neurokit_dwt_ch1,250.0,193380,193401,193413,193391,193353,193410,1,,-108.0,-12.0,96.0,60.0
sel871,60,neurokit_dwt_ch1,250.0,193667,193689,193696,193678,193655,193696,1,,-48.0,0.0,48.0,24.0
sel871,61,neurokit_dwt_ch1,250.0,193957,193979,193986,,,,0,unmatched_r_peak,,,,160.0
sel871,62,neurokit_dwt_ch1,250.0,201190,201213,201224,,,,0,unmatched_r_peak,,,,160.0
sel871,63,neurokit_dwt_ch1,250.0,205639,205663,205673,205653,205615,205671,1,,-96.0,-8.0,88.0,52.0
sel871,64,neurokit_dwt_ch1,250.0,208517,208538,208547,208527,208489,208546,1,,-112.0,-4.0,108.0,58.0
sel871,65,neurokit_dwt_ch1,250.0,210954,210973,210983,210963,210926,210983,1,,-112.0,0.0,112.0,56.0
sel871,66,neurokit_dwt_ch1,250.0,212819,212842,212850,,,,0,unmatched_r_peak,,,,160.0
sel871,67,neurokit_dwt_ch1,250.0,213722,213746,213755,213735,213697,213754,1,,-100.0,-4.0,96.0,52.0
sel871,68,neurokit_dwt_ch1,250.0,214625,214647,214657,214637,214599,214656,1,,-104.0,-4.0,100.0,54.0
sel871,69,neurokit_dwt_ch1,250.0,214935,214959,214969,214948,214911,214967,1,,-96.0,-8.0,88.0,52.0
sel872,0,neurokit_dwt_ch0,250.0,150253,150260,150269,150258,150213,150271,1,,-160.0,8.0,168.0,84.0
sel872,1,neurokit_dwt_ch0,250.0,150484,150492,150500,150491,150443,150504,1,,-164.0,16.0,180.0,90.0
sel872,2,neurokit_dwt_ch0,250.0,150716,150727,150737,150726,150678,150738,1,,-152.0,4.0,156.0,78.0
sel872,3,neurokit_dwt_ch0,250.0,150942,150955,150965,150954,150905,150967,1,,-148.0,8.0,156.0,78.0
sel872,4,neurokit_dwt_ch0,250.0,151167,151179,151190,151178,151132,151191,1,,-140.0,4.0,144.0,72.0
sel872,5,neurokit_dwt_ch0,250.0,151392,151406,151415,151404,151374,151417,1,,-72.0,8.0,80.0,40.0
sel872,6,neurokit_dwt_ch0,250.0,151623,151634,151642,151632,151586,151645,1,,-148.0,12.0,160.0,80.0
sel872,7,neurokit_dwt_ch0,250.0,151857,151867,151876,151866,151816,151879,1,,-164.0,12.0,176.0,88.0
sel872,8,neurokit_dwt_ch0,250.0,152081,152092,152100,152091,152060,152103,1,,-84.0,12.0,96.0,48.0
sel872,9,neurokit_dwt_ch0,250.0,152304,152317,152326,152315,152267,152328,1,,-148.0,8.0,156.0,78.0
sel872,10,neurokit_dwt_ch0,250.0,152538,152549,152557,152547,152514,152560,1,,-96.0,12.0,108.0,54.0
sel872,11,neurokit_dwt_ch0,250.0,152775,152786,152797,152785,152735,152797,1,,-160.0,0.0,160.0,80.0
sel872,12,neurokit_dwt_ch0,250.0,153012,153023,153033,153022,152975,153035,1,,-148.0,8.0,156.0,78.0
sel872,13,neurokit_dwt_ch0,250.0,153240,153252,153261,153251,153219,153263,1,,-84.0,8.0,92.0,46.0
sel872,14,neurokit_dwt_ch0,250.0,153466,153478,153487,153476,153454,153489,1,,-48.0,8.0,56.0,28.0
sel872,15,neurokit_dwt_ch0,250.0,153699,153709,153717,153708,153676,153720,1,,-92.0,12.0,104.0,52.0
sel872,16,neurokit_dwt_ch0,250.0,153931,153944,153953,153943,153893,153955,1,,-152.0,8.0,160.0,80.0
sel872,17,neurokit_dwt_ch0,250.0,154169,154178,154188,154177,154126,154190,1,,-172.0,8.0,180.0,90.0
sel872,18,neurokit_dwt_ch0,250.0,154390,154403,154413,154401,154354,154414,1,,-144.0,4.0,148.0,74.0
sel872,19,neurokit_dwt_ch0,250.0,154619,154632,154640,154631,154583,154643,1,,-144.0,12.0,156.0,78.0
sel872,20,neurokit_dwt_ch0,250.0,154852,154866,154875,154865,154813,154877,1,,-156.0,8.0,164.0,82.0
sel872,21,neurokit_dwt_ch0,250.0,155082,155095,155104,155094,155062,155106,1,,-80.0,8.0,88.0,44.0
sel872,22,neurokit_dwt_ch0,250.0,155310,155320,155329,155319,155271,155331,1,,-156.0,8.0,164.0,82.0
sel872,23,neurokit_dwt_ch0,250.0,155532,155545,155555,155543,155515,155556,1,,-68.0,4.0,72.0,36.0
sel872,24,neurokit_dwt_ch0,250.0,155764,155773,155780,155772,155742,155784,1,,-88.0,16.0,104.0,52.0
sel872,25,neurokit_dwt_ch0,250.0,155991,156001,156008,156000,155969,156013,1,,-88.0,20.0,108.0,54.0
sel872,26,neurokit_dwt_ch0,250.0,156214,156226,156240,156225,156178,156238,1,,-144.0,-8.0,136.0,76.0
sel872,27,neurokit_dwt_ch0,250.0,156438,156450,156464,156449,156420,156462,1,,-72.0,-8.0,64.0,40.0
sel872,28,neurokit_dwt_ch0,250.0,156664,156676,156685,156675,156627,156687,1,,-148.0,8.0,156.0,78.0
sel872,29,neurokit_dwt_ch0,250.0,156902,156915,156924,156914,156882,156926,1,,-80.0,8.0,88.0,44.0
sel872,0,neurokit_dwt_ch1,250.0,150253,150260,150269,150257,150217,150272,1,,-144.0,12.0,156.0,78.0
sel872,1,neurokit_dwt_ch1,250.0,150484,150492,150500,150490,150447,150504,1,,-148.0,16.0,164.0,82.0
sel872,2,neurokit_dwt_ch1,250.0,150716,150727,150737,150726,150675,150740,1,,-164.0,12.0,176.0,88.0
sel872,3,neurokit_dwt_ch1,250.0,150942,150955,150965,150954,150912,150969,1,,-120.0,16.0,136.0,68.0
sel872,4,neurokit_dwt_ch1,250.0,151167,151179,151190,151178,151135,151192,1,,-128.0,8.0,136.0,68.0
sel872,5,neurokit_dwt_ch1,250.0,151392,151406,151415,151403,151362,151418,1,,-120.0,12.0,132.0,66.0
sel872,6,neurokit_dwt_ch1,250.0,151623,151634,151642,151632,151590,151646,1,,-132.0,16.0,148.0,74.0
sel872,7,neurokit_dwt_ch1,250.0,151857,151867,151876,151866,151837,151880,1,,-80.0,16.0,96.0,48.0
sel872,8,neurokit_dwt_ch1,250.0,152081,152092,152100,152090,152047,152104,1,,-136.0,16.0,152.0,76.0
sel872,9,neurokit_dwt_ch1,250.0,152304,152317,152326,152314,152290,152328,1,,-56.0,8.0,64.0,32.0
sel872,10,neurokit_dwt_ch1,250.0,152538,152549,152557,152546,152505,152561,1,,-132.0,16.0,148.0,74.0
sel872,11,neurokit_dwt_ch1,250.0,152775,152786,152797,152784,152742,152799,1,,-132.0,8.0,140.0,70.0
sel872,12,neurokit_dwt_ch1,250.0,153012,153023,153033,153022,152976,153036,1,,-144.0,12.0,156.0,78.0
sel872,13,neurokit_dwt_ch1,250.0,153240,153252,153261,153251,153205,153264,1,,-140.0,12.0,152.0,76.0
sel872,14,neurokit_dwt_ch1,250.0,153466,153478,153487,153475,153461,153490,1,,-20.0,12.0,32.0,16.0
sel872,15,neurokit_dwt_ch1,250.0,153699,153709,153717,153707,153665,153721,1,,-136.0,16.0,152.0,76.0
sel872,16,neurokit_dwt_ch1,250.0,153931,153944,153953,153942,153899,153957,1,,-128.0,16.0,144.0,72.0
sel872,17,neurokit_dwt_ch1,250.0,154169,154178,154188,154177,154132,154191,1,,-148.0,12.0,160.0,80.0
sel872,18,neurokit_dwt_ch1,250.0,154390,154403,154413,154401,154356,154415,1,,-136.0,8.0,144.0,72.0
sel872,19,neurokit_dwt_ch1,250.0,154619,154632,154640,154629,154581,154643,1,,-152.0,12.0,164.0,82.0
sel872,20,neurokit_dwt_ch1,250.0,154852,154866,154875,154864,154847,154879,1,,-20.0,16.0,36.0,18.0
sel872,21,neurokit_dwt_ch1,250.0,155082,155095,155104,155094,155049,155108,1,,-132.0,16.0,148.0,74.0
sel872,22,neurokit_dwt_ch1,250.0,155310,155320,155329,155318,155268,155332,1,,-168.0,12.0,180.0,90.0
sel872,23,neurokit_dwt_ch1,250.0,155532,155545,155555,155542,155500,155556,1,,-128.0,4.0,132.0,66.0
sel872,24,neurokit_dwt_ch1,250.0,155764,155773,155780,155771,155745,155785,1,,-76.0,20.0,96.0,48.0
sel872,25,neurokit_dwt_ch1,250.0,155991,156001,156008,155999,155956,156014,1,,-140.0,24.0,164.0,82.0
sel872,26,neurokit_dwt_ch1,250.0,156214,156226,156240,156225,156201,156239,1,,-52.0,-4.0,48.0,28.0
sel872,27,neurokit_dwt_ch1,250.0,156438,156450,156464,156449,156405,156463,1,,-132.0,-4.0,128.0,68.0
sel872,28,neurokit_dwt_ch1,250.0,156664,156676,156685,156674,156633,156688,1,,-124.0,12.0,136.0,68.0
sel872,29,neurokit_dwt_ch1,250.0,156902,156915,156924,156913,156870,156927,1,,-128.0,12.0,140.0,70.0
sel873,0,neurokit_dwt_ch0,250.0,150284,150298,150308,,,,0,missing_dwt_boundary,,,,160.0
sel873,1,neurokit_dwt_ch0,250.0,150557,150570,150582,,,,0,missing_dwt_boundary,,,,160.0
sel873,2,neurokit_dwt_ch0,250.0,150842,150856,150867,,,,0,missing_dwt_boundary,,,,160.0
sel873,3,neurokit_dwt_ch0,250.0,151116,151129,151138,,,,0,missing_dwt_boundary,,,,160.0
sel873,4,neurokit_dwt_ch0,250.0,151383,151396,151407,,,,0,missing_dwt_boundary,,,,160.0
sel873,5,neurokit_dwt_ch0,250.0,151663,151677,151687,,,,0,missing_dwt_boundary,,,,160.0
sel873,6,neurokit_dwt_ch0,250.0,151934,151949,151960,,,,0,missing_dwt_boundary,,,,160.0
sel873,7,neurokit_dwt_ch0,250.0,152200,152216,152228,,,,0,missing_dwt_boundary,,,,160.0
sel873,8,neurokit_dwt_ch0,250.0,152477,152489,152502,,,,0,missing_dwt_boundary,,,,160.0
sel873,9,neurokit_dwt_ch0,250.0,152750,152763,152772,,,,0,missing_dwt_boundary,,,,160.0
sel873,10,neurokit_dwt_ch0,250.0,153017,153029,153042,,,,0,missing_dwt_boundary,,,,160.0
sel873,11,neurokit_dwt_ch0,250.0,153292,153303,153313,,,,0,missing_dwt_boundary,,,,160.0
sel873,12,neurokit_dwt_ch0,250.0,153564,153579,153590,,,,0,missing_dwt_boundary,,,,160.0
sel873,13,neurokit_dwt_ch0,250.0,153835,153851,153863,,,,0,missing_dwt_boundary,,,,160.0
sel873,14,neurokit_dwt_ch0,250.0,154102,154117,154127,,,,0,missing_dwt_boundary,,,,160.0
sel873,15,neurokit_dwt_ch0,250.0,154377,154391,154404,,,,0,missing_dwt_boundary,,,,160.0
sel873,16,neurokit_dwt_ch0,250.0,154647,154663,154672,,,,0,missing_dwt_boundary,,,,160.0
sel873,17,neurokit_dwt_ch0,250.0,154920,154933,154944,,,,0,missing_dwt_boundary,,,,160.0
sel873,18,neurokit_dwt_ch0,250.0,155186,155200,155212,,,,0,missing_dwt_boundary,,,,160.0
sel873,19,neurokit_dwt_ch0,250.0,155453,155468,155480,,,,0,missing_dwt_boundary,,,,160.0
sel873,20,neurokit_dwt_ch0,250.0,155719,155736,155743,,,,0,missing_dwt_boundary,,,,160.0
sel873,21,neurokit_dwt_ch0,250.0,155987,156000,156011,,,,0,missing_dwt_boundary,,,,160.0
sel873,22,neurokit_dwt_ch0,250.0,156252,156265,156278,,,,0,missing_dwt_boundary,,,,160.0
sel873,23,neurokit_dwt_ch0,250.0,156519,156532,156541,,,,0,missing_dwt_boundary,,,,160.0
sel873,24,neurokit_dwt_ch0,250.0,156790,156803,156814,,,,0,missing_dwt_boundary,,,,160.0
sel873,25,neurokit_dwt_ch0,250.0,157059,157072,157082,,,,0,missing_dwt_boundary,,,,160.0
sel873,26,neurokit_dwt_ch0,250.0,157324,157339,157351,,,,0,missing_dwt_boundary,,,,160.0
sel873,27,neurokit_dwt_ch0,250.0,158378,158394,158404,,,,0,missing_dwt_boundary,,,,160.0
sel873,28,neurokit_dwt_ch0,250.0,158652,158668,158679,,,,0,missing_dwt_boundary,,,,160.0
sel873,29,neurokit_dwt_ch0,250.0,158930,158943,158956,,,,0,missing_dwt_boundary,,,,160.0
sel873,30,neurokit_dwt_ch0,250.0,214128,214147,214163,,,,0,missing_dwt_boundary,,,,160.0
sel873,31,neurokit_dwt_ch0,250.0,214966,214985,214995,,,,0,missing_dwt_boundary,,,,160.0
sel873,32,neurokit_dwt_ch0,250.0,220273,220296,220303,,,,0,missing_dwt_boundary,,,,160.0
sel873,0,neurokit_dwt_ch1,250.0,150284,150298,150308,150289,150254,150311,1,,-120.0,12.0,132.0,66.0
sel873,1,neurokit_dwt_ch1,250.0,150557,150570,150582,150561,150526,150582,1,,-124.0,0.0,124.0,62.0
sel873,2,neurokit_dwt_ch1,250.0,150842,150856,150867,150846,150811,150868,1,,-124.0,4.0,128.0,64.0
sel873,3,neurokit_dwt_ch1,250.0,151116,151129,151138,151119,151083,151141,1,,-132.0,12.0,144.0,72.0
sel873,4,neurokit_dwt_ch1,250.0,151383,151396,151407,151387,151351,151408,1,,-128.0,4.0,132.0,66.0
sel873,5,neurokit_dwt_ch1,250.0,151663,151677,151687,151667,151632,151688,1,,-124.0,4.0,128.0,64.0
sel873,6,neurokit_dwt_ch1,250.0,151934,151949,151960,151939,151904,151961,1,,-120.0,4.0,124.0,62.0
sel873,7,neurokit_dwt_ch1,250.0,152200,152216,152228,152206,152171,152228,1,,-116.0,0.0,116.0,58.0
sel873,8,neurokit_dwt_ch1,250.0,152477,152489,152502,152479,152443,152501,1,,-136.0,-4.0,132.0,70.0
sel873,9,neurokit_dwt_ch1,250.0,152750,152763,152772,152753,152717,152774,1,,-132.0,8.0,140.0,70.0
sel873,10,neurokit_dwt_ch1,250.0,153017,153029,153042,153020,152985,153041,1,,-128.0,-4.0,124.0,66.0
sel873,11,neurokit_dwt_ch1,250.0,153292,153303,153313,153293,153258,153315,1,,-136.0,8.0,144.0,72.0
sel873,12,neurokit_dwt_ch1,250.0,153564,153579,153590,153569,153533,153591,1,,-124.0,4.0,128.0,64.0
sel873,13,neurokit_dwt_ch1,250.0,153835,153851,153863,153841,153826,153863,1,,-36.0,0.0,36.0,18.0
sel873,14,neurokit_dwt_ch1,250.0,154102,154117,154127,154106,154070,154129,1,,-128.0,8.0,136.0,68.0
sel873,15,neurokit_dwt_ch1,250.0,154377,154391,154404,154381,154345,154403,1,,-128.0,-4.0,124.0,66.0
sel873,16,neurokit_dwt_ch1,250.0,154647,154663,154672,154653,154617,154675,1,,-120.0,12.0,132.0,66.0
sel873,17,neurokit_dwt_ch1,250.0,154920,154933,154944,154924,154888,154946,1,,-128.0,8.0,136.0,68.0
sel873,18,neurokit_dwt_ch1,250.0,155186,155200,155212,155190,155154,155212,1,,-128.0,0.0,128.0,64.0
sel873,19,neurokit_dwt_ch1,250.0,155453,155468,155480,155459,155424,155481,1,,-116.0,4.0,120.0,60.0
sel873,20,neurokit_dwt_ch1,250.0,155719,155736,155743,155726,155691,155748,1,,-112.0,20.0,132.0,66.0
sel873,21,neurokit_dwt_ch1,250.0,155987,156000,156011,155990,155954,156012,1,,-132.0,4.0,136.0,68.0
sel873,22,neurokit_dwt_ch1,250.0,156252,156265,156278,156256,156220,156277,1,,-128.0,-4.0,124.0,66.0
sel873,23,neurokit_dwt_ch1,250.0,156519,156532,156541,156522,156487,156544,1,,-128.0,12.0,140.0,70.0
sel873,24,neurokit_dwt_ch1,250.0,156790,156803,156814,156794,156758,156815,1,,-128.0,4.0,132.0,66.0
sel873,25,neurokit_dwt_ch1,250.0,157059,157072,157082,157063,157028,157085,1,,-124.0,12.0,136.0,68.0
sel873,26,neurokit_dwt_ch1,250.0,157324,157339,157351,157329,157294,157351,1,,-120.0,0.0,120.0,60.0
sel873,27,neurokit_dwt_ch1,250.0,158378,158394,158404,158384,158348,158406,1,,-120.0,8.0,128.0,64.0
sel873,28,neurokit_dwt_ch1,250.0,158652,158668,158679,158658,158624,158680,1,,-112.0,4.0,116.0,58.0
sel873,29,neurokit_dwt_ch1,250.0,158930,158943,158956,158934,158899,158955,1,,-124.0,-4.0,120.0,64.0
sel873,30,neurokit_dwt_ch1,250.0,214128,214147,214163,214138,214105,214159,1,,-92.0,-16.0,76.0,54.0
sel873,31,neurokit_dwt_ch1,250.0,214966,214985,214995,214974,214941,214994,1,,-100.0,-4.0,96.0,52.0
sel873,32,neurokit_dwt_ch1,250.0,220273,220296,220303,,,,0,unmatched_r_peak,,,,160.0
sel883,0,neurokit_dwt_ch0,250.0,150453,150468,150479,,,,0,missing_dwt_boundary,,,,160.0
sel883,1,neurokit_dwt_ch0,250.0,150709,150724,150735,,,,0,missing_dwt_boundary,,,,160.0
sel883,2,neurokit_dwt_ch0,250.0,150961,150980,150992,,,,0,missing_dwt_boundary,,,,160.0
sel883,3,neurokit_dwt_ch0,250.0,151221,151234,151243,,,,0,missing_dwt_boundary,,,,160.0
sel883,4,neurokit_dwt_ch0,250.0,151477,151492,151503,,,,0,missing_dwt_boundary,,,,160.0
sel883,5,neurokit_dwt_ch0,250.0,151727,151740,151754,,,,0,missing_dwt_boundary,,,,160.0
sel883,6,neurokit_dwt_ch0,250.0,151981,151996,152004,,,,0,missing_dwt_boundary,,,,160.0
sel883,7,neurokit_dwt_ch0,250.0,152234,152249,152260,,,,0,missing_dwt_boundary,,,,160.0
sel883,8,neurokit_dwt_ch0,250.0,152488,152502,152512,,,,0,missing_dwt_boundary,,,,160.0
sel883,9,neurokit_dwt_ch0,250.0,152747,152759,152769,,,,0,missing_dwt_boundary,,,,160.0
sel883,10,neurokit_dwt_ch0,250.0,152998,153011,153022,,,,0,missing_dwt_boundary,,,,160.0
sel883,11,neurokit_dwt_ch0,250.0,153252,153267,153278,,,,0,missing_dwt_boundary,,,,160.0
sel883,12,neurokit_dwt_ch0,250.0,153510,153527,153535,,,,0,missing_dwt_boundary,,,,160.0
sel883,13,neurokit_dwt_ch0,250.0,153775,153789,153799,,,,0,missing_dwt_boundary,,,,160.0
sel883,14,neurokit_dwt_ch0,250.0,154038,154050,154060,,,,0,missing_dwt_boundary,,,,160.0
sel883,15,neurokit_dwt_ch0,250.0,154293,154307,154321,,,,0,missing_dwt_boundary,,,,160.0
sel883,16,neurokit_dwt_ch0,250.0,154551,154566,154579,,,,0,missing_dwt_boundary,,,,160.0
sel883,17,neurokit_dwt_ch0,250.0,154807,154820,154832,,,,0,missing_dwt_boundary,,,,160.0
sel883,18,neurokit_dwt_ch0,250.0,155068,155082,155092,,,,0,missing_dwt_boundary,,,,160.0
sel883,19,neurokit_dwt_ch0,250.0,155324,155341,155353,,,,0,missing_dwt_boundary,,,,160.0
sel883,20,neurokit_dwt_ch0,250.0,155578,155595,155607,,,,0,missing_dwt_boundary,,,,160.0
sel883,21,neurokit_dwt_ch0,250.0,155836,155851,155861,,,,0,missing_dwt_boundary,,,,160.0
sel883,22,neurokit_dwt_ch0,250.0,156088,156101,156114,,,,0,missing_dwt_boundary,,,,160.0
sel883,23,neurokit_dwt_ch0,250.0,156345,156360,156370,,,,0,missing_dwt_boundary,,,,160.0
sel883,24,neurokit_dwt_ch0,250.0,156600,156616,156628,,,,0,missing_dwt_boundary,,,,160.0
sel883,25,neurokit_dwt_ch0,250.0,156854,156869,156881,,,,0,missing_dwt_boundary,,,,160.0
sel883,26,neurokit_dwt_ch0,250.0,157107,157123,157133,,,,0,missing_dwt_boundary,,,,160.0
sel883,27,neurokit_dwt_ch0,250.0,157354,157371,157382,,,,0,missing_dwt_boundary,,,,160.0
sel883,28,neurokit_dwt_ch0,250.0,157613,157627,157637,,,,0,missing_dwt_boundary,,,,160.0
sel883,29,neurokit_dwt_ch0,250.0,157869,157883,157896,,,,0,missing_dwt_boundary,,,,160.0
sel883,0,neurokit_dwt_ch1,250.0,150453,150468,150479,,,,0,unmatched_r_peak,,,,160.0
sel883,1,neurokit_dwt_ch1,250.0,150709,150724,150735,,,,0,unmatched_r_peak,,,,160.0
sel883,2,neurokit_dwt_ch1,250.0,150961,150980,150992,,,,0,unmatched_r_peak,,,,160.0
sel883,3,neurokit_dwt_ch1,250.0,151221,151234,151243,,,,0,unmatched_r_peak,,,,160.0
sel883,4,neurokit_dwt_ch1,250.0,151477,151492,151503,,,,0,unmatched_r_peak,,,,160.0
sel883,5,neurokit_dwt_ch1,250.0,151727,151740,151754,,,,0,unmatched_r_peak,,,,160.0
sel883,6,neurokit_dwt_ch1,250.0,151981,151996,152004,,,,0,unmatched_r_peak,,,,160.0
sel883,7,neurokit_dwt_ch1,250.0,152234,152249,152260,,,,0,unmatched_r_peak,,,,160.0
sel883,8,neurokit_dwt_ch1,250.0,152488,152502,152512,,,,0,unmatched_r_peak,,,,160.0
sel883,9,neurokit_dwt_ch1,250.0,152747,152759,152769,,,,0,unmatched_r_peak,,,,160.0
sel883,10,neurokit_dwt_ch1,250.0,152998,153011,153022,,,,0,unmatched_r_peak,,,,160.0
sel883,11,neurokit_dwt_ch1,250.0,153252,153267,153278,,,,0,unmatched_r_peak,,,,160.0
sel883,12,neurokit_dwt_ch1,250.0,153510,153527,153535,,,,0,unmatched_r_peak,,,,160.0
sel883,13,neurokit_dwt_ch1,250.0,153775,153789,153799,,,,0,unmatched_r_peak,,,,160.0
sel883,14,neurokit_dwt_ch1,250.0,154038,154050,154060,,,,0,unmatched_r_peak,,,,160.0
sel883,15,neurokit_dwt_ch1,250.0,154293,154307,154321,,,,0,unmatched_r_peak,,,,160.0
sel883,16,neurokit_dwt_ch1,250.0,154551,154566,154579,,,,0,unmatched_r_peak,,,,160.0
sel883,17,neurokit_dwt_ch1,250.0,154807,154820,154832,,,,0,unmatched_r_peak,,,,160.0
sel883,18,neurokit_dwt_ch1,250.0,155068,155082,155092,,,,0,unmatched_r_peak,,,,160.0
sel883,19,neurokit_dwt_ch1,250.0,155324,155341,155353,,,,0,unmatched_r_peak,,,,160.0
sel883,20,neurokit_dwt_ch1,250.0,155578,155595,155607,,,,0,unmatched_r_peak,,,,160.0
sel883,21,neurokit_dwt_ch1,250.0,155836,155851,155861,,,,0,unmatched_r_peak,,,,160.0
sel883,22,neurokit_dwt_ch1,250.0,156088,156101,156114,,,,0,unmatched_r_peak,,,,160.0
sel883,23,neurokit_dwt_ch1,250.0,156345,156360,156370,,,,0,unmatched_r_peak,,,,160.0
sel883,24,neurokit_dwt_ch1,250.0,156600,156616,156628,,,,0,unmatched_r_peak,,,,160.0
sel883,25,neurokit_dwt_ch1,250.0,156854,156869,156881,,,,0,unmatched_r_peak,,,,160.0
sel883,26,neurokit_dwt_ch1,250.0,157107,157123,157133,,,,0,unmatched_r_peak,,,,160.0
sel883,27,neurokit_dwt_ch1,250.0,157354,157371,157382,,,,0,unmatched_r_peak,,,,160.0
sel883,28,neurokit_dwt_ch1,250.0,157613,157627,157637,,,,0,unmatched_r_peak,,,,160.0
sel883,29,neurokit_dwt_ch1,250.0,157869,157883,157896,,,,0,unmatched_r_peak,,,,160.0
sel891,0,neurokit_dwt_ch0,250.0,150219,150235,150254,150230,150207,150254,1,,-48.0,0.0,48.0,24.0
sel891,1,neurokit_dwt_ch0,250.0,150353,150368,150389,150363,150305,150389,1,,-192.0,0.0,192.0,96.0
sel891,2,neurokit_dwt_ch0,250.0,150588,150603,150629,150598,150537,150624,1,,-204.0,-20.0,184.0,112.0
sel891,3,neurokit_dwt_ch0,250.0,150770,150785,150807,150780,150758,150805,1,,-48.0,-8.0,40.0,28.0
sel891,4,neurokit_dwt_ch0,250.0,150953,150966,150988,150961,150934,150985,1,,-76.0,-12.0,64.0,44.0
sel891,5,neurokit_dwt_ch0,250.0,151136,151152,151174,151147,151126,151174,1,,-40.0,0.0,40.0,20.0
sel891,6,neurokit_dwt_ch0,250.0,151320,151334,151357,151330,151287,151354,1,,-132.0,-12.0,120.0,72.0
sel891,7,neurokit_dwt_ch0,250.0,151498,151513,151532,151508,151445,151532,1,,-212.0,0.0,212.0,106.0
sel891,8,neurokit_dwt_ch0,250.0,151677,151698,151719,151693,151668,151718,1,,-36.0,-4.0,32.0,20.0
sel891,9,neurokit_dwt_ch0,250.0,151867,151883,151904,151879,151848,151904,1,,-76.0,0.0,76.0,38.0
sel891,10,neurokit_dwt_ch0,250.0,152047,152062,152081,152057,152013,152081,1,,-136.0,0.0,136.0,68.0
sel891,11,neurokit_dwt_ch0,250.0,152180,152196,152214,152191,152131,152217,1,,-196.0,12.0,208.0,104.0
sel891,12,neurokit_dwt_ch0,250.0,152424,152437,152457,152433,152370,152458,1,,-216.0,4.0,220.0,110.0
sel891,13,neurokit_dwt_ch0,250.0,152603,152620,152642,152615,152550,152640,1,,-212.0,-8.0,204.0,110.0
sel891,14,neurokit_dwt_ch0,250.0,152788,152807,152829,152803,152773,152827,1,,-60.0,-8.0,52.0,34.0
sel891,15,neurokit_dwt_ch0,250.0,153523,153534,153557,153529,153465,153555,1,,-232.0,-8.0,224.0,120.0
sel891,16,neurokit_dwt_ch0,250.0,153656,153671,153694,153666,153607,153692,1,,-196.0,-8.0,188.0,102.0
sel891,17,neurokit_dwt_ch0,250.0,153874,153891,153911,153886,153860,153910,1,,-56.0,-4.0,52.0,30.0
sel891,18,neurokit_dwt_ch0,250.0,154055,154071,154093,154066,154037,154091,1,,-72.0,-8.0,64.0,40.0
sel891,19,neurokit_dwt_ch0,250.0,154238,154254,154275,154249,154185,154274,1,,-212.0,-4.0,208.0,108.0
sel891,20,neurokit_dwt_ch0,250.0,154417,154431,154452,154426,154398,154450,1,,-76.0,-8.0,68.0,42.0
sel891,21,neurokit_dwt_ch0,250.0,155504,155517,155541,155512,155448,155538,1,,-224.0,-12.0,212.0,118.0
sel891,22,neurokit_dwt_ch0,250.0,155679,155696,155717,155691,155664,155716,1,,-60.0,-4.0,56.0,32.0
sel891,23,neurokit_dwt_ch0,250.0,155862,155874,155894,155869,155844,155894,1,,-72.0,0.0,72.0,36.0
sel891,24,neurokit_dwt_ch0,250.0,156039,156054,156075,156049,156022,156074,1,,-68.0,-4.0,64.0,36.0
sel891,25,neurokit_dwt_ch0,250.0,156172,156187,156210,156182,156123,156208,1,,-196.0,-8.0,188.0,102.0
sel891,26,neurokit_dwt_ch0,250.0,156404,156418,156441,156414,156387,156438,1,,-68.0,-12.0,56.0,40.0
sel891,27,neurokit_dwt_ch0,250.0,156584,156600,156618,156595,156553,156618,1,,-124.0,0.0,124.0,62.0
sel891,28,neurokit_dwt_ch0,250.0,156764,156781,156803,156776,156751,156800,1,,-52.0,-12.0,40.0,32.0
sel891,29,neurokit_dwt_ch0,250.0,156902,156916,156937,156911,156884,156937,1,,-72.0,0.0,72.0,36.0
sel891,30,neurokit_dwt_ch0,250.0,157128,157143,157163,157139,157076,157163,1,,-208.0,0.0,208.0,104.0
sel891,31,neurokit_dwt_ch0,250.0,157308,157323,157345,157318,157291,157343,1,,-68.0,-8.0,60.0,38.0
sel891,32,neurokit_dwt_ch0,250.0,157492,157504,157523,157500,157471,157525,1,,-84.0,8.0,92.0,46.0
sel891,33,neurokit_dwt_ch0,250.0,157665,157681,157701,157676,157650,157700,1,,-60.0,-4.0,56.0,32.0
sel891,34,neurokit_dwt_ch0,250.0,157847,157862,157882,157857,157837,157881,1,,-40.0,-4.0,36.0,22.0
sel891,35,neurokit_dwt_ch0,250.0,157983,158000,158018,157994,157933,158021,1,,-200.0,12.0,212.0,106.0
sel891,36,neurokit_dwt_ch0,250.0,158205,158219,158241,158214,158151,158239,1,,-216.0,-8.0,208.0,112.0
sel891,37,neurokit_dwt_ch0,250.0,158387,158401,158422,158396,158354,158421,1,,-132.0,-4.0,128.0,68.0
sel891,38,neurokit_dwt_ch0,250.0,158568,158582,158600,158577,158555,158601,1,,-52.0,4.0,56.0,28.0
sel891,39,neurokit_dwt_ch0,250.0,158702,158718,158740,158713,158652,158738,1,,-200.0,-8.0,192.0,104.0
sel891,40,neurokit_dwt_ch0,250.0,158923,158938,158960,158934,158895,158960,1,,-112.0,0.0,112.0,56.0
sel891,41,neurokit_dwt_ch0,250.0,159104,159117,159139,159113,159072,159139,1,,-128.0,0.0,128.0,64.0
sel891,42,neurokit_dwt_ch0,250.0,160339,160354,160377,160350,160288,160375,1,,-204.0,-8.0,196.0,106.0
sel891,43,neurokit_dwt_ch0,250.0,160475,160490,160512,160485,160425,160511,1,,-200.0,-4.0,196.0,102.0
sel891,44,neurokit_dwt_ch0,250.0,160702,160719,160741,160714,160674,160739,1,,-112.0,-8.0,104.0,60.0
sel891,45,neurokit_dwt_ch0,250.0,161068,161083,161104,161078,161037,161103,1,,-124.0,-4.0,120.0,64.0
sel891,46,neurokit_dwt_ch0,250.0,161429,161446,161467,161440,161405,161466,1,,-96.0,-4.0,92.0,50.0
sel891,47,neurokit_dwt_ch0,250.0,161610,161626,161649,161621,161580,161646,1,,-120.0,-12.0,108.0,66.0
sel891,48,neurokit_dwt_ch0,250.0,161965,161981,162005,161977,161943,162002,1,,-88.0,-12.0,76.0,50.0
sel891,49,neurokit_dwt_ch0,250.0,162284,162300,162321,162295,162233,162321,1,,-204.0,0.0,204.0,102.0
sel891,50,neurokit_dwt_ch0,250.0,162679,162700,162719,162695,162676,162720,1,,-12.0,4.0,16.0,8.0
sel891,51,neurokit_dwt_ch0,250.0,163039,163053,163065,163048,162985,163072,1,,-216.0,28.0,244.0,122.0
sel891,52,neurokit_dwt_ch0,250.0,163215,163233,163252,163228,163186,163253,1,,-116.0,4.0,120.0,60.0
sel891,53,neurokit_dwt_ch0,250.0,164104,164122,164141,164117,164091,164141,1,,-52.0,0.0,52.0,26.0
sel891,54,neurokit_dwt_ch0,250.0,164461,164479,164494,164473,164452,164498,1,,-36.0,16.0,52.0,26.0
sel891,55,neurokit_dwt_ch0,250.0,164810,164828,164844,164823,164780,164847,1,,-120.0,12.0,132.0,66.0
sel891,56,neurokit_dwt_ch0,250.0,164992,165006,165028,165000,164975,165023,1,,-68.0,-20.0,48.0,44.0
sel891,57,neurokit_dwt_ch0,250.0,165170,165185,165204,165180,165137,165205,1,,-132.0,4.0,136.0,68.0
sel891,58,neurokit_dwt_ch0,250.0,165518,165532,165550,,,,0,missing_dwt_boundary,,,,160.0
sel891,59,neurokit_dwt_ch0,250.0,166011,166021,166042,166016,165958,166041,1,,-212.0,-4.0,208.0,108.0
sel891,60,neurokit_dwt_ch0,250.0,166391,166407,166427,166402,166374,166428,1,,-68.0,4.0,72.0,36.0
sel891,61,neurokit_dwt_ch0,250.0,166531,166541,166563,166536,166479,166562,1,,-208.0,-4.0,204.0,106.0
sel891,62,neurokit_dwt_ch0,250.0,166908,166923,166944,166918,166898,166942,1,,-40.0,-8.0,32.0,24.0
sel891,63,neurokit_dwt_ch0,250.0,167080,167095,167117,167090,167048,167116,1,,-128.0,-4.0,124.0,66.0
sel891,64,neurokit_dwt_ch0,250.0,168572,168588,168611,168583,168522,168610,1,,-200.0,-4.0,196.0,102.0
sel891,65,neurokit_dwt_ch0,250.0,168946,168963,168983,168958,168930,168984,1,,-64.0,4.0,68.0,34.0
sel891,66,neurokit_dwt_ch0,250.0,169082,169097,169119,169092,169033,169118,1,,-196.0,-4.0,192.0,100.0
sel891,67,neurokit_dwt_ch0,250.0,169628,169642,169664,169637,169617,169662,1,,-44.0,-8.0,36.0,26.0
sel891,68,neurokit_dwt_ch0,250.0,170145,170158,170181,170153,170112,170178,1,,-132.0,-12.0,120.0,72.0
sel891,69,neurokit_dwt_ch0,250.0,170498,170515,170535,170510,170471,170535,1,,-108.0,0.0,108.0,54.0
sel891,70,neurokit_dwt_ch0,250.0,206520,206533,206546,,,,0,missing_dwt_boundary,,,,160.0
sel891,0,neurokit_dwt_ch1,250.0,150219,150235,150254,150231,150221,150243,1,,8.0,-44.0,-52.0,26.0
sel891,1,neurokit_dwt_ch1,250.0,150353,150368,150389,150365,150306,150378,1,,-188.0,-44.0,144.0,116.0
sel891,2,neurokit_dwt_ch1,250.0,150588,150603,150629,150600,150591,150611,1,,12.0,-72.0,-84.0,42.0
sel891,3,neurokit_dwt_ch1,250.0,150770,150785,150807,150781,150742,150794,1,,-112.0,-52.0,60.0,82.0
sel891,4,neurokit_dwt_ch1,250.0,150953,150966,150988,150963,150953,150975,1,,0.0,-52.0,-52.0,26.0
sel891,5,neurokit_dwt_ch1,250.0,151136,151152,151174,151149,151130,151161,1,,-24.0,-52.0,-28.0,38.0
sel891,6,neurokit_dwt_ch1,250.0,151320,151334,151357,151330,151299,151343,1,,-84.0,-56.0,28.0,70.0
sel891,7,neurokit_dwt_ch1,250.0,151498,151513,151532,151510,151500,151522,1,,8.0,-40.0,-48.0,24.0
sel891,8,neurokit_dwt_ch1,250.0,151677,151698,151719,151695,151670,151707,1,,-28.0,-48.0,-20.0,38.0
sel891,9,neurokit_dwt_ch1,250.0,151867,151883,151904,151879,151869,151891,1,,8.0,-52.0,-60.0,30.0
sel891,10,neurokit_dwt_ch1,250.0,152047,152062,152081,152058,152048,152070,1,,4.0,-44.0,-48.0,24.0
sel891,11,neurokit_dwt_ch1,250.0,152180,152196,152214,152193,152133,152205,1,,-188.0,-36.0,152.0,112.0
sel891,12,neurokit_dwt_ch1,250.0,152424,152437,152457,,,,0,missing_dwt_boundary,,,,160.0
sel891,13,neurokit_dwt_ch1,250.0,152603,152620,152642,152617,152606,152629,1,,12.0,-52.0,-64.0,32.0
sel891,14,neurokit_dwt_ch1,250.0,152788,152807,152829,152803,152793,152816,1,,20.0,-52.0,-72.0,36.0
sel891,15,neurokit_dwt_ch1,250.0,153523,153534,153557,153531,153521,153543,1,,-8.0,-56.0,-48.0,32.0
sel891,16,neurokit_dwt_ch1,250.0,153656,153671,153694,153668,153606,153681,1,,-200.0,-52.0,148.0,126.0
sel891,17,neurokit_dwt_ch1,250.0,153874,153891,153911,153887,153877,153899,1,,12.0,-48.0,-60.0,30.0
sel891,18,neurokit_dwt_ch1,250.0,154055,154071,154093,154068,154058,154080,1,,12.0,-52.0,-64.0,32.0
sel891,19,neurokit_dwt_ch1,250.0,154238,154254,154275,154250,154225,154263,1,,-52.0,-48.0,4.0,50.0
sel891,20,neurokit_dwt_ch1,250.0,154417,154431,154452,154427,154405,154439,1,,-48.0,-52.0,-4.0,50.0
sel891,21,neurokit_dwt_ch1,250.0,155504,155517,155541,155513,155475,155525,1,,-116.0,-64.0,52.0,90.0
sel891,22,neurokit_dwt_ch1,250.0,155679,155696,155717,155692,155666,155705,1,,-52.0,-48.0,4.0,50.0
sel891,23,neurokit_dwt_ch1,250.0,155862,155874,155894,155870,155828,155883,1,,-136.0,-44.0,92.0,90.0
sel891,24,neurokit_dwt_ch1,250.0,156039,156054,156075,156050,156031,156063,1,,-32.0,-48.0,-16.0,40.0
sel891,25,neurokit_dwt_ch1,250.0,156172,156187,156210,156183,156125,156197,1,,-188.0,-52.0,136.0,120.0
sel891,26,neurokit_dwt_ch1,250.0,156404,156418,156441,156415,156405,156427,1,,4.0,-56.0,-60.0,30.0
sel891,27,neurokit_dwt_ch1,250.0,156584,156600,156618,156596,156586,156609,1,,8.0,-36.0,-44.0,22.0
sel891,28,neurokit_dwt_ch1,250.0,156764,156781,156803,156778,156743,156790,1,,-84.0,-52.0,32.0,68.0
sel891,29,neurokit_dwt_ch1,250.0,156902,156916,156937,156912,156850,156925,1,,-208.0,-48.0,160.0,128.0
sel891,30,neurokit_dwt_ch1,250.0,157128,157143,157163,157139,157076,157152,1,,-208.0,-44.0,164.0,126.0
sel891,31,neurokit_dwt_ch1,250.0,157308,157323,157345,157320,157309,157333,1,,4.0,-48.0,-52.0,26.0
sel891,32,neurokit_dwt_ch1,250.0,157492,157504,157523,157501,157475,157513,1,,-68.0,-40.0,28.0,54.0
sel891,33,neurokit_dwt_ch1,250.0,157665,157681,157701,157678,157657,157691,1,,-32.0,-40.0,-8.0,36.0
sel891,34,neurokit_dwt_ch1,250.0,157847,157862,157882,157859,157850,157872,1,,12.0,-40.0,-52.0,26.0
sel891,35,neurokit_dwt_ch1,250.0,157983,158000,158018,157996,157934,158009,1,,-196.0,-36.0,160.0,116.0
sel891,36,neurokit_dwt_ch1,250.0,158205,158219,158241,,,,0,missing_dwt_boundary,,,,160.0
sel891,37,neurokit_dwt_ch1,250.0,158387,158401,158422,158397,158378,158409,1,,-36.0,-52.0,-16.0,44.0
sel891,38,neurokit_dwt_ch1,250.0,158568,158582,158600,158578,158514,158590,1,,-216.0,-40.0,176.0,128.0
sel891,39,neurokit_dwt_ch1,250.0,158702,158718,158740,158713,158653,158726,1,,-196.0,-56.0,140.0,126.0
sel891,40,neurokit_dwt_ch1,250.0,158923,158938,158960,158936,158926,158948,1,,12.0,-48.0,-60.0,30.0
sel891,41,neurokit_dwt_ch1,250.0,159104,159117,159139,159114,159072,159126,1,,-128.0,-52.0,76.0,90.0
sel891,42,neurokit_dwt_ch1,250.0,160339,160354,160377,160351,160341,160363,1,,8.0,-56.0,-64.0,32.0
sel891,43,neurokit_dwt_ch1,250.0,160475,160490,160512,160486,160426,160500,1,,-196.0,-48.0,148.0,122.0
sel891,44,neurokit_dwt_ch1,250.0,160702,160719,160741,160715,160705,160727,1,,12.0,-56.0,-68.0,34.0
sel891,45,neurokit_dwt_ch1,250.0,161068,161083,161104,161079,161040,161091,1,,-112.0,-52.0,60.0,82.0
sel891,46,neurokit_dwt_ch1,250.0,161429,161446,161467,161441,161432,161454,1,,12.0,-52.0,-64.0,32.0
sel891,47,neurokit_dwt_ch1,250.0,161610,161626,161649,161622,161610,161633,1,,0.0,-64.0,-64.0,32.0
sel891,48,neurokit_dwt_ch1,250.0,161965,161981,162005,161977,161968,161990,1,,12.0,-60.0,-72.0,36.0
sel891,49,neurokit_dwt_ch1,250.0,162284,162300,162321,162296,162233,162309,1,,-204.0,-48.0,156.0,126.0
sel891,50,neurokit_dwt_ch1,250.0,162679,162700,162719,162697,162687,162709,1,,32.0,-40.0,-72.0,36.0
sel891,51,neurokit_dwt_ch1,250.0,163039,163053,163065,163049,163040,163061,1,,4.0,-16.0,-20.0,10.0
sel891,52,neurokit_dwt_ch1,250.0,163215,163233,163252,163229,163220,163241,1,,20.0,-44.0,-64.0,32.0
sel891,53,neurokit_dwt_ch1,250.0,164104,164122,164141,164117,164053,164130,1,,-204.0,-44.0,160.0,124.0
sel891,54,neurokit_dwt_ch1,250.0,164461,164479,164494,164475,164466,164487,1,,20.0,-28.0,-48.0,24.0
sel891,55,neurokit_dwt_ch1,250.0,164810,164828,164844,164824,164786,164837,1,,-96.0,-28.0,68.0,62.0
sel891,56,neurokit_dwt_ch1,250.0,164992,165006,165028,165002,164991,165014,1,,-4.0,-56.0,-52.0,30.0
sel891,57,neurokit_dwt_ch1,250.0,165170,165185,165204,165181,165171,165192,1,,4.0,-48.0,-52.0,26.0
sel891,58,neurokit_dwt_ch1,250.0,165518,165532,165550,165528,165518,165540,1,,0.0,-40.0,-40.0,20.0
sel891,59,neurokit_dwt_ch1,250.0,166011,166021,166042,166017,165958,166030,1,,-212.0,-48.0,164.0,130.0
sel891,60,neurokit_dwt_ch1,250.0,166391,166407,166427,166404,166393,166416,1,,8.0,-44.0,-52.0,26.0
sel891,61,neurokit_dwt_ch1,250.0,166531,166541,166563,166537,166479,166550,1,,-208.0,-52.0,156.0,130.0
sel891,62,neurokit_dwt_ch1,250.0,166908,166923,166944,166919,166911,166931,1,,12.0,-52.0,-64.0,32.0
sel891,63,neurokit_dwt_ch1,250.0,167080,167095,167117,167091,167080,167103,1,,0.0,-56.0,-56.0,28.0
sel891,64,neurokit_dwt_ch1,250.0,168572,168588,168611,168598,168585,168612,1,,52.0,4.0,-48.0,28.0
sel891,65,neurokit_dwt_ch1,250.0,168946,168963,168983,168959,168948,168972,1,,8.0,-44.0,-52.0,26.0
sel891,66,neurokit_dwt_ch1,250.0,169082,169097,169119,169093,169075,169106,1,,-28.0,-52.0,-24.0,40.0
sel891,67,neurokit_dwt_ch1,250.0,169628,169642,169664,169639,169625,169651,1,,-12.0,-52.0,-40.0,32.0
sel891,68,neurokit_dwt_ch1,250.0,170145,170158,170181,170155,170130,170167,1,,-60.0,-56.0,4.0,58.0
sel891,69,neurokit_dwt_ch1,250.0,170498,170515,170535,170511,170500,170523,1,,8.0,-48.0,-56.0,28.0
sel891,70,neurokit_dwt_ch1,250.0,206520,206533,206546,,,,0,unmatched_r_peak,,,,160.0
sele0104,0,neurokit_dwt_ch0,250.0,150335,150348,150358,150349,150335,150362,1,,0.0,16.0,16.0,8.0
sele0104,1,neurokit_dwt_ch0,250.0,150598,150612,150621,150614,150600,150626,1,,8.0,20.0,12.0,14.0
sele0104,2,neurokit_dwt_ch0,250.0,150866,150881,150888,150883,150869,150895,1,,12.0,28.0,16.0,20.0
sele0104,3,neurokit_dwt_ch0,250.0,151135,151148,151158,151150,151136,151163,1,,4.0,20.0,16.0,12.0
sele0104,4,neurokit_dwt_ch0,250.0,151393,151405,151414,151407,151393,151419,1,,0.0,20.0,20.0,10.0
sele0104,5,neurokit_dwt_ch0,250.0,151655,151670,151677,151671,151657,151683,1,,8.0,24.0,16.0,16.0
sele0104,6,neurokit_dwt_ch0,250.0,151923,151935,151942,151936,151923,151948,1,,0.0,24.0,24.0,12.0
sele0104,7,neurokit_dwt_ch0,250.0,152192,152205,152213,152206,152193,152219,1,,4.0,24.0,20.0,14.0
sele0104,8,neurokit_dwt_ch0,250.0,152457,152469,152478,152471,152457,152484,1,,0.0,24.0,24.0,12.0
sele0104,9,neurokit_dwt_ch0,250.0,152727,152739,152746,152740,152726,152752,1,,-4.0,24.0,28.0,14.0
sele0104,10,neurokit_dwt_ch0,250.0,152998,153011,153018,153012,152999,153025,1,,4.0,28.0,24.0,16.0
sele0104,11,neurokit_dwt_ch0,250.0,153266,153278,153286,153280,153266,153292,1,,0.0,24.0,24.0,12.0
sele0104,12,neurokit_dwt_ch0,250.0,153524,153535,153541,153537,153523,153549,1,,-4.0,32.0,36.0,18.0
sele0104,13,neurokit_dwt_ch0,250.0,153789,153802,153811,153804,153790,153815,1,,4.0,16.0,12.0,10.0
sele0104,14,neurokit_dwt_ch0,250.0,154058,154074,154080,,,,0,missing_dwt_boundary,,,,160.0
sele0104,15,neurokit_dwt_ch0,250.0,154330,154343,154353,154345,154332,154357,1,,8.0,16.0,8.0,12.0
sele0104,16,neurokit_dwt_ch0,250.0,154595,154607,154615,154608,154594,154621,1,,-4.0,24.0,28.0,14.0
sele0104,17,neurokit_dwt_ch0,250.0,154871,154884,154889,154885,154872,154897,1,,4.0,32.0,28.0,18.0
sele0104,18,neurokit_dwt_ch0,250.0,155147,155160,155166,155162,155148,155173,1,,4.0,28.0,24.0,16.0
sele0104,19,neurokit_dwt_ch0,250.0,155427,155441,155449,155443,155429,155455,1,,8.0,24.0,16.0,16.0
sele0104,20,neurokit_dwt_ch0,250.0,155701,155712,155723,155714,155701,155727,1,,0.0,16.0,16.0,8.0
sele0104,21,neurokit_dwt_ch0,250.0,155969,155983,155993,155984,155970,155996,1,,4.0,12.0,8.0,8.0
sele0104,22,neurokit_dwt_ch0,250.0,156243,156258,156266,,,,0,missing_dwt_boundary,,,,160.0
sele0104,23,neurokit_dwt_ch0,250.0,156514,156526,156534,,,,0,missing_dwt_boundary,,,,160.0
sele0104,24,neurokit_dwt_ch0,250.0,156773,156785,156795,156788,156774,156800,1,,4.0,20.0,16.0,12.0
sele0104,25,neurokit_dwt_ch0,250.0,157042,157055,157061,157056,157042,157067,1,,0.0,24.0,24.0,12.0
sele0104,26,neurokit_dwt_ch0,250.0,157313,157327,157336,157328,157315,157340,1,,8.0,16.0,8.0,12.0
sele0104,27,neurokit_dwt_ch0,250.0,157582,157596,157603,157598,157585,157610,1,,12.0,28.0,16.0,20.0
sele0104,28,neurokit_dwt_ch0,250.0,157844,157858,157866,,,,0,missing_dwt_boundary,,,,160.0
sele0104,29,neurokit_dwt_ch0,250.0,158116,158131,158137,158132,158118,158143,1,,8.0,24.0,16.0,16.0
sele0104,0,neurokit_dwt_ch1,250.0,150335,150348,150358,150345,150311,150359,1,,-96.0,4.0,100.0,50.0
sele0104,1,neurokit_dwt_ch1,250.0,150598,150612,150621,150610,150575,150625,1,,-92.0,16.0,108.0,54.0
sele0104,2,neurokit_dwt_ch1,250.0,150866,150881,150888,150879,150845,150894,1,,-84.0,24.0,108.0,54.0
sele0104,3,neurokit_dwt_ch1,250.0,151135,151148,151158,151146,151112,151161,1,,-92.0,12.0,104.0,52.0
sele0104,4,neurokit_dwt_ch1,250.0,151393,151405,151414,151402,151369,151417,1,,-96.0,12.0,108.0,54.0
sele0104,5,neurokit_dwt_ch1,250.0,151655,151670,151677,151667,151633,151682,1,,-88.0,20.0,108.0,54.0
sele0104,6,neurokit_dwt_ch1,250.0,151923,151935,151942,151932,151898,151947,1,,-100.0,20.0,120.0,60.0
sele0104,7,neurokit_dwt_ch1,250.0,152192,152205,152213,152202,152169,152217,1,,-92.0,16.0,108.0,54.0
sele0104,8,neurokit_dwt_ch1,250.0,152457,152469,152478,152467,152433,152481,1,,-96.0,12.0,108.0,54.0
sele0104,9,neurokit_dwt_ch1,250.0,152727,152739,152746,152736,152702,152751,1,,-100.0,20.0,120.0,60.0
sele0104,10,neurokit_dwt_ch1,250.0,152998,153011,153018,153008,152975,153023,1,,-92.0,20.0,112.0,56.0
sele0104,11,neurokit_dwt_ch1,250.0,153266,153278,153286,153275,153242,153290,1,,-96.0,16.0,112.0,56.0
sele0104,12,neurokit_dwt_ch1,250.0,153524,153535,153541,153532,153499,153547,1,,-100.0,24.0,124.0,62.0
sele0104,13,neurokit_dwt_ch1,250.0,153789,153802,153811,153800,153767,153814,1,,-88.0,12.0,100.0,50.0
sele0104,14,neurokit_dwt_ch1,250.0,154058,154074,154080,154071,154037,154086,1,,-84.0,24.0,108.0,54.0
sele0104,15,neurokit_dwt_ch1,250.0,154330,154343,154353,154341,154307,154356,1,,-92.0,12.0,104.0,52.0
sele0104,16,neurokit_dwt_ch1,250.0,154595,154607,154615,154604,154570,154618,1,,-100.0,12.0,112.0,56.0
sele0104,17,neurokit_dwt_ch1,250.0,154871,154884,154889,154881,154848,154896,1,,-92.0,28.0,120.0,60.0
sele0104,18,neurokit_dwt_ch1,250.0,155147,155160,155166,155158,155144,155173,1,,-12.0,28.0,40.0,20.0
sele0104,19,neurokit_dwt_ch1,250.0,155427,155441,155449,155439,155404,155453,1,,-92.0,16.0,108.0,54.0
sele0104,20,neurokit_dwt_ch1,250.0,155701,155712,155723,155710,155676,155725,1,,-100.0,8.0,108.0,54.0
sele0104,21,neurokit_dwt_ch1,250.0,155969,155983,155993,155980,155945,155994,1,,-96.0,4.0,100.0,50.0
sele0104,22,neurokit_dwt_ch1,250.0,156243,156258,156266,156255,156221,156270,1,,-88.0,16.0,104.0,52.0
sele0104,23,neurokit_dwt_ch1,250.0,156514,156526,156534,156524,156489,156538,1,,-100.0,16.0,116.0,58.0
sele0104,24,neurokit_dwt_ch1,250.0,156773,156785,156795,156783,156750,156798,1,,-92.0,12.0,104.0,52.0
sele0104,25,neurokit_dwt_ch1,250.0,157042,157055,157061,157052,157018,157066,1,,-96.0,20.0,116.0,58.0
sele0104,26,neurokit_dwt_ch1,250.0,157313,157327,157336,157324,157291,157339,1,,-88.0,12.0,100.0,50.0
sele0104,27,neurokit_dwt_ch1,250.0,157582,157596,157603,157594,157560,157609,1,,-88.0,24.0,112.0,56.0
sele0104,28,neurokit_dwt_ch1,250.0,157844,157858,157866,157855,157822,157870,1,,-88.0,16.0,104.0,52.0
sele0104,29,neurokit_dwt_ch1,250.0,158116,158131,158137,158128,158094,158142,1,,-88.0,20.0,108.0,54.0
sele0110,0,neurokit_dwt_ch0,250.0,150413,150429,150434,150421,150401,150437,1,,-48.0,12.0,60.0,30.0
sele0110,1,neurokit_dwt_ch0,250.0,150651,150666,150673,150659,150639,150674,1,,-48.0,4.0,52.0,26.0
sele0110,2,neurokit_dwt_ch0,250.0,150889,150907,150911,150898,150877,150913,1,,-48.0,8.0,56.0,28.0
sele0110,3,neurokit_dwt_ch0,250.0,151123,151142,151146,151134,151115,151149,1,,-32.0,12.0,44.0,22.0
sele0110,4,neurokit_dwt_ch0,250.0,151363,151380,151384,151372,151332,151387,1,,-124.0,12.0,136.0,68.0
sele0110,5,neurokit_dwt_ch0,250.0,151597,151613,151618,151604,151567,151620,1,,-120.0,8.0,128.0,64.0
sele0110,6,neurokit_dwt_ch0,250.0,151844,151859,151863,151851,151811,151867,1,,-132.0,16.0,148.0,74.0
sele0110,7,neurokit_dwt_ch0,250.0,152088,152105,152108,152096,152056,152112,1,,-128.0,16.0,144.0,72.0
sele0110,8,neurokit_dwt_ch0,250.0,152336,152352,152355,152343,152325,152359,1,,-44.0,16.0,60.0,30.0
sele0110,9,neurokit_dwt_ch0,250.0,152584,152600,152605,152592,152553,152607,1,,-124.0,8.0,132.0,66.0
sele0110,10,neurokit_dwt_ch0,250.0,152827,152845,152849,152835,152816,152851,1,,-44.0,8.0,52.0,26.0
sele0110,11,neurokit_dwt_ch0,250.0,153065,153081,153086,153072,153053,153088,1,,-48.0,8.0,56.0,28.0
sele0110,12,neurokit_dwt_ch0,250.0,153282,153299,153305,153290,153271,153306,1,,-44.0,4.0,48.0,24.0
sele0110,13,neurokit_dwt_ch0,250.0,153496,153511,153516,153503,153463,153518,1,,-132.0,8.0,140.0,70.0
sele0110,14,neurokit_dwt_ch0,250.0,153717,153736,153740,153727,153708,153743,1,,-36.0,12.0,48.0,24.0
sele0110,15,neurokit_dwt_ch0,250.0,153947,153965,153969,153957,153938,153973,1,,-36.0,16.0,52.0,26.0
sele0110,16,neurokit_dwt_ch0,250.0,154191,154209,154212,154200,154181,154215,1,,-40.0,12.0,52.0,26.0
sele0110,17,neurokit_dwt_ch0,250.0,154439,154454,154459,154446,154427,154461,1,,-48.0,8.0,56.0,28.0
sele0110,18,neurokit_dwt_ch0,250.0,154687,154702,154706,154693,154673,154708,1,,-56.0,8.0,64.0,32.0
sele0110,19,neurokit_dwt_ch0,250.0,154929,154946,154951,154937,154899,154953,1,,-120.0,8.0,128.0,64.0
sele0110,20,neurokit_dwt_ch0,250.0,155172,155189,155196,155181,155163,155196,1,,-36.0,0.0,36.0,18.0
sele0110,21,neurokit_dwt_ch0,250.0,155416,155433,155440,155424,155406,155440,1,,-40.0,0.0,40.0,20.0
sele0110,22,neurokit_dwt_ch0,250.0,155659,155674,155679,155666,155629,155681,1,,-120.0,8.0,128.0,64.0
sele0110,23,neurokit_dwt_ch0,250.0,155901,155917,155922,155908,155890,155924,1,,-44.0,8.0,52.0,26.0
sele0110,24,neurokit_dwt_ch0,250.0,156148,156165,156172,156157,156139,156173,1,,-36.0,4.0,40.0,20.0
sele0110,25,neurokit_dwt_ch0,250.0,156400,156416,156421,156406,156387,156422,1,,-52.0,4.0,56.0,28.0
sele0110,26,neurokit_dwt_ch0,250.0,156647,156662,156667,156654,156634,156670,1,,-52.0,12.0,64.0,32.0
sele0110,27,neurokit_dwt_ch0,250.0,156886,156903,156907,156893,156854,156909,1,,-128.0,8.0,136.0,68.0
sele0110,28,neurokit_dwt_ch0,250.0,157135,157151,157156,157143,157104,157159,1,,-124.0,12.0,136.0,68.0
sele0110,29,neurokit_dwt_ch0,250.0,157384,157401,157404,157392,157373,157407,1,,-44.0,12.0,56.0,28.0
sele0110,0,neurokit_dwt_ch1,250.0,150413,150429,150434,150419,150395,150436,1,,-72.0,8.0,80.0,40.0
sele0110,1,neurokit_dwt_ch1,250.0,150651,150666,150673,150656,150633,150673,1,,-72.0,0.0,72.0,36.0
sele0110,2,neurokit_dwt_ch1,250.0,150889,150907,150911,,,,0,unmatched_r_peak,,,,160.0
sele0110,3,neurokit_dwt_ch1,250.0,151123,151142,151146,151132,151110,151148,1,,-52.0,8.0,60.0,30.0
sele0110,4,neurokit_dwt_ch1,250.0,151363,151380,151384,151370,151347,151387,1,,-64.0,12.0,76.0,38.0
sele0110,5,neurokit_dwt_ch1,250.0,151597,151613,151618,151603,151579,151619,1,,-72.0,4.0,76.0,38.0
sele0110,6,neurokit_dwt_ch1,250.0,151844,151859,151863,151849,151826,151866,1,,-72.0,12.0,84.0,42.0
sele0110,7,neurokit_dwt_ch1,250.0,152088,152105,152108,152094,152070,152111,1,,-72.0,12.0,84.0,42.0
sele0110,8,neurokit_dwt_ch1,250.0,152336,152352,152355,152341,152319,152358,1,,-68.0,12.0,80.0,40.0
sele0110,9,neurokit_dwt_ch1,250.0,152584,152600,152605,152590,152567,152607,1,,-68.0,8.0,76.0,38.0
sele0110,10,neurokit_dwt_ch1,250.0,152827,152845,152849,,,,0,unmatched_r_peak,,,,160.0
sele0110,11,neurokit_dwt_ch1,250.0,153065,153081,153086,153070,153047,153087,1,,-72.0,4.0,76.0,38.0
sele0110,12,neurokit_dwt_ch1,250.0,153282,153299,153305,153288,153265,153305,1,,-68.0,0.0,68.0,34.0
sele0110,13,neurokit_dwt_ch1,250.0,153496,153511,153516,153501,153478,153518,1,,-72.0,8.0,80.0,40.0
sele0110,14,neurokit_dwt_ch1,250.0,153717,153736,153740,153725,153702,153742,1,,-60.0,8.0,68.0,34.0
sele0110,15,neurokit_dwt_ch1,250.0,153947,153965,153969,153955,153932,153972,1,,-60.0,12.0,72.0,36.0
sele0110,16,neurokit_dwt_ch1,250.0,154191,154209,154212,154198,154175,154215,1,,-64.0,12.0,76.0,38.0
sele0110,17,neurokit_dwt_ch1,250.0,154439,154454,154459,154444,154421,154461,1,,-72.0,8.0,80.0,40.0
sele0110,18,neurokit_dwt_ch1,250.0,154687,154702,154706,154691,154668,154708,1,,-76.0,8.0,84.0,42.0
sele0110,19,neurokit_dwt_ch1,250.0,154929,154946,154951,154936,154913,154952,1,,-64.0,4.0,68.0,34.0
sele0110,20,neurokit_dwt_ch1,250.0,155172,155189,155196,155179,155156,155196,1,,-64.0,0.0,64.0,32.0
sele0110,21,neurokit_dwt_ch1,250.0,155416,155433,155440,155422,155401,155439,1,,-60.0,-4.0,56.0,32.0
sele0110,22,neurokit_dwt_ch1,250.0,155659,155674,155679,155664,155641,155681,1,,-72.0,8.0,80.0,40.0
sele0110,23,neurokit_dwt_ch1,250.0,155901,155917,155922,155906,155884,155923,1,,-68.0,4.0,72.0,36.0
sele0110,24,neurokit_dwt_ch1,250.0,156148,156165,156172,156155,156131,156172,1,,-68.0,0.0,68.0,34.0
sele0110,25,neurokit_dwt_ch1,250.0,156400,156416,156421,,,,0,unmatched_r_peak,,,,160.0
sele0110,26,neurokit_dwt_ch1,250.0,156647,156662,156667,156652,156627,156669,1,,-80.0,8.0,88.0,44.0
sele0110,27,neurokit_dwt_ch1,250.0,156886,156903,156907,156892,156868,156908,1,,-72.0,4.0,76.0,38.0
sele0110,28,neurokit_dwt_ch1,250.0,157135,157151,157156,157141,157119,157158,1,,-64.0,8.0,72.0,36.0
sele0110,29,neurokit_dwt_ch1,250.0,157384,157401,157404,157390,157366,157407,1,,-72.0,12.0,84.0,42.0
sele0111,0,neurokit_dwt_ch0,250.0,150437,150450,150456,150450,150438,150467,1,,4.0,44.0,40.0,24.0
sele0111,1,neurokit_dwt_ch0,250.0,150686,150697,150705,150700,150686,150715,1,,0.0,40.0,40.0,20.0
sele0111,2,neurokit_dwt_ch0,250.0,150935,150943,150950,150946,150931,150961,1,,-16.0,44.0,60.0,30.0
sele0111,3,neurokit_dwt_ch0,250.0,151174,151186,151193,151187,151174,151205,1,,0.0,48.0,48.0,24.0
sele0111,4,neurokit_dwt_ch0,250.0,151423,151434,151440,151437,151423,151454,1,,0.0,56.0,56.0,28.0
sele0111,5,neurokit_dwt_ch0,250.0,151669,151682,151691,151685,151671,151701,1,,8.0,40.0,32.0,24.0
sele0111,6,neurokit_dwt_ch0,250.0,151917,151928,151938,151931,151917,151947,1,,0.0,36.0,36.0,18.0
sele0111,7,neurokit_dwt_ch0,250.0,152161,152174,152181,152176,152162,152191,1,,4.0,40.0,36.0,22.0
sele0111,8,neurokit_dwt_ch0,250.0,152403,152416,152424,152419,152405,152434,1,,8.0,40.0,32.0,24.0
sele0111,9,neurokit_dwt_ch0,250.0,152647,152658,152665,152661,152647,152678,1,,0.0,52.0,52.0,26.0
sele0111,10,neurokit_dwt_ch0,250.0,152891,152904,152910,152907,152893,152922,1,,8.0,48.0,40.0,28.0
sele0111,11,neurokit_dwt_ch0,250.0,153144,153157,153164,153160,153145,153176,1,,4.0,48.0,44.0,26.0
sele0111,12,neurokit_dwt_ch0,250.0,153397,153408,153416,153411,153396,153427,1,,-4.0,44.0,48.0,24.0
sele0111,13,neurokit_dwt_ch0,250.0,153646,153659,153668,153661,153648,153677,1,,8.0,36.0,28.0,22.0
sele0111,14,neurokit_dwt_ch0,250.0,153900,153912,153919,153915,153901,153929,1,,4.0,40.0,36.0,22.0
sele0111,15,neurokit_dwt_ch0,250.0,154150,154163,154172,154166,154152,154183,1,,8.0,44.0,36.0,26.0
sele0111,16,neurokit_dwt_ch0,250.0,154400,154413,154419,154415,154401,154430,1,,4.0,44.0,40.0,24.0
sele0111,17,neurokit_dwt_ch0,250.0,154655,154668,154676,154671,154657,154686,1,,8.0,40.0,32.0,24.0
sele0111,18,neurokit_dwt_ch0,250.0,154904,154919,154926,154921,154907,154937,1,,12.0,44.0,32.0,28.0
sele0111,19,neurokit_dwt_ch0,250.0,155160,155169,155178,155172,155158,155188,1,,-8.0,40.0,48.0,24.0
sele0111,20,neurokit_dwt_ch0,250.0,155402,155416,155427,155418,155404,155433,1,,8.0,24.0,16.0,16.0
sele0111,21,neurokit_dwt_ch0,250.0,155653,155664,155670,155667,155652,155682,1,,-4.0,48.0,52.0,26.0
sele0111,22,neurokit_dwt_ch0,250.0,155895,155908,155914,155911,155896,155926,1,,4.0,48.0,44.0,26.0
sele0111,23,neurokit_dwt_ch0,250.0,156141,156151,156160,156154,156140,156169,1,,-4.0,36.0,40.0,20.0
sele0111,24,neurokit_dwt_ch0,250.0,156384,156396,156403,156399,156385,156414,1,,4.0,44.0,40.0,24.0
sele0111,25,neurokit_dwt_ch0,250.0,156630,156642,156650,156645,156630,156662,1,,0.0,48.0,48.0,24.0
sele0111,26,neurokit_dwt_ch0,250.0,156872,156883,156891,156886,156872,156902,1,,0.0,44.0,44.0,22.0
sele0111,27,neurokit_dwt_ch0,250.0,157117,157128,157135,157131,157117,157146,1,,0.0,44.0,44.0,22.0
sele0111,28,neurokit_dwt_ch0,250.0,157363,157375,157383,157378,157364,157393,1,,4.0,40.0,36.0,22.0
sele0111,29,neurokit_dwt_ch0,250.0,157612,157627,157632,157627,157612,157642,1,,0.0,40.0,40.0,20.0
sele0111,0,neurokit_dwt_ch1,250.0,150437,150450,150456,150448,150411,150516,1,,-104.0,240.0,344.0,172.0
sele0111,1,neurokit_dwt_ch1,250.0,150686,150697,150705,150696,150658,150762,1,,-112.0,228.0,340.0,170.0
sele0111,2,neurokit_dwt_ch1,250.0,150935,150943,150950,150942,150904,150954,1,,-124.0,16.0,140.0,70.0
sele0111,3,neurokit_dwt_ch1,250.0,151174,151186,151193,151184,151147,151254,1,,-108.0,244.0,352.0,176.0
sele0111,4,neurokit_dwt_ch1,250.0,151423,151434,151440,151433,151395,151500,1,,-112.0,240.0,352.0,176.0
sele0111,5,neurokit_dwt_ch1,250.0,151669,151682,151691,151681,151643,151693,1,,-104.0,8.0,112.0,56.0
sele0111,6,neurokit_dwt_ch1,250.0,151917,151928,151938,151927,151889,151940,1,,-112.0,8.0,120.0,60.0
sele0111,7,neurokit_dwt_ch1,250.0,152161,152174,152181,152172,152134,152242,1,,-108.0,244.0,352.0,176.0
sele0111,8,neurokit_dwt_ch1,250.0,152403,152416,152424,152415,152378,152428,1,,-100.0,16.0,116.0,58.0
sele0111,9,neurokit_dwt_ch1,250.0,152647,152658,152665,,,,0,missing_dwt_boundary,,,,160.0
sele0111,10,neurokit_dwt_ch1,250.0,152891,152904,152910,152903,152865,152971,1,,-104.0,244.0,348.0,174.0
sele0111,11,neurokit_dwt_ch1,250.0,153144,153157,153164,153155,153117,153168,1,,-108.0,16.0,124.0,62.0
sele0111,12,neurokit_dwt_ch1,250.0,153397,153408,153416,153407,153368,153419,1,,-116.0,12.0,128.0,64.0
sele0111,13,neurokit_dwt_ch1,250.0,153646,153659,153668,153658,153619,153726,1,,-108.0,232.0,340.0,170.0
sele0111,14,neurokit_dwt_ch1,250.0,153900,153912,153919,153910,153872,153924,1,,-112.0,20.0,132.0,66.0
sele0111,15,neurokit_dwt_ch1,250.0,154150,154163,154172,154162,154123,154175,1,,-108.0,12.0,120.0,60.0
sele0111,16,neurokit_dwt_ch1,250.0,154400,154413,154419,154411,154374,154479,1,,-104.0,240.0,344.0,172.0
sele0111,17,neurokit_dwt_ch1,250.0,154655,154668,154676,154667,154628,154735,1,,-108.0,236.0,344.0,172.0
sele0111,18,neurokit_dwt_ch1,250.0,154904,154919,154926,154917,154880,154930,1,,-96.0,16.0,112.0,56.0
sele0111,19,neurokit_dwt_ch1,250.0,155160,155169,155178,155168,155131,155181,1,,-116.0,12.0,128.0,64.0
sele0111,20,neurokit_dwt_ch1,250.0,155402,155416,155427,155414,155377,155482,1,,-100.0,220.0,320.0,160.0
sele0111,21,neurokit_dwt_ch1,250.0,155653,155664,155670,,,,0,missing_dwt_boundary,,,,160.0
sele0111,22,neurokit_dwt_ch1,250.0,155895,155908,155914,155907,155869,155919,1,,-104.0,20.0,124.0,62.0
sele0111,23,neurokit_dwt_ch1,250.0,156141,156151,156160,156150,156112,156163,1,,-116.0,12.0,128.0,64.0
sele0111,24,neurokit_dwt_ch1,250.0,156384,156396,156403,156395,156357,156463,1,,-108.0,240.0,348.0,174.0
sele0111,25,neurokit_dwt_ch1,250.0,156630,156642,156650,156641,156602,156653,1,,-112.0,12.0,124.0,62.0
sele0111,26,neurokit_dwt_ch1,250.0,156872,156883,156891,156882,156844,156894,1,,-112.0,12.0,124.0,62.0
sele0111,27,neurokit_dwt_ch1,250.0,157117,157128,157135,157127,157089,157196,1,,-112.0,244.0,356.0,178.0
sele0111,28,neurokit_dwt_ch1,250.0,157363,157375,157383,157374,157335,157387,1,,-112.0,16.0,128.0,64.0
sele0111,29,neurokit_dwt_ch1,250.0,157612,157627,157632,157622,157584,157635,1,,-112.0,12.0,124.0,62.0
sele0112,0,neurokit_dwt_ch0,250.0,150481,150495,150504,,,,0,missing_dwt_boundary,,,,160.0
sele0112,1,neurokit_dwt_ch0,250.0,150824,150838,150850,,,,0,missing_dwt_boundary,,,,160.0
sele0112,2,neurokit_dwt_ch0,250.0,151163,151178,151189,,,,0,missing_dwt_boundary,,,,160.0
sele0112,3,neurokit_dwt_ch0,250.0,151506,151519,151528,,,,0,missing_dwt_boundary,,,,160.0
sele0112,4,neurokit_dwt_ch0,250.0,151849,151863,151871,,,,0,missing_dwt_boundary,,,,160.0
sele0112,5,neurokit_dwt_ch0,250.0,152192,152204,152213,,,,0,missing_dwt_boundary,,,,160.0
sele0112,6,neurokit_dwt_ch0,250.0,152526,152541,152549,,,,0,missing_dwt_boundary,,,,160.0
sele0112,7,neurokit_dwt_ch0,250.0,152861,152876,152886,,,,0,missing_dwt_boundary,,,,160.0
sele0112,8,neurokit_dwt_ch0,250.0,153198,153210,153219,,,,0,missing_dwt_boundary,,,,160.0
sele0112,9,neurokit_dwt_ch0,250.0,153534,153548,153555,,,,0,missing_dwt_boundary,,,,160.0
sele0112,10,neurokit_dwt_ch0,250.0,153869,153883,153897,,,,0,missing_dwt_boundary,,,,160.0
sele0112,11,neurokit_dwt_ch0,250.0,154207,154222,154230,,,,0,missing_dwt_boundary,,,,160.0
sele0112,12,neurokit_dwt_ch0,250.0,154549,154564,154574,,,,0,missing_dwt_boundary,,,,160.0
sele0112,13,neurokit_dwt_ch0,250.0,154889,154906,154915,,,,0,missing_dwt_boundary,,,,160.0
sele0112,14,neurokit_dwt_ch0,250.0,155231,155244,155254,,,,0,missing_dwt_boundary,,,,160.0
sele0112,15,neurokit_dwt_ch0,250.0,155574,155588,155594,,,,0,missing_dwt_boundary,,,,160.0
sele0112,16,neurokit_dwt_ch0,250.0,155913,155927,155935,,,,0,missing_dwt_boundary,,,,160.0
sele0112,17,neurokit_dwt_ch0,250.0,156248,156263,156273,,,,0,missing_dwt_boundary,,,,160.0
sele0112,18,neurokit_dwt_ch0,250.0,156588,156602,156611,,,,0,missing_dwt_boundary,,,,160.0
sele0112,19,neurokit_dwt_ch0,250.0,156923,156937,156943,,,,0,missing_dwt_boundary,,,,160.0
sele0112,20,neurokit_dwt_ch0,250.0,157255,157269,157279,,,,0,missing_dwt_boundary,,,,160.0
sele0112,21,neurokit_dwt_ch0,250.0,157595,157610,157617,,,,0,missing_dwt_boundary,,,,160.0
sele0112,22,neurokit_dwt_ch0,250.0,157934,157948,157956,,,,0,missing_dwt_boundary,,,,160.0
sele0112,23,neurokit_dwt_ch0,250.0,158272,158286,158294,,,,0,missing_dwt_boundary,,,,160.0
sele0112,24,neurokit_dwt_ch0,250.0,158615,158630,158639,,,,0,missing_dwt_boundary,,,,160.0
sele0112,25,neurokit_dwt_ch0,250.0,158957,158972,158980,,,,0,missing_dwt_boundary,,,,160.0
sele0112,26,neurokit_dwt_ch0,250.0,159297,159311,159320,,,,0,missing_dwt_boundary,,,,160.0
sele0112,27,neurokit_dwt_ch0,250.0,159636,159650,159659,,,,0,missing_dwt_boundary,,,,160.0
sele0112,28,neurokit_dwt_ch0,250.0,159974,159986,159995,,,,0,missing_dwt_boundary,,,,160.0
sele0112,29,neurokit_dwt_ch0,250.0,160312,160325,160333,,,,0,missing_dwt_boundary,,,,160.0
sele0112,30,neurokit_dwt_ch0,250.0,207890,207906,207919,,,,0,missing_dwt_boundary,,,,160.0
sele0112,31,neurokit_dwt_ch0,250.0,208177,208193,208204,208198,208177,208228,1,,0.0,96.0,96.0,48.0
sele0112,32,neurokit_dwt_ch0,250.0,208464,208481,208487,,,,0,missing_dwt_boundary,,,,160.0
sele0112,33,neurokit_dwt_ch0,250.0,208762,208777,208783,,,,0,missing_dwt_boundary,,,,160.0
sele0112,34,neurokit_dwt_ch0,250.0,209062,209077,209085,,,,0,missing_dwt_boundary,,,,160.0
sele0112,35,neurokit_dwt_ch0,250.0,209357,209374,209381,209379,209358,209408,1,,4.0,108.0,104.0,56.0
sele0112,36,neurokit_dwt_ch0,250.0,209662,209678,209689,,,,0,missing_dwt_boundary,,,,160.0
sele0112,37,neurokit_dwt_ch0,250.0,209958,209973,209982,,,,0,missing_dwt_boundary,,,,160.0
sele0112,38,neurokit_dwt_ch0,250.0,210251,210267,210274,210272,210250,210300,1,,-4.0,104.0,108.0,54.0
sele0112,39,neurokit_dwt_ch0,250.0,210547,210562,210578,,,,0,missing_dwt_boundary,,,,160.0
sele0112,40,neurokit_dwt_ch0,250.0,210836,210853,210860,,,,0,missing_dwt_boundary,,,,160.0
sele0112,41,neurokit_dwt_ch0,250.0,211125,211140,211146,211145,211123,211174,1,,-8.0,112.0,120.0,60.0
sele0112,42,neurokit_dwt_ch0,250.0,211419,211433,211442,,,,0,missing_dwt_boundary,,,,160.0
sele0112,43,neurokit_dwt_ch0,250.0,211707,211726,211735,,,,0,missing_dwt_boundary,,,,160.0
sele0112,44,neurokit_dwt_ch0,250.0,212009,212024,212031,212029,212008,212057,1,,-4.0,104.0,108.0,54.0
sele0112,45,neurokit_dwt_ch0,250.0,212305,212320,212327,212326,212304,212352,1,,-4.0,100.0,104.0,52.0
sele0112,46,neurokit_dwt_ch0,250.0,212688,212702,212709,,,,0,missing_dwt_boundary,,,,160.0
sele0112,47,neurokit_dwt_ch0,250.0,213037,213055,213060,213059,213037,213065,1,,0.0,20.0,20.0,10.0
sele0112,48,neurokit_dwt_ch0,250.0,213381,213396,213404,,,,0,missing_dwt_boundary,,,,160.0
sele0112,49,neurokit_dwt_ch0,250.0,213718,213731,213741,,,,0,missing_dwt_boundary,,,,160.0
sele0112,0,neurokit_dwt_ch1,250.0,150481,150495,150504,,,,0,missing_dwt_boundary,,,,160.0
sele0112,1,neurokit_dwt_ch1,250.0,150824,150838,150850,150835,150808,150854,1,,-64.0,16.0,80.0,40.0
sele0112,2,neurokit_dwt_ch1,250.0,151163,151178,151189,,,,0,missing_dwt_boundary,,,,160.0
sele0112,3,neurokit_dwt_ch1,250.0,151506,151519,151528,,,,0,missing_dwt_boundary,,,,160.0
sele0112,4,neurokit_dwt_ch1,250.0,151849,151863,151871,,,,0,missing_dwt_boundary,,,,160.0
sele0112,5,neurokit_dwt_ch1,250.0,152192,152204,152213,,,,0,missing_dwt_boundary,,,,160.0
sele0112,6,neurokit_dwt_ch1,250.0,152526,152541,152549,,,,0,missing_dwt_boundary,,,,160.0
sele0112,7,neurokit_dwt_ch1,250.0,152861,152876,152886,,,,0,missing_dwt_boundary,,,,160.0
sele0112,8,neurokit_dwt_ch1,250.0,153198,153210,153219,153209,153182,153227,1,,-64.0,32.0,96.0,48.0
sele0112,9,neurokit_dwt_ch1,250.0,153534,153548,153555,,,,0,missing_dwt_boundary,,,,160.0
sele0112,10,neurokit_dwt_ch1,250.0,153869,153883,153897,153881,153848,153900,1,,-84.0,12.0,96.0,48.0
sele0112,11,neurokit_dwt_ch1,250.0,154207,154222,154230,154221,154206,154239,1,,-4.0,36.0,40.0,20.0
sele0112,12,neurokit_dwt_ch1,250.0,154549,154564,154574,,,,0,missing_dwt_boundary,,,,160.0
sele0112,13,neurokit_dwt_ch1,250.0,154889,154906,154915,,,,0,missing_dwt_boundary,,,,160.0
sele0112,14,neurokit_dwt_ch1,250.0,155231,155244,155254,155243,155228,155261,1,,-12.0,28.0,40.0,20.0
sele0112,15,neurokit_dwt_ch1,250.0,155574,155588,155594,,,,0,missing_dwt_boundary,,,,160.0
sele0112,16,neurokit_dwt_ch1,250.0,155913,155927,155935,,,,0,missing_dwt_boundary,,,,160.0
sele0112,17,neurokit_dwt_ch1,250.0,156248,156263,156273,156262,156248,156280,1,,0.0,28.0,28.0,14.0
sele0112,18,neurokit_dwt_ch1,250.0,156588,156602,156611,156601,156573,156619,1,,-60.0,32.0,92.0,46.0
sele0112,19,neurokit_dwt_ch1,250.0,156923,156937,156943,156934,156906,156953,1,,-68.0,40.0,108.0,54.0
sele0112,20,neurokit_dwt_ch1,250.0,157255,157269,157279,157268,157240,157287,1,,-60.0,32.0,92.0,46.0
sele0112,21,neurokit_dwt_ch1,250.0,157595,157610,157617,157608,157593,157626,1,,-8.0,36.0,44.0,22.0
sele0112,22,neurokit_dwt_ch1,250.0,157934,157948,157956,,,,0,missing_dwt_boundary,,,,160.0
sele0112,23,neurokit_dwt_ch1,250.0,158272,158286,158294,158285,158270,158303,1,,-8.0,36.0,44.0,22.0
sele0112,24,neurokit_dwt_ch1,250.0,158615,158630,158639,158629,158615,158648,1,,0.0,36.0,36.0,18.0
sele0112,25,neurokit_dwt_ch1,250.0,158957,158972,158980,158970,158942,158988,1,,-60.0,32.0,92.0,46.0
sele0112,26,neurokit_dwt_ch1,250.0,159297,159311,159320,,,,0,missing_dwt_boundary,,,,160.0
sele0112,27,neurokit_dwt_ch1,250.0,159636,159650,159659,,,,0,missing_dwt_boundary,,,,160.0
sele0112,28,neurokit_dwt_ch1,250.0,159974,159986,159995,,,,0,missing_dwt_boundary,,,,160.0
sele0112,29,neurokit_dwt_ch1,250.0,160312,160325,160333,,,,0,missing_dwt_boundary,,,,160.0
sele0112,30,neurokit_dwt_ch1,250.0,207890,207906,207919,207904,207868,207920,1,,-88.0,4.0,92.0,46.0
sele0112,31,neurokit_dwt_ch1,250.0,208177,208193,208204,208190,208155,208208,1,,-88.0,16.0,104.0,52.0
sele0112,32,neurokit_dwt_ch1,250.0,208464,208481,208487,208478,208461,208495,1,,-12.0,32.0,44.0,22.0
sele0112,33,neurokit_dwt_ch1,250.0,208762,208777,208783,208775,208758,208791,1,,-16.0,32.0,48.0,24.0
sele0112,34,neurokit_dwt_ch1,250.0,209062,209077,209085,209074,209059,209091,1,,-12.0,24.0,36.0,18.0
sele0112,35,neurokit_dwt_ch1,250.0,209357,209374,209381,209371,209334,209388,1,,-92.0,28.0,120.0,60.0
sele0112,36,neurokit_dwt_ch1,250.0,209662,209678,209689,209675,209658,209692,1,,-16.0,12.0,28.0,14.0
sele0112,37,neurokit_dwt_ch1,250.0,209958,209973,209982,209971,209935,209988,1,,-92.0,24.0,116.0,58.0
sele0112,38,neurokit_dwt_ch1,250.0,210251,210267,210274,210264,210228,210281,1,,-92.0,28.0,120.0,60.0
sele0112,39,neurokit_dwt_ch1,250.0,210547,210562,210578,210560,210544,210577,1,,-12.0,-4.0,8.0,8.0
sele0112,40,neurokit_dwt_ch1,250.0,210836,210853,210860,210850,210834,210867,1,,-8.0,28.0,36.0,18.0
sele0112,41,neurokit_dwt_ch1,250.0,211125,211140,211146,211136,211101,211154,1,,-96.0,32.0,128.0,64.0
sele0112,42,neurokit_dwt_ch1,250.0,211419,211433,211442,211432,211416,211449,1,,-12.0,28.0,40.0,20.0
sele0112,43,neurokit_dwt_ch1,250.0,211707,211726,211735,211724,211707,211741,1,,0.0,24.0,24.0,12.0
sele0112,44,neurokit_dwt_ch1,250.0,212009,212024,212031,212021,212006,212038,1,,-12.0,28.0,40.0,20.0
sele0112,45,neurokit_dwt_ch1,250.0,212305,212320,212327,212318,212303,212335,1,,-8.0,32.0,40.0,20.0
sele0112,46,neurokit_dwt_ch1,250.0,212688,212702,212709,212699,212684,212716,1,,-16.0,28.0,44.0,22.0
sele0112,47,neurokit_dwt_ch1,250.0,213037,213055,213060,213051,213035,213068,1,,-8.0,32.0,40.0,20.0
sele0112,48,neurokit_dwt_ch1,250.0,213381,213396,213404,213393,213378,213410,1,,-12.0,24.0,36.0,18.0
sele0112,49,neurokit_dwt_ch1,250.0,213718,213731,213741,213730,213694,213746,1,,-96.0,20.0,116.0,58.0
sele0122,0,neurokit_dwt_ch0,250.0,150206,150217,150226,150214,150185,150227,1,,-84.0,4.0,88.0,44.0
sele0122,1,neurokit_dwt_ch0,250.0,150367,150377,150385,150374,150345,150386,1,,-88.0,4.0,92.0,46.0
sele0122,2,neurokit_dwt_ch0,250.0,150528,150539,150548,150536,150507,150548,1,,-84.0,0.0,84.0,42.0
sele0122,3,neurokit_dwt_ch0,250.0,150692,150702,150713,150700,150670,150712,1,,-88.0,-4.0,84.0,46.0
sele0122,4,neurokit_dwt_ch0,250.0,150857,150866,150874,150863,150834,150876,1,,-92.0,8.0,100.0,50.0
sele0122,5,neurokit_dwt_ch0,250.0,151020,151030,151037,151027,150998,151040,1,,-88.0,12.0,100.0,50.0
sele0122,6,neurokit_dwt_ch0,250.0,151185,151194,151206,151191,151163,151204,1,,-88.0,-8.0,80.0,48.0
sele0122,7,neurokit_dwt_ch0,250.0,151348,151358,151367,151355,151326,151368,1,,-88.0,4.0,92.0,46.0
sele0122,8,neurokit_dwt_ch0,250.0,151510,151522,151531,151519,151489,151532,1,,-84.0,4.0,88.0,44.0
sele0122,9,neurokit_dwt_ch0,250.0,151676,151685,151693,151682,151653,151695,1,,-92.0,8.0,100.0,50.0
sele0122,10,neurokit_dwt_ch0,250.0,151838,151849,151860,151846,151817,151859,1,,-84.0,-4.0,80.0,44.0
sele0122,11,neurokit_dwt_ch0,250.0,152003,152012,152022,152009,151979,152022,1,,-96.0,0.0,96.0,48.0
sele0122,12,neurokit_dwt_ch0,250.0,152163,152174,152184,152171,152142,152184,1,,-84.0,0.0,84.0,42.0
sele0122,13,neurokit_dwt_ch0,250.0,152323,152333,152340,152330,152302,152343,1,,-84.0,12.0,96.0,48.0
sele0122,14,neurokit_dwt_ch0,250.0,152483,152493,152501,152490,152461,152502,1,,-88.0,4.0,92.0,46.0
sele0122,15,neurokit_dwt_ch0,250.0,152644,152652,152663,152649,152620,152662,1,,-96.0,-4.0,92.0,50.0
sele0122,16,neurokit_dwt_ch0,250.0,152802,152813,152824,152810,152780,152823,1,,-88.0,-4.0,84.0,46.0
sele0122,17,neurokit_dwt_ch0,250.0,152960,152972,152981,152969,152940,152982,1,,-80.0,4.0,84.0,42.0
sele0122,18,neurokit_dwt_ch0,250.0,153121,153132,153143,153129,153100,153142,1,,-84.0,-4.0,80.0,44.0
sele0122,19,neurokit_dwt_ch0,250.0,153285,153294,153308,153291,153262,153304,1,,-92.0,-16.0,76.0,54.0
sele0122,20,neurokit_dwt_ch0,250.0,153446,153457,153465,153454,153424,153466,1,,-88.0,4.0,92.0,46.0
sele0122,21,neurokit_dwt_ch0,250.0,153610,153621,153631,153618,153589,153631,1,,-84.0,0.0,84.0,42.0
sele0122,22,neurokit_dwt_ch0,250.0,153775,153786,153796,153783,153753,153795,1,,-88.0,-4.0,84.0,46.0
sele0122,23,neurokit_dwt_ch0,250.0,153938,153950,153961,153947,153918,153960,1,,-80.0,-4.0,76.0,42.0
sele0122,24,neurokit_dwt_ch0,250.0,154106,154116,154126,154113,154084,154126,1,,-88.0,0.0,88.0,44.0
sele0122,25,neurokit_dwt_ch0,250.0,154272,154281,154291,154278,154248,154290,1,,-96.0,-4.0,92.0,50.0
sele0122,26,neurokit_dwt_ch0,250.0,154436,154447,154456,154444,154415,154457,1,,-84.0,4.0,88.0,44.0
sele0122,27,neurokit_dwt_ch0,250.0,154601,154612,154620,154609,154579,154622,1,,-88.0,8.0,96.0,48.0
sele0122,28,neurokit_dwt_ch0,250.0,154765,154776,154783,154773,154744,154786,1,,-84.0,12.0,96.0,48.0
sele0122,29,neurokit_dwt_ch0,250.0,154929,154940,154948,154937,154908,154950,1,,-84.0,8.0,92.0,46.0
sele0122,0,neurokit_dwt_ch1,250.0,150206,150217,150226,150220,150208,150252,1,,8.0,104.0,96.0,56.0
sele0122,1,neurokit_dwt_ch1,250.0,150367,150377,150385,,,,0,missing_dwt_boundary,,,,160.0
sele0122,2,neurokit_dwt_ch1,250.0,150528,150539,150548,150542,150529,150578,1,,4.0,120.0,116.0,62.0
sele0122,3,neurokit_dwt_ch1,250.0,150692,150702,150713,,,,0,missing_dwt_boundary,,,,160.0
sele0122,4,neurokit_dwt_ch1,250.0,150857,150866,150874,,,,0,missing_dwt_boundary,,,,160.0
sele0122,5,neurokit_dwt_ch1,250.0,151020,151030,151037,,,,0,missing_dwt_boundary,,,,160.0
sele0122,6,neurokit_dwt_ch1,250.0,151185,151194,151206,151198,151185,151223,1,,0.0,68.0,68.0,34.0
sele0122,7,neurokit_dwt_ch1,250.0,151348,151358,151367,151362,151348,151395,1,,0.0,112.0,112.0,56.0
sele0122,8,neurokit_dwt_ch1,250.0,151510,151522,151531,,,,0,missing_dwt_boundary,,,,160.0
sele0122,9,neurokit_dwt_ch1,250.0,151676,151685,151693,,,,0,missing_dwt_boundary,,,,160.0
sele0122,10,neurokit_dwt_ch1,250.0,151838,151849,151860,,,,0,missing_dwt_boundary,,,,160.0
sele0122,11,neurokit_dwt_ch1,250.0,152003,152012,152022,,,,0,missing_dwt_boundary,,,,160.0
sele0122,12,neurokit_dwt_ch1,250.0,152163,152174,152184,,,,0,missing_dwt_boundary,,,,160.0
sele0122,13,neurokit_dwt_ch1,250.0,152323,152333,152340,,,,0,missing_dwt_boundary,,,,160.0
sele0122,14,neurokit_dwt_ch1,250.0,152483,152493,152501,152497,152484,152526,1,,4.0,100.0,96.0,52.0
sele0122,15,neurokit_dwt_ch1,250.0,152644,152652,152663,,,,0,missing_dwt_boundary,,,,160.0
sele0122,16,neurokit_dwt_ch1,250.0,152802,152813,152824,152817,152804,152844,1,,8.0,80.0,72.0,44.0
sele0122,17,neurokit_dwt_ch1,250.0,152960,152972,152981,,,,0,missing_dwt_boundary,,,,160.0
sele0122,18,neurokit_dwt_ch1,250.0,153121,153132,153143,,,,0,missing_dwt_boundary,,,,160.0
sele0122,19,neurokit_dwt_ch1,250.0,153285,153294,153308,,,,0,missing_dwt_boundary,,,,160.0
sele0122,20,neurokit_dwt_ch1,250.0,153446,153457,153465,153461,153447,153492,1,,4.0,108.0,104.0,56.0
sele0122,21,neurokit_dwt_ch1,250.0,153610,153621,153631,153625,153612,153642,1,,8.0,44.0,36.0,26.0
sele0122,22,neurokit_dwt_ch1,250.0,153775,153786,153796,153789,153776,153816,1,,4.0,80.0,76.0,42.0
sele0122,23,neurokit_dwt_ch1,250.0,153938,153950,153961,153954,153942,153983,1,,16.0,88.0,72.0,52.0
sele0122,24,neurokit_dwt_ch1,250.0,154106,154116,154126,,,,0,missing_dwt_boundary,,,,160.0
sele0122,25,neurokit_dwt_ch1,250.0,154272,154281,154291,,,,0,missing_dwt_boundary,,,,160.0
sele0122,26,neurokit_dwt_ch1,250.0,154436,154447,154456,,,,0,missing_dwt_boundary,,,,160.0
sele0122,27,neurokit_dwt_ch1,250.0,154601,154612,154620,,,,0,missing_dwt_boundary,,,,160.0
sele0122,28,neurokit_dwt_ch1,250.0,154765,154776,154783,,,,0,missing_dwt_boundary,,,,160.0
sele0122,29,neurokit_dwt_ch1,250.0,154929,154940,154948,154944,154931,154979,1,,8.0,124.0,116.0,66.0
sele0126,0,neurokit_dwt_ch0,250.0,150205,150222,150232,150214,150173,150229,1,,-128.0,-12.0,116.0,70.0
sele0126,1,neurokit_dwt_ch0,250.0,150464,150480,150488,150472,150430,150486,1,,-136.0,-8.0,128.0,72.0
sele0126,2,neurokit_dwt_ch0,250.0,150708,150725,150729,150717,150676,150731,1,,-128.0,8.0,136.0,68.0
sele0126,3,neurokit_dwt_ch0,250.0,150948,150967,150973,150959,150919,150973,1,,-116.0,0.0,116.0,58.0
sele0126,4,neurokit_dwt_ch0,250.0,151190,151206,151212,151198,151159,151213,1,,-124.0,4.0,128.0,64.0
sele0126,5,neurokit_dwt_ch0,250.0,151434,151450,151457,151442,151403,151456,1,,-124.0,-4.0,120.0,64.0
sele0126,6,neurokit_dwt_ch0,250.0,151670,151689,151696,151682,151638,151696,1,,-128.0,0.0,128.0,64.0
sele0126,7,neurokit_dwt_ch0,250.0,151914,151930,151939,151922,151881,151936,1,,-132.0,-12.0,120.0,72.0
sele0126,8,neurokit_dwt_ch0,250.0,152157,152173,152181,152165,152144,152179,1,,-52.0,-8.0,44.0,30.0
sele0126,9,neurokit_dwt_ch0,250.0,152398,152416,152424,152409,152368,152423,1,,-120.0,-4.0,116.0,62.0
sele0126,10,neurokit_dwt_ch0,250.0,152641,152657,152663,152649,152610,152663,1,,-124.0,0.0,124.0,62.0
sele0126,11,neurokit_dwt_ch0,250.0,152886,152904,152913,152896,152853,152910,1,,-132.0,-12.0,120.0,72.0
sele0126,12,neurokit_dwt_ch0,250.0,153129,153145,153153,153138,153097,153153,1,,-128.0,0.0,128.0,64.0
sele0126,13,neurokit_dwt_ch0,250.0,153370,153388,153397,153380,153340,153395,1,,-120.0,-8.0,112.0,64.0
sele0126,14,neurokit_dwt_ch0,250.0,153617,153634,153642,153626,153584,153641,1,,-132.0,-4.0,128.0,68.0
sele0126,15,neurokit_dwt_ch0,250.0,153858,153876,153883,153869,153827,153883,1,,-124.0,0.0,124.0,62.0
sele0126,16,neurokit_dwt_ch0,250.0,154097,154115,154121,154107,154062,154121,1,,-140.0,0.0,140.0,70.0
sele0126,17,neurokit_dwt_ch0,250.0,154337,154356,154361,154348,154306,154362,1,,-124.0,4.0,128.0,64.0
sele0126,18,neurokit_dwt_ch0,250.0,154577,154593,154607,154585,154548,154600,1,,-116.0,-28.0,88.0,72.0
sele0126,19,neurokit_dwt_ch0,250.0,154816,154831,154840,154823,154784,154838,1,,-128.0,-8.0,120.0,68.0
sele0126,20,neurokit_dwt_ch0,250.0,155060,155075,155081,155067,155027,155081,1,,-132.0,0.0,132.0,66.0
sele0126,21,neurokit_dwt_ch0,250.0,155301,155317,155325,155310,155268,155324,1,,-132.0,-4.0,128.0,68.0
sele0126,22,neurokit_dwt_ch0,250.0,155542,155559,155565,155551,155511,155566,1,,-124.0,4.0,128.0,64.0
sele0126,23,neurokit_dwt_ch0,250.0,155789,155807,155812,155799,155757,155813,1,,-128.0,4.0,132.0,66.0
sele0126,24,neurokit_dwt_ch0,250.0,156037,156052,156061,156045,156004,156060,1,,-132.0,-4.0,128.0,68.0
sele0126,25,neurokit_dwt_ch0,250.0,156277,156294,156303,156287,156248,156301,1,,-116.0,-8.0,108.0,62.0
sele0126,26,neurokit_dwt_ch0,250.0,156522,156538,156546,156531,156490,156545,1,,-128.0,-4.0,124.0,66.0
sele0126,27,neurokit_dwt_ch0,250.0,156766,156781,156789,156773,156732,156787,1,,-136.0,-8.0,128.0,72.0
sele0126,28,neurokit_dwt_ch0,250.0,157002,157019,157031,157012,156973,157026,1,,-116.0,-20.0,96.0,68.0
sele0126,29,neurokit_dwt_ch0,250.0,157241,157260,157266,157252,157211,157266,1,,-120.0,0.0,120.0,60.0
sele0126,0,neurokit_dwt_ch1,250.0,150205,150222,150232,,,,0,unmatched_r_peak,,,,160.0
sele0126,1,neurokit_dwt_ch1,250.0,150464,150480,150488,150480,150465,150498,1,,4.0,40.0,36.0,22.0
sele0126,2,neurokit_dwt_ch1,250.0,150708,150725,150729,150725,150710,150753,1,,8.0,96.0,88.0,52.0
sele0126,3,neurokit_dwt_ch1,250.0,150948,150967,150973,150967,150953,150986,1,,20.0,52.0,32.0,36.0
sele0126,4,neurokit_dwt_ch1,250.0,151190,151206,151212,151207,151192,151232,1,,8.0,80.0,72.0,44.0
sele0126,5,neurokit_dwt_ch1,250.0,151434,151450,151457,151451,151436,151475,1,,8.0,72.0,64.0,40.0
sele0126,6,neurokit_dwt_ch1,250.0,151670,151689,151696,151689,151675,151716,1,,20.0,80.0,60.0,50.0
sele0126,7,neurokit_dwt_ch1,250.0,151914,151930,151939,151930,151914,151969,1,,0.0,120.0,120.0,60.0
sele0126,8,neurokit_dwt_ch1,250.0,152157,152173,152181,152174,152159,152212,1,,8.0,124.0,116.0,66.0
sele0126,9,neurokit_dwt_ch1,250.0,152398,152416,152424,152417,152401,152434,1,,12.0,40.0,28.0,26.0
sele0126,10,neurokit_dwt_ch1,250.0,152641,152657,152663,152657,152642,152674,1,,4.0,44.0,40.0,24.0
sele0126,11,neurokit_dwt_ch1,250.0,152886,152904,152913,152904,152889,152925,1,,12.0,48.0,36.0,30.0
sele0126,12,neurokit_dwt_ch1,250.0,153129,153145,153153,153146,153132,153173,1,,12.0,80.0,68.0,46.0
sele0126,13,neurokit_dwt_ch1,250.0,153370,153388,153397,153389,153373,153411,1,,12.0,56.0,44.0,34.0
sele0126,14,neurokit_dwt_ch1,250.0,153617,153634,153642,153635,153619,153655,1,,8.0,52.0,44.0,30.0
sele0126,15,neurokit_dwt_ch1,250.0,153858,153876,153883,153877,153859,153899,1,,4.0,64.0,60.0,34.0
sele0126,16,neurokit_dwt_ch1,250.0,154097,154115,154121,154115,154100,154132,1,,12.0,44.0,32.0,28.0
sele0126,17,neurokit_dwt_ch1,250.0,154337,154356,154361,154357,154341,154375,1,,16.0,56.0,40.0,36.0
sele0126,18,neurokit_dwt_ch1,250.0,154577,154593,154607,154593,154579,154616,1,,8.0,36.0,28.0,22.0
sele0126,19,neurokit_dwt_ch1,250.0,154816,154831,154840,154831,154816,154848,1,,0.0,32.0,32.0,16.0
sele0126,20,neurokit_dwt_ch1,250.0,155060,155075,155081,155076,155060,155102,1,,0.0,84.0,84.0,42.0
sele0126,21,neurokit_dwt_ch1,250.0,155301,155317,155325,155318,155303,155336,1,,8.0,44.0,36.0,26.0
sele0126,22,neurokit_dwt_ch1,250.0,155542,155559,155565,155560,155545,155577,1,,12.0,48.0,36.0,30.0
sele0126,23,neurokit_dwt_ch1,250.0,155789,155807,155812,155808,155792,155838,1,,12.0,104.0,92.0,58.0
sele0126,24,neurokit_dwt_ch1,250.0,156037,156052,156061,156053,156038,156071,1,,4.0,40.0,36.0,22.0
sele0126,25,neurokit_dwt_ch1,250.0,156277,156294,156303,156295,156279,156330,1,,8.0,108.0,100.0,58.0
sele0126,26,neurokit_dwt_ch1,250.0,156522,156538,156546,156540,156524,156557,1,,8.0,44.0,36.0,26.0
sele0126,27,neurokit_dwt_ch1,250.0,156766,156781,156789,156782,156767,156798,1,,4.0,36.0,32.0,20.0
sele0126,28,neurokit_dwt_ch1,250.0,157002,157019,157031,157020,157005,157044,1,,12.0,52.0,40.0,32.0
sele0126,29,neurokit_dwt_ch1,250.0,157241,157260,157266,157260,157245,157286,1,,16.0,80.0,64.0,48.0
sele0129,0,neurokit_dwt_ch0,250.0,150366,150383,150400,150375,150330,150400,1,,-144.0,0.0,144.0,72.0
sele0129,1,neurokit_dwt_ch0,250.0,150709,150722,150735,150727,150715,150740,1,,24.0,20.0,-4.0,22.0
sele0129,2,neurokit_dwt_ch0,250.0,151045,151057,151067,151050,151006,151075,1,,-156.0,32.0,188.0,94.0
sele0129,3,neurokit_dwt_ch0,250.0,151381,151398,151409,151389,151344,151414,1,,-148.0,20.0,168.0,84.0
sele0129,4,neurokit_dwt_ch0,250.0,151716,151732,151743,151737,151725,151750,1,,36.0,28.0,-8.0,32.0
sele0129,5,neurokit_dwt_ch0,250.0,152054,152069,152081,152062,152018,152087,1,,-144.0,24.0,168.0,84.0
sele0129,6,neurokit_dwt_ch0,250.0,152400,152416,152429,152408,152364,152421,1,,-144.0,-32.0,112.0,88.0
sele0129,7,neurokit_dwt_ch0,250.0,153822,153837,153848,153828,153795,153843,1,,-108.0,-20.0,88.0,64.0
sele0129,8,neurokit_dwt_ch0,250.0,154073,154089,154102,154095,154082,154108,1,,36.0,24.0,-12.0,30.0
sele0129,9,neurokit_dwt_ch0,250.0,154320,154334,154347,154325,154289,154357,1,,-124.0,40.0,164.0,82.0
sele0129,10,neurokit_dwt_ch0,250.0,154560,154574,154589,154580,154568,154593,1,,32.0,16.0,-16.0,24.0
sele0129,11,neurokit_dwt_ch0,250.0,154896,154898,154909,154891,154854,154915,1,,-168.0,24.0,192.0,96.0
sele0129,12,neurokit_dwt_ch0,250.0,155268,155284,155296,155275,155229,155301,1,,-156.0,20.0,176.0,88.0
sele0129,13,neurokit_dwt_ch0,250.0,155584,155598,155610,155604,155592,155616,1,,32.0,24.0,-8.0,28.0
sele0129,14,neurokit_dwt_ch0,250.0,155919,155932,155945,155925,155878,155950,1,,-164.0,20.0,184.0,92.0
sele0129,15,neurokit_dwt_ch0,250.0,156246,156262,156274,156267,156255,156279,1,,36.0,20.0,-16.0,28.0
sele0129,16,neurokit_dwt_ch0,250.0,156557,156573,156584,156565,156520,156589,1,,-148.0,20.0,168.0,84.0
sele0129,17,neurokit_dwt_ch0,250.0,156894,156909,156923,156901,156856,156926,1,,-152.0,12.0,164.0,82.0
sele0129,18,neurokit_dwt_ch0,250.0,157232,157246,157260,157251,157239,157264,1,,28.0,16.0,-12.0,22.0
sele0129,19,neurokit_dwt_ch0,250.0,157557,157573,157586,157565,157520,157590,1,,-148.0,16.0,164.0,82.0
sele0129,20,neurokit_dwt_ch0,250.0,157899,157915,157927,157906,157862,157932,1,,-148.0,20.0,168.0,84.0
sele0129,21,neurokit_dwt_ch0,250.0,158247,158264,158275,158268,158256,158281,1,,36.0,24.0,-12.0,30.0
sele0129,22,neurokit_dwt_ch0,250.0,158585,158602,158612,158593,158549,158619,1,,-144.0,28.0,172.0,86.0
sele0129,23,neurokit_dwt_ch0,250.0,158936,158951,158965,158943,158899,158969,1,,-148.0,16.0,164.0,82.0
sele0129,24,neurokit_dwt_ch0,250.0,159288,159307,159315,159311,159298,159323,1,,40.0,32.0,-8.0,36.0
sele0129,25,neurokit_dwt_ch0,250.0,159622,159637,159648,159627,159584,159662,1,,-152.0,56.0,208.0,104.0
sele0129,26,neurokit_dwt_ch0,250.0,159963,159978,159991,159970,159926,159995,1,,-148.0,16.0,164.0,82.0
sele0129,27,neurokit_dwt_ch0,250.0,160301,160315,160329,160321,160309,160334,1,,32.0,20.0,-12.0,26.0
sele0129,28,neurokit_dwt_ch0,250.0,160621,160641,160652,160633,160590,160658,1,,-124.0,24.0,148.0,74.0
sele0129,29,neurokit_dwt_ch0,250.0,160964,160978,160993,160970,160927,161001,1,,-148.0,32.0,180.0,90.0
sele0129,0,neurokit_dwt_ch1,250.0,150366,150383,150400,150378,150340,150395,1,,-104.0,-20.0,84.0,62.0
sele0129,1,neurokit_dwt_ch1,250.0,150709,150722,150735,150718,150680,150735,1,,-116.0,0.0,116.0,58.0
sele0129,2,neurokit_dwt_ch1,250.0,151045,151057,151067,151053,151016,151070,1,,-116.0,12.0,128.0,64.0
sele0129,3,neurokit_dwt_ch1,250.0,151381,151398,151409,151393,151355,151409,1,,-104.0,0.0,104.0,52.0
sele0129,4,neurokit_dwt_ch1,250.0,151716,151732,151743,151727,151690,151745,1,,-104.0,8.0,112.0,56.0
sele0129,5,neurokit_dwt_ch1,250.0,152054,152069,152081,152065,152028,152082,1,,-104.0,4.0,108.0,54.0
sele0129,6,neurokit_dwt_ch1,250.0,152400,152416,152429,152412,152374,152429,1,,-104.0,0.0,104.0,52.0
sele0129,7,neurokit_dwt_ch1,250.0,153822,153837,153848,153833,153794,153850,1,,-112.0,8.0,120.0,60.0
sele0129,8,neurokit_dwt_ch1,250.0,154073,154089,154102,154085,154046,154103,1,,-108.0,4.0,112.0,56.0
sele0129,9,neurokit_dwt_ch1,250.0,154320,154334,154347,154330,154290,154347,1,,-120.0,0.0,120.0,60.0
sele0129,10,neurokit_dwt_ch1,250.0,154560,154574,154589,154570,154530,154588,1,,-120.0,-4.0,116.0,62.0
sele0129,11,neurokit_dwt_ch1,250.0,154896,154898,154909,154895,154852,154911,1,,-176.0,8.0,184.0,92.0
sele0129,12,neurokit_dwt_ch1,250.0,155268,155284,155296,155279,155239,155296,1,,-116.0,0.0,116.0,58.0
sele0129,13,neurokit_dwt_ch1,250.0,155584,155598,155610,155594,155552,155611,1,,-128.0,4.0,132.0,66.0
sele0129,14,neurokit_dwt_ch1,250.0,155919,155932,155945,155928,155888,155945,1,,-124.0,0.0,124.0,62.0
sele0129,15,neurokit_dwt_ch1,250.0,156246,156262,156274,156257,156216,156274,1,,-120.0,0.0,120.0,60.0
sele0129,16,neurokit_dwt_ch1,250.0,156557,156573,156584,156568,156529,156585,1,,-112.0,4.0,116.0,58.0
sele0129,17,neurokit_dwt_ch1,250.0,156894,156909,156923,156905,156866,156922,1,,-112.0,-4.0,108.0,58.0
sele0129,18,neurokit_dwt_ch1,250.0,157232,157246,157260,157241,157203,157259,1,,-116.0,-4.0,112.0,60.0
sele0129,19,neurokit_dwt_ch1,250.0,157557,157573,157586,157568,157530,157585,1,,-108.0,-4.0,104.0,56.0
sele0129,20,neurokit_dwt_ch1,250.0,157899,157915,157927,157910,157872,157928,1,,-108.0,4.0,112.0,56.0
sele0129,21,neurokit_dwt_ch1,250.0,158247,158264,158275,158258,158220,158276,1,,-108.0,4.0,112.0,56.0
sele0129,22,neurokit_dwt_ch1,250.0,158585,158602,158612,158597,158559,158614,1,,-104.0,8.0,112.0,56.0
sele0129,23,neurokit_dwt_ch1,250.0,158936,158951,158965,158947,158909,158965,1,,-108.0,0.0,108.0,54.0
sele0129,24,neurokit_dwt_ch1,250.0,159288,159307,159315,159301,159263,159318,1,,-100.0,12.0,112.0,56.0
sele0129,25,neurokit_dwt_ch1,250.0,159622,159637,159648,159632,159594,159649,1,,-112.0,4.0,116.0,58.0
sele0129,26,neurokit_dwt_ch1,250.0,159963,159978,159991,159974,159937,159991,1,,-104.0,0.0,104.0,52.0
sele0129,27,neurokit_dwt_ch1,250.0,160301,160315,160329,160311,160275,160329,1,,-104.0,0.0,104.0,52.0
sele0129,28,neurokit_dwt_ch1,250.0,160621,160641,160652,160637,160600,160654,1,,-84.0,8.0,92.0,46.0
sele0129,29,neurokit_dwt_ch1,250.0,160964,160978,160993,160974,160938,160992,1,,-104.0,-4.0,100.0,54.0
sele0133,0,neurokit_dwt_ch0,250.0,150471,150485,150496,150478,150436,150502,1,,-140.0,24.0,164.0,82.0
sele0133,1,neurokit_dwt_ch0,250.0,150739,150757,150768,150748,150707,150773,1,,-128.0,20.0,148.0,74.0
sele0133,2,neurokit_dwt_ch0,250.0,151010,151029,151039,151021,150984,151032,1,,-104.0,-28.0,76.0,66.0
sele0133,3,neurokit_dwt_ch0,250.0,151274,151290,151304,151282,151242,151307,1,,-128.0,12.0,140.0,70.0
sele0133,4,neurokit_dwt_ch0,250.0,151548,151563,151574,151555,151515,151580,1,,-132.0,24.0,156.0,78.0
sele0133,5,neurokit_dwt_ch0,250.0,151825,151843,151855,151835,151823,151847,1,,-8.0,-32.0,-24.0,20.0
sele0133,6,neurokit_dwt_ch0,250.0,152096,152115,152131,152106,152066,152117,1,,-120.0,-56.0,64.0,88.0
sele0133,7,neurokit_dwt_ch0,250.0,152358,152376,152389,152369,152327,152393,1,,-124.0,16.0,140.0,70.0
sele0133,8,neurokit_dwt_ch0,250.0,152628,152644,152656,152635,152595,152660,1,,-132.0,16.0,148.0,74.0
sele0133,9,neurokit_dwt_ch0,250.0,152884,152901,152914,152892,152851,152904,1,,-132.0,-40.0,92.0,86.0
sele0133,10,neurokit_dwt_ch0,250.0,153137,153152,153164,153145,153106,153169,1,,-124.0,20.0,144.0,72.0
sele0133,11,neurokit_dwt_ch0,250.0,153395,153410,153422,153402,153362,153427,1,,-132.0,20.0,152.0,76.0
sele0133,12,neurokit_dwt_ch0,250.0,153654,153672,153683,153663,153648,153675,1,,-24.0,-32.0,-8.0,28.0
sele0133,13,neurokit_dwt_ch0,250.0,153911,153925,153938,153918,153878,153929,1,,-132.0,-36.0,96.0,84.0
sele0133,14,neurokit_dwt_ch0,250.0,154167,154181,154193,154174,154133,154198,1,,-136.0,20.0,156.0,78.0
sele0133,15,neurokit_dwt_ch0,250.0,154427,154445,154456,154436,154395,154461,1,,-128.0,20.0,148.0,74.0
sele0133,16,neurokit_dwt_ch0,250.0,154699,154717,154729,154709,154691,154720,1,,-32.0,-36.0,-4.0,34.0
sele0133,17,neurokit_dwt_ch0,250.0,154966,154981,154992,154974,154934,154999,1,,-128.0,28.0,156.0,78.0
sele0133,18,neurokit_dwt_ch0,250.0,155231,155250,155264,155243,155201,155268,1,,-120.0,16.0,136.0,68.0
sele0133,19,neurokit_dwt_ch0,250.0,155500,155522,155533,155512,155493,155524,1,,-28.0,-36.0,-8.0,32.0
sele0133,20,neurokit_dwt_ch0,250.0,155764,155783,155791,155774,155736,155786,1,,-112.0,-20.0,92.0,66.0
sele0133,21,neurokit_dwt_ch0,250.0,156026,156042,156058,156034,155992,156059,1,,-136.0,4.0,140.0,70.0
sele0133,22,neurokit_dwt_ch0,250.0,156289,156305,156316,156298,156259,156323,1,,-120.0,28.0,148.0,74.0
sele0133,23,neurokit_dwt_ch0,250.0,156548,156563,156574,156555,156540,156566,1,,-32.0,-32.0,0.0,32.0
sele0133,24,neurokit_dwt_ch0,250.0,156802,156817,156831,156810,156770,156834,1,,-128.0,12.0,140.0,70.0
sele0133,25,neurokit_dwt_ch0,250.0,157065,157077,157088,157070,157029,157095,1,,-144.0,28.0,172.0,86.0
sele0133,26,neurokit_dwt_ch0,250.0,157333,157351,157364,157342,157301,157355,1,,-128.0,-36.0,92.0,82.0
sele0133,27,neurokit_dwt_ch0,250.0,157598,157613,157626,157605,157565,157616,1,,-132.0,-40.0,92.0,86.0
sele0133,28,neurokit_dwt_ch0,250.0,157865,157883,157898,157875,157835,157900,1,,-120.0,8.0,128.0,64.0
sele0133,29,neurokit_dwt_ch0,250.0,158151,158166,158181,158158,158118,158182,1,,-132.0,4.0,136.0,68.0
sele0133,0,neurokit_dwt_ch1,250.0,150471,150485,150496,150481,150440,150498,1,,-124.0,8.0,132.0,66.0
sele0133,1,neurokit_dwt_ch1,250.0,150739,150757,150768,150752,150710,150769,1,,-116.0,4.0,120.0,60.0
sele0133,2,neurokit_dwt_ch1,250.0,151010,151029,151039,151024,150983,151041,1,,-108.0,8.0,116.0,58.0
sele0133,3,neurokit_dwt_ch1,250.0,151274,151290,151304,151286,151245,151303,1,,-116.0,-4.0,112.0,60.0
sele0133,4,neurokit_dwt_ch1,250.0,151548,151563,151574,151559,151517,151576,1,,-124.0,8.0,132.0,66.0
sele0133,5,neurokit_dwt_ch1,250.0,151825,151843,151855,151838,151797,151856,1,,-112.0,4.0,116.0,58.0
sele0133,6,neurokit_dwt_ch1,250.0,152096,152115,152131,152109,152068,152127,1,,-112.0,-16.0,96.0,64.0
sele0133,7,neurokit_dwt_ch1,250.0,152358,152376,152389,152372,152331,152389,1,,-108.0,0.0,108.0,54.0
sele0133,8,neurokit_dwt_ch1,250.0,152628,152644,152656,152639,152597,152656,1,,-124.0,0.0,124.0,62.0
sele0133,9,neurokit_dwt_ch1,250.0,152884,152901,152914,152896,152851,152913,1,,-132.0,-4.0,128.0,68.0
sele0133,10,neurokit_dwt_ch1,250.0,153137,153152,153164,153148,153107,153165,1,,-120.0,4.0,124.0,62.0
sele0133,11,neurokit_dwt_ch1,250.0,153395,153410,153422,153406,153365,153423,1,,-120.0,4.0,124.0,62.0
sele0133,12,neurokit_dwt_ch1,250.0,153654,153672,153683,153666,153626,153683,1,,-112.0,0.0,112.0,56.0
sele0133,13,neurokit_dwt_ch1,250.0,153911,153925,153938,153921,153881,153938,1,,-120.0,0.0,120.0,60.0
sele0133,14,neurokit_dwt_ch1,250.0,154167,154181,154193,154177,154136,154194,1,,-124.0,4.0,128.0,64.0
sele0133,15,neurokit_dwt_ch1,250.0,154427,154445,154456,154440,154398,154457,1,,-116.0,4.0,120.0,60.0
sele0133,16,neurokit_dwt_ch1,250.0,154699,154717,154729,154712,154671,154729,1,,-112.0,0.0,112.0,56.0
sele0133,17,neurokit_dwt_ch1,250.0,154966,154981,154992,154977,154936,154994,1,,-120.0,8.0,128.0,64.0
sele0133,18,neurokit_dwt_ch1,250.0,155231,155250,155264,155246,155205,155263,1,,-104.0,-4.0,100.0,54.0
sele0133,19,neurokit_dwt_ch1,250.0,155500,155522,155533,155516,155475,155533,1,,-100.0,0.0,100.0,50.0
sele0133,20,neurokit_dwt_ch1,250.0,155764,155783,155791,155778,155737,155795,1,,-108.0,16.0,124.0,62.0
sele0133,21,neurokit_dwt_ch1,250.0,156026,156042,156058,156038,155996,156055,1,,-120.0,-12.0,108.0,66.0
sele0133,22,neurokit_dwt_ch1,250.0,156289,156305,156316,156301,156260,156318,1,,-116.0,8.0,124.0,62.0
sele0133,23,neurokit_dwt_ch1,250.0,156548,156563,156574,156558,156517,156575,1,,-124.0,4.0,128.0,64.0
sele0133,24,neurokit_dwt_ch1,250.0,156802,156817,156831,156813,156772,156829,1,,-120.0,-8.0,112.0,64.0
sele0133,25,neurokit_dwt_ch1,250.0,157065,157077,157088,157073,157032,157090,1,,-132.0,8.0,140.0,70.0
sele0133,26,neurokit_dwt_ch1,250.0,157333,157351,157364,157346,157304,157363,1,,-116.0,-4.0,112.0,60.0
sele0133,27,neurokit_dwt_ch1,250.0,157598,157613,157626,157608,157568,157626,1,,-120.0,0.0,120.0,60.0
sele0133,28,neurokit_dwt_ch1,250.0,157865,157883,157898,157879,157837,157895,1,,-112.0,-12.0,100.0,62.0
sele0133,29,neurokit_dwt_ch1,250.0,158151,158166,158181,158161,158120,158178,1,,-124.0,-12.0,112.0,68.0
sele0166,0,neurokit_dwt_ch0,250.0,150553,150567,150579,150562,150546,150577,1,,-28.0,-8.0,20.0,18.0
sele0166,1,neurokit_dwt_ch0,250.0,150838,150847,150863,150845,150829,150860,1,,-36.0,-12.0,24.0,24.0
sele0166,2,neurokit_dwt_ch0,250.0,151130,151137,151154,151136,151120,151149,1,,-40.0,-20.0,20.0,30.0
sele0166,3,neurokit_dwt_ch0,250.0,151427,151437,151453,151436,151420,151451,1,,-28.0,-8.0,20.0,18.0
sele0166,4,neurokit_dwt_ch0,250.0,151722,151731,151749,151730,151714,151745,1,,-32.0,-16.0,16.0,24.0
sele0166,5,neurokit_dwt_ch0,250.0,152026,152035,152057,152033,152017,152047,1,,-36.0,-40.0,-4.0,38.0
sele0166,6,neurokit_dwt_ch0,250.0,152341,152347,152365,152346,152330,152360,1,,-44.0,-20.0,24.0,32.0
sele0166,7,neurokit_dwt_ch0,250.0,152642,152653,152671,152651,152635,152667,1,,-28.0,-16.0,12.0,22.0
sele0166,8,neurokit_dwt_ch0,250.0,152958,152965,152983,152965,152949,152979,1,,-36.0,-16.0,20.0,26.0
sele0166,9,neurokit_dwt_ch0,250.0,153273,153283,153300,153281,153265,153294,1,,-32.0,-24.0,8.0,28.0
sele0166,10,neurokit_dwt_ch0,250.0,153597,153606,153621,153604,153588,153618,1,,-36.0,-12.0,24.0,24.0
sele0166,11,neurokit_dwt_ch0,250.0,153903,153917,153929,153913,153897,153928,1,,-24.0,-4.0,20.0,14.0
sele0166,12,neurokit_dwt_ch0,250.0,154232,154239,154253,154234,154218,154248,1,,-56.0,-20.0,36.0,38.0
sele0166,13,neurokit_dwt_ch0,250.0,154549,154561,154574,154555,154539,154569,1,,-40.0,-20.0,20.0,30.0
sele0166,14,neurokit_dwt_ch0,250.0,154870,154881,154895,154876,154860,154891,1,,-40.0,-16.0,24.0,28.0
sele0166,15,neurokit_dwt_ch0,250.0,155172,155184,155198,155179,155163,155194,1,,-36.0,-16.0,20.0,26.0
sele0166,16,neurokit_dwt_ch0,250.0,155481,155492,155505,155488,155472,155502,1,,-36.0,-12.0,24.0,24.0
sele0166,17,neurokit_dwt_ch0,250.0,155787,155801,155815,155796,155780,155809,1,,-28.0,-24.0,4.0,26.0
sele0166,18,neurokit_dwt_ch0,250.0,156103,156115,156129,156111,156095,156126,1,,-32.0,-12.0,20.0,22.0
sele0166,19,neurokit_dwt_ch0,250.0,156407,156420,156434,156415,156399,156430,1,,-32.0,-16.0,16.0,24.0
sele0166,20,neurokit_dwt_ch0,250.0,156717,156730,156745,156726,156710,156739,1,,-28.0,-24.0,4.0,26.0
sele0166,21,neurokit_dwt_ch0,250.0,157029,157043,157059,157037,157022,157051,1,,-28.0,-32.0,-4.0,30.0
sele0166,22,neurokit_dwt_ch0,250.0,157336,157349,157365,157343,157327,157359,1,,-36.0,-24.0,12.0,30.0
sele0166,23,neurokit_dwt_ch0,250.0,157638,157650,157663,157645,157630,157659,1,,-32.0,-16.0,16.0,24.0
sele0166,24,neurokit_dwt_ch0,250.0,157945,157960,157975,157955,157939,157969,1,,-24.0,-24.0,0.0,24.0
sele0166,25,neurokit_dwt_ch0,250.0,158257,158268,158282,158263,158247,158278,1,,-40.0,-16.0,24.0,28.0
sele0166,26,neurokit_dwt_ch0,250.0,158559,158571,158587,158566,158550,158580,1,,-36.0,-28.0,8.0,32.0
sele0166,27,neurokit_dwt_ch0,250.0,158865,158877,158892,158873,158857,158886,1,,-32.0,-24.0,8.0,28.0
sele0166,28,neurokit_dwt_ch0,250.0,159171,159185,159200,159180,159163,159194,1,,-32.0,-24.0,8.0,28.0
sele0166,29,neurokit_dwt_ch0,250.0,159471,159483,159503,159477,159462,159493,1,,-36.0,-40.0,-4.0,38.0
sele0166,30,neurokit_dwt_ch0,250.0,159757,159770,159784,159766,159750,159781,1,,-28.0,-12.0,16.0,20.0
sele0166,31,neurokit_dwt_ch0,250.0,160055,160069,160083,160064,160048,160078,1,,-28.0,-20.0,8.0,24.0
sele0166,32,neurokit_dwt_ch0,250.0,162490,162502,162522,162501,162485,162515,1,,-20.0,-28.0,-8.0,24.0
sele0166,33,neurokit_dwt_ch0,250.0,162813,162824,162840,162820,162805,162835,1,,-32.0,-20.0,12.0,26.0
sele0166,34,neurokit_dwt_ch0,250.0,170401,170414,170430,170412,170396,170427,1,,-20.0,-12.0,8.0,16.0
sele0166,35,neurokit_dwt_ch0,250.0,203580,203593,203607,203586,203570,203602,1,,-40.0,-20.0,20.0,30.0
sele0166,0,neurokit_dwt_ch1,250.0,150553,150567,150579,150567,150550,150584,1,,-12.0,20.0,32.0,16.0
sele0166,1,neurokit_dwt_ch1,250.0,150838,150847,150863,150850,150813,150868,1,,-100.0,20.0,120.0,60.0
sele0166,2,neurokit_dwt_ch1,250.0,151130,151137,151154,151141,151125,151159,1,,-20.0,20.0,40.0,20.0
sele0166,3,neurokit_dwt_ch1,250.0,151427,151437,151453,151441,151404,151459,1,,-92.0,24.0,116.0,58.0
sele0166,4,neurokit_dwt_ch1,250.0,151722,151731,151749,151735,151698,151753,1,,-96.0,16.0,112.0,56.0
sele0166,5,neurokit_dwt_ch1,250.0,152026,152035,152057,152039,152002,152056,1,,-96.0,-4.0,92.0,50.0
sele0166,6,neurokit_dwt_ch1,250.0,152341,152347,152365,152352,152315,152369,1,,-104.0,16.0,120.0,60.0
sele0166,7,neurokit_dwt_ch1,250.0,152642,152653,152671,152656,152620,152673,1,,-88.0,8.0,96.0,48.0
sele0166,8,neurokit_dwt_ch1,250.0,152958,152965,152983,152970,152933,152988,1,,-100.0,20.0,120.0,60.0
sele0166,9,neurokit_dwt_ch1,250.0,153273,153283,153300,153287,153270,153304,1,,-12.0,16.0,28.0,14.0
sele0166,10,neurokit_dwt_ch1,250.0,153597,153606,153621,153609,153571,153626,1,,-104.0,20.0,124.0,62.0
sele0166,11,neurokit_dwt_ch1,250.0,153903,153917,153929,153918,153880,153936,1,,-92.0,28.0,120.0,60.0
sele0166,12,neurokit_dwt_ch1,250.0,154232,154239,154253,154239,154222,154256,1,,-40.0,12.0,52.0,26.0
sele0166,13,neurokit_dwt_ch1,250.0,154549,154561,154574,154560,154544,154578,1,,-20.0,16.0,36.0,18.0
sele0166,14,neurokit_dwt_ch1,250.0,154870,154881,154895,154881,154842,154898,1,,-112.0,12.0,124.0,62.0
sele0166,15,neurokit_dwt_ch1,250.0,155172,155184,155198,155184,155147,155202,1,,-100.0,16.0,116.0,58.0
sele0166,16,neurokit_dwt_ch1,250.0,155481,155492,155505,155493,155454,155511,1,,-108.0,24.0,132.0,66.0
sele0166,17,neurokit_dwt_ch1,250.0,155787,155801,155815,155801,155762,155818,1,,-100.0,12.0,112.0,56.0
sele0166,18,neurokit_dwt_ch1,250.0,156103,156115,156129,156116,156100,156133,1,,-12.0,16.0,28.0,14.0
sele0166,19,neurokit_dwt_ch1,250.0,156407,156420,156434,156420,156405,156438,1,,-8.0,16.0,24.0,12.0
sele0166,20,neurokit_dwt_ch1,250.0,156717,156730,156745,156731,156715,156748,1,,-8.0,12.0,20.0,10.0
sele0166,21,neurokit_dwt_ch1,250.0,157029,157043,157059,157043,157026,157060,1,,-12.0,4.0,16.0,8.0
sele0166,22,neurokit_dwt_ch1,250.0,157336,157349,157365,157348,157308,157366,1,,-112.0,4.0,116.0,58.0
sele0166,23,neurokit_dwt_ch1,250.0,157638,157650,157663,157651,157610,157668,1,,-112.0,20.0,132.0,66.0
sele0166,24,neurokit_dwt_ch1,250.0,157945,157960,157975,157960,157942,157978,1,,-12.0,12.0,24.0,12.0
sele0166,25,neurokit_dwt_ch1,250.0,158257,158268,158282,158269,158228,158286,1,,-116.0,16.0,132.0,66.0
sele0166,26,neurokit_dwt_ch1,250.0,158559,158571,158587,158571,158529,158588,1,,-120.0,4.0,124.0,62.0
sele0166,27,neurokit_dwt_ch1,250.0,158865,158877,158892,158878,158862,158896,1,,-12.0,16.0,28.0,14.0
sele0166,28,neurokit_dwt_ch1,250.0,159171,159185,159200,159185,159146,159202,1,,-100.0,8.0,108.0,54.0
sele0166,29,neurokit_dwt_ch1,250.0,159471,159483,159503,159482,159444,159501,1,,-108.0,-8.0,100.0,58.0
sele0166,30,neurokit_dwt_ch1,250.0,159757,159770,159784,159771,159731,159788,1,,-104.0,16.0,120.0,60.0
sele0166,31,neurokit_dwt_ch1,250.0,160055,160069,160083,160070,160053,160088,1,,-8.0,20.0,28.0,14.0
sele0166,32,neurokit_dwt_ch1,250.0,162490,162502,162522,162507,162489,162524,1,,-4.0,8.0,12.0,6.0
sele0166,33,neurokit_dwt_ch1,250.0,162813,162824,162840,162825,162787,162843,1,,-104.0,12.0,116.0,58.0
sele0166,34,neurokit_dwt_ch1,250.0,170401,170414,170430,170417,170403,170435,1,,8.0,20.0,12.0,14.0
sele0166,35,neurokit_dwt_ch1,250.0,203580,203593,203607,203591,203576,203609,1,,-16.0,8.0,24.0,12.0
sele0170,0,neurokit_dwt_ch0,250.0,150273,150282,150291,150281,150250,150297,1,,-92.0,24.0,116.0,58.0
sele0170,1,neurokit_dwt_ch0,250.0,150531,150541,150550,150540,150509,150556,1,,-88.0,24.0,112.0,56.0
sele0170,2,neurokit_dwt_ch0,250.0,150781,150791,150801,150790,150760,150806,1,,-84.0,20.0,104.0,52.0
sele0170,3,neurokit_dwt_ch0,250.0,151033,151045,151053,151043,151013,151059,1,,-80.0,24.0,104.0,52.0
sele0170,4,neurokit_dwt_ch0,250.0,151290,151298,151307,151297,151266,151313,1,,-96.0,24.0,120.0,60.0
sele0170,5,neurokit_dwt_ch0,250.0,151537,151548,151558,151546,151516,151563,1,,-84.0,20.0,104.0,52.0
sele0170,6,neurokit_dwt_ch0,250.0,151794,151806,151815,151805,151774,151821,1,,-80.0,24.0,104.0,52.0
sele0170,7,neurokit_dwt_ch0,250.0,152064,152074,152084,152073,152042,152089,1,,-88.0,20.0,108.0,54.0
sele0170,8,neurokit_dwt_ch0,250.0,152327,152339,152350,152338,152307,152353,1,,-80.0,12.0,92.0,46.0
sele0170,9,neurokit_dwt_ch0,250.0,152595,152608,152617,152606,152575,152622,1,,-80.0,20.0,100.0,50.0
sele0170,10,neurokit_dwt_ch0,250.0,152861,152873,152884,152872,152842,152888,1,,-76.0,16.0,92.0,46.0
sele0170,11,neurokit_dwt_ch0,250.0,153124,153134,153144,153133,153104,153149,1,,-80.0,20.0,100.0,50.0
sele0170,12,neurokit_dwt_ch0,250.0,153384,153393,153401,153392,153362,153407,1,,-88.0,24.0,112.0,56.0
sele0170,13,neurokit_dwt_ch0,250.0,153645,153654,153664,153653,153623,153669,1,,-88.0,20.0,108.0,54.0
sele0170,14,neurokit_dwt_ch0,250.0,153896,153908,153916,153906,153877,153922,1,,-76.0,24.0,100.0,50.0
sele0170,15,neurokit_dwt_ch0,250.0,154154,154163,154172,154162,154132,154178,1,,-88.0,24.0,112.0,56.0
sele0170,16,neurokit_dwt_ch0,250.0,154409,154420,154430,154419,154389,154434,1,,-80.0,16.0,96.0,48.0
sele0170,17,neurokit_dwt_ch0,250.0,154663,154670,154682,154669,154640,154685,1,,-92.0,12.0,104.0,52.0
sele0170,18,neurokit_dwt_ch0,250.0,154919,154926,154936,154925,154895,154941,1,,-96.0,20.0,116.0,58.0
sele0170,19,neurokit_dwt_ch0,250.0,155176,155183,155195,155182,155152,155198,1,,-96.0,12.0,108.0,54.0
sele0170,20,neurokit_dwt_ch0,250.0,155431,155441,155451,155440,155410,155456,1,,-84.0,20.0,104.0,52.0
sele0170,21,neurokit_dwt_ch0,250.0,155689,155700,155708,155699,155669,155714,1,,-80.0,24.0,104.0,52.0
sele0170,22,neurokit_dwt_ch0,250.0,155949,155960,155970,155959,155929,155974,1,,-80.0,16.0,96.0,48.0
sele0170,23,neurokit_dwt_ch0,250.0,156217,156226,156234,156224,156194,156240,1,,-92.0,24.0,116.0,58.0
sele0170,24,neurokit_dwt_ch0,250.0,156474,156484,156494,156483,156454,156499,1,,-80.0,20.0,100.0,50.0
sele0170,25,neurokit_dwt_ch0,250.0,156728,156739,156748,156738,156708,156754,1,,-80.0,24.0,104.0,52.0
sele0170,26,neurokit_dwt_ch0,250.0,156992,157002,157011,157001,156970,157016,1,,-88.0,20.0,108.0,54.0
sele0170,27,neurokit_dwt_ch0,250.0,157258,157267,157277,157266,157236,157282,1,,-88.0,20.0,108.0,54.0
sele0170,28,neurokit_dwt_ch0,250.0,157514,157526,157536,157525,157495,157541,1,,-76.0,20.0,96.0,48.0
sele0170,29,neurokit_dwt_ch0,250.0,157780,157791,157800,157790,157759,157806,1,,-84.0,24.0,108.0,54.0
sele0170,0,neurokit_dwt_ch1,250.0,150273,150282,150291,150282,150246,150314,1,,-108.0,92.0,200.0,100.0
sele0170,1,neurokit_dwt_ch1,250.0,150531,150541,150550,150541,150505,150564,1,,-104.0,56.0,160.0,80.0
sele0170,2,neurokit_dwt_ch1,250.0,150781,150791,150801,150791,150757,150821,1,,-96.0,80.0,176.0,88.0
sele0170,3,neurokit_dwt_ch1,250.0,151033,151045,151053,151045,151008,151077,1,,-100.0,96.0,196.0,98.0
sele0170,4,neurokit_dwt_ch1,250.0,151290,151298,151307,151298,151263,151316,1,,-108.0,36.0,144.0,72.0
sele0170,5,neurokit_dwt_ch1,250.0,151537,151548,151558,151548,151513,151568,1,,-96.0,40.0,136.0,68.0
sele0170,6,neurokit_dwt_ch1,250.0,151794,151806,151815,151806,151769,151829,1,,-100.0,56.0,156.0,78.0
sele0170,7,neurokit_dwt_ch1,250.0,152064,152074,152084,152074,152037,152094,1,,-108.0,40.0,148.0,74.0
sele0170,8,neurokit_dwt_ch1,250.0,152327,152339,152350,152339,152304,152358,1,,-92.0,32.0,124.0,62.0
sele0170,9,neurokit_dwt_ch1,250.0,152595,152608,152617,152608,152572,152628,1,,-92.0,44.0,136.0,68.0
sele0170,10,neurokit_dwt_ch1,250.0,152861,152873,152884,152873,152838,152896,1,,-92.0,48.0,140.0,70.0
sele0170,11,neurokit_dwt_ch1,250.0,153124,153134,153144,153134,153100,153156,1,,-96.0,48.0,144.0,72.0
sele0170,12,neurokit_dwt_ch1,250.0,153384,153393,153401,153393,153356,153419,1,,-112.0,72.0,184.0,92.0
sele0170,13,neurokit_dwt_ch1,250.0,153645,153654,153664,153654,153619,153680,1,,-104.0,64.0,168.0,84.0
sele0170,14,neurokit_dwt_ch1,250.0,153896,153908,153916,153908,153874,153926,1,,-88.0,40.0,128.0,64.0
sele0170,15,neurokit_dwt_ch1,250.0,154154,154163,154172,154163,154129,154189,1,,-100.0,68.0,168.0,84.0
sele0170,16,neurokit_dwt_ch1,250.0,154409,154420,154430,,,,0,missing_dwt_boundary,,,,160.0
sele0170,17,neurokit_dwt_ch1,250.0,154663,154670,154682,154670,154636,154690,1,,-108.0,32.0,140.0,70.0
sele0170,18,neurokit_dwt_ch1,250.0,154919,154926,154936,154926,154890,154949,1,,-116.0,52.0,168.0,84.0
sele0170,19,neurokit_dwt_ch1,250.0,155176,155183,155195,155184,155149,155206,1,,-108.0,44.0,152.0,76.0
sele0170,20,neurokit_dwt_ch1,250.0,155431,155441,155451,155441,155407,155468,1,,-96.0,68.0,164.0,82.0
sele0170,21,neurokit_dwt_ch1,250.0,155689,155700,155708,,,,0,missing_dwt_boundary,,,,160.0
sele0170,22,neurokit_dwt_ch1,250.0,155949,155960,155970,155960,155924,155991,1,,-100.0,84.0,184.0,92.0
sele0170,23,neurokit_dwt_ch1,250.0,156217,156226,156234,156226,156189,156253,1,,-112.0,76.0,188.0,94.0
sele0170,24,neurokit_dwt_ch1,250.0,156474,156484,156494,,,,0,missing_dwt_boundary,,,,160.0
sele0170,25,neurokit_dwt_ch1,250.0,156728,156739,156748,156739,156705,156774,1,,-92.0,104.0,196.0,98.0
sele0170,26,neurokit_dwt_ch1,250.0,156992,157002,157011,157002,156965,157025,1,,-108.0,56.0,164.0,82.0
sele0170,27,neurokit_dwt_ch1,250.0,157258,157267,157277,,,,0,missing_dwt_boundary,,,,160.0
sele0170,28,neurokit_dwt_ch1,250.0,157514,157526,157536,157526,157490,157545,1,,-96.0,36.0,132.0,66.0
sele0170,29,neurokit_dwt_ch1,250.0,157780,157791,157800,157791,157756,157813,1,,-96.0,52.0,148.0,74.0
sele0203,0,neurokit_dwt_ch0,250.0,150246,150260,150269,,,,0,missing_dwt_boundary,,,,160.0
sele0203,1,neurokit_dwt_ch0,250.0,150416,150429,150441,150428,150401,150456,1,,-60.0,60.0,120.0,60.0
sele0203,2,neurokit_dwt_ch0,250.0,150583,150597,150607,150596,150552,150618,1,,-124.0,44.0,168.0,84.0
sele0203,3,neurokit_dwt_ch0,250.0,150757,150770,150781,,,,0,missing_dwt_boundary,,,,160.0
sele0203,4,neurokit_dwt_ch0,250.0,150922,150935,150945,150934,150907,150955,1,,-60.0,40.0,100.0,50.0
sele0203,5,neurokit_dwt_ch0,250.0,151088,151103,151118,,,,0,missing_dwt_boundary,,,,160.0
sele0203,6,neurokit_dwt_ch0,250.0,151261,151277,151289,151277,151234,151302,1,,-108.0,52.0,160.0,80.0
sele0203,7,neurokit_dwt_ch0,250.0,151442,151452,151463,,,,0,missing_dwt_boundary,,,,160.0
sele0203,8,neurokit_dwt_ch0,250.0,151609,151623,151635,151622,151572,151647,1,,-148.0,48.0,196.0,98.0
sele0203,9,neurokit_dwt_ch0,250.0,151792,151804,151816,,,,0,missing_dwt_boundary,,,,160.0
sele0203,10,neurokit_dwt_ch0,250.0,152011,152022,152036,152021,151980,152046,1,,-124.0,40.0,164.0,82.0
sele0203,11,neurokit_dwt_ch0,250.0,152206,152215,152227,,,,0,missing_dwt_boundary,,,,160.0
sele0203,12,neurokit_dwt_ch0,250.0,152398,152411,152426,,,,0,missing_dwt_boundary,,,,160.0
sele0203,13,neurokit_dwt_ch0,250.0,152610,152623,152636,152622,152599,152643,1,,-44.0,28.0,72.0,36.0
sele0203,14,neurokit_dwt_ch0,250.0,152807,152821,152838,,,,0,missing_dwt_boundary,,,,160.0
sele0203,15,neurokit_dwt_ch0,250.0,152998,153011,153023,153010,152968,153034,1,,-120.0,44.0,164.0,82.0
sele0203,16,neurokit_dwt_ch0,250.0,153179,153194,153209,153194,153166,153218,1,,-52.0,36.0,88.0,44.0
sele0203,17,neurokit_dwt_ch0,250.0,153353,153366,153378,153364,153321,153384,1,,-128.0,24.0,152.0,76.0
sele0203,18,neurokit_dwt_ch0,250.0,153533,153544,153557,153544,153518,153566,1,,-60.0,36.0,96.0,48.0
sele0203,19,neurokit_dwt_ch0,250.0,153717,153731,153742,,,,0,missing_dwt_boundary,,,,160.0
sele0203,20,neurokit_dwt_ch0,250.0,153901,153913,153926,153912,153870,153934,1,,-124.0,32.0,156.0,78.0
sele0203,21,neurokit_dwt_ch0,250.0,154084,154095,154110,,,,0,missing_dwt_boundary,,,,160.0
sele0203,22,neurokit_dwt_ch0,250.0,154301,154312,154325,154311,154271,154334,1,,-120.0,36.0,156.0,78.0
sele0203,23,neurokit_dwt_ch0,250.0,154575,154585,154596,,,,0,missing_dwt_boundary,,,,160.0
sele0203,24,neurokit_dwt_ch0,250.0,154765,154776,154789,154775,154735,154798,1,,-120.0,36.0,156.0,78.0
sele0203,25,neurokit_dwt_ch0,250.0,154950,154963,154977,,,,0,missing_dwt_boundary,,,,160.0
sele0203,26,neurokit_dwt_ch0,250.0,155148,155158,155170,,,,0,missing_dwt_boundary,,,,160.0
sele0203,27,neurokit_dwt_ch0,250.0,155324,155338,155348,,,,0,missing_dwt_boundary,,,,160.0
sele0203,28,neurokit_dwt_ch0,250.0,155505,155519,155533,155518,155477,155539,1,,-112.0,24.0,136.0,68.0
sele0203,29,neurokit_dwt_ch0,250.0,155683,155697,155709,,,,0,missing_dwt_boundary,,,,160.0
sele0203,0,neurokit_dwt_ch1,250.0,150246,150260,150269,,,,0,unmatched_r_peak,,,,160.0
sele0203,1,neurokit_dwt_ch1,250.0,150416,150429,150441,,,,0,unmatched_r_peak,,,,160.0
sele0203,2,neurokit_dwt_ch1,250.0,150583,150597,150607,,,,0,unmatched_r_peak,,,,160.0
sele0203,3,neurokit_dwt_ch1,250.0,150757,150770,150781,,,,0,unmatched_r_peak,,,,160.0
sele0203,4,neurokit_dwt_ch1,250.0,150922,150935,150945,,,,0,unmatched_r_peak,,,,160.0
sele0203,5,neurokit_dwt_ch1,250.0,151088,151103,151118,,,,0,unmatched_r_peak,,,,160.0
sele0203,6,neurokit_dwt_ch1,250.0,151261,151277,151289,,,,0,unmatched_r_peak,,,,160.0
sele0203,7,neurokit_dwt_ch1,250.0,151442,151452,151463,,,,0,unmatched_r_peak,,,,160.0
sele0203,8,neurokit_dwt_ch1,250.0,151609,151623,151635,,,,0,unmatched_r_peak,,,,160.0
sele0203,9,neurokit_dwt_ch1,250.0,151792,151804,151816,,,,0,unmatched_r_peak,,,,160.0
sele0203,10,neurokit_dwt_ch1,250.0,152011,152022,152036,,,,0,unmatched_r_peak,,,,160.0
sele0203,11,neurokit_dwt_ch1,250.0,152206,152215,152227,,,,0,unmatched_r_peak,,,,160.0
sele0203,12,neurokit_dwt_ch1,250.0,152398,152411,152426,,,,0,unmatched_r_peak,,,,160.0
sele0203,13,neurokit_dwt_ch1,250.0,152610,152623,152636,,,,0,unmatched_r_peak,,,,160.0
sele0203,14,neurokit_dwt_ch1,250.0,152807,152821,152838,,,,0,unmatched_r_peak,,,,160.0
sele0203,15,neurokit_dwt_ch1,250.0,152998,153011,153023,,,,0,unmatched_r_peak,,,,160.0
sele0203,16,neurokit_dwt_ch1,250.0,153179,153194,153209,,,,0,unmatched_r_peak,,,,160.0
sele0203,17,neurokit_dwt_ch1,250.0,153353,153366,153378,,,,0,unmatched_r_peak,,,,160.0
sele0203,18,neurokit_dwt_ch1,250.0,153533,153544,153557,,,,0,unmatched_r_peak,,,,160.0
sele0203,19,neurokit_dwt_ch1,250.0,153717,153731,153742,,,,0,unmatched_r_peak,,,,160.0
sele0203,20,neurokit_dwt_ch1,250.0,153901,153913,153926,,,,0,unmatched_r_peak,,,,160.0
sele0203,21,neurokit_dwt_ch1,250.0,154084,154095,154110,,,,0,unmatched_r_peak,,,,160.0
sele0203,22,neurokit_dwt_ch1,250.0,154301,154312,154325,,,,0,unmatched_r_peak,,,,160.0
sele0203,23,neurokit_dwt_ch1,250.0,154575,154585,154596,,,,0,unmatched_r_peak,,,,160.0
sele0203,24,neurokit_dwt_ch1,250.0,154765,154776,154789,,,,0,unmatched_r_peak,,,,160.0
sele0203,25,neurokit_dwt_ch1,250.0,154950,154963,154977,,,,0,unmatched_r_peak,,,,160.0
sele0203,26,neurokit_dwt_ch1,250.0,155148,155158,155170,,,,0,unmatched_r_peak,,,,160.0
sele0203,27,neurokit_dwt_ch1,250.0,155324,155338,155348,,,,0,unmatched_r_peak,,,,160.0
sele0203,28,neurokit_dwt_ch1,250.0,155505,155519,155533,,,,0,unmatched_r_peak,,,,160.0
sele0203,29,neurokit_dwt_ch1,250.0,155683,155697,155709,,,,0,unmatched_r_peak,,,,160.0
sele0210,0,neurokit_dwt_ch0,250.0,150261,150276,150282,150275,150260,150286,1,,-4.0,16.0,20.0,10.0
sele0210,1,neurokit_dwt_ch0,250.0,150475,150490,150498,150489,150473,150504,1,,-8.0,24.0,32.0,16.0
sele0210,2,neurokit_dwt_ch0,250.0,150705,150720,150728,150719,150703,150732,1,,-8.0,16.0,24.0,12.0
sele0210,3,neurokit_dwt_ch0,250.0,150935,150948,150958,150947,150932,150960,1,,-12.0,8.0,20.0,10.0
sele0210,4,neurokit_dwt_ch0,250.0,151163,151174,151182,151172,151158,151187,1,,-20.0,20.0,40.0,20.0
sele0210,5,neurokit_dwt_ch0,250.0,151375,151385,151393,151384,151367,151399,1,,-32.0,24.0,56.0,28.0
sele0210,6,neurokit_dwt_ch0,250.0,151579,151594,151603,151592,151573,151605,1,,-24.0,8.0,32.0,16.0
sele0210,7,neurokit_dwt_ch0,250.0,151784,151798,151803,151797,151781,151809,1,,-12.0,24.0,36.0,18.0
sele0210,8,neurokit_dwt_ch0,250.0,151991,152006,152017,152004,151990,152017,1,,-4.0,0.0,4.0,2.0
sele0210,9,neurokit_dwt_ch0,250.0,152207,152220,152230,152218,152202,152231,1,,-20.0,4.0,24.0,12.0
sele0210,10,neurokit_dwt_ch0,250.0,152419,152433,152437,152432,152418,152444,1,,-4.0,28.0,32.0,16.0
sele0210,11,neurokit_dwt_ch0,250.0,152630,152644,152651,152643,152628,152656,1,,-8.0,20.0,28.0,14.0
sele0210,12,neurokit_dwt_ch0,250.0,152839,152856,152862,152855,152841,152868,1,,8.0,24.0,16.0,16.0
sele0210,13,neurokit_dwt_ch0,250.0,153053,153067,153072,153066,153033,153079,1,,-80.0,28.0,108.0,54.0
sele0210,14,neurokit_dwt_ch0,250.0,153259,153274,153277,153273,153259,153289,1,,0.0,48.0,48.0,24.0
sele0210,15,neurokit_dwt_ch0,250.0,153458,153474,153480,153473,153458,153487,1,,0.0,28.0,28.0,14.0
sele0210,16,neurokit_dwt_ch0,250.0,153657,153673,153681,153671,153656,153690,1,,-4.0,36.0,40.0,20.0
sele0210,17,neurokit_dwt_ch0,250.0,153865,153879,153888,153877,153862,153890,1,,-12.0,8.0,20.0,10.0
sele0210,18,neurokit_dwt_ch0,250.0,154085,154101,154108,154100,154085,154113,1,,0.0,20.0,20.0,10.0
sele0210,19,neurokit_dwt_ch0,250.0,154306,154324,154330,154323,154305,154336,1,,-4.0,24.0,28.0,14.0
sele0210,20,neurokit_dwt_ch0,250.0,154528,154543,154553,154542,154527,154555,1,,-4.0,8.0,12.0,6.0
sele0210,21,neurokit_dwt_ch0,250.0,154746,154761,154767,154759,154742,154773,1,,-16.0,24.0,40.0,20.0
sele0210,22,neurokit_dwt_ch0,250.0,154952,154968,154975,154967,154953,154982,1,,4.0,28.0,24.0,16.0
sele0210,23,neurokit_dwt_ch0,250.0,155154,155168,155177,155167,155151,155180,1,,-12.0,12.0,24.0,12.0
sele0210,24,neurokit_dwt_ch0,250.0,155350,155365,155375,155363,155348,155376,1,,-8.0,4.0,12.0,6.0
sele0210,25,neurokit_dwt_ch0,250.0,155550,155566,155574,155565,155549,155577,1,,-4.0,12.0,16.0,8.0
sele0210,26,neurokit_dwt_ch0,250.0,155763,155776,155781,155774,155740,155788,1,,-92.0,28.0,120.0,60.0
sele0210,27,neurokit_dwt_ch0,250.0,155970,155985,155993,155984,155969,155998,1,,-4.0,20.0,24.0,12.0
sele0210,28,neurokit_dwt_ch0,250.0,156180,156195,156202,156194,156179,156208,1,,-4.0,24.0,28.0,14.0
sele0210,29,neurokit_dwt_ch0,250.0,156396,156411,156418,156410,156395,156423,1,,-4.0,20.0,24.0,12.0
sele0210,0,neurokit_dwt_ch1,250.0,150261,150276,150282,150274,150260,150298,1,,-4.0,64.0,68.0,34.0
sele0210,1,neurokit_dwt_ch1,250.0,150475,150490,150498,150488,150474,150522,1,,-4.0,96.0,100.0,50.0
sele0210,2,neurokit_dwt_ch1,250.0,150705,150720,150728,150718,150699,150737,1,,-24.0,36.0,60.0,30.0
sele0210,3,neurokit_dwt_ch1,250.0,150935,150948,150958,150946,150908,150971,1,,-108.0,52.0,160.0,80.0
sele0210,4,neurokit_dwt_ch1,250.0,151163,151174,151182,151172,151157,151189,1,,-24.0,28.0,52.0,26.0
sele0210,5,neurokit_dwt_ch1,250.0,151375,151385,151393,151384,151371,151420,1,,-16.0,108.0,124.0,62.0
sele0210,6,neurokit_dwt_ch1,250.0,151579,151594,151603,151592,151578,151625,1,,-4.0,88.0,92.0,46.0
sele0210,7,neurokit_dwt_ch1,250.0,151784,151798,151803,151797,151783,151825,1,,-4.0,88.0,92.0,46.0
sele0210,8,neurokit_dwt_ch1,250.0,151991,152006,152017,152004,151989,152030,1,,-8.0,52.0,60.0,30.0
sele0210,9,neurokit_dwt_ch1,250.0,152207,152220,152230,152218,152204,152244,1,,-12.0,56.0,68.0,34.0
sele0210,10,neurokit_dwt_ch1,250.0,152419,152433,152437,152432,152418,152440,1,,-4.0,12.0,16.0,8.0
sele0210,11,neurokit_dwt_ch1,250.0,152630,152644,152651,152643,152630,152664,1,,0.0,52.0,52.0,26.0
sele0210,12,neurokit_dwt_ch1,250.0,152839,152856,152862,152854,152841,152872,1,,8.0,40.0,32.0,24.0
sele0210,13,neurokit_dwt_ch1,250.0,153053,153067,153072,153066,153051,153088,1,,-8.0,64.0,72.0,36.0
sele0210,14,neurokit_dwt_ch1,250.0,153259,153274,153277,153273,153258,153297,1,,-4.0,80.0,84.0,42.0
sele0210,15,neurokit_dwt_ch1,250.0,153458,153474,153480,153472,153458,153493,1,,0.0,52.0,52.0,26.0
sele0210,16,neurokit_dwt_ch1,250.0,153657,153673,153681,153671,153656,153693,1,,-4.0,48.0,52.0,26.0
sele0210,17,neurokit_dwt_ch1,250.0,153865,153879,153888,153877,153864,153895,1,,-4.0,28.0,32.0,16.0
sele0210,18,neurokit_dwt_ch1,250.0,154085,154101,154108,154099,154085,154123,1,,0.0,60.0,60.0,30.0
sele0210,19,neurokit_dwt_ch1,250.0,154306,154324,154330,154322,154308,154345,1,,8.0,60.0,52.0,34.0
sele0210,20,neurokit_dwt_ch1,250.0,154528,154543,154553,154541,154527,154570,1,,-4.0,68.0,72.0,36.0
sele0210,21,neurokit_dwt_ch1,250.0,154746,154761,154767,154759,154745,154781,1,,-4.0,56.0,60.0,30.0
sele0210,22,neurokit_dwt_ch1,250.0,154952,154968,154975,154966,154953,154983,1,,4.0,32.0,28.0,18.0
sele0210,23,neurokit_dwt_ch1,250.0,155154,155168,155177,155166,155137,155192,1,,-68.0,60.0,128.0,64.0
sele0210,24,neurokit_dwt_ch1,250.0,155350,155365,155375,155363,155349,155383,1,,-4.0,32.0,36.0,18.0
sele0210,25,neurokit_dwt_ch1,250.0,155550,155566,155574,155564,155546,155591,1,,-16.0,68.0,84.0,42.0
sele0210,26,neurokit_dwt_ch1,250.0,155763,155776,155781,155774,155758,155792,1,,-20.0,44.0,64.0,32.0
sele0210,27,neurokit_dwt_ch1,250.0,155970,155985,155993,155983,155968,156013,1,,-8.0,80.0,88.0,44.0
sele0210,28,neurokit_dwt_ch1,250.0,156180,156195,156202,156194,156178,156212,1,,-8.0,40.0,48.0,24.0
sele0210,29,neurokit_dwt_ch1,250.0,156396,156411,156418,156410,156396,156431,1,,0.0,52.0,52.0,26.0
sele0211,0,neurokit_dwt_ch0,250.0,150155,150176,150180,150174,150160,150228,1,,20.0,192.0,172.0,106.0
sele0211,1,neurokit_dwt_ch0,250.0,150304,150320,150326,150319,150305,150372,1,,4.0,184.0,180.0,94.0
sele0211,2,neurokit_dwt_ch0,250.0,150448,150464,150473,150463,150448,150477,1,,0.0,16.0,16.0,8.0
sele0211,3,neurokit_dwt_ch0,250.0,150593,150609,150614,150607,150592,150661,1,,-4.0,188.0,192.0,96.0
sele0211,4,neurokit_dwt_ch0,250.0,150739,150753,150761,150752,150737,150776,1,,-8.0,60.0,68.0,34.0
sele0211,5,neurokit_dwt_ch0,250.0,150883,150898,150906,150896,150882,150949,1,,-4.0,172.0,176.0,88.0
sele0211,6,neurokit_dwt_ch0,250.0,151028,151042,151049,151041,151027,151064,1,,-4.0,60.0,64.0,32.0
sele0211,7,neurokit_dwt_ch0,250.0,151173,151187,151194,,,,0,missing_dwt_boundary,,,,160.0
sele0211,8,neurokit_dwt_ch0,250.0,151319,151332,151336,151331,151316,151384,1,,-12.0,192.0,204.0,102.0
sele0211,9,neurokit_dwt_ch0,250.0,151461,151477,151485,151476,151462,151487,1,,4.0,8.0,4.0,6.0
sele0211,10,neurokit_dwt_ch0,250.0,151608,151623,151629,151621,151607,151642,1,,-4.0,52.0,56.0,28.0
sele0211,11,neurokit_dwt_ch0,250.0,151753,151768,151773,151766,151752,151820,1,,-4.0,188.0,192.0,96.0
sele0211,12,neurokit_dwt_ch0,250.0,151898,151913,151919,151912,151897,151926,1,,-4.0,28.0,32.0,16.0
sele0211,13,neurokit_dwt_ch0,250.0,152043,152058,152063,152056,152042,152108,1,,-4.0,180.0,184.0,92.0
sele0211,14,neurokit_dwt_ch0,250.0,152188,152203,152208,152202,152187,152223,1,,-4.0,60.0,64.0,32.0
sele0211,15,neurokit_dwt_ch0,250.0,152331,152348,152354,,,,0,missing_dwt_boundary,,,,160.0
sele0211,16,neurokit_dwt_ch0,250.0,152480,152493,152499,152492,152478,152544,1,,-8.0,180.0,188.0,94.0
sele0211,17,neurokit_dwt_ch0,250.0,152622,152638,152644,152637,152622,152682,1,,0.0,152.0,152.0,76.0
sele0211,18,neurokit_dwt_ch0,250.0,152767,152783,152787,152782,152768,152804,1,,4.0,68.0,64.0,36.0
sele0211,19,neurokit_dwt_ch0,250.0,152914,152929,152934,152927,152913,152942,1,,-4.0,32.0,36.0,18.0
sele0211,20,neurokit_dwt_ch0,250.0,153060,153074,153079,153073,153058,153088,1,,-8.0,36.0,44.0,22.0
sele0211,21,neurokit_dwt_ch0,250.0,153202,153219,153225,153217,153202,153270,1,,0.0,180.0,180.0,90.0
sele0211,22,neurokit_dwt_ch0,250.0,153349,153364,153369,153362,153347,153416,1,,-8.0,188.0,196.0,98.0
sele0211,23,neurokit_dwt_ch0,250.0,153495,153509,153514,153507,153493,153530,1,,-8.0,64.0,72.0,36.0
sele0211,24,neurokit_dwt_ch0,250.0,153639,153653,153659,153652,153638,153705,1,,-4.0,184.0,188.0,94.0
sele0211,25,neurokit_dwt_ch0,250.0,153782,153797,153803,153796,153782,153811,1,,0.0,32.0,32.0,16.0
sele0211,26,neurokit_dwt_ch0,250.0,153924,153942,153948,153941,153926,153995,1,,8.0,188.0,180.0,98.0
sele0211,27,neurokit_dwt_ch0,250.0,154070,154087,154096,154085,154071,154136,1,,4.0,160.0,156.0,82.0
sele0211,28,neurokit_dwt_ch0,250.0,154217,154230,154237,154229,154215,154282,1,,-8.0,180.0,188.0,94.0
sele0211,29,neurokit_dwt_ch0,250.0,154357,154373,154383,154372,154358,154386,1,,4.0,12.0,8.0,8.0
sele0211,0,neurokit_dwt_ch1,250.0,150155,150176,150180,150174,150159,150228,1,,16.0,192.0,176.0,104.0
sele0211,1,neurokit_dwt_ch1,250.0,150304,150320,150326,150318,150304,150336,1,,0.0,40.0,40.0,20.0
sele0211,2,neurokit_dwt_ch1,250.0,150448,150464,150473,,,,0,missing_dwt_boundary,,,,160.0
sele0211,3,neurokit_dwt_ch1,250.0,150593,150609,150614,150606,150592,150660,1,,-4.0,184.0,188.0,94.0
sele0211,4,neurokit_dwt_ch1,250.0,150739,150753,150761,150751,150736,150776,1,,-12.0,60.0,72.0,36.0
sele0211,5,neurokit_dwt_ch1,250.0,150883,150898,150906,150896,150881,150948,1,,-8.0,168.0,176.0,88.0
sele0211,6,neurokit_dwt_ch1,250.0,151028,151042,151049,151040,151026,151090,1,,-8.0,164.0,172.0,86.0
sele0211,7,neurokit_dwt_ch1,250.0,151173,151187,151194,151184,151171,151239,1,,-8.0,180.0,188.0,94.0
sele0211,8,neurokit_dwt_ch1,250.0,151319,151332,151336,151330,151315,151383,1,,-16.0,188.0,204.0,102.0
sele0211,9,neurokit_dwt_ch1,250.0,151461,151477,151485,151475,151461,151500,1,,0.0,60.0,60.0,30.0
sele0211,10,neurokit_dwt_ch1,250.0,151608,151623,151629,151621,151606,151640,1,,-8.0,44.0,52.0,26.0
sele0211,11,neurokit_dwt_ch1,250.0,151753,151768,151773,151766,151751,151784,1,,-8.0,44.0,52.0,26.0
sele0211,12,neurokit_dwt_ch1,250.0,151898,151913,151919,151911,151895,151960,1,,-12.0,164.0,176.0,88.0
sele0211,13,neurokit_dwt_ch1,250.0,152043,152058,152063,152056,152042,152081,1,,-4.0,72.0,76.0,38.0
sele0211,14,neurokit_dwt_ch1,250.0,152188,152203,152208,,,,0,missing_dwt_boundary,,,,160.0
sele0211,15,neurokit_dwt_ch1,250.0,152331,152348,152354,152346,152332,152379,1,,4.0,100.0,96.0,52.0
sele0211,16,neurokit_dwt_ch1,250.0,152480,152493,152499,152491,152477,152544,1,,-12.0,180.0,192.0,96.0
sele0211,17,neurokit_dwt_ch1,250.0,152622,152638,152644,152636,152622,152686,1,,0.0,168.0,168.0,84.0
sele0211,18,neurokit_dwt_ch1,250.0,152767,152783,152787,152781,152767,152804,1,,0.0,68.0,68.0,34.0
sele0211,19,neurokit_dwt_ch1,250.0,152914,152929,152934,152927,152912,152980,1,,-8.0,184.0,192.0,96.0
sele0211,20,neurokit_dwt_ch1,250.0,153060,153074,153079,153072,153058,153125,1,,-8.0,184.0,192.0,96.0
sele0211,21,neurokit_dwt_ch1,250.0,153202,153219,153225,153217,153202,153269,1,,0.0,176.0,176.0,88.0
sele0211,22,neurokit_dwt_ch1,250.0,153349,153364,153369,,,,0,missing_dwt_boundary,,,,160.0
sele0211,23,neurokit_dwt_ch1,250.0,153495,153509,153514,153507,153492,153560,1,,-12.0,184.0,196.0,98.0
sele0211,24,neurokit_dwt_ch1,250.0,153639,153653,153659,153651,153637,153674,1,,-8.0,60.0,68.0,34.0
sele0211,25,neurokit_dwt_ch1,250.0,153782,153797,153803,153795,153781,153848,1,,-4.0,180.0,184.0,92.0
sele0211,26,neurokit_dwt_ch1,250.0,153924,153942,153948,153940,153926,153965,1,,8.0,68.0,60.0,38.0
sele0211,27,neurokit_dwt_ch1,250.0,154070,154087,154096,154085,154071,154138,1,,4.0,168.0,164.0,86.0
sele0211,28,neurokit_dwt_ch1,250.0,154217,154230,154237,154228,154214,154249,1,,-12.0,48.0,60.0,30.0
sele0211,29,neurokit_dwt_ch1,250.0,154357,154373,154383,154371,154356,154389,1,,-4.0,24.0,28.0,14.0
sele0405,0,neurokit_dwt_ch0,250.0,150237,150253,150260,150252,150224,150262,1,,-52.0,8.0,60.0,30.0
sele0405,1,neurokit_dwt_ch0,250.0,150419,150433,150441,150432,150402,150443,1,,-68.0,8.0,76.0,38.0
sele0405,2,neurokit_dwt_ch0,250.0,150604,150613,150621,150612,150582,150623,1,,-88.0,8.0,96.0,48.0
sele0405,3,neurokit_dwt_ch0,250.0,150782,150793,150801,150792,150762,150802,1,,-80.0,4.0,84.0,42.0
sele0405,4,neurokit_dwt_ch0,250.0,150956,150969,150977,150968,150939,150978,1,,-68.0,4.0,72.0,36.0
sele0405,5,neurokit_dwt_ch0,250.0,151123,151136,151143,151135,151107,151145,1,,-64.0,8.0,72.0,36.0
sele0405,6,neurokit_dwt_ch0,250.0,151292,151307,151312,151305,151279,151316,1,,-52.0,16.0,68.0,34.0
sele0405,7,neurokit_dwt_ch0,250.0,151463,151474,151481,151472,151452,151483,1,,-44.0,8.0,52.0,26.0
sele0405,8,neurokit_dwt_ch0,250.0,151624,151638,151645,151637,151621,151647,1,,-12.0,8.0,20.0,10.0
sele0405,9,neurokit_dwt_ch0,250.0,151790,151801,151807,151799,151769,151810,1,,-84.0,12.0,96.0,48.0
sele0405,10,neurokit_dwt_ch0,250.0,151952,151964,151971,151963,151938,151974,1,,-56.0,12.0,68.0,34.0
sele0405,11,neurokit_dwt_ch0,250.0,152111,152124,152131,152122,152094,152133,1,,-68.0,8.0,76.0,38.0
sele0405,12,neurokit_dwt_ch0,250.0,152268,152281,152287,152280,152253,152292,1,,-60.0,20.0,80.0,40.0
sele0405,13,neurokit_dwt_ch0,250.0,152428,152439,152447,152437,152406,152449,1,,-88.0,8.0,96.0,48.0
sele0405,14,neurokit_dwt_ch0,250.0,152587,152597,152604,152595,152566,152606,1,,-84.0,8.0,92.0,46.0
sele0405,15,neurokit_dwt_ch0,250.0,152749,152758,152768,152757,152727,152767,1,,-88.0,-4.0,84.0,46.0
sele0405,16,neurokit_dwt_ch0,250.0,152914,152919,152930,152918,152889,152928,1,,-100.0,-8.0,92.0,54.0
sele0405,17,neurokit_dwt_ch0,250.0,153071,153081,153091,153080,153051,153091,1,,-80.0,0.0,80.0,40.0
sele0405,18,neurokit_dwt_ch0,250.0,153227,153242,153249,153241,153219,153253,1,,-32.0,16.0,48.0,24.0
sele0405,19,neurokit_dwt_ch0,250.0,153391,153404,153412,153402,153377,153414,1,,-56.0,8.0,64.0,32.0
sele0405,20,neurokit_dwt_ch0,250.0,153555,153566,153577,153565,153540,153576,1,,-60.0,-4.0,56.0,32.0
sele0405,21,neurokit_dwt_ch0,250.0,153718,153731,153743,153730,153714,153742,1,,-16.0,-4.0,12.0,10.0
sele0405,22,neurokit_dwt_ch0,250.0,153879,153896,153903,153895,153867,153906,1,,-48.0,12.0,60.0,30.0
sele0405,23,neurokit_dwt_ch0,250.0,154047,154060,154067,154059,154035,154070,1,,-48.0,12.0,60.0,30.0
sele0405,24,neurokit_dwt_ch0,250.0,154214,154228,154236,154227,154209,154238,1,,-20.0,8.0,28.0,14.0
sele0405,25,neurokit_dwt_ch0,250.0,154385,154396,154402,154394,154367,154405,1,,-72.0,12.0,84.0,42.0
sele0405,26,neurokit_dwt_ch0,250.0,154552,154564,154573,154563,154533,154574,1,,-76.0,4.0,80.0,40.0
sele0405,27,neurokit_dwt_ch0,250.0,154724,154732,154738,154731,154702,154742,1,,-88.0,16.0,104.0,52.0
sele0405,28,neurokit_dwt_ch0,250.0,154885,154899,154905,154898,154868,154908,1,,-68.0,12.0,80.0,40.0
sele0405,29,neurokit_dwt_ch0,250.0,155053,155063,155069,155061,155034,155072,1,,-76.0,12.0,88.0,44.0
sele0405,0,neurokit_dwt_ch1,250.0,150237,150253,150260,150243,150222,150261,1,,-60.0,4.0,64.0,32.0
sele0405,1,neurokit_dwt_ch1,250.0,150419,150433,150441,150423,150414,150440,1,,-20.0,-4.0,16.0,12.0
sele0405,2,neurokit_dwt_ch1,250.0,150604,150613,150621,150603,150575,150620,1,,-116.0,-4.0,112.0,60.0
sele0405,3,neurokit_dwt_ch1,250.0,150782,150793,150801,150782,150774,150800,1,,-32.0,-4.0,28.0,18.0
sele0405,4,neurokit_dwt_ch1,250.0,150956,150969,150977,150958,150950,150975,1,,-24.0,-8.0,16.0,16.0
sele0405,5,neurokit_dwt_ch1,250.0,151123,151136,151143,151126,151116,151143,1,,-28.0,0.0,28.0,14.0
sele0405,6,neurokit_dwt_ch1,250.0,151292,151307,151312,151296,151268,151313,1,,-96.0,4.0,100.0,50.0
sele0405,7,neurokit_dwt_ch1,250.0,151463,151474,151481,151463,151453,151480,1,,-40.0,-4.0,36.0,22.0
sele0405,8,neurokit_dwt_ch1,250.0,151624,151638,151645,151627,151619,151644,1,,-20.0,-4.0,16.0,12.0
sele0405,9,neurokit_dwt_ch1,250.0,151790,151801,151807,151790,151761,151807,1,,-116.0,0.0,116.0,58.0
sele0405,10,neurokit_dwt_ch1,250.0,151952,151964,151971,151953,151934,151971,1,,-72.0,0.0,72.0,36.0
sele0405,11,neurokit_dwt_ch1,250.0,152111,152124,152131,152113,152100,152131,1,,-44.0,0.0,44.0,22.0
sele0405,12,neurokit_dwt_ch1,250.0,152268,152281,152287,152271,152254,152289,1,,-56.0,8.0,64.0,32.0
sele0405,13,neurokit_dwt_ch1,250.0,152428,152439,152447,152429,152416,152446,1,,-48.0,-4.0,44.0,26.0
sele0405,14,neurokit_dwt_ch1,250.0,152587,152597,152604,152586,152566,152603,1,,-84.0,-4.0,80.0,44.0
sele0405,15,neurokit_dwt_ch1,250.0,152749,152758,152768,152747,152730,152764,1,,-76.0,-16.0,60.0,46.0
sele0405,16,neurokit_dwt_ch1,250.0,152914,152919,152930,152908,152880,152925,1,,-136.0,-20.0,116.0,78.0
sele0405,17,neurokit_dwt_ch1,250.0,153071,153081,153091,153070,153043,153088,1,,-112.0,-12.0,100.0,62.0
sele0405,18,neurokit_dwt_ch1,250.0,153227,153242,153249,153232,153211,153250,1,,-64.0,4.0,68.0,34.0
sele0405,19,neurokit_dwt_ch1,250.0,153391,153404,153412,153394,153376,153412,1,,-60.0,0.0,60.0,30.0
sele0405,20,neurokit_dwt_ch1,250.0,153555,153566,153577,153556,153536,153574,1,,-76.0,-12.0,64.0,44.0
sele0405,21,neurokit_dwt_ch1,250.0,153718,153731,153743,153721,153707,153739,1,,-44.0,-16.0,28.0,30.0
sele0405,22,neurokit_dwt_ch1,250.0,153879,153896,153903,153886,153871,153905,1,,-32.0,8.0,40.0,20.0
sele0405,23,neurokit_dwt_ch1,250.0,154047,154060,154067,154050,154028,154068,1,,-76.0,4.0,80.0,40.0
sele0405,24,neurokit_dwt_ch1,250.0,154214,154228,154236,154218,154200,154235,1,,-56.0,-4.0,52.0,30.0
sele0405,25,neurokit_dwt_ch1,250.0,154385,154396,154402,154385,154376,154403,1,,-36.0,4.0,40.0,20.0
sele0405,26,neurokit_dwt_ch1,250.0,154552,154564,154573,154554,154526,154571,1,,-104.0,-8.0,96.0,56.0
sele0405,27,neurokit_dwt_ch1,250.0,154724,154732,154738,154722,154707,154739,1,,-68.0,4.0,72.0,36.0
sele0405,28,neurokit_dwt_ch1,250.0,154885,154899,154905,154888,154862,154905,1,,-92.0,0.0,92.0,46.0
sele0405,29,neurokit_dwt_ch1,250.0,155053,155063,155069,155053,155031,155070,1,,-88.0,4.0,92.0,46.0
sele0406,0,neurokit_dwt_ch0,250.0,150429,150442,150451,150440,150408,150453,1,,-84.0,8.0,92.0,46.0
sele0406,1,neurokit_dwt_ch0,250.0,150669,150682,150690,150679,150648,150693,1,,-84.0,12.0,96.0,48.0
sele0406,2,neurokit_dwt_ch0,250.0,150904,150918,150925,150915,150883,150928,1,,-84.0,12.0,96.0,48.0
sele0406,3,neurokit_dwt_ch0,250.0,151143,151154,151163,151152,151120,151165,1,,-92.0,8.0,100.0,50.0
sele0406,4,neurokit_dwt_ch0,250.0,151379,151391,151400,151389,151357,151401,1,,-88.0,4.0,92.0,46.0
sele0406,5,neurokit_dwt_ch0,250.0,151613,151625,151632,151622,151590,151635,1,,-92.0,12.0,104.0,52.0
sele0406,6,neurokit_dwt_ch0,250.0,151838,151849,151858,151848,151816,151861,1,,-88.0,12.0,100.0,50.0
sele0406,7,neurokit_dwt_ch0,250.0,152069,152082,152089,152080,152046,152092,1,,-92.0,12.0,104.0,52.0
sele0406,8,neurokit_dwt_ch0,250.0,152304,152319,152327,152316,152284,152329,1,,-80.0,8.0,88.0,44.0
sele0406,9,neurokit_dwt_ch0,250.0,152545,152558,152567,152556,152524,152570,1,,-84.0,12.0,96.0,48.0
sele0406,10,neurokit_dwt_ch0,250.0,152788,152802,152811,152798,152765,152811,1,,-92.0,0.0,92.0,46.0
sele0406,11,neurokit_dwt_ch0,250.0,153037,153050,153059,153047,153014,153060,1,,-92.0,4.0,96.0,48.0
sele0406,12,neurokit_dwt_ch0,250.0,153282,153294,153303,153293,153259,153306,1,,-92.0,12.0,104.0,52.0
sele0406,13,neurokit_dwt_ch0,250.0,153527,153541,153550,153539,153506,153552,1,,-84.0,8.0,92.0,46.0
sele0406,14,neurokit_dwt_ch0,250.0,153773,153786,153795,153784,153753,153797,1,,-80.0,8.0,88.0,44.0
sele0406,15,neurokit_dwt_ch0,250.0,154004,154018,154026,154016,153985,154029,1,,-76.0,12.0,88.0,44.0
sele0406,16,neurokit_dwt_ch0,250.0,154242,154254,154261,154252,154220,154265,1,,-88.0,16.0,104.0,52.0
sele0406,17,neurokit_dwt_ch0,250.0,154478,154493,154500,154491,154460,154504,1,,-72.0,16.0,88.0,44.0
sele0406,18,neurokit_dwt_ch0,250.0,154712,154725,154735,154723,154692,154737,1,,-80.0,8.0,88.0,44.0
sele0406,19,neurokit_dwt_ch0,250.0,154946,154959,154969,154956,154924,154969,1,,-88.0,0.0,88.0,44.0
sele0406,20,neurokit_dwt_ch0,250.0,155180,155195,155204,155193,155173,155206,1,,-28.0,8.0,36.0,18.0
sele0406,21,neurokit_dwt_ch0,250.0,155417,155428,155437,155426,155394,155439,1,,-92.0,8.0,100.0,50.0
sele0406,22,neurokit_dwt_ch0,250.0,155652,155667,155675,155665,155633,155678,1,,-76.0,12.0,88.0,44.0
sele0406,23,neurokit_dwt_ch0,250.0,155892,155904,155912,155901,155870,155915,1,,-88.0,12.0,100.0,50.0
sele0406,24,neurokit_dwt_ch0,250.0,156131,156145,156152,156142,156110,156155,1,,-84.0,12.0,96.0,48.0
sele0406,25,neurokit_dwt_ch0,250.0,156370,156382,156393,156381,156349,156394,1,,-84.0,4.0,88.0,44.0
sele0406,26,neurokit_dwt_ch0,250.0,156611,156625,156634,156623,156590,156636,1,,-84.0,8.0,92.0,46.0
sele0406,27,neurokit_dwt_ch0,250.0,156857,156872,156880,156870,156838,156883,1,,-76.0,12.0,88.0,44.0
sele0406,28,neurokit_dwt_ch0,250.0,157104,157116,157126,157114,157082,157127,1,,-88.0,4.0,92.0,46.0
sele0406,29,neurokit_dwt_ch0,250.0,157350,157365,157373,157362,157330,157376,1,,-80.0,12.0,92.0,46.0
sele0406,30,neurokit_dwt_ch0,250.0,216734,216749,216757,216745,216713,216758,1,,-84.0,4.0,88.0,44.0
sele0406,0,neurokit_dwt_ch1,250.0,150429,150442,150451,,,,0,missing_dwt_boundary,,,,160.0
sele0406,1,neurokit_dwt_ch1,250.0,150669,150682,150690,,,,0,missing_dwt_boundary,,,,160.0
sele0406,2,neurokit_dwt_ch1,250.0,150904,150918,150925,,,,0,missing_dwt_boundary,,,,160.0
sele0406,3,neurokit_dwt_ch1,250.0,151143,151154,151163,,,,0,missing_dwt_boundary,,,,160.0
sele0406,4,neurokit_dwt_ch1,250.0,151379,151391,151400,,,,0,missing_dwt_boundary,,,,160.0
sele0406,5,neurokit_dwt_ch1,250.0,151613,151625,151632,,,,0,missing_dwt_boundary,,,,160.0
sele0406,6,neurokit_dwt_ch1,250.0,151838,151849,151858,,,,0,missing_dwt_boundary,,,,160.0
sele0406,7,neurokit_dwt_ch1,250.0,152069,152082,152089,,,,0,missing_dwt_boundary,,,,160.0
sele0406,8,neurokit_dwt_ch1,250.0,152304,152319,152327,,,,0,missing_dwt_boundary,,,,160.0
sele0406,9,neurokit_dwt_ch1,250.0,152545,152558,152567,152557,152523,152570,1,,-88.0,12.0,100.0,50.0
sele0406,10,neurokit_dwt_ch1,250.0,152788,152802,152811,,,,0,missing_dwt_boundary,,,,160.0
sele0406,11,neurokit_dwt_ch1,250.0,153037,153050,153059,,,,0,missing_dwt_boundary,,,,160.0
sele0406,12,neurokit_dwt_ch1,250.0,153282,153294,153303,,,,0,missing_dwt_boundary,,,,160.0
sele0406,13,neurokit_dwt_ch1,250.0,153527,153541,153550,,,,0,missing_dwt_boundary,,,,160.0
sele0406,14,neurokit_dwt_ch1,250.0,153773,153786,153795,,,,0,missing_dwt_boundary,,,,160.0
sele0406,15,neurokit_dwt_ch1,250.0,154004,154018,154026,,,,0,missing_dwt_boundary,,,,160.0
sele0406,16,neurokit_dwt_ch1,250.0,154242,154254,154261,,,,0,missing_dwt_boundary,,,,160.0
sele0406,17,neurokit_dwt_ch1,250.0,154478,154493,154500,,,,0,missing_dwt_boundary,,,,160.0
sele0406,18,neurokit_dwt_ch1,250.0,154712,154725,154735,,,,0,missing_dwt_boundary,,,,160.0
sele0406,19,neurokit_dwt_ch1,250.0,154946,154959,154969,,,,0,missing_dwt_boundary,,,,160.0
sele0406,20,neurokit_dwt_ch1,250.0,155180,155195,155204,,,,0,missing_dwt_boundary,,,,160.0
sele0406,21,neurokit_dwt_ch1,250.0,155417,155428,155437,,,,0,missing_dwt_boundary,,,,160.0
sele0406,22,neurokit_dwt_ch1,250.0,155652,155667,155675,,,,0,missing_dwt_boundary,,,,160.0
sele0406,23,neurokit_dwt_ch1,250.0,155892,155904,155912,,,,0,missing_dwt_boundary,,,,160.0
sele0406,24,neurokit_dwt_ch1,250.0,156131,156145,156152,,,,0,missing_dwt_boundary,,,,160.0
sele0406,25,neurokit_dwt_ch1,250.0,156370,156382,156393,,,,0,missing_dwt_boundary,,,,160.0
sele0406,26,neurokit_dwt_ch1,250.0,156611,156625,156634,,,,0,missing_dwt_boundary,,,,160.0
sele0406,27,neurokit_dwt_ch1,250.0,156857,156872,156880,,,,0,missing_dwt_boundary,,,,160.0
sele0406,28,neurokit_dwt_ch1,250.0,157104,157116,157126,,,,0,missing_dwt_boundary,,,,160.0
sele0406,29,neurokit_dwt_ch1,250.0,157350,157365,157373,,,,0,missing_dwt_boundary,,,,160.0
sele0406,30,neurokit_dwt_ch1,250.0,216734,216749,216757,216746,216727,216767,1,,-28.0,40.0,68.0,34.0
sele0411,0,neurokit_dwt_ch0,250.0,150241,150253,150265,150252,150218,150268,1,,-92.0,12.0,104.0,52.0
sele0411,1,neurokit_dwt_ch0,250.0,150425,150438,150452,150437,150421,150453,1,,-16.0,4.0,20.0,10.0
sele0411,2,neurokit_dwt_ch0,250.0,150620,150627,150644,150627,150592,150642,1,,-112.0,-8.0,104.0,60.0
sele0411,3,neurokit_dwt_ch0,250.0,150810,150822,150836,150821,150805,150836,1,,-20.0,0.0,20.0,10.0
sele0411,4,neurokit_dwt_ch0,250.0,150997,151011,151023,151010,150976,151026,1,,-84.0,12.0,96.0,48.0
sele0411,5,neurokit_dwt_ch0,250.0,151185,151195,151208,151194,151163,151210,1,,-88.0,8.0,96.0,48.0
sele0411,6,neurokit_dwt_ch0,250.0,151372,151383,151393,151382,151350,151397,1,,-88.0,16.0,104.0,52.0
sele0411,7,neurokit_dwt_ch0,250.0,151564,151574,151586,151572,151540,151587,1,,-96.0,4.0,100.0,50.0
sele0411,8,neurokit_dwt_ch0,250.0,151756,151769,151782,151768,151737,151783,1,,-76.0,4.0,80.0,40.0
sele0411,9,neurokit_dwt_ch0,250.0,151947,151956,151975,151954,151921,151971,1,,-104.0,-16.0,88.0,60.0
sele0411,10,neurokit_dwt_ch0,250.0,152129,152138,152149,152137,152106,152152,1,,-92.0,12.0,104.0,52.0
sele0411,11,neurokit_dwt_ch0,250.0,152311,152322,152331,152321,152290,152336,1,,-84.0,20.0,104.0,52.0
sele0411,12,neurokit_dwt_ch0,250.0,152500,152510,152522,152509,152478,152524,1,,-88.0,8.0,96.0,48.0
sele0411,13,neurokit_dwt_ch0,250.0,152689,152701,152716,152700,152670,152715,1,,-76.0,-4.0,72.0,40.0
sele0411,14,neurokit_dwt_ch0,250.0,152877,152887,152900,152886,152855,152902,1,,-88.0,8.0,96.0,48.0
sele0411,15,neurokit_dwt_ch0,250.0,153060,153072,153092,153071,153052,153086,1,,-32.0,-24.0,8.0,28.0
sele0411,16,neurokit_dwt_ch0,250.0,153249,153260,153270,153259,153227,153274,1,,-88.0,16.0,104.0,52.0
sele0411,17,neurokit_dwt_ch0,250.0,153441,153449,153458,153448,153417,153463,1,,-96.0,20.0,116.0,58.0
sele0411,18,neurokit_dwt_ch0,250.0,153630,153639,153650,153638,153606,153653,1,,-96.0,12.0,108.0,54.0
sele0411,19,neurokit_dwt_ch0,250.0,153811,153823,153839,153822,153791,153837,1,,-80.0,-8.0,72.0,44.0
sele0411,20,neurokit_dwt_ch0,250.0,153999,154011,154024,154010,153978,154026,1,,-84.0,8.0,92.0,46.0
sele0411,21,neurokit_dwt_ch0,250.0,154198,154208,154219,154207,154176,154222,1,,-88.0,12.0,100.0,50.0
sele0411,22,neurokit_dwt_ch0,250.0,154399,154410,154422,154409,154378,154424,1,,-84.0,8.0,92.0,46.0
sele0411,23,neurokit_dwt_ch0,250.0,154595,154604,154615,154603,154571,154618,1,,-96.0,12.0,108.0,54.0
sele0411,24,neurokit_dwt_ch0,250.0,154783,154793,154805,154793,154761,154808,1,,-88.0,12.0,100.0,50.0
sele0411,25,neurokit_dwt_ch0,250.0,154976,154989,155000,154988,154956,155003,1,,-80.0,12.0,92.0,46.0
sele0411,26,neurokit_dwt_ch0,250.0,155173,155184,155193,155182,155162,155198,1,,-44.0,20.0,64.0,32.0
sele0411,27,neurokit_dwt_ch0,250.0,155361,155371,155386,155370,155350,155386,1,,-44.0,0.0,44.0,22.0
sele0411,28,neurokit_dwt_ch0,250.0,155542,155552,155565,155551,155519,155566,1,,-92.0,4.0,96.0,48.0
sele0411,29,neurokit_dwt_ch0,250.0,155730,155739,155749,155739,155706,155753,1,,-96.0,16.0,112.0,56.0
sele0411,0,neurokit_dwt_ch1,250.0,150241,150253,150265,150251,150238,150269,1,,-12.0,16.0,28.0,14.0
sele0411,1,neurokit_dwt_ch1,250.0,150425,150438,150452,150436,150416,150495,1,,-36.0,172.0,208.0,104.0
sele0411,2,neurokit_dwt_ch1,250.0,150620,150627,150644,150626,150611,150685,1,,-36.0,164.0,200.0,100.0
sele0411,3,neurokit_dwt_ch1,250.0,150810,150822,150836,150820,150807,150881,1,,-12.0,180.0,192.0,96.0
sele0411,4,neurokit_dwt_ch1,250.0,150997,151011,151023,151010,150996,151070,1,,-4.0,188.0,192.0,96.0
sele0411,5,neurokit_dwt_ch1,250.0,151185,151195,151208,151194,151179,151251,1,,-24.0,172.0,196.0,98.0
sele0411,6,neurokit_dwt_ch1,250.0,151372,151383,151393,151381,151367,151440,1,,-20.0,188.0,208.0,104.0
sele0411,7,neurokit_dwt_ch1,250.0,151564,151574,151586,151571,151557,151632,1,,-28.0,184.0,212.0,106.0
sele0411,8,neurokit_dwt_ch1,250.0,151756,151769,151782,151768,151735,151782,1,,-84.0,0.0,84.0,42.0
sele0411,9,neurokit_dwt_ch1,250.0,151947,151956,151975,151954,151918,152012,1,,-116.0,148.0,264.0,132.0
sele0411,10,neurokit_dwt_ch1,250.0,152129,152138,152149,152136,152123,152195,1,,-24.0,184.0,208.0,104.0
sele0411,11,neurokit_dwt_ch1,250.0,152311,152322,152331,152320,152286,152379,1,,-100.0,192.0,292.0,146.0
sele0411,12,neurokit_dwt_ch1,250.0,152500,152510,152522,152508,152493,152568,1,,-28.0,184.0,212.0,106.0
sele0411,13,neurokit_dwt_ch1,250.0,152689,152701,152716,152700,152685,152717,1,,-16.0,4.0,20.0,10.0
sele0411,14,neurokit_dwt_ch1,250.0,152877,152887,152900,152886,152872,152942,1,,-20.0,168.0,188.0,94.0
sele0411,15,neurokit_dwt_ch1,250.0,153060,153072,153092,153070,153056,153128,1,,-16.0,144.0,160.0,80.0
sele0411,16,neurokit_dwt_ch1,250.0,153249,153260,153270,153259,153225,153279,1,,-96.0,36.0,132.0,66.0
sele0411,17,neurokit_dwt_ch1,250.0,153441,153449,153458,153448,153434,153507,1,,-28.0,196.0,224.0,112.0
sele0411,18,neurokit_dwt_ch1,250.0,153630,153639,153650,153638,153624,153663,1,,-24.0,52.0,76.0,38.0
sele0411,19,neurokit_dwt_ch1,250.0,153811,153823,153839,153821,153807,153876,1,,-16.0,148.0,164.0,82.0
sele0411,20,neurokit_dwt_ch1,250.0,153999,154011,154024,154009,153996,154068,1,,-12.0,176.0,188.0,94.0
sele0411,21,neurokit_dwt_ch1,250.0,154198,154208,154219,154207,154193,154265,1,,-20.0,184.0,204.0,102.0
sele0411,22,neurokit_dwt_ch1,250.0,154399,154410,154422,154408,154394,154430,1,,-20.0,32.0,52.0,26.0
sele0411,23,neurokit_dwt_ch1,250.0,154595,154604,154615,154603,154589,154623,1,,-24.0,32.0,56.0,28.0
sele0411,24,neurokit_dwt_ch1,250.0,154783,154793,154805,154792,154778,154813,1,,-20.0,32.0,52.0,26.0
sele0411,25,neurokit_dwt_ch1,250.0,154976,154989,155000,154987,154973,155045,1,,-12.0,180.0,192.0,96.0
sele0411,26,neurokit_dwt_ch1,250.0,155173,155184,155193,155182,155168,155199,1,,-20.0,24.0,44.0,22.0
sele0411,27,neurokit_dwt_ch1,250.0,155361,155371,155386,155370,155333,155395,1,,-112.0,36.0,148.0,74.0
sele0411,28,neurokit_dwt_ch1,250.0,155542,155552,155565,155551,155537,155583,1,,-20.0,72.0,92.0,46.0
sele0411,29,neurokit_dwt_ch1,250.0,155730,155739,155749,155738,155724,155797,1,,-24.0,192.0,216.0,108.0
sele0509,0,neurokit_dwt_ch0,250.0,150242,150253,150272,150253,150216,150319,1,,-104.0,188.0,292.0,146.0
sele0509,1,neurokit_dwt_ch0,250.0,150460,150470,150489,150469,150433,150480,1,,-108.0,-36.0,72.0,72.0
sele0509,2,neurokit_dwt_ch0,250.0,150677,150686,150706,150685,150649,150751,1,,-112.0,180.0,292.0,146.0
sele0509,3,neurokit_dwt_ch0,250.0,150888,150899,150916,150898,150862,150962,1,,-104.0,184.0,288.0,144.0
sele0509,4,neurokit_dwt_ch0,250.0,151096,151106,151124,151105,151070,151170,1,,-104.0,184.0,288.0,144.0
sele0509,5,neurokit_dwt_ch0,250.0,151312,151321,151339,151320,151284,151331,1,,-112.0,-32.0,80.0,72.0
sele0509,6,neurokit_dwt_ch0,250.0,151528,151538,151556,,,,0,missing_dwt_boundary,,,,160.0
sele0509,7,neurokit_dwt_ch0,250.0,151744,151753,151774,151752,151716,151816,1,,-112.0,168.0,280.0,140.0
sele0509,8,neurokit_dwt_ch0,250.0,151960,151969,151988,151968,151932,151979,1,,-112.0,-36.0,76.0,74.0
sele0509,9,neurokit_dwt_ch0,250.0,152178,152189,152206,152188,152152,152198,1,,-104.0,-32.0,72.0,68.0
sele0509,10,neurokit_dwt_ch0,250.0,152402,152413,152430,152412,152375,152477,1,,-108.0,188.0,296.0,148.0
sele0509,11,neurokit_dwt_ch0,250.0,152630,152640,152660,,,,0,missing_dwt_boundary,,,,160.0
sele0509,12,neurokit_dwt_ch0,250.0,152863,152873,152892,152872,152837,152937,1,,-104.0,180.0,284.0,142.0
sele0509,13,neurokit_dwt_ch0,250.0,153089,153101,153118,153100,153064,153130,1,,-100.0,48.0,148.0,74.0
sele0509,14,neurokit_dwt_ch0,250.0,153318,153325,153343,153325,153288,153336,1,,-120.0,-28.0,92.0,74.0
sele0509,15,neurokit_dwt_ch0,250.0,153544,153552,153570,153552,153515,153572,1,,-116.0,8.0,124.0,62.0
sele0509,16,neurokit_dwt_ch0,250.0,153761,153772,153791,153772,153737,153792,1,,-96.0,4.0,100.0,50.0
sele0509,17,neurokit_dwt_ch0,250.0,153980,153990,154010,153990,153953,154010,1,,-108.0,0.0,108.0,54.0
sele0509,18,neurokit_dwt_ch0,250.0,154201,154211,154230,154211,154174,154232,1,,-108.0,8.0,116.0,58.0
sele0509,19,neurokit_dwt_ch0,250.0,154419,154429,154447,154429,154392,154492,1,,-108.0,180.0,288.0,144.0
sele0509,20,neurokit_dwt_ch0,250.0,154636,154645,154664,154644,154609,154677,1,,-108.0,52.0,160.0,80.0
sele0509,21,neurokit_dwt_ch0,250.0,154853,154863,154881,154862,154826,154884,1,,-108.0,12.0,120.0,60.0
sele0509,22,neurokit_dwt_ch0,250.0,155075,155084,155101,155083,155047,155094,1,,-112.0,-28.0,84.0,70.0
sele0509,23,neurokit_dwt_ch0,250.0,155291,155302,155320,155302,155266,155366,1,,-100.0,184.0,284.0,142.0
sele0509,24,neurokit_dwt_ch0,250.0,155504,155515,155535,155514,155479,155541,1,,-100.0,24.0,124.0,62.0
sele0509,25,neurokit_dwt_ch0,250.0,155720,155728,155748,155728,155690,155739,1,,-120.0,-36.0,84.0,78.0
sele0509,26,neurokit_dwt_ch0,250.0,155932,155942,155961,155942,155905,155952,1,,-108.0,-36.0,72.0,72.0
sele0509,27,neurokit_dwt_ch0,250.0,156146,156156,156174,156155,156120,156221,1,,-104.0,188.0,292.0,146.0
sele0509,28,neurokit_dwt_ch0,250.0,156356,156366,156384,156365,156329,156391,1,,-108.0,28.0,136.0,68.0
sele0509,29,neurokit_dwt_ch0,250.0,156564,156574,156595,156573,156537,156584,1,,-108.0,-44.0,64.0,76.0
sele0509,0,neurokit_dwt_ch1,250.0,150242,150253,150272,,,,0,missing_dwt_boundary,,,,160.0
sele0509,1,neurokit_dwt_ch1,250.0,150460,150470,150489,,,,0,missing_dwt_boundary,,,,160.0
sele0509,2,neurokit_dwt_ch1,250.0,150677,150686,150706,,,,0,missing_dwt_boundary,,,,160.0
sele0509,3,neurokit_dwt_ch1,250.0,150888,150899,150916,,,,0,missing_dwt_boundary,,,,160.0
sele0509,4,neurokit_dwt_ch1,250.0,151096,151106,151124,,,,0,missing_dwt_boundary,,,,160.0
sele0509,5,neurokit_dwt_ch1,250.0,151312,151321,151339,,,,0,missing_dwt_boundary,,,,160.0
sele0509,6,neurokit_dwt_ch1,250.0,151528,151538,151556,,,,0,missing_dwt_boundary,,,,160.0
sele0509,7,neurokit_dwt_ch1,250.0,151744,151753,151774,,,,0,missing_dwt_boundary,,,,160.0
sele0509,8,neurokit_dwt_ch1,250.0,151960,151969,151988,,,,0,missing_dwt_boundary,,,,160.0
sele0509,9,neurokit_dwt_ch1,250.0,152178,152189,152206,,,,0,missing_dwt_boundary,,,,160.0
sele0509,10,neurokit_dwt_ch1,250.0,152402,152413,152430,,,,0,missing_dwt_boundary,,,,160.0
sele0509,11,neurokit_dwt_ch1,250.0,152630,152640,152660,,,,0,missing_dwt_boundary,,,,160.0
sele0509,12,neurokit_dwt_ch1,250.0,152863,152873,152892,,,,0,missing_dwt_boundary,,,,160.0
sele0509,13,neurokit_dwt_ch1,250.0,153089,153101,153118,,,,0,missing_dwt_boundary,,,,160.0
sele0509,14,neurokit_dwt_ch1,250.0,153318,153325,153343,,,,0,missing_dwt_boundary,,,,160.0
sele0509,15,neurokit_dwt_ch1,250.0,153544,153552,153570,,,,0,missing_dwt_boundary,,,,160.0
sele0509,16,neurokit_dwt_ch1,250.0,153761,153772,153791,,,,0,missing_dwt_boundary,,,,160.0
sele0509,17,neurokit_dwt_ch1,250.0,153980,153990,154010,,,,0,missing_dwt_boundary,,,,160.0
sele0509,18,neurokit_dwt_ch1,250.0,154201,154211,154230,,,,0,missing_dwt_boundary,,,,160.0
sele0509,19,neurokit_dwt_ch1,250.0,154419,154429,154447,,,,0,missing_dwt_boundary,,,,160.0
sele0509,20,neurokit_dwt_ch1,250.0,154636,154645,154664,,,,0,missing_dwt_boundary,,,,160.0
sele0509,21,neurokit_dwt_ch1,250.0,154853,154863,154881,,,,0,missing_dwt_boundary,,,,160.0
sele0509,22,neurokit_dwt_ch1,250.0,155075,155084,155101,,,,0,missing_dwt_boundary,,,,160.0
sele0509,23,neurokit_dwt_ch1,250.0,155291,155302,155320,,,,0,missing_dwt_boundary,,,,160.0
sele0509,24,neurokit_dwt_ch1,250.0,155504,155515,155535,,,,0,missing_dwt_boundary,,,,160.0
sele0509,25,neurokit_dwt_ch1,250.0,155720,155728,155748,,,,0,missing_dwt_boundary,,,,160.0
sele0509,26,neurokit_dwt_ch1,250.0,155932,155942,155961,,,,0,missing_dwt_boundary,,,,160.0
sele0509,27,neurokit_dwt_ch1,250.0,156146,156156,156174,,,,0,missing_dwt_boundary,,,,160.0
sele0509,28,neurokit_dwt_ch1,250.0,156356,156366,156384,,,,0,missing_dwt_boundary,,,,160.0
sele0509,29,neurokit_dwt_ch1,250.0,156564,156574,156595,,,,0,missing_dwt_boundary,,,,160.0
sele0604,0,neurokit_dwt_ch0,250.0,150226,150238,150249,150233,150206,150249,1,,-80.0,0.0,80.0,40.0
sele0604,1,neurokit_dwt_ch0,250.0,150424,150436,150446,150432,150404,150447,1,,-80.0,4.0,84.0,42.0
sele0604,2,neurokit_dwt_ch0,250.0,150615,150631,150640,150626,150597,150641,1,,-72.0,4.0,76.0,38.0
sele0604,3,neurokit_dwt_ch0,250.0,150814,150825,150833,150821,150793,150836,1,,-84.0,12.0,96.0,48.0
sele0604,4,neurokit_dwt_ch0,250.0,151006,151017,151028,151013,150988,151029,1,,-72.0,4.0,76.0,38.0
sele0604,5,neurokit_dwt_ch0,250.0,151203,151211,151220,151208,151179,151223,1,,-96.0,12.0,108.0,54.0
sele0604,6,neurokit_dwt_ch0,250.0,151391,151404,151414,151401,151375,151417,1,,-64.0,12.0,76.0,38.0
sele0604,7,neurokit_dwt_ch0,250.0,151587,151598,151608,151594,151568,151610,1,,-76.0,8.0,84.0,42.0
sele0604,8,neurokit_dwt_ch0,250.0,151781,151792,151803,151789,151762,151804,1,,-76.0,4.0,80.0,40.0
sele0604,9,neurokit_dwt_ch0,250.0,151978,151988,152000,151985,151959,152000,1,,-76.0,0.0,76.0,38.0
sele0604,10,neurokit_dwt_ch0,250.0,152170,152183,152196,152180,152154,152196,1,,-64.0,0.0,64.0,32.0
sele0604,11,neurokit_dwt_ch0,250.0,152358,152371,152381,152367,152342,152382,1,,-64.0,4.0,68.0,34.0
sele0604,12,neurokit_dwt_ch0,250.0,152551,152563,152573,152557,152533,152573,1,,-72.0,0.0,72.0,36.0
sele0604,13,neurokit_dwt_ch0,250.0,152742,152755,152767,152751,152726,152767,1,,-64.0,0.0,64.0,32.0
sele0604,14,neurokit_dwt_ch0,250.0,152938,152949,152963,152946,152920,152961,1,,-72.0,-8.0,64.0,40.0
sele0604,15,neurokit_dwt_ch0,250.0,153137,153146,153160,153143,153116,153158,1,,-84.0,-8.0,76.0,46.0
sele0604,16,neurokit_dwt_ch0,250.0,153329,153343,153354,153338,153312,153354,1,,-68.0,0.0,68.0,34.0
sele0604,17,neurokit_dwt_ch0,250.0,153529,153539,153550,153536,153510,153551,1,,-76.0,4.0,80.0,40.0
sele0604,18,neurokit_dwt_ch0,250.0,153720,153732,153743,153728,153705,153744,1,,-60.0,4.0,64.0,32.0
sele0604,19,neurokit_dwt_ch0,250.0,153914,153927,153936,153923,153898,153938,1,,-64.0,8.0,72.0,36.0
sele0604,20,neurokit_dwt_ch0,250.0,154112,154122,154130,154118,154093,154133,1,,-76.0,12.0,88.0,44.0
sele0604,21,neurokit_dwt_ch0,250.0,154305,154318,154328,154315,154290,154330,1,,-60.0,8.0,68.0,34.0
sele0604,22,neurokit_dwt_ch0,250.0,154502,154513,154525,154509,154484,154525,1,,-72.0,0.0,72.0,36.0
sele0604,23,neurokit_dwt_ch0,250.0,154697,154706,154723,154703,154677,154718,1,,-80.0,-20.0,60.0,50.0
sele0604,24,neurokit_dwt_ch0,250.0,154890,154899,154910,154896,154870,154911,1,,-80.0,4.0,84.0,42.0
sele0604,25,neurokit_dwt_ch0,250.0,155083,155094,155104,155090,155064,155105,1,,-76.0,4.0,80.0,40.0
sele0604,26,neurokit_dwt_ch0,250.0,155276,155288,155300,155284,155259,155300,1,,-68.0,0.0,68.0,34.0
sele0604,27,neurokit_dwt_ch0,250.0,155473,155484,155494,155480,155454,155495,1,,-76.0,4.0,80.0,40.0
sele0604,28,neurokit_dwt_ch0,250.0,155667,155678,155688,155674,155647,155689,1,,-80.0,4.0,84.0,42.0
sele0604,29,neurokit_dwt_ch0,250.0,155858,155871,155882,155866,155838,155882,1,,-80.0,0.0,80.0,40.0
sele0604,0,neurokit_dwt_ch1,250.0,150226,150238,150249,150241,150226,150259,1,,0.0,40.0,40.0,20.0
sele0604,1,neurokit_dwt_ch1,250.0,150424,150436,150446,150439,150425,150457,1,,4.0,44.0,40.0,24.0
sele0604,2,neurokit_dwt_ch1,250.0,150615,150631,150640,150633,150602,150660,1,,-52.0,80.0,132.0,66.0
sele0604,3,neurokit_dwt_ch1,250.0,150814,150825,150833,150828,150796,150846,1,,-72.0,52.0,124.0,62.0
sele0604,4,neurokit_dwt_ch1,250.0,151006,151017,151028,151021,151006,151043,1,,0.0,60.0,60.0,30.0
sele0604,5,neurokit_dwt_ch1,250.0,151203,151211,151220,151215,151201,151239,1,,-8.0,76.0,84.0,42.0
sele0604,6,neurokit_dwt_ch1,250.0,151391,151404,151414,151408,151394,151435,1,,12.0,84.0,72.0,48.0
sele0604,7,neurokit_dwt_ch1,250.0,151587,151598,151608,151601,151587,151620,1,,0.0,48.0,48.0,24.0
sele0604,8,neurokit_dwt_ch1,250.0,151781,151792,151803,151796,151782,151820,1,,4.0,68.0,64.0,36.0
sele0604,9,neurokit_dwt_ch1,250.0,151978,151988,152000,151992,151978,152022,1,,0.0,88.0,88.0,44.0
sele0604,10,neurokit_dwt_ch1,250.0,152170,152183,152196,152187,152156,152205,1,,-56.0,36.0,92.0,46.0
sele0604,11,neurokit_dwt_ch1,250.0,152358,152371,152381,,,,0,missing_dwt_boundary,,,,160.0
sele0604,12,neurokit_dwt_ch1,250.0,152551,152563,152573,152565,152551,152587,1,,0.0,56.0,56.0,28.0
sele0604,13,neurokit_dwt_ch1,250.0,152742,152755,152767,152758,152744,152780,1,,8.0,52.0,44.0,30.0
sele0604,14,neurokit_dwt_ch1,250.0,152938,152949,152963,152953,152939,152973,1,,4.0,40.0,36.0,22.0
sele0604,15,neurokit_dwt_ch1,250.0,153137,153146,153160,153150,153137,153220,1,,0.0,240.0,240.0,120.0
sele0604,16,neurokit_dwt_ch1,250.0,153329,153343,153354,153345,153331,153366,1,,8.0,48.0,40.0,28.0
sele0604,17,neurokit_dwt_ch1,250.0,153529,153539,153550,153542,153528,153563,1,,-4.0,52.0,56.0,28.0
sele0604,18,neurokit_dwt_ch1,250.0,153720,153732,153743,153736,153704,153806,1,,-64.0,252.0,316.0,158.0
sele0604,19,neurokit_dwt_ch1,250.0,153914,153927,153936,153930,153917,153957,1,,12.0,84.0,72.0,48.0
sele0604,20,neurokit_dwt_ch1,250.0,154112,154122,154130,154125,154112,154145,1,,0.0,60.0,60.0,30.0
sele0604,21,neurokit_dwt_ch1,250.0,154305,154318,154328,154322,154291,154351,1,,-56.0,92.0,148.0,74.0
sele0604,22,neurokit_dwt_ch1,250.0,154502,154513,154525,154516,154502,154537,1,,0.0,48.0,48.0,24.0
sele0604,23,neurokit_dwt_ch1,250.0,154697,154706,154723,154709,154696,154726,1,,-4.0,12.0,16.0,8.0
sele0604,24,neurokit_dwt_ch1,250.0,154890,154899,154910,154903,154889,154936,1,,-4.0,104.0,108.0,54.0
sele0604,25,neurokit_dwt_ch1,250.0,155083,155094,155104,155097,155083,155119,1,,0.0,60.0,60.0,30.0
sele0604,26,neurokit_dwt_ch1,250.0,155276,155288,155300,155291,155278,155360,1,,8.0,240.0,232.0,124.0
sele0604,27,neurokit_dwt_ch1,250.0,155473,155484,155494,155487,155474,155511,1,,4.0,68.0,64.0,36.0
sele0604,28,neurokit_dwt_ch1,250.0,155667,155678,155688,155681,155668,155699,1,,4.0,44.0,40.0,24.0
sele0604,29,neurokit_dwt_ch1,250.0,155858,155871,155882,155873,155842,155903,1,,-64.0,84.0,148.0,74.0
sele0606,0,neurokit_dwt_ch0,250.0,150294,150307,150320,150306,150269,150324,1,,-100.0,16.0,116.0,58.0
sele0606,1,neurokit_dwt_ch0,250.0,150458,150474,150488,150473,150438,150490,1,,-80.0,8.0,88.0,44.0
sele0606,2,neurokit_dwt_ch0,250.0,150622,150638,150654,150636,150601,150653,1,,-84.0,-4.0,80.0,44.0
sele0606,3,neurokit_dwt_ch0,250.0,150787,150800,150814,150799,150784,150816,1,,-12.0,8.0,20.0,10.0
sele0606,4,neurokit_dwt_ch0,250.0,150949,150961,150973,150959,150925,150977,1,,-96.0,16.0,112.0,56.0
sele0606,5,neurokit_dwt_ch0,250.0,151105,151122,151135,151120,151085,151138,1,,-80.0,12.0,92.0,46.0
sele0606,6,neurokit_dwt_ch0,250.0,151271,151284,151296,151282,151247,151299,1,,-96.0,12.0,108.0,54.0
sele0606,7,neurokit_dwt_ch0,250.0,151433,151449,151461,151448,151412,151465,1,,-84.0,16.0,100.0,50.0
sele0606,8,neurokit_dwt_ch0,250.0,151600,151614,151629,151613,151577,151630,1,,-92.0,4.0,96.0,48.0
sele0606,9,neurokit_dwt_ch0,250.0,151768,151781,151794,151780,151745,151797,1,,-92.0,12.0,104.0,52.0
sele0606,10,neurokit_dwt_ch0,250.0,151935,151948,151960,151946,151910,151965,1,,-100.0,20.0,120.0,60.0
sele0606,11,neurokit_dwt_ch0,250.0,152099,152116,152127,152114,152078,152132,1,,-84.0,20.0,104.0,52.0
sele0606,12,neurokit_dwt_ch0,250.0,152270,152284,152299,152282,152247,152299,1,,-92.0,0.0,92.0,46.0
sele0606,13,neurokit_dwt_ch0,250.0,152435,152452,152465,152451,152415,152468,1,,-80.0,12.0,92.0,46.0
sele0606,14,neurokit_dwt_ch0,250.0,152606,152621,152634,152619,152583,152637,1,,-92.0,12.0,104.0,52.0
sele0606,15,neurokit_dwt_ch0,250.0,152773,152787,152799,152785,152750,152803,1,,-92.0,16.0,108.0,54.0
sele0606,16,neurokit_dwt_ch0,250.0,152939,152952,152964,152951,152914,152969,1,,-100.0,20.0,120.0,60.0
sele0606,17,neurokit_dwt_ch0,250.0,153105,153117,153130,153116,153077,153133,1,,-112.0,12.0,124.0,62.0
sele0606,18,neurokit_dwt_ch0,250.0,153273,153286,153299,153284,153248,153302,1,,-100.0,12.0,112.0,56.0
sele0606,19,neurokit_dwt_ch0,250.0,153442,153455,153469,153453,153418,153470,1,,-96.0,4.0,100.0,50.0
sele0606,20,neurokit_dwt_ch0,250.0,153611,153624,153636,153622,153586,153640,1,,-100.0,16.0,116.0,58.0
sele0606,21,neurokit_dwt_ch0,250.0,153782,153793,153806,153792,153756,153809,1,,-104.0,12.0,116.0,58.0
sele0606,22,neurokit_dwt_ch0,250.0,153948,153963,153976,153961,153926,153979,1,,-88.0,12.0,100.0,50.0
sele0606,23,neurokit_dwt_ch0,250.0,154115,154130,154141,154128,154093,154146,1,,-88.0,20.0,108.0,54.0
sele0606,24,neurokit_dwt_ch0,250.0,154282,154296,154309,154295,154259,154313,1,,-92.0,16.0,108.0,54.0
sele0606,25,neurokit_dwt_ch0,250.0,154450,154462,154476,154461,154425,154479,1,,-100.0,12.0,112.0,56.0
sele0606,26,neurokit_dwt_ch0,250.0,154616,154628,154642,154627,154591,154644,1,,-100.0,8.0,108.0,54.0
sele0606,27,neurokit_dwt_ch0,250.0,154779,154792,154806,154791,154754,154810,1,,-100.0,16.0,116.0,58.0
sele0606,28,neurokit_dwt_ch0,250.0,154945,154956,154969,154955,154918,154974,1,,-108.0,20.0,128.0,64.0
sele0606,29,neurokit_dwt_ch0,250.0,155105,155119,155131,155118,155083,155135,1,,-88.0,16.0,104.0,52.0
sele0606,0,neurokit_dwt_ch1,250.0,150294,150307,150320,150309,150271,150326,1,,-92.0,24.0,116.0,58.0
sele0606,1,neurokit_dwt_ch1,250.0,150458,150474,150488,150477,150438,150494,1,,-80.0,24.0,104.0,52.0
sele0606,2,neurokit_dwt_ch1,250.0,150622,150638,150654,150640,150603,150657,1,,-76.0,12.0,88.0,44.0
sele0606,3,neurokit_dwt_ch1,250.0,150787,150800,150814,150803,150763,150820,1,,-96.0,24.0,120.0,60.0
sele0606,4,neurokit_dwt_ch1,250.0,150949,150961,150973,150964,150949,150981,1,,0.0,32.0,32.0,16.0
sele0606,5,neurokit_dwt_ch1,250.0,151105,151122,151135,151124,151109,151142,1,,16.0,28.0,12.0,22.0
sele0606,6,neurokit_dwt_ch1,250.0,151271,151284,151296,151286,151272,151303,1,,4.0,28.0,24.0,16.0
sele0606,7,neurokit_dwt_ch1,250.0,151433,151449,151461,151452,151413,151469,1,,-80.0,32.0,112.0,56.0
sele0606,8,neurokit_dwt_ch1,250.0,151600,151614,151629,151617,151577,151634,1,,-92.0,20.0,112.0,56.0
sele0606,9,neurokit_dwt_ch1,250.0,151768,151781,151794,151784,151745,151801,1,,-92.0,28.0,120.0,60.0
sele0606,10,neurokit_dwt_ch1,250.0,151935,151948,151960,151951,151935,151968,1,,0.0,32.0,32.0,16.0
sele0606,11,neurokit_dwt_ch1,250.0,152099,152116,152127,152118,152081,152136,1,,-72.0,36.0,108.0,54.0
sele0606,12,neurokit_dwt_ch1,250.0,152270,152284,152299,152286,152249,152303,1,,-84.0,16.0,100.0,50.0
sele0606,13,neurokit_dwt_ch1,250.0,152435,152452,152465,152454,152417,152472,1,,-72.0,28.0,100.0,50.0
sele0606,14,neurokit_dwt_ch1,250.0,152606,152621,152634,152623,152584,152640,1,,-88.0,24.0,112.0,56.0
sele0606,15,neurokit_dwt_ch1,250.0,152773,152787,152799,152789,152751,152807,1,,-88.0,32.0,120.0,60.0
sele0606,16,neurokit_dwt_ch1,250.0,152939,152952,152964,152955,152916,152973,1,,-92.0,36.0,128.0,64.0
sele0606,17,neurokit_dwt_ch1,250.0,153105,153117,153130,153120,153083,153137,1,,-88.0,28.0,116.0,58.0
sele0606,18,neurokit_dwt_ch1,250.0,153273,153286,153299,153288,153251,153305,1,,-88.0,24.0,112.0,56.0
sele0606,19,neurokit_dwt_ch1,250.0,153442,153455,153469,153457,153419,153474,1,,-92.0,20.0,112.0,56.0
sele0606,20,neurokit_dwt_ch1,250.0,153611,153624,153636,153626,153587,153643,1,,-96.0,28.0,124.0,62.0
sele0606,21,neurokit_dwt_ch1,250.0,153782,153793,153806,153796,153780,153813,1,,-8.0,28.0,36.0,18.0
sele0606,22,neurokit_dwt_ch1,250.0,153948,153963,153976,153965,153926,153983,1,,-88.0,28.0,116.0,58.0
sele0606,23,neurokit_dwt_ch1,250.0,154115,154130,154141,154132,154094,154150,1,,-84.0,36.0,120.0,60.0
sele0606,24,neurokit_dwt_ch1,250.0,154282,154296,154309,154299,154283,154316,1,,4.0,28.0,24.0,16.0
sele0606,25,neurokit_dwt_ch1,250.0,154450,154462,154476,154465,154425,154482,1,,-100.0,24.0,124.0,62.0
sele0606,26,neurokit_dwt_ch1,250.0,154616,154628,154642,154631,154592,154648,1,,-96.0,24.0,120.0,60.0
sele0606,27,neurokit_dwt_ch1,250.0,154779,154792,154806,154795,154756,154812,1,,-92.0,24.0,116.0,58.0
sele0606,28,neurokit_dwt_ch1,250.0,154945,154956,154969,154958,154939,154976,1,,-24.0,28.0,52.0,26.0
sele0606,29,neurokit_dwt_ch1,250.0,155105,155119,155131,155121,155082,155139,1,,-92.0,32.0,124.0,62.0
sele0704,0,neurokit_dwt_ch0,250.0,150205,150220,150246,150215,150203,150247,1,,-8.0,4.0,12.0,6.0
sele0704,1,neurokit_dwt_ch0,250.0,150410,150425,150455,150421,150409,150453,1,,-4.0,-8.0,-4.0,6.0
sele0704,2,neurokit_dwt_ch0,250.0,150617,150632,150668,150628,150615,150662,1,,-8.0,-24.0,-16.0,16.0
sele0704,3,neurokit_dwt_ch0,250.0,150824,150840,150869,150835,150823,150868,1,,-4.0,-4.0,0.0,4.0
sele0704,4,neurokit_dwt_ch0,250.0,151029,151044,151075,151040,151028,151073,1,,-4.0,-8.0,-4.0,6.0
sele0704,5,neurokit_dwt_ch0,250.0,151239,151252,151282,151249,151237,151282,1,,-8.0,0.0,8.0,4.0
sele0704,6,neurokit_dwt_ch0,250.0,151444,151458,151485,151454,151441,151487,1,,-12.0,8.0,20.0,10.0
sele0704,7,neurokit_dwt_ch0,250.0,151651,151664,151692,151661,151649,151693,1,,-8.0,4.0,12.0,6.0
sele0704,8,neurokit_dwt_ch0,250.0,151860,151876,151904,151872,151860,151903,1,,0.0,-4.0,-4.0,2.0
sele0704,9,neurokit_dwt_ch0,250.0,152069,152082,152115,152080,152067,152112,1,,-8.0,-12.0,-4.0,10.0
sele0704,10,neurokit_dwt_ch0,250.0,152277,152291,152320,152287,152275,152320,1,,-8.0,0.0,8.0,4.0
sele0704,11,neurokit_dwt_ch0,250.0,152485,152496,152524,152494,152482,152528,1,,-12.0,16.0,28.0,14.0
sele0704,12,neurokit_dwt_ch0,250.0,152688,152702,152730,152700,152688,152733,1,,0.0,12.0,12.0,6.0
sele0704,13,neurokit_dwt_ch0,250.0,152890,152907,152935,152902,152890,152935,1,,0.0,0.0,0.0,0.0
sele0704,14,neurokit_dwt_ch0,250.0,153093,153107,153135,153102,153073,153136,1,,-80.0,4.0,84.0,42.0
sele0704,15,neurokit_dwt_ch0,250.0,153292,153307,153335,153302,153274,153336,1,,-72.0,4.0,76.0,38.0
sele0704,16,neurokit_dwt_ch0,250.0,153490,153506,153534,153501,153488,153536,1,,-8.0,8.0,16.0,8.0
sele0704,17,neurokit_dwt_ch0,250.0,153689,153704,153736,153699,153685,153733,1,,-16.0,-12.0,4.0,14.0
sele0704,18,neurokit_dwt_ch0,250.0,153887,153900,153922,153896,153867,153927,1,,-80.0,20.0,100.0,50.0
sele0704,19,neurokit_dwt_ch0,250.0,154079,154092,154115,154088,154058,154122,1,,-84.0,28.0,112.0,56.0
sele0704,20,neurokit_dwt_ch0,250.0,154268,154285,154308,154281,154269,154313,1,,4.0,20.0,16.0,12.0
sele0704,21,neurokit_dwt_ch0,250.0,154463,154477,154504,154474,154462,154508,1,,-4.0,16.0,20.0,10.0
sele0704,22,neurokit_dwt_ch0,250.0,154659,154671,154702,154669,154657,154703,1,,-8.0,4.0,12.0,6.0
sele0704,23,neurokit_dwt_ch0,250.0,154856,154874,154899,154869,154839,154900,1,,-68.0,4.0,72.0,36.0
sele0704,24,neurokit_dwt_ch0,250.0,155060,155078,155107,155073,155044,155105,1,,-64.0,-8.0,56.0,36.0
sele0704,25,neurokit_dwt_ch0,250.0,155268,155285,155305,155280,155269,155313,1,,4.0,32.0,28.0,18.0
sele0704,26,neurokit_dwt_ch0,250.0,155485,155498,155521,155492,155480,155525,1,,-20.0,16.0,36.0,18.0
sele0704,27,neurokit_dwt_ch0,250.0,155691,155707,155737,155702,155689,155735,1,,-8.0,-8.0,0.0,8.0
sele0704,28,neurokit_dwt_ch0,250.0,155897,155912,155938,155907,155895,155941,1,,-8.0,12.0,20.0,10.0
sele0704,29,neurokit_dwt_ch0,250.0,156104,156119,156147,156114,156084,156146,1,,-80.0,-4.0,76.0,42.0
sele0704,0,neurokit_dwt_ch1,250.0,150205,150220,150246,150224,150207,150232,1,,8.0,-56.0,-64.0,32.0
sele0704,1,neurokit_dwt_ch1,250.0,150410,150425,150455,150430,150413,150461,1,,12.0,24.0,12.0,18.0
sele0704,2,neurokit_dwt_ch1,250.0,150617,150632,150668,150637,150620,150647,1,,12.0,-84.0,-96.0,48.0
sele0704,3,neurokit_dwt_ch1,250.0,150824,150840,150869,150844,150827,150851,1,,12.0,-72.0,-84.0,42.0
sele0704,4,neurokit_dwt_ch1,250.0,151029,151044,151075,151050,151032,151078,1,,12.0,12.0,0.0,12.0
sele0704,5,neurokit_dwt_ch1,250.0,151239,151252,151282,151258,151241,151287,1,,8.0,20.0,12.0,14.0
sele0704,6,neurokit_dwt_ch1,250.0,151444,151458,151485,,,,0,missing_dwt_boundary,,,,160.0
sele0704,7,neurokit_dwt_ch1,250.0,151651,151664,151692,151671,151653,151699,1,,8.0,28.0,20.0,18.0
sele0704,8,neurokit_dwt_ch1,250.0,151860,151876,151904,151881,151864,151888,1,,16.0,-64.0,-80.0,40.0
sele0704,9,neurokit_dwt_ch1,250.0,152069,152082,152115,152089,152072,152096,1,,12.0,-76.0,-88.0,44.0
sele0704,10,neurokit_dwt_ch1,250.0,152277,152291,152320,152296,152279,152303,1,,8.0,-68.0,-76.0,38.0
sele0704,11,neurokit_dwt_ch1,250.0,152485,152496,152524,152504,152487,152533,1,,8.0,36.0,28.0,22.0
sele0704,12,neurokit_dwt_ch1,250.0,152688,152702,152730,152709,152692,152713,1,,16.0,-68.0,-84.0,42.0
sele0704,13,neurokit_dwt_ch1,250.0,152890,152907,152935,152911,152894,152916,1,,16.0,-76.0,-92.0,46.0
sele0704,14,neurokit_dwt_ch1,250.0,153093,153107,153135,153112,153093,153135,1,,0.0,0.0,0.0,0.0
sele0704,15,neurokit_dwt_ch1,250.0,153292,153307,153335,153311,153294,153334,1,,8.0,-4.0,-12.0,6.0
sele0704,16,neurokit_dwt_ch1,250.0,153490,153506,153534,153510,153493,153516,1,,12.0,-72.0,-84.0,42.0
sele0704,17,neurokit_dwt_ch1,250.0,153689,153704,153736,,,,0,missing_dwt_boundary,,,,160.0
sele0704,18,neurokit_dwt_ch1,250.0,153887,153900,153922,,,,0,missing_dwt_boundary,,,,160.0
sele0704,19,neurokit_dwt_ch1,250.0,154079,154092,154115,154097,154080,154105,1,,4.0,-40.0,-44.0,22.0
sele0704,20,neurokit_dwt_ch1,250.0,154268,154285,154308,154290,154272,154302,1,,16.0,-24.0,-40.0,20.0
sele0704,21,neurokit_dwt_ch1,250.0,154463,154477,154504,154484,154467,154490,1,,16.0,-56.0,-72.0,36.0
sele0704,22,neurokit_dwt_ch1,250.0,154659,154671,154702,154679,154661,154690,1,,8.0,-48.0,-56.0,28.0
sele0704,23,neurokit_dwt_ch1,250.0,154856,154874,154899,154877,154861,154885,1,,20.0,-56.0,-76.0,38.0
sele0704,24,neurokit_dwt_ch1,250.0,155060,155078,155107,155082,155066,155090,1,,24.0,-68.0,-92.0,46.0
sele0704,25,neurokit_dwt_ch1,250.0,155268,155285,155305,155291,155273,155311,1,,20.0,24.0,4.0,22.0
sele0704,26,neurokit_dwt_ch1,250.0,155485,155498,155521,155502,155484,155507,1,,-4.0,-56.0,-52.0,30.0
sele0704,27,neurokit_dwt_ch1,250.0,155691,155707,155737,,,,0,missing_dwt_boundary,,,,160.0
sele0704,28,neurokit_dwt_ch1,250.0,155897,155912,155938,155920,155899,155933,1,,8.0,-20.0,-28.0,14.0
sele0704,29,neurokit_dwt_ch1,250.0,156104,156119,156147,156123,156106,156128,1,,8.0,-76.0,-84.0,42.0
