sample_index,peak_index,label,score_raw64,score_domain,score_hcrd_1,score_hcrd_8,score_hcrd_geometry,score_area_only
10,16,0,0.04109406139399716,0.020477487359825252,0.02024892918537934,0.013663584223209594,0.13485721598930975,0.09552370091879717
10,33,1,0.7250279146561545,0.46675295428292346,0.6320024059030563,0.6453309015522724,0.7329655980892095,0.802231629917761
10,41,0,0.0032858224419763373,0.004603626298290602,0.004799811903416219,0.0033616241873429893,0.016895651937551867,0.0513676409905698
10,53,0,0.6502673197054747,0.6717739985871549,0.5894842313855339,0.6753412360256883,0.6929519526751245,0.685702035968447
10,60,0,0.8544618513332389,0.810049631067607,0.8421955088995693,0.8278252664647942,0.6399242344886173,0.5538966012188601
10,65,1,0.4399401988484044,0.5640413098645072,0.5988600945681006,0.3406546560140198,0.7706257616462335,0.7447687415321826
10,99,0,0.2508915790056156,0.1325797271116166,0.27347532389149487,0.16551657731779504,0.44809952722742025,0.4164355692931191
10,114,0,0.011610068232378378,0.00508850399763445,0.019755250477106717,0.009142818893763614,0.0467559807810337,0.16213276228963586
10,124,0,0.0055248178678667555,0.008162870267406143,0.01197967215664629,0.004143508707395576,0.022798980575643873,0.10724235326218765
10,142,0,0.009508897379554846,0.007982759603921245,0.005211852562330103,0.004418537887325712,0.033159975068008975,0.021975757359086846
10,144,1,0.8867421191963382,0.9171628257657963,0.8832838955935551,0.9314434097276467,0.5343098946267898,0.49238292226553076
10,165,0,0.003249000180598541,0.0030477713006798884,0.011779146895538781,0.0068019369733391686,0.022078599734264952,0.08105312973476801
10,209,0,0.2970400342461686,0.2634504706881025,0.2209168766874968,0.3299658118578604,0.5872665585672392,0.7014019806683971
10,217,0,0.035069087806369886,0.021488590681865427,0.011819239162898927,0.013482207413586867,0.06695280320965734,0.2580416527697585
10,232,0,0.7047993775995686,0.7068794747879894,0.8120300927335802,0.7583560176923655,0.7676302923785039,0.8122294722244271
10,233,0,0.5399779836211344,0.5218251409332517,0.4528267822838068,0.40372672036815477,0.7072003032535723,0.614666862762745
10,240,0,0.1381279492584736,0.05979833527676078,0.0412975013456403,0.07550038698518059,0.1172311928574641,0.1023411820608303
10,258,0,0.002290901369165213,0.001273557700330232,0.004287225793116931,0.0016799224622108732,0.013552883996598005,0.008631897623789572
10,260,0,0.7697906166525094,0.7270086516165021,0.7691207081953038,0.6746244323625251,0.6658898590822232,0.743088990041681
10,263,0,0.23786442645596367,0.2147752854914379,0.1789639906168162,0.12010343358145935,0.38268117275950914,0.32913278975701177
10,283,0,0.0025669664320113494,0.002890321857604735,0.002255894538296367,0.0033150674911829586,0.0062773775827153966,0.010799344834440781
10,319,0,0.11897052183968186,0.13361931264947907,0.08304202692415177,0.10146512237118879,0.3401385752557718,0.26605301168849327
10,334,0,0.2530792247542234,0.42699841135157174,0.35466542687398994,0.26883580256692574,0.4673895319270015,0.681536310812747
10,335,1,0.6040919073634866,0.8291380048555689,0.7628179374413832,0.89700148941636,0.7711156680532848,0.8149480646837779
10,377,0,0.07785164093485447,0.1428119860333917,0.051370221902306924,0.069851497753187,0.07723895381709053,0.13002048586007775
10,387,1,0.7337196315904673,0.8352290615182695,0.82419028026328,0.8398324305026291,0.8253080256799866,0.8729801730012848
10,407,0,0.050163697562465664,0.03682316057412213,0.023845138678401764,0.0394994124082021,0.13885673230601958,0.18741798591498293
10,411,0,0.0003584808611890143,0.00021308357559475543,0.00025716761103550305,0.00031188190501560105,0.0005990676098269858,0.0012169540433703064
10,452,0,0.010460133303935222,0.004282681569484198,0.01614813840682182,0.005538280181863948,0.007459831019690282,0.013932757779609579
10,476,0,0.05902137275005591,0.20044233116577828,0.0558185319748948,0.04449230034892432,0.09644860925531534,0.4866436071803594
10,546,0,0.1066900510852711,0.04573210909136769,0.04551952702367451,0.03595867874768841,0.037689723554627706,0.13567342926967066
10,578,0,0.03718363076964371,0.021987114838371007,0.03336948496250567,0.025404697239003817,0.1517615720834861,0.41539422515335467
10,640,0,0.0025280405768173236,0.0016418963734551153,0.002721132251729228,0.002411329263448863,0.011724714802343965,0.015917946439966787
10,641,1,0.06045835690200115,0.22306761971729447,0.1998542615123259,0.1767364448952389,0.1535062430088831,0.2918772102413144
10,651,0,0.7658159406834946,0.7807457892123301,0.5745153604328683,0.5737656237008112,0.2891227643454424,0.37804307273793414
10,692,0,0.0003584808611890143,0.00021308357559475543,0.0002444754979837945,0.0002894538690111352,0.0005955993519696063,0.001376750407622518
10,695,0,0.4467459843691999,0.03509881529375714,0.19616853711623675,0.20240093530559444,0.48268375959511106,0.12575868475227503
10,708,0,0.506790189005937,0.44943847026316436,0.509496409372986,0.46054288739548543,0.41446017030118254,0.7123953396522142
10,764,0,0.5560382971242109,0.4619349521169623,0.5386672672676213,0.5565613556446042,0.5813168581519436,0.6093652554623823
10,765,0,0.006285111271001197,0.006712393647211401,0.014762582235243462,0.010226533806904215,0.06367137822873585,0.2685788744538433
10,774,0,0.5349570550687165,0.49587858857327566,0.35441353434338846,0.21834318981424644,0.2712330508942715,0.36442644932904894
10,776,0,0.0036615354502997745,0.0038981722557105488,0.004523180103930843,0.004377842857945507,0.038409305985788775,0.11155366881890655
10,786,0,0.000348478549168628,0.00021308357559475543,0.0002477155372281436,0.00029377270363521637,0.0005007198997723744,0.0013991213768569202
10,859,0,0.041189862779135354,0.024181997210460868,0.01920236606049357,0.008503190173552885,0.04301812222131454,0.3656477101307649
10,866,0,0.38179233023040066,0.13653816588128112,0.18957187851829352,0.07743858452032613,0.14775365930535536,0.3450022740426167
10,868,0,0.10401859692209954,0.11901412634074297,0.14133617588136474,0.04347778950997795,0.09510679282719768,0.07700806528484833
10,884,0,0.0003584808611890143,0.00021164464159016306,0.0002927747883211904,0.00025467045388579,0.0004027242213008969,0.0013201569356680307
10,895,0,0.011821443724383748,0.0036757860079398423,0.003996173500341456,0.007582416101420871,0.012942885344718701,0.09419185170434888
10,903,1,0.6941110513136691,0.5399952653436042,0.4765591386237796,0.7771400060962,0.5803863126013965,0.3707585083837121
10,933,0,0.16474051189433428,0.094903196964451,0.21908345077063923,0.11689250969925301,0.4838674538910722,0.68453404581145
10,960,0,0.5365010326113927,0.24248473187999345,0.39167412605237795,0.28683137632974764,0.3285494023958769,0.13670259487745723
10,963,0,0.30742969444205387,0.22647136731729853,0.4534993193151973,0.5370131942572974,0.8296166701558597,0.49066598796616817
10,965,0,0.04440912134131753,0.047869270063313415,0.01761268242694176,0.03339926168572691,0.2612668483808519,0.06995024633169482
10,977,0,0.0026982997889407113,0.0006424965253204946,0.0024907932438156585,0.0018250250229258009,0.0017959375930664172,0.015673724808614436
10,980,0,0.004789609176610244,0.003175169893166182,0.003859193171520856,0.010753013231606955,0.015221523311303397,0.018673533412494586
10,1011,0,0.005797421309384947,0.007717913574053167,0.006526426168349619,0.009350163672825228,0.050122825531924334,0.03600025705012638
10,1020,0,0.4730236542762844,0.6102309450521045,0.41592031376674043,0.32635579266619025,0.06451144988859751,0.046311125074407836
10,1023,0,0.012757451903676685,0.0183281181950113,0.022408263525136606,0.021566523554703003,0.1493507818547664,0.4401263707595257
10,1039,0,0.035819148015771025,0.03080935807019118,0.0707433923255971,0.010488050429001866,0.1208639000026811,0.12349906252781774
10,1057,0,0.016704550082235658,0.006347764963073842,0.01662200567358316,0.007978863963558838,0.013344178714031136,0.09763244018391497
10,1060,0,0.0016576196994976633,0.029897243107450983,0.0015404181509280238,0.0019900076433810327,0.011274774644327093,0.035937176726536894
10,1070,0,0.08708336639755249,0.1139456588496178,0.09463355546313178,0.009544470752956275,0.3579007844022589,0.19811379107922825
10,1078,0,0.19859417483533603,0.16443676665299886,0.14532811116617736,0.04092916087590876,0.4226773275338911,0.1972708470548831
10,1091,0,0.00313237591438878,0.0026901454593135513,0.004255734054069939,0.0045276902191296285,0.008605185912712468,0.043771997508974446
10,1104,1,0.30781066816008507,0.21416319158114722,0.2505574135072401,0.22060247704191033,0.4272196535190731,0.33744868379888626
10,1121,0,0.007533642178381154,0.003947029711206214,0.005693207256144858,0.0040069068918332194,0.02308412798850479,0.05743495966584109
10,1134,0,0.001493905287968778,0.0006656962533254059,0.0010490837996238577,0.0007849529362996912,0.0007297230528177601,0.002459227150552494
10,1145,0,0.6738439731450943,0.5242151702768522,0.6162434628145939,0.43044352873658615,0.4000793450831735,0.453044247942449
10,1159,0,0.04995924767237938,0.02524850751537177,0.008875716872068557,0.004233325109862468,0.10858864791872933,0.10432110478705442
10,1217,1,0.7318539729788051,0.8355284004924635,0.7224692140294527,0.504489299866805,0.40774542721872725,0.5864614754509468
10,1224,0,0.002701605950429173,0.0027887115445303363,0.004601481033943396,0.005303988154266718,0.0038221849339046916,0.06565218141647922
10,1274,0,0.01665407222123977,0.00574068693539947,0.009279570037944869,0.0024544003602350946,0.021686722170357536,0.03357490878267419
10,1288,0,0.015758975726593953,0.029562452346794565,0.03533772666700704,0.022271077138760188,0.3310851853166042,0.5470286672700905
10,1337,1,0.7866183392606623,0.8195021796970349,0.799340418072887,0.9203702542837932,0.7823253811800207,0.6844355895545441
10,1362,0,0.003949057549613118,0.002985894042840269,0.004456599211716789,0.0031901345097817804,0.016468538839676986,0.06678359389674467
10,1385,0,0.000892830128342471,0.00170077251787112,0.0034153299990619342,0.002926939417479395,0.0029400383439283713,0.08459177136529658
10,1409,0,0.008069469359095574,0.003542930158757357,0.015561104204030092,0.009088811545609152,0.0351885871794383,0.02543578053087123
10,1431,0,0.0004476646154094068,0.000279160608962509,0.0003829568962756346,0.00030410964035995294,0.0008455715831433659,0.0016859695137666033
10,1439,0,0.0023932426950546803,0.002560072386519822,0.005702803048178854,0.005892581042778219,0.010042775057537283,0.10857918286521676
10,1458,0,0.040959858682895846,0.23194753486306247,0.1760486213045027,0.2641509125161558,0.19861656175156403,0.18065248351089172
10,1464,1,0.7576744344694928,0.8295895823750308,0.7548525541521018,0.8179083085931252,0.8819023293428241,0.6571506054494938
10,1475,0,0.0014522684551630599,0.0006656962533254059,0.0010490837996238577,0.0006738733668917502,0.0004777651734312377,0.0026189742633032434
10,1481,0,0.00277785736254723,0.004154016211942948,0.001962644546683047,0.002677339373314539,0.033453784585448156,0.057949800964283066
10,1483,0,0.02692094739156136,0.06345921876192306,0.04677534079189948,0.016191361608954003,0.06494272460193334,0.032122388724644325
10,1552,0,0.4869655693458435,0.603678876467237,0.5047968658181906,0.5281908375806633,0.7276278506552616,0.6872001166468811
10,1572,1,0.7610268583915009,0.7753323249015169,0.6606866664124451,0.5132626684338777,0.6705087475780038,0.7651169096637206
10,1621,0,0.0003530845910092787,0.00024853976499918237,0.000306442007292324,0.0003061257579187844,0.00035322952182514,0.0026869547506341387
10,1624,0,0.00432366701136677,0.011053846636332932,0.008110637281609002,0.004249889567454742,0.010081242491701838,0.1169035003131738
10,1643,0,0.0003584808611890143,0.00021308357559475543,0.00025716761103550305,0.0002888171800746261,0.0005581311670838842,0.0015098538812820435
10,1695,1,0.7417905480676658,0.6719509702685742,0.6229888669352337,0.7939329474945607,0.19145688041607592,0.6002603429023481
10,1737,0,0.4575290357716143,0.7185476624504248,0.3480516597929579,0.4272282532879366,0.34557525737165273,0.5545334910367389
10,1768,0,0.025804445769499945,0.032731012323760446,0.06590147392716321,0.013126724980537022,0.07882541672605009,0.1481383020085446
10,1784,0,0.8603013686568325,0.7417154384173901,0.8284957903589629,0.8614367815644917,0.4543809947302953,0.702904805869616
10,1793,1,0.22466846803674287,0.19608664847520585,0.15442962530120322,0.06545519680933556,0.16618166446139676,0.3812022792241666
10,1815,0,0.6990468761227612,0.8635174505765473,0.5797912207461303,0.6152701160705957,0.557040821867662,0.6519972413644294
10,1818,0,0.013912586200307615,0.007476933836499235,0.014948934339865274,0.0092551377440805,0.012663429332003668,0.11142079550673491
10,1819,0,0.7025453948597601,0.60217219593881,0.5850567702689735,0.7831971005380309,0.365304503645692,0.5381098735370082
10,1820,0,0.6742468819370533,0.5446957191982575,0.6395467502095711,0.08798200443207504,0.49847772959124226,0.5153640885459492
10,1821,1,0.29372778732901755,0.35235407060252066,0.1914434286858851,0.8306250578636138,0.3955889562950655,0.3997696396667264
10,1830,0,0.2342078460201409,0.21785064898731543,0.12548492010481144,0.07568396415740211,0.41738123097992985,0.5855202006208808
10,1854,0,0.570760758389139,0.3544990788774072,0.8014744489998092,0.5801381638202688,0.7014315371651785,0.5938158763625553
10,1888,0,0.0070303118813076155,0.004748039172618956,0.00548919043024301,0.006852041633211473,0.009363734816646733,0.03359923490177182
10,1891,1,0.1069416553718779,0.1076996379897388,0.04090475071009738,0.07023451989397926,0.38357045249812105,0.6045955701344953
10,1893,0,0.03385969247458955,0.06860176502843245,0.01903874690642186,0.013845214887567922,0.037361837487382074,0.5514447722263185
10,1952,0,0.0003584808611890143,0.00021308357559475543,0.0002477155372281436,0.00032172415683307166,0.000654797287034542,0.0012215469832627765
10,1968,1,0.8610866770218136,0.7805651981023962,0.8853826082882486,0.8224330132543839,0.6431514358988502,0.5639648300832293
10,1981,0,0.8916685691313805,0.8757773870056866,0.7904207385455679,0.7787102292629725,0.5685020101858848,0.7980195872316073
10,1982,0,0.7290827146770831,0.8127202304093953,0.7165672855218636,0.6406131804202883,0.7367994062427149,0.5701452787718346
10,1983,0,0.009640913169653922,0.012984839259683318,0.008839075107073473,0.005028156755515859,0.027824704653711653,0.1041328413941499
10,2002,0,0.0024803304106171408,0.004259802708080564,0.006130733401035856,0.006818282649144604,0.010398522587813767,0.15812416287225453
10,2054,0,0.0003584808611890143,0.00021308357559475543,0.00026050584763814643,0.00029162085567311437,0.0005407142941860273,0.0013269747131782652
10,2067,0,0.0016963035329565141,0.003382874018928982,0.002958728889799318,0.004423623463233851,0.007208835026071708,0.07537095615164262
10,2118,1,0.8042480715607199,0.7264327806753145,0.7496246749092842,0.7050102595020633,0.7297299855325329,0.7378621621017627
10,2186,0,0.0267123541367224,0.026314813169208626,0.0318370337810309,0.017317873642551072,0.37319274517123174,0.41257088134360503
10,2212,0,0.11837693517981271,0.04233672512807815,0.07713358682691812,0.03561562764856386,0.38226827184585355,0.30788945465379886
10,2316,0,0.0037386951334506197,0.002713835170048915,0.003383101100774851,0.012590869607470082,0.005172330735769924,0.019260434307269394
10,2318,0,0.0004476646154094068,0.000279160608962509,0.0002697444602830799,0.00029041513792432076,0.0005392575486703025,0.0020778300629833574
10,2329,0,0.5169261620227324,0.2908149821216339,0.4734545388391384,0.15975672089449489,0.7430743392313629,0.26089092819324006
10,2341,0,0.013384777797362732,0.02158674421153451,0.013971874579796819,0.018273023187610992,0.006960264628951467,0.14028809301935313
10,2379,0,0.0008012945934855021,0.001513720432189839,0.0034490903925030354,0.0028006433319174456,0.008039361893372165,0.04098251307494149
10,2388,0,0.10553215314348834,0.01992888351720785,0.12320453573270855,0.1367999108237675,0.46469551514711394,0.019731461516301042
10,2414,0,0.7377275801760826,0.7823143606155946,0.7631228731851719,0.8409499910610939,0.7306410807550117,0.8308547033359993
10,2417,0,0.5679654090685883,0.41088499765502223,0.32258670080013807,0.16702359183609855,0.3633891146890296,0.6367880722910324
10,2427,1,0.47332165642647744,0.3551798959058453,0.42230222357293534,0.2876405830250806,0.21480616184794826,0.12157372027944312
10,2441,0,0.0007738644349086228,0.00033628680970666417,0.0005469137554445868,0.00037749262532963643,0.0007106723008423347,0.0017014701321662756
10,2442,0,0.42574433043576965,0.19248159579048488,0.13004080874401958,0.19261901266152814,0.5647378512764036,0.6942975224900809
10,2446,0,0.0014522684551630599,0.0006063856935950285,0.0009804066526177605,0.0007913413570411941,0.00047413317586707644,0.003912504492020469
10,2449,0,0.010115531171380525,0.006451762090410553,0.005988146774152416,0.0020548109697182174,0.01426317541975499,0.2569600692005022
10,2460,0,0.42723419105977517,0.28466389698719513,0.37275333500365976,0.3605450123861611,0.16060046205036027,0.5309233438102504
10,2486,0,0.6511967083724806,0.4288420787708947,0.4389008241340847,0.293934481938498,0.2741378388373507,0.6198944817964819
10,2504,0,0.0004351749867730851,0.000279160608962509,0.00025036285225061764,0.00027102619295866224,0.00033143474695331883,0.0020778300629833574
10,2533,0,0.08871671522458371,0.06261806166085303,0.12452596602931001,0.038795465028525405,0.061708397338586976,0.025726758688356565
10,2553,1,0.827246109758039,0.8305867470354612,0.7061261181549869,0.72662345756085,0.8067990465353905,0.68066023352146
10,2557,0,0.7980366026841437,0.5921012334771726,0.6839969609421332,0.78929710790772,0.8231857957066201,0.880059440143619
10,2605,0,0.6966571619102498,0.7081394660765347,0.4961697446262234,0.6305659831643639,0.6918552293478117,0.5426325854150892
10,2612,0,0.06471871110568389,0.04054288794693619,0.07481568368304539,0.08034969176889796,0.17533241180539993,0.21339406894606774
10,2614,0,0.7908616370824764,0.8025567936364062,0.5569523192519367,0.7094785901074313,0.3750031773938967,0.46878961822152393
10,2636,0,0.004278587646422004,0.004170735585682149,0.01423380241223211,0.004324796599989685,0.02989728310581027,0.042350571084275306
10,2637,0,0.008508235722503617,0.0024657880718734057,0.010238053203243001,0.005875938736462654,0.01837674661217377,0.027600197040726363
10,2677,0,0.08386261083503743,0.12315003295187363,0.17134359982508746,0.029156120753185206,0.24852995122429483,0.2295469155036296
10,2695,0,0.7158846877624411,0.7693110123182243,0.7514928312400406,0.4202640343765384,0.3463661170439428,0.29893030259079756
10,2710,0,0.029122120430096602,0.07836126644794358,0.04733721321112957,0.007310398322905031,0.06531299141820125,0.12423455588926954
10,2734,0,0.0029058179511341417,0.0021269159132637203,0.004504946591326451,0.00509780244847559,0.007481205609888925,0.011439146269862555
10,2744,0,0.2382760175781097,0.39603265680654326,0.23086174062491507,0.18041551055770766,0.33115675152978713,0.6455035495045054
10,2748,0,0.043747401646506506,0.07280897198119264,0.027358654216716405,0.02576002198452437,0.09056113947709914,0.05521519650721255
10,2757,0,0.0007288980461757638,0.00022854188321555724,0.0004416924896147443,0.00030756328806857443,0.0005407142941860273,0.0013269747131782652
10,2780,0,0.3705206224751028,0.26130759662282566,0.2544339772404493,0.06461261947667707,0.45092751495131544,0.35064751508903247
10,2791,0,0.0015635260531598435,0.0008357445598729808,0.00099635779069601,0.0005202077719667532,0.00048519113641675907,0.0017673982961089413
10,2846,1,0.7606665860560453,0.8553938675871896,0.8302637085152242,0.7943136040407034,0.8135221577711702,0.6895823292278224
10,2869,1,0.8832298017776223,0.8918903521053513,0.8932783203507174,0.8610356047947595,0.8360758083432667,0.657701514488178
10,2890,0,0.7399505009285496,0.8383111771572941,0.6393980249048791,0.642934057502443,0.804582745127501,0.8159430767669932
10,2907,1,0.36656085878229316,0.2909472814635003,0.15086315483866802,0.27126182962789425,0.30623680614556803,0.44897261688933504
10,2925,1,0.1712204664465643,0.09645152392194606,0.3117149921829642,0.2874664278309699,0.2896023177072378,0.3971868426629822
10,2956,0,0.01571064577916119,0.010710062535144959,0.04224083595583092,0.03776860626416545,0.1138520594245723,0.4802787752443234
10,2975,0,0.0005884037890994203,0.000291244283558078,0.0004196680889752556,0.00028227093752002173,0.0006174911359884476,0.0017017784212924449
10,3011,0,0.5606065824307243,0.5046910987265153,0.5557461561162466,0.5876430699431686,0.48688763732548207,0.5060250042164066
10,3073,0,0.3964895803080723,0.2474767847759642,0.434289797393612,0.283211159707115,0.506926740064342,0.6162992791221725
10,3081,1,0.5378355650657222,0.6982965918162888,0.5347236964595138,0.6488159919305665,0.5541967134913798,0.5663074556753108
10,3093,0,0.49774939312350897,0.2566068784381331,0.31998703535828,0.17900482220489736,0.4452569052792118,0.6481409847917626
10,3131,0,0.00500294060383724,0.0041192796934536435,0.005067626096622371,0.008513326380238755,0.008196250971111634,0.016888470626013327
10,3148,0,0.01198834181712347,0.010277627829045784,0.007787033310194295,0.009401266034155158,0.20226787132925947,0.12134591741881921
10,3160,0,0.017819402726166805,0.01584191509416889,0.008187868568372343,0.019294563406338307,0.17794422776456187,0.1964340543441516
10,3187,0,0.09272442220591443,0.03272056433005826,0.03349587897202235,0.020505628751158606,0.0560625774188992,0.10372034291651802
10,3218,0,0.29775534423999245,0.24975631597408915,0.3636552009377404,0.2568306712615198,0.1801790616797179,0.38456901336026006
10,3255,0,0.0003584808611890143,0.00021308357559475543,0.0002855233900047663,0.00029162085567311437,0.0006170768527175949,0.002161861536220692
10,3261,0,0.003918826059716508,0.006488798960683732,0.006999654049879733,0.0019100321955281348,0.015774465520695394,0.03458736995365271
10,3265,1,0.22508642847642324,0.10365244724853633,0.38942059654647493,0.6899519052128102,0.7483782781075944,0.804475788820859
10,3283,1,0.6051487082648581,0.6347381061250408,0.5398300810814782,0.4782752501208042,0.7980894835494986,0.8323892764395187
10,3339,0,0.2698086140995779,0.4345996367293418,0.24154165430849872,0.08136825090857115,0.20134572860768582,0.4079390406919976
10,3361,0,0.01183845944015882,0.013587891821399039,0.03235748015629465,0.015304418526628914,0.0171243379683578,0.030365194497260856
10,3389,0,0.11359931171492224,0.10199626727499239,0.05117518372738232,0.3575296737478674,0.4830413661450255,0.38907503808288857
10,3403,0,0.48120884827803945,0.29034436224901894,0.43100538007181766,0.5263867137489033,0.4840918195078071,0.4061030944626215
10,3411,0,0.0031872546164581268,0.007826996379708831,0.0038273707118372953,0.004350662165599002,0.00665590087221877,0.01179628267576142
10,3418,0,0.03283582884428611,0.05693246470773785,0.030521560555868705,0.039810042733021495,0.18458544711180766,0.5841489647510144
10,3421,0,0.007766733676576231,0.003274914681525576,0.0029461346112699383,0.0026544641502335696,0.03843417979527343,0.08697722776964256
10,3422,1,0.06609654767075056,0.0322156839603568,0.016337201752282305,0.1347490664360694,0.02580522303034475,0.06626759685652459
10,3478,0,0.04562984088271908,0.016949675701819187,0.022165323807249365,0.015545623861788984,0.08288718841355922,0.5250565065218251
10,3510,0,0.004911484297085869,0.005112170099023114,0.011679942908809386,0.0037020288614749487,0.04346944681675473,0.06768693244878511
10,3524,1,0.16435397328305698,0.06743178186791615,0.10574967320382983,0.07000600283555455,0.17461876949106872,0.15175551914921445
10,3545,0,0.2597833583138322,0.08281034106904024,0.03575004485313682,0.09192766031149723,0.3704559793055946,0.24454076794763738
10,3549,0,0.0006197354375733665,0.0002818081674716353,0.0003101156232067709,0.00036049477125364856,0.0003186243600153568,0.002220036758873183
10,3554,1,0.6525420571663612,0.7009945870360615,0.5556978639053034,0.4829955434879938,0.5745360817249177,0.649617767919898
10,3560,0,0.21292923848033382,0.18487318020204146,0.139237166435627,0.022631087666468784,0.30471286542779047,0.06879947717575789
10,3581,0,0.0003584808611890143,0.00021308357559475543,0.00024174326491811318,0.0003236805366570953,0.0005897967590875508,0.0016259274089795892
10,3618,1,0.6269900738959959,0.6976352452449136,0.7238924509567628,0.6807151139067005,0.16935105691776264,0.04852052688186128
10,3621,0,0.1258183194213913,0.4391428892037445,0.11451703241473513,0.04896503504205931,0.2542626065906635,0.09682850245538907
10,3648,1,0.2675725380986742,0.4435541177597999,0.22952613989404308,0.2517883390321202,0.4304297544145773,0.6161950261259767
10,3651,0,0.19248763586250361,0.13027169879428452,0.13543734675429933,0.19839346162850985,0.2381125861669739,0.6274971236557045
10,3678,0,0.0008279555575992967,0.0020535743776878695,0.003435714093569571,0.00513949757879988,0.008225075645153056,0.04067237788286857
10,3683,0,0.5817079511596261,0.5525736401275868,0.6033928992260812,0.6363549050816084,0.6171275344321728,0.5711646153622545
10,3688,0,0.005132845175319793,0.0032258693701555795,0.00449648098591925,0.005405668277689211,0.018642713401077395,0.018928717905019297
10,3696,0,0.059229852845255705,0.01985279865967576,0.09548655054671762,0.06876639626794381,0.1535649434598231,0.46412389188859837
10,3751,0,0.023433957499294965,0.04017191699570905,0.021224231471907214,0.010648075116480268,0.1050813555195682,0.08540097223031905
10,3763,0,0.02783879947354307,0.030257160313929613,0.03294736112444706,0.007685843381946042,0.023885130833237816,0.1482453614454653
10,3769,0,0.053227973766758356,0.05039731169384649,0.0979030210843308,0.07952658620472285,0.4006935360540116,0.4565090791398487
10,3773,1,0.6573131995742104,0.6726498613869213,0.4320615112704354,0.5051372280409785,0.2678841311142291,0.6754906183334434
10,3778,0,0.02486232833480676,0.006210493554301293,0.024254063663044563,0.020482636735510658,0.2208948372294689,0.34482912207330035
10,3783,0,0.008756212538738756,0.0022975844541566403,0.005404335314355438,0.0034605089445365195,0.01300813410376723,0.09927060028619286
10,3790,0,0.05923095195597249,0.06280150908918129,0.06499685404111505,0.09288414378180639,0.15387772472172795,0.22471342373644895
10,3810,1,0.29907136027406145,0.19499806377347062,0.08491895668614621,0.13108538028930178,0.7254520192504835,0.4566311572539644
10,3895,1,0.543015232930568,0.40516599654815105,0.5136111544329424,0.3391505844866947,0.13765378216971322,0.17159988703148826
10,3903,0,0.0007738644349086228,0.00033628680970666417,0.0005091443014270235,0.00037749262532963643,0.0006174911359884476,0.0017017784212924449
10,3919,0,0.023798492656120863,0.05753772515569154,0.018985310962936642,0.003916909603522919,0.023664543427334397,0.14414772711176743
10,3920,0,0.16625528071352869,0.07335073011501124,0.16330398994889006,0.2789201354434059,0.3086649806634019,0.47671861264149185
10,3931,0,0.0007738644349086228,0.00033628680970666417,0.0005469137554445868,0.00043810010432212215,0.0005098648122676969,0.0036148806281050844
10,3941,0,0.4890582119970693,0.2534264323792291,0.5059881238984685,0.15438681769416654,0.5501551773635642,0.20448005707654243
10,3965,0,0.006960352758172519,0.017733300460209888,0.013696630261056279,0.0414000595454896,0.1382922390482142,0.07210457548147019
10,3976,0,0.000348478549168628,0.00021308357559475543,0.0002509311093206775,0.0002763582087576979,0.0003107883751177871,0.0013269747131782652
10,3982,1,0.8655742900928723,0.8689499278619397,0.877647544549937,0.6569725788512959,0.8068409348655712,0.7050989441899327
10,3996,0,0.08533817067957006,0.061613356782773895,0.07497300506684866,0.030363027517864724,0.11577064484000256,0.08409542715085389
10,4017,0,0.0007451458629007954,0.0002634785317301028,0.0003539957467538533,0.0003150838583912773,0.0005596661990366535,0.0024079448415454804
10,4036,0,0.000348478549168628,0.00023393427599882654,0.0002509311093206775,0.00025472064582494517,0.0003186243600153568,0.0021044638195909233
10,4065,0,0.011265171639115158,0.011410185652011693,0.0080406454097869,0.010337434953767165,0.11131501423251379,0.13383862798726778
10,4091,1,0.8332028718158865,0.8317046473623003,0.6440315762889695,0.5524762587826326,0.7453363972745194,0.7425495248413736
10,4176,0,0.0006682229289323129,0.0002373893212949764,0.0004906685276051293,0.00029706656311845434,0.0006463392915577809,0.0013201569356680307
10,4184,0,0.003912340533392186,0.006125804800439023,0.003080155913883242,0.00514598781768533,0.037064786881627496,0.06970472858242766
10,4216,0,0.6062839942399255,0.43336806227906066,0.61927748724287,0.6499497696695224,0.7516932447864998,0.8367974137916389
10,4228,1,0.5267222784132242,0.6894533755238139,0.5491179423668663,0.4437643086661038,0.7923379428532038,0.6879626405323722
10,4236,0,0.011486578993506889,0.019078469680647404,0.00461092665019251,0.005969656795076391,0.016090104600165984,0.032110261051586514
10,4246,1,0.7624066629968641,0.6381912697295117,0.6894837167646573,0.6518685334243048,0.6498064144151824,0.6761802674965606
10,4301,0,0.023287503299567948,0.011621708082652638,0.009194410116645894,0.006574106818473279,0.023104199285134696,0.17516860062804884
10,4302,0,0.0003584808611890143,0.00021308357559475543,0.00025716761103550305,0.00030999681599973636,0.0008710375891425754,0.0013991213768569202
10,4339,0,0.3364026609854756,0.21387397786499968,0.2074137214522724,0.11341795052033712,0.339708531249324,0.4971215885604682
10,4342,0,0.08342636807676788,0.01726568269060815,0.07067217386598673,0.11117987896626103,0.47977107248267753,0.6054212475032713
10,4344,0,0.0005884037890994203,0.000291244283558078,0.0004196680889752556,0.00028227093752002173,0.0007106723008423347,0.0017014701321662756
10,4373,0,0.0004476646154094068,0.00030206024865032336,0.00028487681778755506,0.00029041513792432076,0.0004888504705740915,0.0020778300629833574
10,4374,0,0.005534937304190827,0.004350825773676693,0.00392482298846047,0.004519529451842198,0.012263109118487794,0.00531414976921697
10,4377,0,0.39080715728907917,0.20987322661798669,0.13253693762478824,0.18189444013646852,0.3869533860396305,0.36881112108482905
10,4378,0,0.4378202153883198,0.07034748284779536,0.30718896071115953,0.16083327441121095,0.37996806638004116,0.34563089146743425
10,4396,0,0.1510986303618206,0.07719523612550881,0.08924650918150222,0.0773132259346813,0.12839897272929013,0.13975304605067654
10,4451,0,0.012242172208350454,0.007561006750186111,0.010439655371998174,0.0043104976627826395,0.004699542814860363,0.021911279003087286
10,4474,0,0.10410460655903549,0.2292623275539761,0.22927044798944995,0.09995901251597306,0.17959547711401186,0.33645055884210046
10,4498,0,0.6103280264229725,0.6709503055784781,0.6992620105827975,0.4752927259714825,0.32939103686848736,0.3737120760966227
10,4518,1,0.792156296540585,0.8659101558040551,0.7231561065985294,0.7731951543836215,0.7388969689334903,0.7214542411080951
10,4559,0,0.0003584808611890143,0.00021308357559475543,0.00024174326491811318,0.00032172415683307166,0.0008035666511112755,0.0013991213768569202
10,4597,0,0.00886644727116778,0.01631786579189293,0.007916703778760541,0.009044637183876592,0.025100602516113454,0.10255501247436392
10,4739,0,0.5565030922830735,0.45661514801262143,0.7977132073750505,0.7746196132548687,0.44039341391320497,0.503566816563562
10,4746,1,0.8074217201853716,0.8679204251728605,0.8432509144021337,0.7970966620743566,0.6911160152661021,0.7824346866434531
10,4750,1,0.8088422563539389,0.8024560337136213,0.8538283155169978,0.8492773610596616,0.8605155591190468,0.6574277361652615
10,4751,0,0.0007738644349086228,0.00033628680970666417,0.0005469137554445868,0.0003710936282554025,0.0006901420506052691,0.0016165714786548673
10,4830,0,0.005494872201248154,0.012141187992220996,0.017347692007212184,0.02694225563176092,0.01876512294025856,0.0650344439385877
10,4853,0,0.0015060852135995151,0.000888165071985635,0.0013635263792481657,0.0007627625541687926,0.0006165844270164545,0.002519590573771979
10,4869,0,0.0003584808611890143,0.00021308357559475543,0.0002715946132723554,0.0002888171800746261,0.0005581311670838842,0.0015098538812820435
10,4911,0,0.017992027423391146,0.03192309114469882,0.014235037208081157,0.010031218254845296,0.033751842774760316,0.27200182029773057
10,4913,0,0.005005992604271832,0.0011911973968331956,0.0038652531908863388,0.008153799522293196,0.0065001591675224405,0.029583099561936315
10,4922,0,0.004333969918297377,0.002031856002478332,0.0018031118218232792,0.0036564356887745773,0.012217196095590641,0.013787663762021937
10,4926,0,0.07051886502654477,0.04116346144377351,0.039002256996861724,0.06381242061213803,0.3608927304717207,0.16059766890390134
10,4938,0,0.0013513067480538528,0.0019350704078133047,0.006339062103983309,0.003550677300649377,0.004922615763637329,0.19521570843199454
10,4974,0,0.22697133285382828,0.2646438152822242,0.19314742047153716,0.06648178975762906,0.27829687688604304,0.2414193826564571
10,4990,0,0.006547064619950415,0.01619950640767928,0.009229557706185122,0.009922613961340152,0.03290496947408078,0.021745340707421637
13,16,0,0.012929210743795978,0.015426837661903838,0.0247509741810795,0.01405827145413256,0.11917036331281713,0.10713166710169612
13,33,0,0.2839491155028538,0.22630345450259975,0.282768285208929,0.2341851980738791,0.6668369909568967,0.8409424725960893
13,41,0,0.002869151734772032,0.001664839690471666,0.0023710691470364576,0.004190909286346938,0.006752360740756385,0.04473028478015937
13,53,1,0.6971401737041373,0.7744853581115667,0.4583714865080405,0.6594835933492229,0.8807354111778465,0.6010477960518609
13,124,0,0.005039060085039875,0.01354745081086028,0.009220592218149068,0.005602015803626907,0.02454576364660181,0.0407378125636808
13,142,0,0.01886362766427813,0.006333254207469611,0.01575977108944044,0.01698469802698659,0.19477283475824494,0.6729915204446955
13,144,1,0.8701170872910915,0.7415848349962345,0.7688209992676676,0.7312672845747048,0.7176382034822244,0.8010382573832804
13,209,0,0.7201251668068323,0.7491591315580942,0.69151475339485,0.7169430996756407,0.4515361364536561,0.21360970346182234
13,217,0,0.05240483450469852,0.024010924282121086,0.04002711731354204,0.01257123866229132,0.06662228036733236,0.11152895889772461
13,232,0,0.9311805230849558,0.9322330293737967,0.8544855778675985,0.8619428582393849,0.8775510160766989,0.8217342244388188
13,233,0,0.5024155095083942,0.36854898024555005,0.23125245383647877,0.2705262164352357,0.30675662810063387,0.2580897547656859
13,240,0,0.15655544433455998,0.23245596314438619,0.11114668158120417,0.05804936641099155,0.2425310125342991,0.347931844186863
13,258,0,0.0067003152572430525,0.002071766022885565,0.007932327731798831,0.012294616992026046,0.06301322955973011,0.07882544627255668
13,260,1,0.8679174203421801,0.8619189080915194,0.8115555486296165,0.7964862266838079,0.848730161468888,0.8866607800771261
13,263,0,0.01010924689074368,0.008820484881833322,0.009619990206183262,0.012319500792366345,0.010153630767496886,0.058039016075826066
13,319,0,0.676832177592903,0.6490930631955523,0.5927540005679484,0.8315657921909372,0.6627749859215016,0.7063205232319835
13,334,0,0.03413794691773736,0.03345325048577361,0.01445580225444144,0.010736907443682938,0.3845779826600702,0.6304199867558603
13,400,0,0.0005112118600117414,0.00022230769267420043,0.00025987951896240655,0.00029245730622904997,0.0003107883751177871,0.001390513757423791
13,407,0,0.1568330491905569,0.2756386729666343,0.28111397179449943,0.09767640264251357,0.40181736563463577,0.24756323546369624
13,452,0,0.002705795641386766,0.0023573004275140577,0.010853588623247779,0.004667985214658992,0.008963253625147284,0.025186138205322606
13,476,0,0.02395878365657531,0.011888124064959744,0.02387499854612213,0.020996200247948144,0.15652081158976688,0.4081741678158805
13,492,1,0.6798510675807331,0.43070210294433453,0.8069747481767696,0.6367599802671534,0.8146760089632018,0.9164718344337216
13,546,0,0.03521238722021721,0.015678784102816874,0.02291612722402031,0.016060086566887156,0.058227252488923936,0.03393793205224843
13,578,1,0.40681566228318977,0.6936063890847264,0.5670272384752137,0.5190695789901877,0.4579088332048032,0.6324484142292989
13,593,0,0.16621624624035367,0.15882262537808778,0.19303716242691057,0.15535527901834237,0.008737125618236,0.00859412547453047
13,638,0,0.6374078836017918,0.49452553853945247,0.48741903114958374,0.4386111178200462,0.2757118804543262,0.21432617586494368
13,640,0,0.59076591457218,0.5409691275268932,0.582607990874502,0.6492363930430437,0.6456287956807845,0.4476570829900067
13,641,1,0.31435933049173315,0.5607017256020578,0.1845338358179788,0.335916275295792,0.4284052368723859,0.6937153869518161
13,678,0,0.0003584808611890143,0.00021308357559475543,0.00025716761103550305,0.00031188190501560105,0.0007097857779044767,0.0012215469832627765
13,700,0,0.0004476646154094068,0.000279160608962509,0.00025036285225061764,0.0002789574680721584,0.0005274823840484259,0.0020778300629833574
13,764,0,0.34290287397686137,0.4790722184312484,0.35590990145615997,0.6348810453767777,0.42862549980745246,0.6886942508399573
13,765,0,0.16402448067174807,0.2149370738596515,0.18835211568601024,0.10388856726504216,0.40222342285618085,0.45517886618930703
13,774,0,0.8163192173857213,0.813160557352564,0.848258909444807,0.5336240640231498,0.6276740137586486,0.41272680656038
13,776,0,0.0838483943590231,0.05247538546905782,0.09294745312891882,0.01194059997643208,0.3210267913738738,0.24738992769236298
13,859,0,0.00876327060548897,0.007443421009899057,0.015381252926690866,0.007358446129574521,0.008351097493487407,0.015415242921742095
13,866,0,0.48950088798971164,0.48704693379712294,0.4030912814741509,0.5299397598178531,0.5828859214926326,0.7907846821191782
13,871,0,0.0003584808611890143,0.00023393427599882654,0.0002509311093206775,0.0002763582087576979,0.0003734267356241761,0.002738596622078993
13,895,0,0.0039435109095554075,0.005488615549613545,0.004964730583993987,0.015650516040124268,0.02825753267221644,0.029119198840191547
13,946,1,0.7353209118541493,0.757940320384256,0.7428631790248303,0.776410178706616,0.6112544229176811,0.37829694790495777
13,948,0,0.45181261235732256,0.30926962985289735,0.5883417175115985,0.6333404015296573,0.6773198602886786,0.8241636923423723
13,960,0,0.6234398348310449,0.47945175234207893,0.45119712868349676,0.36769624110579663,0.33012931164297077,0.3285628697504262
13,963,0,0.15605729416218797,0.13854836687501282,0.20489018073589155,0.15457515125532795,0.416509358804874,0.5430270178121525
13,965,0,0.11866360220607423,0.158314552566719,0.14687004307481155,0.15379149631638928,0.4480148856434981,0.5141977663663742
13,980,0,0.002344983964118386,0.0029627272926521604,0.004742493007382086,0.003653184320814428,0.011939175135753856,0.008255095751056525
13,1023,0,0.009806388826092232,0.006435416723110592,0.009867428596074536,0.0074655649142970695,0.04710284356579207,0.16573240981938087
13,1039,0,0.1767671762989207,0.028735759110743685,0.08691096068656737,0.02306476635054029,0.09556027116774624,0.3137251184958448
13,1049,0,0.038362029184349396,0.014811451563407468,0.035056174014143605,0.03231585960321059,0.1328718442031713,0.4476053523434956
13,1057,0,0.006117033025887832,0.009995198558695842,0.0069582920204747335,0.005370547385015434,0.010618334962346659,0.014664326173231702
13,1070,0,0.4667280623112474,0.5908351622042821,0.34911937944579075,0.03627842394811135,0.34284753894419845,0.5334699494891326
13,1078,0,0.02024597645292761,0.03254818810308874,0.013986593975172172,0.03565500107162707,0.035332822827733985,0.12522867357634768
13,1091,0,0.0027133028541471388,0.0018598703840045983,0.003240907128304201,0.0031245100939138633,0.007134535031942972,0.1415996983034903
13,1104,0,0.5020868762078282,0.3427676335388603,0.504795012237864,0.3396267619614211,0.4428960899609658,0.3607330507493252
13,1107,0,0.7338709349798208,0.8653024507946704,0.7928419076210793,0.6653937959943489,0.78784806453,0.43862667476639006
13,1121,0,0.10035217633795125,0.05583400725466443,0.05789035793927641,0.05517492838821527,0.10697270877394245,0.18687170727021948
13,1159,0,0.030819442350969478,0.019107090096448124,0.021475000684932216,0.012459904379618239,0.03641958052511298,0.06787375629629314
13,1201,0,0.06325330657746953,0.15865983964969757,0.22300325329855378,0.07979857480509725,0.5386610601218044,0.28495585769679055
13,1224,0,0.0054572039043746965,0.003027573568104862,0.0055287690622706255,0.007890432419654344,0.022971674725755092,0.11188520256296186
13,1248,0,0.0003584808611890143,0.00021308357559475543,0.00025716761103550305,0.00030999681599973636,0.0008710375891425754,0.0013991213768569202
13,1274,0,0.015968894705168386,0.019034153186597045,0.01142161568190736,0.008698903193745115,0.05301633623530668,0.05783574146877893
13,1288,0,0.08450485800022568,0.16445878984228987,0.03225461531929509,0.051813336651961805,0.35868160836132346,0.581463749695577
13,1316,0,0.8136543182083651,0.7232605707867938,0.7540441966296265,0.6916828257410925,0.5969900584605061,0.6108040946334563
13,1362,0,0.03353455772180717,0.04835806202931699,0.0660609897147735,0.05358001567969611,0.42657353923430424,0.7233192446760868
13,1366,0,0.1639941002719653,0.4380982333568638,0.09117996513117099,0.19018985872130323,0.36677979478880196,0.3320151653458366
13,1385,0,0.0020424815640648626,0.0024922815736948354,0.0027459361087842646,0.0041939444576136456,0.005796629343644765,0.013235656531430162
13,1409,0,0.006017481700684675,0.0033285652246983423,0.0036741212636441775,0.004163933329446195,0.01516450525043975,0.09229076949878562
13,1415,0,0.14449594684998826,0.30861800766416203,0.12915090259845097,0.10084278162085494,0.06778412872065717,0.1499696945906661
13,1439,0,0.004022741507253898,0.004976525981996054,0.0034666772329134715,0.006229116401572522,0.008210870113463085,0.09884137556144912
13,1447,0,0.5742396641735349,0.5347176549951668,0.689673931888937,0.6711862156766161,0.5927733534550431,0.6602747255167886
13,1458,0,0.1897127002687804,0.21386215120911103,0.12293715624930625,0.18907399586392049,0.3974364248570279,0.29113753993221486
13,1464,1,0.590069933040328,0.6584891326356501,0.6512303282052812,0.7320871283718857,0.7698478198855004,0.6710369762603495
13,1481,0,0.0019967243376218745,0.002562320447922973,0.0037581583279408227,0.0037779269621740826,0.011804987681963516,0.025016410689680815
13,1483,0,0.1310215471047987,0.1809581179651081,0.12984931082754989,0.023279690601653396,0.1574460323188475,0.13557283036916432
13,1552,0,0.8776996658217368,0.9105517105197722,0.8593859085436585,0.8553665365841979,0.46721711961494367,0.4216409611818152
13,1557,0,0.000348478549168628,0.00021308357559475543,0.0002477155372281436,0.00027370122978390957,0.0003419282186881479,0.0016259274089795892
13,1572,0,0.7554930995225483,0.776466097148388,0.675020097995635,0.7202613157171556,0.7554954495762838,0.77503836345709
13,1624,0,0.008726217113845854,0.007685802135257473,0.00436146734620314,0.006171857080999001,0.0643929981564883,0.05863660231136369
13,1635,0,0.34336017128248875,0.3944544557630532,0.2170071866612438,0.26812343098192415,0.39685311722240196,0.42307846819417
13,1768,0,0.04929630623381462,0.03880762520125554,0.12181245328871439,0.03399519316874232,0.3130224586711208,0.09154830398398238
13,1784,1,0.8271909330303221,0.8757737995806234,0.6509653281765698,0.7894802758979308,0.8517840997793209,0.863587782663326
13,1793,0,0.27650281148733435,0.25609760930921555,0.22818031076717038,0.20497463800968746,0.5879954679496457,0.40118208285196455
13,1815,0,0.31198101032650644,0.4168724271719228,0.17901983057821513,0.2632382269464576,0.404795799428133,0.6410581231033919
13,1818,0,0.016222109148282125,0.012026440240650388,0.012768180742529368,0.0070735456639020285,0.03074859516938302,0.1023346753791263
13,1820,0,0.08066903761923994,0.03968068406642232,0.048197432229661455,0.008543798314091099,0.14526250010299455,0.03606634784732169
13,1821,0,0.2260597900776876,0.10740101397065739,0.12198525894280388,0.6507938414409928,0.27694868320808436,0.14147318875943657
13,1830,0,0.08872616077285952,0.08625579092809675,0.11935493263336294,0.15546133184229635,0.27624421983739,0.39356052223134
13,1888,0,0.010191120693343974,0.009676168690503343,0.012139723980327246,0.011848561242661966,0.03081613967195429,0.13154717523595347
13,1891,0,0.7361084197716721,0.6850195433258804,0.7145354588113902,0.36406195239899114,0.7104342881311382,0.8527851980029261
13,1919,0,0.0003584808611890143,0.00021308357559475543,0.00024825529996854416,0.00026430532302455567,0.0003623923971052142,0.0013201569356680307
13,1982,0,0.8840177659089635,0.8384667368762415,0.8497000527414511,0.8955936655620658,0.87872650413181,0.8556424171369559
13,1983,0,0.002044544416725965,0.0033863933594692644,0.004697679242034339,0.003524641902293562,0.010954802467351718,0.021118767763330708
13,2002,0,0.025391079323150444,0.016585486361932803,0.028953711600251966,0.03365520695892051,0.2512924638700991,0.4013837194571842
13,2067,0,0.0018140993491386774,0.0033269924492334195,0.002579384407224746,0.0032863292398615006,0.015703501530680855,0.25999553028333955
13,2088,1,0.8290853812210832,0.8564309778473937,0.6863335301469369,0.4581502127624931,0.6046585605294312,0.5130755373762291
13,2108,0,0.6293023613934402,0.3189918535555725,0.6099900545024429,0.18659970964213282,0.47142682967953964,0.547743249165668
13,2131,1,0.789579870628255,0.7997608556772456,0.7589013381624269,0.907869931659621,0.8115222977018062,0.7798340935725527
13,2212,0,0.8029567284122222,0.7962348192438653,0.8720098885832067,0.6863253348011072,0.8498234983934183,0.7820657263644449
13,2316,0,0.002790133079030273,0.002794605807249849,0.0019393352242788933,0.00288860073407824,0.0030069925063439234,0.06828601456517984
13,2325,1,0.8091042314326404,0.7922924345814749,0.8360739146919949,0.6830819863487947,0.7440193646879346,0.6791000173985104
13,2329,0,0.24499776219136238,0.11478127539686318,0.12831323517655524,0.3178179090962702,0.08285799480551957,0.2893720771625008
13,2341,0,0.010496521135914923,0.014958947104719213,0.027006528072801655,0.027709753265069182,0.04371366284695204,0.05837812362719295
13,2359,1,0.911022589641064,0.9033865460694607,0.86170860401956,0.7355069907762372,0.7727208959210932,0.6784562982429949
13,2374,1,0.9023314332245252,0.936038953503853,0.7663072615119576,0.8589898249201936,0.6691938012710558,0.7789097806221154
13,2379,0,0.0015111739031746525,0.0021587272014803533,0.0008135380639286979,0.0021878822010690207,0.006698821403517285,0.05401428873693168
13,2388,0,0.25508434754584974,0.053337086090118155,0.09575270225426175,0.1746654268558995,0.43823094624985426,0.5937306082193355
13,2417,0,0.43043807722406713,0.46285468733820456,0.46126533613496,0.1636783792108844,0.15479439128019232,0.2628909886979055
13,2427,0,0.0055520652945401485,0.022686559147151394,0.01663385364366695,0.02683009741261763,0.03773575402917896,0.015952854004134473
13,2442,0,0.009921830840619678,0.01526917530952973,0.007294237413789664,0.014751787547413582,0.08541747757140102,0.09333477224677147
13,2449,0,0.0049412649859637775,0.004340527792920407,0.008823969588008957,0.004445628597264139,0.0068847539597941465,0.027437835669915207
13,2460,1,0.5638013749831435,0.4682184706760985,0.49173032907695374,0.4917909809439383,0.3559984141326069,0.7083041315519695
13,2486,0,0.47980007301888605,0.6554693692296436,0.509730560702112,0.4603685778965141,0.6009692764728874,0.48310516479923227
13,2533,0,0.05239023766021986,0.016838987946474097,0.020812728769322185,0.03309061037823251,0.04932519469598161,0.03168715349933073
13,2553,1,0.6416852905918041,0.8039760861694485,0.6287763132574691,0.7208310216452776,0.8559751133260644,0.7331830226318232
13,2557,0,0.4619568048956299,0.4889247807116286,0.32905098401721383,0.4850648402405814,0.3962620173429622,0.3677795295977582
13,2563,0,0.5093336580002412,0.6112155469941934,0.6149531728975106,0.7842049048300097,0.8432616561850511,0.8514933824393653
13,2605,1,0.3468533647517176,0.03760658991834145,0.31904871347343244,0.5392741759726783,0.2793741651052881,0.1676313817048566
13,2612,1,0.510805679563402,0.43510792656911,0.5486415759970527,0.591563597866722,0.6559082622068328,0.35195369841964663
13,2614,0,0.8367758524183723,0.876917089788583,0.8613673012397891,0.8390879517521243,0.701237943087674,0.3474581439108937
13,2630,0,0.35791728781987137,0.3869448592273281,0.44836621671600274,0.469055665781646,0.31866534985518563,0.29577869756967784
13,2636,0,0.023377773655286482,0.0078049702517648005,0.009763592660849226,0.008154320053164304,0.013490284344564476,0.03670957526857266
13,2637,0,0.029820155734837935,0.03611010661745132,0.011357838977987925,0.006589475591603743,0.030515024584015574,0.06798167152921489
13,2677,0,0.0378347004115381,0.05614541437309492,0.07929370996801219,0.015058559389311546,0.2634316501140612,0.16845658669014263
13,2695,0,0.5649496236033303,0.45968786542458323,0.41607392003316074,0.15598574121648295,0.41666466536270735,0.5842187163619372
13,2710,0,0.12068037836190751,0.08277571848578581,0.048049693635443626,0.017571200969881958,0.06476104401636047,0.02430891069336974
13,2734,0,0.0057012318924523795,0.00456065592470264,0.01457455889558704,0.006753248489596136,0.019386047855079816,0.018655023552523492
13,2744,0,0.5579511968271657,0.519914937292552,0.49085300939761745,0.6533636979241229,0.7643847586005968,0.661431086750976
13,2748,0,0.01862053935519044,0.07154458059395717,0.009731754344808698,0.02225048489320112,0.20484198082223193,0.05897410918852345
13,2790,0,0.0005884037890994203,0.000291244283558078,0.00025929100263380537,0.00026955959867999235,0.00030044805733042706,0.0020778300629833574
13,2846,1,0.7085986294972525,0.8159731425933797,0.6996633673569694,0.6590555909784935,0.5991120053953242,0.4810071594267692
13,2925,1,0.29275384901642565,0.43276306144037335,0.43129543550041777,0.44393426215378423,0.5952571367712092,0.46970575810728304
13,2956,0,0.008686498030526726,0.012576039782677973,0.015854931282959676,0.008415626723224812,0.09661342786443382,0.5017702327927678
13,3022,0,0.26868356892289785,0.17238726350197064,0.15900312435796796,0.19893076582895997,0.4245199919244404,0.6418203909302457
13,3047,0,0.838818648086863,0.7368512862599221,0.7725649771657576,0.8781057783228284,0.6049405479961883,0.6322732870758051
13,3093,0,0.5001219301320907,0.3854711306919254,0.4740102802287947,0.15052239412208024,0.5602365001001696,0.2546507631646703
13,3131,0,0.005567505706673575,0.002484025021903791,0.0044114547999185875,0.00451931882090575,0.005184581291101043,0.13957412226046972
13,3148,0,0.008286200876777018,0.011133799543440202,0.012784923804250063,0.017164526387031264,0.04831709607683234,0.03212496369779582
13,3160,0,0.05088791286140802,0.036916321206835745,0.01913268190673564,0.024156445686691463,0.13439747154514536,0.5125984256541077
13,3169,0,0.001493905287968778,0.0006656962533254059,0.0010490837996238577,0.0007167849391612452,0.000503629793899598,0.002459227150552494
13,3187,0,0.2060867453216861,0.11210833752036051,0.1956194093007254,0.19912031769631455,0.51745843308891,0.4724650238970767
13,3218,0,0.010913539492904085,0.014307609346142662,0.07210840510213568,0.03801318920061303,0.14279818999637733,0.47328684470212734
13,3231,1,0.748242630542088,0.775950816037144,0.8157363544287173,0.9223238287502055,0.6723906126416578,0.7518159467001876
13,3261,0,0.0019561165164234187,0.003171729819653379,0.002437496533564489,0.0013539714038188825,0.021322805939679598,0.10700104283219954
13,3265,0,0.6881691920916366,0.7537275607625072,0.7711854415214331,0.8299730830808177,0.7576713121799592,0.5506771580830768
13,3283,0,0.7342632153623789,0.7610315273315763,0.8132023806980472,0.7960020454301906,0.8184642175317083,0.8255726435919787
13,3316,0,0.000348478549168628,0.00025312492355178184,0.0002751200721046687,0.00028770914949268286,0.00039977884642011287,0.002738596622078993
13,3339,0,0.5154388479717372,0.41678951792355523,0.2672840836473086,0.3420241807088396,0.5407066394711069,0.7298373679927489
13,3361,0,0.011178578734204785,0.008792871920925057,0.01986366047921253,0.006507305789917153,0.15258548107697414,0.08081899863098903
13,3389,1,0.32480295361228756,0.19851803787233366,0.24550978624544376,0.6063105847060718,0.41246737234563124,0.14472537411594025
13,3403,0,0.13548433005488603,0.05965256339715286,0.10884618321759974,0.04211106980856671,0.12381355025288496,0.20241975103886498
13,3410,0,0.0004711951910142493,0.00022230769267420043,0.00025987951896240655,0.00029245730622904997,0.00035584578702406374,0.002206851839092358
13,3411,0,0.002393253057484983,0.0018365042415065598,0.0037368186147310706,0.005820176134497897,0.0042195306485105655,0.11020381775353501
13,3418,0,0.07328757340629893,0.03538030580201022,0.0309503015681203,0.050403903446236444,0.04604345982071596,0.6943499504892846
13,3421,0,0.033031697130703495,0.006659403323295099,0.01191911414739775,0.01119356988356467,0.03313442230414357,0.23282100189136828
13,3478,0,0.18319548841610478,0.14161310624645906,0.20074646780438363,0.1271497116202199,0.08531172815741216,0.0745939253641486
13,3510,0,0.004277412575350399,0.005985904398660141,0.003937110208470943,0.002128426614883222,0.008306590283975287,0.007231208888079962
13,3524,0,0.03485946612003076,0.039884206503477716,0.042424209718175655,0.08388480615979908,0.12391378422575217,0.16090918392971126
13,3545,0,0.010201291939595956,0.013782421862325967,0.011417632639345778,0.012472290844166498,0.10347379951604022,0.5344149185164985
13,3554,0,0.14503245072595972,0.30866813060582143,0.11001286694779658,0.04313127208576872,0.06608501236032477,0.08924685572319023
13,3560,0,0.027050641620832937,0.060866417272526376,0.03531907422488868,0.006346716487817287,0.0940283593015371,0.03672037894587872
13,3607,0,0.001493905287968778,0.0006656962533254059,0.0010238108069177913,0.0007167849391612452,0.00047194397117259694,0.002459227150552494
13,3618,1,0.7132828751612488,0.7644998805692874,0.8791817777047772,0.7445015071642771,0.8567785683389827,0.5213844693156744
13,3619,0,0.0005818410131257665,0.00026106117571704485,0.00025987951896240655,0.00030101554980701227,0.0005120969404189765,0.0020161508222720907
13,3621,1,0.6452332269683282,0.5515767935015264,0.488665853476578,0.4713992369404288,0.1515373230169253,0.3108673794927171
13,3648,0,0.137877671114621,0.134590308451845,0.17294807764363745,0.1482041454439864,0.594168461468383,0.5417366488974574
13,3651,0,0.20198418419595798,0.3084732098445905,0.5640889845837833,0.3455547354567919,0.4084973962121419,0.3398046706503669
13,3678,0,0.0022252321403918042,0.0039011685631199894,0.004198659790280408,0.004577852875261215,0.012160817765355915,0.08335744580926228
13,3696,1,0.005580622844901807,0.006350787006832754,0.007026268532467142,0.012841995385960044,0.0731138661110872,0.14178121018803108
13,3715,0,0.3865054818122044,0.1561870084040546,0.5267126986377213,0.24517598918741376,0.21913715750373355,0.32670231271494693
13,3721,1,0.8494418199043876,0.7801837551360703,0.8179820891661826,0.7784959784430339,0.6387686750193621,0.5151348959007664
13,3751,0,0.04384276178420955,0.11447053228219684,0.0604405259823666,0.042822547827625186,0.36202645170200015,0.5919143449999276
13,3763,0,0.006023614957151675,0.002514813921060155,0.0066554006132825685,0.00471874073841072,0.015104309653392494,0.031198069026331966
13,3769,0,0.5967317054005526,0.553507372966098,0.6939139267266397,0.5980113054402482,0.12885216950191763,0.5616932161258894
13,3773,0,0.2722899327658074,0.3466979549879889,0.359607203806,0.38677835417562034,0.3008139231997464,0.2759966088491868
13,3778,0,0.08647767061136082,0.022918125236819745,0.2849649946057317,0.40621857598981753,0.24968008180286635,0.2962977837850322
13,3783,0,0.005325125009519756,0.0019153771276900033,0.004403196590111614,0.007004580582134139,0.04442617905378066,0.10064163003732145
13,3790,0,0.04212064054702559,0.07994941872041299,0.03993003085194915,0.08110546013063297,0.3574291369548593,0.1734166741773368
13,3895,0,0.2102109284839325,0.004048685700325844,0.12597760200673425,0.05609452122917939,0.05859429975655369,0.16081140435021002
13,3897,0,0.0004351749867730851,0.00025427988400237634,0.00027695519923989493,0.0002651830964121083,0.00034539151685316895,0.002220036758873183
13,3910,0,0.006520801485874807,0.0072904205294120955,0.005468338834001273,0.00340395524374559,0.024483623592914897,0.08257517434318477
13,3920,0,0.02952501407223941,0.06972437850296467,0.08001974015934989,0.06996263898409687,0.25646419250254426,0.2646222279248609
13,3941,0,0.4328044025162862,0.7249682046170022,0.6344414005191642,0.5952793846466191,0.7827712679894128,0.7905523231668873
13,3965,0,0.3781252739102554,0.09106728363121676,0.22180416554661037,0.3022545184750962,0.42470905903681844,0.4862301157456769
13,3982,0,0.848026628441894,0.8591001511402908,0.8501944600548424,0.8905414624417824,0.8413873769057829,0.7931992699735578
13,3996,0,0.0057855240297170945,0.0057404081885236765,0.005137582644562232,0.002928920491499535,0.013590201397233749,0.02321270023103163
13,4065,1,0.3531733901406729,0.286999700694725,0.459310188520787,0.20616947642003985,0.43717945562927685,0.5132412747809281
13,4091,0,0.34166953464083044,0.2223779291172097,0.26026382728685277,0.18197188600621486,0.6472215907066405,0.5067143258524395
13,4105,0,0.6905584071548111,0.7412118575571875,0.6768116967096653,0.7894557491366572,0.47839625126386903,0.4813631692560258
13,4176,0,0.0005112118600117414,0.00022230769267420043,0.00025654930635150077,0.0002722201641163368,0.0003419282186881479,0.0015098538812820435
13,4179,1,0.8088009713020172,0.6383805343803471,0.6892544280967239,0.6832317740655864,0.5861645700763254,0.8217157585413966
13,4184,0,0.0033831906662617627,0.004707575826869064,0.004331539794240706,0.004624955415304346,0.023607538061220026,0.04594195255704569
13,4236,0,0.01622452894030109,0.016849732741091906,0.021888171865097027,0.008576936162891416,0.0434553627918189,0.0563259733702149
13,4240,1,0.38830683904856145,0.1599345957631826,0.1711507585363986,0.7664897413285033,0.1282513153752121,0.26812411289660393
13,4245,0,0.009834860425716472,0.029605887351285255,0.03107795746133118,0.024434093407720563,0.06129526928400138,0.09298763874794481
13,4246,1,0.8246806978607102,0.8446693363058158,0.7523840208222399,0.8201882541127361,0.8159053430192527,0.7451017720762549
13,4262,1,0.8226971809729111,0.8388855818661154,0.745996864757223,0.6338583660875168,0.6901197148355088,0.8307553003580995
13,4301,1,0.4968410051350213,0.18340744596520397,0.32516225532578946,0.27099850818911597,0.18241333603385587,0.3084593239712978
13,4339,0,0.27127474089800063,0.12649202346204014,0.16097656370843336,0.05826865929558447,0.13989409634266703,0.35981775110815933
13,4378,0,0.6676855154544042,0.621411922776809,0.4739154459648872,0.4165082331690849,0.46932420847017436,0.670460347683489
13,4451,0,0.013203349710334435,0.005940618582518956,0.01500140571028676,0.019264045630612896,0.017070613086001954,0.04035423268943815
13,4474,1,0.11895126635983984,0.1218388293020724,0.1023459037524594,0.18736723083790097,0.41739160008691195,0.7250991066617909
13,4498,0,0.4903878067325814,0.6149292102472903,0.33198430232574483,0.30716445348982363,0.3274434281339793,0.3355662444403047
13,4567,1,0.5553231313681697,0.5125974122438085,0.6383358825535581,0.8391545338346826,0.5204248477880128,0.6823867252544529
13,4597,0,0.003749476151501788,0.0012479019967852245,0.00786029718623061,0.004395497838429328,0.04239318899821512,0.07967005965030861
13,4617,0,0.43422081550985653,0.14589842123197058,0.15361934845515424,0.31946043412883185,0.136430018457521,0.45165412538040595
13,4739,0,0.8686757797540271,0.6894962575955774,0.7576587540803591,0.9165135645899078,0.5927626867586306,0.6323104156756345
13,4750,1,0.7653304773934181,0.7962039222939461,0.7842375871957079,0.8448099119352107,0.8070000818432991,0.551192925818685
13,4751,0,0.0007738644349086228,0.00033628680970666417,0.0005469137554445868,0.0003710936282554025,0.0006901420506052691,0.001617387857632719
13,4772,1,0.7693409739392083,0.7932321497296738,0.6733991808352985,0.5899603262401263,0.4285192893556966,0.5459378076805541
13,4830,0,0.01566599433424716,0.018682291722681797,0.017303969825362357,0.007255344265708778,0.12342674762685822,0.31035295879352404
13,4911,0,0.07729247632865272,0.11708548778767079,0.06919724719579468,0.053635947719573,0.3460109165141648,0.5263071161230319
13,4922,0,0.003699524594276741,0.003629386872552538,0.0032164415853452475,0.0032175952992172206,0.0029308863552365023,0.014119894595564822
13,4926,0,0.016897937364187782,0.036874863851428845,0.03678151406865439,0.025757437188777484,0.44732128335864535,0.5716579788473234
13,4938,0,0.007331884212250751,0.008087029995003173,0.005641421367291479,0.009301548609238673,0.02281069235629127,0.05338416228028781
13,4947,0,0.0005889625754606568,0.0004304994551220793,0.0004799702106817609,0.00043582778816141326,0.0004219888168326857,0.003912504492020469
13,4954,1,0.8270013860154242,0.8505575765966835,0.7291327403073672,0.6394988665948874,0.704310948303177,0.6246686355335181
13,4974,0,0.9075710518585771,0.9272250068740943,0.8707675965929559,0.8866421356557915,0.6963281554123476,0.7546201843164502
13,4990,0,0.02642107343713178,0.014690377200892907,0.022984586284364655,0.01923772481173274,0.06007127321811514,0.13000737398868642
29,16,0,0.0028354109778359706,0.005602727613021808,0.003147995340796543,0.007836629159272161,0.07974951857096989,0.220096671382295
29,33,0,0.72990634658075,0.7367583537790431,0.8535027477506444,0.7113466483585035,0.732985014676488,0.615224678758905
29,41,0,0.0036296953609538884,0.002757724830048557,0.0028286168769025106,0.004521053992106932,0.0386017407983397,0.148576346306631
29,60,1,0.7511979796009393,0.8619846139112579,0.7769342182894604,0.8102519672061735,0.7744079431215983,0.8514580667039522
29,99,0,0.15137824405769518,0.2524776688213495,0.20725208724359492,0.3665246184928265,0.6700474947336553,0.5305830227803083
29,113,0,0.3916654859269877,0.2828710590128287,0.2286310516662789,0.08101802117091583,0.05894603721887517,0.06719713545107053
29,124,0,0.002566817000484933,0.010031376474560365,0.003097791286931833,0.0024517731841808173,0.04498845428477521,0.04920021502473146
29,129,0,0.036642936140682536,0.0368213715371087,0.030771087297253412,0.03711889119293141,0.3986659409301179,0.6150169183249222
29,142,0,0.010368035995162566,0.009187115351360155,0.007717953250067782,0.0117295399920286,0.07586115895208255,0.10170894426529088
29,165,1,0.8278756101966631,0.8239130403208061,0.793835709032992,0.8369139768772571,0.6715178868265059,0.739894336128694
29,166,0,0.8465031437627497,0.700383418575952,0.7679808261741671,0.8758339126779958,0.649602571783837,0.7979490843583777
29,173,0,0.006874214999333437,0.00532369992239619,0.02944875737618831,0.03073740824874232,0.059231604077497786,0.22662664493513948
29,179,0,0.0003584808611890143,0.00023393427599882654,0.00024488133049470134,0.0002789574680721584,0.0005449945975099947,0.002187192304466722
29,217,0,0.20915022979993622,0.05758230836056831,0.19021159038226904,0.04229481241359397,0.10471207616129113,0.6407092651140133
29,232,0,0.8390836557741952,0.8604256414576221,0.811310962841514,0.7341307522790442,0.6547704155621021,0.6972172513533855
29,233,0,0.6504839408538159,0.5421922164228329,0.5849274587741684,0.7330910052038745,0.774336780242453,0.7312904983776093
29,235,0,0.07506177789584692,0.041227808949180926,0.036738862539994525,0.04004906631757881,0.35191141337029186,0.7624553782963251
29,240,0,0.010321443570793684,0.004834664936195491,0.005306277553230888,0.003431326563763705,0.0344019098699546,0.062060591994954166
29,258,0,0.0033595323728345767,0.0033861288967999637,0.003508671043316206,0.006470901542790459,0.012117228603609597,0.008455545987815892
29,261,0,0.000348478549168628,0.00021308357559475543,0.00024174326491811318,0.0002955591630772315,0.0004079955716632531,0.0012215469832627765
29,263,0,0.03152581068671182,0.01071848100309713,0.012593964337477502,0.023618635805540394,0.014423637017604572,0.025335879748159134
29,275,0,0.022534461979343372,0.02337902663876185,0.04855549950129952,0.006985285884322711,0.10398216580558703,0.13900927448315764
29,283,0,0.0020233135605412103,0.0017682346047936876,0.002877832303096232,0.0025965452499544708,0.0038316415501190386,0.0040925031383718495
29,299,1,0.543883541558403,0.4648682057876076,0.3943144378156905,0.3131794424679341,0.5625354836610637,0.5429933929401506
29,319,0,0.5634600708374004,0.5570180425677569,0.38942342073071845,0.8027369865921908,0.5450602800816554,0.7454339194141939
29,334,0,0.12881716404615098,0.08587734524301507,0.02058398811225732,0.02953660548763419,0.09385903847895435,0.7484489281982417
29,373,0,0.6566212275369341,0.6477584269393123,0.5567375382354827,0.5182502910634363,0.7343247324559716,0.528681240187123
29,377,0,0.8630216087604817,0.7903776084305421,0.77320508251798,0.6372432881561235,0.6347121566288926,0.7631206453065909
29,407,0,0.03361647697536328,0.013845677831590467,0.01892775949219177,0.018283549804385794,0.06986217526047639,0.29939391525760234
29,452,0,0.04285375718211925,0.0034304395778564757,0.010679271033204946,0.006038872116135876,0.02323013851443608,0.04605868842863111
29,473,1,0.7377606230889615,0.6502899049556573,0.7424318772003281,0.878536554874858,0.6334456557328401,0.6445320912690452
29,476,0,0.026442144864178153,0.05823371387692958,0.01734573625201245,0.023463937760018812,0.10370023673277047,0.21627014341111975
29,478,1,0.8643923553037136,0.9265538123526389,0.9287829271900683,0.959200834868838,0.9190711288558993,0.6601777133241282
29,487,0,0.1960980848122257,0.19316712556187304,0.10346488461153809,0.02600162367944723,0.14115374283819399,0.18685438544122396
29,497,0,0.0010436037198895496,0.0012642844001728947,0.0020421759701269014,0.0021384188757256318,0.006811696139840728,0.049969001480692984
29,520,0,0.005068206751171593,0.003252768460247404,0.0059373239094144045,0.008615713558023404,0.017794468493279987,0.20066771991485755
29,524,0,0.008277424686973008,0.008266986156663717,0.007942234376335289,0.007615428205662546,0.04024994412245969,0.21056621936332223
29,539,0,0.3965847166747127,0.5092416474160167,0.4275218540099445,0.40354922672013516,0.17009665103363367,0.08425219394279794
29,546,0,0.02064848086319039,0.015687560019237278,0.023251870568546818,0.012389155415998413,0.011854624825118421,0.09538336741816275
29,577,0,0.08894896817977431,0.10194743586954312,0.09382530519545798,0.0444550550154116,0.040551884931624635,0.07990983799614909
29,578,0,0.07551723768764357,0.03064760877060582,0.1347068624727717,0.16177625040932453,0.4698548231666119,0.6278753699083603
29,579,0,0.010553107159246842,0.013504613827924146,0.011418108836982965,0.004536944715544238,0.01823143387260959,0.04942292657775085
29,593,0,0.0020713749016213747,0.0030188921627982692,0.00392173862733266,0.003665623208211849,0.010002028377077032,0.04098082655797585
29,608,0,0.46785874480456396,0.499745891721625,0.4773643388023172,0.4121315656004291,0.798400806068477,0.5543772443643908
29,615,1,0.8532306604944084,0.7579304715743918,0.744899703112762,0.7012913744075294,0.5565965036346122,0.8876621180721683
29,638,0,0.7909430228973637,0.7302744700102799,0.84755721700945,0.8661264691439355,0.824132566066161,0.5811158971002007
29,640,0,0.10912577917390966,0.07250289762060236,0.03597277925964643,0.0625793845348992,0.16270769758832618,0.25291982404829394
29,674,1,0.70162618023145,0.8194239067553878,0.7239959457876759,0.6811244299725155,0.43205306773103974,0.6073688605536207
29,700,0,0.000348478549168628,0.00023393427599882654,0.0002509311093206775,0.0002940484435392312,0.0003512283988120525,0.0024079448415454804
29,715,1,0.7625491504471116,0.6770511853082817,0.7037178093753029,0.5767743191340756,0.469386473195013,0.7175462347733115
29,725,0,0.5644237170513596,0.44079263945426433,0.4522278935274476,0.2738685600646531,0.4786859248754158,0.6215934724893835
29,753,1,0.6884476978189932,0.5821001584662916,0.735609377063163,0.49385623455586297,0.702062676650736,0.5204771377175427
29,765,0,0.009146093680959942,0.004377517870912786,0.017082807341937335,0.009146673240878684,0.022700896736704158,0.19532435859388747
29,774,0,0.5633001918488308,0.6557998035941035,0.5505800130194429,0.4527268847725564,0.21066895648568548,0.10471849160832523
29,776,0,0.3566097518114913,0.17668374657595198,0.18865251890129298,0.2881639373731517,0.5732415048103398,0.548544240064721
29,800,0,0.005105975943095346,0.011949520760042059,0.0053677313115127094,0.013384692434344682,0.013676161529442163,0.05446232686197708
29,815,0,0.005820275886392484,0.006238141362526023,0.010499661401719129,0.0034076634144441127,0.02393272196900776,0.04046206325063594
29,849,0,0.44189316057928285,0.6114531662693394,0.37096073254077,0.4245447054436362,0.6089115427446998,0.8497116708443971
29,859,0,0.008215618060360367,0.006420808365253743,0.009841148911927677,0.005706522983743689,0.025734763094479456,0.12548283308517733
29,866,0,0.20754323579209358,0.23271061316654496,0.1626566773586621,0.1282989134486177,0.1679942777046022,0.4921961318184162
29,871,0,0.0004476646154094068,0.000279160608962509,0.00025036285225061764,0.00025472064582494517,0.00033143474695331883,0.0020778300629833574
29,889,0,0.8671155419015085,0.7854989692378027,0.6150057361645309,0.6540606780649777,0.7930388983733132,0.5887146912830575
29,892,0,0.628931524753828,0.5932525946516545,0.7432188328292242,0.6791022109631304,0.19295595217619402,0.5112735753332373
29,895,0,0.008906105742016916,0.006813624353266033,0.010146298444620987,0.02342393072641654,0.019937805699617547,0.038413110237050956
29,903,1,0.8460368853118647,0.8748029099425156,0.8709196312569447,0.855159197632219,0.6325161628775657,0.4039858342654891
29,913,0,0.01433813857525474,0.006509708465021926,0.009345121804718385,0.007805961036944299,0.039330998095584754,0.041706191898255404
29,946,0,0.4642216803178342,0.36807612406326873,0.41403462443243794,0.37601664273952895,0.2895598416131616,0.2953120898349727
29,948,0,0.7003021904420605,0.6836958910400436,0.7694088972204451,0.6995027042539211,0.6551414105953692,0.6217817019713218
29,950,0,0.5345457284157918,0.3824220788009671,0.37563660776411034,0.12524621242726552,0.4350555034578393,0.40467304067623266
29,960,0,0.022244999336192162,0.016467389805754375,0.01419940228149842,0.0278934015405136,0.01996369195764205,0.05526288042312684
29,963,0,0.4181737863542322,0.3310609432872662,0.6898301673162793,0.5506678267606706,0.5919236166837594,0.5786928098557241
29,965,0,0.01639479976330233,0.026212577113705896,0.03192484398242445,0.04450445740776894,0.13371327859943338,0.10004929081793466
29,967,1,0.9151264393218537,0.8967558042576967,0.9032376060086885,0.8663997678190322,0.8479493377562736,0.5763369480148909
29,980,0,0.004627268476679675,0.003231142172874061,0.0034278947712864534,0.003604524615316917,0.006517310178817207,0.014093618351230087
29,1002,1,0.7809543391059428,0.7566465490383248,0.5628387764993849,0.8300357427562707,0.7721873728768319,0.8692676527201658
29,1011,0,0.05094585167314134,0.10706703568216007,0.048461048947145785,0.015789494496580812,0.2310407095830629,0.6499456874123434
29,1012,0,0.0033671145527596233,0.0022411794585015174,0.002017981562223213,0.0023594643302038837,0.015672189830596244,0.028763555217783014
29,1023,0,0.010820535270677828,0.03134589584960492,0.007019266686071863,0.014700509969505763,0.032700358261671926,0.027214388526317565
29,1039,0,0.024699890783515418,0.00836278360483256,0.010504655604805383,0.005910815238967949,0.2227002107184121,0.2610775314447924
29,1049,0,0.2443099939203287,0.21873894080765482,0.22298223045630794,0.17527524199738578,0.4619836999802687,0.700603475500204
29,1057,0,0.0043725639474467975,0.004899552102553741,0.007399869009687496,0.008087774337384914,0.05715078717203451,0.07317896718779933
29,1065,0,0.0020204330962149126,0.0018514166547446195,0.002208243453209561,0.002948319060553484,0.0193311874302887,0.0628709144964984
29,1070,0,0.2321008714842317,0.3177711119296929,0.21491258965376767,0.03337882109549862,0.19797191956315854,0.29465403063704704
29,1078,0,0.09115110267558159,0.0799928739053695,0.07593812151653721,0.06259684237954735,0.07140919178507493,0.19456131701911014
29,1083,0,0.744648031873131,0.6580512069327118,0.7100748319114292,0.526583115486349,0.6500235540185187,0.5444739494533466
29,1091,0,0.0016978761316178194,0.00262742486702653,0.002005591860167328,0.0025985242880266555,0.00793635274366927,0.023051786039544615
29,1094,0,0.04664991493316798,0.04699548530584475,0.07086807552777658,0.10939649550756281,0.13419319691689052,0.6405959727216677
29,1104,0,0.1996362514201243,0.24100016103416944,0.09316879062442056,0.264473455650712,0.2022417347903821,0.12367374149344075
29,1107,1,0.8442089740575205,0.8391013527227663,0.7836032919644903,0.6486884365479305,0.7084734443153473,0.29856199140512857
29,1121,0,0.44702811379167867,0.29776961777105565,0.31901153081096734,0.2656490161238832,0.5859420054771461,0.7221613988614536
29,1135,0,0.6302934897766024,0.5289709218888514,0.6084407340579762,0.8229033663261375,0.4593033317934596,0.32081573651781875
29,1151,0,0.10248010360473539,0.25876965212310493,0.02779434721563952,0.07182776751310593,0.4651303109217557,0.24083057019803136
29,1159,0,0.05450473910105534,0.046207130284264666,0.0606210691617146,0.09950999832577635,0.05422377822852784,0.15092341767632375
29,1170,0,0.7071863623975927,0.636828609525582,0.31263525064806263,0.6108733739547005,0.724261705955255,0.7027785579004922
29,1177,0,0.14422355034513473,0.1621708762211349,0.13699121082668309,0.08155004726885405,0.18861845410892097,0.2868969408778105
29,1192,0,0.8972996700034765,0.9248225090261278,0.8735988510959679,0.8908555768022598,0.77125909548288,0.7265188006241117
29,1217,1,0.7628424855233591,0.777577844436461,0.7652349418917249,0.8504728369627996,0.7570610151840688,0.7538605735139283
29,1224,0,0.003246581180276583,0.003707696876444222,0.003148841463564486,0.007455782935852309,0.01808912917131647,0.1642457612372811
29,1248,0,0.006939321895647687,0.0031786456160460687,0.0067103735871491856,0.008843424148157987,0.018045891569575895,0.10208684072950563
29,1253,0,0.00122872180633709,0.001725783624221357,0.0011412975451167318,0.0008957853806407266,0.007826277290051814,0.05035954524436355
29,1258,0,0.0009457995335747626,0.001439717602239509,0.0014667801769721598,0.002049952961502742,0.014002867279562254,0.024312538983442454
29,1262,0,0.015693405011380987,0.023457511959364952,0.01454446782916745,0.01270471396501817,0.021428695967394676,0.007024909048704478
29,1274,0,0.00839035890498745,0.007404483802169002,0.002215248377444733,0.003396724207288275,0.036005871236287096,0.04192930391509761
29,1288,0,0.08191057035817377,0.13758139848138126,0.08278913389909681,0.13816089931857803,0.050502678949439245,0.04702123731504219
29,1336,0,0.06381440689995958,0.027168734205548783,0.15757983530198705,0.04528722746864346,0.25017863405988583,0.2433503221739441
29,1337,1,0.7541016653992166,0.6625656722783638,0.7307527418125044,0.8606539581481791,0.40140737536464405,0.5234152331964218
29,1354,0,0.13546814243066452,0.11157268927011885,0.1450545618450393,0.1099094128459885,0.5112886993012037,0.5958828288089846
29,1362,0,0.0014448790993776331,0.001881748346223366,0.004227118126570321,0.0048334435164851695,0.008845709091373413,0.018409855004770315
29,1366,0,0.20712122252598128,0.4275316785698053,0.06713832353101294,0.0754257618078357,0.3072030773467773,0.49704863228919016
29,1385,0,0.0028843703791029693,0.0017278555754704225,0.005899613684288278,0.007866223642545309,0.005819881445926676,0.14907337317012181
29,1391,0,0.0004476646154094068,0.000279160608962509,0.0003381893546587971,0.00029041513792432076,0.0005864511306778827,0.002060111100100758
29,1409,0,0.00800818534735627,0.013133987458771715,0.008641155064152905,0.009298035108453036,0.06034174160150339,0.17789664939956654
29,1415,0,0.20370565364342033,0.646909783871901,0.23038552045349664,0.21661209496534314,0.09271136640718261,0.31432716056473675
29,1431,0,0.0004476646154094068,0.000279160608962509,0.0004206793577619004,0.000277688114456128,0.0008046598758584839,0.001766025377605801
29,1439,0,0.00297893773340282,0.001079717906367253,0.001587897419780567,0.006101032282297712,0.021535504644236276,0.08983950831288066
29,1447,0,0.0012970866209321827,0.0013773241602456714,0.005464238109389714,0.002755946073412676,0.005478556385354407,0.10025931842987362
29,1458,0,0.18738251581278378,0.04391537395896703,0.14686136454001056,0.026411809481092258,0.09102466639812926,0.19992237396716073
29,1481,0,0.0011692520549441018,0.0008671391314620996,0.0020220199400938894,0.001102898140343627,0.012058519702116367,0.005939536083016336
29,1483,0,0.05478108940851063,0.05880597044280173,0.05955278084666044,0.012391516533108115,0.09289881750415263,0.12204250402508518
29,1494,0,0.00520267244529001,0.004263026400918765,0.005790219655366991,0.006177039840051249,0.034350485982903675,0.08724007689249394
29,1508,0,0.0009959515595873933,0.00024530616202057717,0.00028741366271373023,0.00037275751183130844,0.0003387627547226794,0.0024079448415454804
29,1524,1,0.8400710613670598,0.8667865469259969,0.8884459001472119,0.8205823389408279,0.880721556817758,0.865125060865866
29,1552,0,0.06305007036015157,0.07333776975860223,0.044134721334611306,0.035063365683756266,0.04455925388957318,0.09386658852032842
29,1557,1,0.7136269440760469,0.4657772851652909,0.3858163203622868,0.7046762442633524,0.5308726659003449,0.7172765196920392
29,1572,0,0.593347858413025,0.6219533093219688,0.3937182633496099,0.5680306061397332,0.8297826606505322,0.7671361878127829
29,1578,0,0.0007104999635914069,0.0006706017879997875,0.003562496219029152,0.003929458963599108,0.010114046507111575,0.039290592740224874
29,1618,0,0.7326167762415728,0.762685049339797,0.6331754882211138,0.6879510536287862,0.8290523565924787,0.6656732439493362
29,1621,0,0.8074055044784119,0.8497729808599894,0.7029801072721966,0.6665680406231435,0.6169305350891577,0.689595031361435
29,1624,0,0.004597668794142603,0.0032284267148597282,0.008668836940595748,0.007018627028410391,0.052893491437358796,0.008477194088517877
29,1632,0,0.8100314999425867,0.8016779922782862,0.6243807440006204,0.7574555562274241,0.6663830417810107,0.6751149946824933
29,1635,0,0.46489887965724186,0.3194167102737708,0.582317350559535,0.3413688291047598,0.28750860001876294,0.5259630358255311
29,1643,0,0.011662993880089945,0.012167216261111577,0.004584675121300229,0.004506790713086221,0.01581206114601577,0.031746999858177
29,1681,0,0.8877388845118416,0.8947259880629226,0.7972957303335306,0.801760685442874,0.8122330617521594,0.8021300920688513
29,1696,0,0.0004476646154094068,0.00030206024865032336,0.00035716002116086974,0.00030410964035995294,0.0008455715831433659,0.00168920842542324
29,1697,0,0.15523665034142645,0.23078286669480466,0.07934188431698216,0.009204469571466686,0.037509694954871865,0.05412930264517636
29,1762,0,0.019683371132400235,0.021501161543540984,0.011672407867506913,0.018984090678611842,0.10637307651836737,0.5299802083370542
29,1768,0,0.16224918300965382,0.11364197455220218,0.21954289515320374,0.06504964996432941,0.4685200303844726,0.216265094318256
29,1784,0,0.7677474662770917,0.8517603521886932,0.6385924651312496,0.5715117737536843,0.7150478060300813,0.7922365101097695
29,1793,0,0.3819205168300622,0.08051544942779448,0.2344156000989154,0.16733742004935281,0.1389985285770432,0.1875716765978153
29,1804,0,0.0020579654504281576,0.0031512347493899647,0.004840631878464153,0.005371169131912708,0.022418949883917027,0.04230445931677131
29,1818,0,0.029344884077677266,0.018817631690929284,0.04464629691544805,0.00794446622759065,0.02504009557626733,0.07596695778261217
29,1820,0,0.0662371852473996,0.06532550663136115,0.12918268645989067,0.039305550843503234,0.054477396799687924,0.14793468026707607
29,1821,1,0.8355317336030122,0.821580611373189,0.834516908776532,0.8758966612513981,0.4713556704859549,0.30649147877749144
29,1854,0,0.9093182018952171,0.8201285445159254,0.8775917933074964,0.9159497919317131,0.7769321521935553,0.8138725789647216
29,1888,0,0.022656986376831455,0.020610059694086455,0.011817120150132043,0.019224406651091076,0.18558251156628602,0.08629890996092335
29,1891,1,0.7758231316515899,0.7850595031498281,0.7935195915378466,0.825677469099886,0.6328820138169404,0.5950232867433166
29,1919,0,0.000348478549168628,0.00021308357559475543,0.00024825529996854416,0.0002812242458171353,0.0003623923971052142,0.0013457149634229387
29,1926,0,0.029422027167642802,0.009409296112805969,0.04620118249888835,0.06864949058185459,0.2671726136795325,0.5129363506690832
29,1952,0,0.029980123902511598,0.012123436690216136,0.010427294296500399,0.005778512959282052,0.02607738151547895,0.06517690444112409
29,1963,1,0.8532306604944084,0.7579304715743918,0.744899703112762,0.7012913744075294,0.5565965036346122,0.8876621180721683
29,1968,0,0.7231443169519937,0.8769083942628452,0.6300787752171543,0.764362179343161,0.5438521640328128,0.6306668480224542
29,1974,0,0.41107549758658624,0.3722245191451335,0.21918907190286652,0.1691117548330411,0.1875086333098761,0.17155835331238842
29,1983,0,0.02166218043114256,0.020072810759828693,0.010563400558614388,0.004900809321898135,0.00995385329969695,0.006916410564042907
29,2002,1,0.44627035124872555,0.3133385943197258,0.40472809193206327,0.2732184434112397,0.4197246381753452,0.5441562678307663
29,2011,0,0.4703270308233133,0.3565213954782844,0.463888988969857,0.4231539553181205,0.4492766882813378,0.5667814366274537
29,2054,0,0.003688895922178771,0.0018819738710788574,0.0036604413228030395,0.004069659143552531,0.03355245654670897,0.07666454443366263
29,2067,0,0.002403874838139423,0.0033270271379988855,0.00389982471757355,0.0033180445281538336,0.012910091795842927,0.03692064720779867
29,2088,0,0.569834615123703,0.15892333508220835,0.47434349278314747,0.34620488351182155,0.15802876815795275,0.32022282890608
29,2131,1,0.8973970154055766,0.8854390215223776,0.9017914852311678,0.7799075100965815,0.8291593934492875,0.5751627375108475
29,2145,1,0.7558819773969235,0.825199763097382,0.8044341280784445,0.7861476560899946,0.5843500321531678,0.37572284222563046
29,2157,0,0.8133756737582278,0.7501393054476311,0.6234387995148016,0.47022086441666183,0.6896318003379471,0.8441846997996847
29,2188,1,0.7924625148674328,0.6652048542754365,0.6860945669632968,0.8567857124238051,0.47968926141064966,0.7418416832220913
29,2212,0,0.25660503795004325,0.29776806600857514,0.38893121290176974,0.22651917911482242,0.4482821942694853,0.30045578031227377
29,2235,0,0.8021744064031231,0.6022440621612735,0.7008395980575309,0.6747292898142532,0.6865607647289255,0.7377559265158355
29,2272,0,0.21375806126738536,0.11655377173973934,0.1383890995340837,0.26180235316532036,0.1683563030992483,0.24009328117700282
29,2316,0,0.0023947258160572737,0.004335804110442601,0.0026749620195712963,0.006513545265049223,0.005053128066422851,0.02304964842903774
29,2325,0,0.29478891620119346,0.16201694887949508,0.36502983607463035,0.34963601002382566,0.5223922290012549,0.7730640205387207
29,2329,0,0.46808521233572703,0.3528773040322835,0.5124012692483354,0.5306325002033557,0.5148130750916442,0.43351730733101274
29,2337,0,0.6088528792004848,0.6822119915525966,0.6819516338950586,0.5699051687859665,0.661144061745653,0.811631045010496
29,2341,0,0.12607896508870586,0.13280956915338005,0.10612828252953131,0.08235293997442265,0.03478150384463315,0.025722697281929933
29,2347,0,0.10745894930573616,0.0764466187448083,0.14839634444725888,0.06357772266907907,0.37942915861684684,0.5195470761741703
29,2354,0,0.015978901635104625,0.0049820718523554556,0.04229802904967285,0.005955449816525125,0.04693359352164526,0.40709949348548236
29,2379,0,0.0018629894966758088,0.0026745074483822866,0.004145216777142335,0.0022280866959168435,0.007694600328597965,0.04043110111584102
29,2388,0,0.05233794022348457,0.008352614306655773,0.03627565952607321,0.02141515666007089,0.16952478065597393,0.35896441601455914
29,2405,1,0.796545066968299,0.8516216135013355,0.6986135672937271,0.791434770898251,0.7689610196911724,0.8008926213650348
29,2417,1,0.22230157387085547,0.403393082014935,0.2972251964130994,0.4344047218731553,0.2876362084659959,0.38473800443209083
29,2427,0,0.09920660824380755,0.17448705841048795,0.09460025295000901,0.5119134787774877,0.317288571025362,0.10518471540347507
29,2441,1,0.7640826748861852,0.6400422254070822,0.7111748975682721,0.5141595046296072,0.5663555498213146,0.8119984622736388
29,2442,0,0.7033319002580048,0.7312577508687447,0.8024053291808964,0.7830987011528054,0.7070853372077031,0.8142483071684825
29,2449,0,0.007813537388840823,0.00379358237418315,0.0020907976981172634,0.002986593030475381,0.009652720837874234,0.02046316689932564
29,2460,0,0.44898840050341077,0.5181414322695048,0.561769094070177,0.40927940207733354,0.17336027197954432,0.07599982942035731
29,2486,0,0.4038362964415295,0.23359130901970618,0.3452403407505405,0.2386406057247123,0.563601969698417,0.10692245998770639
29,2511,1,0.5955269641539551,0.6983608950289526,0.566584619776124,0.5958425099139317,0.6283373047829008,0.6565499734271945
29,2512,0,0.6054735975876652,0.6922341797779813,0.44351065816944696,0.6982907761903411,0.5311916803148605,0.7690173895206444
29,2533,0,0.04405500616499165,0.03769510321490421,0.03587270546479418,0.013308773262272427,0.0868746857758135,0.11149221401352095
29,2535,1,0.7223551390581882,0.746849555595318,0.5676392183773329,0.41599467566814263,0.2282577291700485,0.29253763913939257
29,2539,1,0.8305382361725617,0.8773268115739401,0.7313382381820471,0.8052296187796181,0.7002104875909135,0.7618881491612293
29,2553,0,0.7053659825865433,0.780496698801369,0.5744278876354156,0.7945216968607681,0.6163482662463072,0.510298021446398
29,2556,0,0.8363916011619665,0.7827443443773541,0.8069591266364543,0.8335362976215225,0.6250082312532855,0.6043345669371216
29,2557,0,0.02195334453524748,0.028400126606848763,0.04158007257865804,0.012201626988576296,0.18109244132454677,0.3568611064244751
29,2563,0,0.6706856151636177,0.5914068059816969,0.6003393459835753,0.5616244798842988,0.7586615600695125,0.5522434331513957
29,2601,1,0.7035868276682785,0.6098103788808387,0.8171763889637704,0.7409864026211656,0.5146559750966233,0.7570638896069835
29,2605,0,0.25428215865611553,0.2923675851034001,0.3648962495180304,0.3141882007448716,0.512877041819648,0.5154181881005572
29,2607,0,0.656596796920212,0.5756567172701504,0.5189320117653565,0.6575573912655042,0.3966480628777769,0.7697234245246548
29,2612,0,0.26344710047321684,0.1245702067081884,0.18252915759456348,0.20360023302931174,0.3192085219410373,0.07132856563685996
29,2614,0,0.5933803569428275,0.76655721697458,0.7325985787686419,0.6752220097259108,0.5542742545736498,0.6540443690944653
29,2630,0,0.5413521768697548,0.549163185019038,0.24442323555857165,0.46940418609577395,0.3744135319510729,0.44086338318877477
29,2636,0,0.003745770096232197,0.0026936921935657877,0.008386389464449326,0.0034908486202913412,0.0861140999056983,0.08325408191221093
29,2637,0,0.008066151875707096,0.002737952456474722,0.0036410615742176466,0.0052712492444255445,0.0192484208094989,0.07591497625167536
29,2648,0,0.18233092147190305,0.22698249117337657,0.11753474829895563,0.10775433511853547,0.25555681509580014,0.40925331609954374
29,2669,1,0.8581683811098361,0.7734824937725732,0.6425972743319917,0.7368966857799172,0.7586224262643568,0.7301601664472761
29,2672,0,0.011189654879923391,0.026710660298838104,0.008923815697858445,0.005273221512349679,0.019655909792355212,0.03916080091307438
29,2677,0,0.08008696772771737,0.08879697779934698,0.061747602223395176,0.008012905296186848,0.09070150335122422,0.033918824752551424
29,2695,0,0.6963461786469818,0.6995374758810358,0.7043860813645271,0.4054442170526423,0.5271840511941855,0.2184021752786479
29,2706,0,0.5193548322290308,0.6133417030269778,0.38519685139760806,0.4751115685571772,0.19790525562679898,0.6022423785368667
29,2710,0,0.0117229038044785,0.021460146397152633,0.010725616149044099,0.013067725711914063,0.032935570339656654,0.07898762383579197
29,2719,0,0.3453527786672842,0.17435340419090378,0.6945370449615005,0.8049604585966615,0.771248392366982,0.6147515630609528
29,2727,0,0.0004476646154094068,0.000279160608962509,0.0003179070483237228,0.00026673242644753315,0.00044163887692317384,0.0020358008267276954
29,2734,0,0.007660449648924206,0.0041729261921503325,0.0029904413400828416,0.00292585131736765,0.00607228737701465,0.06110122130620133
29,2744,1,0.8837860403014028,0.7283226887308211,0.8516417942136316,0.8363299182405751,0.7098207425277478,0.751996413157768
29,2748,0,0.0537699670140284,0.03721659166978369,0.018109058177410563,0.027320917646357457,0.016625006894210762,0.050118158228005236
29,2750,0,0.01074547047832767,0.006003877974826111,0.007214133562103377,0.004386591327897115,0.022209946599571682,0.040306211545148206
29,2757,0,0.0008108009698343445,0.00022491120333815735,0.0003569211354028348,0.00033095274981730387,0.0005243047149371518,0.001469309290331305
29,2780,1,0.8463820640377661,0.9073904913365832,0.7640291588038443,0.6800861576451762,0.40134286344993453,0.3264274791086642
29,2789,0,0.22838690829518002,0.21149947565037872,0.08257963347480886,0.1552880472420313,0.303963614408369,0.6241384660345018
29,2794,0,0.21201138974927008,0.23194584091153012,0.11220977933693613,0.12469207674619878,0.17428385382622522,0.13905216430879286
29,2826,0,0.4000355714866911,0.23870536490327698,0.3136278066931107,0.300627848078131,0.2398844381207783,0.2429038346966085
29,2834,0,0.0052642907091656746,0.0027206567658632948,0.005027819694186511,0.0029963753474167363,0.006332155043669485,0.02510367552532412
29,2844,0,0.9417054890330405,0.8929396509364076,0.8966471369427601,0.8829320097470668,0.5902105135490812,0.7224409437865263
29,2846,1,0.5580786965579101,0.6524243860942154,0.6607770368775696,0.5315891930409973,0.5070897393158603,0.53561330143931
29,2879,0,0.2380603882339424,0.3469199290916942,0.2752491727724494,0.1932869280384861,0.2696794470371783,0.5026644954255667
29,2890,0,0.07732861173916734,0.17782913183717555,0.11134164225820761,0.018500802149386736,0.06228131232920823,0.03987966895685576
29,2896,0,0.5333018074511995,0.6587846047126078,0.3759582026436947,0.21194249655182873,0.5788601024255046,0.47617113108546844
29,2927,0,0.49038147873747456,0.4544436545780139,0.3758297626405829,0.4021945973027677,0.4264558548966505,0.14529014482118066
29,2932,1,0.480755640545146,0.7274737626102603,0.6377371581903911,0.8958421807154419,0.7211131418384968,0.27851012654217755
29,2942,0,0.00781664840526593,0.013399796284155116,0.017424855701495143,0.014632459861678484,0.13103090271702966,0.3808771559294236
29,2944,0,0.2759120397882609,0.15625064905103075,0.20471175098371164,0.07312039399779617,0.36216656343502895,0.13516464884081505
29,2949,0,0.43684346347500197,0.2196221642013236,0.21851552050549872,0.5846069968600534,0.39108290627410297,0.17266415999382798
29,2956,0,0.013461438121814443,0.003784691027611691,0.015600981016534815,0.00586086803574452,0.05887522176647396,0.3919093599787428
29,2959,0,0.038274456627455655,0.007854302234992954,0.030263399778859636,0.029884863044206605,0.12156989410878466,0.24736569557479024
29,2975,0,0.06251053808501002,0.0808312192662703,0.024622650226073177,0.015341920379159022,0.15978834753594878,0.18191885384824466
29,2995,0,0.8675402540857869,0.913348551689795,0.7712012982978664,0.7639080075068803,0.7574131501962443,0.763710910639592
29,3047,0,0.0013430950374166257,0.0024912664679764595,0.002281607861624099,0.003204240540342084,0.016582907697233213,0.012574756907785393
29,3067,0,0.03249814790231425,0.012255698238244787,0.012117805684854035,0.017973163937378748,0.23157086692746442,0.200694670921928
29,3073,0,0.3706600585906836,0.44963206671358313,0.46463008996602745,0.31103420953385674,0.5465889286184321,0.6651974812405381
29,3075,0,0.7820992855440528,0.8261724766408415,0.8925442461149186,0.8864300185530012,0.8529485180419726,0.8165172184843569
29,3085,0,0.5593756791856415,0.46874448540902264,0.36777648788085765,0.3698744133692233,0.6341329424818398,0.8446441375924276
29,3093,0,0.0750625319592852,0.16893143150943524,0.055208531425441826,0.013762508736376345,0.2507912940278214,0.05959819530754164
29,3131,0,0.004458496910513973,0.002912023113912462,0.008216057703794888,0.003762342939230222,0.016587299645861236,0.03389210669639675
29,3148,0,0.014079712818402104,0.007894157959787143,0.02717103596236107,0.041398858937562726,0.3445235604893948,0.4280553727979139
29,3160,0,0.392320271657544,0.4237719951101078,0.10572113865600588,0.07849197618464893,0.12423820058936877,0.21633253978634287
29,3175,0,0.05342827442161648,0.020508180745508527,0.03654832462373457,0.03255061219592586,0.05805649724551578,0.11111872883728047
29,3177,0,0.8232029897351567,0.8452736951781097,0.7278227412958563,0.7904971885122352,0.8739074716346257,0.7127632050098943
29,3187,0,0.051493500617530066,0.06326817080432051,0.05859974728206421,0.01679901575519382,0.04213139912196323,0.027819581733101156
29,3196,0,0.03672271556023452,0.0451509900019265,0.02317979594072812,0.027007433908728194,0.08756961557019599,0.17725534845433777
29,3218,0,0.007853345176324081,0.005410012470555858,0.010278450133593115,0.009169348721780365,0.04651888744231167,0.03842270643179561
29,3239,0,0.20625999701541584,0.28853078339896143,0.08497511161813155,0.05385933000394333,0.32573707307602706,0.6513263396486754
29,3255,0,0.0016215177001049996,0.0011186630446161706,0.0029039657554907135,0.005021410511703736,0.015992290899435487,0.01402997628475458
29,3261,0,0.004322707850436952,0.008970581279113564,0.00420376307578488,0.006097226755797854,0.039837217067502435,0.05559323387875049
29,3265,0,0.24443447947889826,0.247857274834666,0.40199857536140093,0.26778230046772883,0.2374110990250864,0.1590786975599785
29,3283,0,0.5281531869854995,0.23597282786084658,0.3735068898961256,0.31444370274833205,0.239751114899495,0.567534110256945
29,3339,0,0.7191417675392876,0.8055584793899416,0.5546703744680804,0.3695429921229497,0.38351588338532466,0.6170746379656052
29,3361,0,0.011111092921197871,0.035231034489794776,0.020511772600680763,0.0055867739878878294,0.10363868887237104,0.17046410763636438
29,3389,0,0.4556572572259699,0.4020755623211176,0.3092179414686352,0.20516912443282148,0.4090436547715214,0.4188143931212891
29,3403,0,0.0909963748508147,0.05322249080232299,0.08968373129401437,0.019246479814149578,0.05494011442457095,0.02280611413224045
29,3410,0,0.001653326981885165,0.0015668573346288906,0.00247491325746902,0.0045203200716176515,0.01227555665032665,0.023277199265091097
29,3411,0,0.006812039161286083,0.010154365995290123,0.004110811728793265,0.0032955530184965703,0.01039938732513831,0.07839039550224242
29,3418,0,0.019936957500321522,0.01725631338877786,0.03213012788994646,0.013551820762644285,0.030976699026212903,0.021628122621152514
29,3421,0,0.016140860742261814,0.006939527341738984,0.006630465855381459,0.011938163247679297,0.06472047420458922,0.40713861816325564
29,3422,0,0.035152382561624625,0.022444662721737615,0.0238952554662633,0.057614700082700726,0.010870661080696405,0.028639735380047354
29,3478,1,0.5275803259509457,0.4555309371572885,0.3566351420916619,0.47431943848028196,0.35429839569462906,0.4705097387396464
29,3508,0,0.0004476646154094068,0.000279160608962509,0.0003381893546587971,0.00029041513792432076,0.0006302738038869273,0.002060111100100758
29,3510,0,0.0020266469301961163,0.002911210913722468,0.003164442164349317,0.0008250737098794092,0.022559943306897774,0.08958030944826283
29,3524,0,0.6156954918944884,0.765501073189338,0.7240943194910641,0.7516682067197503,0.5208085395254336,0.726317127390906
29,3545,0,0.013455756911884142,0.016511368948237907,0.009524809379396216,0.011491539701641964,0.10643197214091044,0.15185699476123432
29,3549,1,0.6953356767923722,0.7006846625566087,0.7750453386311159,0.7175739428713811,0.566366155424645,0.7367978238469046
29,3554,0,0.12416991015353114,0.1552471751904439,0.06946804107255292,0.036139112157915945,0.04823666522696556,0.21187657832580817
29,3560,0,0.11375911480249296,0.15920011431689948,0.03164568943607788,0.07500185173823622,0.056514020789688,0.080184756868294
29,3581,0,0.0003584808611890143,0.00021308357559475543,0.0002668922605335819,0.00030999681599973636,0.0008710375891425754,0.0013991213768569202
29,3592,0,0.22179098940709926,0.2090415664274374,0.11567556338242024,0.04958078748272867,0.14675279717763104,0.22236323097234797
29,3605,0,0.16410265473615432,0.1807788855397429,0.1551112040874325,0.08650906608644801,0.502329930517641,0.1836949510553917
29,3615,0,0.006175714452948083,0.0050111682670122655,0.006835887151368747,0.007031180445233451,0.03401955142634544,0.025835366109969837
29,3618,0,0.5564244420107803,0.7097611861553738,0.47125686403689776,0.6155500629801911,0.6513922274267323,0.5971206709145985
29,3621,0,0.6847988768543389,0.42680835503358294,0.32381406971793636,0.19814863441333197,0.27665360168283765,0.2974459559333211
29,3651,0,0.27655606105657154,0.5987234704455761,0.5098936174130615,0.5091660777412141,0.41882274179025,0.302435523546137
29,3664,0,0.17224766492636992,0.1158142661301486,0.1735664064339845,0.08105445633804872,0.49665731020268405,0.6232651401892911
29,3678,0,0.001834705153741791,0.0024145710435084485,0.0038192375349512947,0.0020650993000771987,0.02578802388141585,0.016605411083460045
29,3696,0,0.030059984113360305,0.06001887015959154,0.04482858199620456,0.04173471819533903,0.176081998915527,0.31565209613114603
29,3702,0,0.3638429205339034,0.5192459601359559,0.3478754791432611,0.4040529769967541,0.6675974289220994,0.5577336310836313
29,3715,0,0.1370594515186055,0.1190469179799442,0.07247448256240509,0.17653662752256832,0.15009435334259685,0.06377085447683124
29,3751,0,0.019012921235172855,0.04046868017609303,0.01467477136684804,0.027857093578333502,0.028475130402155414,0.5657185413116192
29,3763,0,0.05806056251578735,0.13579753829495564,0.0351549681238568,0.006539408062055802,0.020202485946797966,0.057684688037805
29,3769,0,0.49587123542956785,0.5935048829160771,0.7616349049879807,0.6956109836209187,0.6957540412351219,0.26327708744946826
29,3773,0,0.14925865538468805,0.4391367147320395,0.16883705531298837,0.20836854019585987,0.7320292464170184,0.5511621920851307
29,3778,0,0.026598475557583063,0.018855691817655434,0.026012510401707663,0.024657529897957723,0.17764582803902185,0.22184938574310117
29,3783,0,0.00547053986718221,0.0036721393529300875,0.00827359526511282,0.0048838023915744565,0.0904388140168709,0.13941277034166202
29,3790,0,0.04579547412321431,0.11324581579086156,0.12549709224220565,0.0676610935811539,0.27120935755560155,0.1656077159238739
29,3812,0,0.1019439187158217,0.08118876494028565,0.10281860842532252,0.022225232497993786,0.24106221115569093,0.07933988828012781
29,3827,0,0.00036321906131618116,0.00021164464159016306,0.00031395421124829704,0.0002888171800746261,0.0005948781539638934,0.0015098538812820435
29,3863,1,0.6823132790433662,0.6665556984046875,0.5569086152279614,0.6580632343001325,0.6460874094694248,0.7597026232955999
29,3869,0,0.036081451494112834,0.02785383508376467,0.061584764187412086,0.040343667444334805,0.4280690668134595,0.22197140259787435
29,3890,0,0.0004351749867730851,0.000279160608962509,0.0002696048832745314,0.00027102619295866224,0.00033143474695331883,0.002060111100100758
29,3895,0,0.045469027454014765,0.0660828325348257,0.014795313328619109,0.022819849778981823,0.11950190456327896,0.5152878835703694
29,3904,0,0.0003584808611890143,0.00021308357559475543,0.0002600741279455034,0.00025467045388579,0.0004022757686939009,0.001376750407622518
29,3920,1,0.5831694404057685,0.788724914917721,0.788281011349985,0.704334829722033,0.7825127082912529,0.7010036168631903
29,3941,0,0.6759051140283586,0.6923410204506015,0.7799896808513656,0.8242650796334545,0.5556879377811548,0.6885116976748277
29,3956,1,0.7362879005426655,0.8590234371606594,0.5825592593321117,0.8616786621241596,0.5088630232652186,0.7753621723254378
29,3965,0,0.0380537922081967,0.01067836004571768,0.02919851905008907,0.018475169806752425,0.20432620207922528,0.11988148484782292
29,3976,0,0.005716416471496766,0.006753417978091855,0.005434122739433162,0.005870840851758208,0.02096654090366427,0.015080952720477277
29,3982,0,0.6927274624996965,0.7646388225541706,0.8049377680489417,0.8711614579456364,0.835611027745932,0.6062320833307693
29,3996,0,0.0022582939290768642,0.002420388041121947,0.002715705304321986,0.004910525157255596,0.01429345197567795,0.21504783523433815
29,4008,0,0.18640704913919703,0.1954822968828447,0.11472265693299948,0.07134128798574006,0.47720033075838875,0.34417540514921485
29,4065,0,0.004822126328035985,0.0033288431697555796,0.005097414205444804,0.004472152264238141,0.011119723855807619,0.0448156574581319
29,4069,0,0.0003584808611890143,0.00021308357559475543,0.00025716761103550305,0.0002888171800746261,0.0005948781539638934,0.0016259274089795892
29,4071,0,0.5997553507819474,0.6208869967841815,0.288540619449248,0.32701190031482263,0.36046543934759123,0.1435898830669865
29,4091,0,0.2705371279187777,0.5579564171686903,0.3429654344349777,0.39961339237313287,0.3302639840232465,0.6307523645521296
29,4108,0,0.01692468006576208,0.01612035455771052,0.013878215256224647,0.006507480436391608,0.06524018962038634,0.09415435617828305
29,4117,0,0.0004476646154094068,0.000279160608962509,0.00036261651770188875,0.000277688114456128,0.0005218918748449604,0.0016859695137666033
29,4131,0,0.7277209313001367,0.7892100188538145,0.607245912306477,0.6196753150425293,0.579293361032456,0.6291401230851172
29,4162,0,0.0016275845730364413,0.0005354801722034534,0.002210468224164146,0.002654473421120675,0.0014827554359419662,0.006436477909942516
29,4176,0,0.000348478549168628,0.00021308357559475543,0.0002509311093206775,0.0002940484435392312,0.0003107883751177871,0.0013269747131782652
29,4179,0,0.7071532037412258,0.5121191709957573,0.6664429887259383,0.5912470574279469,0.4145509551427143,0.43936397376949754
29,4184,0,0.007569314643507488,0.011549763896074023,0.006076195965898484,0.00476128273874918,0.042325252258135417,0.1051593022885381
29,4228,0,0.5261566879189085,0.392134442938226,0.4449677812621554,0.48957599651824873,0.46721060383556123,0.47641182812869887
29,4236,0,0.017562217538189772,0.010317459293745094,0.032428806269473934,0.013606809623395869,0.2034479386368783,0.16818969951772733
29,4244,0,0.0004476646154094068,0.000279160608962509,0.0003179070483237228,0.00025472064582494517,0.000360447099374705,0.002060111100100758
29,4245,0,0.0008000495970430726,0.0002699672588674117,0.0004289557245911725,0.00040153748555583836,0.0003647121803168156,0.0012169961059133243
29,4246,0,0.7554492905714415,0.7475367749331084,0.6872125245029862,0.5556788156950567,0.6651091026603236,0.6857060508364757
29,4248,1,0.8384804679564528,0.8489673938757837,0.8738769151614357,0.8898877853824709,0.7716909944437862,0.8031498327596228
29,4262,0,0.29595290290102566,0.2561712946046137,0.33960122757798916,0.3425964582713704,0.47216729103239,0.6304290661960732
29,4282,0,0.7489729392785417,0.6906232084002859,0.6744618643347373,0.869229655762632,0.6074712990673103,0.588173468081759
29,4300,1,0.7747737035244872,0.8810274819174478,0.8266249072566226,0.9206285552373165,0.6286255343410089,0.5079189706130613
29,4301,0,0.024298275953620035,0.0032663123984128096,0.006827557625893667,0.03492503500384685,0.02528125242063448,0.027025784116520093
29,4302,0,0.007256798008048858,0.007463089840802761,0.017101668672234973,0.006065952113730753,0.029724674451233554,0.08632539520541323
29,4317,0,0.4100267086868726,0.20312491968062646,0.43313979342043224,0.6115819281827843,0.6410452343558619,0.6387466897819529
29,4319,0,0.7858080221971692,0.6907198067398899,0.3472082078952217,0.3004692544580871,0.5059654937649705,0.5304541476201546
29,4342,0,0.0009101511992214217,0.00027272599343111095,0.0006192322235992095,0.0003207345950246496,0.0008455715831433659,0.0016859695137666033
29,4367,0,0.30806833945803525,0.21508340485494665,0.19420022939568654,0.2611879048453625,0.2615346509120195,0.4509461916827712
29,4377,0,0.11890782276464881,0.05367217422557975,0.15572119780265103,0.17693728968539546,0.11835692794603117,0.18129961898570152
29,4378,0,0.2703664271072125,0.14316157584124756,0.21734212667644612,0.26165979185044486,0.6195413473297532,0.43328868772453855
29,4398,0,0.004547697650300016,0.0021705465151571684,0.004062127718053345,0.007643700583012534,0.01748366632655382,0.25952802506975076
29,4399,1,0.48975713742742544,0.6353727221180052,0.7311777586234112,0.8126958110068956,0.753375243084321,0.5373090529110915
29,4422,1,0.6396989833419494,0.4692944610015614,0.6353143044361828,0.9056253977705427,0.5184508152160898,0.5468548506232033
29,4451,0,0.021584197102826316,0.013165080565349789,0.009960735280475232,0.011288371628289481,0.035911157351741704,0.2584046178837597
29,4474,0,0.09468916964200304,0.0921654969497674,0.16446295308434714,0.12025801264435904,0.6266486700227748,0.49557930174280707
29,4498,0,0.16939936113224502,0.10029963757179493,0.049741419056784815,0.07572782712445555,0.14917533011830478,0.07816976647871371
29,4538,0,0.0053746325006631,0.0035636243811723797,0.00981079516925173,0.009976839047655952,0.025035256330656484,0.22749801997552796
29,4580,0,0.5105024466827708,0.6431358032590195,0.5381208244106508,0.47434024128655505,0.3639393465542352,0.45876194907151807
29,4592,0,0.31731864869038434,0.32305096299794334,0.1519273549182652,0.21634873560700701,0.3011777321436539,0.4629172065448109
29,4597,0,0.004738633538957341,0.0035579405708943217,0.008647535509477312,0.004053930832718669,0.024289893700725283,0.4495795102884906
29,4617,1,0.8747826420879211,0.8151379602292829,0.85934147046233,0.7882306479772262,0.6973082554572724,0.5560042083182198
29,4653,0,0.7491652618749174,0.8738598335336449,0.8242148800276909,0.8688330764854156,0.7748047220594272,0.8826020045154418
29,4660,0,0.3162085255361319,0.6484633866866493,0.2622394888375574,0.17950255194948542,0.6355610618946843,0.8066424346437682
29,4681,0,0.651637264438385,0.4457765762270949,0.5549626836765109,0.4641007707109449,0.32069921015580066,0.39821386756899746
29,4739,0,0.644192229856508,0.63801026259932,0.8036545513196568,0.6825195258097805,0.45998929989103693,0.4276117955723005
29,4743,0,0.01700987906994681,0.038189360136391924,0.011424622046119515,0.016233922215695328,0.02428791059163748,0.08544517984741438
29,4751,0,0.0008114840478557988,0.00033628680970666417,0.0005091443014270235,0.00037749262532963643,0.0006174911359884476,0.0016859695137666033
29,4772,0,0.004385170602014664,0.004688146193274653,0.010388192579888647,0.007464626933786317,0.03347874822499661,0.048745968718951746
29,4817,0,0.005178687054795487,0.003459461807428283,0.009522582350208121,0.008816867860703407,0.020365599566639407,0.3815192397309964
29,4830,0,0.010825214154592182,0.005542496456961953,0.009336746463087872,0.010088440938773603,0.05425680752342278,0.3121476190044511
29,4852,1,0.7515516807479269,0.6327357197904363,0.40837071078844306,0.7838203020617266,0.4952820280571702,0.25421958991468263
29,4867,0,0.0004476646154094068,0.000279160608962509,0.0002599159133108387,0.0002651830964121083,0.0003016802257704424,0.0020778300629833574
29,4908,0,0.03306828833125508,0.013214988491206978,0.03744985812532926,0.019489571491599748,0.07065330511975547,0.13795827180757722
29,4910,1,0.8834467352492414,0.8355957700954384,0.877625171385315,0.8817348474989919,0.750478017270816,0.6462305725011034
29,4911,0,0.0414279843939582,0.025805492261282634,0.07742423186178585,0.021704516302331937,0.038369419947196504,0.03621489912676767
29,4922,0,0.0027591449843239945,0.002118551129635343,0.0016045017922825266,0.010156010534705395,0.012649247938803397,0.008819752612891743
29,4926,0,0.21871969560066365,0.43590917452450806,0.20128615321943075,0.2590586739960863,0.3078780239566503,0.5161858859215932
29,4938,0,0.005259370667401521,0.01867508039041613,0.010528566328171295,0.012460434238846211,0.030249766558732787,0.05893686421415245
29,4954,1,0.8163756887642051,0.8554652490743662,0.7379757338740227,0.8116510848184867,0.726123417550583,0.8113038991174988
29,4974,0,0.09104493778963169,0.03603008485001995,0.04486235075642257,0.04291496466733124,0.3127355792911006,0.5737145948593416
29,4990,0,0.01092786195598114,0.007864569856735752,0.016853580551783178,0.019146949917116553,0.05657183030313964,0.4835320561578357
31,3,0,0.00036321906131618116,0.00021164464159016306,0.0003031849024618417,0.0003284274843865224,0.0008710375891425754,0.0013991213768569202
31,5,1,0.8980682624591787,0.8456174140211039,0.855871273001316,0.7751935465308301,0.7611574671914038,0.7292236444641192
31,16,0,0.06386079776380775,0.05266436783266123,0.10226487904655124,0.08171398778015995,0.13263802285220358,0.15555271796252232
31,33,1,0.6784266952226023,0.7148390192018651,0.5743320077690387,0.5863559359461961,0.45610717000699397,0.46670418892538296
31,41,0,0.004994877959519098,0.0030773803805726222,0.0028792083312593627,0.00483578502388676,0.008437242211679517,0.020728605391613353
31,85,0,0.00036321906131618116,0.00021164464159016306,0.00030661134882686505,0.0002789025016722049,0.00064561973717609,0.0013457149634229387
31,113,0,0.009337153816293879,0.011286724462767902,0.011141999828399064,0.006522546224403806,0.010322348652805175,0.01958225012677532
31,124,0,0.009131365318962047,0.007497261399465563,0.020485378588047852,0.0037427522836505486,0.042500058980411724,0.03102460783631125
31,129,0,0.02404312356031182,0.0029093804294701322,0.01745138417339498,0.016236108234722924,0.14032918197403474,0.29052177700253645
31,142,0,0.008912163742739431,0.006240193733799092,0.007235589622546932,0.006692962982768578,0.042178970089050936,0.06945752951770916
31,144,0,0.7067262902888168,0.8393758052303874,0.6111141362819205,0.7151610678279852,0.8135303505455627,0.7639177569913674
31,158,0,0.0005889625754606568,0.0004304994551220793,0.0004799702106817609,0.0004772888366879132,0.0006869936937549707,0.004050804914113502
31,165,0,0.5439079174312181,0.6457098085964214,0.5007697639708636,0.6318609560958903,0.7229617705291405,0.6661366588838545
31,166,1,0.8126684145714456,0.7791014563239748,0.8560064499506532,0.8534013123588854,0.8572399744452966,0.8022513118428292
31,173,0,0.0020819152202464206,0.0025441070837229573,0.0033205310010681315,0.006608998407117376,0.011600607539530431,0.1414215744694161
31,195,1,0.9306895418894757,0.9161990866512395,0.9051123455677572,0.8713156631934079,0.7421493419380903,0.8166899823068853
31,217,0,0.016112579850197227,0.008090809413874755,0.013601726475076978,0.018573704143601148,0.028345914544440416,0.03773264629104529
31,232,0,0.7723750364395177,0.821926876153477,0.8952089392851571,0.826739689769589,0.7829839192337004,0.8072161969778278
31,233,0,0.6093295354704926,0.615312491129979,0.6017214534445429,0.6038227861440296,0.8069632721189325,0.8002195181354221
31,235,0,0.012194844032705054,0.009398007303950748,0.01578371910304503,0.00701305384285929,0.042695050964910344,0.06018180198259161
31,240,0,0.006444895485368816,0.006571821849241991,0.005625492599191265,0.007536886079122385,0.06424474897335947,0.059360903817751845
31,246,0,0.20917831457944033,0.2533279575746752,0.1787667959489261,0.21590510982542466,0.44401712274326033,0.7415906459276763
31,258,0,0.00602759947867543,0.0074665122372803636,0.005917952111332872,0.004870713542135926,0.04577296670331195,0.023768494339263195
31,263,0,0.0033571779792999088,0.0060452116435537155,0.013991153400947648,0.011669081081750979,0.08018906631966582,0.05705599550690412
31,275,0,0.004963522991057173,0.009582032982080263,0.020061834477536615,0.00348482677878315,0.020742321931781337,0.031725165339848746
31,283,0,0.00742466359210601,0.005170989548594743,0.00821386737839079,0.0009935181635981401,0.010742872509013793,0.011155426901202962
31,319,1,0.5131364680240429,0.5635139763103113,0.4922437324053984,0.9094701781744631,0.5645531921668913,0.8352149744475753
31,334,0,0.07413284509804956,0.09151977030234272,0.06739827632472158,0.06377724960833168,0.18712308044408102,0.7686365184137377
31,335,1,0.766115524367265,0.7135629840293185,0.7303256780917431,0.7093001329827517,0.7619772193549998,0.6537842255093108
31,346,1,0.8880187685939023,0.8309510073302281,0.8957724767044706,0.9217708233816234,0.7844428191892445,0.7493530606485322
31,366,0,0.05627812674120766,0.06416258016668364,0.04986824340920422,0.013971879548018606,0.0882858967203701,0.04334453749859255
31,373,0,0.7439926841245869,0.5704416486444923,0.4331608623877583,0.4991252352421774,0.7562215338784921,0.5920538023694606
31,387,1,0.860752023775276,0.8851236491967208,0.8264073210630274,0.7650477945392522,0.8702216048147764,0.9010692039622229
31,407,0,0.010433493583856743,0.013794044714899105,0.008802537864522975,0.008063768319243566,0.29514834430890374,0.11712087721319019
31,411,0,0.22078956512347642,0.17927000467165494,0.06593985098587901,0.028675853575815247,0.11001008955395733,0.21288666461896485
31,441,0,0.0487827504539283,0.019005703661971563,0.037536138219667475,0.015974986414325758,0.026323834658942183,0.04007530463780585
31,452,0,0.14386502006728225,0.03817554939233675,0.045641316371132695,0.06304822389234438,0.14196030996778541,0.37112560242564396
31,473,1,0.8621029460022347,0.8142709845057171,0.855287344252379,0.9284496371682031,0.7528162444478699,0.8270427825389558
31,476,0,0.2755304056344613,0.2629871853466645,0.15317733943225245,0.13771852274178206,0.2703402146103985,0.18847821750247457
31,478,0,0.8639373000901328,0.6557198677857151,0.8210216650619949,0.9048821981774499,0.7878117015828334,0.8934475613790451
31,484,0,0.13653334427989194,0.025077822308516344,0.10336957272020457,0.04695690445752119,0.1610483533258583,0.28660632489610144
31,487,0,0.024004092860199187,0.04552670453498309,0.027541676685148557,0.016131653847550907,0.23913719972471373,0.10915014120996472
31,492,0,0.5546273301699355,0.6462081198380574,0.7658855944214923,0.7025916585999381,0.8318453337393151,0.8694080627558974
31,497,0,0.0013832409234610032,0.0018267136838271214,0.002821589212219285,0.006299190627759304,0.015308661205004638,0.07204591165879588
31,520,0,0.005530338886404581,0.005660410845597611,0.009191911933111358,0.00871011649223521,0.02784736534032025,0.04097391123401813
31,524,0,0.01450089814904649,0.00928925750589728,0.006220807231887501,0.005595062012690414,0.010671707450544115,0.03500851340728092
31,539,0,0.0991309925094015,0.0992516440734483,0.03989807776954817,0.14987332696758754,0.19438754727844978,0.38406989349180565
31,546,0,0.013049622772371514,0.004181685515251257,0.007958186001078095,0.006935640076314181,0.1462165397463258,0.15433724048830513
31,547,1,0.8549058088746327,0.794503710926607,0.5195296948957348,0.562952403162865,0.3225136010494416,0.5152447276111952
31,577,0,0.03783371040787717,0.033032796464062666,0.09546982981335447,0.015741578285059427,0.12153246119354391,0.14135254863720606
31,578,0,0.09257264196240554,0.02068272993960834,0.02311095753895922,0.05424917570227567,0.07175052951204765,0.14579045654908496
31,579,0,0.006562639892102515,0.010236144274560465,0.00591071745367679,0.003511159141615635,0.056644088703610894,0.055357269421680844
31,593,0,0.0007946435776034768,0.002679631957849632,0.001429813683456198,0.0023696636190685756,0.0020153453331889664,0.056878936706641056
31,608,0,0.33660983844336767,0.09433932490650328,0.19952770847179693,0.3093646941166048,0.3082264203803683,0.5350486550244814
31,615,0,0.15333613585179867,0.2319876579126518,0.13963322563216268,0.5694980455125016,0.11330620870551449,0.538558479453715
31,640,0,0.2492583504308377,0.11674395746316549,0.18776549156103065,0.11782835241071099,0.11782797082732038,0.04373770586497942
31,646,0,0.4674392271041306,0.5201531755465609,0.5968090390959887,0.713305318523125,0.6359407423155888,0.7481729546906984
31,692,0,0.733116713965522,0.7065698079923446,0.5058061380725141,0.6346510809852064,0.6525742609118311,0.7746373858107204
31,706,0,0.0004476646154094068,0.00025427988400237634,0.0003380779032604193,0.0002789574680721584,0.000573646044000204,0.002060111100100758
31,708,0,0.0004476646154094068,0.000279160608962509,0.00036261651770188875,0.00030410964035995294,0.0008455715831433659,0.0016859695137666033
31,710,0,0.5942704670800828,0.5091195061063105,0.4044492961732133,0.41173224370758593,0.6652434924708057,0.5963157468215009
31,715,0,0.3380854861990393,0.3023134461975637,0.3911587155247147,0.30689147884328194,0.3146960718875777,0.12929630275504683
31,725,0,0.050759798722472015,0.014431050550641075,0.057584271245343474,0.06473282349317205,0.31629078765340435,0.5799219333489263
31,729,0,0.1369927320291538,0.11672538106163521,0.10304892964916842,0.16855223300006245,0.3964002678089583,0.43957517227727005
31,753,0,0.11452433037854796,0.03902771461424409,0.2019348861009508,0.02249580299891005,0.6466999424354758,0.5690845322270275
31,764,0,0.12826726378051592,0.461153444357451,0.3485458767158423,0.19285472138748325,0.5744092470304505,0.6169859266834368
31,765,0,0.08953210092216334,0.030068349992146314,0.126141471542108,0.10714579807756094,0.11336254241790814,0.07607102184461331
31,774,0,0.6406739103137681,0.6020059246731081,0.44393164239681665,0.30210158284319166,0.44550022235699943,0.6375247991004136
31,776,0,0.7948683333117982,0.7799920170099064,0.8360471074407313,0.8201076565596176,0.679004496092822,0.6776721999126445
31,800,0,0.004763759583229359,0.0043822971285239045,0.007037490446170341,0.01330552215576659,0.0314174038393656,0.05200986882597031
31,815,0,0.001231026618823563,0.0022221447339150708,0.0025855272928275875,0.0018146421606475235,0.032744048177316874,0.05272922843867629
31,849,0,0.37090943893124184,0.6125844556907295,0.5700547638577612,0.5804351970433828,0.8213871954815014,0.8116538208996519
31,858,0,0.8418978882045721,0.738327751142318,0.7629758012794945,0.6784157632464755,0.4112765686985298,0.6724585191436836
31,859,0,0.010079051222074635,0.008593244005148278,0.008014443554522249,0.004755524893927761,0.027679883270941272,0.04229800547241382
31,861,0,0.8110428489559397,0.8772000709443627,0.7226508542110153,0.6840147863097108,0.5163128767623337,0.7746368299164101
31,866,0,0.6491391822540044,0.7358797597837217,0.4933981902193637,0.41423636620507753,0.5514616723945966,0.7727742142930494
31,868,0,0.7986975489602621,0.4367967536259236,0.8479292343715827,0.8898056882295314,0.8281124839632606,0.8684234878125724
31,889,0,0.7882513727620175,0.8669768624873291,0.861382710807449,0.7700834221214855,0.6895885132199951,0.8346425993220631
31,892,1,0.6679448879899476,0.7674517761233515,0.5653351582784858,0.520341515704428,0.6233228923161517,0.40860326027897964
31,895,0,0.0033718791705194887,0.004233441535650746,0.005701195760312119,0.004591265607508858,0.00925806443402079,0.06660828464965002
31,903,0,0.10622423881470625,0.14666463287434664,0.10043447646786043,0.6053857074100552,0.20365606752530693,0.04005933039373915
31,913,0,0.0030455412642851525,0.002362648177867045,0.003975391130913509,0.0016107662064229233,0.008301220220193539,0.011028806935818486
31,943,0,0.09011590901895353,0.04694956429167029,0.08738232180932654,0.027778669075551043,0.371031244299751,0.08809417410999268
31,948,0,0.8195236167534687,0.6218671978870848,0.7625937689774438,0.7730318201704035,0.5728799354101756,0.281694681838313
31,960,0,0.8099338546522507,0.7890982247574374,0.6809268530710884,0.8125599445914555,0.6804451171852749,0.49132955297168857
31,963,1,0.6396324515361524,0.07025721987819089,0.6558996576703903,0.4209634811978939,0.612766836190689,0.45075446481701814
31,965,1,0.3493528677496227,0.6083438739989163,0.41402568946038654,0.4407088653836992,0.49382491424920294,0.8639069008510777
31,980,0,0.01102422155810482,0.0117293905861075,0.005199263406205486,0.008752185280444174,0.008316276794381482,0.10173325559822452
31,1011,0,0.035543533692691635,0.05515081922665108,0.11431801070153075,0.02811463203630858,0.09229594791369217,0.6513609684654731
31,1012,0,0.008779417517655872,0.004568159058318041,0.0030457497221936854,0.0045386859796661405,0.01129496195796694,0.03504388074337405
31,1016,0,0.00036321906131618116,0.00021164464159016306,0.00031395421124829704,0.00031188190501560105,0.0006345064216933257,0.0010505455608758642
31,1023,0,0.006713761844901775,0.003242627808345359,0.010024149353009567,0.009304038360090562,0.01266989580466287,0.011454735088346107
31,1031,1,0.8573501655890702,0.8623869808670804,0.9052343217471941,0.8308421235092978,0.8247258175046241,0.8101882265885513
31,1034,1,0.8970437849049231,0.889410780635404,0.9275746036235167,0.9078590830172145,0.8508765396499889,0.6850645549654916
31,1039,0,0.13302695878538665,0.07557925715419833,0.12767481356035892,0.017042560123036586,0.10334758485884413,0.4147833182715073
31,1049,0,0.38378088783748915,0.3305393780442011,0.4803618537110118,0.43564409018790073,0.6461560051796718,0.538542436460168
31,1057,0,0.003910086377166443,0.004038440971400315,0.006994324287207362,0.002746334962333086,0.013684133090769072,0.11031267961894009
31,1065,0,0.0024309791547874986,0.0025904866809895004,0.004394908939015645,0.00488571074041048,0.08345447708750003,0.052760133322535346
31,1070,0,0.7787421447800098,0.6680028561495116,0.744963202654988,0.093643895529366,0.27406343417720413,0.29271645811632435
31,1078,0,0.09493605699153469,0.4255934482157141,0.22461809199606605,0.18396611096911333,0.040769304748719794,0.2776914805486265
31,1091,0,0.004052328529591303,0.002477952573574134,0.0028420599196079914,0.002121416963790799,0.007207140493440132,0.04038558964617403
31,1104,0,0.0704885085989059,0.09277255960506986,0.2329800704548861,0.11047383543144447,0.5718456429019008,0.5265856344110568
31,1121,0,0.027785139559989597,0.04818198536588253,0.04119613184889218,0.04364554109031657,0.018097583124615995,0.05692899685888795
31,1134,0,0.0004476646154094068,0.000279160608962509,0.00040521992302154365,0.00033367063886303235,0.0007387550734577133,0.0037181217388346332
31,1135,0,0.13271445762865514,0.1596972550255185,0.14630121457884518,0.0841811955347578,0.07526987896492549,0.020735403669138733
31,1145,0,0.000348478549168628,0.00021308357559475543,0.0002477155372281436,0.0002955591630772315,0.0003647121803168156,0.0012169961059133243
31,1151,0,0.04965992869314039,0.05497875961029694,0.06276362049753326,0.005972811671469557,0.14001428619871847,0.1479131737946519
31,1159,0,0.35344182168186655,0.08936547675508927,0.1339365296214982,0.2755273858089119,0.28924999863699186,0.2576392570847415
31,1192,1,0.7881986266776924,0.856288838039741,0.8775879579701052,0.8345737788352056,0.5798934992417173,0.5055389230927427
31,1201,0,0.09934149388640304,0.03592841221571482,0.15988950896070028,0.15605947730717723,0.0918385244344656,0.7193824910074645
31,1224,0,0.00576748532121181,0.00367281170885994,0.0031566967352726367,0.006395991827445322,0.014307252192160945,0.021967975089637617
31,1248,0,0.013354794746722758,0.00665985686630832,0.006125858511425973,0.00584059229694665,0.07421581038339221,0.14507445323042684
31,1253,0,0.00446585076380631,0.007199792289467514,0.0034829435569213554,0.00434496185848447,0.010260627817977307,0.01367078553498818
31,1258,0,0.002301578787236604,0.0027692612893940117,0.002767656018283868,0.0022293525887581347,0.004103808261212908,0.028143471420101863
31,1262,0,0.18900380340845613,0.15933743981725115,0.0783969345959515,0.07050795967426633,0.48630727660335027,0.5661550645215403
31,1274,0,0.005932454946241569,0.004759406109826817,0.0054055965074497215,0.0034222505797439303,0.02949654092503921,0.02728426533509307
31,1288,0,0.07070269426599929,0.03614416470020291,0.03727475590098108,0.030004170715563234,0.07519225438798709,0.3541238595090722
31,1315,0,0.8731211927690034,0.9189069198390784,0.833721148786548,0.7462176931032041,0.6185417062309763,0.7594128695332888
31,1336,0,0.011367686763142775,0.009872182927165142,0.01192580317002925,0.011076734358326264,0.20279536967753636,0.2057478850641839
31,1354,0,0.19552514676475716,0.0854959958195577,0.05133806376344313,0.013395772327710533,0.06827090662607163,0.10005567236946862
31,1362,0,0.010083427325210762,0.005340018024006561,0.003968254641989774,0.0030854177058522933,0.017329098590943625,0.02048860256281253
31,1366,0,0.054529868460003544,0.0349692481170751,0.0570506600456481,0.054013761952197294,0.24000603349164745,0.3000500377514804
31,1379,0,0.0007193929891282119,0.00021557908320856393,0.00034910565393677593,0.0003191985966692211,0.0004988175631601854,0.001390513757423791
31,1382,1,0.7325477636016866,0.7536385325921421,0.7218396817419929,0.7750004502817307,0.26231872880105456,0.3443060895295725
31,1385,0,0.0045826952293071795,0.00242943034908374,0.004540211787245942,0.0027598615346937907,0.00340030962710593,0.02652178403682778
31,1389,0,0.8099354228273532,0.8606259648057748,0.8160176844759619,0.8384909575510542,0.8661024598733514,0.8250231020221287
31,1390,0,0.7233452889926424,0.7322405302340314,0.6970301959124056,0.7513460601621168,0.5825101944001895,0.5606511812509986
31,1394,0,0.011768681041253655,0.017246570378637756,0.03280107384023449,0.027183458438289697,0.2736308806497125,0.34897680154960103
31,1396,0,0.03130191886344366,0.029350759293255937,0.050662533093997764,0.09622894594613189,0.3277774463052451,0.4374635459746469
31,1409,0,0.008774519645496916,0.003649809527150066,0.006747263448035196,0.00988386118081494,0.031288986366333135,0.0826819862613188
31,1439,0,0.01585556297961783,0.024708678150482333,0.013987152702977684,0.007830667859813038,0.0831320784034699,0.09202085449309039
31,1447,0,0.0026482504150956918,0.002072972105274915,0.0024693404238146756,0.004367708270959712,0.006001358553591567,0.01796888631616404
31,1458,0,0.030748806816682635,0.06486536584511464,0.03220225817978649,0.032588309892373366,0.09452427825164575,0.1648372609931995
31,1464,0,0.8802947649598998,0.7819459204715083,0.8787169065581436,0.7949581041144118,0.753067682744055,0.8310167971365617
31,1470,0,0.0005112118600117414,0.00022230769267420043,0.00025987951896240655,0.00029245730622904997,0.0003734267356241761,0.003023321010694596
31,1481,0,0.0005148863839968853,0.0017681045115470002,0.0020530231129897505,0.002301026669792229,0.006085957576166842,0.030229565852659058
31,1483,0,0.22590304474470674,0.1326622053384416,0.07271140191799107,0.2192409236738412,0.1272843025582081,0.08153745531929281
31,1494,0,0.0013944784799258454,0.0012052998457165772,0.0034065839375692743,0.003981805446930988,0.004677227791525133,0.015507817816379945
31,1514,1,0.9152967701985882,0.9228725983688281,0.9258536773763237,0.8298380720208438,0.8415912703816263,0.6265266408876439
31,1524,0,0.6865619559465811,0.6207150116469687,0.7280232269229349,0.6907638995171802,0.7639295856120139,0.8375200682342723
31,1525,0,0.8473675632778467,0.8167405893208962,0.7359222946085104,0.878638279803384,0.7470428717681924,0.6785218258903056
31,1552,0,0.5141256505630596,0.4441739110986161,0.6004602984814335,0.662350683598696,0.4079496675087103,0.4731014721763377
31,1557,0,0.2252631210821171,0.22662012884146832,0.09834737449820141,0.2331267685638235,0.7031422354007765,0.4994107331249202
31,1572,0,0.6304138556348181,0.6381210081600392,0.6362151963043178,0.5362954660035751,0.3290479002682859,0.5121248264868065
31,1578,0,0.008308017771340066,0.0060770458675227694,0.007226591793069992,0.005895611113071982,0.051498962003768585,0.04474965010749725
31,1618,1,0.9028863302090745,0.9297488835738322,0.8613935102147156,0.8928943663648442,0.7843889616194258,0.8723946156094672
31,1621,0,0.8782726938673123,0.8217111825534577,0.8458097964907331,0.8895510143682971,0.7665708063695504,0.7819310921027549
31,1624,0,0.006448093704415702,0.003727429785430621,0.004955186127826825,0.00438669806666327,0.044311869089599644,0.059180322750594275
31,1632,0,0.007533601536102588,0.01344428417809329,0.010747737775844202,0.017175304210942245,0.18622863644702564,0.2366941931702878
31,1635,0,0.4072916408131805,0.5803153785345608,0.48055233005252374,0.3400534908024461,0.5870307807507115,0.5685217970316451
31,1643,0,0.0016844185796588028,0.002195441017091771,0.0016577809116161684,0.003891082876066044,0.010398396735478568,0.03324665210648135
31,1649,0,0.4165511432991249,0.4543086745732544,0.34035442435314983,0.14891186004702808,0.14069424707666064,0.33337661385727946
31,1683,0,0.0003584808611890143,0.00021308357559475543,0.0002703566965509793,0.00029162085567311437,0.0006170768527175949,0.002161861536220692
31,1696,0,0.0004476646154094068,0.000279160608962509,0.0002599159133108387,0.00029041513792432076,0.0004888504705740915,0.0020778300629833574
31,1697,0,0.18868200615188258,0.22770484076050546,0.3535423818479104,0.06558801322952046,0.02469932507524376,0.27253177971371517
31,1762,0,0.013917678822878587,0.009353638253428222,0.014279648686597814,0.004019849961250587,0.18409689156600031,0.20346425524235498
31,1768,0,0.03665999934338846,0.033494157994080107,0.04716986413908313,0.006483616720477418,0.057314919455578366,0.09748505125498677
31,1784,1,0.4452332460540617,0.495712960748134,0.7334960613082009,0.7164235548289623,0.42895507963015483,0.6702723846167775
31,1793,0,0.17238492165841873,0.18200420723177216,0.1192762131834321,0.05150680816362538,0.34184708006691805,0.3059944775447719
31,1803,0,0.0003584808611890143,0.00021308357559475543,0.00026050584763814643,0.00025467045388579,0.0003508494438016534,0.001110409878844736
31,1804,0,0.010537092134691393,0.008025141486464389,0.014648720809850196,0.0044585955582551766,0.011132707161750084,0.017693444757125986
31,1817,0,0.0003584808611890143,0.00021308357559475543,0.0002668922605335819,0.00031188190501560105,0.0005948781539638934,0.0016259274089795892
31,1818,0,0.011284640669574119,0.00826324257695865,0.027808780877319875,0.007591551392258651,0.025402475843380526,0.1468525663569537
31,1820,0,0.45433335985753154,0.29400480708428645,0.4506765061394129,0.04474432537926291,0.09598665691505419,0.06324872785617837
31,1821,0,0.4202549825039639,0.3278188429312062,0.37696383350183954,0.5950690919402108,0.516096556038764,0.4406350895250044
31,1830,0,0.6696053687551057,0.5358548413996511,0.58992790641763,0.6427932736391506,0.756911479429451,0.8096836395267764
31,1888,0,0.17278551908480255,0.20058880382679223,0.11434921368432996,0.09113719243519242,0.41599527841681766,0.3627970280088902
31,1922,0,0.0004476646154094068,0.000279160608962509,0.00040521992302154365,0.0003095625579356736,0.0005082088757840104,0.0030548615403287863
31,1926,0,0.10467720555826997,0.06576021175345471,0.1696847591045503,0.14084841213290122,0.29518596124697144,0.4986116272107095
31,1952,0,0.0033315838994124576,0.002615160930337838,0.002318252737260281,0.0027880135809424194,0.015794424581238656,0.014001317678715531
31,1968,0,0.5675625146236446,0.5653932906097101,0.3228956253255214,0.2899327166620697,0.42728032700924273,0.211919217399546
31,1969,0,0.48185203038104396,0.5820657352719489,0.3433006840400647,0.276978114889041,0.41604037598246174,0.441714529787827
31,1974,0,0.20733780516260125,0.13144876611828224,0.1510466218922641,0.13671369808200046,0.1064276492122149,0.06828001511710181
31,1982,0,0.7861735492422482,0.50173601239835,0.7173606272623134,0.6015010945702741,0.5994415860707341,0.8146831132523659
31,1983,0,0.012581634402592377,0.01259247011989469,0.005880900205712309,0.005245579087421415,0.020878825758141838,0.043208268289648584
31,2002,0,0.16647335650424352,0.1500946049344538,0.11036229682885645,0.0856036873326494,0.14459833853400209,0.5902847016097533
31,2011,0,0.14059117834780818,0.0692240587062959,0.3738169693472973,0.27894288388608807,0.2780153741324698,0.45330992425193173
31,2016,0,0.0004476646154094068,0.000279160608962509,0.00039162414071911185,0.00030410964035995294,0.0008455715831433659,0.0016859695137666033
31,2029,0,0.2559832482441578,0.16250932508051272,0.11938552886312173,0.15825377192100257,0.21225686213721448,0.3184448662103504
31,2054,0,0.0017679319903969393,0.002820261931510984,0.003274533813953636,0.0016397475366294637,0.0038130349649280314,0.008806310013519936
31,2067,0,0.002341134972277758,0.0036447816204753076,0.0024964973679727984,0.002849183515658002,0.018659053961609797,0.022963633696671062
31,2088,0,0.6575773314783556,0.5631116299464757,0.5329021645480975,0.48011544142000157,0.4204167264821506,0.7398114248481217
31,2127,0,0.01035672931514808,0.0041921231116049005,0.0028478491669504057,0.010661690395500212,0.14237536533500542,0.31727717484464246
31,2131,0,0.8598126201573874,0.8503479541120812,0.8086531911007013,0.80747216180647,0.8505574828329799,0.8544284505844123
31,2145,0,0.013396154887123627,0.020125572189849165,0.013118717764101728,0.01472227647750693,0.054003160182293015,0.25163540419739594
31,2157,0,0.8697082437004505,0.8959839301672585,0.7799968138731701,0.6651635376351501,0.5428123925093736,0.8073278128893235
31,2188,1,0.6196961875754934,0.6946939088869962,0.7180357683127256,0.9193586196785576,0.7887989968880161,0.7904596351546822
31,2212,0,0.44081754036888077,0.19527665010843995,0.2623223012696106,0.27473827793666733,0.3156084859720104,0.3987344048345577
31,2216,1,0.8900937714865286,0.8436983568224015,0.713318908021441,0.8432212408586945,0.7315754333231063,0.7041793043319066
31,2217,0,0.06710697053694539,0.1005983667127319,0.061257635362691444,0.03797396199827741,0.053044862686549885,0.18963882950261757
31,2235,0,0.09316529625090028,0.25206277132368404,0.11303964883190269,0.01135946701723793,0.11524322207551572,0.20155268824743044
31,2272,0,0.06407133824929923,0.017525146922500286,0.01586314765368406,0.02035141095042051,0.06460377109999163,0.07879613355395439
31,2316,0,0.004183169781811913,0.0038443379262998313,0.002749059090897148,0.0069887871496505955,0.03073715885606537,0.06318200668429903
31,2325,0,0.8926049876424766,0.8381701987543144,0.825970001409511,0.7635440051226963,0.37687675234962303,0.3880159903551619
31,2329,0,0.37119008114144847,0.36861214013684107,0.2616742227905638,0.21739202637096947,0.1554923837162871,0.43099321504483634
31,2341,0,0.008886823013327307,0.004791086004259876,0.005031348658082997,0.006365565497654885,0.00943763677254496,0.29889850236339155
31,2347,0,0.0035444315950149755,0.001794702866188814,0.0031367914210800028,0.011505690955598434,0.16565463488469176,0.3423669101972659
31,2354,0,0.011481529696742121,0.007461054759401843,0.005706210268151524,0.007083347873516872,0.042426973645157975,0.21371832721650807
31,2368,1,0.8345382506766759,0.878263371872869,0.8405037555674665,0.8281543116226733,0.7707815691707991,0.7611971630484936
31,2379,0,0.0011895624223468633,0.0014900744104048701,0.0024233015358649675,0.0021555486390195102,0.00993836716190901,0.030027920041884832
31,2388,0,0.016217775219011934,0.018507616355521814,0.017290597731456536,0.008533489283405667,0.04978341749341229,0.32000507487218893
31,2414,0,0.831676087473718,0.6657485408499751,0.6593460702996395,0.8761127583576201,0.9105757917648284,0.8462297999805777
31,2417,0,0.5369743094683338,0.4956145078456751,0.5928252949232333,0.7636836862201679,0.6751178351474433,0.6340937614658779
31,2441,0,0.5556202697757794,0.686474083038963,0.6887247563359894,0.7992794369224654,0.7570751418370172,0.7395880289596131
31,2442,0,0.7191386580734078,0.05189436616837985,0.6617644085595488,0.7501349043439798,0.5678039491031077,0.6545071224756489
31,2449,0,0.00513701871841904,0.009509449278937973,0.00588817026202618,0.003208016150579181,0.04527112914902045,0.057943980853945094
31,2451,1,0.8430778508511382,0.87183616754614,0.8214384763902867,0.8454442469465219,0.6606590176668662,0.6286427457239068
31,2460,0,0.5066258878413856,0.34004792966602676,0.4102816951233336,0.2488647449631464,0.27620235683850947,0.2790396179067608
31,2486,0,0.7431199969770838,0.7985603565028108,0.8844122319125584,0.8848158254193906,0.7586653371319165,0.7487574621966745
31,2511,0,0.2624933191255193,0.2911671319077121,0.27284833697716565,0.3891786760419703,0.4413532627150998,0.354259145604689
31,2512,0,0.2844537961154241,0.22340398821913138,0.3643469823028138,0.18819120506238796,0.6915996085243883,0.6153722118390924
31,2527,0,0.711502269095187,0.9021547971767709,0.49925056880415497,0.4873369709231987,0.6826008465783077,0.5476883452233492
31,2529,0,0.7790727565878741,0.9002584914616337,0.798387153110838,0.8539720765099491,0.7569765875000511,0.8294816415697807
31,2533,0,0.029258257069459722,0.029071198331724155,0.036132488857529704,0.051990256659158164,0.11373852837597581,0.07010172940936651
31,2535,0,0.39294390005535434,0.39073179786538437,0.07409050046473839,0.10611704412952279,0.4183662611858781,0.750626593785235
31,2553,1,0.7287356534954377,0.8878125774713492,0.7917937945878896,0.8123028110435209,0.7652934489396511,0.7777737537678683
31,2557,0,0.8050464170943966,0.8850472070286299,0.812063449868198,0.8148896135947462,0.8544285091792808,0.8324242227850667
31,2563,1,0.8838156441423606,0.7853148706020016,0.8351137347077111,0.6256729595564992,0.8035257564907982,0.7014076262754346
31,2601,0,0.5104879896230949,0.2763959095677682,0.6213728559433918,0.42901872220712844,0.20523919469623914,0.20835387294683674
31,2607,0,0.04647223757845439,0.03734702794634131,0.033939458591554714,0.03611549485020948,0.08125057069550208,0.676689102890955
31,2612,0,0.20918595882285795,0.043843567607515704,0.20690073655316543,0.09553603545333918,0.2323730720067927,0.044998634132232374
31,2614,0,0.8826757490181486,0.9071029272522005,0.8691071081926259,0.9227518357835753,0.565234174957619,0.3658249377732318
31,2636,0,0.01598801133782688,0.0145542286989806,0.011657894173801558,0.009058539969981044,0.046978903363172356,0.04642804782260097
31,2637,0,0.005766900875302217,0.0036839821161374934,0.01501338009310678,0.011933640704011596,0.13154288166003938,0.23461591891146794
31,2638,0,0.0005258826174001277,0.00022230769267420043,0.00025710831258890347,0.00026287508758441225,0.0003623923971052142,0.0013201569356680307
31,2648,0,0.008044812778363896,0.00884183387595635,0.016542234348329618,0.011482392309824466,0.06919720545797219,0.15909355451110913
31,2669,0,0.10170466452171241,0.18158236267630024,0.1312825049251395,0.20425673821402832,0.30408322154376044,0.3402049793860932
31,2672,0,0.013917840216056684,0.010021060784542882,0.009239401638423423,0.0019290774502838779,0.02369221154159627,0.056837882988477056
31,2677,0,0.013861233398542044,0.005197400464044159,0.02256691922844257,0.006907114881306504,0.2553410122880117,0.06952040723820184
31,2695,0,0.4611681117413606,0.2969392652941996,0.34536748688062757,0.2027528333236429,0.3639330598591029,0.13120579767286786
31,2706,0,0.8568654656053311,0.8849527722116833,0.8618331630882552,0.7957897305608053,0.6883613671506073,0.7259434536694144
31,2710,0,0.11422671284744083,0.06791985395428636,0.1253906853897219,0.008779076732244788,0.10312789800572097,0.22161349818856038
31,2719,0,0.0024314988441844943,0.0022689489659808034,0.0023685841106355593,0.002216117637731701,0.0073419274541657595,0.044283084166282384
31,2734,0,0.00253815967090866,0.0023992771160145886,0.0019860311321728643,0.002601340488529085,0.0035708547220278846,0.008998751361808216
31,2743,0,0.0004711951910142493,0.00022230769267420043,0.00025987951896240655,0.00029245730622904997,0.000354691091730253,0.002161861536220692
31,2744,1,0.5955342772924985,0.6208768918266145,0.4387406114583721,0.7408058187329749,0.6581273884638678,0.6223210201691606
31,2748,0,0.002617786590966794,0.0036764128493525774,0.005372271712265562,0.016800204796819058,0.026747612824301242,0.040795041544037805
31,2750,0,0.11725362988930658,0.026718466496364435,0.2675447391999701,0.14565468391251782,0.3146128078263075,0.41880727606876267
31,2780,1,0.8337182893822195,0.77893623656878,0.8652910272243859,0.8912015159008259,0.8352738590387778,0.8803743120967519
31,2789,0,0.16203673449798034,0.2885027344644626,0.35985781407372136,0.2686838300220606,0.6948286685267863,0.4139780342588142
31,2794,0,0.08086983382720789,0.08783454098705282,0.052782353433885924,0.029949663255150662,0.05834043429146908,0.0776678486209563
31,2826,1,0.4052456316616819,0.7078193835820992,0.6510185482429575,0.48477612700226064,0.382820460962981,0.5859867563131527
31,2834,0,0.004959795481521272,0.002591178428460061,0.005601498619917027,0.0035158626108260462,0.009474003861643591,0.30656083649557936
31,2846,0,0.7121376103523632,0.6650203599930217,0.5288829143955509,0.5610320221026038,0.8240452096799568,0.7868874088888893
31,2869,0,0.7124138925892085,0.7559778641418987,0.4252927671908779,0.7708034952767407,0.5699529443314202,0.3947352255080503
31,2879,0,0.8262912230563255,0.7455812848866727,0.8456592817862904,0.7774139170928371,0.6008630019635919,0.4769814456600867
31,2890,0,0.1468381331083721,0.1734081833581098,0.10365034078253679,0.025736335965306254,0.02605844049852228,0.0896157450439624
31,2893,0,0.04379993779920139,0.029813359494195633,0.06805279311099044,0.05036894902746641,0.08312156720094212,0.04516092673116082
31,2896,0,0.1225190191007312,0.10002291854157186,0.06630421759962134,0.006795185623162309,0.13442431782858108,0.28178908467923514
31,2925,0,0.20200116604283772,0.15685264497010545,0.16307024746631615,0.12587651629463723,0.36090704553433084,0.5683684985839217
31,2927,0,0.2732564908645476,0.10156849242249566,0.03186700344864891,0.060333518055034514,0.07391693569892524,0.04798528226873542
31,2942,0,0.0048225586679327415,0.003874013033435371,0.0023067382070697503,0.002356201026065628,0.006638383059758656,0.024761194446313934
31,2944,0,0.01945413159454578,0.018541166900914032,0.02371428253179722,0.007382888815411776,0.15258381191799752,0.5684329745926496
31,2949,1,0.5108412272484905,0.5765112803618284,0.46429758699050017,0.8172193337024963,0.6448102170055324,0.3335368514579961
31,2956,0,0.01611248921344395,0.01354841314909746,0.007476917769404096,0.029522261007913688,0.07533614622639227,0.1910795880341891
31,2959,0,0.6007190230413537,0.42828062014031937,0.40213608009890456,0.4379170841082157,0.5932871681816245,0.7092737335318267
31,2975,0,0.008259349989607952,0.012106399242507266,0.008543116924566978,0.008012783677055468,0.09654702526204438,0.1064627418460924
31,2993,0,0.0004476646154094068,0.000279160608962509,0.00024432677036893315,0.00025472064582494517,0.00032640674272166575,0.0020778300629833574
31,3035,0,0.20507231529330822,0.3303999440450959,0.15052484409070166,0.04851323973035438,0.09030711090578207,0.12530916462580394
31,3047,0,0.003557907256615013,0.0038262763148503476,0.0023511943077604656,0.0029403709940180652,0.01257452496748534,0.0092499383333069
31,3067,0,0.0036181521245349036,0.003214725364469997,0.00592530266845192,0.003910065538012089,0.08004868874249361,0.10269666679612635
31,3070,1,0.6655305575310054,0.791309863660087,0.7486770400227644,0.6519218792564643,0.6967724570624115,0.7602539261130581
31,3073,1,0.6983289227260074,0.6509821151542365,0.5236168270216304,0.7488041876294852,0.8131771939887177,0.6475153020393756
31,3081,0,0.0011517623931493362,0.001329032655564956,0.0020598023845326513,0.0024617632260949423,0.006252109488853594,0.03626293125411658
31,3085,1,0.7517394507996671,0.7637041079517957,0.6576836941012764,0.49958769894561095,0.8070488991897763,0.7731833709093223
31,3093,0,0.2115201363740171,0.22472850324098434,0.20632950987177265,0.0839553322454186,0.47225029447799227,0.37524045524086647
31,3105,0,0.38811449454722696,0.4152091387640165,0.2687253888336791,0.1655170427962926,0.5901815298080577,0.36521730745829056
31,3131,0,0.005879375204456385,0.004457083083264269,0.012157294111479184,0.006824739512014475,0.012085862266582429,0.012454263785590355
31,3148,0,0.03786099374318208,0.04131339373209943,0.15143436710731006,0.04915461974495851,0.2315832831791022,0.1271990459880582
31,3151,0,0.14193323510142888,0.08008959867919559,0.07046998052903267,0.052809606468306416,0.6476268071994937,0.3833317064036045
31,3160,0,0.011609853936483103,0.017969033631585547,0.02021852040636429,0.045503816670449705,0.13046803203876317,0.37302272138532827
31,3168,1,0.4152078793054688,0.5580321051281694,0.27866746240891305,0.5769687175505648,0.44812888530576717,0.332739382194725
31,3171,0,0.6319378687064168,0.4787838635376232,0.3348961459103245,0.4301662136972606,0.4902127279748118,0.677256106350126
31,3175,0,0.14906247860440988,0.18204935492302246,0.2867600134641515,0.30037317645039474,0.036186191874020335,0.15653098063435866
31,3177,0,0.11681899030542857,0.160984873904424,0.09983904506144775,0.11983437870348737,0.26522685140684477,0.38885912154599156
31,3187,0,0.11764348904768379,0.20819627545954944,0.05533907087171699,0.037558018492475684,0.048944501700751986,0.325478283295606
31,3196,0,0.23167591621493683,0.19236333956621288,0.28336698784543174,0.27395268386947513,0.20514467651226342,0.07274654836770368
31,3218,0,0.025827882356555483,0.022021950533904603,0.015268641850592773,0.022539422302479614,0.1563966474715199,0.4229531415705525
31,3232,1,0.3897185539422393,0.4936029451336456,0.7598867382025234,0.5944719486983734,0.7550747889557144,0.6649730403453933
31,3235,0,0.8874755963314638,0.9199088189385983,0.8050603370395419,0.8134781998267067,0.4088142313059168,0.3615730751286739
31,3239,0,0.5017373586631694,0.5034422527650358,0.4831308501637353,0.27402068643105987,0.601423553621633,0.7182087776919908
31,3255,0,0.00136170649341879,0.0027624148210279426,0.003358846712505734,0.003541126005521974,0.013639483026627321,0.07635105803269361
31,3261,0,0.004288876273006327,0.00797437727855764,0.010990914755898569,0.005412172694735472,0.00903471147131588,0.06645355554232216
31,3265,0,0.3052275016107763,0.157915284551593,0.3006872081418519,0.2369662307234094,0.5341555548942044,0.5264920391707401
31,3283,0,0.6749014328919022,0.7588616604178382,0.6646966724150057,0.540270634261799,0.6327126394065641,0.7002825886769967
31,3339,0,0.04530793997784013,0.06594377918378697,0.028757575207915657,0.03133400639831786,0.05707646713097638,0.28526692697022626
31,3361,0,0.018011396236508003,0.01988926716490218,0.029463041413175708,0.005797373466466548,0.05572589035539889,0.03811006121228773
31,3377,0,0.36097968055291696,0.10503114446851156,0.1009110110001041,0.030287212314640745,0.3514500239289985,0.29834235487209526
31,3389,0,0.29258555271329695,0.4237537263413704,0.38275186410533907,0.7108869663701466,0.5289039410169606,0.6440888225804263
31,3403,0,0.08220599283982512,0.05884998485718268,0.11119172338613047,0.050397868365357354,0.5153062757210809,0.31038425774111217
31,3410,0,0.0016277534150063863,0.0014542767989505745,0.005906163545806031,0.005577313958240702,0.008405353063015377,0.031103369805489518
31,3411,0,0.026931311744940407,0.018266581968749952,0.010908350641763228,0.04740274859561966,0.031522662505340866,0.08705205455963193
31,3418,0,0.00714264411606942,0.009417395527619178,0.02907161468443996,0.038163987441626045,0.18106294633992023,0.1450588692870658
31,3421,0,0.005033009800865083,0.004646355901941958,0.003236500387683015,0.005747830448073201,0.04632780633871029,0.08301075872738976
31,3422,0,0.02235668819883208,0.019907537888682696,0.020781372780841377,0.01102274813171107,0.0073409753601097645,0.015586582436429085
31,3432,1,0.7345390076764869,0.8046136814622833,0.8177342185300932,0.6784703063637862,0.6239471584137003,0.6277773451881916
31,3478,0,0.03880206888547009,0.03498000219674088,0.011302975075052972,0.02001193540842858,0.02874250198622215,0.13906661838950787
31,3510,0,0.004098461904193596,0.002526316385047717,0.005390508103172078,0.003949351999037149,0.031190164147971978,0.07242001793761774
31,3524,0,0.4099549413885888,0.23789037804409732,0.3534399728328518,0.26701809031614643,0.05330236829028372,0.10073976415364821
31,3545,0,0.03711676022880855,0.03405717446442576,0.07099152709602195,0.11455135326700926,0.6000782411932768,0.7370436946959731
31,3549,1,0.905277136894296,0.7390388481896444,0.7080238197079743,0.8752435609832452,0.785052313798968,0.823152931083637
31,3554,0,0.6627024974117651,0.5549872364489512,0.6060322665738431,0.5704887781557141,0.11663646562672621,0.41268968971937314
31,3560,0,0.2722280992371187,0.2229921763500118,0.19800065504314834,0.20292477487663824,0.6032026330474465,0.6400878821240332
31,3571,0,0.8387524002848574,0.8798038820600296,0.8547297488852545,0.619248569818775,0.7498204366415553,0.6677682313374849
31,3605,0,0.049909952527921395,0.014321051056445468,0.057235655696205985,0.007387601520370899,0.07565504673100171,0.20994379944742234
31,3615,0,0.003638195655240236,0.0025155722913799156,0.013749483733670326,0.01559932643899138,0.02672637885896564,0.18462922769079215
31,3618,0,0.45769858513442063,0.6735649142238914,0.7248495943839094,0.6212539957670961,0.818296547072473,0.82596344548254
31,3619,0,0.0010261389069227624,0.0002566341894642276,0.00037024124058909313,0.0004445794105460032,0.000328162900513032,0.001110409878844736
31,3621,0,0.8135641644830907,0.6598787445972969,0.8639475939879718,0.4589039412101147,0.6319527026609767,0.5311420724630834
31,3651,1,0.8070647576245679,0.8125506131261034,0.6837336773824919,0.6535417848975352,0.7312388897796691,0.6054968246247847
31,3664,0,0.03196928540113959,0.030782470633967,0.02100222464247079,0.013579672629381258,0.043072016916254556,0.06480700723981768
31,3678,0,0.002037227312628667,0.0022925346680038993,0.002185459753591853,0.00565677675613103,0.027259769718204072,0.04378754091434538
31,3696,0,0.07383326314374172,0.026989033747477076,0.044959368256482966,0.04322701579746731,0.050522058378653145,0.17451280003659483
31,3702,0,0.8154656616291199,0.6102369349281728,0.7135065541615531,0.4571071153588444,0.3117842782643377,0.5313779533875981
31,3706,1,0.24709792810838307,0.21294074822680792,0.1207476903381923,0.14753741987834398,0.4491216588923431,0.49104569433030526
31,3723,0,0.01232181888908114,0.0019174963025670748,0.007345411982921679,0.006989875787666267,0.060008541683244605,0.0524655520994668
31,3751,0,0.4209588606380798,0.4707329829144738,0.374992432229966,0.3293470303051811,0.09468528530645683,0.22894902168857137
31,3763,0,0.06216169135275503,0.027561062639009218,0.02268937818576021,0.003048705185634098,0.0047817964401638035,0.03711792571842335
31,3769,0,0.8426543680006942,0.8399627552609481,0.7315297324000779,0.8082645512260312,0.5752918457474463,0.5142475122851412
31,3773,1,0.2466308618815161,0.21650200600660655,0.05442718442073662,0.17107533638898895,0.30109776535238,0.4697279524138708
31,3778,0,0.05711580551688589,0.0362756193442714,0.08490577820677717,0.06858509935096296,0.024769971132791457,0.18920960870554615
31,3783,0,0.01033581499447684,0.008968098531493732,0.010392425152839942,0.012821980725805145,0.3615183724551413,0.2231254036223515
31,3790,0,0.1538285034066834,0.1088139464540211,0.17844608932385092,0.20624145359346943,0.24196844243636864,0.19109036371409302
31,3809,0,0.11039564752899078,0.0741654618150191,0.17229324867313917,0.1394174133644484,0.2904801033780181,0.4394538292222425
31,3833,0,0.000649867302103815,0.0002818081674716353,0.0003386928306994317,0.00036049477125364856,0.00032585513316559016,0.0022624562055722267
31,3846,0,0.0003584808611890143,0.00021308357559475543,0.00025716761103550305,0.0002847853048465053,0.00037065237203899983,0.0016259274089795892
31,3869,0,0.008237206910820338,0.00407665927277997,0.010299842243398326,0.005689046237363511,0.0074305352702639625,0.018947161489271502
31,3890,0,0.0004476646154094068,0.000279160608962509,0.00037723204552869444,0.00029211184287847747,0.0007334995870465122,0.0016859695137666033
31,3895,0,0.22305681570527994,0.21409582225668003,0.4068118298573506,0.14041767703810443,0.09880536184705851,0.06333610846050006
31,3910,0,0.0038831426377762823,0.0026858485437302065,0.00820920161945945,0.002730454959340526,0.0087863086684587,0.024923316129941142
31,3938,0,0.000348478549168628,0.00021308357559475543,0.0002477155372281436,0.000314478102239775,0.0003419282186881479,0.0016259274089795892
31,3941,1,0.2310577436310704,0.35953751416519686,0.2706854964170795,0.33384324099335355,0.6211453809535283,0.5782779814596866
31,3948,1,0.8272719442717895,0.7538043591332095,0.7642799245885092,0.7301375746991845,0.7405341207638765,0.5519876164252605
31,3965,0,0.036163161392097215,0.03360100399125755,0.048232852385934055,0.06390241605003079,0.3438542989845908,0.4914476698352167
31,3968,1,0.7396211512009603,0.8176674566924437,0.5538732672975213,0.7881292316683328,0.49916742091236854,0.7231962448489839
31,3973,1,0.7717470488447586,0.7639280509811173,0.5390359846508928,0.5369384259752032,0.48194026254613603,0.6931524674487326
31,3976,0,0.0022625175804428382,0.002959404636947654,0.002198406110368106,0.0028018595541500174,0.008267092265761231,0.02442644896493039
31,3982,0,0.6362543889422613,0.5514637903646444,0.6831082915778266,0.76259072278577,0.6107079843447739,0.5060906153462971
31,3987,0,0.022226374626488934,0.004294686755170569,0.01693695866427554,0.02793655479195919,0.1583625725973629,0.2972879770481239
31,3996,0,0.0038655686105460167,0.0054654331326550116,0.00595573519201804,0.004074940005349493,0.0037973544198919035,0.01476063999651152
31,4008,0,0.017988707524084508,0.07184789995423928,0.014494841022658848,0.0224596112108699,0.05280153765403616,0.16817947107842163
31,4031,0,0.0004476646154094068,0.000279160608962509,0.00025036285225061764,0.00025472064582494517,0.00030044805733042706,0.0020778300629833574
31,4036,0,0.0004476646154094068,0.000279160608962509,0.0002599159133108387,0.00029041513792432076,0.0004888504705740915,0.0020778300629833574
31,4065,0,0.17109552292490215,0.35413942180512636,0.2632622410389564,0.21343911921990394,0.7627060607829034,0.6397803933040151
31,4069,0,0.0016900063879609405,0.0004834202545544035,0.002021274062159889,0.002446544559032385,0.001388598830139523,0.0068884412749762695
31,4071,0,0.2726454620531069,0.268295933649213,0.3292767575377727,0.08814276781052159,0.4462716624046641,0.2668765699693316
31,4091,0,0.31026205921948813,0.3928299611599352,0.2117018147080048,0.19608463568193815,0.5489532442526517,0.8202098307265437
31,4108,0,0.008396254888184712,0.005593236741370938,0.009340107501154046,0.005887719159001934,0.03036960914462149,0.0050094405405733825
31,4117,0,0.8639445031062497,0.8007588703770038,0.7704026570318806,0.6610588833107249,0.7440433987190221,0.6416729337665528
31,4160,0,0.000919661777416456,0.0019627989787384557,0.0016373831346400756,0.0029583094231759774,0.006599599590532264,0.01566939760326779
31,4179,0,0.04600048573176092,0.004546588330449675,0.03156288667772833,0.07839228090238781,0.51864210824335,0.5686752945869243
31,4181,0,0.47591718470313776,0.08849740848911007,0.18394088303659606,0.23616410063562718,0.19493625055685493,0.22193900617962586
31,4184,0,0.018284459686565623,0.017111637157290763,0.0054717074307038625,0.008218159081682292,0.02548014081277711,0.043532675424609334
31,4225,0,0.22155193971346807,0.35426154841121915,0.11707153146654639,0.13886959482723582,0.3069834858119913,0.28618792539390286
31,4228,0,0.043982421143461826,0.06018913567897951,0.05410993888805683,0.04749581259527078,0.0902899585035859,0.1295287378186372
31,4236,0,0.37255402209967353,0.41963750404277916,0.3601900472000942,0.33243693596174045,0.5767148066560911,0.3265891515830431
31,4240,0,0.6684685360585725,0.6064859725255177,0.6306632675848483,0.858026638156706,0.7178916879461887,0.8082381571275091
31,4246,0,0.4457970336700024,0.44322429743330416,0.3138575477366983,0.13681968921486856,0.5316150205316125,0.5037461444306416
31,4262,0,0.21920982763439473,0.1456992071593425,0.557649268597283,0.2052736970805258,0.46400698548294833,0.646994771080296
31,4295,1,0.5143996706717653,0.5565233027142117,0.5050690709399914,0.8840016924945735,0.5336244142211061,0.6325850055939778
31,4301,0,0.056809704547862654,0.08651057589348042,0.018831497568220407,0.022633828769177983,0.07142928657601012,0.032084389922535574
31,4302,0,0.0027407160787819977,0.002019833086756551,0.0035834580690069307,0.003987295653145316,0.009956833363122449,0.01997613239004041
31,4317,0,0.1190345302188076,0.05350784624804211,0.12486267907565443,0.14455935160445366,0.11298883619602407,0.17717885246956533
31,4319,0,0.018928981354617864,0.014189897724837022,0.013120631031467649,0.023592977012381524,0.15886797754260715,0.24047575613464137
31,4339,1,0.812760651633008,0.8361151001159165,0.7019535727735338,0.8195024440087822,0.8078870116149078,0.7684797364057133
31,4344,0,0.8194518709779138,0.7613024022236881,0.7923024559892935,0.8090121835078272,0.31670543346718,0.3987173426513745
31,4367,0,0.1551243860064546,0.09126351950891161,0.14177504634404386,0.22981713087283118,0.26452492219264695,0.3975769330647098
31,4373,0,0.0007451458629007954,0.0002634785317301028,0.0003539957467538533,0.0003150838583912773,0.0005316601127364931,0.0021992698311703615
31,4374,0,0.017150605351641954,0.03363364831583953,0.02158935674585106,0.022706110805363125,0.302340168876238,0.4956848774914678
31,4377,0,0.79102465848305,0.6983466064217015,0.7677762348113498,0.799778077887549,0.7471978235377813,0.8341892903639428
31,4398,0,0.0030289763719560815,0.002540602088874183,0.005633724707108224,0.0067662576141820615,0.011456023369240108,0.013323403343837848
31,4399,0,0.0754758117688008,0.02869196211895167,0.10963883872867418,0.05927829385602297,0.0969554705333142,0.1851617359368518
31,4422,1,0.2957515446060013,0.1681137925440802,0.06731057548766074,0.5412901328309757,0.1047932828860084,0.22795322369725118
31,4451,0,0.04998103884216158,0.022202311791260556,0.010101408270291582,0.012495829620416506,0.06768753072825501,0.10103572268999025
31,4457,0,0.887717946631953,0.8767467109123397,0.8571430357297039,0.8033358650899616,0.3637952335539279,0.604932327335409
31,4473,1,0.8194287653549791,0.7525584953975546,0.7711217069828133,0.7149058950838743,0.8866039292721755,0.8069317944752793
31,4474,0,0.18992449434708822,0.28805905398829806,0.19092993733805258,0.1461214912104905,0.446879455631415,0.5388096473632077
31,4498,1,0.7544659727949732,0.8330885240843636,0.768650956966232,0.6970933152435738,0.6407379180469881,0.7105487288143857
31,4538,0,0.027543108978432092,0.023549177499949746,0.03384254614947005,0.0245780428318604,0.013911376631921072,0.015361358778417166
31,4580,0,0.7166390146657151,0.6886198505599,0.49274845125600547,0.5171470796704922,0.7262560299288225,0.8411249093349582
31,4592,0,0.03936696084956705,0.05350343820795413,0.030779255474453635,0.04226077363149843,0.17748589017699665,0.6783274914930117
31,4597,0,0.005658137383364102,0.0035071946650197935,0.009697425001684225,0.012723789290566685,0.015343840781961774,0.10294124020229749
31,4628,0,0.5630166634828986,0.5664814797556618,0.4636045400473101,0.371462783464148,0.7147705120756371,0.31191012604890206
31,4660,0,0.007801772648763109,0.017119573007876795,0.009352446628071163,0.009261025821141357,0.021773007504314157,0.10390870603561889
31,4681,0,0.20190487666788604,0.14727297384602142,0.21421777231438657,0.07022923743074128,0.3268941128953889,0.3210814244648915
31,4683,1,0.7230924566545682,0.7649497605606586,0.74723790737182,0.7277917013898401,0.7220255831162395,0.6494061178200464
31,4721,0,0.2962043261133957,0.45471525322303874,0.6103330299636462,0.3934534334911364,0.24117611241231832,0.21983880919804152
31,4729,0,0.7312067588778957,0.5577888560436814,0.6528599962719093,0.45880364503016113,0.5576028019001771,0.6223818937438796
31,4743,0,0.2648239980637979,0.14527934816753632,0.3336206024040215,0.4072650083042113,0.3515437290204518,0.4414365157735393
31,4760,0,0.005449835730554092,0.007244551639036793,0.0072708867491067895,0.01031644121561945,0.009454857459829151,0.034824146234686215
31,4772,0,0.0023855974598857798,0.0018020964983926958,0.004478775832280181,0.002829249712085494,0.007354343691483661,0.008705250374351681
31,4817,0,0.73421237840562,0.6778168229622024,0.6190556230569825,0.430616662161345,0.13022784337782548,0.39661827990892073
31,4830,0,0.0057346522012807,0.006746442018194179,0.013431844572492725,0.007905735900837051,0.059233120720672314,0.05741492940821118
31,4852,1,0.7202906706121357,0.7951858363149152,0.5795594805260913,0.7938784906806726,0.6521992528472769,0.6416405704175123
31,4869,0,0.17430882152271243,0.1682614465208936,0.056628003853912395,0.0821097528212409,0.2209827312986938,0.2044832690777429
31,4908,0,0.004041820649433568,0.006589853499555695,0.007342969650179002,0.004296475580329411,0.05809115403719245,0.12972488005637914
31,4911,0,0.10496430305325392,0.0596126438538263,0.04349105955468845,0.03536867373761392,0.11833271504272462,0.36684617827402105
31,4922,0,0.004646159839045417,0.003429307077871269,0.008055074642103068,0.003835977039432836,0.007042206388176615,0.017442406937455465
31,4926,0,0.08173478443797351,0.04066526240291603,0.12767716592475262,0.2674285460950414,0.25242665591434665,0.4711509617119185
31,4938,0,0.01867904276733444,0.013456980063852694,0.01842967817558481,0.014809377434683765,0.10123333842389927,0.2560991997155571
31,4974,0,0.5742783799877449,0.441838707873689,0.5221296722518222,0.13591794535977147,0.6932458556622175,0.8049019469854478
31,4990,0,0.018080164399550923,0.008180074225750126,0.022186011918166326,0.010291562033012017,0.07611270015712351,0.5578976540564966
39,5,0,0.691513277360662,0.644513854716245,0.6849417920113277,0.6336751034264074,0.7402182680310532,0.827595135698762
39,16,0,0.054576762807424524,0.055930122046290276,0.026705427066261996,0.06465747960051983,0.29845450994910644,0.3293293393036647
39,33,0,0.20436240045195178,0.06315979142631455,0.08872871645357333,0.08089612590392622,0.1754306411467537,0.3442517820080986
39,41,0,0.003105420975556086,0.0037455252927966164,0.0035197493098275924,0.004527824136322336,0.00706451475369324,0.030751657755338946
39,59,0,0.0003584808611890143,0.00021308357559475543,0.0002477155372281436,0.0003236805366570953,0.000585346553428178,0.0010505455608758642
39,78,1,0.8650978941426045,0.8980146311032083,0.8872648379999954,0.8664421055344641,0.689105690617068,0.7207939246021541
39,85,0,0.00036321906131618116,0.00021164464159016306,0.00029213825850583387,0.0002888171800746261,0.0005948781539638934,0.0015098538812820435
39,113,0,0.0031221599627372565,0.0020384416920547076,0.004793928701082185,0.0029731461479475044,0.014207112092638299,0.016619271015047045
39,124,0,0.009634664582338215,0.015474847183457627,0.02828803793570845,0.005147941311668924,0.19035679455450683,0.04320226197976001
39,129,0,0.0037981978776455805,0.0056611356549076414,0.012510552190388775,0.012961154755533846,0.0446390641806616,0.0733556892845095
39,142,0,0.0027231395901812514,0.009143754838471964,0.0020145807928370284,0.0016545202458379128,0.030723982862549414,0.059422643051075016
39,166,0,0.6219861627631356,0.5597524965886104,0.36720846211070074,0.8825820908830228,0.3745013496889092,0.43808095544020903
39,173,0,0.0021919505520752286,0.0018304351655951026,0.002657674165543651,0.011129351421216314,0.029032182802525692,0.06876497965573071
39,175,0,0.5020908059573101,0.4904288984219699,0.7070250509729903,0.6610128265473157,0.6002031307470183,0.6214853375863911
39,179,0,0.0003584808611890143,0.00023393427599882654,0.0002509311093206775,0.0003026532348280515,0.0005391426587603405,0.0024079448415454804
39,198,0,0.0004476646154094068,0.00030206024865032336,0.00028487681778755506,0.00029041513792432076,0.0004888504705740915,0.0020778300629833574
39,217,0,0.014576126932043028,0.006319575998668441,0.022909184910919225,0.017355180559179048,0.3161027304969424,0.5200449784608009
39,231,0,0.3847239387517932,0.5205692227649109,0.4672559258551382,0.5128190362888118,0.45360330873783905,0.3068674735877901
39,233,1,0.8372225162542557,0.8708655406799077,0.6838462377007032,0.6558333007242383,0.8363464640154682,0.8029883746709496
39,235,0,0.004804689854527567,0.005411495011117527,0.004205997943000551,0.004686040021667294,0.008984800439812497,0.05636822397639068
39,240,0,0.0013098479098368038,0.0016514390576047844,0.0020710767207617244,0.0033913510753800194,0.01272908856924289,0.049599154327409654
39,246,0,0.5707305490654435,0.41493615157186564,0.4767070614529028,0.4078674342765558,0.7972417429122166,0.4440587122681052
39,258,0,0.016527503593916887,0.011369095667251018,0.01222216181787485,0.019956212798605835,0.048355970083800444,0.06772720659233157
39,263,0,0.007868197393334721,0.0033304019607924497,0.009663489591492982,0.011097543528702947,0.041807789832385416,0.44499984338245735
39,275,0,0.0014127429797106447,0.0012386653047975094,0.001047698718175702,0.0017677631557305785,0.031087758229497532,0.0733109724537762
39,283,0,0.06799006489581529,0.0717369586954835,0.04296628820345379,0.02412357253927258,0.04734779130138135,0.1745539292239826
39,334,0,0.10342421919579267,0.07863578961453134,0.09229944027388302,0.04032352358012987,0.052216867356948436,0.1663155446672343
39,346,0,0.8524180021838408,0.8504669435443519,0.8847826762165528,0.8634438580877888,0.6118745087929409,0.8051117463463945
39,347,0,0.7889996092805124,0.7781418604193553,0.7020476939072342,0.7332534784869984,0.7960037617222532,0.8247038167310999
39,387,1,0.7778962431226726,0.8607754176613618,0.8722657469653974,0.7716435843201193,0.7351160231267114,0.7714201840497721
39,407,0,0.3969267466749517,0.19056830675488592,0.2910332853201052,0.03513529880979105,0.1987293061641715,0.30832523438182163
39,411,0,0.005448756995972333,0.007756738265672399,0.009541580751175456,0.005740146790434658,0.013347395574221434,0.03789891199710275
39,435,0,0.000348478549168628,0.00021308357559475543,0.0002509311093206775,0.0002940484435392312,0.0003734267356241761,0.0026869547506341387
39,441,0,0.003537230848398856,0.002349324858135564,0.005492344194153112,0.0018544848096125476,0.005098928710335096,0.01771390751447673
39,452,0,0.060595161624801636,0.0249962317484046,0.025915022337584023,0.01376043244730835,0.01895164796340822,0.0418898711689624
39,473,0,0.0527797135355249,0.04524881443674639,0.05573247952692633,0.03779136126907426,0.1170130258278941,0.16126295961194953
39,476,0,0.1101904855726062,0.25868389579788403,0.25872440254054535,0.14457475848759416,0.04420729611573782,0.2971876034945457
39,478,0,0.326966112351654,0.06450999642334268,0.16176901804253388,0.21227263947643463,0.4510896193999102,0.15390205199408527
39,484,0,0.07317543410293433,0.07109299452619773,0.08153766139628772,0.022987102449070596,0.15585725923623986,0.04751985358613412
39,487,0,0.0995816559597007,0.13417399854138543,0.08025851252967237,0.011221228446780881,0.0762494110089043,0.11109347149669394
39,492,1,0.651539431689396,0.776045027251094,0.6849271521793184,0.4347194214302044,0.42098056743463574,0.5721739673731767
39,497,0,0.0038104354786261054,0.003945061464766273,0.0045016627128515885,0.003431992461820282,0.011350462997147464,0.052609541124660965
39,520,0,0.0015633986007665046,0.0008864412518335312,0.0030792917594994525,0.002260915632833255,0.009909186995148839,0.009052858047681862
39,524,1,0.8050036833685654,0.778502049209899,0.8425124838013744,0.7826820285799593,0.7616865445221392,0.8683490924503537
39,528,0,0.6828348318273428,0.7471602105399807,0.754028411348226,0.7054210320409505,0.47521346255847413,0.5863863759929779
39,529,0,0.016037003638740756,0.0043051203625776744,0.014812350755104028,0.006443468995540355,0.17849742575185445,0.044911136642546874
39,539,0,0.1322410482750923,0.07031391284372322,0.046162060672566826,0.04914017377015356,0.2623203678879532,0.2967969579045167
39,546,0,0.27652060517537075,0.059746961637355336,0.19865798579756283,0.1253814665570153,0.07311706004475282,0.16674759995771077
39,547,1,0.31114175535789323,0.45660238251732926,0.3193128798292124,0.2978348823646387,0.27958642204417933,0.27847986298970073
39,577,0,0.018206106689290163,0.025930224957986928,0.050666366401904896,0.015389648655779914,0.017213444275902445,0.019101352625822157
39,578,0,0.03685953394127116,0.04967507472412867,0.0500010831915155,0.05619643835210607,0.08249832862832014,0.04755133978870688
39,579,0,0.007233772574885866,0.0062588160912486045,0.00896163836298699,0.0042715328585568825,0.004653029139556124,0.014745387725911751
39,593,0,0.0024043499134328333,0.0031522184898702035,0.0029926020923547914,0.003018228065067146,0.009777049908169966,0.016305602555994447
39,608,0,0.016430434856797883,0.019390239316112393,0.0278097106507083,0.008572479955808123,0.045645993227105254,0.3190705694211283
39,615,0,0.057215825120926704,0.11633594133244073,0.05872082185761616,0.5275371889499019,0.04775171843521095,0.11368546916583658
39,640,0,0.024866867906956747,0.01657946375241603,0.011922510341057069,0.006435347822254022,0.2661948516956625,0.3682944025614539
39,641,1,0.36738919860967956,0.4672458144650203,0.5402692859882765,0.3590788128248491,0.6668131791924483,0.7038770862113768
39,646,0,0.09930490419360367,0.16037329133667202,0.06859042105833105,0.10394164821423121,0.10864586344201621,0.14192177717247273
39,674,0,0.8484538059473198,0.7773190374215903,0.7481295905037946,0.6896488991489673,0.5090859278140236,0.763637960695609
39,678,0,0.0016083475262586118,0.0006534921051262708,0.0011156062702063784,0.0005696914587314056,0.0008014991765709109,0.0018574038057450498
39,692,0,0.4755334696398397,0.3703991858875054,0.2814012476058169,0.31541833556990834,0.5392756291197107,0.35277046209808616
39,695,0,0.2225974842520257,0.13411629636488145,0.09039582211416326,0.16248712540566473,0.5746964993632718,0.5294533873399068
39,710,0,0.010235043478505268,0.007576034081310702,0.011072036621996168,0.008205552181759586,0.050141322128746016,0.12125743097037485
39,715,0,0.2951707129330592,0.23656607962646323,0.2783322577710406,0.0453814387435503,0.15055962537925038,0.24660457449277717
39,725,0,0.0623858215614785,0.014707765996713444,0.06501352992840573,0.03578067694331764,0.25069031321537266,0.26195109063707867
39,729,0,0.03850745646663778,0.013941708195546491,0.01888014564222711,0.013784407042427041,0.06684709436440614,0.18226705733297716
39,765,0,0.0004351749867730851,0.000279160608962509,0.00025036285225061764,0.00025472064582494517,0.00030044805733042706,0.0020778300629833574
39,774,0,0.7810014086387583,0.8771282147092132,0.8379458252652453,0.634805005024769,0.7293302540318276,0.7274305353876885
39,787,0,0.0004476646154094068,0.000279160608962509,0.00036261651770188875,0.00030410964035995294,0.0009087394757678027,0.0016859695137666033
39,800,0,0.0033233413341204544,0.0014886705963162146,0.012616140380007397,0.008193008033816496,0.0383736467340005,0.15589895002721738
39,815,0,0.0015563521839305411,0.001895777004008304,0.002534768794807076,0.0013371392824111771,0.014945927937211853,0.055465094032977405
39,844,0,0.9008399662164223,0.8843663261418655,0.8508643566022482,0.8623321815887461,0.6131968939179163,0.560223426456086
39,849,0,0.873217439265403,0.756097542478873,0.7584218515756914,0.7936332857984996,0.6613220126054696,0.6502309569179477
39,858,0,0.16103795675644314,0.10018756785725494,0.13758298343084982,0.021964335132027085,0.24352399751478185,0.12468526804975495
39,859,0,0.04619674223812534,0.052153423288070815,0.041753088363161675,0.014202351548937247,0.037578870520704355,0.23203442473481575
39,861,0,0.5510404567430244,0.33171213531423605,0.2525824732729947,0.07263990495782718,0.11340726451746631,0.12969063777791445
39,866,0,0.014112391514681175,0.005083318273981486,0.015393070393743385,0.015238959394045203,0.05231401073355386,0.473769169150024
39,868,0,0.5038053635228887,0.7635958110679867,0.7855348989022238,0.6749873797991206,0.549341007108831,0.20351607208010405
39,889,0,0.45476480506248174,0.3026311089870609,0.271596830360652,0.4507579266343819,0.5113177981684716,0.3265594409298693
39,895,0,0.009423839458325261,0.00739225510546039,0.004237435116955477,0.004109557733127773,0.013255676941047085,0.048640572641636265
39,903,0,0.17067876210457347,0.12259237203956048,0.16643518524241122,0.2317555258863148,0.12975414952021827,0.06384374546664737
39,913,0,0.003244605721761898,0.0017512829635200557,0.002861219188923008,0.005571160600539504,0.016768390730843186,0.026260523730673467
39,943,0,0.012317561057235813,0.012802433607288038,0.021663034920228592,0.015282721175522854,0.16829554637812796,0.3630504322531558
39,980,0,0.009138725577466353,0.01048791115167997,0.005448480439098453,0.015973024079718644,0.013646227094164175,0.02243996360225875
39,1012,0,0.3947339885443018,0.48985340209314765,0.535697906915001,0.4068693438525239,0.40584533868633643,0.29812921653091623
39,1020,0,0.03522720044360153,0.0327227920843557,0.01507284834746237,0.019850925361155437,0.25068619063348835,0.23656709753080604
39,1023,0,0.44933058597381864,0.367487105172965,0.309891093275513,0.23138736714874072,0.18727396857638745,0.32590490553370977
39,1031,0,0.7289120084866777,0.6181888315581716,0.7711677001853632,0.7467091227161485,0.7704357123986331,0.5502510822115405
39,1039,0,0.2798575498277001,0.4454953967054824,0.18281005568878173,0.08800249029735549,0.0868577905075504,0.1569584761772131
39,1057,0,0.0038257498143696575,0.002908930476009912,0.005756615505380944,0.005284826034075054,0.010794724320568334,0.048713059238115995
39,1065,0,0.00466579703582075,0.004499812753810019,0.0067501667307518715,0.005396381372485187,0.113641698922771,0.11438096601585437
39,1070,0,0.2659563653064648,0.21916537496162128,0.29643264156854865,0.03156634812309554,0.13326308196594974,0.21525321647324192
39,1083,0,0.5131683534998775,0.38293200727301596,0.5830600827041199,0.7151708512340496,0.07885555275754488,0.1461169146150253
39,1091,0,0.010783267325958,0.005463747433686008,0.008171193410200029,0.004049897889054256,0.0101062692448922,0.025699602957519014
39,1094,0,0.4018588951643105,0.2732399045688281,0.3247767036471089,0.3960784140323393,0.4177239063611413,0.5263463364009761
39,1104,0,0.24663508995784134,0.4186291823221242,0.27541149318336355,0.2946884583921624,0.08548911385142718,0.15001269582613694
39,1135,0,0.04538093613753817,0.05425157424650877,0.09997081246621958,0.010717812974327562,0.034379500518027316,0.021867488599284966
39,1138,0,0.8175595145234096,0.8203982358641254,0.8504051230788654,0.7940193778546034,0.8000755615552989,0.7457223979962566
39,1151,0,0.03405289978279476,0.01999427551657308,0.03301720035460201,0.01510958406825171,0.2934508318052845,0.19326121701784083
39,1157,0,0.03371256951355892,0.09297983125642227,0.032921271314660897,0.039221479263377775,0.008684872744173037,0.0032583504201186453
39,1159,0,0.2946933347330693,0.32446817806750633,0.261555146279841,0.309820667015467,0.5365810963581255,0.37917961352331025
39,1165,0,0.0004476646154094068,0.000279160608962509,0.0004206793577619004,0.000277688114456128,0.0007814165896029399,0.0015441051245935122
39,1192,0,0.7363647871074811,0.8227927564081398,0.8203387024229932,0.8864670842112655,0.6858573615266945,0.83527948792365
39,1201,0,0.17501612413306844,0.01312347237623496,0.14974435404721811,0.22185655550726166,0.12743572440589424,0.266302664027427
39,1217,1,0.9056149993468364,0.9055449888619136,0.8974444444381047,0.8304035327262468,0.8456179819978145,0.8931564242301401
39,1224,0,0.02184809196726967,0.009212683952894431,0.02398864105132696,0.0067832426913251595,0.018675833276024054,0.17858778838046432
39,1248,0,0.034251813879177584,0.022697897201565554,0.038609218334528426,0.05786098674671195,0.1596195638431793,0.12216942031004867
39,1252,0,0.7431338866803497,0.7211095828556626,0.6760609528427877,0.6108204328189458,0.6503711996302124,0.5236433668015361
39,1253,0,0.0033816695439223476,0.004275782581270456,0.0048620786767530535,0.003259305619965138,0.07543908993499555,0.1505406965861165
39,1258,0,0.0013490458239579532,0.003436177848330874,0.0026601409058253107,0.0025085335256480653,0.016111238158413477,0.013215015976902144
39,1262,0,0.18147416834073998,0.14647158030757806,0.0863017253277379,0.18724776861366652,0.14005315899087029,0.4951997643436531
39,1274,0,0.007894273377942906,0.007164237410364986,0.007898123835588921,0.004446712058105182,0.03518366368982826,0.023883424220782552
39,1288,0,0.045590477327057934,0.12547375875570713,0.07103727681491472,0.04328058084085552,0.0451821419329154,0.19390352414152054
39,1315,0,0.1317654339406194,0.15169375169318017,0.11300603112625031,0.06100256073529845,0.5737391530289361,0.6101489948629121
39,1316,0,0.8042075329440996,0.8336885452416013,0.791628757188057,0.7554633128019808,0.8426649082056479,0.7790074597615634
39,1336,0,0.0022629802253701214,0.004139597814727652,0.005003959519353552,0.0035325971399581555,0.0706990890963267,0.19431709625011484
39,1354,0,0.07352671732989972,0.11649583931819657,0.09001804967837475,0.015839773924010415,0.2171972164087883,0.15897736898012274
39,1362,0,0.0007213010050935998,0.002283953187229864,0.002589998950617658,0.0015736700454899342,0.0061347568582202534,0.07002021490196705
39,1366,0,0.23484787486576808,0.10456710821600051,0.22963933653499816,0.042593449073130916,0.19903932090477502,0.3829451748573153
39,1379,0,0.000725262842580331,0.00022854188321555724,0.0004701969552203893,0.0003330328282557883,0.0005950303799344639,0.0021159037463622196
39,1382,0,0.31806436027880075,0.4431178865241293,0.33428315693659644,0.19024303533633674,0.2611607319284791,0.1527364546724568
39,1385,0,0.005234443597778032,0.002414747168318541,0.003029401775287205,0.003704591253406573,0.008406266290393042,0.008018146172968416
39,1390,0,0.18475452202280687,0.052049856681768675,0.02270282494253844,0.013453616980738436,0.07203021927782782,0.03584526424095721
39,1391,0,0.0451250526472969,0.012219400484444745,0.026128856014629068,0.023072203076275836,0.12485986765215086,0.5171989868445542
39,1394,0,0.014773068440460172,0.014362590140279618,0.006070720204721481,0.004485974077335905,0.08804320555579973,0.08002711768535833
39,1396,0,0.004663091423431961,0.005641013683171574,0.005856219843880306,0.00679332401930655,0.018308413549892842,0.022709114048565113
39,1407,0,0.000348478549168628,0.00023393427599882654,0.0002509311093206775,0.0002763582087576979,0.0003512283988120525,0.0024079448415454804
39,1409,0,0.004991539397946154,0.010189428367453254,0.01285403361695074,0.015828728913046045,0.01511094731767686,0.13909654438197636
39,1415,0,0.28993199896651456,0.0346905022521798,0.21113294045120548,0.14637310653361738,0.25028370319066456,0.11357449941997401
39,1431,0,0.5350657229508669,0.41893171716451777,0.6701027121861515,0.7029889205309485,0.7006452165042041,0.670770693195269
39,1439,0,0.05857811040231549,0.026792489985361292,0.12728497870556385,0.07125061171249818,0.09115149026768969,0.48395427815538894
39,1447,0,0.0023819270569318085,0.002118000366101814,0.003138353576038349,0.002654331410620575,0.007982099792278406,0.007092182976602471
39,1458,0,0.19849082784239971,0.07554762357661768,0.1424218958960808,0.1237376167910937,0.1457969759024437,0.3026874128229585
39,1464,0,0.7568914268533681,0.7615452989624604,0.7148164213279409,0.7485252034381823,0.7637313801590618,0.7590467702224186
39,1470,0,0.009748361765940764,0.00677350554642055,0.00865144185116488,0.008509730618411829,0.01742011535589492,0.13053065808355885
39,1481,0,0.0012609559070335047,0.0014804444492546507,0.0012083901730690944,0.002709320450907497,0.019394329429840807,0.016661702150291502
39,1483,0,0.4490563648617559,0.1581675646279912,0.17114111255871126,0.052921709163992324,0.13222740795647134,0.12869203427593973
39,1494,0,0.0010568156258200657,0.0021460073989560922,0.0014311180090400071,0.0029600514330782915,0.008427146719052524,0.05964693479746703
39,1519,0,0.023846188465531507,0.02001698922178593,0.014809207675774327,0.017807825694417138,0.01937513252547255,0.046817482250897054
39,1524,0,0.44652642593114494,0.699168298557443,0.38089648347284044,0.36328000913742275,0.5588088792009458,0.7559298659821037
39,1531,0,0.40202551646338114,0.4508199378799624,0.4219804286094874,0.716708618616742,0.6387543602346278,0.5013895071721748
39,1552,0,0.004957584655181878,0.005820443104203558,0.005142977612137253,0.010980131129963941,0.020242488405173138,0.037572331216009974
39,1557,0,0.0055172207337181945,0.0036937210060181422,0.006658010168739971,0.0036621436550751552,0.009621987174641971,0.02033425896809156
39,1572,0,0.726564104553395,0.7940583383896895,0.6971084000613332,0.5974783098502389,0.7563955471132373,0.8219340860533844
39,1614,0,0.0005884037890994203,0.00026528686370064306,0.0004196680889752556,0.00028227093752002173,0.0007106723008423347,0.0017014701321662756
39,1624,0,0.015871573618642724,0.009854678595067948,0.004370671103682591,0.006039577975941257,0.010803392049390691,0.027504986895915434
39,1632,0,0.018869177115263,0.003046828623339212,0.010357890731123795,0.010044456717137011,0.0627484516430077,0.09168988068054348
39,1635,0,0.42495306208466554,0.5131638037022527,0.41083034857946127,0.1939727394853703,0.5828353890341677,0.6946133126116456
39,1643,0,0.0019470866665493136,0.0015846730968911672,0.0025332461714937487,0.0035891660123681694,0.012054891146321823,0.16943101200610985
39,1649,0,0.39067428950585026,0.5496246998622961,0.32474746671432747,0.3581760309926612,0.050779187451524335,0.10509318725958737
39,1663,0,0.021937904546295597,0.01825810475882128,0.009544922544580935,0.009545225912755665,0.27342797285392667,0.403789182454842
39,1681,1,0.6949293606825949,0.547675189353651,0.47996103180675165,0.5206184913599012,0.78737207877659,0.8824401054547621
39,1683,0,0.08001262516052136,0.05969712418461789,0.12815728602712873,0.14669387537923845,0.08850183942086468,0.23127902733552821
39,1695,0,0.8623176852871546,0.8633393173286511,0.8365464836372152,0.8143270311041315,0.46935877825847494,0.5535608639474409
39,1697,0,0.3720602452633026,0.24686150767706436,0.49134498533900883,0.18091478414350115,0.2883462647220542,0.669747895325106
39,1749,0,0.7478827911558849,0.562285711791741,0.6831593968922469,0.5155882740697801,0.1874432239269658,0.2070106626578536
39,1762,0,0.008958700504243064,0.00502640489489218,0.006022452683721922,0.0059484997678320006,0.01810075591632283,0.06478507984921823
39,1768,0,0.15526325845007663,0.08430158142147379,0.2420838959103744,0.020947732097149497,0.185786037559845,0.06579212547292818
39,1781,0,0.08892642580571115,0.05409915846182847,0.058621757096455215,0.045234210740551714,0.3118360648376204,0.15958901112351628
39,1793,0,0.1067435019951073,0.17086614139808623,0.07073700224866485,0.07971756034459296,0.3629974161591397,0.4959308848932001
39,1798,0,0.6130119338904518,0.696278475851647,0.5434491635274568,0.5191709122306244,0.6016325042015329,0.31749018955285263
39,1804,0,0.002939482408667598,0.0032273199602565372,0.003928670808676811,0.0026349867540844227,0.04465163719885061,0.01651325703151935
39,1818,0,0.05794198320964013,0.035954317079957464,0.015000177231133342,0.005255305466654426,0.04819339797542458,0.11053390352622539
39,1819,0,0.4251558685143476,0.11837091136676177,0.3212428673515868,0.207035707385628,0.18447675727570517,0.29933459965560394
39,1820,0,0.17634555985675762,0.35553541295022656,0.24952107871261955,0.19157850147331862,0.3411355721628246,0.2692213779116772
39,1821,0,0.019653652752214163,0.019005015335873544,0.017778323106147447,0.09049941697153206,0.009549183080084069,0.04080378570346688
39,1830,0,0.7851443413333717,0.8114186294960307,0.724579694499925,0.7536704071176805,0.433946786027836,0.7267373930430119
39,1867,0,0.0004476646154094068,0.000279160608962509,0.0003954518169297836,0.00029211184287847747,0.0012152387851693635,0.0017608475575451848
39,1888,0,0.206325761175675,0.23336913724003067,0.07726583471207352,0.08720207858198284,0.07567996282800343,0.20079296004090533
39,1891,1,0.7863714246185641,0.8165092584113787,0.7437597785315682,0.8127071045078101,0.6953762840785633,0.6619888572014305
39,1922,0,0.0004351749867730851,0.000279160608962509,0.0004206793577619004,0.0003222768708731107,0.0005612483960629017,0.002279574292319932
39,1926,0,0.0995633615272332,0.130575237497263,0.05604141915020581,0.04539069568269393,0.16429795160073948,0.4708257999553381
39,1952,0,0.019105776848635292,0.004417422298884752,0.007330017237637845,0.006379950987656414,0.022475485857402798,0.030554086790539364
39,1968,0,0.3671162825685495,0.4560189750437787,0.5193605456323609,0.2495278093900879,0.22973358746768485,0.33711318663263373
39,1969,0,0.19708513576057668,0.40816144131488075,0.1430071437401993,0.2048943111703269,0.1646784473288505,0.40453789236022425
39,1982,0,0.0887244344046734,0.055557704237167035,0.07303879865507552,0.04339969681641247,0.20593947994952627,0.17960520495301197
39,1983,0,0.08199392658870762,0.034835633987709745,0.025377437226310744,0.004612648976078709,0.034922406837122354,0.037579537313348364
39,1997,1,0.8250789243943476,0.8592574396103883,0.8890341542201169,0.8319913371529178,0.8018704588092035,0.8601221263232588
39,2002,0,0.20353359943137742,0.039723243880912494,0.09646931145040107,0.07564845126837118,0.13817249969252612,0.49016941079178933
39,2011,0,0.0008754927231751475,0.0011800389665317006,0.002793298694568884,0.0028147176678001247,0.015953410029937252,0.055437584805188296
39,2029,0,0.1303218278183218,0.05042590831915259,0.03013090721296079,0.021584507028287493,0.07530450203940292,0.16783895989601777
39,2054,0,0.0022473149758493413,0.0026953896355515162,0.0017590721748528598,0.001909496878063791,0.015650339117071282,0.006955817631740057
39,2067,0,0.0035023414471109285,0.0022393401482441733,0.004633025083932472,0.002775553513475979,0.010774823775159155,0.017411041533604343
39,2072,0,0.12275029553874586,0.16154500147023138,0.35907191747936384,0.3955185873393396,0.6295195514167135,0.44151446398841376
39,2088,0,0.34871163722856874,0.6212731584003801,0.15125035464548967,0.4347621632250698,0.03737700912649154,0.09039032626704738
39,2122,0,0.6095865540323534,0.3634781558524073,0.3665560733313855,0.1659507143305974,0.09356659128460051,0.7171367059560196
39,2127,0,0.0020955501265863827,0.0019045348161028514,0.003415870579318117,0.00308781862670084,0.00682807362595905,0.0073601944649658935
39,2145,0,0.005398706592436882,0.004692321987224642,0.003202079473932544,0.002580424653065597,0.03210555263902186,0.018226290075969133
39,2174,0,0.000348478549168628,0.00023393427599882654,0.0002509311093206775,0.0002940484435392312,0.0003336492031378515,0.0021992698311703615
39,2186,0,0.054608343554357876,0.033922901853183675,0.018687690313623558,0.006681511750951637,0.007835196852720203,0.03809018289070556
39,2203,0,0.3247401466233333,0.3452112316513521,0.23118165658994597,0.3583898909147505,0.5300161661421042,0.5787877472350084
39,2212,0,0.4732404710793379,0.38027531921965246,0.42141453937569057,0.48282885990553653,0.4461789147329174,0.4700299615968714
39,2216,0,0.09823641560737364,0.050262156353394406,0.14036878034026118,0.013487873974264207,0.03106989855385329,0.038832526318869735
39,2235,0,0.011488248252338174,0.011622652793864808,0.01661514797006821,0.01078727634122141,0.025326666418104014,0.10568666474650483
39,2272,0,0.00933307506116716,0.009033157686705573,0.0053044865171778,0.009042952695321023,0.19218833294075607,0.10812927751707153
39,2316,0,0.005618900513013073,0.007006616188853322,0.003670345998511863,0.006651489003455422,0.009516715100473328,0.021363362739542494
39,2329,0,0.6849345002367156,0.5918687825980607,0.6695889566227281,0.6374409120810929,0.48186625344035605,0.3833222469430033
39,2341,0,0.088425140274815,0.06403901450875046,0.018707259000473247,0.01653795169256922,0.054360758880864064,0.02238515486167172
39,2347,0,0.005588269935234672,0.001625035780777666,0.009724555004095102,0.014517651107009675,0.03669940883080732,0.16193331466180585
39,2368,0,0.21839305221431488,0.34028076734871915,0.2369601387963173,0.09304466950489568,0.49573835080108786,0.4616864759800954
39,2379,0,0.000906951179507773,0.0014831524198057136,0.0016853288975475292,0.0026985550197579406,0.006450600547010342,0.04913914106306987
39,2388,0,0.05272640175772624,0.050209860761902876,0.11322788804881409,0.033768469953238206,0.07443263934901653,0.23322238481640176
39,2417,1,0.853952130853902,0.8651033390102048,0.7898338286043678,0.8298824804622432,0.8510898473516281,0.49149826537249913
39,2427,0,0.08569364037388714,0.10318692875723502,0.03001302048735861,0.012449708556536605,0.005563314968290262,0.051889714135512265
39,2442,0,0.14546861784655288,0.11024239398212418,0.05841478235362269,0.2816506866337076,0.34668988733520745,0.6370471185179531
39,2446,0,0.01446676884888274,0.0268929114153968,0.022939291471198615,0.008524553938985227,0.05294627511964892,0.029797178247280943
39,2449,0,0.00857815080092095,0.006232397094643401,0.00753160408063342,0.0016773459852702413,0.0055054000097381735,0.06617364226957465
39,2460,0,0.3695814629067095,0.3380967263167743,0.4830481936633198,0.2505133074459812,0.0743770362795934,0.3685794662974406
39,2486,1,0.8578263832865841,0.8569091226642472,0.8291255011835498,0.8577567859734546,0.7382726983907569,0.5905638730057449
39,2511,0,0.014302196224031536,0.008708381995602615,0.013646954624489477,0.012516522616354863,0.061563055777180124,0.22760655439748967
39,2512,0,0.27450156716934515,0.2787965434132655,0.131499797014845,0.10803530688820483,0.5369362968797183,0.36720475607329006
39,2527,0,0.0655205351801913,0.1930523823698286,0.12615408445365672,0.13703289528422674,0.4544318421619002,0.23353784138660189
39,2529,0,0.8608994526980293,0.8182604273952944,0.8996947298305721,0.8480863681465649,0.7731338146881692,0.5841904365433314
39,2533,0,0.27492992438757125,0.45221738750811913,0.40967376985601867,0.2666300186920893,0.14095533453632642,0.17218807448852713
39,2535,0,0.00207469188213659,0.00396582351332587,0.0035883166255165216,0.006416615832248231,0.01944349551155184,0.017183866904971944
39,2557,0,0.8279530503419842,0.873439052093999,0.8621448776931677,0.8677499429395735,0.683604712724223,0.5562707226338449
39,2563,1,0.50447428484084,0.5060109723234261,0.5615496134761987,0.26768253247903495,0.5855913800175245,0.7171577151541119
39,2601,0,0.11114831535333271,0.044099305490103345,0.20913780924683628,0.21514363932667194,0.15053825718032665,0.31251394831768364
39,2607,0,0.004951417245034935,0.009231522194968936,0.00914667881703583,0.003553417094609628,0.06017530185702774,0.09188964356159085
39,2612,0,0.1685550463773759,0.1381252802596964,0.11663036298030972,0.13185754236675654,0.17538106203829187,0.0968924286631172
39,2636,0,0.003383301262131563,0.002825568264467654,0.009119733561532593,0.005374578275010154,0.01209560588835251,0.061184668888977264
39,2637,0,0.012400661732595778,0.010082198535160652,0.011312197272453878,0.010330519176757032,0.02651599557017591,0.04162596814323355
39,2638,0,0.0004711951910142493,0.00022230769267420043,0.00025987951896240655,0.00029245730622904997,0.000354691091730253,0.0019209643504861469
39,2648,0,0.017395542791371944,0.019662543816470195,0.010585752667438747,0.0055239332485166005,0.020246086403424964,0.06771711795749796
39,2669,0,0.17074104946113244,0.10515682823833708,0.11239224065454476,0.1437434010329818,0.35681572194180194,0.388971969398661
39,2672,0,0.01645391854830767,0.013443568734717302,0.032909967067195935,0.0039862367855845555,0.020367613528765486,0.02050406336170471
39,2677,0,0.04365009073283756,0.026140854747398336,0.044226129663027657,0.016054651638462286,0.3133611569648731,0.24431041092293254
39,2695,0,0.035343450962713366,0.014553040478192496,0.059888812889664356,0.007805880094169964,0.19300770113232896,0.19175512468531583
39,2710,0,0.0030735443386061055,0.004084215306768289,0.007221065685169018,0.005141622032930281,0.05392257495673345,0.05676924371265525
39,2719,0,0.001334460055810683,0.002548227479588766,0.0019340421043384402,0.0013091932877598261,0.009574694736836146,0.07575853840474728
39,2734,0,0.006936820655198373,0.005896078058413502,0.007406936553879933,0.007528211494396414,0.02293384398341165,0.2563778276826741
39,2739,0,0.7284327303963827,0.7501774740344926,0.6607526270358071,0.555340809336351,0.5370136636143842,0.6356813355589004
39,2742,1,0.8179670305781294,0.7524502119496541,0.871512110335309,0.8463143329895211,0.7819336749751132,0.7049919317771506
39,2748,0,0.0029439886832169646,0.009724368073614618,0.014499981849260275,0.01116273077723294,0.024954725879778653,0.012142355099847605
39,2750,0,0.5068858346201285,0.12266341356575315,0.1972847559686019,0.2965109124638204,0.35501355362372367,0.2015541066259528
39,2786,0,0.5929812621263523,0.5124323568250638,0.693738876410409,0.6592007860246368,0.29748539381349676,0.44499586209069475
39,2789,0,0.04006836133774057,0.027547375332577742,0.14914897384127224,0.04278258175876399,0.321979581183955,0.18802633960965587
39,2794,0,0.0520098321540309,0.050644279088070836,0.052665136523997826,0.03124713071615111,0.2279636035433201,0.04845257907412613
39,2826,1,0.49705227403187724,0.6321770173988681,0.4940726830057718,0.3671159157642774,0.45590096324553775,0.3519047038245318
39,2834,0,0.7995136846920211,0.7169922882916749,0.7241360804950107,0.6758857501250668,0.7330488066434785,0.7339602907238035
39,2846,0,0.5948029416657787,0.6052970014227304,0.34233691460243654,0.5772615286447439,0.7147101237930816,0.5624698840828598
39,2869,0,0.308103710285303,0.29651272859023464,0.27773474403053033,0.09807370057959666,0.5992266370252901,0.6196640587931728
39,2879,0,0.10205133385444648,0.069037625798569,0.12459855706452122,0.16005270989910816,0.3747882563007027,0.3835905509373001
39,2890,0,0.7330858625672035,0.7043743734591584,0.5372259897594451,0.4783728011405723,0.6821449648021017,0.6676751180703403
39,2893,0,0.033920764166415894,0.012485503116110278,0.020504232077163568,0.005772429126345701,0.014335252385620717,0.09033334294463968
39,2896,0,0.005814470710714327,0.004034736205565505,0.013144211867672801,0.0035994070431435046,0.025788726938159617,0.11339486608872147
39,2927,0,0.15624304730216834,0.035064956024079594,0.07144019565616548,0.05432393351927406,0.17142699997628985,0.4407581525536314
39,2942,0,0.0036062244770016226,0.0038420613641825057,0.005001901843939982,0.0037576654140445307,0.0016872706620178232,0.05608141550558776
39,2944,0,0.02799534876824222,0.018609777687256905,0.03259171111203379,0.004070927913766323,0.16697918854052052,0.19975981001439122
39,2949,1,0.6246330295139241,0.6881408255697388,0.5807032484191695,0.7823525565932172,0.4474112012226394,0.40774875867164795
39,2960,0,0.0007025784873024031,0.0002151113208807071,0.00034910565393677593,0.0003191985966692211,0.0005324614019143948,0.0026869547506341387
39,2975,0,0.00992732478283779,0.005287042182207998,0.024396757308978268,0.00909089382829348,0.3675876833123053,0.101144992486135
39,2995,0,0.35295379930526766,0.6635576072835974,0.2281327474023792,0.2785389675752973,0.4171294032708691,0.5126002332128743
39,3011,0,0.0004476646154094068,0.000279160608962509,0.00025036285225061764,0.0002789574680721584,0.0005274823840484259,0.0020778300629833574
39,3022,0,0.0007738644349086228,0.00033628680970666417,0.0005469137554445868,0.0003710936282554025,0.0006901420506052691,0.001617387857632719
39,3031,0,0.007688919428110813,0.005250581986705096,0.015591669184595768,0.0080223720881246,0.013891984890836167,0.022629715566769373
39,3035,0,0.22119909060827048,0.07233186481374992,0.28657791072200023,0.18909819818199536,0.506576626456938,0.5501200215289253
39,3036,1,0.8342921541595061,0.8624432835438427,0.8880865521683403,0.8290966448102192,0.24846288588137047,0.20986872041580987
39,3047,0,0.002893204485891784,0.00392471720150216,0.005448290833332138,0.0013760495723659579,0.010821129364023482,0.021806362038516835
39,3067,0,0.0008646654796372481,0.0007455476914869961,0.0014344753711165834,0.0015445456465202016,0.023902749798458085,0.012631138578940567
39,3070,0,0.3478103980448272,0.3642671540075304,0.3884546049278568,0.4084437850858395,0.40718169544707805,0.4087446742227744
39,3081,0,0.002742003246446536,0.0034667407501885734,0.0020367255072100163,0.003069379198221629,0.00844563227604339,0.02202051395979123
39,3085,0,0.7119021534825478,0.6883470631003267,0.5849836218078411,0.2763976547250094,0.3789353192230346,0.6121706004112633
39,3093,0,0.060246713156790324,0.024577823602047612,0.02894458428730407,0.029304940225994506,0.16274302929504245,0.5863532162016576
39,3105,0,0.03668441890797753,0.03784637512763239,0.07201669086087613,0.032074748494382535,0.050981190398967244,0.13566298083699735
39,3131,0,0.007772793001104484,0.006504652853833021,0.003468789168423909,0.0071234291514710914,0.011191005705782901,0.027613100434321712
39,3151,0,0.022521187906077742,0.01548082321847311,0.01689425247917308,0.004586284293659142,0.023265688802206606,0.03529900172815507
39,3160,0,0.034727174446485466,0.05981003182976759,0.031015543316665933,0.044145514521997636,0.52382771667581,0.26962247596557193
39,3168,1,0.8707028290644293,0.8543917051067428,0.7922017513120128,0.8299800539375478,0.7368716088111998,0.6704794127491434
39,3171,0,0.021967479919559135,0.008389685863006828,0.03067775912236448,0.04194845227044801,0.39948757830099524,0.5658451629037787
39,3177,0,0.021488733996746213,0.07259403513216621,0.033300468781476515,0.02682464536917252,0.10943159095378925,0.3161795790193822
39,3196,0,0.029876491281991553,0.026214410461116576,0.02357670880899194,0.017390656145510174,0.03967170586053695,0.06806014563070241
39,3218,0,0.007655241590445031,0.0022674290488454638,0.004481277359025649,0.003620765823976575,0.011338211834056155,0.03166170822160186
39,3231,1,0.594972957397255,0.7763434638844711,0.6491994025077447,0.8729894882581668,0.665598067476088,0.5286969413724927
39,3232,0,0.3643328466748957,0.3251894883416203,0.3907330151688297,0.08232570856508852,0.6086573662320357,0.6792974493620828
39,3235,1,0.8339787414842018,0.8692819486489743,0.6954716230113734,0.7152555278526609,0.09072880834862602,0.3566026603724297
39,3239,0,0.2364207036438089,0.1824518831476412,0.11243446619398012,0.04033349323319224,0.11092508238546636,0.10615758363525442
39,3261,0,0.0020837264651283817,0.007033428587686107,0.006332949111870827,0.011689041350745773,0.008555228702198974,0.07055188756410166
39,3265,0,0.7722697457388008,0.7510944334973542,0.7860227092373587,0.7983613413422177,0.6522529070410328,0.5492151833890588
39,3283,0,0.24501843100547976,0.27577042979792404,0.44858182845523176,0.4074930079824711,0.15062016929284666,0.23438491914049128
39,3314,1,0.709922896133213,0.6684111521373228,0.766592988728006,0.6238575721624539,0.8282791430527231,0.7590046140669925
39,3316,0,0.004841422919940753,0.0019948524148671208,0.006957225992106323,0.004809366519121527,0.025438950638454354,0.024525522654384745
39,3339,0,0.19963129971004803,0.10438221770391096,0.43788649377605104,0.25267072510009847,0.4976425705142303,0.5857751855585808
39,3361,0,0.0025182914114906525,0.003092994439213319,0.003998418754302,0.001183964296107674,0.03244947766467632,0.018728253288092873
39,3377,0,0.04415316202946905,0.015392168682389677,0.02949458509857664,0.0240142026186816,0.036484590114660355,0.0852708649991641
39,3389,0,0.34653696070267437,0.23630962667354016,0.26788703056285457,0.5438413380260952,0.22543640937081855,0.776997889688453
39,3403,0,0.23692108901518932,0.1029558434794739,0.20855944635017068,0.024697966950063197,0.10268264513608533,0.1476135796923472
39,3410,0,0.0010010011874259218,0.001302721587720402,0.002578011879487025,0.004252825238966367,0.04275219937081639,0.035242987582013545
39,3411,0,0.008990958975225782,0.0076504546703013866,0.022107251373071932,0.033492653315306924,0.03636855887101578,0.5364272802495397
39,3418,0,0.03687769594687847,0.0036175433386741703,0.011126154059118416,0.01682265160951027,0.0079247245299157,0.028622790337373475
39,3421,0,0.008525374508363333,0.004925809251032689,0.004949444994182069,0.008115075217827816,0.31100070590559065,0.44199779743033374
39,3422,0,0.6262574472737348,0.4046011594210328,0.5075127026914695,0.835769273977158,0.5895931370056477,0.3023058215227237
39,3427,1,0.7206744596690164,0.6096392736572134,0.42241543986074304,0.4484533503288697,0.5736578007616298,0.2179443751536278
39,3432,0,0.1712706131950896,0.26602944115247723,0.3114335035066379,0.15706081504839256,0.46452260575154086,0.8339759174924983
39,3478,0,0.4216911954979962,0.4429637111160064,0.3609095615418586,0.4018740822040622,0.6519512820037678,0.7373706242927971
39,3510,0,0.004261827490922863,0.004932476190049834,0.003400625209437877,0.00213292433997056,0.01603159836985662,0.12332407947340526
39,3545,0,0.02571249035699336,0.02208220392828377,0.017241803327980212,0.017549421625441146,0.051460501631363766,0.13551245516747215
39,3549,0,0.11403101541180455,0.11381662743284286,0.34168336979336705,0.16100294993050115,0.5148970087704111,0.4319839023432975
39,3550,0,0.0003584808611890143,0.00021308357559475543,0.0002477155372281436,0.00032172415683307166,0.000654797287034542,0.0012215469832627765
39,3554,0,0.17816573403024127,0.34842485081933666,0.06401184729298377,0.10087389113345582,0.3854284614086031,0.33293792320982885
39,3560,0,0.15720322738235254,0.12907724000575946,0.1232114089666686,0.16789208029573882,0.4960197102391866,0.29588526170493573
39,3571,0,0.2537012761241112,0.2562975615428378,0.14532278366184345,0.3237125957695519,0.6837468902560107,0.7057801962576582
39,3581,0,0.0010577349035239942,0.0013783927313896647,0.0014152210460434934,0.0024557495047083187,0.001534866436955643,0.01292445010213199
39,3588,0,0.0007738644349086228,0.00033628680970666417,0.0005091443014270235,0.00037749262532963643,0.00046091752688616364,0.0016859695137666033
39,3596,0,0.0019680584652584524,0.0026057462610311792,0.002092862716774105,0.0019602380772494477,0.003034689442901953,0.007770003069438029
39,3605,0,0.020038510708758322,0.0747444985578761,0.031574578334961766,0.014199102686008344,0.0167283026622667,0.08665081009539759
39,3615,0,0.002559782048135839,0.001383270460177705,0.007534009049200612,0.00717172550690344,0.07172770536581338,0.07142547136755557
39,3618,0,0.8279764222747462,0.8716302419337321,0.8531602856198931,0.8659968925807185,0.751171345014391,0.7519456456432898
39,3621,0,0.00822721810262444,0.003153674073960784,0.018865580712614582,0.0027250113600601,0.03664621071628961,0.02708665614672986
39,3664,0,0.04460227870261507,0.02291533202942927,0.0370764708836118,0.016481586954421316,0.15326992197467143,0.14161691811985713
39,3678,0,0.015446793329970692,0.004718448569740479,0.009917287626043249,0.008127274322763884,0.03898486573370577,0.08983046648501657
39,3688,1,0.33235941739233343,0.5838666324394893,0.3393165766327155,0.5108928159902035,0.23061661408214748,0.639031690139097
39,3696,0,0.06085385111550023,0.017295169276829645,0.030197874834534826,0.023839969221473422,0.07309143824463149,0.08046087943844955
39,3702,0,0.7723338317889223,0.3370057649298583,0.7121477331795337,0.5566829433706658,0.34646544505346716,0.48034308580365054
39,3706,0,0.7918562635098004,0.7217780859644787,0.7680347644433937,0.7492756912645923,0.5489339902634967,0.6698309542414002
39,3715,0,0.3974244422880645,0.02625063900216845,0.3193524560471959,0.48424553152334454,0.2865055620498881,0.7480078550213539
39,3723,0,0.0024100353622741933,0.0024051446404739986,0.003893748291226111,0.004582801312184065,0.056508381480537447,0.1535577994045005
39,3751,0,0.15341404264290245,0.18303240851364055,0.19612193451412374,0.10727934722214186,0.3742250336213208,0.2530547924425714
39,3759,1,0.9101721147089334,0.9032757969214117,0.8150465072640068,0.8178379656011112,0.8027830000414703,0.7999276834732867
39,3763,0,0.04450131933474931,0.036496918993677296,0.04170809976937593,0.007746353075311828,0.07331984808789965,0.10187327688692642
39,3778,0,0.026200993914583463,0.016698755978888504,0.04955771424518099,0.07654354059232497,0.07174367916901375,0.44474826876970475
39,3783,0,0.0036912538902397762,0.003946369689625188,0.006062816385110466,0.005511386764459822,0.016851565842580477,0.14412792402050753
39,3785,0,0.0003584808611890143,0.00021308357559475543,0.00026747379744593655,0.0002789025016722049,0.0006463392915577809,0.0013201569356680307
39,3809,0,0.0019719961085227587,0.004556745634792763,0.0036698950372117964,0.0034148680895067863,0.004589013844124604,0.01796270054160336
39,3841,0,0.0007738644349086228,0.00033628680970666417,0.0005469137554445868,0.0003710936282554025,0.0004913818233985422,0.0020431191580963055
39,3847,1,0.9426264527384282,0.9466629362496007,0.8900623855322453,0.7961224072355474,0.8076310350025514,0.6144736713682285
39,3869,0,0.004989873540238312,0.006322719293519761,0.004474519532072383,0.0036587086454794387,0.012462662290354278,0.09045283275927715
39,3890,0,0.0004351749867730851,0.000279160608962509,0.00032576033535448374,0.00028380667081155116,0.00044163887692317384,0.0020358008267276954
39,3895,0,0.4272283462163876,0.10456463171374879,0.2989855002479105,0.23030892984126874,0.13862200514823014,0.09832335059592034
39,3903,0,0.7748950187043969,0.80339868995119,0.7152757649831377,0.6464175212721037,0.7627479712574633,0.7815102726151447
39,3917,0,0.015477920093730347,0.010069795702987591,0.01030520155814477,0.0034152832214352424,0.02709968750924814,0.03069213231329933
39,3941,0,0.567187283236973,0.6568915386933539,0.8107152773058356,0.5712897885966216,0.6966112089068219,0.6651294054852204
39,3948,1,0.7699131219973734,0.7348169411483083,0.9067261825353511,0.79038809212526,0.6510446582915093,0.6831130497229788
39,3968,0,0.027529464198755765,0.02083837522842022,0.009329868255187841,0.003779435018672062,0.020419146998141187,0.022014243965553206
39,3973,0,0.2566024766772748,0.3588437301530365,0.35219881569144973,0.3966832921780273,0.37786088809083584,0.3821357930244006
39,3976,0,0.0023126102248477417,0.0012324189395435717,0.001742206746216101,0.004394536846877706,0.007411185744010034,0.017933980421673074
39,3982,0,0.8580609271370171,0.8171513518047587,0.9166024104562286,0.90871645717997,0.8983970097567094,0.8935311340854138
39,3987,0,0.004687051563776555,0.0013868422136783275,0.003763742416656197,0.0030860160013220644,0.008060580610349656,0.037397841780971566
39,3996,0,0.015231759757279365,0.031994602433659244,0.041924235928204406,0.0066097922369502335,0.018415222454291093,0.06067880505961613
39,4008,0,0.020831999586867836,0.054065460443572924,0.023421405815853214,0.021207659055691594,0.17304733680481935,0.06496285986155076
39,4017,0,0.34913822542581413,0.5622789743684619,0.5456343336423796,0.5055668291582389,0.7036236138464228,0.7792050647434282
39,4029,0,0.0007738644349086228,0.00033628680970666417,0.00043968164104134135,0.00037749262532963643,0.00046091752688616364,0.00168920842542324
39,4071,0,0.19367872815314754,0.11341765446959275,0.22954943157108076,0.0548981130799355,0.08290891179046767,0.10785986916485163
39,4076,0,0.008509015931968613,0.019002880403639556,0.010689138813581545,0.00968524571445584,0.06851575816178905,0.23139117993132496
39,4091,1,0.6941856847395044,0.6653808011222638,0.7397296454292295,0.6888525351529237,0.7122926198668719,0.7722427041103642
39,4108,0,0.033088376332640536,0.014766847367659751,0.008292291007015843,0.0066300152221377764,0.012584905695545793,0.018551206989040215
39,4117,0,0.02509304564450897,0.016821003891453298,0.05683157404459564,0.05721205122731381,0.11875241344686596,0.23983075144320454
39,4131,0,0.7725391623040012,0.7632560314524857,0.8517677743924682,0.5642161866287548,0.763409559567131,0.6779946666310406
39,4146,0,0.0004476646154094068,0.00030206024865032336,0.00035716002116086974,0.00030410964035995294,0.00066131005155472,0.002060111100100758
39,4160,0,0.0023228913851181267,0.0008482618068444812,0.003821017367428407,0.007014690155475073,0.009083703148134616,0.012612787396317823
39,4179,0,0.004990489007823154,0.002165796104912557,0.004173655550902326,0.0027817562620302706,0.020827460350165083,0.03552448308506535
39,4181,0,0.4595306253418932,0.48323033488010564,0.1613446662396425,0.1735745799648181,0.20354743130317263,0.35508977263537483
39,4184,0,0.021221845809819118,0.014773676738699925,0.010995539229233237,0.010991803681472538,0.027557798571676995,0.09672670928002056
39,4220,0,0.0004476646154094068,0.000279160608962509,0.00040521992302154365,0.0003095625579356736,0.0005049565208479797,0.0036163063519828874
39,4225,0,0.1163998757349034,0.0766708751862216,0.07002813262702214,0.047581768041397646,0.2388218873635387,0.2379901899949026
39,4228,0,0.016799457616518864,0.007192084997982471,0.010882959139141961,0.0061272940540188555,0.08656537392534465,0.2665528430367593
39,4236,0,0.051912691408895914,0.16790951854718947,0.2883702592040211,0.06982379881237058,0.24844087266935208,0.4637158149740619
39,4245,0,0.8161952181416874,0.5846592936556765,0.8369903894532257,0.869504046568529,0.7753301939392662,0.47868816248329876
39,4246,0,0.12852213229476878,0.05150947025819122,0.04338491903774467,0.017540034300881257,0.1113667097924161,0.12624030809895348
39,4262,0,0.04037311893964438,0.06229053211627035,0.03322294256924229,0.06653300097062523,0.21225326806716774,0.39431065655770736
39,4295,0,0.6495666912533198,0.6867879961342727,0.5958102212015626,0.30263764413520866,0.20171082156113135,0.15608340794425504
39,4301,0,0.004612712667821232,0.0057614014074788295,0.009396978399633948,0.013042254250889855,0.034204144861468,0.23280226029060036
39,4302,0,0.004206334953904858,0.004280941339553298,0.00649127844617508,0.002890767384898028,0.01622496947171177,0.09271718002636826
39,4317,0,0.008618657373371813,0.013686616678679167,0.007025613945949988,0.011435132207445334,0.011615517403780497,0.02295781067238262
39,4319,0,0.02705881098385362,0.02889140615236844,0.018383848816516765,0.006043679202314434,0.030337740803117134,0.061002068932205215
39,4323,1,0.8330897736760555,0.8301477807139013,0.7579011724414049,0.6861075182002242,0.47607012262542403,0.41685939193646254
39,4331,0,0.006028597805470456,0.00232527073869083,0.004820628879286571,0.0030653331678790145,0.016067184242220856,0.06612672957673933
39,4344,0,0.059082966923116265,0.048253195949231026,0.07567585928392559,0.03750445483208607,0.1438856364869055,0.14041579013356026
39,4367,0,0.119202397384171,0.015260731149953346,0.08513041980509267,0.033034274950230785,0.3739022915994257,0.3703301873669302
39,4383,0,0.0004476646154094068,0.000279160608962509,0.0003381893546587971,0.00029041513792432076,0.0005864511306778827,0.002060111100100758
39,4394,0,0.24280518420348185,0.2303258721423949,0.19708222521467605,0.26912728360072624,0.44505926422870234,0.219030735010279
39,4396,0,0.8097824687275813,0.749305042316871,0.7115888645589131,0.6762303382580753,0.5973425521375907,0.7731729565547473
39,4398,0,0.005553068406831982,0.0074961480847508975,0.003018423972752796,0.0026204362678878546,0.0073198460706903,0.008402480557425252
39,4399,0,0.17883676761073294,0.06467929631995897,0.23228965297768417,0.059106811425200856,0.08674510028736922,0.11328244113620203
39,4422,0,0.00968508436295749,0.025094893813273286,0.028160143687154617,0.040579919013366175,0.07368977925815076,0.09876576098470252
39,4451,0,0.01655194419679231,0.004671872738673017,0.0032035532609738585,0.008972291179514652,0.00486270938683838,0.011510949499891364
39,4473,0,0.7036580335791476,0.4848139864543245,0.6959967234161079,0.4015912942412391,0.6276765556286575,0.6764686404079623
39,4474,0,0.04193588264232405,0.05493537440255436,0.019626388639719133,0.05539458650732368,0.0966285417201873,0.5179791829611619
39,4498,0,0.04134130056531862,0.03074048853367144,0.05526109127661689,0.05654386995211232,0.23237764104503617,0.12108609836344568
39,4534,1,0.8745398580239826,0.8768924041601442,0.8135958826610876,0.7778786762624842,0.5920410182840005,0.8503425171504063
39,4535,0,0.6310873920459393,0.7810218332853678,0.6699148045681643,0.638298463395021,0.6288578806977942,0.7334461806833253
39,4538,0,0.08858462713687777,0.07248522852896848,0.018672006244555117,0.03176797022370255,0.015414443787320972,0.042017117794186605
39,4558,0,0.8499968819890804,0.8642036941547333,0.8218426448924115,0.5639604467381124,0.7917346642791726,0.8407875382167334
39,4567,0,0.8054216775500462,0.7565703497501486,0.7132506550387495,0.7998696514283047,0.41708909061485894,0.512433179611342
39,4573,0,0.817304080790296,0.8246594514216895,0.7897689427047581,0.8440114040487503,0.6471726338192069,0.8231653090544153
39,4574,1,0.8217920754682837,0.7892739890485917,0.8255701653836616,0.8001579008498142,0.7118294116546335,0.6174266334641179
39,4592,0,0.004530957056423227,0.006451575645258309,0.009454443723336337,0.012986681075674637,0.0542853092531208,0.473283768287501
39,4597,0,0.0018772060177869474,0.003762634923343154,0.002368029346316675,0.005359874413122328,0.014263009929421951,0.22124937224818408
39,4628,0,0.29842601505584265,0.2942229882108987,0.3871936472992615,0.3308920389023564,0.5243260476446583,0.3036435036189313
39,4653,0,0.49317239514053396,0.29988642898277457,0.4930762426692157,0.3773994938156567,0.1156560057904885,0.11652702602182871
39,4660,0,0.032897814301067266,0.045390335574269566,0.028797135422168645,0.02823087933943181,0.030461343264432245,0.04171034626817551
39,4678,0,0.0004711951910142493,0.00022230769267420043,0.00025654930635150077,0.00028964559123107836,0.0003419282186881479,0.0015098538812820435
39,4681,0,0.009949247945076935,0.0049789686693926605,0.02123355790875943,0.03314186700248764,0.20183367957081721,0.3393858711606633
39,4683,1,0.8457679760829727,0.8050556012293475,0.7624364764579026,0.8347959764584719,0.7398596333437422,0.5281627295975768
39,4729,0,0.10813999112931905,0.12674497850070787,0.18819106038267697,0.23669062304900376,0.6032454200669332,0.297539842309159
39,4739,1,0.7429320192403391,0.7996896391394237,0.8155919898964373,0.8704526341582683,0.4648401799846317,0.4543389229090294
39,4754,0,0.8330898259856226,0.7799091275178371,0.8133904578533231,0.7712319907615106,0.5535618291714177,0.6778602262478882
39,4760,0,0.01273998499848578,0.021614725713319294,0.022296099414301367,0.0022507717630657407,0.03129092782024479,0.07138972414066384
39,4772,0,0.0032554154734635446,0.001750134563453874,0.006579777745940906,0.0029768981763547064,0.11389578749864572,0.05405956658895306
39,4814,1,0.5269222216833397,0.6437872378677706,0.28607512066381435,0.22937780983636058,0.605924998898332,0.8244629087554121
39,4817,0,0.0008707071897707177,0.001664108399416003,0.0014844922400675902,0.004108044032767307,0.007083754666831627,0.01848955173312037
39,4830,0,0.04844430081529981,0.054605689871842035,0.037623365495097545,0.029544069013634915,0.1250864505827147,0.18983232501573635
39,4852,0,0.771721603928478,0.7591564341235147,0.5227109419061042,0.6065038053383153,0.293503275244037,0.23094738132353024
39,4867,0,0.0130260370950083,0.008960839918971885,0.015623616506672804,0.014989816583394546,0.07125005241702598,0.3974359792298419
39,4869,0,0.07581976759622816,0.07056552873895153,0.05209447998193539,0.10304027820283833,0.3219242438489026,0.16399184540993816
39,4908,0,0.019566908266106277,0.01001054134141182,0.01423964778896805,0.005202095167139275,0.046442936240871556,0.31787447155513765
39,4911,0,0.07571225990501178,0.05896684156384872,0.12419703488101098,0.07426752976265953,0.47235202534380916,0.6913344848137001
39,4913,0,0.02887669321008182,0.017164191323270496,0.03693682911406627,0.01705584146605355,0.22981431854218237,0.32155604388325915
39,4922,0,0.0037215514602877155,0.002697174845185618,0.004481840344730427,0.0037811335071002293,0.005138828598667166,0.04487762922990361
39,4938,0,0.02945129764035292,0.00885362009510777,0.016475001495716447,0.010083391747228514,0.02513863314118876,0.03808372335694414
39,4954,1,0.8585138451107204,0.8740742403526714,0.8331417853325022,0.7410578116125083,0.5882602938307719,0.6823793273809464
39,4974,0,0.006915489597733444,0.0036857032407111227,0.00796685158419106,0.0022546617882312427,0.023380884142451746,0.08769780732925558
39,4990,0,0.008258510292096205,0.01502109214048728,0.005836583472869131,0.0072164117169702955,0.13091969167775933,0.11248625121566681
44,3,0,0.0003584808611890143,0.00021308357559475543,0.0002715946132723554,0.0002637239367762981,0.00037065237203899983,0.0016259274089795892
44,5,0,0.22470623539613577,0.07083057607342542,0.13541044743872876,0.12536246072656504,0.4516915177123785,0.5016833427486027
44,16,0,0.6542188723934471,0.7100933798592893,0.5061557056963352,0.2730659756430115,0.1279198083751515,0.1571958777476313
44,33,0,0.17667804457323438,0.36336457862002663,0.21868864046496214,0.1614734144317274,0.6980187977084557,0.6430258797772574
44,41,0,0.007463211486548329,0.0037244822651537404,0.012804140959475314,0.00876832499062066,0.17819305550582015,0.4122376880653847
44,46,0,0.361705270883044,0.309623299043939,0.33490281572701647,0.3416284795664604,0.15977441088710315,0.5398429013254582
44,59,0,0.49986693028646123,0.5344790671069012,0.42659290926290044,0.4785455301094194,0.29387786743586547,0.22901679353544782
44,99,0,0.16980766945432965,0.20595921171556927,0.3459704860470953,0.15098097643430092,0.42284524062912004,0.301825909913439
44,113,0,0.009609649076637314,0.011624626791638054,0.004945421967333172,0.00278118047272579,0.012384877112820297,0.011635363945052131
44,124,0,0.010440544834651516,0.005903493972523552,0.009216401248021406,0.003503527558349545,0.024853009386148386,0.043428242471354954
44,129,0,0.07083788201599625,0.009681215658915856,0.01916117154411224,0.027674015569984806,0.22180163056927765,0.49550475987682596
44,142,0,0.00893884437517101,0.003193490086492398,0.014564268757025938,0.012111911236411402,0.03748518056170574,0.07178185123474756
44,162,0,0.8926598209840775,0.8605247094014445,0.898730894998298,0.8746387069348561,0.881942640357866,0.8549782131240861
44,165,0,0.00683824698783207,0.0063693376120838655,0.006107039169459348,0.004217382410934075,0.011315602543414934,0.20427895574946378
44,166,1,0.8822571262082524,0.8708345128363056,0.8164916372988201,0.9218183216979542,0.8763646419990042,0.8320511283517129
44,173,0,0.004247170535267495,0.004783270257757544,0.0047660628720312265,0.005022420429099089,0.007155339197356373,0.029884083609907366
44,198,0,0.0004476646154094068,0.000279160608962509,0.0003381893546587971,0.0002651830964121083,0.00036192524098528747,0.002060111100100758
44,217,0,0.9074037376652234,0.8661984706564928,0.8540761316955964,0.87257993831051,0.8664403642924087,0.7817748917663222
44,231,0,0.763453628263806,0.6969532468545343,0.8805837490579271,0.7558091842436644,0.4344019877725981,0.3607331594190051
44,235,0,0.01635483181948368,0.008977146839638508,0.014540522355072168,0.00451442870611375,0.012235486702704936,0.01988540502557765
44,240,0,0.009457222846617468,0.014352147180264027,0.009321403075654863,0.011448453758441555,0.03743168316791326,0.07307962906387146
44,246,0,0.025883477813389434,0.036376060765894676,0.04597964560660894,0.011250179495017715,0.08973357361576471,0.0320306970288608
44,258,0,0.005969691271678024,0.020472454261137616,0.02794064958840576,0.044849279746141106,0.07847282882684622,0.04696389563163677
44,260,0,0.8161338044617477,0.8205210289884841,0.9161946381074787,0.8435757473701163,0.6594827153633566,0.7845367913766679
44,263,0,0.1021157993737457,0.06783620508607194,0.03825609331820149,0.036392955183311926,0.33067848259325977,0.11341038855411298
44,275,0,0.004342176085072043,0.0044034669372159585,0.0051542674206817565,0.003075289509410263,0.006634347343141334,0.0889727461393228
44,283,0,0.0015634559689987337,0.0038018448496865945,0.0027078605096562364,0.0054671588346217655,0.014441439039317128,0.03348457768498975
44,299,0,0.014618361977958188,0.008129011230265213,0.01099133488186946,0.007302873172564181,0.19649684204883228,0.24415900921767125
44,303,0,0.0005818410131257665,0.00023727726278492393,0.0002697066900779009,0.00030101554980701227,0.0005692666118290388,0.0020598099718184422
44,304,0,0.00777438931582181,0.004817904764662254,0.009237928383314522,0.008055400678974594,0.07940993391957242,0.06571121457665303
44,334,0,0.3609911788572192,0.15890724948825985,0.3704335535459019,0.1747393266229827,0.3304710393094802,0.6049280503941262
44,366,0,0.004208555962593262,0.00403805793980149,0.00674214353847802,0.005719615569586951,0.01820050795272348,0.019987569061989938
44,373,0,0.023085014283362338,0.022372502489945545,0.012215939044350156,0.020604019315976625,0.03334641211430843,0.05574403214049419
44,407,0,0.3016624754191775,0.07439063420510719,0.3770699900707835,0.4023222072239184,0.4154990287145155,0.6784063687496685
44,411,0,0.11156667012958499,0.09326554247546855,0.12676122677166476,0.21037501029710207,0.3439845961873927,0.5585277484385515
44,419,0,0.3160828320780683,0.4066830575010888,0.3502212841293416,0.31590083355411275,0.39552172984686634,0.6254886602697269
44,428,0,0.1390645401687378,0.1744798848156426,0.13198154614876217,0.006372232240623995,0.11766348077430801,0.0744594483560493
44,441,0,0.4105942795034666,0.36882027780102306,0.5317362219202841,0.4235156712981332,0.3050457758318476,0.5150444158297003
44,452,0,0.006564689920215754,0.005649223530700059,0.0043552718908091955,0.00331347294031335,0.01343353628840649,0.12849070693453027
44,465,1,0.8719442028565844,0.8427456063273522,0.7919483447493196,0.8297043020049877,0.1997424277688979,0.26630269437014914
44,473,0,0.28356103278547784,0.24255427082458295,0.23236930481634038,0.1541997940252055,0.09487669361410914,0.4162150452374856
44,476,0,0.8806478602578978,0.9302837668777473,0.8101448091012091,0.9061752426103109,0.7637924407351382,0.5142773060424588
44,478,0,0.11482808978513623,0.055032973172336894,0.12092879188084481,0.08181250203726849,0.18096311292455144,0.04430429515138457
44,482,0,0.8230245202550485,0.8211040639450504,0.8708497603630879,0.9060642408474916,0.8098367342654343,0.7963629736126142
44,484,0,0.6451370306106718,0.7361722589119168,0.436932649174755,0.6471253563459792,0.3298792139174072,0.5223320217632711
44,487,0,0.6794228241075049,0.6302433221740668,0.6414078615075087,0.36282920311259464,0.6242091633642061,0.6345865201523334
44,492,0,0.594724830312684,0.5053979830959822,0.8148099310584396,0.7227750625866626,0.8013676716498269,0.5487720377447297
44,497,0,0.0015044126943339613,0.0017697065557107988,0.0018531855600358352,0.0025307239164746274,0.0076963787819797095,0.05365932334032061
44,520,0,0.0018390516726869523,0.001942895652710992,0.002242031400635801,0.0025773386432186795,0.006043037967805752,0.0453311753825338
44,524,0,0.0033415952819307523,0.003719434762592361,0.0055557499024818865,0.0054338435036208185,0.03694059422671909,0.21093054546312529
44,529,0,0.07092374609010463,0.028550881578005442,0.1136086767624031,0.09790243398185806,0.3960767164887257,0.43170373650204086
44,539,0,0.004758652551973357,0.010434570089930277,0.01195612791802291,0.01287575862747579,0.02782714578813079,0.015296926475343281
44,546,0,0.04262544979614884,0.02285202966768478,0.13748928943756436,0.09796657572687811,0.26871793223040963,0.41367606553425035
44,555,0,0.9290423749027824,0.87564422524037,0.8787874060475211,0.6247939699155608,0.5505380117135504,0.7040230700754017
44,577,0,0.013727652956363596,0.04695861248829955,0.060152429427393836,0.04098723684847626,0.10696496140496296,0.12153417765786213
44,578,0,0.07749929190514829,0.08362181329361498,0.07880548828172662,0.036623141362460816,0.2301045712796551,0.2960905416191178
44,579,0,0.013476583242549502,0.009363773904134237,0.006131667962323115,0.007458226291275166,0.013684360532936483,0.019170748224941046
44,593,0,0.0014340745969678619,0.0016467926733160188,0.0016371370185539445,0.001745439251574796,0.008909279411419661,0.02424881933354224
44,608,0,0.04569817404358174,0.10147759170595214,0.029191068334428246,0.016502077490591485,0.0484221787403993,0.13723559110041134
44,615,0,0.4164696863923111,0.33433873499469774,0.30096531748131444,0.45889279325503934,0.09664480729388615,0.35873457820382454
44,623,0,0.6054723539597369,0.5664961258204245,0.6742519883971091,0.6122582013774549,0.6037717359098076,0.43608548313098344
44,638,0,0.5578940138131872,0.5925925252069226,0.490527861009916,0.49903912380945253,0.4050694873645433,0.4532303980155442
44,640,0,0.10101892433998606,0.06374548895506556,0.05900167763182943,0.04485103998254268,0.04121692250042534,0.04629396950339446
44,641,0,0.07877683725051078,0.2594768380818194,0.1189518348488535,0.09622557347216008,0.11453156042112998,0.2756024565975899
44,651,0,0.0004476646154094068,0.000279160608962509,0.00040521992302154365,0.00026673242644753315,0.0007303097421990737,0.0017017784212924449
44,682,0,0.7412258537443708,0.7992328124641563,0.8124788267100085,0.779858984649705,0.7916691249704438,0.7718992775950372
44,700,0,0.0004351749867730851,0.000279160608962509,0.00025036285225061764,0.00025472064582494517,0.00030044805733042706,0.0020778300629833574
44,710,0,0.8494009352525121,0.9300162204036865,0.7541735206952969,0.8662150746046784,0.8292777869421206,0.6535580323131838
44,715,0,0.086924266480607,0.12750794327564602,0.20235393183331635,0.027036731966072498,0.23491730070733202,0.5425083766367141
44,725,0,0.4580246437520119,0.37389634736862004,0.16664349712098978,0.11736757436311358,0.32442298255345065,0.5042648301155747
44,729,0,0.6340484381026555,0.6394518413253499,0.42597308351783836,0.715580602447529,0.4534448155602828,0.47436301561573924
44,764,0,0.8494577943914545,0.7235477957263584,0.9122736223288591,0.8283122368025141,0.7565478707103516,0.8557849094658395
44,765,0,0.0004351749867730851,0.000279160608962509,0.00025036285225061764,0.00025472064582494517,0.00033143474695331883,0.0020778300629833574
44,774,0,0.7839982727635126,0.9349179864628934,0.8310928067639644,0.8828028308682384,0.7435798272897286,0.5183515958099411
44,800,0,0.008126589299904683,0.005144092060592503,0.00437759630090488,0.0030801534227581796,0.004794070760810032,0.04647569116585069
44,815,0,0.004777041093753056,0.008502380710479242,0.007502495271702187,0.0033567761955620883,0.02794507062442269,0.06286203616555623
44,844,0,0.8658254122443021,0.8663320126025958,0.8889475060776708,0.8436046093822168,0.8485429568070589,0.7919527838433909
44,849,0,0.23480159115833846,0.3367584852122366,0.26356760961778913,0.08979417644004095,0.30062117362217483,0.28912104511521003
44,858,0,0.8872635102669171,0.9342910282592813,0.8667898618131821,0.9300036028233567,0.8009098086592826,0.7870782818478319
44,859,0,0.007345874293434871,0.00724108897441054,0.008224333126251305,0.003858422149165258,0.021293486283699307,0.03608363595136142
44,861,0,0.07481083978062375,0.022942608950713657,0.03296034823456772,0.03753158518068369,0.2539874667161112,0.6634368338609129
44,868,0,0.767460209651324,0.632228492047711,0.7667333251883551,0.8231139944656295,0.80940670477572,0.8133250535529593
44,884,0,0.0006648901265384143,0.0002373893212949764,0.0005223319925300445,0.00033773126726704473,0.0005876569488299377,0.0026869547506341387
44,895,0,0.003782677561072974,0.0034398801048888886,0.0033363333558561613,0.003311442941575155,0.008312212334466437,0.14020285623956816
44,913,0,0.003271971689131639,0.004880670461684938,0.003256250252836896,0.0020974404904350453,0.021259757095519412,0.014299660105167653
44,933,0,0.4838975615568661,0.5702323097394697,0.5924227810813533,0.8486928289852497,0.8194237831264434,0.8370949288825751
44,963,0,0.0005884037890994203,0.000291244283558078,0.0004196680889752556,0.00028227093752002173,0.0007106723008423347,0.001766025377605801
44,977,0,0.0004476646154094068,0.000279160608962509,0.0004206793577619004,0.00029895420948922895,0.001184427654137468,0.0016006752054665168
44,980,0,0.006637505717586459,0.0038518173386923077,0.0054614656277633174,0.006094889375138528,0.017044266028309548,0.04141668442481394
44,1002,1,0.559117551611118,0.5904890955589205,0.5855602480012809,0.7382552890918918,0.48509592605718327,0.3652748407520762
44,1011,0,0.9206036816063015,0.9546348902450904,0.9114993136339264,0.906412447452127,0.9156539690427692,0.9100250162951237
44,1012,0,0.0028423462281768606,0.002570786471158272,0.0029249849406392026,0.00375678448271739,0.01653414818081338,0.0449921382005235
44,1023,0,0.0033998026073287784,0.0041092647713292805,0.0024405930598809344,0.00688508672813118,0.034271741904902564,0.03951657484580669
44,1031,0,0.8256014853794919,0.8763300023840999,0.7275171415361639,0.7492673687356356,0.5810373733703559,0.4851945087313488
44,1039,0,0.15411703436134963,0.0529408446838586,0.08377982306111348,0.05967443736998545,0.5536578746000091,0.641643443958706
44,1049,0,0.515768644709274,0.7050045767241926,0.5996634872676212,0.5592520297967604,0.6378108667306399,0.4735768474999052
44,1057,0,0.007910876268750863,0.005633038963235284,0.006837031778467878,0.0055259929073248025,0.1617640092236749,0.08309223101352271
44,1065,0,0.0021489889952787905,0.00445044630323326,0.0045453009290112815,0.004642681065240509,0.023823161522698803,0.13843249737686913
44,1070,0,0.7870929383494397,0.8290934938129203,0.6339713460354818,0.22379697221055977,0.1284899575366496,0.22450322261383868
44,1083,0,0.5673533031536171,0.31816861575034305,0.5435862625596498,0.43565772033412375,0.22286928180334808,0.5085756191884027
44,1091,0,0.0032043712245621797,0.0015601147605069975,0.0044941401765797515,0.004388261268123276,0.004987406880363792,0.046898311217305796
44,1094,0,0.004821364639207123,0.0015038819852642132,0.004608584575746454,0.0069422322440632536,0.06639010148309077,0.09257957998528271
44,1104,0,0.1309986807201918,0.18265481943801237,0.08797439796780368,0.02826150248799379,0.11253036220179335,0.07374362921702757
44,1121,0,0.1276972902116778,0.08139809575373541,0.19868022826702253,0.2586220686773302,0.23914355070837884,0.34263665749550837
44,1135,0,0.11153521063516145,0.06756546730773394,0.16680738985682644,0.014002707725240947,0.3501884053073302,0.5779945469750281
44,1138,1,0.90955789928677,0.8912427823152421,0.8435858494156822,0.8508291682088565,0.8128034101445599,0.8169973251876056
44,1151,0,0.05496215011293276,0.051447673351706524,0.06700535576632576,0.013868487311193674,0.28216792119795986,0.12189614204833389
44,1159,0,0.6724088605879007,0.6905285679224709,0.682575437502908,0.8245558163712123,0.13984356723203664,0.3468459190600328
44,1177,0,0.10031671529831336,0.06893993141479907,0.1504989728824792,0.03548599554741038,0.02364787263242048,0.14483472950088777
44,1192,0,0.31560930524979297,0.23311729512790272,0.24649827113661138,0.09121044541602082,0.11620625921601045,0.1729777332249275
44,1204,0,0.00036321906131618116,0.00021164464159016306,0.0003031849024618417,0.00030999681599973636,0.0008710375891425754,0.0013991213768569202
44,1223,0,0.8755351187590616,0.9003470220895781,0.8608643802991817,0.8069357648324577,0.8539659566490394,0.6498533315789414
44,1224,0,0.0806048305787279,0.26501470068994665,0.060627755638574754,0.016904707672809518,0.047527468200296505,0.12448300041216848
44,1248,0,0.0006809653472259216,0.001627213282699624,0.0009534893775325746,0.0026393236936334,0.004970004977009729,0.03226693566810653
44,1252,0,0.08983996956961304,0.09545063599144044,0.16678773772838248,0.07289163420317156,0.18013259506003992,0.08850543035633751
44,1253,0,0.0017353593012369973,0.001947953773280741,0.0017574936977938866,0.0030667296074884808,0.003812487094530081,0.11075270842215021
44,1258,0,0.001993110837686488,0.0022129306222661415,0.0035195107493512247,0.003283236276871148,0.016077528761469933,0.004558474905051793
44,1262,0,0.6626284192403965,0.43226311053972816,0.5356655227077393,0.49099220664389825,0.07102432220176973,0.03605791236746898
44,1266,0,0.4197118155004738,0.5649165866799216,0.5309557832414266,0.33265975346145793,0.47433856699073607,0.31758966397974253
44,1274,0,0.008515970441344863,0.025407410356764852,0.013331362301845683,0.011931622906538,0.09741358346995582,0.0741125700671815
44,1288,0,0.0334832375500925,0.019861175326930134,0.016825704631917165,0.008448378429068266,0.013401121074946589,0.02650471630642959
44,1315,0,0.4468995325667484,0.46520637685579563,0.3996677877925875,0.17991643517307018,0.5232265420503743,0.41421063420776233
44,1336,0,0.004526125963347954,0.004475485940697286,0.0066573250808842355,0.004147608066477656,0.012000113731326428,0.02351013828962736
44,1337,0,0.08899018634409574,0.10653288268885105,0.19358724890495346,0.06712609765099742,0.10221163661333864,0.1507179133231961
44,1354,0,0.09138676304055467,0.06242080586807855,0.04971529030792231,0.032243215830887434,0.10141286165270183,0.1647334029787948
44,1362,0,0.002734177873210604,0.0031783086303195365,0.0024326533081190727,0.00383204959214666,0.013732050515254678,0.04366015370634027
44,1374,0,0.8629064354946241,0.8701955765301395,0.7804320233801042,0.647612945435428,0.7681319499755743,0.7585875323985728
44,1385,0,0.08704882395266995,0.2713922157162732,0.05162083591385627,0.023697615701047132,0.026229471055188486,0.06435475978179402
44,1389,0,0.8677021909374146,0.76183227395049,0.8622717921003362,0.8687257269448361,0.7795071546110326,0.7323546783335498
44,1394,0,0.6757990362486493,0.5792323156559386,0.521709361839069,0.679401738054652,0.7164335591653928,0.5749342991044092
44,1409,0,0.005136240542589175,0.004468711089861595,0.009598079280297711,0.006399769038432707,0.025146491058490216,0.01699970789987205
44,1415,0,0.42672457742506803,0.5268641718884325,0.2592652369921264,0.2181727220989718,0.14107981587005758,0.2763777612316703
44,1431,0,0.0004476646154094068,0.000279160608962509,0.0004206793577619004,0.00029895420948922895,0.0008279412539114697,0.0023016716136222124
44,1439,0,0.017395237686347403,0.015474401501044796,0.010662646688674438,0.011709242463523575,0.009449931963989282,0.03565730345173026
44,1447,0,0.0008178533073061593,0.0012051622665503127,0.001965055884497961,0.002453971806841093,0.004938050526324254,0.014548397002840436
44,1458,0,0.08271502219406648,0.06239507554782336,0.04544822840453123,0.04366976612756756,0.2645715963100459,0.144233769103689
44,1481,0,0.0016263891604650096,0.0015180573817652036,0.0026037482465686977,0.002464084891877219,0.009204284743656059,0.020149437415181153
44,1483,0,0.5511583939601552,0.41052936181228855,0.24328344287151016,0.0411719912243926,0.17120624148694044,0.3669273273139785
44,1494,0,0.020565047036620855,0.06734008976645567,0.01704437360220265,0.019132617801475103,0.16176825181046303,0.07943519028236186
44,1524,0,0.33968618618180507,0.4174478114338281,0.302773619089167,0.1742119145447472,0.7112433401874042,0.6112282078486648
44,1525,0,0.7112911330025014,0.6919779713857046,0.5708490599579317,0.855965721390153,0.7207961629948376,0.5995047902029212
44,1531,0,0.03371149172127989,0.028164482939613045,0.02909585473488934,0.010201861760836853,0.05143184353335965,0.0595969185640141
44,1552,0,0.47019375709759265,0.13877744337904,0.4255751127039204,0.4967591212337621,0.46975936649578975,0.524071313602757
44,1557,0,0.019190503858233864,0.005007356848833217,0.015580013371817542,0.008254356507925007,0.06513111890520329,0.05199032552631552
44,1572,0,0.9035345776192562,0.8737892634435865,0.852184328745958,0.9146409111664601,0.9164532338980397,0.8311491189241956
44,1578,0,0.0018125267698916438,0.001633984558173069,0.002477348645889073,0.0021971729180108607,0.010291194105648556,0.018689163071669884
44,1618,1,0.7626582151219512,0.8358928086210242,0.8183725176459399,0.8491494833063303,0.8134887958349717,0.835513451580714
44,1624,0,0.005472936063116162,0.004482393731939985,0.004644778477200434,0.0023661192929545654,0.004183525607098857,0.022631784975282784
44,1632,0,0.06267055165993873,0.14122516073343896,0.11921175508071355,0.10372936387663426,0.5888822059605435,0.4161447796583516
44,1643,0,0.000998724199724672,0.0007549698614023375,0.0016627789413574453,0.002950738155176841,0.005391622081425216,0.01925328941269831
44,1649,0,0.5676798013011434,0.48740961836471886,0.5289497991322418,0.25724272014506105,0.09145013535451503,0.2222133603550914
44,1681,1,0.7234610335554222,0.6700701815889767,0.6988810124511936,0.4732221047459321,0.4215541791283271,0.2602718967504114
44,1683,0,0.8293475406844061,0.7152539875586523,0.7327754921619828,0.5834010431222967,0.7807099027291559,0.7683472573154854
44,1697,0,0.05644281065089726,0.08204930450564898,0.05024002724378459,0.0063452130976627405,0.032888820976040456,0.03832496428746774
44,1760,0,0.5382168336884298,0.4151436876537687,0.41823367432212555,0.30968632342288577,0.744548363898996,0.5157789041496592
44,1762,0,0.0031172612026424493,0.0045644688166760605,0.006528555680741825,0.0048669574834370195,0.028596885180364108,0.020786867313612407
44,1767,0,0.6843628731286073,0.7573164730091342,0.6694716389896356,0.8610148487981267,0.39031519959183547,0.47341054874070865
44,1768,0,0.006273491091570764,0.0061713756711173585,0.004208453236390018,0.004254321658282908,0.07089942352202037,0.28650994535442303
44,1781,0,0.716671536582858,0.7615975633470986,0.6545716242483712,0.731858694134576,0.6584675869501095,0.8205222026922412
44,1784,0,0.0004476646154094068,0.000279160608962509,0.0003954518169297836,0.0002622104680969592,0.0004913818233985422,0.0021949415081843923
44,1793,0,0.4053904460273052,0.47886929128506905,0.43731155905190566,0.29406009019324797,0.5752429390297228,0.7303489763016408
44,1803,0,0.0003584808611890143,0.00021308357559475543,0.00026041999042216037,0.0003026532348280515,0.0004988175631601854,0.0013269747131782652
44,1804,0,0.008734378382666106,0.007605133378446486,0.01140340536955905,0.0039035561792316272,0.001388285500600401,0.01604835783373496
44,1818,0,0.7668286568112095,0.8508315327571463,0.6797805317827121,0.7994852541909568,0.5900569083855057,0.3577044720247306
44,1819,0,0.8255869455538033,0.8097432106492785,0.7197514236036684,0.793154851491444,0.41406769938657806,0.5464212637579741
44,1820,0,0.7767299729786403,0.5890759999738814,0.5765638719190412,0.10422371269170613,0.14643339361696686,0.10890627840423674
44,1830,0,0.03285675262385476,0.021298229127923677,0.024883357120958318,0.014118118811504349,0.4241612463756263,0.5340388344586996
44,1848,0,0.0006383681447764677,0.000291244283558078,0.0003617447753435712,0.00028227093752002173,0.00046091752688616364,0.0016859695137666033
44,1854,0,0.35240949457263415,0.4812197962664532,0.4612269747934094,0.6411453597894601,0.6121527962609485,0.840955058765695
44,1876,0,0.22322729938374927,0.31112005869443515,0.535068029012054,0.4568280064573621,0.47500776265740136,0.39113114855815573
44,1888,0,0.7700410425831477,0.7953824774502325,0.8182923559097982,0.825607771544974,0.5001885554368491,0.10094162881218935
44,1891,0,0.04079799596038533,0.012199729160209834,0.08386164677820811,0.06838472793566462,0.3589092003503819,0.054608196115763896
44,1919,0,0.027527384603890107,0.06291209695997911,0.021783686930182095,0.06428118553071781,0.10843465762660126,0.29710864290670197
44,1926,0,0.006747049142113304,0.005996846810876056,0.007360039977283114,0.011297697012013769,0.009857299371494039,0.03561627604561644
44,1940,0,0.6590853289362334,0.5113260139447652,0.7009564030476377,0.6169099225155544,0.6231959235877419,0.634192949732225
44,1952,0,0.002836983485006289,0.0031934141737906797,0.006084902799974175,0.0027505916013491312,0.058554743394915836,0.05825149697870427
44,1968,0,0.011766291914567394,0.009913503650433777,0.01642828426456602,0.006849899213778726,0.00456017095996828,0.12532942929139648
44,1969,0,0.035076145154650136,0.055861799443071895,0.07568181495104129,0.1116316253508898,0.39490271229053464,0.14771227698006612
44,1974,0,0.0025796758790211974,0.004195464866435494,0.014703666732837567,0.0101346166606939,0.051674300153989425,0.11556535901755792
44,1976,0,0.024614108404314404,0.027904801921079626,0.026073115029095782,0.0191553485104431,0.037304731053628665,0.12741917827484936
44,1982,0,0.05731251097888441,0.10371529288385573,0.10614173218411732,0.09784613624899505,0.2827232636512539,0.23230115204735274
44,1983,0,0.08030583682327189,0.0852811106589693,0.10939169175851679,0.013799238258771015,0.04914766549572609,0.045607142016964836
44,2011,0,0.0562280489973833,0.029367716495291973,0.043880700630036754,0.013417230435830175,0.09066567273762734,0.23035603110394565
44,2045,0,0.8985744569620118,0.845548817991535,0.8624678125075326,0.9031743915737291,0.8056831588774189,0.7745471099419645
44,2054,0,0.0027971777735107117,0.0030912509353242237,0.002335805370099114,0.002525094435043415,0.0030877112164062123,0.009427243358674287
44,2060,0,0.876524393748562,0.6672646465320253,0.8414480739068102,0.49072126712208686,0.11733306891487068,0.058528895700359296
44,2067,0,0.0040212801225467856,0.003893974825538618,0.004710403932422478,0.00458156766972387,0.015942279458244106,0.05376812418507894
44,2072,0,0.08681191364578864,0.09803773532217577,0.08484275817937925,0.0325296775478584,0.2795713503717437,0.209797078477032
44,2086,0,0.028921557572299125,0.04614218905072147,0.027534084892209668,0.02968504485889315,0.2080826667333828,0.20959126367712516
44,2088,0,0.7511385075456564,0.7621473610631995,0.7183224382319596,0.7816123848469793,0.21287472403275334,0.5855591584291729
44,2131,1,0.880231656843075,0.8824279629883328,0.9211755633935875,0.8859147410216038,0.846514126304062,0.8708884981945505
44,2145,0,0.18958010818864193,0.25124378872230474,0.4011150429517913,0.04634648314439902,0.21710739352935107,0.5777154298491319
44,2152,0,0.8028564033407648,0.8839608872858636,0.8339485966779947,0.866333601017924,0.7639754894221047,0.822032331271502
44,2177,1,0.802647441283114,0.8441472978050385,0.7933806540550705,0.8654290344541472,0.7628023155352947,0.7173821513226698
44,2186,1,0.909937866016716,0.8472643984368081,0.8460615910474031,0.8121945293880095,0.5996480205596377,0.824941968232352
44,2203,0,0.2609658718695006,0.2425966569526826,0.28006529443939876,0.29058793410796463,0.22022940169623925,0.2854405147767538
44,2212,0,0.7792741791999389,0.7592542518048885,0.8328301672310885,0.7162631866019571,0.7068673466922158,0.8266561687268426
44,2216,0,0.16635090438872796,0.04831805421129753,0.23541366372662534,0.3108867832085416,0.6998700523066794,0.7080484394676442
44,2217,0,0.012449654262001859,0.006876423136770772,0.0242249208298237,0.010939756644229868,0.1578816177956782,0.08639928553059197
44,2235,0,0.04076193784587552,0.06616041878353694,0.050773353902078974,0.02850844802038338,0.2434230950160736,0.3000597933223271
44,2247,0,0.32632261726826384,0.434736571888557,0.17076850190837914,0.2162362755266236,0.03562720081367917,0.18545251213577607
44,2272,0,0.0015782698933691848,0.0009760136454457113,0.003053435737746315,0.0018232961590190155,0.04347827481076861,0.04250676222896216
44,2274,1,0.8633768326464516,0.8651587458551124,0.7913796551974197,0.8870681195133472,0.4404482358454391,0.8412739828059379
44,2316,0,0.0036526363281149227,0.0022288609595237686,0.008677029946127238,0.013512277947491264,0.010476111514357423,0.0523907865100084
44,2318,0,0.03371256951355892,0.09297983125642227,0.032921271314660897,0.039221479263377775,0.008684872744173037,0.0032583504201186453
44,2329,0,0.13935099177275992,0.048828547617157964,0.24013615815504016,0.13786816242841723,0.4040076206659477,0.3097570249915748
44,2341,0,0.008152599574097823,0.011410591865436703,0.007805441005614787,0.008718652699458204,0.0378604073240655,0.028171687844309533
44,2347,0,0.15119698084084804,0.1627894450525485,0.13351483873824932,0.09799869092798145,0.012862243159991828,0.092191658408199
44,2354,0,0.00814241109065433,0.004527609137971589,0.01642617958080632,0.007102946775335504,0.02783151780692151,0.03893543282290484
44,2368,1,0.7592081213792339,0.8176661304586547,0.565556598566875,0.7362440801369017,0.585251951884919,0.762229060310941
44,2379,0,0.0015498803295500509,0.0023272415185598646,0.0031797259186369686,0.001508451310795106,0.004448121869391924,0.052357912300105204
44,2388,0,0.015748182565466395,0.010101527814735237,0.02399230982386667,0.009866523013641926,0.015143057919952765,0.024146775780854775
44,2405,0,0.3377202703448345,0.3065178230137454,0.40579963909285977,0.30030057628117185,0.5492263675026405,0.5029216656067346
44,2417,0,0.049318498190940606,0.12478393871818622,0.12941309056796796,0.034789082172689896,0.26920396548460424,0.2034663265536007
44,2427,0,0.5288383508233725,0.5829900315309959,0.37026370575761175,0.704562023783961,0.30669032969755594,0.09131201611502723
44,2441,0,0.13853276269921833,0.13832585537141873,0.08676694002528118,0.07848848373733362,0.6115265286988592,0.48738406663409706
44,2442,0,0.02745462783035771,0.050338716195508455,0.03924830280775474,0.09177795311282476,0.2592174874537223,0.5913683607597595
44,2449,0,0.013676181461789913,0.007348055008362464,0.011534796223728503,0.015224389398608061,0.052026389061303684,0.16466813731093738
44,2460,0,0.803671412576363,0.7001571421713518,0.7340153025001223,0.6264970500054056,0.1700874851160743,0.33581717120986315
44,2486,0,0.405110419926371,0.42375745992351893,0.47422967035493874,0.5512373683194491,0.5580940944824397,0.6697179961361568
44,2512,0,0.26923012242787664,0.45914759263056576,0.5648161961502209,0.5752928065138271,0.6326871254186555,0.6462815433929618
44,2529,0,0.9149872162300777,0.907927853462894,0.8253162560750847,0.8771866224198751,0.8083507514471855,0.7796151326936138
44,2535,0,0.017122862916902105,0.010874798220350992,0.009001161494343098,0.007530406268585039,0.10816129329239837,0.0663659587218084
44,2540,0,0.0004476646154094068,0.000279160608962509,0.00040521992302154365,0.0002622104680969592,0.0006901420506052691,0.0016006752054665168
44,2553,0,0.32564869626886933,0.1843421251706409,0.47968971503875935,0.11740449159123063,0.23432701763553992,0.42965295120936586
44,2557,0,0.07838982911333334,0.10507777043986097,0.29768075000814487,0.2859049684373315,0.4674538041143537,0.12446296821048772
44,2563,0,0.12315095007310019,0.07833204483935416,0.06308039377768704,0.02194120637390435,0.15661311952067358,0.14777917096346072
44,2577,0,0.8917395346811486,0.9144073430597928,0.8298288261154267,0.8276965909324635,0.8865137053113353,0.8853064577496784
44,2601,0,0.2155971449312324,0.17961696876478314,0.18906791400842937,0.09744115493508278,0.27415804496246804,0.5434745356920754
44,2607,0,0.10823204324964933,0.10719992307778031,0.07912143296306078,0.016093556741488955,0.49214322016031586,0.17177769072553076
44,2612,0,0.19432274716015616,0.03879322507856822,0.2628717539703575,0.2589423197935422,0.2933521984163099,0.4339014560804161
44,2614,0,0.4064702225841449,0.30578761141858346,0.3692791314433964,0.21809118598361965,0.6336039215304727,0.5594111274461827
44,2636,0,0.03165175970866803,0.012351902489062955,0.013313166701637041,0.00847593634973627,0.11114176249761695,0.10279476661790035
44,2637,0,0.003370951407190852,0.004937863320052092,0.0059761859233861125,0.004856356955505305,0.00751510361804604,0.03939621739182433
44,2648,0,0.02271540249539211,0.023468031296405845,0.016052081922973666,0.02023107347203578,0.18847004979065865,0.13560493651656347
44,2669,0,0.03969180994945374,0.03540121096894419,0.024007775684597606,0.04011095023350129,0.4731491607471352,0.4832063720879563
44,2672,0,0.014435731928207945,0.012671898519454177,0.012919964152490053,0.012610274425610251,0.02102810142358502,0.030597283060954595
44,2677,0,0.6804179411082804,0.5922972777196143,0.5973820289939302,0.2779654648705884,0.6483461196434794,0.573325708341181
44,2695,0,0.536181113881011,0.5399505886610536,0.4485564810047159,0.08960234211136245,0.608589940705064,0.769712658043521
44,2706,0,0.0024163552316201105,0.006443801052939548,0.007209053592945046,0.00312593665617587,0.015964525030451107,0.025513556583992302
44,2710,0,0.03207831950783864,0.013859509683515039,0.0678411955005776,0.015666346276840264,0.14738145243936931,0.09837145051389411
44,2719,0,0.11314681725703915,0.0779488631483196,0.07509943447951703,0.044491365284088036,0.20785581422219715,0.5878650204158552
44,2734,0,0.0048454947404758695,0.0022265583493973114,0.008233034498167218,0.007698176082514983,0.014706763065249748,0.19369647411258475
44,2742,0,0.8871188871290757,0.8452593917302554,0.8954226217387882,0.849851806186197,0.764116133667397,0.7900069383046774
44,2748,0,0.4541728481514946,0.0843134265432999,0.14526547486796762,0.05838264487072186,0.12942704762339224,0.07540474636540678
44,2750,0,0.0010356890017540715,0.0018959994032141192,0.002596211504141003,0.004867884793087039,0.011712581495560002,0.04160920792564939
44,2760,0,0.6107221460749982,0.6185862563814352,0.6503107551415572,0.4887298038441151,0.48072133253094346,0.6211606400495399
44,2780,0,0.3933004168272873,0.3089848334560865,0.395545169422901,0.4268885147033799,0.6888658112158679,0.6369310079351896
44,2786,1,0.45677980385071015,0.6168091598327173,0.7130627423371462,0.7302913141284859,0.5757727000904156,0.8384043992192832
44,2789,0,0.377626066353852,0.2003592166776415,0.46879551234894035,0.19937871875247556,0.5473528499696514,0.6354698620578231
44,2791,0,0.11631018846350258,0.01957790812999609,0.03653092401447599,0.027586647879946295,0.03530874058954655,0.09599716092246034
44,2794,0,0.0055262805536257405,0.009380397036821739,0.013081060224365913,0.006973919392256435,0.06751004380185012,0.05535489853678054
44,2826,0,0.04887050294054912,0.017140900781861135,0.04640441961979959,0.06533231258922742,0.0816460483354382,0.2468069516232459
44,2834,0,0.0017368272478310407,0.0046122897556591545,0.0019271376149335667,0.0017604950283060332,0.004599927789154084,0.022522559609801335
44,2846,0,0.842336515046175,0.8444516921529146,0.8186904088513508,0.7956328107676497,0.4900288352731759,0.808053447902994
44,2879,0,0.0321522380294385,0.013357127662351611,0.056290735650310016,0.019496389777652605,0.09058934267135048,0.1374087734281779
44,2881,0,0.0006170132328379602,0.000291244283558078,0.0004196680889752556,0.00028227093752002173,0.0006754142345014874,0.0017017784212924449
44,2887,0,0.8840174298279153,0.8576829853898552,0.8607692383650513,0.8095803571712318,0.7898689844031506,0.7990047689823728
44,2890,0,0.011908682096144292,0.012634467687733941,0.016671374833928006,0.0028604066572340396,0.016850561569102397,0.05783119907934959
44,2893,0,0.02415917268266166,0.034773114234004546,0.0298279692886587,0.3625971359555997,0.10531671765747998,0.1287992848344824
44,2896,0,0.02484040229530392,0.07193966311027221,0.03097079303230548,0.006054260060110809,0.16424524194761353,0.11604894988782201
44,2925,0,0.012034494202827293,0.005223896864167372,0.004836023514275422,0.0029128853056074634,0.019616762115011538,0.40475927546489815
44,2927,0,0.18860440708707837,0.2711241147599662,0.09751624774949487,0.06165429233071963,0.16592734422481667,0.25918790901875643
44,2934,0,0.7591758433034932,0.7578164818901435,0.753896383436062,0.7720455186039981,0.3831021883918681,0.6498936763022058
44,2942,0,0.0030724068546198325,0.0034367933821675607,0.008540416663638707,0.00585408742213688,0.022053520649575453,0.030215132810904773
44,2944,0,0.03730837396515707,0.022498679057380934,0.03583669104037197,0.022385940127559862,0.11803831386531707,0.1856443957091913
44,2949,1,0.5648418672969805,0.6008561545732004,0.47993733346426104,0.8699379037796576,0.797476157489911,0.7845660912132608
44,2953,0,0.0005725330593461068,0.0004304994551220793,0.0005262261948651646,0.0004711459106102732,0.0005269907176846237,0.0035532176062771956
44,2972,0,0.0004476646154094068,0.000279160608962509,0.00025036285225061764,0.00025472064582494517,0.00033143474695331883,0.0020778300629833574
44,2975,0,0.008331767044105258,0.004048075760989027,0.007226587077856916,0.009019451345926997,0.02807804894258744,0.24983327677597136
44,2995,0,0.7905254120844082,0.7993766784032088,0.7980470352349738,0.5940464610395284,0.6031894788681507,0.7166107080725955
44,3022,0,0.0005884037890994203,0.000291244283558078,0.000390682690309397,0.00028227093752002173,0.0006174911359884476,0.0016859695137666033
44,3031,0,0.036006015920737815,0.01840416494605968,0.02544334502540059,0.052506569635578676,0.02223159671443442,0.04580432279363648
44,3035,0,0.2754667333917721,0.2992113710810103,0.23100790952328548,0.2188650575294031,0.2432757996739445,0.2527084931089436
44,3047,0,0.0016494594153627824,0.002751730110951843,0.0030586978110362325,0.0034245156970166865,0.0036479037969520127,0.014685291586722517
44,3067,0,0.004257828695386227,0.006674432862357829,0.003728904480951831,0.005591536084501829,0.07757248242856452,0.14039504751817472
44,3070,0,0.16679758508569817,0.04202014195140308,0.0859906834749768,0.02373204124966302,0.022046291202651613,0.08619954042668591
44,3073,0,0.8237039495215515,0.8355669209707148,0.7254732442194974,0.7861822513602833,0.825218358477176,0.8489203641514661
44,3075,0,0.5757600288839487,0.37756163832553374,0.5158604782444426,0.49265758915843516,0.15582572133466002,0.08258554275479371
44,3081,0,0.0018120400857026724,0.003940803586482984,0.002250553717083308,0.0035492737702471733,0.014117553260456264,0.015629433006275714
44,3085,0,0.5924655758577189,0.5058995153848248,0.6801958718468282,0.26139778614799386,0.4022091104931902,0.5196858389757231
44,3093,0,0.5591849311954711,0.695717749063343,0.5913559598337756,0.5213126155194107,0.6482677895506693,0.46894101329742033
44,3103,0,0.0004351749867730851,0.000279160608962509,0.00040521992302154365,0.00032937756841282825,0.0005049565208479797,0.002279574292319932
44,3105,0,0.7430428750004237,0.5579576282790394,0.6282372582588309,0.7590909230642415,0.6983873837331216,0.6017954141624603
44,3131,0,0.15515585945667354,0.06450706975041398,0.10469895996799113,0.0706122746596504,0.20250907752333122,0.15279407164496814
44,3160,0,0.06332652990931006,0.09720411605562379,0.01241936006521636,0.022953968180432462,0.08117209250973537,0.0709129732362876
44,3168,0,0.7071825837012747,0.40192006946926256,0.6463391367357119,0.5656812984700172,0.3384834608004081,0.49708892779952535
44,3169,1,0.9018494118551758,0.8518298910968288,0.8676789007610825,0.8489724878074509,0.42850798113322947,0.455922722464765
44,3171,0,0.13165637374974115,0.0989906056093432,0.06095539471753257,0.10418018239457491,0.5872887878436177,0.37396679485712936
44,3175,0,0.021395480191686956,0.050194814214500935,0.025752539949802464,0.005784252727199225,0.016175563187402157,0.06302328235633485
44,3177,0,0.38013678043100546,0.3630263770163995,0.5712667347072626,0.5520775557547201,0.6643650733037058,0.7175009037986799
44,3196,0,0.06754803760304395,0.06434742519705489,0.07462091080862514,0.04371209024930246,0.18151882519974705,0.21321889770567276
44,3203,0,0.4825173816715628,0.25519409066090515,0.23425302352879554,0.13986846445864648,0.2868012410481033,0.2970440491523278
44,3218,0,0.003087584067961135,0.011680831434417461,0.006614312077979695,0.009306075625210311,0.12447699483849058,0.1517314845593802
44,3232,0,0.43721434707327894,0.23383501435600484,0.4152338495147771,0.10784436222397363,0.02764527979239511,0.25880647277416197
44,3235,0,0.661124763030973,0.7503469674147446,0.7237208529526576,0.7858140737519643,0.6466483693306879,0.2701844024746137
44,3239,0,0.02451748096107445,0.10687339670064543,0.032374368582288836,0.030009142968352946,0.01864149019725089,0.0333401905304382
44,3255,0,0.002648466646481386,0.003028567225570908,0.0033612483061539284,0.0021446256788430966,0.005170383230932099,0.10998339881720134
44,3261,0,0.003061440215247505,0.0036402933274287093,0.006649084947187558,0.008507687920334586,0.015673893743768326,0.03859153464571868
44,3265,0,0.08713682202891529,0.11647715911895165,0.09809332141339373,0.18622925224455528,0.25279026752335476,0.39753261035117887
44,3275,1,0.8770058772778787,0.871501950216777,0.78618215064456,0.9167181642300627,0.5959362513961586,0.8938946103602594
44,3314,0,0.09821446199581055,0.1161613243909998,0.11364897513938478,0.05156095002125976,0.145313497199683,0.5063950985023414
44,3333,0,0.01952326359324242,0.010815097342370315,0.03166764683232518,0.02664934016134567,0.11254816527934773,0.08457772745934604
44,3339,0,0.07031279333332141,0.13405675564261352,0.03652838104625538,0.03920632470591073,0.12465048317932759,0.15751080712018814
44,3361,0,0.10885221026786839,0.06450649933980104,0.1852343054962003,0.07104341232596781,0.0784718136875248,0.046785859857275
44,3369,0,0.6311262427361387,0.6060581831637755,0.5514277864342341,0.6295343457896284,0.7143651997084141,0.7407744258500467
44,3377,0,0.110184947120638,0.1284828975214701,0.1040346913650395,0.02511705119045255,0.47596800872156,0.650144690281154
44,3389,0,0.056766323721001155,0.06377894763164829,0.04941471151639859,0.0347271517561239,0.1004394876629917,0.40560654659333883
44,3403,0,0.2252853129151814,0.199855748850462,0.47202562218618066,0.20751721670743875,0.44330305130305425,0.6998348812171822
44,3410,0,0.001269865785957479,0.0018388867514544222,0.0025175208327026175,0.009253472722081596,0.008766724246709176,0.020071730354522522
44,3411,0,0.018026021652611694,0.028471496356235703,0.013470046289494875,0.012156662510250375,0.040284236069956694,0.18105965823943795
44,3418,0,0.00935051840795535,0.017432931316392862,0.023744160632125096,0.03005065360785653,0.08621069869048592,0.23151688027983464
44,3421,0,0.005295829749778745,0.0017722911464841571,0.006508175656684635,0.002766637497624735,0.03787458953311875,0.06981378320946426
44,3422,0,0.01590147291160208,0.017991017141589932,0.018222871473705375,0.11057710618950026,0.08978276413502564,0.13291360711696515
44,3453,0,0.2529114035984184,0.3128381935725508,0.11034395823962183,0.0476086024410805,0.18974084606519928,0.2566135736078146
44,3478,1,0.8581148584062916,0.8025838452914155,0.8893173927007498,0.786667395512521,0.752931026699402,0.6868322028466779
44,3510,0,0.008906126807225636,0.006610219153012797,0.004724307205138927,0.0028257615001622276,0.08439168325451953,0.10233855634126528
44,3526,0,0.7570556875165688,0.5515041088278356,0.6943150038193991,0.5215920851594587,0.5228549700288131,0.6401120079397876
44,3547,0,0.7869693791855852,0.8599267295017393,0.846258448667387,0.7211894336089961,0.7803898308033559,0.7057678045015635
44,3554,0,0.08247680171890301,0.07762604332902395,0.35392007126246644,0.12932201092766074,0.4244710281216924,0.5516216259868091
44,3560,0,0.2273642910617248,0.3295646653658668,0.15246553217040504,0.036631245730612216,0.18233836501049192,0.2944245743982266
44,3581,0,0.001657660381931128,0.0018605728611349405,0.004235650993746446,0.003988855838184605,0.006101588270641879,0.018465513136912352
44,3592,0,0.042351039302557895,0.07057086374997619,0.03438157103948169,0.028495263790546385,0.03490843958879243,0.1472686870405411
44,3596,0,0.2671108886007149,0.44890325049277213,0.11180833776423711,0.12358016769673558,0.12843602136336502,0.5343568559412987
44,3605,0,0.008639554926849431,0.013792566903727039,0.007751451796306404,0.005003277061947285,0.020668755365726616,0.09092967366749954
44,3615,0,0.003230865373739844,0.0027020255518754904,0.007124022866777002,0.0034986572191867144,0.015655167712028562,0.013172534995663664
44,3664,0,0.18258415210672835,0.17704713308968195,0.08830718389171403,0.047756440491270265,0.22794643867878556,0.21727063843458902
44,3678,0,0.012462637555372398,0.00330742706399896,0.01987741856920801,0.01246153187216145,0.11956319927164329,0.2603344155931493
44,3696,0,0.1057407233901956,0.10415588483876034,0.23619455749134166,0.17911434956483993,0.6365754166233266,0.7559275210767185
44,3702,0,0.3748646784084403,0.2931838045191584,0.5773646979817493,0.2750584537728181,0.08950163279181729,0.2009442727870506
44,3723,0,0.13680215387946185,0.08720456947172231,0.05889982791544455,0.11037653975873332,0.3568521230420505,0.2678768670695355
44,3731,0,0.0005213374135127072,0.00022230769267420043,0.00025654930635150077,0.0003108859575825317,0.0005007198997723744,0.0013046718983256852
44,3751,0,0.1696345055450393,0.13687048409764838,0.14903267218452104,0.058457532347079906,0.18170357764367429,0.15787166033497813
44,3758,0,0.0004351749867730851,0.000279160608962509,0.00040521992302154365,0.00028380667081155116,0.0007106723008423347,0.0017014701321662756
44,3763,0,0.05028818721069828,0.026435423053837632,0.046942967126331066,0.005596645594962674,0.03082366487865311,0.1752295670012916
44,3778,0,0.280583885821686,0.18016931814403653,0.34208172904635065,0.13990568141807666,0.26223162731372596,0.12698470012338556
44,3783,0,0.026485399784583474,0.013581810627732883,0.042785329913887664,0.062469673399548745,0.03668177255136876,0.07282379355663694
44,3809,0,0.010247720132343497,0.014095552437745847,0.011569104133525007,0.07001397366927448,0.16642342713772046,0.11392223329888011
44,3812,0,0.11437878744022617,0.14196864298896394,0.08260910368013868,0.01670353601231054,0.023823324588882498,0.11217213189285083
44,3846,0,0.22468968613520252,0.0370272514277594,0.2833191070986168,0.12571525789327004,0.27781111106011624,0.0964822152029972
44,3847,0,0.0004476646154094068,0.000279160608962509,0.00040521992302154365,0.0002622104680969592,0.0004913818233985422,0.0023016716136222124
44,3869,0,0.0017441564683013347,0.001899499728916933,0.0024078748459572764,0.003600839981451595,0.004057684423435028,0.037295283927121115
44,3895,0,0.06831405421994882,0.0360179476584114,0.05858897481824802,0.02082062620826504,0.06727353588424048,0.12403473680907245
44,3903,0,0.209685378504628,0.19400879545248392,0.25695805433919733,0.1683368693090769,0.7063241293960147,0.6639807706902454
44,3940,0,0.39996587169977044,0.3005950300578813,0.33785195903694437,0.29480401193721545,0.1814111757192176,0.5128779049400624
44,3948,0,0.607075669797586,0.4702406016271203,0.47486236869616005,0.5667352709928493,0.424482620480991,0.42219345960429755
44,3956,0,0.09251951522488472,0.1030551484008646,0.15269766167126084,0.022442400568320607,0.04594941079667003,0.26118906675414133
44,3965,0,0.6147651955157187,0.689487978446695,0.35224173828458033,0.19750052095106838,0.19249514888459554,0.28663219636637577
44,3968,0,0.8296991615904923,0.6970658545038223,0.7543308149189306,0.5383815857509812,0.6703804664807791,0.537023885014071
44,3973,0,0.8841663633144592,0.7503292175114816,0.8397461263604228,0.7825195582009279,0.4947564129380372,0.6438273894025303
44,3976,0,0.003465210161395709,0.0032632205274037655,0.005037973868865289,0.005617400969164103,0.020707104580903628,0.028181949168497904
44,3987,0,0.07259449947724883,0.1294621336344825,0.049444934417514005,0.1273713218735332,0.6365630167356808,0.5477395928122889
44,3996,0,0.6558399852043243,0.7309175885576845,0.6102370232408135,0.7735599610968947,0.3713233650014873,0.27290375562314095
44,4008,0,0.05846178860853263,0.03330852295788073,0.04150373491742675,0.01647118431453697,0.1043021929419912,0.0067147006906387256
44,4014,1,0.8316878274344055,0.8289533741256746,0.8401982824935355,0.8697606272907523,0.8074758364941379,0.8206086107130554
44,4023,0,0.03196919131150774,0.1375831992713805,0.33371428072879916,0.3681311624844017,0.25358504334963666,0.36537683223314776
44,4065,1,0.7066288317774105,0.7591114781215272,0.55618146525903,0.30590706835289977,0.29735402674542244,0.7452613368367034
44,4071,0,0.508855698653275,0.5312891300496355,0.3218805799425404,0.37299974764420707,0.5848758672910968,0.6567010436967369
44,4076,0,0.531946971098455,0.5416039054113678,0.5307417857349089,0.46043193652574643,0.07397742381481924,0.2980885103626012
44,4091,0,0.1579729964328063,0.045090381755615784,0.1877727232029678,0.0775884081175692,0.4671307701149863,0.6247928935901627
44,4108,0,0.006501818235348497,0.00440492462717661,0.008432653318789795,0.005834520133318572,0.03352586057928138,0.037111904052853084
44,4131,0,0.628176042655728,0.11475365964879693,0.3949620112680602,0.34339046181948646,0.3825421854042913,0.5008796516532806
44,4160,0,0.016194982547344854,0.003954234957289349,0.01207217319142301,0.005767249476549709,0.04358683410512855,0.08113011790879464
44,4179,0,0.19040386427701347,0.021339688605486892,0.07582217661264998,0.10379421269218471,0.516965907182074,0.5259853368316142
44,4181,1,0.8436820321290549,0.8851496364950021,0.6398485511978289,0.6948326927288971,0.790886872314229,0.7132894449823325
44,4184,0,0.0033070689492473455,0.0030622720542757475,0.011087141550545108,0.01436656649605921,0.03626117507445057,0.12591422434004604
44,4221,0,0.04583318662101161,0.012133559672945016,0.0392098297029748,0.008184130726219218,0.014214378701234945,0.09254992537074663
44,4225,0,0.5941023694587446,0.6706531376467484,0.3215883395511633,0.3945237947345342,0.689126616293387,0.41671790900066835
44,4228,0,0.008972072149938237,0.002881750445090527,0.0038216351721990366,0.002526466100239256,0.011078052801506852,0.021200393835346023
44,4233,0,0.0005884037890994203,0.000291244283558078,0.00025929100263380537,0.00026955959867999235,0.00033143474695331883,0.0020778300629833574
44,4236,0,0.3488283065563223,0.40470528266375994,0.48712144814574226,0.4709312991633704,0.6926483189615797,0.748730450570694
44,4240,0,0.10795777203714511,0.062143597826316295,0.05704965963917961,0.4339361457452422,0.1799573436581396,0.12698284134452842
44,4245,0,0.0015425656146711099,0.0014572716617332606,0.005612193995588025,0.00438605304081865,0.012768671987633854,0.04832879920622275
44,4246,0,0.18018463733275886,0.23357156978035137,0.24559995939314805,0.460335542680155,0.4457351878313231,0.22184003366440141
44,4248,0,0.042170259636505496,0.02239740601897275,0.051460667112415495,0.0639579730893339,0.1517302400001423,0.3066861362822235
44,4261,0,0.06812720895293112,0.05159258464778165,0.017833416336432956,0.011917693691266051,0.040770512482624005,0.21325682453107503
44,4262,0,0.7095957628024708,0.701483606394456,0.7287831599840385,0.8014549782259065,0.7652377446908191,0.7829330590535837
44,4300,0,0.5409290968430146,0.5289326716341046,0.3637309728841944,0.6936403649184318,0.6071534640076967,0.8134507345482793
44,4301,0,0.005889337669201843,0.0058930262287519315,0.012326348170527093,0.009287628269545151,0.008882993539356638,0.03948740909852435
44,4302,0,0.0033047919528826205,0.003650551264948445,0.0026812079832857693,0.0054116938880322055,0.006973667616685203,0.01123276212788588
44,4317,0,0.005227085720677435,0.008418263510451255,0.00446583987829085,0.007365314880681767,0.01337807588680615,0.04848176760110695
44,4319,0,0.005626372427248736,0.005024518987371003,0.004165646841881533,0.006096156252756958,0.0613205052656703,0.0980236127986044
44,4339,1,0.693603226301085,0.5550654909958803,0.6178341976865426,0.8208734970391958,0.6364695841420093,0.47905554671573847
44,4367,0,0.1145512757437433,0.05126475261345245,0.03604780293360906,0.04168598102596149,0.3043474089666492,0.5686588381958527
44,4378,0,0.9088893683470349,0.9025208742970952,0.8462669963896399,0.9264730308657811,0.7436928952578611,0.6072528737262958
44,4384,0,0.49796179822725756,0.6263861085096604,0.718895399236134,0.541840495912706,0.7175796932004851,0.7427415159646067
44,4394,0,0.2496564945923232,0.21126374701003178,0.23617071279524102,0.0533674396489414,0.39717473578970125,0.4436575311346302
44,4398,0,0.003964923164693068,0.004490519614719992,0.0024050835762024192,0.004481456917957217,0.05658101354106809,0.12360229945330674
44,4399,0,0.1962357311715497,0.17184015940072125,0.2559732070518216,0.18603952338472937,0.17876231682693053,0.3072498588463105
44,4422,0,0.0033142136387292794,0.004329726696738816,0.005699387064424538,0.049656759930190565,0.03363952958469431,0.012044261788229826
44,4451,0,0.004338745329743285,0.005496760690135704,0.0033580861093347983,0.0031383028088749214,0.006916715285218906,0.03733498604415552
44,4457,0,0.4883900752029193,0.6191276154079908,0.5383842354779805,0.6991646138679504,0.23742704643588133,0.35284263591260756
44,4473,0,0.01487995438457121,0.02212680969024911,0.030443976854039316,0.02467122752169093,0.20544359355120376,0.10489770030777372
44,4504,0,0.0004476646154094068,0.000279160608962509,0.0004206793577619004,0.00029895420948922895,0.0008897932567984791,0.0023016716136222124
44,4534,0,0.9101416928356463,0.8888939635962648,0.8226082343353338,0.8730010445789717,0.8699019111329086,0.9090140834664905
44,4538,0,0.008510556911023141,0.005055954795329377,0.005864699399486184,0.003934516641911835,0.01131478636738566,0.16904038763343907
44,4559,0,0.05403322126841288,0.04862307865199457,0.1168715148410364,0.07700388961828952,0.04900552679714677,0.024895941512333906
44,4567,0,0.7288043306867378,0.7477121965723129,0.6596667703926432,0.48848711462321676,0.06076298614743565,0.11551092483977252
44,4574,0,0.9511195839204161,0.9429027869882878,0.9652441155343029,0.968677539731025,0.8564792172886408,0.8187076049991648
44,4592,0,0.05855026012269239,0.06257204970492657,0.025678190950403038,0.023308609255322868,0.21300033425510667,0.3050243303717761
44,4595,0,0.03371256951355892,0.09297983125642227,0.032921271314660897,0.039221479263377775,0.008684872744173037,0.0032583504201186453
44,4597,0,0.0037235403863572544,0.0035164490529526215,0.005050149687095148,0.006000138445633341,0.012842399258557055,0.054050447398397615
44,4603,0,0.656368720888254,0.7191797754723736,0.580015945583026,0.7164638388005193,0.6525439251720591,0.7223394870739142
44,4617,0,0.006041840074428069,0.00578014027372287,0.008381312731864805,0.010157212889221357,0.05631286137235024,0.2242679673327039
44,4628,0,0.8590384684845294,0.8101236117826843,0.7961376028173109,0.7397617760997552,0.7026360178344061,0.827953009196669
44,4649,0,0.0004351749867730851,0.000279160608962509,0.00040521992302154365,0.00028380667081155116,0.0006901420506052691,0.0017608475575451848
44,4653,0,0.21225499824176833,0.07920693000300927,0.1300848201009797,0.037187725580608004,0.03580230387316118,0.10445307425037266
44,4660,0,0.4632924261094383,0.1199670554996296,0.24426883858994086,0.16342799742117733,0.1789067087958996,0.04870851730775293
44,4678,0,0.001493905287968778,0.0006063856935950285,0.0009929406174757336,0.0008345643550376555,0.0006114536184958926,0.003912504492020469
44,4681,0,0.3774388435328475,0.5105883170816679,0.36753579541205283,0.6257320874479518,0.5007219913594538,0.6089507425767308
44,4683,0,0.8378630574319466,0.6924904403480395,0.4998971150707712,0.8287036569165669,0.7432290281621506,0.6308674268007128
44,4721,0,0.6434023835375536,0.6980985563113961,0.49644387716019767,0.5552136701178297,0.6360203145477856,0.7119586950242859
44,4726,0,0.01160235507905819,0.006074445230504185,0.008974015223021116,0.007381148573747338,0.037545540329260454,0.29117142875028024
44,4739,0,0.1958713803118208,0.0965657343311704,0.2187803587103272,0.18209305110978175,0.17949635625821933,0.2114078526273701
44,4743,0,0.08791512593396959,0.06781301085022101,0.056286857254730274,0.021766755270645036,0.07233701222441455,0.1286916533799956
44,4746,0,0.0009304355556591004,0.0002886167478404057,0.00037990773166785827,0.00029041513792432076,0.0005392575486703025,0.0020778300629833574
44,4750,0,0.4702388082285414,0.7493769399494343,0.6889844436367454,0.7469625393026323,0.6845533841302084,0.8020652712135709
44,4760,0,0.0003584808611890143,0.00021308357559475543,0.00025716761103550305,0.0003194399571807061,0.000670241926520572,0.0014978996179635547
44,4772,0,0.0008432649882965799,0.0012408824250212135,0.002225807123411984,0.0024496316898949856,0.039428776136422795,0.024696874354128286
44,4817,0,0.001665117163448868,0.0016563729498194147,0.0027802420467887587,0.002535553879976785,0.0029709621114038863,0.010425383942064319
44,4830,0,0.4691886750714154,0.5800582466054265,0.5331296906062273,0.22144190863240937,0.14980278004006162,0.1822895164839004
44,4839,0,0.900991143429305,0.8731226766937384,0.8073875657040204,0.8792744975300179,0.516735419598576,0.7678385090704295
44,4860,0,0.4509954523198961,0.6079343983510856,0.519593112434605,0.33894853890254595,0.3472173940653118,0.4481474687066511
44,4908,0,0.012486352616193165,0.01702443802519527,0.0379599142040813,0.006056027550186851,0.04557062369159193,0.11657389772901947
44,4911,0,0.36936279278332873,0.46345006991776216,0.6186924341090937,0.6108940764979354,0.4674324035672122,0.8198827348475913
44,4922,0,0.0008026360317076079,0.001518900443864584,0.0024200244424462144,0.002128332528327346,0.003158373009721265,0.05188693633013985
44,4938,0,0.11558294436744468,0.10839911035922364,0.12776331886994413,0.12218107622047344,0.2006539986509617,0.35283807071932316
44,4954,0,0.5086770324509768,0.6229967465461153,0.4480183224877847,0.5145085977353931,0.35403964873431265,0.6828550864891723
44,4972,0,0.7096520192360054,0.643608644127986,0.6827990351884958,0.7482047027498152,0.8721655294296977,0.4495094865565616
44,4990,0,0.06808050680486617,0.02004832203965432,0.05327414204520532,0.0541108793304532,0.11559860568372984,0.3682814102270423
45,5,0,0.388297796051973,0.2564165431341503,0.3736660767862465,0.28702008640355364,0.41252300766371514,0.3367875386475714
45,16,0,0.16836536793576415,0.06524090494979287,0.13465214835249964,0.14722045074161422,0.31626349624448585,0.05473409929725268
45,33,0,0.17496282686279518,0.17836553575403963,0.37786454453567164,0.20168951351751305,0.2902285660465214,0.5857692068496454
45,41,0,0.012474903144821217,0.006478305378161887,0.019860729028587844,0.029021822291448115,0.020273914528400862,0.05443098209265697
45,46,0,0.6705084161178114,0.7533141436371471,0.6589480339677205,0.49528769426726177,0.3475957030131081,0.3813591200920343
45,59,0,0.7490333561491882,0.6429325032280518,0.5594171489784772,0.7589483505461893,0.49136532013136236,0.30654692140730083
45,65,0,0.554945120920525,0.5245117770758179,0.5000445472636524,0.3114116443196245,0.1979811997554503,0.2628115503238441
45,113,0,0.003213130105411548,0.004650114457647796,0.003525308736437734,0.0029246795682863185,0.02023124664190888,0.07202267394695236
45,124,0,0.02317348169815927,0.015495927178745875,0.016990542793520615,0.007789301986402348,0.04410189120506275,0.0760231829533125
45,129,0,0.2751510947732318,0.15488634135390167,0.06988445852305175,0.03874994993117596,0.16305638840683784,0.22903704883188983
45,142,0,0.005667474522518276,0.0038918091643670486,0.0060107469349067145,0.002657809631113708,0.02573181411282742,0.07549104886671137
45,162,0,0.8334939826662591,0.8340189282793979,0.8490175705341113,0.8244222488140385,0.8078816318389719,0.7860907526421856
45,164,0,0.0004476646154094068,0.000279160608962509,0.0004206793577619004,0.00029895420948922895,0.001272877327229833,0.001617387857632719
45,165,0,0.008791061100931455,0.00579720162362482,0.009321344955749598,0.008946599296051001,0.03367736004583415,0.2239403971372996
45,166,1,0.6204336441685383,0.7511360336112203,0.596683255603445,0.835366144790679,0.6303773590541655,0.4294101809624963
45,173,0,0.004543171437945806,0.006143933459617089,0.005968886475621417,0.0036625243261327123,0.019674957349190787,0.12167362671806894
45,175,1,0.8479429581319701,0.8673937234106857,0.8339500546601932,0.782302611640373,0.8300673752286954,0.6988228412906271
45,179,0,0.0004351749867730851,0.000279160608962509,0.00040521992302154365,0.00026673242644753315,0.0007106723008423347,0.0017608475575451848
45,193,0,0.867451112269153,0.8961555378059471,0.8182293967212264,0.8446208720369092,0.8135887637726399,0.8267598314800438
45,217,0,0.5870410703585676,0.529403329293281,0.7183143398360717,0.5303451768400108,0.7736751102338725,0.6883186010126644
45,231,0,0.16797810679388855,0.11618408501931114,0.07294897211011304,0.14548780564107663,0.17214593937420736,0.26855821549018416
45,232,0,0.9170730677437469,0.9682469696365067,0.9517770197298058,0.8494219109236426,0.6949397801385776,0.2534331626882133
45,235,0,0.019011319706410637,0.017830901573043925,0.02584063900033399,0.010320017375472558,0.05787949811269822,0.04463892423681294
45,240,0,0.010719498853270941,0.0065982301184458764,0.013889177899172747,0.005429451729301767,0.06537399111617881,0.05711513423294889
45,246,0,0.0804057722646528,0.03670005526709446,0.17801008092179935,0.1725048532199755,0.12904139589228744,0.2888215173351054
45,258,0,0.008200869645025208,0.004128822167409329,0.008320325800098722,0.009863186108728106,0.023425716921113813,0.3741552677493566
45,260,0,0.7283406406265326,0.7902204131997137,0.7646020830462279,0.7616469711727071,0.7771425425318557,0.6919032660860586
45,263,0,0.09475539803858311,0.0914167002200599,0.07850756678304249,0.06923503036504867,0.13500531759397894,0.07399292679751406
45,275,0,0.004580908279600698,0.004555158861100887,0.010433693216024314,0.0032265103744928652,0.006497541370300125,0.018617403443128358
45,283,0,0.003918101996757681,0.009475519887173173,0.008784398115800547,0.00159375917598905,0.018688140030678067,0.036346146425994784
45,299,0,0.012048572594129742,0.013292419665058609,0.006661844916866231,0.005364785801565471,0.04950302914608424,0.09595720670831244
45,304,0,0.002343215356228582,0.007665371407415029,0.007665390394184644,0.004394842694732794,0.01502388628996229,0.025996016999455678
45,319,0,0.5581189476868547,0.6631177281381218,0.7673953222800567,0.8855110134313049,0.7943837128901675,0.672872063781428
45,334,0,0.5788445868587669,0.20081039024081995,0.5480948772621795,0.47470400941401847,0.6843998118533615,0.3264321855685694
45,346,0,0.7317625613292047,0.6524854433104966,0.8440169400627129,0.8971671100424605,0.7223313650466754,0.778492449939528
45,366,0,0.004368017777076692,0.004605670933944798,0.0019921546318754017,0.0029872397425072437,0.06495618243703227,0.10043972185262438
45,373,0,0.11326523100191051,0.1800364454466839,0.07563801272000614,0.05693813100193369,0.08286765484486606,0.2213174810894716
45,407,0,0.6336525427983861,0.4109860272925422,0.4394596111104426,0.2778988637605359,0.4398319224685316,0.5634693175502775
45,411,0,0.32245406401462917,0.4675977384760857,0.23728990302589617,0.11714666107987992,0.18154318509786163,0.6614706654864494
45,419,0,0.8886991152075475,0.8974114152195931,0.9233208044084306,0.8571119652410442,0.7326445042754818,0.6408625774304885
45,428,0,0.012970957585741941,0.010535104032959102,0.01085211705516858,0.005725504886200844,0.08042219507448152,0.0728486275077724
45,441,0,0.17547197131109338,0.10109308756388083,0.2562086795123353,0.10240708706406441,0.496638932573419,0.5872467788432656
45,452,0,0.004276301088945489,0.005120855164748162,0.014828326739727608,0.006130014936237688,0.1444020290549869,0.029586401656172788
45,473,0,0.44940146701306943,0.7291177162005715,0.3477916290896231,0.1750834539024767,0.2059010348747768,0.07607459518202636
45,478,0,0.06144081726590273,0.05650894348026539,0.33306297314477395,0.15845585833172177,0.4639385442425959,0.13798731455341678
45,484,0,0.7944656768222451,0.8237798589496034,0.8202025042922876,0.7327250626407887,0.593762975148559,0.6059815645025932
45,487,0,0.5635626964146488,0.5337014080024689,0.4982378829103717,0.21020342250733498,0.33849863623921106,0.5793704958863876
45,492,0,0.7229686341334841,0.7766851866069407,0.8754897645130142,0.5997269738147181,0.7150939512223828,0.41246535385356625
45,497,0,0.001402992512997876,0.00276684512351791,0.0015975483041097806,0.0021311279590153277,0.00803775434427632,0.05968796423510593
45,520,0,0.0010757180662586726,0.0007096749072048431,0.00260939158349296,0.008488015328160476,0.012250788380455818,0.028063320164065427
45,524,0,0.007573857146148741,0.005582452757914983,0.0203551054010666,0.006082210772600373,0.02406077829424608,0.22309448710575347
45,529,0,0.2630216508012479,0.23188058353193153,0.07305446947352037,0.0295016495489663,0.07261597454139085,0.11009612709392302
45,539,0,0.05537082665260691,0.04565700648909732,0.019928157615115478,0.01595530124768448,0.027720365215241228,0.1416878660933006
45,546,0,0.017345574367701552,0.004895398580598147,0.01734397266690508,0.022323559814793385,0.10912818612824073,0.49812285621770774
45,555,0,0.8342530479736082,0.8863752512823877,0.6661109215672436,0.8358444065985977,0.6834803606186609,0.678542902635608
45,577,0,0.029087311106186647,0.031727940230696534,0.052653413217608365,0.00801109729276921,0.0680614502900208,0.20402309394489854
45,578,0,0.3447854951726114,0.3217417372169663,0.25016491901266913,0.13913995452945446,0.24002390232117965,0.6475355518369144
45,579,0,0.01149337841807725,0.010652205075412537,0.0035502572805151096,0.002663026029906944,0.017377685968507667,0.029750904396142593
45,593,0,0.0012737687433214612,0.0022219416863079235,0.0016151715431694913,0.003398579751298509,0.005914826376953751,0.020554905232161504
45,608,0,0.46517188804628506,0.47970994024226543,0.25322696927666266,0.09968423290177088,0.26156403351391605,0.38869144459999266
45,615,0,0.788573338349461,0.6634050362782061,0.4893491749129326,0.5644410830370167,0.15350909795831302,0.5230111717320008
45,623,0,0.9045981668744794,0.797660374288548,0.8781348659093867,0.9241936100036885,0.5257764286617629,0.7466818506418041
45,638,0,0.29629684204725915,0.3483370765267071,0.38297831001386023,0.43076529660099777,0.5330911761287008,0.6549381913205548
45,640,0,0.49527016246437,0.6151205975244766,0.2461635447179254,0.3122405230323598,0.359087714048796,0.2299859020016487
45,641,0,0.05955322147578561,0.06336147313345825,0.11865536350930374,0.10724806581295517,0.07910201248164041,0.039094442155490496
45,646,0,0.8651424097336067,0.6864344777407404,0.7946353175901644,0.8477524502947539,0.707158641901528,0.6603372947625049
45,676,0,0.03130892313803319,0.004081127039783813,0.016519428559424006,0.043836157347825914,0.05582407070927373,0.08694447155854458
45,678,0,0.0004476646154094068,0.00025427988400237634,0.0004206793577619004,0.00029895420948922895,0.001065876234075139,0.0015442963831651306
45,695,0,0.8336904442251214,0.93795306565015,0.737564208625309,0.6669903231920614,0.5571150556971847,0.31582719363322964
45,710,0,0.5523501443172977,0.5881977738541849,0.24919672187664088,0.3532953148114919,0.6681911713049825,0.6992860249017495
45,715,0,0.49097388049648033,0.22510666081847192,0.54897963420367,0.03890629463409283,0.14207934929614888,0.10334909769130747
45,725,0,0.12862094323901704,0.12233086603845064,0.2627725424880222,0.28391526372892256,0.579252458920572,0.5553604043108162
45,764,0,0.6363398753493206,0.6419174250885852,0.6860499350008356,0.5588135551309392,0.47651979434027353,0.5926783841394193
45,774,0,0.8922943406333125,0.7803199416006361,0.8021950921013966,0.7758965742258362,0.810222691252232,0.8104394008691823
45,787,0,0.0004476646154094068,0.000279160608962509,0.0003954518169297836,0.00028715974672648945,0.0007863087208560058,0.0024270037995865646
45,800,0,0.015164943680020372,0.016968724453922533,0.005255085793766068,0.014074915040709238,0.019057678374835078,0.06414762155303132
45,815,0,0.006841984498197726,0.008496276432401957,0.0045973033583652095,0.002699196238535002,0.009952509942090957,0.03728434175410026
45,844,1,0.839499299124042,0.914075190971606,0.8607951847480371,0.8437607117966531,0.7448089707711176,0.7090473479681585
45,849,0,0.7651688777033417,0.800118535877032,0.54702809921658,0.6830254214168081,0.21885313068752651,0.6162231768730401
45,859,0,0.03321808569938965,0.04704702623083886,0.030195973128549655,0.0047427477104268435,0.07542018728310847,0.08843634106267496
45,861,0,0.012510032959074146,0.009851298378256308,0.024758450413804835,0.01578346622841726,0.09976409338498596,0.2944115919863722
45,868,0,0.7828034580275084,0.8644715739680559,0.7172326817366792,0.5452974586608783,0.841584423822334,0.8640314022637253
45,892,0,0.0008114840478557988,0.00033628680970666417,0.00031785642996123967,0.00036049477125364856,0.0003186243600153568,0.002220036758873183
45,895,0,0.06462575774080188,0.21562459116633406,0.05601213301695835,0.0750073164189326,0.01415435796723908,0.07198443255180606
45,913,0,0.004728607281872758,0.01349308459310398,0.005653944066740603,0.006781119050481555,0.053695563268167906,0.08259439337742863
45,963,0,0.0008114840478557988,0.00033628680970666417,0.0005091443014270235,0.00037749262532963643,0.0006174911359884476,0.0016859695137666033
45,980,0,0.024002131419364046,0.009574496323372934,0.020704521260272193,0.004943397760468379,0.04564786474599403,0.061053936307412744
45,1011,0,0.7883761392022215,0.8215106317849846,0.8250550587842925,0.865843481663426,0.8436971240958204,0.77475700517333
45,1012,0,0.0023357055457704527,0.0015652372518921373,0.0025509158833523994,0.0031205813236641253,0.024661182151890407,0.022712592620394025
45,1020,0,0.2038185315378136,0.2586461528095914,0.27693006253338165,0.1739878677852586,0.05982897433033068,0.04831734138002834
45,1023,0,0.03091922388445026,0.007464873926666283,0.02144517376925654,0.010499320537337353,0.11801628839302741,0.16674232730393346
45,1031,0,0.6285909265669957,0.6366247367219807,0.5638664607204943,0.6215853691644514,0.5416491574455436,0.4980430304691394
45,1039,0,0.5838375223845195,0.5215186100892314,0.4481297587529381,0.13686228582872717,0.46430316461780274,0.2735921089934028
45,1049,0,0.8287455541382714,0.9083277350541737,0.8967550630281604,0.7061450349993549,0.6157970254152807,0.6488198684737236
45,1057,0,0.004805109390484652,0.00434094735061499,0.005268776709572539,0.0017112216836090571,0.039379680973348034,0.03257565649772371
45,1065,0,0.003854770161070187,0.006444182950475513,0.004981810337609872,0.01427248082324454,0.04516422053764347,0.160352312852937
45,1070,0,0.6803876398062149,0.739743835516796,0.5590504336878925,0.3999032862512302,0.2440624218502605,0.46547638004112346
45,1083,0,0.2633009654319399,0.20778252704475136,0.21659644815806184,0.2848619389122474,0.08960961947649054,0.06985638611655214
45,1091,0,0.005299683692703878,0.005188983148027573,0.0014607103618455596,0.0015171309106081453,0.007050863018375431,0.014905658407406916
45,1094,0,0.021316223570702855,0.047548826253798235,0.010843598931188568,0.014791408387036643,0.03129498160590612,0.06763432542716666
45,1104,0,0.2822095182318286,0.17129425760157185,0.10629491486366056,0.5894364985280417,0.3685223121518129,0.25592535075180034
45,1121,0,0.5276837522788526,0.5066206068096977,0.4995601842592232,0.5053828663235014,0.14632681575913092,0.36621385126288014
45,1134,0,0.0004476646154094068,0.000279160608962509,0.00040521992302154365,0.0002622104680969592,0.0004913818233985422,0.0021836000937192966
45,1135,0,0.027275331997614796,0.02097034091612018,0.021366750864475207,0.01504839362260157,0.10232190035665524,0.07159006430245497
45,1151,0,0.015114845523444649,0.01420591622015034,0.015518496686706526,0.006366433939722712,0.0706220940662374,0.04986535593999931
45,1159,0,0.25252433777585165,0.16545628733096554,0.1186224814559182,0.5338594371471119,0.10010195081416148,0.08299148573618062
45,1177,0,0.365591746117277,0.2147120983277529,0.3108242416548777,0.17334641580659205,0.3637756207576465,0.37107656632837477
45,1192,0,0.6032079582448702,0.38162742234425134,0.42902336625231885,0.327256502818242,0.28128006593249455,0.1944740285288389
45,1224,0,0.289104835381916,0.4831873972983586,0.12912615833820085,0.19897246561277343,0.3778769268294813,0.5933549556536305
45,1248,0,0.004154912272464169,0.003237269201274401,0.004472467023460091,0.00492918919548973,0.015437963085782078,0.026148411919188534
45,1252,0,0.3575314557105904,0.1465577378012815,0.20634400928558583,0.06751703846052935,0.5067700490452649,0.6528441706999322
45,1253,0,0.0005661603935579109,0.0017716525350931814,0.0021664359906257724,0.003031087743831816,0.010727213275866686,0.011616988728902357
45,1258,0,0.00605039182162227,0.004812014990293988,0.0032675461044849004,0.004007164065001145,0.005904055211940484,0.02150498022594154
45,1262,0,0.3542498043207806,0.293730864659546,0.23166676653104804,0.2827493982373612,0.45040193115927446,0.6442348762979334
45,1266,0,0.23028067815033015,0.23946765014150392,0.29472087906059,0.22040530235236772,0.632190221477042,0.33684151032839965
45,1274,0,0.018763523640935427,0.037596515007754835,0.019547662240632372,0.00842920928562483,0.14600691746306388,0.08789052668428952
45,1288,0,0.028716241152134347,0.014340994563936853,0.009555323777303332,0.011309575870104654,0.03115603854804288,0.48723650313492606
45,1296,0,0.828472693140632,0.6893315932884999,0.7244588899614739,0.8410682206256906,0.9039823364407751,0.8379166843568776
45,1315,0,0.8037299113292501,0.8421073475437603,0.767794295611413,0.7195769691687715,0.6887274966150004,0.6741126644266449
45,1336,0,0.016646684979707983,0.01018815249951886,0.014724780971952265,0.01642567591721678,0.06306546005871864,0.08987096908587655
45,1354,0,0.052545506942508834,0.10641848005146404,0.13364963267418783,0.15660903182394403,0.301298816056617,0.08073799607307446
45,1362,0,0.0036796460943110277,0.003166235788024331,0.00243444740892973,0.0029110393978389274,0.004120479205040603,0.007498861074668809
45,1366,0,0.22181917360686232,0.19425542075844687,0.2164286664969223,0.3040458374360665,0.41820359137904045,0.3898534440482035
45,1374,0,0.8940356553058859,0.8532973523289945,0.9125719125992866,0.8377451353693351,0.707841160014417,0.5167515198655852
45,1385,0,0.008677648229805443,0.006972132377313581,0.0026205090274567457,0.0038377712259386894,0.009675494321090794,0.006916680490076557
45,1391,0,0.0004476646154094068,0.000279160608962509,0.0004206793577619004,0.00029895420948922895,0.0011454829789191174,0.001617387857632719
45,1394,0,0.8304000913351558,0.8101270954201563,0.6835275687479113,0.7689631351769031,0.5746762798837006,0.657235480996071
45,1409,0,0.01953901729521731,0.022385980192217797,0.007063808607926639,0.014181368164172866,0.04001470478246114,0.03890024680333458
45,1415,0,0.5716852998249836,0.5311715708731309,0.21121376773801465,0.36508382908665726,0.556453458941407,0.3840888406260069
45,1439,0,0.00893010500798782,0.004057255987647794,0.013090592339213834,0.008706455561103988,0.05734326198883331,0.2888712639583297
45,1447,0,0.0007327032451858427,0.0015872354593323222,0.0032617105312189093,0.002840449175213372,0.005197372085886082,0.1231433195313124
45,1458,0,0.028688018874151698,0.018282985670234342,0.012470929447255084,0.035421226467131764,0.07956396686959623,0.0642563356216201
45,1481,0,0.001840759456742965,0.0013549504666314476,0.002035948479406983,0.0021833151349006283,0.025393825609783156,0.01958332624523182
45,1483,0,0.5006943313403365,0.7386060150778866,0.6255891638662269,0.3843956875875047,0.367963134798368,0.06027777435881263
45,1524,0,0.4765069331244553,0.35549694937024456,0.3896453737148491,0.16072259899199828,0.5170417707227709,0.42781733649103526
45,1525,1,0.4839183689307654,0.4727697851442438,0.6199738739794947,0.7748862662854281,0.6035441293205498,0.5892110788717533
45,1552,0,0.27772664006976006,0.34126253415242,0.3441635995318095,0.36265327331054953,0.6262163574836991,0.5540080356716064
45,1557,0,0.044911222713962105,0.10376363726692595,0.01376548231763856,0.042138038758664044,0.6134353422406955,0.564350357095652
45,1559,0,0.0003530845910092787,0.00022589635428897406,0.00029213825850583387,0.00030118330086958305,0.0005427763252626198,0.0013991213768569202
45,1572,0,0.7745075100727052,0.846601551259789,0.8963183087920719,0.756570737505694,0.7907617354701401,0.8262455808225673
45,1578,0,0.002038323688784404,0.0018111902675885059,0.00912630597227146,0.0016393749991434837,0.018944715041536227,0.01725134002661842
45,1618,0,0.9323331553063786,0.8732878942834597,0.8942154020866461,0.9212043438825824,0.8081240718204725,0.8981751593929503
45,1621,0,0.34909456493304225,0.3528293576997338,0.16029308290269637,0.11092205401774675,0.19224544488758613,0.31958415739697565
45,1624,0,0.007015613439419299,0.007859539685386602,0.012423215713401029,0.00727228311055909,0.08472156814041748,0.06004596250740899
45,1632,0,0.8188178701384851,0.8554153168382879,0.4878145264249419,0.3970659066867142,0.5614559335745399,0.6680545613494316
45,1635,0,0.8354436157630633,0.8166053574113589,0.8486901264364503,0.8394602395357924,0.8450814577154837,0.8932518255275095
45,1643,0,0.002520350515391721,0.0026885500777485824,0.005422581068685705,0.0069473953553283755,0.03222811032025783,0.1433773246859204
45,1649,0,0.8842763349211871,0.7542167576377878,0.7833792098075703,0.8431218084108042,0.5105794283068766,0.8176844649876804
45,1663,0,0.011002978148242816,0.003601106542299464,0.007326566589741132,0.00679391955557422,0.023833620623041656,0.04712794698769129
45,1681,0,0.7367652171893349,0.7676370290442032,0.4333633484556088,0.44297486702545796,0.6089280913396972,0.43992113907012903
45,1695,0,0.8292546315896202,0.8154806448436812,0.8583817068107088,0.8709928063423054,0.8765312092471066,0.8563327546761181
45,1696,0,0.0004476646154094068,0.000279160608962509,0.0002744970518962439,0.00029041513792432076,0.0005392575486703025,0.0020778300629833574
45,1697,0,0.15735487697313258,0.4053358637801421,0.21688607489057418,0.005299234339493248,0.07179887847048155,0.05095859405819559
45,1760,0,0.7769350882302518,0.5136888350178618,0.4764320075037823,0.2805353001368081,0.7943651086925492,0.8092118986549457
45,1762,0,0.01800239484023126,0.007181322461580072,0.012273382443270116,0.006991286270867502,0.10854492801045855,0.6280467587186876
45,1768,0,0.20085885163598566,0.039248403930832565,0.05035035655854694,0.06374457138783117,0.3402304138185812,0.2720149978467218
45,1781,0,0.018892180906790793,0.016539100922858943,0.02603490098164088,0.007210682181965561,0.024607507389037664,0.08457748607856422
45,1793,0,0.4648221480447963,0.2925832760727105,0.4625468710436073,0.13213684743549475,0.5497261661706417,0.5626071882228364
45,1803,0,0.0003584808611890143,0.00021308357559475543,0.0002570828537487564,0.0002997435245016165,0.0005487868923713518,0.0015098538812820435
45,1804,0,0.007377410672606309,0.00847633766897264,0.012153971933504678,0.003877167417523528,0.044046790753438626,0.07615849261559628
45,1817,0,0.000348478549168628,0.00021308357559475543,0.00024174326491811318,0.000314478102239775,0.00044324223282612166,0.0012215469832627765
45,1818,0,0.7528042899589708,0.6969086279126486,0.6268596861997434,0.7031166950064343,0.8102232486325682,0.6737494531846744
45,1820,0,0.11729102793360816,0.300104518625086,0.12647969520114177,0.18084036581991747,0.13211497342816267,0.19354985628676205
45,1830,0,0.031817411009486325,0.03555698226510704,0.0394602267002769,0.043411787814510244,0.24163812381266414,0.20942252131491584
45,1854,0,0.7962755602074822,0.8298951395675875,0.8044532235727182,0.8295598175496108,0.6674292240313103,0.5749253713010137
45,1876,0,0.5516361417349894,0.5722563997504782,0.4910707065844677,0.45347397638421616,0.7568249316160195,0.8325299828830777
45,1888,0,0.840811878050316,0.9042630668629211,0.8742233780547363,0.7910378213425401,0.7939782750247291,0.8008929616588024
45,1891,0,0.4758046100691072,0.547156906122047,0.41715481007352556,0.5262120022308623,0.6700646658707249,0.7728259448627055
45,1926,0,0.003088932237109212,0.0061723643874560495,0.005407379202468174,0.004669752572193661,0.02604066382006338,0.039914061518113414
45,1940,0,0.8352007340535821,0.897489821091849,0.8935406976562671,0.8602546504466625,0.9070295335435038,0.9008766539160502
45,1952,0,0.01837685468502949,0.015240727570097132,0.009079519373195252,0.003718669522678761,0.13446312537220537,0.15570349866063157
45,1963,0,0.8655754366197465,0.9029608762966925,0.8837662449267631,0.9021400913718725,0.8971477710034398,0.9224668026992824
45,1968,0,0.01746587444816521,0.031441959025632425,0.018768379042311992,0.012566745938666574,0.1265742422220846,0.16600681996989822
45,1969,0,0.8038269863822555,0.8188015628236793,0.7866902763414897,0.7115447683575816,0.7048271246322269,0.6498008356480406
45,1974,0,0.0012692868869315721,0.0015296525616614889,0.0025328408184174017,0.003914221581440108,0.03299935907439153,0.2708460281388337
45,1982,0,0.8499133648578682,0.8265565031834984,0.8184086723654237,0.8073397683795832,0.7123865102686464,0.6959298312153979
45,1983,0,0.028554380993453313,0.024454737639276834,0.04182611202896899,0.010119177280069402,0.04904287008097402,0.05699204449830847
45,2011,0,0.21976798299238987,0.4510293225064284,0.30925178899553096,0.3870417908031786,0.5460550425767664,0.5394100371845792
45,2054,0,0.0015244843968328938,0.0021118620580009985,0.004377172104963172,0.0065236835693813534,0.007763588974541676,0.10231154233461368
45,2060,0,0.05828100162479653,0.10295004280527954,0.0316459002503229,0.023239793665233783,0.09615430865914217,0.09872061707680005
45,2067,0,0.0038277413860913463,0.004725911484900954,0.0034048714167640485,0.004128390501806849,0.01357780040174676,0.029743324722306827
45,2072,0,0.10918652242351462,0.054149781926529326,0.27066810693041365,0.2932417270560864,0.4073620733367073,0.3917035205740052
45,2086,0,0.16297394202807966,0.0640484303457745,0.10273664041804415,0.11030232857427612,0.4108926409454662,0.44547380178753865
45,2088,1,0.6831318694175683,0.7998600050461241,0.723946152035372,0.7572786240912109,0.5354051563125999,0.836222522414159
45,2127,0,0.000348478549168628,0.00021308357559475543,0.0002509311093206775,0.0002940484435392312,0.00035584578702406374,0.0021599304412523884
45,2131,0,0.9025729196854915,0.7662570785386582,0.8825576303536465,0.8018653709180574,0.7929961797387091,0.560343794543669
45,2145,0,0.22241512141029007,0.18939818642895484,0.19214170678143877,0.16275556786587486,0.4494884598301139,0.761531684253923
45,2152,0,0.3409134747646249,0.43936706955100363,0.5184099701154354,0.35495934701932885,0.2825047425522331,0.6225698289645453
45,2188,1,0.6718117290124623,0.8303006131269668,0.7882003164386205,0.9173074557760781,0.7306215098035098,0.6888391201267515
45,2203,0,0.48445485856287,0.4755743409054163,0.6719194252740441,0.6418207855192272,0.4402997165747879,0.28911661843513653
45,2212,0,0.35927114046856,0.5080939758581652,0.33724001604726683,0.4264384797000832,0.6454874365797374,0.8268973931808108
45,2216,0,0.23951170332772007,0.1509062052105826,0.2976426569706248,0.2165236706839139,0.6169974173222667,0.4851849068364585
45,2217,0,0.0075371268955626075,0.017540676426708618,0.020421507784010334,0.004800554148877893,0.06443426968163832,0.04011237093207933
45,2235,0,0.3375095687748688,0.3513794947912499,0.5250440462081989,0.1678470427600218,0.20070378407071005,0.570786726710091
45,2247,0,0.45984553474774165,0.399943283827671,0.43154202400129416,0.13677792863850877,0.27315395533544556,0.7682754089484135
45,2272,0,0.002805089249000558,0.0028971888389233147,0.00740305407730107,0.005429093283586216,0.05335586184080596,0.049839590053830915
45,2316,0,0.005997222402057978,0.0069855502668560426,0.0017084293546990486,0.0034433837529181536,0.008938627594739373,0.009194193664465621
45,2320,0,0.0004476646154094068,0.000279160608962509,0.00040521992302154365,0.00026673242644753315,0.0007106723008423347,0.0017014701321662756
45,2326,0,0.8281091392069425,0.6830680155660814,0.7088413308960281,0.8734986771996551,0.7229050967082107,0.716274214668311
45,2329,0,0.6612743164833281,0.6949441840457612,0.6388868075568648,0.1567341795172966,0.3655479198901558,0.26138219027443915
45,2341,0,0.007735183788371141,0.005646375657148969,0.0076190428812836246,0.010266044749641406,0.030073190817217762,0.04829906835229443
45,2347,0,0.06792500576945357,0.05449806770461635,0.06166623000541966,0.10605381024490912,0.07620701700720274,0.48156375427128434
45,2354,0,0.00379078781153122,0.0033428595508680874,0.004029866496800285,0.006566644840949323,0.01938789966622828,0.01399493085359126
45,2368,0,0.7878768941595163,0.833803027650325,0.6833517047169215,0.4893726992841356,0.59217981695325,0.5716090195514925
45,2379,0,0.001960565075908327,0.0016199676391403415,0.0024316032748489163,0.004067071872236093,0.010799075594791499,0.027123834023114662
45,2388,0,0.0259200814893468,0.007141021391820591,0.01339330063221628,0.009713533254941217,0.018684045766437524,0.03873792354386434
45,2402,0,0.9175956750031703,0.8540316307646935,0.5724996312926535,0.8258782547581173,0.7861422495511604,0.7236273597980615
45,2405,0,0.21813901833173135,0.22096822488269555,0.1690633365404453,0.38304894982810433,0.5600353094674153,0.6252840208713205
45,2417,0,0.08927695066711598,0.18916353098479582,0.11834519437641769,0.06231526657201296,0.1437674020818093,0.08600560887157097
45,2427,0,0.6935118459296394,0.36778367747415924,0.6544791092462645,0.7939310245115249,0.6212090712371294,0.500924124417189
45,2441,0,0.05258254694786092,0.05871960500719828,0.019718174802440494,0.05126556178013028,0.0939965587249007,0.1099587180191121
45,2442,0,0.041388195687793276,0.010092137356708816,0.051389865813336835,0.03262484054333009,0.044668889554670556,0.19399639023637918
45,2446,1,0.8369259933557512,0.6524242405393017,0.6425348755744584,0.8561242974023452,0.6980992021342657,0.6094030731835398
45,2449,0,0.0046504764931707635,0.004201659651370656,0.004981319284064568,0.0033983528282824057,0.00804064483102257,0.0659612553998473
45,2460,0,0.7766546177651861,0.8010269338651419,0.651298560689257,0.7346654826254958,0.8083278581228521,0.8105253403234921
45,2486,0,0.6162038252190802,0.7186083871008285,0.39979562779060784,0.5908274798113422,0.6269896994826981,0.6721161181881115
45,2512,0,0.3413449578245579,0.1618585094482871,0.27807899794100005,0.2669783515295403,0.2735343968708385,0.5476212082706989
45,2529,0,0.8433866409392712,0.8698565275380314,0.7389847729043204,0.7199858762822084,0.8642925298063915,0.791617346128939
45,2535,0,0.055972750201672763,0.006331276601830694,0.03289559954289876,0.015734585901532424,0.045603294301748316,0.04036335986635796
45,2539,1,0.8181633157803553,0.8260057131756523,0.8529977720644722,0.8397402066567202,0.39098962959201283,0.6420419917366673
45,2553,0,0.49216167997907534,0.37016337575341995,0.3845907927968299,0.43107093891748854,0.2400995479354939,0.10179107390561282
45,2557,0,0.04622705901139791,0.02892168358607954,0.08854899595250706,0.07221802794081382,0.22091267321811836,0.6184487999569404
45,2563,0,0.38943925130492785,0.24146369597215528,0.4670039954408547,0.15967612782604973,0.47373311426395925,0.7797961482777556
45,2601,0,0.049282596122221176,0.09345620598627379,0.12696757800585193,0.14610982532993924,0.649761555499412,0.5197029283006263
45,2607,0,0.2920666571923946,0.5702828768653816,0.18607240037223688,0.22931331695767543,0.19393717765096194,0.6915028324007916
45,2612,0,0.04088800387380968,0.017077925298981552,0.12205353736807512,0.11374433261816513,0.28004216905266205,0.41046860091628795
45,2614,0,0.8635862705039544,0.9167572580301087,0.8623276350830852,0.8391463224211809,0.8077838821385366,0.7537161985402208
45,2636,0,0.024033412291766133,0.040413510720285664,0.014259775647901356,0.014153972030090136,0.04612461385083215,0.07161069088782182
45,2637,0,0.004324988751046839,0.0034260999032582574,0.003924203143856816,0.004316066892480353,0.007019531195460024,0.04358182784599487
45,2648,0,0.004028223052770164,0.0036844233222062704,0.005790374972929593,0.0062158427062705005,0.07024541533446166,0.13626601523356904
45,2669,0,0.09002149844021534,0.04757403439630286,0.19116452166718934,0.11320974235785712,0.3854742347335856,0.33722845143446634
45,2672,0,0.008600705901270841,0.003724800455395699,0.007450824173063907,0.0031373394202047515,0.08469762016787186,0.043312285424749
45,2677,0,0.0635273918535084,0.08379196587945048,0.07130220854717795,0.05252130977530109,0.16214137317066127,0.11931007483880804
45,2695,0,0.3685503177718529,0.5261009989630847,0.45183354352907684,0.3016170579675946,0.5082610754068898,0.5514594581185258
45,2706,0,0.015445103698604723,0.017715783461220692,0.009685832108884716,0.01706541691380469,0.033347361605639635,0.06467964230438292
45,2710,0,0.020552868014989196,0.025057694996310227,0.01878203029748851,0.009233309442656929,0.02777984515155067,0.0705445679787055
45,2719,0,0.11534826797597517,0.055185509936931054,0.1317932328029133,0.10349847245414723,0.0983470921123086,0.4540005649880809
45,2734,0,0.008138635148824451,0.005312197162730595,0.004686939402594235,0.003398696253156051,0.009150034021786735,0.0940359568144632
45,2742,0,0.9177708440327693,0.926104770118589,0.8287181886163656,0.7874740307704109,0.7913522014379771,0.8174511587225085
45,2748,0,0.07049123666457195,0.045504246740728026,0.10646320060493626,0.11876925601494553,0.13052363834318884,0.10970488407040607
45,2750,0,0.0035198004035541983,0.004154228328814374,0.004100696411155946,0.003997819735524069,0.04237188815784328,0.11493848040333388
45,2760,0,0.4626122595584742,0.41032901989638915,0.5858172091867526,0.41645896865221343,0.45882846074079936,0.4727699193737275
45,2780,0,0.7407997731310577,0.5674842959241077,0.5287245390206944,0.28792340033710884,0.5783223140126647,0.49377151859458207
45,2789,0,0.14911227470408225,0.22895897604281162,0.1310334444073892,0.12958771447847658,0.20957616684308855,0.1115020218062377
45,2791,0,0.16654259960764256,0.08296795312344256,0.09519820116433543,0.05236018395622176,0.03903741578997119,0.16834090400822532
45,2794,0,0.018483991420423496,0.02574413803979588,0.03165737871148831,0.019138703091094195,0.03230276428617042,0.18123248366784991
45,2826,0,0.18667325712577937,0.12877985833471742,0.141135210123917,0.11002986679591722,0.22008701024600605,0.19700379723759007
45,2834,0,0.006102171588739219,0.0030967754412695317,0.004479692795545022,0.001498300119596113,0.007140576317371494,0.01774097877606543
45,2846,0,0.8496167232735728,0.7928468101479386,0.6523031047286328,0.8205475036075057,0.5551425161302781,0.28165889347223494
45,2879,0,0.35271449851952735,0.2852164662277349,0.24803604124399964,0.21514363354179347,0.3898529705776212,0.44188199093744834
45,2881,0,0.0006170132328379602,0.000291244283558078,0.00025929100263380537,0.00026955959867999235,0.00033143474695331883,0.0020778300629833574
45,2890,0,0.02356679598811651,0.01884438968475461,0.03643690517623934,0.008321389042310542,0.015364073671748406,0.04527782615439611
45,2896,0,0.05008805659611735,0.04176657159152658,0.04915071556318951,0.00897850917826826,0.09063111449142511,0.1723947556103549
45,2925,0,0.009142840090690465,0.00368303931102193,0.0038252924728118453,0.0025686853559067804,0.026672363786721724,0.04008584763471909
45,2927,0,0.24666202756507846,0.2575438954068125,0.11833978609943975,0.10127755336723766,0.2294036478623127,0.4201524354512607
45,2942,0,0.005921354908965275,0.0061072236293092125,0.0062254813448782255,0.005619436618199825,0.0391306069743335,0.036506929644641785
45,2944,0,0.056190818451617594,0.07346093907879893,0.08300465783154036,0.03007550911535709,0.059201739739308215,0.15086066506851142
45,2949,0,0.4649885107086781,0.2811622374246183,0.2523824852721091,0.6934895583344194,0.5354882788009463,0.5830550680914667
45,2975,0,0.012318519088556473,0.011685668332116657,0.009878584892730058,0.0031977548447588897,0.06730114416002252,0.2136986445668149
45,2995,0,0.589823634112337,0.6447986745426513,0.5683386972692357,0.5382289826566121,0.5773421289929295,0.668831867068569
45,3022,0,0.0003530845910092787,0.00024853976499918237,0.00029593030707591626,0.0003061257579187844,0.00036167811795616116,0.0022784220784783137
45,3035,0,0.5794264643389372,0.24919497483046113,0.4277727377682478,0.4920136076613745,0.5171405805272767,0.6193376004769765
45,3047,0,0.0033459222022170546,0.001689424045717174,0.0029081283011826793,0.0017852828902795493,0.007229697978940138,0.05525810415359858
45,3067,0,0.011595794730181597,0.003990515494805186,0.010413128330629174,0.007363660409229754,0.03769545407343869,0.03680838712386039
45,3070,0,0.7057930906731145,0.6677671780904164,0.6586297652830088,0.7583441840801696,0.27891600243638526,0.3066434911523328
45,3073,0,0.906271171938855,0.9368945325915321,0.9031060514621427,0.8772251532785853,0.579258807223738,0.853225553870478
45,3075,0,0.825261577627786,0.6816787598813941,0.6990973616706921,0.7690120375276587,0.5702460666367692,0.710929611882144
45,3081,0,0.002583904584075005,0.00519905843514052,0.004329917028438561,0.006942255735757761,0.01560815284009978,0.03876954552472516
45,3085,0,0.10831499243612247,0.2878851043884049,0.15384000447689217,0.05154366365896676,0.5248812980598404,0.5002908363130317
45,3105,0,0.7545386120510154,0.6268494848285641,0.5140987318014205,0.8165057490858469,0.6447340580046841,0.7055999809452016
45,3131,0,0.11465990233414461,0.028876557433036194,0.1586143066148535,0.08806825050635117,0.10143396979500059,0.08144668788364798
45,3148,0,0.0006170132328379602,0.000291244283558078,0.00025929100263380537,0.00026955959867999235,0.00033143474695331883,0.0020778300629833574
45,3160,0,0.04979838429530838,0.03718898027782318,0.02690424078643418,0.03837445722402515,0.4820028939704383,0.533698867153229
45,3168,0,0.8205616751589548,0.7417409250942658,0.7372930352061184,0.6171564664133369,0.579805308272413,0.6353397676082515
45,3171,0,0.49513520803832417,0.06886773738753794,0.3995459143366015,0.22928268505263272,0.4887732477737611,0.3394462040602082
45,3175,0,0.036107345087960006,0.012078873819532475,0.006600309722971089,0.0021885013508934448,0.008293851406212086,0.23680045446718745
45,3177,0,0.8773789272201192,0.8295762600087883,0.7970475113448157,0.8530853875288699,0.6701494780779155,0.6275310925959607
45,3196,0,0.02386881359215705,0.02407372588000628,0.02137794660464876,0.00986835680647075,0.07886323929929391,0.1403998130402511
45,3218,0,0.006347791894423062,0.026062540319391744,0.017522014941540147,0.0281418641370327,0.16536999012073644,0.2769489660765637
45,3231,1,0.908940415084153,0.8398979974140828,0.8955616230041468,0.9431662323821285,0.8688236502502708,0.8329378615232036
45,3232,0,0.8332942253260615,0.8277032999812967,0.691850527196031,0.6435645012164594,0.21514778262794804,0.49589193548384664
45,3235,0,0.8819225962318102,0.7975448192935132,0.7923856924472406,0.7965371424363062,0.7206074869435054,0.5264077307350667
45,3239,0,0.17272400564492923,0.21115182915703845,0.09289641512285696,0.0692730052588453,0.1789803061573209,0.10173075044468358
45,3255,0,0.003277402947404675,0.0015805906433700135,0.001572973571539282,0.0015948467294150416,0.012194161994045619,0.07117171429244401
45,3261,0,0.006877525258768097,0.0055739486349174324,0.01037993565720498,0.00680153532224985,0.2232134429248993,0.01126983388314212
45,3265,0,0.17466624278967338,0.159827894410835,0.22364578813696057,0.38897706816718386,0.7232518167907526,0.5548566978753975
45,3275,0,0.6615334533072255,0.7278821442715799,0.708655482013172,0.2966116877279565,0.6259587990689953,0.6721506178491348
45,3283,0,0.8840138112769982,0.8198290254601719,0.8282072693775854,0.7957942839467979,0.7547663359025271,0.8015777447408019
45,3314,0,0.12696888476509222,0.15866051560732217,0.12111256861483838,0.08280586407617672,0.4308016847051874,0.42440013887528905
45,3333,0,0.11980052101271421,0.1504861736192006,0.08223875187680876,0.03614814518227925,0.1175728857938583,0.2615771984443322
45,3339,0,0.05553017946475607,0.20482040073012156,0.024001548556759598,0.014189333818305408,0.042140520426592096,0.11969167923841026
45,3361,0,0.534369525540922,0.38200435282174094,0.26280698535814734,0.1250125492749968,0.09549858507994323,0.04904155895508777
45,3369,0,0.8491561737241046,0.8235658813990784,0.8054974105461509,0.7272898531939035,0.6951656991051295,0.6958471984719435
45,3377,0,0.10243931591089733,0.23910960406753953,0.06653126630297712,0.02605375374609972,0.45586928258468484,0.4153463441684053
45,3389,0,0.2177727658424191,0.11154734281627984,0.39719555877412466,0.22804579339061753,0.5325322371700617,0.4653313241573801
45,3403,0,0.11675554148876012,0.04397163728063481,0.24053383274166054,0.07193761309652252,0.5780740576952815,0.5617524054990629
45,3410,0,0.0012579004856168433,0.0012151653848851067,0.0030356565452841484,0.0035796201187947743,0.003371401290035531,0.014669055462703088
45,3411,0,0.0031493632075484572,0.001768961903097058,0.0038502328398912185,0.008714443279623627,0.03555310457256692,0.24476475267303915
45,3418,0,0.016143531279209873,0.04809298208358386,0.026238111296266017,0.021647513968276643,0.06229803087772439,0.09042112424133787
45,3421,0,0.005435529036134949,0.0061017312139060136,0.006740511449086847,0.006817804538943429,0.006768546304578842,0.07427296520790562
45,3422,0,0.349425061453804,0.1677715169272894,0.2999499909244662,0.5899717018095141,0.3795064055694763,0.6619935716497062
45,3510,0,0.00461799858605267,0.00829275409139859,0.008217062530708152,0.00912852640467018,0.05480999154160551,0.39380945845730814
45,3526,0,0.8705019453793309,0.8995310687834043,0.8992145507767418,0.8372635699172355,0.8579842463725136,0.8732965103016652
45,3545,0,0.32728357752662784,0.534076183767453,0.15949759093894758,0.3888940636884314,0.5724578907032071,0.7178800128068323
45,3547,0,0.6655992653577911,0.6965987966275764,0.8691044916177353,0.878044628627459,0.7912885388766344,0.7018645351097418
45,3549,0,0.6872415641973791,0.7145811970064612,0.6603484046729604,0.748695178191946,0.5984797736070366,0.7968653746393141
45,3554,0,0.024586652131599558,0.015899997243480082,0.009209791681485951,0.0035047489993895843,0.007995675396517904,0.06544130573791859
45,3560,0,0.7676525271082604,0.8218453964593851,0.5885518241526863,0.36240557574706145,0.49162468397807874,0.5254661018787403
45,3592,0,0.04496661818953994,0.05772786682950722,0.07975366399550476,0.06400175899109613,0.24410023725958982,0.17229895168662915
45,3605,0,0.02675266415188368,0.01414483584294715,0.007741820789285631,0.00808787061253706,0.03205339016932316,0.09069019520826636
45,3615,0,0.005611966700766621,0.002765739204043477,0.0062258710327928,0.00659408799098323,0.00728287770509024,0.027832328200072812
45,3621,0,0.8629677522009487,0.8397445682800087,0.8173010310117871,0.7589079025815869,0.768846783822187,0.7822796703128782
45,3629,0,0.0003584808611890143,0.00021308357559475543,0.0002477155372281436,0.0002955591630772315,0.0003647121803168156,0.0010505455608758642
45,3664,0,0.15814901066235723,0.22441660569603517,0.07840818614439632,0.08437591385954044,0.33844719752766506,0.1842368616504242
45,3678,0,0.005374910003012176,0.0026326738455362654,0.015586318044087827,0.012216887643516063,0.01421958874679857,0.1096192042956044
45,3696,0,0.48229526993340394,0.5839625103151569,0.2711585049370281,0.07929160243578746,0.19203299238548593,0.20973572653440428
45,3702,0,0.6910643856891694,0.3885623560011032,0.5934224746564681,0.23535467791715853,0.3787402647530779,0.07914010065212045
45,3715,0,0.510503592345217,0.2619189435534286,0.47383507411687953,0.675613288938416,0.7461704206190137,0.7007594415999095
45,3723,0,0.42067590346567096,0.3064607849279281,0.26761662171356054,0.2701725108271555,0.6752617350036372,0.7017915445474173
45,3751,0,0.12281079923459598,0.15640352087728962,0.06573004681160012,0.033747448176920984,0.06095405695417171,0.29752242322509065
45,3763,0,0.09403832203685834,0.05848791322125009,0.036403108786816546,0.007492249522682981,0.019349100119286797,0.027505017015228974
45,3778,0,0.2220818864394305,0.160226307898207,0.389560086500873,0.10852935551342018,0.1358548298779281,0.45274999086752266
45,3783,0,0.12090737449971185,0.10133245640988499,0.07264402844486713,0.054919908089172194,0.18171491131761766,0.40194595428388175
45,3809,0,0.04253269601082562,0.08824792561536764,0.1322451651151186,0.08740242167496179,0.33255666145068946,0.5102208618013101
45,3812,0,0.3470533933898247,0.31005488772023276,0.33476530845291147,0.04787521052868825,0.15406567096345167,0.21784115719635325
45,3846,0,0.06838993424796748,0.07534971087737699,0.05198443113429107,0.02039402232302375,0.1276794764696491,0.19907236076444557
45,3869,0,0.0029387941774974722,0.0036500487649650994,0.0019337729333435683,0.003136381331492889,0.019300583735785994,0.08742556161431103
45,3890,0,0.0004476646154094068,0.000279160608962509,0.00032576033535448374,0.00026673242644753315,0.00046091752688616364,0.00168920842542324
45,3895,0,0.015259198880034568,0.013285293478827617,0.013715933280282814,0.014922434919995115,0.16151782549979266,0.3359251241648034
45,3903,0,0.1530982870056614,0.222243967081811,0.28958830861122814,0.13700554630877051,0.47123811433993285,0.7043024098750728
45,3948,0,0.4546080376111435,0.6552398543804547,0.43634448135898757,0.32626454659669846,0.4677158913824395,0.7480697748544237
45,3956,0,0.17936531606739492,0.17813672638432793,0.10058179980649036,0.013128534492598274,0.03799552022810854,0.11590950297472612
45,3965,0,0.6954339242105071,0.6134147599098497,0.7105625837158114,0.5120679138572205,0.5055540566179504,0.5504450568978987
45,3968,0,0.1864903978044024,0.07425779174953744,0.10805176003780013,0.11878104967461499,0.3782464173196753,0.5249129331417394
45,3973,0,0.6745082011303752,0.6605043624754434,0.5732898071870601,0.7412716564674611,0.8110830535093403,0.7781931515389117
45,3976,0,0.0012776232316331056,0.0009700586224146511,0.0014068586784430333,0.0023146696500344075,0.01651806074267525,0.010053819974908859
45,3982,1,0.9133739112914037,0.8633796726381875,0.8728805603857668,0.9084121808942518,0.8112380201517736,0.7195438414419322
45,3987,0,0.560477108035201,0.4376195588535978,0.41716457901445464,0.5171992009256872,0.43727700623276905,0.5367066618860689
45,3996,0,0.30902474731217183,0.35556804570578243,0.3106063968638576,0.15617716134166043,0.27974815961884647,0.31104887897943867
45,4008,0,0.05431986046256738,0.038372638185902155,0.02570352129568135,0.008970944720229208,0.023424306778365576,0.1578432263165328
45,4014,1,0.8541304116529174,0.8664950750134592,0.7940038703360719,0.8264424840860843,0.616348686850425,0.7342874723089602
45,4023,0,0.04388493698836204,0.024149712383354352,0.06194749214589553,0.012502463156525864,0.010002124103025985,0.15456819931357055
45,4069,0,0.006289134719725719,0.0013068703752857648,0.004004058090165139,0.005619857200593663,0.10191936385941791,0.6250442823134086
45,4071,0,0.4545277996666132,0.6277663370638339,0.5867814731871787,0.5386178173917116,0.2823208409559961,0.4408168044866474
45,4076,0,0.08771386688906231,0.13877740943487005,0.039582297463870306,0.026126897170645817,0.15028646411539318,0.2773518545105009
45,4091,0,0.4604155431699096,0.328498381000051,0.48642079779829256,0.6132617556395737,0.3105396690444212,0.5736873490752785
45,4108,0,0.012418568870083923,0.008393585860163238,0.01476023104098115,0.006032450283856777,0.014953655811849001,0.014074287531830518
45,4128,0,0.9393612269409706,0.9232754944116784,0.8056168014511319,0.8402347312040458,0.6759601563144955,0.924231377529247
45,4131,0,0.5215960334642451,0.3709916685375457,0.5888145206464009,0.6638862361460056,0.7122024571599289,0.5911729849149845
45,4146,0,0.0004476646154094068,0.00030206024865032336,0.0004135909810973702,0.00030410964035995294,0.0008455715831433659,0.0016859695137666033
45,4160,0,0.0034356222302105396,0.004511453677546866,0.00644746324332456,0.005586412359241862,0.03898946150332947,0.1821254005589518
45,4162,0,0.0017712154526048805,0.0005339975404404213,0.0023239981325855665,0.002537119327472989,0.0014827554359419662,0.006436477909942516
45,4179,0,0.03823501529506299,0.08179352930554125,0.021534050764253868,0.011738714510002085,0.2601821598023551,0.17379804704331117
45,4181,1,0.39789765621415113,0.6184545493863947,0.5156986879447311,0.2617195758715186,0.5035669449462747,0.7102261696807872
45,4184,0,0.003984487955750107,0.006956695780297449,0.009436628679223616,0.01438462825547358,0.011963209263080294,0.023918897386998043
45,4221,0,0.023524273630649125,0.011352509106603305,0.0113938475119109,0.008555545540530455,0.15639847940813362,0.14629845419096194
45,4225,0,0.4650978203266142,0.32936177567445873,0.11233603784361977,0.3166248945624648,0.39150745409879617,0.39933112370888746
45,4228,0,0.002610412964074251,0.004370496645317155,0.003233131090030526,0.0034907991555284887,0.010590582197158756,0.013121525193844902
45,4233,0,0.0008114840478557988,0.00033628680970666417,0.00043968164104134135,0.00037749262532963643,0.000360447099374705,0.002060111100100758
45,4236,0,0.6023501154647252,0.618570352539751,0.6117018497352023,0.48473436160116046,0.5608482977496373,0.6290119083868497
45,4240,0,0.558764408535154,0.5525920794943897,0.5107181459557114,0.8498144503870475,0.45907525805158994,0.6663368398544982
45,4245,0,0.009911437847991275,0.0130706062317035,0.020253433724060983,0.013956797866319067,0.0551373043686465,0.07164261105011052
45,4246,0,0.15134081771127764,0.1816383102511933,0.14391528298106976,0.049178472141148954,0.2665601504663241,0.15903569498825032
45,4248,0,0.1008531428670416,0.2193561146179352,0.11449418705319027,0.07747996527372578,0.41427270439176367,0.30096283464400453
45,4261,0,0.09680435762734517,0.051118150699569063,0.1652365826699152,0.1807199707888305,0.6293847764558148,0.5633313331344617
45,4262,0,0.5607770856675153,0.6056461536041768,0.5481494350798164,0.553008822255776,0.34991080460596136,0.6559353308261515
45,4295,1,0.8294315287378947,0.8720359215675463,0.8963093760993963,0.9075677831245347,0.6228687541084114,0.6780646235416534
45,4300,0,0.2507932006475584,0.3870781852079818,0.30766371632514306,0.6099126161767552,0.1549278792031371,0.1481708629021335
45,4301,0,0.00971911577928274,0.007822072398430474,0.005757859674409668,0.0038549281278027958,0.033725092753534594,0.03269028637830532
45,4302,0,0.0022478149296960613,0.0016094494235440098,0.0029906947863257236,0.0027590820823027344,0.01222454907335882,0.022233325017418027
45,4317,0,0.004627823461706916,0.0030165965108582367,0.006609709124042858,0.00368075925289342,0.021890931289715237,0.08192902840098917
45,4319,0,0.05917468167170329,0.023555661298161903,0.017217969228934045,0.015520395447441025,0.08465697984293415,0.09274535028445367
45,4344,0,0.19450541530089557,0.47816375191516164,0.4044431853767937,0.3330944382816197,0.7543682865962968,0.7083975536325876
45,4367,0,0.2582838459812744,0.10984582943626406,0.11603055295109387,0.2438589867486848,0.31344907330886324,0.2659912319812564
45,4384,0,0.730271427155555,0.7790291705132286,0.6782934086461896,0.6312543602435435,0.7496033953511516,0.4558025329426971
45,4394,0,0.39109688310052915,0.54167430771774,0.1582777367774383,0.10529648787432712,0.3439170666230265,0.524818146852968
45,4398,0,0.004132960775790188,0.0038709645593911035,0.006160939918546523,0.0036295955932863035,0.013815831749427613,0.0848461566972728
45,4399,0,0.43020390347123394,0.4004935268964423,0.36514318884804,0.3870735405557492,0.6748864057768194,0.8585339419254558
45,4422,0,0.022229220370902636,0.022065489485605654,0.017020475417704756,0.05164846320503574,0.13671089582780088,0.07885389924251474
45,4451,0,0.0044035387293714255,0.003613081176198162,0.006782532037247462,0.008133599496053806,0.01851350220960099,0.028664604314568014
45,4457,0,0.522856286311117,0.501910028025475,0.4906373900272564,0.5301998143744113,0.44641542261689454,0.21868656368416295
45,4473,0,0.5288360598390149,0.6875272694073719,0.3898140875457138,0.275380588481934,0.4596334730461166,0.4953308409054166
45,4474,1,0.7523731099350812,0.587000796265633,0.7201063046180802,0.718612327499488,0.8315239764655565,0.8653478770224741
45,4480,0,0.8080322267801068,0.7028177645471063,0.7905473402467117,0.8251538270865552,0.7766475588314565,0.43913718950896996
45,4498,1,0.6266940873785884,0.855907817325486,0.832288475837254,0.7917079505504598,0.8131528156887234,0.7439778663225507
45,4534,0,0.9093754627129792,0.9011077503132033,0.8774243946625854,0.8194947274140492,0.4629374271385333,0.583807184755962
45,4538,0,0.004473805624407839,0.0058457136822372335,0.00528339939356229,0.0073229603963677,0.04025161438844853,0.0872899304189517
45,4567,0,0.04187045970671441,0.06925424669092879,0.03398205724259014,0.013877067255226784,0.03337165904453546,0.23343000219794713
45,4592,0,0.5327247428672007,0.43539798510655964,0.525833899580933,0.6404355009903264,0.1886194716499698,0.5495820633284647
45,4597,0,0.007638685367293766,0.00397747335776395,0.004380479381499516,0.006376675908495563,0.019571558472916195,0.09656426004172937
45,4603,1,0.7757653592890229,0.8652918806162698,0.855754139206967,0.7475947895826024,0.7854894505306877,0.5091730580903158
45,4617,1,0.12782450089121045,0.37019686559646914,0.0765131764076963,0.11811748852248084,0.07056973488803485,0.29514796816999267
45,4628,0,0.8696450990772302,0.9236895059346599,0.799052632500135,0.7683047518646301,0.81814662422378,0.7891652564189012
45,4653,0,0.31411560024202023,0.2284185598400123,0.28939858006767005,0.1155753742004713,0.35820102411679405,0.47359203323055366
45,4660,0,0.5547283552491387,0.2054244242091671,0.22409843638928706,0.09791605332543099,0.14063800587867878,0.1257889341450033
45,4681,0,0.4370751186821401,0.5745607604778399,0.30069192407911094,0.3581404560149512,0.4088818097649114,0.6729593418241158
45,4683,0,0.41813330718551345,0.398250365745889,0.5552887231762752,0.5195901332167135,0.5354028243120378,0.5613938799103149
45,4726,0,0.00918307799453481,0.0037704177779438143,0.014865341488105057,0.019215853050913154,0.13568919126741,0.04442755662912858
45,4739,0,0.428161482061195,0.4384924952741424,0.5038628841932965,0.15919406898079766,0.5289847059134859,0.6750278857910176
45,4743,0,0.07184644421084142,0.10800899231751639,0.07959784359476413,0.046191944723119466,0.04557702899063521,0.19764567468227948
45,4772,0,0.0012019398185739122,0.0019115712501947696,0.0030398489170164644,0.0036779477181176712,0.03766855440711963,0.07061519893025474
45,4817,0,0.00263636855688104,0.002120121538791879,0.006089744262328056,0.005226255494562073,0.004753439938466424,0.15307532114806394
45,4830,0,0.14635893094642247,0.06525468329772958,0.18669632377427067,0.06743227104797662,0.31927581713533293,0.19753969283792924
45,4839,0,0.9069007593334653,0.908851373780457,0.8838547842354688,0.7717522757811276,0.8135062045290191,0.7996785604978882
45,4852,1,0.8513701194474773,0.8583898350781627,0.7615196626874989,0.8367698063591386,0.688642648860334,0.6509041004963524
45,4860,0,0.23241231956261701,0.6816773529334004,0.32150635015032225,0.2526076091275145,0.1988822653159054,0.16519465431076277
45,4908,0,0.03043028123101137,0.034094479809135575,0.0638252717158002,0.014662841813089592,0.11637698182482428,0.28740877884143634
45,4911,0,0.15644105733899583,0.0035112688888585767,0.2158232116047807,0.19240559506130878,0.06089612670826664,0.41323629534688566
45,4913,0,0.5371620170087736,0.6495753439976736,0.6695874327729654,0.44542074841598056,0.5782269769151244,0.5816112084020931
45,4922,0,0.0013913044935387779,0.0021158234096620536,0.002628188975269904,0.0038945354870005993,0.003979663066080791,0.06857229417343659
45,4938,0,0.02702033820037943,0.009975532181419059,0.028463135946808597,0.024755111057707172,0.14151222594161464,0.49441252607048675
45,4954,0,0.7730123703332229,0.7045886945819404,0.784932919727315,0.5748365126163415,0.6657363656731864,0.6687604496916668
45,4972,0,0.5793054608826571,0.6822571137453521,0.627895298901734,0.4259520903006007,0.6507032870809738,0.6876530205483213
45,4974,0,0.0369296805698466,0.03793849593284799,0.028124301740287315,0.00627206746053225,0.03669431949485733,0.03284645885400175
45,4976,0,0.043722738757628526,0.03168385490292284,0.060747851434417896,0.022545390355334666,0.34968873204839174,0.05985963750275353
45,4990,0,0.009578723774576586,0.01409809351493214,0.02169339688736591,0.007057057004801821,0.12630574964912974,0.26778433238728105
50,33,0,0.7539310396354921,0.6522905378853424,0.7389330423114137,0.7237499920319944,0.8118419245147731,0.7841067254440064
50,41,0,0.012686891533904504,0.010483741039393481,0.007016203573068018,0.006723462583774957,0.034837735685125916,0.06545742340123523
50,59,1,0.6320901293286817,0.4436513411737717,0.22678428931598832,0.37249578907816794,0.17515049017480633,0.6234264745203433
50,114,0,0.0003584808611890143,0.00021308357559475543,0.0002422700174576722,0.0002894538690111352,0.0005962631910277443,0.0013201569356680307
50,124,0,0.004237351601751347,0.004226278768535986,0.008646824226824768,0.0053131302713740475,0.02910740658938299,0.16964102872915762
50,165,0,0.007909897511876748,0.00534357139183241,0.010457306719918359,0.003150763510293931,0.021618811382555315,0.015778695959189713
50,217,1,0.8647694948106012,0.7951266776491271,0.7657060767968956,0.739243461901771,0.7853257768394369,0.8519287451255754
50,231,0,0.0003584808611890143,0.00021308357559475543,0.0002509311093206775,0.0003026532348280515,0.0005137638063994895,0.0021992698311703615
50,240,1,0.5823289045201208,0.5064077550745927,0.5786913628027603,0.07025691532674687,0.6371112662518211,0.6983743224231607
50,257,1,0.755398333032306,0.7986773079311875,0.7548453213018215,0.7183744649870568,0.6209477470187259,0.5237121461704088
50,258,0,0.005844058092044248,0.002097296488494328,0.004592540277439108,0.008724940105125256,0.02110929869173196,0.1076261264966098
50,260,0,0.3502817686256556,0.456405156609687,0.4951964181252187,0.4317753795225425,0.4850719327930835,0.5821919395294727
50,263,0,0.16438257303665083,0.03031784776292033,0.07465114791614876,0.059477411866871756,0.4184280120517776,0.3490495231572925
50,282,1,0.6105998077946935,0.5289985453413212,0.7129084633718014,0.5931510478128744,0.3619166771881561,0.6008946890897108
50,303,0,0.0003584808611890143,0.00021308357559475543,0.00025716761103550305,0.0002847853048465053,0.00037065237203899983,0.0016259274089795892
50,319,1,0.718287349618728,0.8277485219490582,0.6572788621899501,0.12312726174839747,0.2793765345531502,0.3053968300904142
50,334,0,0.15073941116787096,0.16575056696925264,0.09926772228338526,0.12345483521259482,0.16384773023102572,0.3622970018226129
50,432,0,0.00036321906131618116,0.00021164464159016306,0.00030712029597340483,0.00029162085567311437,0.000570935414006927,0.001110409878844736
50,452,0,0.002111997570207565,0.0016484096260782398,0.002096916728561406,0.0041588841290421865,0.018771221468346286,0.06281298796160764
50,478,0,0.018905738815893715,0.010141780451345441,0.004468370123350724,0.004241998717724212,0.004809991168600155,0.024682222579102606
50,492,1,0.5012712079961524,0.2843615424113526,0.5740327220464079,0.524324533985736,0.6734943123341162,0.23529634375339267
50,546,0,0.03501781526856809,0.017355274982242628,0.035148962765818005,0.01474651711893343,0.3821215176646702,0.5166008471844121
50,578,0,0.28869482029803745,0.6129144868356079,0.3998704956920148,0.3446522898558742,0.7784569899531348,0.7594991394428641
50,608,0,0.0003584808611890143,0.00021308357559475543,0.00025716761103550305,0.00030999681599973636,0.0008052061025657499,0.0012215469832627765
50,640,0,0.18146605208641417,0.12076551629308331,0.2802509989362263,0.11576424587867981,0.6244774636719633,0.44101569240762895
50,645,0,0.000898284669460739,0.0002971041047512988,0.00041706907084194847,0.0003062916759091255,0.0005596661990366535,0.002308119515850591
50,658,0,0.2769085741486241,0.2932545893460966,0.2327495655363022,0.082847417376602,0.4091236440061425,0.479941405039509
50,674,0,0.0027417575219319595,0.0007063361549470694,0.0016864504908821417,0.0010461659416567323,0.012573464455695123,0.006030347244649211
50,676,1,0.4853900201459176,0.5345209426496174,0.4238469826225881,0.424902785443635,0.3961388882935662,0.622379269216754
50,693,0,0.004885173969348786,0.010129536432821867,0.01199794241834583,0.014842802715416778,0.10101368644492323,0.1264707128032148
50,696,1,0.5551539595944383,0.7347742649393432,0.5422152837888665,0.5334619300334219,0.3722407776721189,0.3690228975315897
50,731,1,0.8079957597532527,0.7419025764372918,0.7834284079557124,0.7483318910841628,0.21231610362205783,0.40768553572033284
50,764,1,0.6574402072581105,0.6514778181273352,0.4741856747269911,0.608940364484872,0.7480848324015024,0.696033707024908
50,765,0,0.0004351749867730851,0.000279160608962509,0.00025036285225061764,0.00027102619295866224,0.00033143474695331883,0.0020778300629833574
50,774,0,0.5954153536511202,0.699726416831616,0.471988187348229,0.8559294206582733,0.7813326227524898,0.5606867382101708
50,814,0,0.008600616968695145,0.002711731559869641,0.00644769210001161,0.0023963762245640162,0.0021294349746156403,0.04446673968918519
50,859,0,0.03036324792709713,0.019123200389913924,0.053940334756192435,0.01516255056323603,0.08979118524408602,0.17768273352962294
50,866,0,0.0021798182627439855,0.0005599272201750528,0.0021622031432671994,0.0023099048270046564,0.0015437498213448021,0.007048680143206456
50,871,0,0.4045730458906159,0.13475130963930862,0.33997791695332785,0.1885438049166546,0.0804759263037722,0.18651657469706362
50,884,0,0.00036321906131618116,0.00021164464159016306,0.00030712029597340483,0.00029162085567311437,0.0005407142941860273,0.0013269747131782652
50,948,1,0.8156739356931841,0.7630885841783437,0.9205142302415524,0.8326172852053851,0.7561938673928627,0.7552803502268952
50,977,0,0.004670584744473742,0.002186196345933163,0.002095417096527652,0.009004261556723963,0.06568265519128416,0.1855631648971149
50,980,0,0.005801773124173146,0.0034756980340459338,0.00706196210931005,0.00722478222257032,0.04695643942121833,0.17944741994326469
50,995,0,0.002613968316339236,0.00563033637349623,0.006697586227257166,0.008854468174279723,0.016486220955891206,0.2061311353342081
50,1011,0,0.18490515010444497,0.4066351405713855,0.12217089265983666,0.07800857588423347,0.5083752929027311,0.4943634490602465
50,1020,0,0.2680038325296348,0.4957149741769489,0.3841106626427903,0.09837811236256146,0.016993813786621462,0.018281848626562357
50,1023,0,0.04201162207576657,0.013993386896049185,0.017634938725761575,0.0170911574002171,0.18699043916553926,0.17691409557807283
50,1039,1,0.08491906194411739,0.05920463088149689,0.05071313291204332,0.03736362976871785,0.1288905239997668,0.1620506326058316
50,1057,0,0.005744930386310713,0.015276530057538575,0.0063683189427648805,0.008454218565308737,0.07439258161353102,0.22248204256743545
50,1060,0,0.3050023005255259,0.30178655564307366,0.251805892695394,0.17463521083602346,0.11963736112181732,0.1799606250275076
50,1070,0,0.5948710485056746,0.7440373290756542,0.720663221281909,0.3080620430287728,0.8006319576644282,0.6778787870102949
50,1078,0,0.06370712816639001,0.029382358215154468,0.010616868139313439,0.005844456388033778,0.006706364032367582,0.018259979652350346
50,1091,0,0.007032959450259547,0.003721424146872474,0.0043697120934274546,0.004397320031162053,0.005148697164703229,0.024661085403646938
50,1138,0,0.3394598684243217,0.26406478710752124,0.2711301028672114,0.20306834013765412,0.673022025105755,0.7999547101003694
50,1147,0,0.004250942967817641,0.006042258637625383,0.00683685228640829,0.0037577086338407154,0.022650666028784006,0.048985509944281004
50,1159,0,0.048665055894808865,0.03192486554506051,0.03440944810514373,0.018291119874756036,0.03534905656602951,0.04235499326506346
50,1224,1,0.060287119831290883,0.03479270997438642,0.06058827001210798,0.07360476536939772,0.08386963486362461,0.18588189976397715
50,1274,0,0.027553298189334895,0.05408874443265741,0.041387650060958764,0.00595041771555183,0.2107067781638828,0.021267390061921354
50,1288,0,0.01138596832448144,0.010207274819395649,0.009149731633509933,0.005342002164544253,0.0347099001489161,0.04410013788490164
50,1313,0,0.03325518244801554,0.034264839163358686,0.019744405454497124,0.007344676856768288,0.0627312158484191,0.13806650527949504
50,1337,0,0.1799093243128296,0.11078889412339733,0.14087415191275418,0.1429231265667065,0.2706126739435674,0.5480555737373088
50,1366,0,0.05989583771913279,0.03617269731198595,0.038358109521730174,0.032684571154003965,0.15473135288214568,0.09051778069330779
50,1407,0,0.0004476646154094068,0.000279160608962509,0.00025036285225061764,0.00025472064582494517,0.00030044805733042706,0.0020778300629833574
50,1409,0,0.0026836050284618166,0.0033015715019674703,0.004344717375304189,0.002767586973977855,0.009358856035218228,0.05398495447686536
50,1415,1,0.31969921498676807,0.6216794288508883,0.1484260805610078,0.10814943490479939,0.03488972284183482,0.12903269181154264
50,1439,0,0.009518998592253936,0.006905596152465162,0.004755592122585583,0.004412416900670871,0.019154227787361804,0.005787275109183269
50,1483,0,0.22973158298727545,0.12326806576155502,0.08843601223938137,0.05530767051288434,0.2301079405137189,0.43015312633949876
50,1552,1,0.8382004947234771,0.8105718777935781,0.7834854588134336,0.7893742068446687,0.5893268517514126,0.7683794826895254
50,1580,0,0.4315912375606876,0.588002895415177,0.6458673893040672,0.6118845942789727,0.6066203687872487,0.7061952197956715
50,1613,0,0.0003530845910092787,0.00022589635428897406,0.00029593030707591626,0.00027097278893120364,0.0003508494438016534,0.001110409878844736
50,1624,0,0.0062554998867656005,0.0021011109489796945,0.004553899966642149,0.010919469087515765,0.02994484998593333,0.011206844944719288
50,1644,0,0.000494108520964039,0.00022230769267420043,0.00025654930635150077,0.00031277645177204384,0.0003419282186881479,0.0016259274089795892
50,1681,0,0.4169144091875288,0.46851120342617264,0.3973067880923542,0.05004458317143391,0.535946381698276,0.5963898566756377
50,1748,1,0.800747376143253,0.8313967800007056,0.8281131337527682,0.8791536058966447,0.4704325175610643,0.8187317498418708
50,1767,0,0.05015427641119528,0.02436358434392597,0.04422224891135435,0.060938215802133926,0.07887361379524392,0.29098512387713266
50,1793,0,0.19846902612847123,0.2525639419358273,0.17866816798131663,0.10551520077502344,0.2809895313711556,0.26707151265422013
50,1798,0,0.10422651618044143,0.139000923440624,0.1704789532712159,0.11650054918087152,0.25621380884604095,0.32561621962217224
50,1818,0,0.5957909332736758,0.7369591811163663,0.5816812948115057,0.5351236556075651,0.8046962981185609,0.711051136471339
50,1819,1,0.6929488165151385,0.5734817057817997,0.6981567266537688,0.5051157638927377,0.42439360928804476,0.4309150767644348
50,1820,0,0.08215296684601235,0.16294623512799555,0.06905864598540781,0.06211457500055193,0.04614436803433693,0.4939778236275236
50,1830,0,0.01324146541865563,0.09516588720896724,0.01912009394474408,0.00677332293571284,0.16808308499467825,0.1423905884224133
50,1888,1,0.20805877402994769,0.5406451784340928,0.3247335238879092,0.33356276591723283,0.548518368338189,0.4516667565531252
50,1891,1,0.3748883263333036,0.09220976535615179,0.3820485777502369,0.38621582142008565,0.5340463282721413,0.6816321693855508
50,1968,0,0.006775802769483747,0.0038493029807488135,0.012725086974890524,0.011856863906919646,0.47350576339669237,0.3708097837320104
50,1983,0,0.005046962919079655,0.004922534340571691,0.00663012780396875,0.003681245460327237,0.01403155068518483,0.08880541038305266
50,2067,0,0.002215062665149249,0.004694354906070699,0.001544491255737627,0.004943267486033215,0.019187935597796024,0.0388172405990278
50,2086,0,0.17450555637204965,0.10450841464580332,0.21564808268931762,0.37248331527503803,0.6172411500801919,0.46808907186604454
50,2118,1,0.6489226920327567,0.7230779882987134,0.5405418609272892,0.7589608650591441,0.793037399368943,0.8742633870496642
50,2157,0,0.0003584808611890143,0.00021308357559475543,0.00026050584763814643,0.00029162085567311437,0.0006170768527175949,0.002161861536220692
50,2188,0,0.014359348060290182,0.012943539456061717,0.0183298978131038,0.021533983605116155,0.02221930152548185,0.06007336967033746
50,2203,0,0.031310639016943496,0.030989567264006316,0.018349497225640974,0.024572673248287474,0.03669557656784535,0.033901332065936804
50,2311,0,0.005185855057195634,0.0036666740528659147,0.005822964867123303,0.0037269006862385825,0.011265057288144862,0.3189237739001423
50,2329,0,0.16144127572467845,0.06861655556742445,0.10177335743523043,0.047065941679787435,0.16550103024103666,0.3503073618175426
50,2341,0,0.027527844759819734,0.013532987047252826,0.010730975135840077,0.008931016820260184,0.013191261234277375,0.0399910287225237
50,2359,0,0.19525358023737618,0.28751480585334316,0.2836770163471412,0.1744618058791667,0.5512083083249508,0.5562470706522137
50,2384,0,0.0003530845910092787,0.00022589635428897406,0.00029213825850583387,0.00028060565385524665,0.00037065237203899983,0.0016259274089795892
50,2388,0,0.022510486724689853,0.016682241078929395,0.0500933019715363,0.04107117554394382,0.0766548286715351,0.4197756451461097
50,2417,0,0.06974358915222191,0.07279778695480234,0.07588762262847444,0.028268247591499648,0.025239762445440423,0.15569599831837438
50,2442,0,0.003757202646287919,0.002626360095159334,0.004440662811303058,0.005010422830649857,0.024087544638493892,0.10946643123831509
50,2449,0,0.020559638858431283,0.018340936795082714,0.055447151600690255,0.012257723869943312,0.16490927248489518,0.1875819956280242
50,2451,0,0.720107640309578,0.8480033161995406,0.6349681026735821,0.7072355481856435,0.6747994632689374,0.500717491096869
50,2553,0,0.372816635418719,0.06747887025450364,0.1734397731040934,0.1578325747419261,0.1043274126690138,0.15036069647967842
50,2557,0,0.016780747444888857,0.029486969158150838,0.06281622811954402,0.05102206851836361,0.3856996154487567,0.25520443863090797
50,2605,0,0.03903891562912997,0.016626241362893167,0.021717268191023337,0.02086713045858955,0.041254628918541925,0.05384233323885442
50,2612,1,0.7252799002846068,0.8483482520315129,0.7577963284805275,0.8268529406740975,0.8552958450729043,0.8282113000563703
50,2630,1,0.10308641473977204,0.15266432669297317,0.10689518269919156,0.04118992635782774,0.26096106691599996,0.07852478459335567
50,2636,0,0.02683676618180085,0.013911822937938636,0.01597849001466242,0.010290517674123286,0.32284249449448194,0.16017053825570343
50,2637,0,0.002454116382454151,0.005055763724252513,0.007064756860660592,0.006831569298749566,0.032726177676491656,0.017222567270503017
50,2669,0,0.0003584808611890143,0.00021308357559475543,0.0002444754979837945,0.0002894538690111352,0.0006953898080453706,0.001376750407622518
50,2677,0,0.14410033091234667,0.13998025705721334,0.09087323770128618,0.005377342078618714,0.07464461218561934,0.3547090280738919
50,2695,1,0.8337076946997235,0.718197134746199,0.7701848258539825,0.7680877056157565,0.6753467061380646,0.6040040860466085
50,2710,0,0.03962189219908597,0.02712549226408116,0.033818068141729454,0.005249113611518724,0.011806613953372224,0.05186610519645932
50,2723,0,0.0014374852328577173,0.003933486490704731,0.004045601996373232,0.003748577458773362,0.03312721601982433,0.04822230006033085
50,2748,0,0.12494393059090901,0.06726281078450373,0.03967322134298895,0.018209554125830047,0.12193345885079215,0.2539070343959042
50,2791,0,0.020380735626011396,0.011104261121415559,0.011104056940724397,0.012031444015147464,0.036710813683605334,0.44666656996837606
50,2834,0,0.0008288729646838496,0.0002717393134202018,0.0003068734537661013,0.00030101554980701227,0.0004817215209732427,0.0021992698311703615
50,2846,1,0.6358579722988116,0.7401428803143542,0.7274782074739106,0.8047102843289731,0.6382007533940874,0.7992899814677428
50,2878,0,0.017223596468675648,0.0074020145289130975,0.015092060519045625,0.02761259182816963,0.009451970492694016,0.010612109081560545
50,2925,0,0.005240793967679551,0.0024679065716654747,0.0015230235829002132,0.002541339673929329,0.021530607229554813,0.025190684207573713
50,2934,0,0.009663134366364427,0.01200997296841071,0.016193925769264733,0.008733383890187634,0.1345600384448789,0.24924693407902274
50,2947,0,0.005615305586074145,0.006426342876126272,0.006312649636831268,0.014045306246768538,0.014915853378693398,0.010248692638770164
50,2949,1,0.18650827277437446,0.09620403068027321,0.13179024994130306,0.6499997981844663,0.14151095914336576,0.48622112885978264
50,2975,0,0.0003584808611890143,0.00021308357559475543,0.00025716761103550305,0.00031188190501560105,0.0005990676098269858,0.0012169540433703064
50,3073,0,0.02071715764998233,0.019303632175570008,0.026301539075361126,0.006531654373119975,0.15906245368221994,0.14737599258780473
50,3076,1,0.31069501767379143,0.28679720907911405,0.31208977414804,0.7820233095739081,0.29686328843238985,0.4234897811392794
50,3077,0,0.34599862292778094,0.2857200646039331,0.26493715754445973,0.1819847181728558,0.34663696624403295,0.344431761423948
50,3079,0,0.00765171883838897,0.0018840484630646716,0.01187553363580881,0.006943693846109194,0.047540323260370755,0.05665125671629392
50,3125,0,0.0004387267948943037,0.0002965889282101499,0.0005267785254901395,0.00029681421564512915,0.0007814165896029399,0.0015441051245935122
50,3131,0,0.22981498875724798,0.24964105540719309,0.15941830262479623,0.06485951021893897,0.1066977180886882,0.31824254192894164
50,3151,0,0.0010035085911580797,0.0002505979985099877,0.00042159507856384784,0.00047372649950395675,0.00036167811795616116,0.0020394651926402005
50,3155,0,0.000348478549168628,0.0002460895431351384,0.0002715946132723554,0.00030301481119115927,0.00037065237203899983,0.0016259274089795892
50,3160,0,0.046648514607140534,0.005980816799343088,0.06362629767326332,0.006047036412507118,0.04684734552335356,0.10020317562682306
50,3169,0,0.3825248787643685,0.29691564563298395,0.47293192044161336,0.4438952909942265,0.40814664105242476,0.1821658162582235
50,3172,0,0.0033731956792079983,0.0032864292499534668,0.007632395563922762,0.015410189794067478,0.020226561963040998,0.27900765401387084
50,3216,0,0.0019083108273006656,0.0007513900112586534,0.0023283176035863835,0.0015127222937863455,0.0016109025137771567,0.005948744610731535
50,3218,0,0.03490856257398218,0.04893059655672859,0.07415456726883089,0.03610963307142148,0.3072367657027239,0.3932259784777307
50,3235,0,0.0785446247462429,0.14219473764118157,0.1625485830643903,0.13407609999427894,0.421235147725415,0.43555524235139803
50,3236,0,0.1952036963565551,0.3476873073942125,0.140792622818842,0.1949966185450858,0.20518909083702824,0.3978150191562226
50,3261,0,0.0021178997733566434,0.0044476888633280115,0.011377697844352606,0.009433403038855372,0.07575625162607408,0.08858451915453389
50,3339,0,0.013092616786891262,0.012611429942603957,0.02184997873256062,0.021188508622036483,0.03553629749691087,0.39629668420834446
50,3361,0,0.028375933003041236,0.010492367057887282,0.012621827427876665,0.006446314501184327,0.17766062817202533,0.11318373537701064
50,3389,0,0.32161977361487254,0.472250156529253,0.3548874424558223,0.32263401131760694,0.5667934859328914,0.7022694678677229
50,3403,0,0.38045336021049125,0.3031052132541137,0.22338551590516606,0.1765629783958929,0.33915157967841214,0.315908425204509
50,3411,0,0.019443670684854867,0.014866211268752079,0.017411345406522224,0.027756781823611673,0.12250047067977707,0.4098097348150447
50,3418,0,0.0016969445249770264,0.0013479912535842857,0.002241401050086726,0.0037748414930460516,0.0036168565267448043,0.025204238940604435
50,3421,0,0.0050798689665705775,0.010825889483635071,0.009582981318525934,0.018582064369796883,0.10616280452060843,0.12671579913198722
50,3422,0,0.01856782408292587,0.014096881083025248,0.020617772682934157,0.08171457181269046,0.03954605610439579,0.023848345029861474
50,3510,0,0.008639339991517793,0.007109233838697895,0.008555730247754367,0.0024589411435553573,0.014082391263590403,0.055402233895068924
50,3526,0,0.6909218624994288,0.4861699112677305,0.6650464026848635,0.6007591941582611,0.7528063188632146,0.7905782988250325
50,3545,0,0.3048051938700121,0.28071808664535963,0.21320478531850984,0.2893171193595964,0.6359120131965027,0.7914934805940272
50,3554,0,0.009574375763479484,0.06642525943334485,0.009733120530596346,0.010364966478684866,0.03913324379639409,0.23150823822779903
50,3560,1,0.43608627649948606,0.40416130669616723,0.2606807279659773,0.03801902035015052,0.2860640514201156,0.15948235266098545
50,3591,0,0.0003584808611890143,0.00021308357559475543,0.0002509311093206775,0.00026430532302455567,0.0003715155449704314,0.0013201569356680307
50,3648,0,0.2125094365316184,0.15098231731832631,0.14665219437160776,0.20904313951070402,0.13450123805747483,0.040707869224869346
50,3681,0,0.0003584808611890143,0.00021308357559475543,0.00024174326491811318,0.0002955591630772315,0.0003647121803168156,0.0010505455608758642
50,3696,1,0.1795287569086589,0.2209178946431227,0.15669579234852601,0.32804541827339295,0.28276734785730073,0.21090473839915158
50,3706,1,0.3060989502491632,0.2639650778602294,0.5139947363558381,0.26891366520168086,0.24875323981493588,0.7352940601309959
50,3751,0,0.16090273295056837,0.13806702467097356,0.3310323739994938,0.29776093061111575,0.2453534250273253,0.5654155366501936
50,3759,0,0.0003584808611890143,0.00021308357559475543,0.00025716761103550305,0.00028243159144518545,0.0005332323504385392,0.001469309290331305
50,3773,0,0.2231166797286941,0.19588418101669847,0.10196492707816697,0.11254287959894589,0.09465238762475699,0.19167112495267155
50,3778,0,0.014549698282487939,0.009945372927427124,0.031352695589931374,0.02582445533265432,0.16860974016584446,0.483446634342512
50,3783,0,0.026964368730819848,0.02219679713574967,0.01711268585117296,0.020862983553940572,0.05987491528192114,0.0848753431721106
50,3895,0,0.008868258338147547,0.005315926813738562,0.008955137617281669,0.01540083900713342,0.01846622420393175,0.012961516342139977
50,3904,0,0.000348478549168628,0.00021308357559475543,0.00025772796417606805,0.00025467045388579,0.0004027242213008969,0.0013201569356680307
50,3956,1,0.7960983482465834,0.8186246963791578,0.7900916752565227,0.6892821411795739,0.6497854287502144,0.8061740063078858
50,3965,0,0.028023080623815637,0.027459246397292886,0.013494361190717641,0.026925498906876205,0.012323770813061269,0.04088348792434526
50,3996,0,0.011731033415000126,0.0066547942789026565,0.006825417667299887,0.002205475019867965,0.012931259783948715,0.016199006086301003
50,4023,0,0.00842158507828382,0.0073419427881391275,0.007573511899866975,0.00616228908979017,0.02056952067629133,0.05194890893880912
50,4076,0,0.01345996703039546,0.020150597817135036,0.027101362635309326,0.019942974376657156,0.11221350179833908,0.26533593040173525
50,4091,1,0.4922877334692261,0.6306451673269454,0.4988623004981277,0.29542525650391976,0.548263049313963,0.5319476490964297
50,4134,0,0.004456726798212332,0.0030188796345348126,0.0025765527248021182,0.0035931930648807125,0.0253496463002202,0.03556971243706228
50,4146,0,0.009489787961586152,0.008290210746885731,0.011003214786550034,0.03201840098191743,0.048150720013999025,0.030730582805403972
50,4179,0,0.007314849712416491,0.008660366810022115,0.013138342345251046,0.020057323442675114,0.03780661042672897,0.07133951439894773
50,4184,0,0.0030009591193813456,0.0056653818160902585,0.005374760293394464,0.007536686069493327,0.015011476293567225,0.0507527876953214
50,4236,1,0.45388967558491544,0.4333260839237868,0.44634991136848845,0.3529534043364902,0.45092860848657274,0.5279317901307657
50,4248,0,0.05536219670229079,0.04184183507166062,0.032760654855418264,0.06797472634493748,0.11796458424231271,0.03941592193750363
50,4261,0,0.014293509117339622,0.006724928599331066,0.028455728041244344,0.03904301239821506,0.1906799531277998,0.2981181855674634
50,4262,1,0.8965754607220053,0.9136533031296797,0.8469370519268222,0.8221899339675246,0.7466795723047027,0.5779825279755758
50,4300,1,0.5295440941475913,0.6616828019204608,0.23757279848597757,0.826688740912897,0.1809349733001864,0.27557568053237624
50,4301,0,0.004865354027751006,0.008809931779720481,0.00784031907734643,0.008812093836126824,0.0772561367631898,0.3243976956490649
50,4323,1,0.3758134342971101,0.4197090089142118,0.3673412476472455,0.300828227670374,0.33761487578790556,0.8201555703203876
50,4337,1,0.8210564426753327,0.8528176906655347,0.8292019920853015,0.7318955660513083,0.6824915882168556,0.7489209401276317
50,4344,0,0.000494108520964039,0.00022230769267420043,0.00025654930635150077,0.00031277645177204384,0.0003443368771499866,0.0012169540433703064
50,4436,0,0.0003584808611890143,0.00021308357559475543,0.00026050584763814643,0.00029162085567311437,0.0005651826781230446,0.002161861536220692
50,4451,0,0.00420404222496335,0.004546946036902487,0.004600624488866379,0.005737559344730666,0.004674877476350914,0.011920371793633784
50,4467,0,0.003940900822038872,0.0031112016774954964,0.006075911520209124,0.0042218249936698165,0.006380378668625049,0.43169648823311824
50,4498,1,0.8250669070235142,0.8809666924379389,0.8699213460055345,0.832326391778764,0.797108779082146,0.8145153088012896
50,4535,1,0.0050033821000809225,0.00488674605030154,0.008220928626343564,0.006115742987955861,0.0773059805163759,0.029328585549870577
50,4597,0,0.0026695576110634766,0.002808067635423679,0.004416917617285574,0.0033573810178709924,0.007467395745555499,0.021589593786223014
50,4607,0,0.0009183048020225355,0.0002905788493089849,0.00033443408290181794,0.00029041513792432076,0.0005392575486703025,0.0020778300629833574
50,4676,0,0.00314665686815951,0.004933718051669441,0.005110434158191864,0.013227970734678527,0.022246761029175343,0.01327981709684199
50,4726,0,0.06577119956107748,0.02823681467347579,0.036304660712781156,0.039346410845875236,0.07410351000678511,0.6056631914580817
50,4739,0,0.320384429047041,0.3562714429967813,0.2819221641018347,0.08331829095956379,0.49641553069281985,0.449683037029764
50,4746,1,0.5914201294056289,0.6995732264138286,0.40157044080319093,0.4168656426917112,0.4898499854379904,0.6168552504278751
50,4750,1,0.14660036397810713,0.13688775609084336,0.1313817873981209,0.4433032240448731,0.09200393163823388,0.10514035664790748
50,4754,1,0.46081209810614576,0.6742341938895897,0.14324182382925177,0.10013723770956628,0.17614489850791962,0.2658802773065522
50,4755,0,0.0003584808611890143,0.00021308357559475543,0.0002505152532538248,0.0002894538690111352,0.0005955993519696063,0.0013457149634229387
50,4817,0,0.0004476646154094068,0.000279160608962509,0.00039162414071911185,0.00030410964035995294,0.0011326640427780613,0.0017017784212924449
50,4830,1,0.15405383179317236,0.3339583450303359,0.23864135939871162,0.2579229231644237,0.34739248730496675,0.49645670655665336
50,4839,0,0.6681114215140751,0.09629552185048343,0.435473673969223,0.460397846751162,0.6567815509608232,0.7436661666871487
50,4911,1,0.6942202969995401,0.740024486764553,0.3422025765722892,0.33122266519069404,0.23257281808607652,0.20469572127757474
50,4938,0,0.06487734902149711,0.021072135265666148,0.12758443527334098,0.06920896946272945,0.055798882558732624,0.4627116594448721
50,4972,1,0.3351113632589534,0.42860466822867327,0.21961950703654282,0.2049248207135007,0.272156810159841,0.6148316030548607
50,4990,0,0.09257607519733597,0.22009046231705426,0.13499357219252583,0.08374924628299127,0.09371047049551998,0.06932016521929486
