baseline_mse,knot_count,latent_index,method,noise_sigma,repetition,target_knot_f1
0.7184939471319799,101,0,hcrd_raw,0.01,0,0.1320754716981132
0.03616091870430426,2,0,hcrd_robust,0.01,0,0.0
0.05126838043585935,11,0,hcrd_gaussian_guided,0.01,0,0.5
0.030421007499157715,9,0,hcrd_adaptive_guided,0.01,0,0.5714285714285714
0.04236907624950767,9,0,hcrd_quadratic_guided,0.01,0,0.7142857142857143
0.731667045129435,111,0,hcrd_raw,0.01,1,0.1206896551724138
0.033702577721185505,2,0,hcrd_robust,0.01,1,0.0
0.05146230294468586,11,0,hcrd_gaussian_guided,0.01,1,0.5
0.029949233982520813,9,0,hcrd_adaptive_guided,0.01,1,0.5714285714285714
0.04227595518342257,9,0,hcrd_quadratic_guided,0.01,1,0.7142857142857143
0.7220169321334283,107,0,hcrd_raw,0.01,2,0.125
0.03502279516283947,2,0,hcrd_robust,0.01,2,0.0
0.044714004078055015,11,0,hcrd_gaussian_guided,0.01,2,0.6250000000000001
0.023432568156520634,9,0,hcrd_adaptive_guided,0.01,2,0.7142857142857143
0.04222555184302785,9,0,hcrd_quadratic_guided,0.01,2,0.7142857142857143
0.7194896562026919,104,0,hcrd_raw,0.01,3,0.12844036697247707
0.03389077081537635,2,0,hcrd_robust,0.01,3,0.0
0.056206902619514845,11,0,hcrd_gaussian_guided,0.01,3,0.375
0.030149516673312247,9,0,hcrd_adaptive_guided,0.01,3,0.5714285714285714
0.042220824359835374,9,0,hcrd_quadratic_guided,0.01,3,0.7142857142857143
0.7309554476643364,110,0,hcrd_raw,0.01,4,0.1217391304347826
0.034785780609809525,2,0,hcrd_robust,0.01,4,0.0
0.05156914712364328,11,0,hcrd_gaussian_guided,0.01,4,0.5
0.03041031614074715,9,0,hcrd_adaptive_guided,0.01,4,0.5714285714285714
0.04231410999788408,9,0,hcrd_quadratic_guided,0.01,4,0.7142857142857143
0.7319188683844439,109,0,hcrd_raw,0.01,5,0.10526315789473684
0.03550219720090301,2,0,hcrd_robust,0.01,5,0.0
0.050882127659566026,11,0,hcrd_gaussian_guided,0.01,5,0.5
0.036056288658681955,9,0,hcrd_adaptive_guided,0.01,5,0.5714285714285714
0.042394572260014834,9,0,hcrd_quadratic_guided,0.01,5,0.7142857142857143
0.7245843956457894,105,0,hcrd_raw,0.01,6,0.12727272727272726
0.03555312793883297,2,0,hcrd_robust,0.01,6,0.0
0.04616850924543646,11,0,hcrd_gaussian_guided,0.01,6,0.6250000000000001
0.02458068074769678,9,0,hcrd_adaptive_guided,0.01,6,0.7142857142857143
0.04276044329559468,9,0,hcrd_quadratic_guided,0.01,6,0.7142857142857143
0.7259386653212546,106,0,hcrd_raw,0.01,7,0.12612612612612611
0.03560726276442677,2,0,hcrd_robust,0.01,7,0.0
0.048824358691668956,11,0,hcrd_gaussian_guided,0.01,7,0.6250000000000001
0.034222012621506946,9,0,hcrd_adaptive_guided,0.01,7,0.7142857142857143
0.04288675121151756,9,0,hcrd_quadratic_guided,0.01,7,0.7142857142857143
0.7280835017080123,107,0,hcrd_raw,0.01,8,0.125
0.03606472807654998,2,0,hcrd_robust,0.01,8,0.0
0.04487293623822025,11,0,hcrd_gaussian_guided,0.01,8,0.6250000000000001
0.036722957639488525,9,0,hcrd_adaptive_guided,0.01,8,0.5714285714285714
0.04293596133930427,9,0,hcrd_quadratic_guided,0.01,8,0.7142857142857143
0.7120641752409862,102,0,hcrd_raw,0.01,9,0.13084112149532712
0.0355185873091175,2,0,hcrd_robust,0.01,9,0.0
0.05323570332488784,11,0,hcrd_gaussian_guided,0.01,9,0.5
0.0326718804594287,9,0,hcrd_adaptive_guided,0.01,9,0.5714285714285714
0.042494360753408233,9,0,hcrd_quadratic_guided,0.01,9,0.7142857142857143
0.9869925006595431,101,1,hcrd_raw,0.01,0,0.1320754716981132
0.30410776470131057,2,1,hcrd_robust,0.01,0,0.0
0.09626112856388715,11,1,hcrd_gaussian_guided,0.01,0,0.5
0.06380219449650984,9,1,hcrd_adaptive_guided,0.01,0,0.5714285714285714
0.0868949459380694,9,1,hcrd_quadratic_guided,0.01,0,0.7142857142857143
0.9758542403919261,91,1,hcrd_raw,0.01,1,0.14583333333333334
0.29387971585725353,2,1,hcrd_robust,0.01,1,0.0
0.09579608596235459,11,1,hcrd_gaussian_guided,0.01,1,0.5
0.06172809717601275,9,1,hcrd_adaptive_guided,0.01,1,0.5714285714285714
0.0941848938775163,9,1,hcrd_quadratic_guided,0.01,1,0.5714285714285714
0.9843717276966254,100,1,hcrd_raw,0.01,2,0.13333333333333333
0.28948205714655834,2,1,hcrd_robust,0.01,2,0.0
0.10366501978901664,11,1,hcrd_gaussian_guided,0.01,2,0.375
0.07139726355111034,9,1,hcrd_adaptive_guided,0.01,2,0.42857142857142855
0.09381205696576123,9,1,hcrd_quadratic_guided,0.01,2,0.5714285714285714
0.9857124868444092,95,1,hcrd_raw,0.01,3,0.14
0.2887037118536418,2,1,hcrd_robust,0.01,3,0.0
0.11059977355976093,11,1,hcrd_gaussian_guided,0.01,3,0.25
0.07744463127402822,9,1,hcrd_adaptive_guided,0.01,3,0.2857142857142857
0.09463521113847174,9,1,hcrd_quadratic_guided,0.01,3,0.5714285714285714
0.9759227253983369,89,1,hcrd_raw,0.01,4,0.14893617021276595
0.29357961556940493,2,1,hcrd_robust,0.01,4,0.0
0.0945669851639535,11,1,hcrd_gaussian_guided,0.01,4,0.5
0.06190131343850446,9,1,hcrd_adaptive_guided,0.01,4,0.5714285714285714
0.08673767049361089,9,1,hcrd_quadratic_guided,0.01,4,0.7142857142857143
0.9827865778936014,95,1,hcrd_raw,0.01,5,0.14
0.29365183043662335,2,1,hcrd_robust,0.01,5,0.0
0.09434419359546983,11,1,hcrd_gaussian_guided,0.01,5,0.5
0.061639273192530784,9,1,hcrd_adaptive_guided,0.01,5,0.5714285714285714
0.08574637453540683,9,1,hcrd_quadratic_guided,0.01,5,0.7142857142857143
0.9799998750123566,101,1,hcrd_raw,0.01,6,0.1320754716981132
0.28095942356430764,2,1,hcrd_robust,0.01,6,0.0
0.09649212878130801,11,1,hcrd_gaussian_guided,0.01,6,0.375
0.06568292724976033,9,1,hcrd_adaptive_guided,0.01,6,0.42857142857142855
0.08613213863500337,9,1,hcrd_quadratic_guided,0.01,6,0.7142857142857143
0.9788381996141368,97,1,hcrd_raw,0.01,7,0.11764705882352942
0.28720729428666514,2,1,hcrd_robust,0.01,7,0.0
0.09494123396819064,11,1,hcrd_gaussian_guided,0.01,7,0.5
0.06201086391035491,9,1,hcrd_adaptive_guided,0.01,7,0.5714285714285714
0.09370090677500714,9,1,hcrd_quadratic_guided,0.01,7,0.5714285714285714
0.9892145482558852,101,1,hcrd_raw,0.01,8,0.1320754716981132
0.2968970710728408,2,1,hcrd_robust,0.01,8,0.0
0.09661590465732511,11,1,hcrd_gaussian_guided,0.01,8,0.375
0.06393753664567578,9,1,hcrd_adaptive_guided,0.01,8,0.42857142857142855
0.08575998356638044,9,1,hcrd_quadratic_guided,0.01,8,0.7142857142857143
0.9788270207126437,97,1,hcrd_raw,0.01,9,0.1372549019607843
0.2913534066364304,2,1,hcrd_robust,0.01,9,0.0
0.09436293479492824,11,1,hcrd_gaussian_guided,0.01,9,0.5
0.09431210507939888,11,1,hcrd_adaptive_guided,0.01,9,0.5
0.08685233732603205,9,1,hcrd_quadratic_guided,0.01,9,0.7142857142857143
0.765589519424205,102,2,hcrd_raw,0.01,0,0.13084112149532712
0.018815653231784062,3,2,hcrd_robust,0.01,0,0.25
0.07213014647541766,11,2,hcrd_gaussian_guided,0.01,0,0.25
0.07204928993051171,11,2,hcrd_adaptive_guided,0.01,0,0.25
0.06361817740798882,9,2,hcrd_quadratic_guided,0.01,0,0.8571428571428571
0.764270931184026,107,2,hcrd_raw,0.01,1,0.125
0.06861176986204788,3,2,hcrd_robust,0.01,1,0.25
0.06903825026892825,11,2,hcrd_gaussian_guided,0.01,1,0.375
0.060095852641825556,9,2,hcrd_adaptive_guided,0.01,1,0.42857142857142855
0.0630083832321548,9,2,hcrd_quadratic_guided,0.01,1,0.8571428571428571
0.75794186836718,103,2,hcrd_raw,0.01,2,0.12962962962962962
0.31367362438105656,2,2,hcrd_robust,0.01,2,0.0
0.07526823737206163,11,2,hcrd_gaussian_guided,0.01,2,0.25
0.06802803639060294,9,2,hcrd_adaptive_guided,0.01,2,0.2857142857142857
0.06324978559683611,9,2,hcrd_quadratic_guided,0.01,2,0.8571428571428571
0.7659894796668416,101,2,hcrd_raw,0.01,3,0.11320754716981131
0.308349904238111,2,2,hcrd_robust,0.01,3,0.0
0.07817119696394956,11,2,hcrd_gaussian_guided,0.01,3,0.375
0.07029000682520603,9,2,hcrd_adaptive_guided,0.01,3,0.42857142857142855
0.06290347922339161,9,2,hcrd_quadratic_guided,0.01,3,0.8571428571428571
0.7653312738282997,101,2,hcrd_raw,0.01,4,0.1320754716981132
0.017563044156215252,3,2,hcrd_robust,0.01,4,0.25
0.07480369514429727,11,2,hcrd_gaussian_guided,0.01,4,0.25
0.07470031099720087,11,2,hcrd_adaptive_guided,0.01,4,0.25
0.06289514997458065,9,2,hcrd_quadratic_guided,0.01,4,0.8571428571428571
0.7742002565105284,109,2,hcrd_raw,0.01,5,0.12280701754385964
0.019540475787935926,3,2,hcrd_robust,0.01,5,0.25
0.08772652671430654,11,2,hcrd_gaussian_guided,0.01,5,0.125
0.08225321757165258,9,2,hcrd_adaptive_guided,0.01,5,0.14285714285714285
0.06304610664445082,9,2,hcrd_quadratic_guided,0.01,5,0.8571428571428571
0.75558233592977,99,2,hcrd_raw,0.01,6,0.1346153846153846
0.30341210470365143,2,2,hcrd_robust,0.01,6,0.0
0.07796580969246025,11,2,hcrd_gaussian_guided,0.01,6,0.125
0.07084834250133369,9,2,hcrd_adaptive_guided,0.01,6,0.14285714285714285
0.06267360381188028,9,2,hcrd_quadratic_guided,0.01,6,0.8571428571428571
0.7619233192515741,98,2,hcrd_raw,0.01,7,0.13592233009708737
0.018259548450847637,3,2,hcrd_robust,0.01,7,0.25
0.07594415186860935,11,2,hcrd_gaussian_guided,0.01,7,0.25
0.07580886681554327,11,2,hcrd_adaptive_guided,0.01,7,0.25
0.0629149878414139,9,2,hcrd_quadratic_guided,0.01,7,0.8571428571428571
0.7634739651771606,102,2,hcrd_raw,0.01,8,0.11214953271028037
0.018176563230648427,3,2,hcrd_robust,0.01,8,0.25
0.07827600653071702,11,2,hcrd_gaussian_guided,0.01,8,0.125
0.07095176678195225,9,2,hcrd_adaptive_guided,0.01,8,0.14285714285714285
0.06298250287618123,9,2,hcrd_quadratic_guided,0.01,8,0.8571428571428571
0.7681599730850227,100,2,hcrd_raw,0.01,9,0.11428571428571428
0.017396754712462412,3,2,hcrd_robust,0.01,9,0.25
0.07900975344905706,11,2,hcrd_gaussian_guided,0.01,9,0.125
0.07191110239397096,9,2,hcrd_adaptive_guided,0.01,9,0.14285714285714285
0.06315950619840217,9,2,hcrd_quadratic_guided,0.01,9,0.8571428571428571
0.696833176138064,105,3,hcrd_raw,0.01,0,0.12727272727272726
0.14682011120611377,3,3,hcrd_robust,0.01,0,0.25
0.11059649684246346,11,3,hcrd_gaussian_guided,0.01,0,0.375
0.09120351362696372,9,3,hcrd_adaptive_guided,0.01,0,0.42857142857142855
0.08167232719995679,9,3,hcrd_quadratic_guided,0.01,0,0.5714285714285714
0.6927431792555541,106,3,hcrd_raw,0.01,1,0.12612612612612611
0.09224172890329092,2,3,hcrd_robust,0.01,1,0.0
0.11189387896679956,11,3,hcrd_gaussian_guided,0.01,1,0.25
0.09309103278623392,9,3,hcrd_adaptive_guided,0.01,1,0.2857142857142857
0.0821457760706137,9,3,hcrd_quadratic_guided,0.01,1,0.5714285714285714
0.7004269765202068,100,3,hcrd_raw,0.01,2,0.11428571428571428
0.6630553870835046,3,3,hcrd_robust,0.01,2,0.0
0.10331338902971626,11,3,hcrd_gaussian_guided,0.01,2,0.375
0.08521147048946785,9,3,hcrd_adaptive_guided,0.01,2,0.42857142857142855
0.08162633596290131,9,3,hcrd_quadratic_guided,0.01,2,0.5714285714285714
0.7086263712754647,113,3,hcrd_raw,0.01,3,0.11864406779661016
0.152839237600866,3,3,hcrd_robust,0.01,3,0.25
0.10377802384658698,11,3,hcrd_gaussian_guided,0.01,3,0.375
0.09248539080286088,10,3,hcrd_adaptive_guided,0.01,3,0.39999999999999997
0.0822492655871194,9,3,hcrd_quadratic_guided,0.01,3,0.5714285714285714
0.7022663188331885,107,3,hcrd_raw,0.01,4,0.125
0.15162594086677744,3,3,hcrd_robust,0.01,4,0.25
0.09909357548580024,11,3,hcrd_gaussian_guided,0.01,4,0.25
0.0922298316094983,9,3,hcrd_adaptive_guided,0.01,4,0.2857142857142857
0.08703300120325551,9,3,hcrd_quadratic_guided,0.01,4,0.42857142857142855
0.7077807245451954,108,3,hcrd_raw,0.01,5,0.1238938053097345
0.09300272646438223,2,3,hcrd_robust,0.01,5,0.0
0.10298962282270127,11,3,hcrd_gaussian_guided,0.01,5,0.5
0.08529979760126931,9,3,hcrd_adaptive_guided,0.01,5,0.42857142857142855
0.08161863031996205,9,3,hcrd_quadratic_guided,0.01,5,0.5714285714285714
0.6970449891498439,106,3,hcrd_raw,0.01,6,0.12612612612612611
0.09227505451418966,2,3,hcrd_robust,0.01,6,0.0
0.08886157870460253,11,3,hcrd_gaussian_guided,0.01,6,0.375
0.09185331387432681,9,3,hcrd_adaptive_guided,0.01,6,0.2857142857142857
0.08646424951795496,9,3,hcrd_quadratic_guided,0.01,6,0.42857142857142855
0.7064349684692748,109,3,hcrd_raw,0.01,7,0.12280701754385964
0.09448088735699081,2,3,hcrd_robust,0.01,7,0.0
0.10158398114071898,11,3,hcrd_gaussian_guided,0.01,7,0.375
0.0987051769704057,10,3,hcrd_adaptive_guided,0.01,7,0.26666666666666666
0.08152635600250469,9,3,hcrd_quadratic_guided,0.01,7,0.5714285714285714
0.7081045588707008,113,3,hcrd_raw,0.01,8,0.11864406779661016
0.15724533985649233,3,3,hcrd_robust,0.01,8,0.25
0.10282633491225096,11,3,hcrd_gaussian_guided,0.01,8,0.375
0.08456310546386685,9,3,hcrd_adaptive_guided,0.01,8,0.42857142857142855
0.08196579927667334,9,3,hcrd_quadratic_guided,0.01,8,0.5714285714285714
0.6923237783787368,98,3,hcrd_raw,0.01,9,0.13592233009708737
0.14627143789529048,3,3,hcrd_robust,0.01,9,0.25
0.10199981593520943,11,3,hcrd_gaussian_guided,0.01,9,0.375
0.08358526350547682,9,3,hcrd_adaptive_guided,0.01,9,0.42857142857142855
0.0815469321957737,9,3,hcrd_quadratic_guided,0.01,9,0.5714285714285714
1.0034492182528445,102,4,hcrd_raw,0.01,0,0.13084112149532712
0.06826805947684024,2,4,hcrd_robust,0.01,0,0.0
0.06760011103693427,11,4,hcrd_gaussian_guided,0.01,0,0.6250000000000001
0.034240175083387836,9,4,hcrd_adaptive_guided,0.01,0,0.7142857142857143
0.06335901768303387,9,4,hcrd_quadratic_guided,0.01,0,0.7142857142857143
1.0031085039907897,97,4,hcrd_raw,0.01,1,0.1372549019607843
0.06891749903770465,2,4,hcrd_robust,0.01,1,0.0
0.06926179683909571,11,4,hcrd_gaussian_guided,0.01,1,0.5
0.03846708170434405,9,4,hcrd_adaptive_guided,0.01,1,0.5714285714285714
0.06221910850674995,9,4,hcrd_quadratic_guided,0.01,1,0.7142857142857143
0.9855895804989482,99,4,hcrd_raw,0.01,2,0.1346153846153846
0.06778052178278197,2,4,hcrd_robust,0.01,2,0.0
0.07225457516916602,11,4,hcrd_gaussian_guided,0.01,2,0.5
0.039208237722154336,9,4,hcrd_adaptive_guided,0.01,2,0.5714285714285714
0.0633449609335406,9,4,hcrd_quadratic_guided,0.01,2,0.7142857142857143
0.9994773108754965,98,4,hcrd_raw,0.01,3,0.13592233009708737
0.06791627746241766,2,4,hcrd_robust,0.01,3,0.0
0.07052221512193556,11,4,hcrd_gaussian_guided,0.01,3,0.6250000000000001
0.07043695706146194,11,4,hcrd_adaptive_guided,0.01,3,0.6250000000000001
0.06291642118384956,9,4,hcrd_quadratic_guided,0.01,3,0.7142857142857143
0.9680578737026347,80,4,hcrd_raw,0.01,4,0.1647058823529412
0.06809790653198242,2,4,hcrd_robust,0.01,4,0.0
0.07059509993908172,11,4,hcrd_gaussian_guided,0.01,4,0.6250000000000001
0.07030290496133226,11,4,hcrd_adaptive_guided,0.01,4,0.6250000000000001
0.062494977037212816,9,4,hcrd_quadratic_guided,0.01,4,0.7142857142857143
0.9996343659006078,101,4,hcrd_raw,0.01,5,0.1320754716981132
0.06793428127544611,2,4,hcrd_robust,0.01,5,0.0
0.07181713103692072,11,4,hcrd_gaussian_guided,0.01,5,0.6250000000000001
0.07179931201971802,11,4,hcrd_adaptive_guided,0.01,5,0.6250000000000001
0.06297469158417404,9,4,hcrd_quadratic_guided,0.01,5,0.7142857142857143
0.9914543300738246,90,4,hcrd_raw,0.01,6,0.1263157894736842
0.06785950569993081,2,4,hcrd_robust,0.01,6,0.0
0.07070767769392286,11,4,hcrd_gaussian_guided,0.01,6,0.6250000000000001
0.07059446349409856,11,4,hcrd_adaptive_guided,0.01,6,0.6250000000000001
0.06311822788405323,9,4,hcrd_quadratic_guided,0.01,6,0.7142857142857143
0.9895163680024994,100,4,hcrd_raw,0.01,7,0.13333333333333333
0.0677064161817814,2,4,hcrd_robust,0.01,7,0.0
0.07506532981275472,11,4,hcrd_gaussian_guided,0.01,7,0.5
0.07504616206469458,11,4,hcrd_adaptive_guided,0.01,7,0.5
0.0633778481896179,9,4,hcrd_quadratic_guided,0.01,7,0.7142857142857143
0.9951851301529689,93,4,hcrd_raw,0.01,8,0.1020408163265306
0.06815561497100373,2,4,hcrd_robust,0.01,8,0.0
0.07214443962592874,11,4,hcrd_gaussian_guided,0.01,8,0.5
0.07197262053688822,11,4,hcrd_adaptive_guided,0.01,8,0.5
0.06293589855464911,9,4,hcrd_quadratic_guided,0.01,8,0.7142857142857143
0.9957358209279655,95,4,hcrd_raw,0.01,9,0.12
0.0682209513860071,2,4,hcrd_robust,0.01,9,0.0
0.06776310838455614,11,4,hcrd_gaussian_guided,0.01,9,0.6250000000000001
0.06775962041809189,11,4,hcrd_adaptive_guided,0.01,9,0.6250000000000001
0.06309701411816526,9,4,hcrd_quadratic_guided,0.01,9,0.7142857142857143
0.7689855019983735,97,5,hcrd_raw,0.01,0,0.1372549019607843
0.4987877287765727,2,5,hcrd_robust,0.01,0,0.0
0.03925031061004718,11,5,hcrd_gaussian_guided,0.01,0,0.6250000000000001
0.0392436482946577,11,5,hcrd_adaptive_guided,0.01,0,0.6250000000000001
0.0244629223846132,9,5,hcrd_quadratic_guided,0.01,0,1.0
0.822673079370893,107,5,hcrd_raw,0.01,1,0.125
0.510173532170067,2,5,hcrd_robust,0.01,1,0.0
0.04339512194595125,11,5,hcrd_gaussian_guided,0.01,1,0.5
0.03440176719832066,9,5,hcrd_adaptive_guided,0.01,1,0.5714285714285714
0.02435654230845399,9,5,hcrd_quadratic_guided,0.01,1,1.0
0.8137734725606804,97,5,hcrd_raw,0.01,2,0.1372549019607843
1.6236316340247032,3,5,hcrd_robust,0.01,2,0.0
0.03397276358608785,11,5,hcrd_gaussian_guided,0.01,2,0.75
0.0338665478503848,11,5,hcrd_adaptive_guided,0.01,2,0.75
0.02454533749052514,9,5,hcrd_quadratic_guided,0.01,2,1.0
0.82360046979034,105,5,hcrd_raw,0.01,3,0.12727272727272726
0.5018866511841563,2,5,hcrd_robust,0.01,3,0.0
0.03912609323817672,11,5,hcrd_gaussian_guided,0.01,3,0.6250000000000001
0.03339139822246392,11,5,hcrd_adaptive_guided,0.01,3,0.75
0.024929577564184312,9,5,hcrd_quadratic_guided,0.01,3,1.0
0.8196563946168528,99,5,hcrd_raw,0.01,4,0.11538461538461539
0.49187583718747085,2,5,hcrd_robust,0.01,4,0.0
0.03414364332872506,11,5,hcrd_gaussian_guided,0.01,4,0.75
0.02842980164411461,10,5,hcrd_adaptive_guided,0.01,4,0.7999999999999999
0.02438318007588289,9,5,hcrd_quadratic_guided,0.01,4,1.0
0.8050664850077394,100,5,hcrd_raw,0.01,5,0.13333333333333333
0.4964190020583147,2,5,hcrd_robust,0.01,5,0.0
0.03916956922054566,11,5,hcrd_gaussian_guided,0.01,5,0.6250000000000001
0.03919007782208161,11,5,hcrd_adaptive_guided,0.01,5,0.6250000000000001
0.024365794343546656,9,5,hcrd_quadratic_guided,0.01,5,1.0
0.8094704289820416,99,5,hcrd_raw,0.01,6,0.1346153846153846
0.49642114971080853,2,5,hcrd_robust,0.01,6,0.0
0.03994441617800553,11,5,hcrd_gaussian_guided,0.01,6,0.6250000000000001
0.0399394612317967,11,5,hcrd_adaptive_guided,0.01,6,0.6250000000000001
0.024834796092306235,9,5,hcrd_quadratic_guided,0.01,6,1.0
0.8224404226952683,100,5,hcrd_raw,0.01,7,0.13333333333333333
1.0627555678144003,3,5,hcrd_robust,0.01,7,0.0
0.039415941524226436,11,5,hcrd_gaussian_guided,0.01,7,0.6250000000000001
0.03940053849316014,11,5,hcrd_adaptive_guided,0.01,7,0.6250000000000001
0.02463002242647816,9,5,hcrd_quadratic_guided,0.01,7,1.0
0.8248466876185618,99,5,hcrd_raw,0.01,8,0.1346153846153846
0.49932873395157723,2,5,hcrd_robust,0.01,8,0.0
0.036330652900339044,11,5,hcrd_gaussian_guided,0.01,8,0.6250000000000001
0.03624141339821535,11,5,hcrd_adaptive_guided,0.01,8,0.6250000000000001
0.024511553979313278,9,5,hcrd_quadratic_guided,0.01,8,1.0
0.8237492256311689,108,5,hcrd_raw,0.01,9,0.10619469026548672
0.4921799528910227,2,5,hcrd_robust,0.01,9,0.0
0.0338909020132432,11,5,hcrd_gaussian_guided,0.01,9,0.75
0.02499784016501761,9,5,hcrd_adaptive_guided,0.01,9,0.8571428571428571
0.024743548302278522,9,5,hcrd_quadratic_guided,0.01,9,1.0
0.8053288706240858,109,6,hcrd_raw,0.01,0,0.12280701754385964
0.34733436635267734,2,6,hcrd_robust,0.01,0,0.0
0.16097171794116075,11,6,hcrd_gaussian_guided,0.01,0,0.375
0.13711361139900202,9,6,hcrd_adaptive_guided,0.01,0,0.42857142857142855
0.13899206302890346,9,6,hcrd_quadratic_guided,0.01,0,0.42857142857142855
0.7891501660255411,103,6,hcrd_raw,0.01,1,0.12962962962962962
0.34803019409810404,2,6,hcrd_robust,0.01,1,0.0
0.16135405949100756,11,6,hcrd_gaussian_guided,0.01,1,0.375
0.14642555014891034,9,6,hcrd_adaptive_guided,0.01,1,0.42857142857142855
0.13975140380694553,9,6,hcrd_quadratic_guided,0.01,1,0.42857142857142855
0.7340355135709503,93,6,hcrd_raw,0.01,2,0.14285714285714288
0.46745154284803253,3,6,hcrd_robust,0.01,2,0.25
0.1467805941012215,11,6,hcrd_gaussian_guided,0.01,2,0.375
0.1396886937220284,9,6,hcrd_adaptive_guided,0.01,2,0.42857142857142855
0.14004062654230748,9,6,hcrd_quadratic_guided,0.01,2,0.42857142857142855
0.7727092842733033,98,6,hcrd_raw,0.01,3,0.11650485436893204
0.46400780104453665,3,6,hcrd_robust,0.01,3,0.25
0.14721986697204145,11,6,hcrd_gaussian_guided,0.01,3,0.375
0.13930790154119832,9,6,hcrd_adaptive_guided,0.01,3,0.42857142857142855
0.14008185685890714,9,6,hcrd_quadratic_guided,0.01,3,0.42857142857142855
0.804600537569595,105,6,hcrd_raw,0.01,4,0.12727272727272726
0.35257280481965053,2,6,hcrd_robust,0.01,4,0.0
0.16807924186366022,11,6,hcrd_gaussian_guided,0.01,4,0.25
0.1449745877749468,9,6,hcrd_adaptive_guided,0.01,4,0.2857142857142857
0.1400638424595899,9,6,hcrd_quadratic_guided,0.01,4,0.42857142857142855
0.8023402366146289,106,6,hcrd_raw,0.01,5,0.12612612612612611
0.34683377424598455,2,6,hcrd_robust,0.01,5,0.0
0.16753157896123205,11,6,hcrd_gaussian_guided,0.01,5,0.25
0.14433306224623255,9,6,hcrd_adaptive_guided,0.01,5,0.2857142857142857
0.13930543684755553,9,6,hcrd_quadratic_guided,0.01,5,0.42857142857142855
0.7898222624789466,97,6,hcrd_raw,0.01,6,0.1372549019607843
0.34655788757511424,2,6,hcrd_robust,0.01,6,0.0
0.16518500844030362,11,6,hcrd_gaussian_guided,0.01,6,0.25
0.14213536476383115,9,6,hcrd_adaptive_guided,0.01,6,0.2857142857142857
0.1538294397795993,9,6,hcrd_quadratic_guided,0.01,6,0.42857142857142855
0.7941410017773874,96,6,hcrd_raw,0.01,7,0.1386138613861386
0.3479751845377087,2,6,hcrd_robust,0.01,7,0.0
0.1450665456708775,11,6,hcrd_gaussian_guided,0.01,7,0.25
0.12154499934675311,9,6,hcrd_adaptive_guided,0.01,7,0.2857142857142857
0.13997269467347262,9,6,hcrd_quadratic_guided,0.01,7,0.42857142857142855
0.7961714388324245,106,6,hcrd_raw,0.01,8,0.12612612612612611
0.2871012436500009,3,6,hcrd_robust,0.01,8,0.25
0.163726727356414,11,6,hcrd_gaussian_guided,0.01,8,0.375
0.14089701105265873,9,6,hcrd_adaptive_guided,0.01,8,0.42857142857142855
0.14042138340835894,9,6,hcrd_quadratic_guided,0.01,8,0.42857142857142855
0.760374815875351,92,6,hcrd_raw,0.01,9,0.1443298969072165
0.46739165603979943,3,6,hcrd_robust,0.01,9,0.25
0.16178321644949167,11,6,hcrd_gaussian_guided,0.01,9,0.375
0.16179283059622632,11,6,hcrd_adaptive_guided,0.01,9,0.375
0.13932929466319088,9,6,hcrd_quadratic_guided,0.01,9,0.42857142857142855
0.8298130435400429,104,7,hcrd_raw,0.01,0,0.12844036697247707
0.14171961475675546,3,7,hcrd_robust,0.01,0,0.25
0.13367449875516776,11,7,hcrd_gaussian_guided,0.01,0,0.125
0.12008604969411957,9,7,hcrd_adaptive_guided,0.01,0,0.14285714285714285
0.1194744688845645,9,7,hcrd_quadratic_guided,0.01,0,0.42857142857142855
0.8057937923118088,92,7,hcrd_raw,0.01,1,0.1443298969072165
0.1429447074503196,3,7,hcrd_robust,0.01,1,0.25
0.11917489989705479,11,7,hcrd_gaussian_guided,0.01,1,0.125
0.11916058481036317,11,7,hcrd_adaptive_guided,0.01,1,0.125
0.12406991997597606,9,7,hcrd_quadratic_guided,0.01,1,0.42857142857142855
0.8352863108248677,110,7,hcrd_raw,0.01,2,0.1217391304347826
0.14011808312127774,3,7,hcrd_robust,0.01,2,0.25
0.10833960379718088,11,7,hcrd_gaussian_guided,0.01,2,0.125
0.10486984342246362,9,7,hcrd_adaptive_guided,0.01,2,0.14285714285714285
0.1186606142223026,9,7,hcrd_quadratic_guided,0.01,2,0.42857142857142855
0.8191554939374563,102,7,hcrd_raw,0.01,3,0.09345794392523366
0.1706701641091619,2,7,hcrd_robust,0.01,3,0.0
0.13258160458498372,11,7,hcrd_gaussian_guided,0.01,3,0.125
0.11741858182505756,9,7,hcrd_adaptive_guided,0.01,3,0.14285714285714285
0.11822043268581799,9,7,hcrd_quadratic_guided,0.01,3,0.42857142857142855
0.8265370042444011,95,7,hcrd_raw,0.01,4,0.14
0.16561848781224628,2,7,hcrd_robust,0.01,4,0.0
0.12541186060886939,11,7,hcrd_gaussian_guided,0.01,4,0.125
0.11031128677826091,9,7,hcrd_adaptive_guided,0.01,4,0.14285714285714285
0.11962370903073646,9,7,hcrd_quadratic_guided,0.01,4,0.42857142857142855
0.8288269239708538,98,7,hcrd_raw,0.01,5,0.13592233009708737
0.1341623109427098,3,7,hcrd_robust,0.01,5,0.25
0.1361273020899014,11,7,hcrd_gaussian_guided,0.01,5,0.125
0.1228560979136062,9,7,hcrd_adaptive_guided,0.01,5,0.14285714285714285
0.12015235081522692,9,7,hcrd_quadratic_guided,0.01,5,0.42857142857142855
0.8150604351903994,98,7,hcrd_raw,0.01,6,0.13592233009708737
0.22873367713656437,3,7,hcrd_robust,0.01,6,0.25
0.14050836499965275,11,7,hcrd_gaussian_guided,0.01,6,0.125
0.1370570771148642,9,7,hcrd_adaptive_guided,0.01,6,0.14285714285714285
0.1240505334514896,9,7,hcrd_quadratic_guided,0.01,6,0.42857142857142855
0.8295829352118561,99,7,hcrd_raw,0.01,7,0.1346153846153846
0.23391874576265667,3,7,hcrd_robust,0.01,7,0.25
0.12613833098041874,11,7,hcrd_gaussian_guided,0.01,7,0.125
0.10890363742038921,11,7,hcrd_adaptive_guided,0.01,7,0.125
0.11895528944890961,9,7,hcrd_quadratic_guided,0.01,7,0.42857142857142855
0.8237711461172502,109,7,hcrd_raw,0.01,8,0.12280701754385964
0.16378702493018935,2,7,hcrd_robust,0.01,8,0.0
0.1095526473972648,11,7,hcrd_gaussian_guided,0.01,8,0.125
0.10626450249480189,9,7,hcrd_adaptive_guided,0.01,8,0.14285714285714285
0.11924973863787461,9,7,hcrd_quadratic_guided,0.01,8,0.42857142857142855
0.8283872250474411,104,7,hcrd_raw,0.01,9,0.12844036697247707
0.140881902319953,3,7,hcrd_robust,0.01,9,0.25
0.1091557385850657,11,7,hcrd_gaussian_guided,0.01,9,0.125
0.10587286843649656,9,7,hcrd_adaptive_guided,0.01,9,0.14285714285714285
0.12380372089188298,9,7,hcrd_quadratic_guided,0.01,9,0.42857142857142855
0.9468986191073745,96,8,hcrd_raw,0.01,0,0.1188118811881188
0.23248999394297976,3,8,hcrd_robust,0.01,0,0.25
0.1338113075540525,11,8,hcrd_gaussian_guided,0.01,0,0.375
0.13381793068721878,11,8,hcrd_adaptive_guided,0.01,0,0.375
0.10409543774815695,9,8,hcrd_quadratic_guided,0.01,0,0.7142857142857143
0.9565972637819113,100,8,hcrd_raw,0.01,1,0.13333333333333333
0.21815237197306833,3,8,hcrd_robust,0.01,1,0.25
0.11973029420871008,11,8,hcrd_gaussian_guided,0.01,1,0.375
0.11971449795105944,11,8,hcrd_adaptive_guided,0.01,1,0.375
0.10488178929567525,9,8,hcrd_quadratic_guided,0.01,1,0.7142857142857143
0.959076743932133,96,8,hcrd_raw,0.01,2,0.1188118811881188
0.22534523692773467,3,8,hcrd_robust,0.01,2,0.25
0.1343316414883862,11,8,hcrd_gaussian_guided,0.01,2,0.375
0.13434417477788752,11,8,hcrd_adaptive_guided,0.01,2,0.375
0.10481853054639687,9,8,hcrd_quadratic_guided,0.01,2,0.7142857142857143
0.9588120415583714,97,8,hcrd_raw,0.01,3,0.1372549019607843
0.12120037459954956,2,8,hcrd_robust,0.01,3,0.0
0.11893005320367235,11,8,hcrd_gaussian_guided,0.01,3,0.375
0.10534514472938118,9,8,hcrd_adaptive_guided,0.01,3,0.42857142857142855
0.10492208866022686,9,8,hcrd_quadratic_guided,0.01,3,0.7142857142857143
0.9617559102396971,97,8,hcrd_raw,0.01,4,0.1372549019607843
0.23372605724339324,3,8,hcrd_robust,0.01,4,0.25
0.1342720019120698,11,8,hcrd_gaussian_guided,0.01,4,0.375
0.1172390346287283,11,8,hcrd_adaptive_guided,0.01,4,0.375
0.1047473404210026,9,8,hcrd_quadratic_guided,0.01,4,0.7142857142857143
0.9531871646338302,99,8,hcrd_raw,0.01,5,0.1346153846153846
0.22567952885756393,3,8,hcrd_robust,0.01,5,0.25
0.11775481801799488,11,8,hcrd_gaussian_guided,0.01,5,0.375
0.10572724804182808,9,8,hcrd_adaptive_guided,0.01,5,0.42857142857142855
0.10434094203934902,9,8,hcrd_quadratic_guided,0.01,5,0.7142857142857143
0.964155078379334,106,8,hcrd_raw,0.01,6,0.12612612612612611
0.11983985378578065,2,8,hcrd_robust,0.01,6,0.0
0.13463169962405008,11,8,hcrd_gaussian_guided,0.01,6,0.375
0.11593199474331514,9,8,hcrd_adaptive_guided,0.01,6,0.42857142857142855
0.10508788958982584,9,8,hcrd_quadratic_guided,0.01,6,0.7142857142857143
0.94774364171098,91,8,hcrd_raw,0.01,7,0.14583333333333334
0.22150903282183879,3,8,hcrd_robust,0.01,7,0.25
0.13577726040619228,11,8,hcrd_gaussian_guided,0.01,7,0.375
0.13581521786353185,11,8,hcrd_adaptive_guided,0.01,7,0.375
0.10566063285963154,9,8,hcrd_quadratic_guided,0.01,7,0.7142857142857143
0.9583651225967019,95,8,hcrd_raw,0.01,8,0.14
0.22859676605672247,3,8,hcrd_robust,0.01,8,0.25
0.10676983208001803,11,8,hcrd_gaussian_guided,0.01,8,0.375
0.07763376123376765,9,8,hcrd_adaptive_guided,0.01,8,0.42857142857142855
0.10508631034885066,9,8,hcrd_quadratic_guided,0.01,8,0.7142857142857143
0.9420947156281125,95,8,hcrd_raw,0.01,9,0.12
0.11817945632085919,2,8,hcrd_robust,0.01,9,0.0
0.11925988575803938,11,8,hcrd_gaussian_guided,0.01,9,0.375
0.08991458735264124,9,8,hcrd_adaptive_guided,0.01,9,0.42857142857142855
0.10495356635038841,9,8,hcrd_quadratic_guided,0.01,9,0.7142857142857143
0.841651264651133,110,9,hcrd_raw,0.01,0,0.1217391304347826
1.3801491108116788,2,9,hcrd_robust,0.01,0,0.0
0.047002331320799264,11,9,hcrd_gaussian_guided,0.01,0,0.75
0.04690948451183717,11,9,hcrd_adaptive_guided,0.01,0,0.75
0.040875205301011804,9,9,hcrd_quadratic_guided,0.01,0,0.8571428571428571
0.8317212236377559,103,9,hcrd_raw,0.01,1,0.12962962962962962
1.367613105446076,2,9,hcrd_robust,0.01,1,0.0
0.04224245392932823,11,9,hcrd_gaussian_guided,0.01,1,0.75
0.042131339851828584,11,9,hcrd_adaptive_guided,0.01,1,0.75
0.04451823811171675,9,9,hcrd_quadratic_guided,0.01,1,0.8571428571428571
0.8277747814114125,98,9,hcrd_raw,0.01,2,0.13592233009708737
1.3842477387790406,2,9,hcrd_robust,0.01,2,0.0
0.05035578023980641,11,9,hcrd_gaussian_guided,0.01,2,0.75
0.050249635290819196,11,9,hcrd_adaptive_guided,0.01,2,0.75
0.04094071463723739,9,9,hcrd_quadratic_guided,0.01,2,0.8571428571428571
0.8303238445671887,94,9,hcrd_raw,0.01,3,0.1414141414141414
1.3755987089789732,2,9,hcrd_robust,0.01,3,0.0
0.04191848009944838,11,9,hcrd_gaussian_guided,0.01,3,0.75
0.041844559272120996,11,9,hcrd_adaptive_guided,0.01,3,0.75
0.04037854796670901,9,9,hcrd_quadratic_guided,0.01,3,0.8571428571428571
0.8267199135715935,97,9,hcrd_raw,0.01,4,0.1372549019607843
1.3829406745241528,2,9,hcrd_robust,0.01,4,0.0
0.04703876921204207,11,9,hcrd_gaussian_guided,0.01,4,0.75
0.04697071873276576,11,9,hcrd_adaptive_guided,0.01,4,0.75
0.0405281690923994,9,9,hcrd_quadratic_guided,0.01,4,0.8571428571428571
0.8408743873535471,106,9,hcrd_raw,0.01,5,0.12612612612612611
1.358462507107365,2,9,hcrd_robust,0.01,5,0.0
0.04753838607313551,11,9,hcrd_gaussian_guided,0.01,5,0.75
0.029395376937174367,9,9,hcrd_adaptive_guided,0.01,5,0.8571428571428571
0.040498296704243264,9,9,hcrd_quadratic_guided,0.01,5,0.8571428571428571
0.834301480118723,100,9,hcrd_raw,0.01,6,0.13333333333333333
1.3881798723914966,2,9,hcrd_robust,0.01,6,0.0
0.041562802394704945,11,9,hcrd_gaussian_guided,0.01,6,0.75
0.03485243683131192,10,9,hcrd_adaptive_guided,0.01,6,0.7999999999999999
0.040335559627519085,9,9,hcrd_quadratic_guided,0.01,6,0.8571428571428571
0.8394660418535494,100,9,hcrd_raw,0.01,7,0.11428571428571428
1.4015359400496512,2,9,hcrd_robust,0.01,7,0.0
0.05087402518536581,11,9,hcrd_gaussian_guided,0.01,7,0.75
0.0508113418645355,11,9,hcrd_adaptive_guided,0.01,7,0.75
0.04098894083635949,9,9,hcrd_quadratic_guided,0.01,7,0.8571428571428571
0.8325223648513213,95,9,hcrd_raw,0.01,8,0.14
1.3644781363793095,2,9,hcrd_robust,0.01,8,0.0
0.05008420011462932,11,9,hcrd_gaussian_guided,0.01,8,0.75
0.050025782851085054,11,9,hcrd_adaptive_guided,0.01,8,0.75
0.043902178068776554,9,9,hcrd_quadratic_guided,0.01,8,0.8571428571428571
0.8325635338514912,101,9,hcrd_raw,0.01,9,0.1320754716981132
1.3839625668946924,2,9,hcrd_robust,0.01,9,0.0
0.04699584443080427,11,9,hcrd_gaussian_guided,0.01,9,0.75
0.046939612307623876,11,9,hcrd_adaptive_guided,0.01,9,0.75
0.04402457216113243,9,9,hcrd_quadratic_guided,0.01,9,0.8571428571428571
0.7576756023325116,103,10,hcrd_raw,0.01,0,0.12962962962962962
0.18889637242115684,2,10,hcrd_robust,0.01,0,0.0
0.06433970193053072,11,10,hcrd_gaussian_guided,0.01,0,0.25
0.0642660073580902,11,10,hcrd_adaptive_guided,0.01,0,0.25
0.06259039790205125,9,10,hcrd_quadratic_guided,0.01,0,0.42857142857142855
0.7507309000717777,99,10,hcrd_raw,0.01,1,0.1346153846153846
0.18132436243759217,2,10,hcrd_robust,0.01,1,0.0
0.05572775417504794,11,10,hcrd_gaussian_guided,0.01,1,0.375
0.05562763910014405,11,10,hcrd_adaptive_guided,0.01,1,0.375
0.06286955959976717,9,10,hcrd_quadratic_guided,0.01,1,0.42857142857142855
0.7607771075247985,106,10,hcrd_raw,0.01,2,0.1081081081081081
0.18564451896573192,2,10,hcrd_robust,0.01,2,0.0
0.07697201390780764,11,10,hcrd_gaussian_guided,0.01,2,0.25
0.0705530254065085,11,10,hcrd_adaptive_guided,0.01,2,0.25
0.06284262443208768,9,10,hcrd_quadratic_guided,0.01,2,0.42857142857142855
0.767326156990817,112,10,hcrd_raw,0.01,3,0.10256410256410256
0.19023338217602132,2,10,hcrd_robust,0.01,3,0.0
0.06122930113262175,11,10,hcrd_gaussian_guided,0.01,3,0.25
0.047577969107973204,9,10,hcrd_adaptive_guided,0.01,3,0.2857142857142857
0.06304934414935841,9,10,hcrd_quadratic_guided,0.01,3,0.42857142857142855
0.7618032173620266,100,10,hcrd_raw,0.01,4,0.11428571428571428
0.1873666231524668,2,10,hcrd_robust,0.01,4,0.0
0.0648887574891059,11,10,hcrd_gaussian_guided,0.01,4,0.25
0.06482875067844986,11,10,hcrd_adaptive_guided,0.01,4,0.25
0.06306453697097059,9,10,hcrd_quadratic_guided,0.01,4,0.42857142857142855
0.7615133400277514,99,10,hcrd_raw,0.01,5,0.1346153846153846
0.18851126805379984,2,10,hcrd_robust,0.01,5,0.0
0.06467096092066234,11,10,hcrd_gaussian_guided,0.01,5,0.25
0.06458239070336648,11,10,hcrd_adaptive_guided,0.01,5,0.25
0.06303399648681475,9,10,hcrd_quadratic_guided,0.01,5,0.42857142857142855
0.7453239051060419,99,10,hcrd_raw,0.01,6,0.11538461538461539
0.17713394170457947,2,10,hcrd_robust,0.01,6,0.0
0.0645029394307459,11,10,hcrd_gaussian_guided,0.01,6,0.25
0.060352269580937375,11,10,hcrd_adaptive_guided,0.01,6,0.25
0.06273396763389648,9,10,hcrd_quadratic_guided,0.01,6,0.42857142857142855
0.7568205227601448,105,10,hcrd_raw,0.01,7,0.12727272727272726
0.18657137943150354,2,10,hcrd_robust,0.01,7,0.0
0.06349605072506706,11,10,hcrd_gaussian_guided,0.01,7,0.25
0.06348102911100764,11,10,hcrd_adaptive_guided,0.01,7,0.25
0.06231845482121613,9,10,hcrd_quadratic_guided,0.01,7,0.42857142857142855
0.7636524391541473,107,10,hcrd_raw,0.01,8,0.125
0.18575417616818138,2,10,hcrd_robust,0.01,8,0.0
0.06443671671583015,11,10,hcrd_gaussian_guided,0.01,8,0.25
0.04917723903596298,9,10,hcrd_adaptive_guided,0.01,8,0.2857142857142857
0.06277381987732515,9,10,hcrd_quadratic_guided,0.01,8,0.42857142857142855
0.7503733368435234,99,10,hcrd_raw,0.01,9,0.1346153846153846
0.18485023372083723,2,10,hcrd_robust,0.01,9,0.0
0.07120434329394962,11,10,hcrd_gaussian_guided,0.01,9,0.25
0.07117590799884545,11,10,hcrd_adaptive_guided,0.01,9,0.25
0.06324869487475228,9,10,hcrd_quadratic_guided,0.01,9,0.42857142857142855
0.8706614133897296,103,11,hcrd_raw,0.01,0,0.12962962962962962
0.1782259756718337,2,11,hcrd_robust,0.01,0,0.0
0.06976284680597811,11,11,hcrd_gaussian_guided,0.01,0,0.5
0.06966764872186801,11,11,hcrd_adaptive_guided,0.01,0,0.5
0.05828804213438437,9,11,hcrd_quadratic_guided,0.01,0,0.8571428571428571
0.8682012067855691,106,11,hcrd_raw,0.01,1,0.12612612612612611
0.17875215625046909,2,11,hcrd_robust,0.01,1,0.0
0.06812413181836988,11,11,hcrd_gaussian_guided,0.01,1,0.5
0.06795762330158575,11,11,hcrd_adaptive_guided,0.01,1,0.5
0.058583415921024215,9,11,hcrd_quadratic_guided,0.01,1,0.8571428571428571
0.8704756834946296,106,11,hcrd_raw,0.01,2,0.12612612612612611
0.17606505189618335,2,11,hcrd_robust,0.01,2,0.0
0.07642320642947122,11,11,hcrd_gaussian_guided,0.01,2,0.5
0.07634672142697436,11,11,hcrd_adaptive_guided,0.01,2,0.5
0.05847483676606685,9,11,hcrd_quadratic_guided,0.01,2,0.8571428571428571
0.8566469220440622,97,11,hcrd_raw,0.01,3,0.1372549019607843
0.41661951385979634,3,11,hcrd_robust,0.01,3,0.0
0.06727213447301304,11,11,hcrd_gaussian_guided,0.01,3,0.5
0.06690016695996047,11,11,hcrd_adaptive_guided,0.01,3,0.5
0.05829559756959492,9,11,hcrd_quadratic_guided,0.01,3,0.8571428571428571
0.8629496222759824,101,11,hcrd_raw,0.01,4,0.1320754716981132
0.18789075296167881,2,11,hcrd_robust,0.01,4,0.0
0.07721015588173802,11,11,hcrd_gaussian_guided,0.01,4,0.5
0.0771526900821279,11,11,hcrd_adaptive_guided,0.01,4,0.5
0.058127715007293856,9,11,hcrd_quadratic_guided,0.01,4,0.8571428571428571
0.8689659285733542,107,11,hcrd_raw,0.01,5,0.125
0.18434236919983207,2,11,hcrd_robust,0.01,5,0.0
0.07692434232629569,11,11,hcrd_gaussian_guided,0.01,5,0.6250000000000001
0.0669220136637432,11,11,hcrd_adaptive_guided,0.01,5,0.75
0.0585591422224478,9,11,hcrd_quadratic_guided,0.01,5,0.8571428571428571
0.8689877479777338,106,11,hcrd_raw,0.01,6,0.1081081081081081
0.1820896486424834,2,11,hcrd_robust,0.01,6,0.0
0.06888511486086898,11,11,hcrd_gaussian_guided,0.01,6,0.5
0.06878070508714126,11,11,hcrd_adaptive_guided,0.01,6,0.5
0.05847200783994887,9,11,hcrd_quadratic_guided,0.01,6,0.8571428571428571
0.8610967027771984,101,11,hcrd_raw,0.01,7,0.1320754716981132
0.18509769991165065,2,11,hcrd_robust,0.01,7,0.0
0.07910000120360929,11,11,hcrd_gaussian_guided,0.01,7,0.6250000000000001
0.06913847875534075,11,11,hcrd_adaptive_guided,0.01,7,0.6250000000000001
0.05874421100870952,9,11,hcrd_quadratic_guided,0.01,7,0.8571428571428571
0.8670526458681806,101,11,hcrd_raw,0.01,8,0.1320754716981132
0.1832324118613287,2,11,hcrd_robust,0.01,8,0.0
0.07746821658807605,11,11,hcrd_gaussian_guided,0.01,8,0.6250000000000001
0.06737050015865771,11,11,hcrd_adaptive_guided,0.01,8,0.6250000000000001
0.058277593110656015,9,11,hcrd_quadratic_guided,0.01,8,0.8571428571428571
0.8583037247883648,98,11,hcrd_raw,0.01,9,0.13592233009708737
0.18353849944023629,2,11,hcrd_robust,0.01,9,0.0
0.07732462833929746,11,11,hcrd_gaussian_guided,0.01,9,0.5
0.0761673355731929,11,11,hcrd_adaptive_guided,0.01,9,0.5
0.05781058456726859,9,11,hcrd_quadratic_guided,0.01,9,0.8571428571428571
0.8782928467378714,105,12,hcrd_raw,0.01,0,0.12727272727272726
0.16699117371915143,2,12,hcrd_robust,0.01,0,0.0
0.0790125126848717,11,12,hcrd_gaussian_guided,0.01,0,0.25
0.0618126164628691,9,12,hcrd_adaptive_guided,0.01,0,0.2857142857142857
0.04319218575078734,9,12,hcrd_quadratic_guided,0.01,0,1.0
0.8766667775684076,104,12,hcrd_raw,0.01,1,0.12844036697247707
0.16750700934337645,2,12,hcrd_robust,0.01,1,0.0
0.07232136881346331,11,12,hcrd_gaussian_guided,0.01,1,0.375
0.0551669226545693,9,12,hcrd_adaptive_guided,0.01,1,0.42857142857142855
0.04606914113140643,9,12,hcrd_quadratic_guided,0.01,1,1.0
0.8592015086885497,98,12,hcrd_raw,0.01,2,0.13592233009708737
0.15778263488490052,2,12,hcrd_robust,0.01,2,0.0
0.07335685371677382,11,12,hcrd_gaussian_guided,0.01,2,0.375
0.055708682394582015,9,12,hcrd_adaptive_guided,0.01,2,0.42857142857142855
0.0435486289357321,9,12,hcrd_quadratic_guided,0.01,2,1.0
0.8718169444631677,96,12,hcrd_raw,0.01,3,0.1386138613861386
0.1604972766122707,2,12,hcrd_robust,0.01,3,0.0
0.07877473035947492,11,12,hcrd_gaussian_guided,0.01,3,0.25
0.06118455313441454,9,12,hcrd_adaptive_guided,0.01,3,0.2857142857142857
0.04296614105897762,9,12,hcrd_quadratic_guided,0.01,3,1.0
0.8813379509974806,105,12,hcrd_raw,0.01,4,0.1090909090909091
0.17007019683933955,2,12,hcrd_robust,0.01,4,0.0
0.07309505764441407,11,12,hcrd_gaussian_guided,0.01,4,0.375
0.05618440141809013,9,12,hcrd_adaptive_guided,0.01,4,0.42857142857142855
0.04303894285032969,9,12,hcrd_quadratic_guided,0.01,4,1.0
0.8730707557584658,99,12,hcrd_raw,0.01,5,0.1346153846153846
0.15701025381081016,2,12,hcrd_robust,0.01,5,0.0
0.06374978788135592,11,12,hcrd_gaussian_guided,0.01,5,0.5
0.04460243341507994,9,12,hcrd_adaptive_guided,0.01,5,0.5714285714285714
0.04257847836061767,9,12,hcrd_quadratic_guided,0.01,5,1.0
0.8623760846768026,89,12,hcrd_raw,0.01,6,0.1276595744680851
0.16355899996735485,2,12,hcrd_robust,0.01,6,0.0
0.060720387679647346,11,12,hcrd_gaussian_guided,0.01,6,0.6250000000000001
0.06067409672075616,11,12,hcrd_adaptive_guided,0.01,6,0.6250000000000001
0.04308667105945368,9,12,hcrd_quadratic_guided,0.01,6,1.0
0.8782461822221207,104,12,hcrd_raw,0.01,7,0.12844036697247707
0.15745492050231957,2,12,hcrd_robust,0.01,7,0.0
0.07184450489081702,11,12,hcrd_gaussian_guided,0.01,7,0.375
0.05471699595983262,9,12,hcrd_adaptive_guided,0.01,7,0.42857142857142855
0.04306221922902942,9,12,hcrd_quadratic_guided,0.01,7,1.0
0.8753711057908247,105,12,hcrd_raw,0.01,8,0.12727272727272726
0.1600384030881529,2,12,hcrd_robust,0.01,8,0.0
0.07832506314784758,11,12,hcrd_gaussian_guided,0.01,8,0.25
0.05539037701350396,9,12,hcrd_adaptive_guided,0.01,8,0.42857142857142855
0.042936221960397765,9,12,hcrd_quadratic_guided,0.01,8,1.0
0.870417440369612,95,12,hcrd_raw,0.01,9,0.12
0.15759599987741918,2,12,hcrd_robust,0.01,9,0.0
0.07161270400786113,11,12,hcrd_gaussian_guided,0.01,9,0.375
0.05195169458616194,9,12,hcrd_adaptive_guided,0.01,9,0.42857142857142855
0.04574846828142496,9,12,hcrd_quadratic_guided,0.01,9,1.0
0.8719821971040423,96,13,hcrd_raw,0.01,0,0.1386138613861386
0.030819131390467772,3,13,hcrd_robust,0.01,0,0.25
0.07757960576098386,11,13,hcrd_gaussian_guided,0.01,0,0.5
0.07747367386570542,11,13,hcrd_adaptive_guided,0.01,0,0.5
0.07276917601385131,9,13,hcrd_quadratic_guided,0.01,0,0.7142857142857143
0.8631744665709918,92,13,hcrd_raw,0.01,1,0.1443298969072165
0.029725413048483265,3,13,hcrd_robust,0.01,1,0.25
0.07805853853318429,11,13,hcrd_gaussian_guided,0.01,1,0.5
0.05341218441036027,9,13,hcrd_adaptive_guided,0.01,1,0.5714285714285714
0.07243046576917099,9,13,hcrd_quadratic_guided,0.01,1,0.7142857142857143
0.8799037224832253,104,13,hcrd_raw,0.01,2,0.12844036697247707
0.3476926070276244,2,13,hcrd_robust,0.01,2,0.0
0.08889956355994971,11,13,hcrd_gaussian_guided,0.01,2,0.375
0.08662235755402353,9,13,hcrd_adaptive_guided,0.01,2,0.42857142857142855
0.07265791865325641,9,13,hcrd_quadratic_guided,0.01,2,0.7142857142857143
0.8776160199161391,99,13,hcrd_raw,0.01,3,0.1346153846153846
0.35574511591930613,2,13,hcrd_robust,0.01,3,0.0
0.10060283512075335,11,13,hcrd_gaussian_guided,0.01,3,0.375
0.0756705871766182,9,13,hcrd_adaptive_guided,0.01,3,0.42857142857142855
0.07244383914627281,9,13,hcrd_quadratic_guided,0.01,3,0.7142857142857143
0.8670272922521408,97,13,hcrd_raw,0.01,4,0.1372549019607843
0.03186991473109831,3,13,hcrd_robust,0.01,4,0.25
0.07763744803498372,11,13,hcrd_gaussian_guided,0.01,4,0.5
0.07761337471573895,11,13,hcrd_adaptive_guided,0.01,4,0.5
0.07039227595299657,9,13,hcrd_quadratic_guided,0.01,4,0.7142857142857143
0.8724488872555619,99,13,hcrd_raw,0.01,5,0.11538461538461539
0.35811853200938587,2,13,hcrd_robust,0.01,5,0.0
0.09937211801159808,11,13,hcrd_gaussian_guided,0.01,5,0.375
0.07474187861689793,9,13,hcrd_adaptive_guided,0.01,5,0.42857142857142855
0.07231206161064674,9,13,hcrd_quadratic_guided,0.01,5,0.7142857142857143
0.8828871594613443,108,13,hcrd_raw,0.01,6,0.1238938053097345
0.35093922094327723,2,13,hcrd_robust,0.01,6,0.0
0.09162594801708956,11,13,hcrd_gaussian_guided,0.01,6,0.375
0.06805732549528026,9,13,hcrd_adaptive_guided,0.01,6,0.42857142857142855
0.0721062722476978,9,13,hcrd_quadratic_guided,0.01,6,0.7142857142857143
0.8766217158173613,102,13,hcrd_raw,0.01,7,0.13084112149532712
0.3497068785443416,2,13,hcrd_robust,0.01,7,0.0
0.10011200529164754,11,13,hcrd_gaussian_guided,0.01,7,0.375
0.10011023199906716,11,13,hcrd_adaptive_guided,0.01,7,0.375
0.07079219131714888,9,13,hcrd_quadratic_guided,0.01,7,0.7142857142857143
0.8738086885747028,97,13,hcrd_raw,0.01,8,0.11764705882352942
0.34116995181585547,2,13,hcrd_robust,0.01,8,0.0
0.09904766643037316,11,13,hcrd_gaussian_guided,0.01,8,0.375
0.07449465174427942,9,13,hcrd_adaptive_guided,0.01,8,0.42857142857142855
0.07215538033944853,9,13,hcrd_quadratic_guided,0.01,8,0.7142857142857143
0.869992612463132,101,13,hcrd_raw,0.01,9,0.1320754716981132
0.34986660560426586,2,13,hcrd_robust,0.01,9,0.0
0.08941404506550653,11,13,hcrd_gaussian_guided,0.01,9,0.375
0.06504247171344638,9,13,hcrd_adaptive_guided,0.01,9,0.42857142857142855
0.07264166450706783,9,13,hcrd_quadratic_guided,0.01,9,0.7142857142857143
0.7574669877416373,102,14,hcrd_raw,0.01,0,0.13084112149532712
0.7263449589904886,2,14,hcrd_robust,0.01,0,0.0
0.060408081106072264,11,14,hcrd_gaussian_guided,0.01,0,0.6250000000000001
0.046536161226925006,10,14,hcrd_adaptive_guided,0.01,0,0.6666666666666666
0.043688420234641465,9,14,hcrd_quadratic_guided,0.01,0,1.0
0.7675825071274871,107,14,hcrd_raw,0.01,1,0.125
0.7214544422054212,2,14,hcrd_robust,0.01,1,0.0
0.051513357453803754,11,14,hcrd_gaussian_guided,0.01,1,0.75
0.037402247891112454,10,14,hcrd_adaptive_guided,0.01,1,0.7999999999999999
0.043922660062375336,9,14,hcrd_quadratic_guided,0.01,1,1.0
0.7674526179627732,103,14,hcrd_raw,0.01,2,0.12962962962962962
0.7373846341951378,2,14,hcrd_robust,0.01,2,0.0
0.060582469412135735,11,14,hcrd_gaussian_guided,0.01,2,0.6250000000000001
0.04626967772165781,10,14,hcrd_adaptive_guided,0.01,2,0.6666666666666666
0.04376369688015327,9,14,hcrd_quadratic_guided,0.01,2,1.0
0.7638905400894757,104,14,hcrd_raw,0.01,3,0.12844036697247707
0.7132515242687206,2,14,hcrd_robust,0.01,3,0.0
0.05105359597192425,11,14,hcrd_gaussian_guided,0.01,3,0.75
0.0511843241196505,11,14,hcrd_adaptive_guided,0.01,3,0.75
0.04348840460594483,9,14,hcrd_quadratic_guided,0.01,3,1.0
0.7604615103029594,102,14,hcrd_raw,0.01,4,0.13084112149532712
0.7144818468967882,2,14,hcrd_robust,0.01,4,0.0
0.0512465115038521,11,14,hcrd_gaussian_guided,0.01,4,0.75
0.03651096546972158,10,14,hcrd_adaptive_guided,0.01,4,0.7999999999999999
0.04375277335931879,9,14,hcrd_quadratic_guided,0.01,4,1.0
0.7605470933665508,100,14,hcrd_raw,0.01,5,0.13333333333333333
0.7205461932527731,2,14,hcrd_robust,0.01,5,0.0
0.060575357499210156,11,14,hcrd_gaussian_guided,0.01,5,0.6250000000000001
0.06049298931089606,11,14,hcrd_adaptive_guided,0.01,5,0.6250000000000001
0.043753825839051165,9,14,hcrd_quadratic_guided,0.01,5,1.0
0.766807084593627,100,14,hcrd_raw,0.01,6,0.09523809523809523
0.7154363192604857,2,14,hcrd_robust,0.01,6,0.0
0.05998252864240127,11,14,hcrd_gaussian_guided,0.01,6,0.6250000000000001
0.059861729774018095,11,14,hcrd_adaptive_guided,0.01,6,0.6250000000000001
0.043355543893305704,9,14,hcrd_quadratic_guided,0.01,6,1.0
0.7728143652986499,109,14,hcrd_raw,0.01,7,0.12280701754385964
0.7284590841186944,2,14,hcrd_robust,0.01,7,0.0
0.05081509874141915,11,14,hcrd_gaussian_guided,0.01,7,0.75
0.050671166989252704,11,14,hcrd_adaptive_guided,0.01,7,0.75
0.04291203992051616,9,14,hcrd_quadratic_guided,0.01,7,1.0
0.765498882161151,104,14,hcrd_raw,0.01,8,0.12844036697247707
0.08777385230206385,3,14,hcrd_robust,0.01,8,0.25
0.051141574104744354,11,14,hcrd_gaussian_guided,0.01,8,0.75
0.025908584078835093,9,14,hcrd_adaptive_guided,0.01,8,0.8571428571428571
0.04366778678855111,9,14,hcrd_quadratic_guided,0.01,8,1.0
0.7645659365435454,100,14,hcrd_raw,0.01,9,0.13333333333333333
0.7159301143934357,2,14,hcrd_robust,0.01,9,0.0
0.05002651877948346,11,14,hcrd_gaussian_guided,0.01,9,0.75
0.04978121037309675,11,14,hcrd_adaptive_guided,0.01,9,0.75
0.04287964211729652,9,14,hcrd_quadratic_guided,0.01,9,1.0
1.0056334523798032,101,15,hcrd_raw,0.01,0,0.1320754716981132
0.30957658767522855,2,15,hcrd_robust,0.01,0,0.0
0.10249944120445942,11,15,hcrd_gaussian_guided,0.01,0,0.375
0.08712180350302304,11,15,hcrd_adaptive_guided,0.01,0,0.375
0.07807936160884524,9,15,hcrd_quadratic_guided,0.01,0,0.7142857142857143
0.9905173394786821,98,15,hcrd_raw,0.01,1,0.13592233009708737
0.3117796536227161,2,15,hcrd_robust,0.01,1,0.0
0.11281733182239236,11,15,hcrd_gaussian_guided,0.01,1,0.25
0.11281862621132506,11,15,hcrd_adaptive_guided,0.01,1,0.25
0.07796678840450622,9,15,hcrd_quadratic_guided,0.01,1,0.7142857142857143
0.992002575956207,91,15,hcrd_raw,0.01,2,0.14583333333333334
0.31404860235393933,2,15,hcrd_robust,0.01,2,0.0
0.11498830078534325,11,15,hcrd_gaussian_guided,0.01,2,0.25
0.11501612359739058,11,15,hcrd_adaptive_guided,0.01,2,0.25
0.07854836707002451,9,15,hcrd_quadratic_guided,0.01,2,0.7142857142857143
0.9707737599221381,91,15,hcrd_raw,0.01,3,0.14583333333333334
0.31261106323465565,2,15,hcrd_robust,0.01,3,0.0
0.0889205720492872,11,15,hcrd_gaussian_guided,0.01,3,0.375
0.08872470307543247,11,15,hcrd_adaptive_guided,0.01,3,0.375
0.07772806073992239,9,15,hcrd_quadratic_guided,0.01,3,0.7142857142857143
0.9891035004344474,95,15,hcrd_raw,0.01,4,0.12
0.3560876262407798,3,15,hcrd_robust,0.01,4,0.25
0.11473354038749004,11,15,hcrd_gaussian_guided,0.01,4,0.25
0.0984464787027021,11,15,hcrd_adaptive_guided,0.01,4,0.25
0.07771557851114572,9,15,hcrd_quadratic_guided,0.01,4,0.7142857142857143
1.0103134243437066,101,15,hcrd_raw,0.01,5,0.1320754716981132
0.31214023310477,2,15,hcrd_robust,0.01,5,0.0
0.09787366639887911,11,15,hcrd_gaussian_guided,0.01,5,0.25
0.09778567320743893,11,15,hcrd_adaptive_guided,0.01,5,0.25
0.07786024767969087,9,15,hcrd_quadratic_guided,0.01,5,0.7142857142857143
1.0003841776568148,97,15,hcrd_raw,0.01,6,0.1372549019607843
0.30363058591578124,3,15,hcrd_robust,0.01,6,0.25
0.10446111768692959,11,15,hcrd_gaussian_guided,0.01,6,0.375
0.0890652892563276,11,15,hcrd_adaptive_guided,0.01,6,0.375
0.0783226079738959,9,15,hcrd_quadratic_guided,0.01,6,0.7142857142857143
1.0105368423128667,103,15,hcrd_raw,0.01,7,0.12962962962962962
0.3140149298548194,2,15,hcrd_robust,0.01,7,0.0
0.11371483779995739,11,15,hcrd_gaussian_guided,0.01,7,0.25
0.09720472409329943,11,15,hcrd_adaptive_guided,0.01,7,0.25
0.07779629220999598,9,15,hcrd_quadratic_guided,0.01,7,0.7142857142857143
0.9688915124214345,99,15,hcrd_raw,0.01,8,0.1346153846153846
0.314493054757173,2,15,hcrd_robust,0.01,8,0.0
0.11428750347610095,11,15,hcrd_gaussian_guided,0.01,8,0.25
0.09812896353442069,11,15,hcrd_adaptive_guided,0.01,8,0.25
0.07798787795445045,9,15,hcrd_quadratic_guided,0.01,8,0.7142857142857143
1.0110371615281235,102,15,hcrd_raw,0.01,9,0.13084112149532712
0.432088214270127,4,15,hcrd_robust,0.01,9,0.22222222222222224
0.08842331853808133,11,15,hcrd_gaussian_guided,0.01,9,0.375
0.08806517593378493,11,15,hcrd_adaptive_guided,0.01,9,0.375
0.07817613618410349,9,15,hcrd_quadratic_guided,0.01,9,0.7142857142857143
0.6880957527294264,102,16,hcrd_raw,0.01,0,0.13084112149532712
0.09861321952559607,2,16,hcrd_robust,0.01,0,0.0
0.041137968817043354,11,16,hcrd_gaussian_guided,0.01,0,0.6250000000000001
0.02529487643239794,9,16,hcrd_adaptive_guided,0.01,0,0.7142857142857143
0.039154995068944376,9,16,hcrd_quadratic_guided,0.01,0,0.8571428571428571
0.7002809700378044,110,16,hcrd_raw,0.01,1,0.1217391304347826
0.09893172228894648,2,16,hcrd_robust,0.01,1,0.0
0.04351964846156948,11,16,hcrd_gaussian_guided,0.01,1,0.6250000000000001
0.03505185413800368,10,16,hcrd_adaptive_guided,0.01,1,0.6666666666666666
0.03948277118280803,9,16,hcrd_quadratic_guided,0.01,1,0.8571428571428571
0.6908409342611922,103,16,hcrd_raw,0.01,2,0.11111111111111112
0.1024777484192542,2,16,hcrd_robust,0.01,2,0.0
0.04241255581604395,11,16,hcrd_gaussian_guided,0.01,2,0.6250000000000001
0.02781843474051817,9,16,hcrd_adaptive_guided,0.01,2,0.7142857142857143
0.03962782686150337,9,16,hcrd_quadratic_guided,0.01,2,0.8571428571428571
0.6896490194166032,108,16,hcrd_raw,0.01,3,0.1238938053097345
0.09719271307271357,2,16,hcrd_robust,0.01,3,0.0
0.04205163877606748,11,16,hcrd_gaussian_guided,0.01,3,0.6250000000000001
0.028041292152943542,9,16,hcrd_adaptive_guided,0.01,3,0.7142857142857143
0.0391579180357407,9,16,hcrd_quadratic_guided,0.01,3,0.8571428571428571
0.6939933424812434,104,16,hcrd_raw,0.01,4,0.12844036697247707
0.09573796400286734,2,16,hcrd_robust,0.01,4,0.0
0.04286508253413267,11,16,hcrd_gaussian_guided,0.01,4,0.6250000000000001
0.02790625951592994,9,16,hcrd_adaptive_guided,0.01,4,0.7142857142857143
0.03881019862395078,9,16,hcrd_quadratic_guided,0.01,4,0.8571428571428571
0.6942433144466778,106,16,hcrd_raw,0.01,5,0.12612612612612611
0.09605281524005861,2,16,hcrd_robust,0.01,5,0.0
0.043590842357333646,11,16,hcrd_gaussian_guided,0.01,5,0.6250000000000001
0.027743664701290506,9,16,hcrd_adaptive_guided,0.01,5,0.7142857142857143
0.039038450950820834,9,16,hcrd_quadratic_guided,0.01,5,0.8571428571428571
0.6875937747583325,105,16,hcrd_raw,0.01,6,0.12727272727272726
0.09532320331900905,2,16,hcrd_robust,0.01,6,0.0
0.04350112226785304,11,16,hcrd_gaussian_guided,0.01,6,0.6250000000000001
0.02839715987616841,9,16,hcrd_adaptive_guided,0.01,6,0.7142857142857143
0.03901654910713136,9,16,hcrd_quadratic_guided,0.01,6,0.8571428571428571
0.6894804936015689,101,16,hcrd_raw,0.01,7,0.1320754716981132
0.09125709292207769,2,16,hcrd_robust,0.01,7,0.0
0.04375807223806411,11,16,hcrd_gaussian_guided,0.01,7,0.6250000000000001
0.028619006104390873,9,16,hcrd_adaptive_guided,0.01,7,0.7142857142857143
0.03929880548607779,9,16,hcrd_quadratic_guided,0.01,7,0.8571428571428571
0.6948565364506374,107,16,hcrd_raw,0.01,8,0.125
0.030263002985998884,3,16,hcrd_robust,0.01,8,0.25
0.041057536010868145,11,16,hcrd_gaussian_guided,0.01,8,0.6250000000000001
0.02538705742985277,9,16,hcrd_adaptive_guided,0.01,8,0.7142857142857143
0.03867568438648832,9,16,hcrd_quadratic_guided,0.01,8,0.8571428571428571
0.6754601929632557,97,16,hcrd_raw,0.01,9,0.1372549019607843
0.09665123441595841,2,16,hcrd_robust,0.01,9,0.0
0.04034499367834465,11,16,hcrd_gaussian_guided,0.01,9,0.6250000000000001
0.02483114596898181,9,16,hcrd_adaptive_guided,0.01,9,0.7142857142857143
0.03917127479341941,9,16,hcrd_quadratic_guided,0.01,9,0.8571428571428571
0.7215209707271211,103,17,hcrd_raw,0.01,0,0.12962962962962962
0.26376243169683794,3,17,hcrd_robust,0.01,0,0.0
0.06141652497211874,11,17,hcrd_gaussian_guided,0.01,0,0.375
0.04699199125107006,9,17,hcrd_adaptive_guided,0.01,0,0.42857142857142855
0.057442304299591525,9,17,hcrd_quadratic_guided,0.01,0,0.5714285714285714
0.7280422247476208,107,17,hcrd_raw,0.01,1,0.125
0.1923571018493499,2,17,hcrd_robust,0.01,1,0.0
0.06178164558259019,11,17,hcrd_gaussian_guided,0.01,1,0.5
0.06177535802995841,11,17,hcrd_adaptive_guided,0.01,1,0.5
0.05774696639610868,9,17,hcrd_quadratic_guided,0.01,1,0.5714285714285714
0.7250445208049273,109,17,hcrd_raw,0.01,2,0.12280701754385964
0.19863503124992005,2,17,hcrd_robust,0.01,2,0.0
0.05718310425836654,11,17,hcrd_gaussian_guided,0.01,2,0.5
0.046005245342780436,9,17,hcrd_adaptive_guided,0.01,2,0.5714285714285714
0.05736165127534539,9,17,hcrd_quadratic_guided,0.01,2,0.5714285714285714
0.7216712244638951,104,17,hcrd_raw,0.01,3,0.12844036697247707
0.19469376230405008,2,17,hcrd_robust,0.01,3,0.0
0.05814023086330628,11,17,hcrd_gaussian_guided,0.01,3,0.375
0.05813502416834108,11,17,hcrd_adaptive_guided,0.01,3,0.375
0.05746654031874023,9,17,hcrd_quadratic_guided,0.01,3,0.5714285714285714
0.7286233314413995,112,17,hcrd_raw,0.01,4,0.11965811965811964
0.19487104351825715,2,17,hcrd_robust,0.01,4,0.0
0.06057378552084423,11,17,hcrd_gaussian_guided,0.01,4,0.5
0.04583601609070199,9,17,hcrd_adaptive_guided,0.01,4,0.5714285714285714
0.05738040158058861,9,17,hcrd_quadratic_guided,0.01,4,0.5714285714285714
0.725047350742261,106,17,hcrd_raw,0.01,5,0.12612612612612611
0.19725384848053726,2,17,hcrd_robust,0.01,5,0.0
0.0606711348474354,11,17,hcrd_gaussian_guided,0.01,5,0.375
0.04676963246642454,9,17,hcrd_adaptive_guided,0.01,5,0.42857142857142855
0.05709651840295859,9,17,hcrd_quadratic_guided,0.01,5,0.5714285714285714
0.6895966894060573,105,17,hcrd_raw,0.01,6,0.12727272727272726
0.19607430102397141,2,17,hcrd_robust,0.01,6,0.0
0.061830316896033265,11,17,hcrd_gaussian_guided,0.01,6,0.5
0.04691875377305083,9,17,hcrd_adaptive_guided,0.01,6,0.5714285714285714
0.0575838070595927,9,17,hcrd_quadratic_guided,0.01,6,0.5714285714285714
0.7258586924735403,104,17,hcrd_raw,0.01,7,0.12844036697247707
0.19305631600148032,2,17,hcrd_robust,0.01,7,0.0
0.06130646352847271,11,17,hcrd_gaussian_guided,0.01,7,0.5
0.04593424476828447,9,17,hcrd_adaptive_guided,0.01,7,0.5714285714285714
0.05728702824042548,9,17,hcrd_quadratic_guided,0.01,7,0.5714285714285714
0.730808223488848,106,17,hcrd_raw,0.01,8,0.1081081081081081
0.19502632146258267,2,17,hcrd_robust,0.01,8,0.0
0.05669304573345134,11,17,hcrd_gaussian_guided,0.01,8,0.5
0.041626958570365774,9,17,hcrd_adaptive_guided,0.01,8,0.5714285714285714
0.057145546402287556,9,17,hcrd_quadratic_guided,0.01,8,0.5714285714285714
0.7191452113391251,101,17,hcrd_raw,0.01,9,0.11320754716981131
0.19976548433453767,2,17,hcrd_robust,0.01,9,0.0
0.05799103910708119,11,17,hcrd_gaussian_guided,0.01,9,0.375
0.04316925412303008,9,17,hcrd_adaptive_guided,0.01,9,0.5714285714285714
0.057829554864886897,9,17,hcrd_quadratic_guided,0.01,9,0.5714285714285714
0.9570464128672472,103,18,hcrd_raw,0.01,0,0.12962962962962962
0.18439930119645878,2,18,hcrd_robust,0.01,0,0.0
0.17261698231195194,11,18,hcrd_gaussian_guided,0.01,0,0.375
0.1534139603142375,11,18,hcrd_adaptive_guided,0.01,0,0.375
0.14624451246259176,9,18,hcrd_quadratic_guided,0.01,0,0.5714285714285714
0.9966065138426501,102,18,hcrd_raw,0.01,1,0.13084112149532712
0.18696599431851124,2,18,hcrd_robust,0.01,1,0.0
0.16441234875778268,11,18,hcrd_gaussian_guided,0.01,1,0.375
0.16442081857667085,11,18,hcrd_adaptive_guided,0.01,1,0.375
0.14611543946711808,9,18,hcrd_quadratic_guided,0.01,1,0.5714285714285714
0.989566932189681,93,18,hcrd_raw,0.01,2,0.12244897959183673
0.1836567564066082,2,18,hcrd_robust,0.01,2,0.0
0.16642639005266804,11,18,hcrd_gaussian_guided,0.01,2,0.375
0.16655657087172238,11,18,hcrd_adaptive_guided,0.01,2,0.375
0.14697979350660703,9,18,hcrd_quadratic_guided,0.01,2,0.5714285714285714
0.9973092533447022,102,18,hcrd_raw,0.01,3,0.13084112149532712
0.1864951854638314,2,18,hcrd_robust,0.01,3,0.0
0.16692430779629497,11,18,hcrd_gaussian_guided,0.01,3,0.375
0.1239716861615366,10,18,hcrd_adaptive_guided,0.01,3,0.39999999999999997
0.1469754439349648,9,18,hcrd_quadratic_guided,0.01,3,0.5714285714285714
0.9854184422586957,95,18,hcrd_raw,0.01,4,0.14
0.18597055153133418,2,18,hcrd_robust,0.01,4,0.0
0.1663474301504724,11,18,hcrd_gaussian_guided,0.01,4,0.375
0.16647091109957915,11,18,hcrd_adaptive_guided,0.01,4,0.375
0.16097278542024407,9,18,hcrd_quadratic_guided,0.01,4,0.5714285714285714
0.9864820535265355,94,18,hcrd_raw,0.01,5,0.1414141414141414
0.18608173642444578,2,18,hcrd_robust,0.01,5,0.0
0.16548250528197947,11,18,hcrd_gaussian_guided,0.01,5,0.375
0.16555774818848415,11,18,hcrd_adaptive_guided,0.01,5,0.375
0.14674367058625282,9,18,hcrd_quadratic_guided,0.01,5,0.5714285714285714
0.9747746992486022,100,18,hcrd_raw,0.01,6,0.13333333333333333
0.1867304815859329,2,18,hcrd_robust,0.01,6,0.0
0.16739454506122034,11,18,hcrd_gaussian_guided,0.01,6,0.375
0.14815354824071447,11,18,hcrd_adaptive_guided,0.01,6,0.375
0.1469969006724775,9,18,hcrd_quadratic_guided,0.01,6,0.5714285714285714
0.9755782934231868,100,18,hcrd_raw,0.01,7,0.13333333333333333
0.1833136585753895,2,18,hcrd_robust,0.01,7,0.0
0.15293652403387895,11,18,hcrd_gaussian_guided,0.01,7,0.375
0.15271765415432095,11,18,hcrd_adaptive_guided,0.01,7,0.375
0.146245525790442,9,18,hcrd_quadratic_guided,0.01,7,0.5714285714285714
0.9819205899985094,96,18,hcrd_raw,0.01,8,0.1386138613861386
0.1831390397569958,2,18,hcrd_robust,0.01,8,0.0
0.164524796809219,11,18,hcrd_gaussian_guided,0.01,8,0.375
0.16455815981921765,11,18,hcrd_adaptive_guided,0.01,8,0.375
0.14607307552219473,9,18,hcrd_quadratic_guided,0.01,8,0.5714285714285714
0.9842801669286719,95,18,hcrd_raw,0.01,9,0.14
0.1856753548763986,2,18,hcrd_robust,0.01,9,0.0
0.16636510806760016,11,18,hcrd_gaussian_guided,0.01,9,0.375
0.166453945636804,11,18,hcrd_adaptive_guided,0.01,9,0.375
0.14721026591432593,9,18,hcrd_quadratic_guided,0.01,9,0.5714285714285714
0.7826874207123958,103,19,hcrd_raw,0.01,0,0.11111111111111112
0.1421826071554899,2,19,hcrd_robust,0.01,0,0.0
0.0719872576165412,11,19,hcrd_gaussian_guided,0.01,0,0.375
0.0573945982531698,9,19,hcrd_adaptive_guided,0.01,0,0.42857142857142855
0.04959836444943445,9,19,hcrd_quadratic_guided,0.01,0,1.0
0.776904798841475,98,19,hcrd_raw,0.01,1,0.13592233009708737
0.137554593685843,2,19,hcrd_robust,0.01,1,0.0
0.07159067377517117,11,19,hcrd_gaussian_guided,0.01,1,0.375
0.05746379390913278,9,19,hcrd_adaptive_guided,0.01,1,0.42857142857142855
0.048920727208477004,9,19,hcrd_quadratic_guided,0.01,1,1.0
0.7784523505925666,100,19,hcrd_raw,0.01,2,0.13333333333333333
0.1358845740050455,2,19,hcrd_robust,0.01,2,0.0
0.07250557331204596,11,19,hcrd_gaussian_guided,0.01,2,0.375
0.05809373799053442,9,19,hcrd_adaptive_guided,0.01,2,0.42857142857142855
0.0496339966362427,9,19,hcrd_quadratic_guided,0.01,2,1.0
0.7818084586501715,101,19,hcrd_raw,0.01,3,0.1320754716981132
0.13611841914798856,2,19,hcrd_robust,0.01,3,0.0
0.07324546063676338,11,19,hcrd_gaussian_guided,0.01,3,0.375
0.059164578718899116,9,19,hcrd_adaptive_guided,0.01,3,0.42857142857142855
0.04974828899264062,9,19,hcrd_quadratic_guided,0.01,3,1.0
0.7595296736413181,99,19,hcrd_raw,0.01,4,0.1346153846153846
0.1333181373132614,2,19,hcrd_robust,0.01,4,0.0
0.0655971782967785,11,19,hcrd_gaussian_guided,0.01,4,0.5
0.05092252843023257,9,19,hcrd_adaptive_guided,0.01,4,0.5714285714285714
0.049883123511314804,9,19,hcrd_quadratic_guided,0.01,4,1.0
0.7849680484565109,100,19,hcrd_raw,0.01,5,0.09523809523809523
0.13363284842156442,2,19,hcrd_robust,0.01,5,0.0
0.07264342717304001,11,19,hcrd_gaussian_guided,0.01,5,0.375
0.05785247938221207,9,19,hcrd_adaptive_guided,0.01,5,0.42857142857142855
0.04938913121920438,9,19,hcrd_quadratic_guided,0.01,5,1.0
0.7865585613054169,106,19,hcrd_raw,0.01,6,0.12612612612612611
0.12893246971945133,2,19,hcrd_robust,0.01,6,0.0
0.07343692203704212,11,19,hcrd_gaussian_guided,0.01,6,0.375
0.05870196017629757,9,19,hcrd_adaptive_guided,0.01,6,0.42857142857142855
0.04946653991117824,9,19,hcrd_quadratic_guided,0.01,6,1.0
0.7784522426360464,101,19,hcrd_raw,0.01,7,0.1320754716981132
0.13684859056604234,2,19,hcrd_robust,0.01,7,0.0
0.07216461465579317,11,19,hcrd_gaussian_guided,0.01,7,0.375
0.05757630288330027,9,19,hcrd_adaptive_guided,0.01,7,0.42857142857142855
0.049287586396327555,9,19,hcrd_quadratic_guided,0.01,7,1.0
0.7846906697405428,104,19,hcrd_raw,0.01,8,0.11009174311926605
0.13842187758388905,2,19,hcrd_robust,0.01,8,0.0
0.07271065511867163,11,19,hcrd_gaussian_guided,0.01,8,0.375
0.058078902392580664,9,19,hcrd_adaptive_guided,0.01,8,0.42857142857142855
0.04950730757316919,9,19,hcrd_quadratic_guided,0.01,8,1.0
0.7887860238518732,106,19,hcrd_raw,0.01,9,0.12612612612612611
0.13871071619983663,2,19,hcrd_robust,0.01,9,0.0
0.07294014798702447,11,19,hcrd_gaussian_guided,0.01,9,0.375
0.05822921482747095,9,19,hcrd_adaptive_guided,0.01,9,0.42857142857142855
0.049905380432304906,9,19,hcrd_quadratic_guided,0.01,9,1.0
0.9381560217320295,98,20,hcrd_raw,0.01,0,0.13592233009708737
0.45814261949567436,2,20,hcrd_robust,0.01,0,0.0
0.0707151167560831,11,20,hcrd_gaussian_guided,0.01,0,0.375
0.05627729619653235,10,20,hcrd_adaptive_guided,0.01,0,0.39999999999999997
0.07676228113165812,9,20,hcrd_quadratic_guided,0.01,0,0.5714285714285714
0.9459151730575177,101,20,hcrd_raw,0.01,1,0.1320754716981132
0.47732328734413937,2,20,hcrd_robust,0.01,1,0.0
0.07166398791237528,11,20,hcrd_gaussian_guided,0.01,1,0.375
0.07138911770286703,11,20,hcrd_adaptive_guided,0.01,1,0.375
0.0775680245708626,9,20,hcrd_quadratic_guided,0.01,1,0.5714285714285714
0.9563870157567499,104,20,hcrd_raw,0.01,2,0.12844036697247707
0.4543752101796653,2,20,hcrd_robust,0.01,2,0.0
0.07149776497909305,11,20,hcrd_gaussian_guided,0.01,2,0.375
0.07128148110176466,11,20,hcrd_adaptive_guided,0.01,2,0.375
0.0767049274846133,9,20,hcrd_quadratic_guided,0.01,2,0.5714285714285714
0.9363087311416688,96,20,hcrd_raw,0.01,3,0.1188118811881188
0.14327348110211713,3,20,hcrd_robust,0.01,3,0.25
0.07047003232780055,11,20,hcrd_gaussian_guided,0.01,3,0.375
0.07014830833647094,11,20,hcrd_adaptive_guided,0.01,3,0.375
0.07645994526670404,9,20,hcrd_quadratic_guided,0.01,3,0.5714285714285714
0.9538983225309647,97,20,hcrd_raw,0.01,4,0.1372549019607843
0.14171245976720254,3,20,hcrd_robust,0.01,4,0.25
0.06942038808650972,11,20,hcrd_gaussian_guided,0.01,4,0.375
0.056900252053365165,10,20,hcrd_adaptive_guided,0.01,4,0.39999999999999997
0.07756761738113715,9,20,hcrd_quadratic_guided,0.01,4,0.5714285714285714
0.9446345645283987,100,20,hcrd_raw,0.01,5,0.13333333333333333
0.46453656493948314,2,20,hcrd_robust,0.01,5,0.0
0.07122222469149672,11,20,hcrd_gaussian_guided,0.01,5,0.375
0.057206476749403504,10,20,hcrd_adaptive_guided,0.01,5,0.39999999999999997
0.07686344243139528,9,20,hcrd_quadratic_guided,0.01,5,0.5714285714285714
0.9439201215313948,97,20,hcrd_raw,0.01,6,0.1372549019607843
0.472467041232962,2,20,hcrd_robust,0.01,6,0.0
0.07191823044030642,11,20,hcrd_gaussian_guided,0.01,6,0.375
0.060975097343787796,10,20,hcrd_adaptive_guided,0.01,6,0.39999999999999997
0.07738731730035547,9,20,hcrd_quadratic_guided,0.01,6,0.5714285714285714
0.943949738763582,98,20,hcrd_raw,0.01,7,0.13592233009708737
0.46213941394791325,2,20,hcrd_robust,0.01,7,0.0
0.06912820570532233,11,20,hcrd_gaussian_guided,0.01,7,0.375
0.05169440207838909,9,20,hcrd_adaptive_guided,0.01,7,0.42857142857142855
0.07657783696062291,9,20,hcrd_quadratic_guided,0.01,7,0.5714285714285714
0.939227442757437,93,20,hcrd_raw,0.01,8,0.14285714285714288
0.09132977381671617,3,20,hcrd_robust,0.01,8,0.25
0.07095346421551046,11,20,hcrd_gaussian_guided,0.01,8,0.375
0.05670873290288931,10,20,hcrd_adaptive_guided,0.01,8,0.39999999999999997
0.07678018481587064,9,20,hcrd_quadratic_guided,0.01,8,0.5714285714285714
0.9495545707198193,100,20,hcrd_raw,0.01,9,0.13333333333333333
0.46831303088141835,2,20,hcrd_robust,0.01,9,0.0
0.06904200731928438,11,20,hcrd_gaussian_guided,0.01,9,0.375
0.056354110305014464,10,20,hcrd_adaptive_guided,0.01,9,0.39999999999999997
0.07690832199979035,9,20,hcrd_quadratic_guided,0.01,9,0.5714285714285714
1.0119272521691787,93,21,hcrd_raw,0.01,0,0.14285714285714288
0.2038935431037514,2,21,hcrd_robust,0.01,0,0.0
0.06594118096853674,11,21,hcrd_gaussian_guided,0.01,0,0.5
0.06572241698137103,11,21,hcrd_adaptive_guided,0.01,0,0.5
0.07059808469345794,9,21,hcrd_quadratic_guided,0.01,0,0.7142857142857143
1.0500408403192136,108,21,hcrd_raw,0.01,1,0.1238938053097345
0.21445544926696497,2,21,hcrd_robust,0.01,1,0.0
0.06571882453270678,11,21,hcrd_gaussian_guided,0.01,1,0.5
0.03892010123242012,9,21,hcrd_adaptive_guided,0.01,1,0.5714285714285714
0.0702300636336141,9,21,hcrd_quadratic_guided,0.01,1,0.7142857142857143
1.0419937226568963,99,21,hcrd_raw,0.01,2,0.1346153846153846
0.2115659648265216,2,21,hcrd_robust,0.01,2,0.0
0.07212119593882532,11,21,hcrd_gaussian_guided,0.01,2,0.5
0.07196650007293037,11,21,hcrd_adaptive_guided,0.01,2,0.5
0.07108851468767817,9,21,hcrd_quadratic_guided,0.01,2,0.7142857142857143
1.0396696271401045,93,21,hcrd_raw,0.01,3,0.14285714285714288
0.2367089432445277,3,21,hcrd_robust,0.01,3,0.25
0.07255164489493408,11,21,hcrd_gaussian_guided,0.01,3,0.5
0.07237905541652076,11,21,hcrd_adaptive_guided,0.01,3,0.5
0.0710795299547938,9,21,hcrd_quadratic_guided,0.01,3,0.7142857142857143
1.0377763218852099,96,21,hcrd_raw,0.01,4,0.1386138613861386
0.2094328082552103,2,21,hcrd_robust,0.01,4,0.0
0.06562727983263596,11,21,hcrd_gaussian_guided,0.01,4,0.5
0.06531579512112419,11,21,hcrd_adaptive_guided,0.01,4,0.5
0.0667337639259703,9,21,hcrd_quadratic_guided,0.01,4,0.7142857142857143
1.0457469368374057,97,21,hcrd_raw,0.01,5,0.1372549019607843
0.20479802345376513,2,21,hcrd_robust,0.01,5,0.0
0.06604786507560044,11,21,hcrd_gaussian_guided,0.01,5,0.5
0.06602440556482339,11,21,hcrd_adaptive_guided,0.01,5,0.5
0.06628595684229845,9,21,hcrd_quadratic_guided,0.01,5,0.7142857142857143
1.0292233096701988,93,21,hcrd_raw,0.01,6,0.12244897959183673
0.2036530330672849,2,21,hcrd_robust,0.01,6,0.0
0.06612814954172241,11,21,hcrd_gaussian_guided,0.01,6,0.5
0.06598517686515738,11,21,hcrd_adaptive_guided,0.01,6,0.5
0.07094724105330479,9,21,hcrd_quadratic_guided,0.01,6,0.7142857142857143
1.0368346643465536,96,21,hcrd_raw,0.01,7,0.1386138613861386
0.20835787402504483,2,21,hcrd_robust,0.01,7,0.0
0.06413130589971029,11,21,hcrd_gaussian_guided,0.01,7,0.5
0.06377629693768255,11,21,hcrd_adaptive_guided,0.01,7,0.5
0.0703039570180882,9,21,hcrd_quadratic_guided,0.01,7,0.7142857142857143
1.0406733837796225,95,21,hcrd_raw,0.01,8,0.14
0.20695629604679416,2,21,hcrd_robust,0.01,8,0.0
0.0772557718235924,11,21,hcrd_gaussian_guided,0.01,8,0.5
0.065490990344147,11,21,hcrd_adaptive_guided,0.01,8,0.5
0.06683566848351548,9,21,hcrd_quadratic_guided,0.01,8,0.7142857142857143
1.0029674569549025,92,21,hcrd_raw,0.01,9,0.1443298969072165
0.20732493411118508,2,21,hcrd_robust,0.01,9,0.0
0.06504475674151909,11,21,hcrd_gaussian_guided,0.01,9,0.5
0.06492950573274829,11,21,hcrd_adaptive_guided,0.01,9,0.5
0.0708050797597886,9,21,hcrd_quadratic_guided,0.01,9,0.7142857142857143
1.030545815012117,96,22,hcrd_raw,0.01,0,0.1386138613861386
0.7264048267148521,2,22,hcrd_robust,0.01,0,0.0
0.09936196325064738,11,22,hcrd_gaussian_guided,0.01,0,0.5
0.10933469101488649,11,22,hcrd_adaptive_guided,0.01,0,0.375
0.09292357768677402,9,22,hcrd_quadratic_guided,0.01,0,0.7142857142857143
1.0384620274169916,105,22,hcrd_raw,0.01,1,0.12727272727272726
0.7055209555218994,2,22,hcrd_robust,0.01,1,0.0
0.1060826822051941,11,22,hcrd_gaussian_guided,0.01,1,0.5
0.10606133510862467,11,22,hcrd_adaptive_guided,0.01,1,0.5
0.09258680706540974,9,22,hcrd_quadratic_guided,0.01,1,0.7142857142857143
1.0166073459097988,86,22,hcrd_raw,0.01,2,0.15384615384615385
0.6985660068568653,2,22,hcrd_robust,0.01,2,0.0
0.10741098481483276,11,22,hcrd_gaussian_guided,0.01,2,0.5
0.07323293841536702,10,22,hcrd_adaptive_guided,0.01,2,0.5333333333333333
0.09293719863367127,9,22,hcrd_quadratic_guided,0.01,2,0.7142857142857143
1.0219504516752584,93,22,hcrd_raw,0.01,3,0.14285714285714288
0.7059054655469593,2,22,hcrd_robust,0.01,3,0.0
0.09526787776752921,11,22,hcrd_gaussian_guided,0.01,3,0.6250000000000001
0.09481020198880953,11,22,hcrd_adaptive_guided,0.01,3,0.6250000000000001
0.093477038241138,9,22,hcrd_quadratic_guided,0.01,3,0.7142857142857143
1.0171673896792395,87,22,hcrd_raw,0.01,4,0.15217391304347827
0.6962889985812171,2,22,hcrd_robust,0.01,4,0.0
0.10792664470392914,11,22,hcrd_gaussian_guided,0.01,4,0.5
0.07398996498862462,10,22,hcrd_adaptive_guided,0.01,4,0.5333333333333333
0.0930630167625707,9,22,hcrd_quadratic_guided,0.01,4,0.7142857142857143
1.0298026718880535,98,22,hcrd_raw,0.01,5,0.13592233009708737
0.690056397345516,2,22,hcrd_robust,0.01,5,0.0
0.09601245331932708,11,22,hcrd_gaussian_guided,0.01,5,0.6250000000000001
0.07764132505979524,11,22,hcrd_adaptive_guided,0.01,5,0.6250000000000001
0.09337246694589142,9,22,hcrd_quadratic_guided,0.01,5,0.7142857142857143
1.024382650168873,103,22,hcrd_raw,0.01,6,0.12962962962962962
0.7137739098680184,2,22,hcrd_robust,0.01,6,0.0
0.11007782079084415,11,22,hcrd_gaussian_guided,0.01,6,0.375
0.11007315665140092,11,22,hcrd_adaptive_guided,0.01,6,0.375
0.09226256483687627,9,22,hcrd_quadratic_guided,0.01,6,0.7142857142857143
1.0293353440187323,101,22,hcrd_raw,0.01,7,0.1320754716981132
0.7133063985188464,2,22,hcrd_robust,0.01,7,0.0
0.11145067662644087,11,22,hcrd_gaussian_guided,0.01,7,0.375
0.1114025536267828,11,22,hcrd_adaptive_guided,0.01,7,0.375
0.09366751001800872,9,22,hcrd_quadratic_guided,0.01,7,0.7142857142857143
1.034233986338677,100,22,hcrd_raw,0.01,8,0.13333333333333333
0.24838697092265266,3,22,hcrd_robust,0.01,8,0.25
0.11528314799885327,11,22,hcrd_gaussian_guided,0.01,8,0.375
0.09564517302394844,11,22,hcrd_adaptive_guided,0.01,8,0.375
0.09238237186093433,9,22,hcrd_quadratic_guided,0.01,8,0.7142857142857143
1.0270167427806214,94,22,hcrd_raw,0.01,9,0.1414141414141414
0.7003141786830017,2,22,hcrd_robust,0.01,9,0.0
0.10683225052514558,11,22,hcrd_gaussian_guided,0.01,9,0.5
0.05258341241917458,9,22,hcrd_adaptive_guided,0.01,9,0.5714285714285714
0.09263649223734952,9,22,hcrd_quadratic_guided,0.01,9,0.7142857142857143
0.7609601891537917,102,23,hcrd_raw,0.01,0,0.13084112149532712
0.12504128299597608,2,23,hcrd_robust,0.01,0,0.0
0.10863291060725508,11,23,hcrd_gaussian_guided,0.01,0,0.25
0.08397589215530508,9,23,hcrd_adaptive_guided,0.01,0,0.2857142857142857
0.09437490622621168,9,23,hcrd_quadratic_guided,0.01,0,0.7142857142857143
0.7602212055727355,108,23,hcrd_raw,0.01,1,0.1238938053097345
0.12568940716788446,2,23,hcrd_robust,0.01,1,0.0
0.10227983973247136,11,23,hcrd_gaussian_guided,0.01,1,0.375
0.07785247386941577,9,23,hcrd_adaptive_guided,0.01,1,0.42857142857142855
0.09538664341724587,9,23,hcrd_quadratic_guided,0.01,1,0.7142857142857143
0.7599611148046538,103,23,hcrd_raw,0.01,2,0.12962962962962962
0.13455659169533032,2,23,hcrd_robust,0.01,2,0.0
0.09472992367983421,11,23,hcrd_gaussian_guided,0.01,2,0.5
0.06910247573215049,9,23,hcrd_adaptive_guided,0.01,2,0.5714285714285714
0.09467954391582396,9,23,hcrd_quadratic_guided,0.01,2,0.7142857142857143
0.7588934064560086,100,23,hcrd_raw,0.01,3,0.13333333333333333
0.12983930112614475,2,23,hcrd_robust,0.01,3,0.0
0.10722363928664415,10,23,hcrd_gaussian_guided,0.01,3,0.26666666666666666
0.08378037090126929,9,23,hcrd_adaptive_guided,0.01,3,0.2857142857142857
0.09805785322588023,9,23,hcrd_quadratic_guided,0.01,3,0.5714285714285714
0.7606436473934028,111,23,hcrd_raw,0.01,4,0.1206896551724138
0.12721930626810077,2,23,hcrd_robust,0.01,4,0.0
0.10173265402361234,11,23,hcrd_gaussian_guided,0.01,4,0.375
0.07754113095345175,9,23,hcrd_adaptive_guided,0.01,4,0.42857142857142855
0.09535339695106633,9,23,hcrd_quadratic_guided,0.01,4,0.7142857142857143
0.761723465529595,103,23,hcrd_raw,0.01,5,0.12962962962962962
0.13105115290635974,2,23,hcrd_robust,0.01,5,0.0
0.10301087691439105,11,23,hcrd_gaussian_guided,0.01,5,0.375
0.07765122892220637,9,23,hcrd_adaptive_guided,0.01,5,0.42857142857142855
0.09508223908380442,9,23,hcrd_quadratic_guided,0.01,5,0.7142857142857143
0.7160510073926495,100,23,hcrd_raw,0.01,6,0.11428571428571428
0.12741542618691032,2,23,hcrd_robust,0.01,6,0.0
0.11555829006319898,11,23,hcrd_gaussian_guided,0.01,6,0.125
0.09121013724437668,9,23,hcrd_adaptive_guided,0.01,6,0.14285714285714285
0.09487437921436952,9,23,hcrd_quadratic_guided,0.01,6,0.7142857142857143
0.7614142683162548,100,23,hcrd_raw,0.01,7,0.09523809523809523
0.12992647070601485,2,23,hcrd_robust,0.01,7,0.0
0.11024366508845206,11,23,hcrd_gaussian_guided,0.01,7,0.25
0.08564166063668109,9,23,hcrd_adaptive_guided,0.01,7,0.2857142857142857
0.0951953309530857,9,23,hcrd_quadratic_guided,0.01,7,0.7142857142857143
0.7477832296318897,97,23,hcrd_raw,0.01,8,0.11764705882352942
0.12895721930568754,2,23,hcrd_robust,0.01,8,0.0
0.11575800765365553,11,23,hcrd_gaussian_guided,0.01,8,0.125
0.11575925396311444,11,23,hcrd_adaptive_guided,0.01,8,0.125
0.09501988077657449,9,23,hcrd_quadratic_guided,0.01,8,0.7142857142857143
0.7534507336986356,100,23,hcrd_raw,0.01,9,0.13333333333333333
0.13163448852795326,2,23,hcrd_robust,0.01,9,0.0
0.10086290823153866,11,23,hcrd_gaussian_guided,0.01,9,0.375
0.07559215042128402,9,23,hcrd_adaptive_guided,0.01,9,0.42857142857142855
0.09501091841973085,9,23,hcrd_quadratic_guided,0.01,9,0.7142857142857143
0.5565340114960604,104,24,hcrd_raw,0.01,0,0.12844036697247707
0.7201410758468899,2,24,hcrd_robust,0.01,0,0.0
0.04389724845159455,11,24,hcrd_gaussian_guided,0.01,0,0.5
0.024775863120646772,9,24,hcrd_adaptive_guided,0.01,0,0.7142857142857143
0.03780051887310493,9,24,hcrd_quadratic_guided,0.01,0,0.5714285714285714
0.5535432938818715,98,24,hcrd_raw,0.01,1,0.11650485436893204
0.734669793748249,2,24,hcrd_robust,0.01,1,0.0
0.04457852156019417,11,24,hcrd_gaussian_guided,0.01,1,0.5
0.028590106807656317,9,24,hcrd_adaptive_guided,0.01,1,0.5714285714285714
0.037547436407853026,9,24,hcrd_quadratic_guided,0.01,1,0.5714285714285714
0.5579731347797858,110,24,hcrd_raw,0.01,2,0.1217391304347826
0.7192233848476641,2,24,hcrd_robust,0.01,2,0.0
0.03622706150505534,11,24,hcrd_gaussian_guided,0.01,2,0.6250000000000001
0.03550911471095617,10,24,hcrd_adaptive_guided,0.01,2,0.6666666666666666
0.037693228714355625,9,24,hcrd_quadratic_guided,0.01,2,0.5714285714285714
0.5574903493500947,106,24,hcrd_raw,0.01,3,0.12612612612612611
0.7073461734381028,2,24,hcrd_robust,0.01,3,0.0
0.042156259834179234,11,24,hcrd_gaussian_guided,0.01,3,0.6250000000000001
0.026183886939207063,9,24,hcrd_adaptive_guided,0.01,3,0.7142857142857143
0.03763927645733352,9,24,hcrd_quadratic_guided,0.01,3,0.5714285714285714
0.5569597263802767,107,24,hcrd_raw,0.01,4,0.125
0.7234344270102322,2,24,hcrd_robust,0.01,4,0.0
0.041891046497246905,11,24,hcrd_gaussian_guided,0.01,4,0.6250000000000001
0.025878156837038306,9,24,hcrd_adaptive_guided,0.01,4,0.7142857142857143
0.03785010211005132,9,24,hcrd_quadratic_guided,0.01,4,0.5714285714285714
0.5581537457544603,108,24,hcrd_raw,0.01,5,0.1238938053097345
0.7248188233070593,2,24,hcrd_robust,0.01,5,0.0
0.04596752051812179,11,24,hcrd_gaussian_guided,0.01,5,0.5
0.02994143743944581,9,24,hcrd_adaptive_guided,0.01,5,0.5714285714285714
0.037602593219024774,9,24,hcrd_quadratic_guided,0.01,5,0.5714285714285714
0.5602238831995923,112,24,hcrd_raw,0.01,6,0.11965811965811964
0.7166064346065203,2,24,hcrd_robust,0.01,6,0.0
0.04421800041203978,11,24,hcrd_gaussian_guided,0.01,6,0.5
0.028175176397912526,9,24,hcrd_adaptive_guided,0.01,6,0.5714285714285714
0.0375749807499706,9,24,hcrd_quadratic_guided,0.01,6,0.5714285714285714
0.5582624133379629,108,24,hcrd_raw,0.01,7,0.1238938053097345
0.7107981098645992,2,24,hcrd_robust,0.01,7,0.0
0.03931611961238293,11,24,hcrd_gaussian_guided,0.01,7,0.5
0.031137202067544376,9,24,hcrd_adaptive_guided,0.01,7,0.42857142857142855
0.037828567988795886,9,24,hcrd_quadratic_guided,0.01,7,0.5714285714285714
0.5545684559527297,104,24,hcrd_raw,0.01,8,0.12844036697247707
0.7004598318758583,2,24,hcrd_robust,0.01,8,0.0
0.03846330682933975,11,24,hcrd_gaussian_guided,0.01,8,0.5
0.02239512743081564,9,24,hcrd_adaptive_guided,0.01,8,0.5714285714285714
0.03804979210380722,9,24,hcrd_quadratic_guided,0.01,8,0.5714285714285714
0.5553658210269089,109,24,hcrd_raw,0.01,9,0.12280701754385964
0.717781676724041,2,24,hcrd_robust,0.01,9,0.0
0.04890250300014311,11,24,hcrd_gaussian_guided,0.01,9,0.375
0.032755311868373535,9,24,hcrd_adaptive_guided,0.01,9,0.42857142857142855
0.03793720368752793,9,24,hcrd_quadratic_guided,0.01,9,0.5714285714285714
0.8775951308458563,102,25,hcrd_raw,0.01,0,0.13084112149532712
0.6096395980864905,2,25,hcrd_robust,0.01,0,0.0
0.1378635151629082,11,25,hcrd_gaussian_guided,0.01,0,0.125
0.09646313059773841,9,25,hcrd_adaptive_guided,0.01,0,0.14285714285714285
0.10936494187671858,9,25,hcrd_quadratic_guided,0.01,0,0.5714285714285714
0.8896194046491231,105,25,hcrd_raw,0.01,1,0.12727272727272726
0.6103425661686736,2,25,hcrd_robust,0.01,1,0.0
0.12053738170990196,11,25,hcrd_gaussian_guided,0.01,1,0.125
0.1205284275963477,11,25,hcrd_adaptive_guided,0.01,1,0.125
0.10836846213405789,9,25,hcrd_quadratic_guided,0.01,1,0.5714285714285714
0.8736865356219097,92,25,hcrd_raw,0.01,2,0.1443298969072165
0.6166288349837056,2,25,hcrd_robust,0.01,2,0.0
0.12223194615599375,11,25,hcrd_gaussian_guided,0.01,2,0.125
0.12220419260308078,11,25,hcrd_adaptive_guided,0.01,2,0.125
0.10882497414226512,9,25,hcrd_quadratic_guided,0.01,2,0.5714285714285714
0.8875916519173884,100,25,hcrd_raw,0.01,3,0.13333333333333333
0.1840188129214254,3,25,hcrd_robust,0.01,3,0.25
0.13600764560696646,11,25,hcrd_gaussian_guided,0.01,3,0.125
0.12052370113540213,11,25,hcrd_adaptive_guided,0.01,3,0.125
0.10878404888624453,9,25,hcrd_quadratic_guided,0.01,3,0.5714285714285714
0.9006535466636518,111,25,hcrd_raw,0.01,4,0.1206896551724138
0.589684567796852,2,25,hcrd_robust,0.01,4,0.0
0.12052569706797937,11,25,hcrd_gaussian_guided,0.01,4,0.125
0.09601784548987026,9,25,hcrd_adaptive_guided,0.01,4,0.14285714285714285
0.10915434456835224,9,25,hcrd_quadratic_guided,0.01,4,0.5714285714285714
0.8756710218609906,101,25,hcrd_raw,0.01,5,0.11320754716981131
0.3510111457562046,3,25,hcrd_robust,0.01,5,0.25
0.1371390307528924,11,25,hcrd_gaussian_guided,0.01,5,0.125
0.12106662217161077,11,25,hcrd_adaptive_guided,0.01,5,0.125
0.1087804433454087,9,25,hcrd_quadratic_guided,0.01,5,0.5714285714285714
0.8875078972852617,103,25,hcrd_raw,0.01,6,0.12962962962962962
0.6067362799125414,2,25,hcrd_robust,0.01,6,0.0
0.1327339311007897,11,25,hcrd_gaussian_guided,0.01,6,0.25
0.13273439533006548,11,25,hcrd_adaptive_guided,0.01,6,0.25
0.10866427738122353,9,25,hcrd_quadratic_guided,0.01,6,0.5714285714285714
0.887005869256532,96,25,hcrd_raw,0.01,7,0.1386138613861386
0.6200077355218819,2,25,hcrd_robust,0.01,7,0.0
0.1378972241789334,11,25,hcrd_gaussian_guided,0.01,7,0.125
0.09635953395067023,9,25,hcrd_adaptive_guided,0.01,7,0.14285714285714285
0.10920279364282524,9,25,hcrd_quadratic_guided,0.01,7,0.5714285714285714
0.8468731492224029,94,25,hcrd_raw,0.01,8,0.12121212121212122
0.6092373790283996,2,25,hcrd_robust,0.01,8,0.0
0.12201728507563879,11,25,hcrd_gaussian_guided,0.01,8,0.125
0.12194474147622926,11,25,hcrd_adaptive_guided,0.01,8,0.125
0.10974319550558578,9,25,hcrd_quadratic_guided,0.01,8,0.5714285714285714
0.8860189277457118,105,25,hcrd_raw,0.01,9,0.12727272727272726
0.19071708030675008,3,25,hcrd_robust,0.01,9,0.25
0.12161032384363,11,25,hcrd_gaussian_guided,0.01,9,0.125
0.12149235519750076,11,25,hcrd_adaptive_guided,0.01,9,0.125
0.10891807114616173,9,25,hcrd_quadratic_guided,0.01,9,0.5714285714285714
0.4590316570743908,111,26,hcrd_raw,0.01,0,0.10344827586206896
0.27294473665805424,2,26,hcrd_robust,0.01,0,0.0
0.06670317319071026,11,26,hcrd_gaussian_guided,0.01,0,0.125
0.04883213828322341,9,26,hcrd_adaptive_guided,0.01,0,0.14285714285714285
0.051783354625351184,9,26,hcrd_quadratic_guided,0.01,0,0.7142857142857143
0.46420633113953136,113,26,hcrd_raw,0.01,1,0.11864406779661016
0.2786447818813134,2,26,hcrd_robust,0.01,1,0.0
0.06442900978565702,11,26,hcrd_gaussian_guided,0.01,1,0.125
0.047054382387724455,9,26,hcrd_adaptive_guided,0.01,1,0.14285714285714285
0.05172308752023606,9,26,hcrd_quadratic_guided,0.01,1,0.7142857142857143
0.4527412891783175,102,26,hcrd_raw,0.01,2,0.13084112149532712
0.27340868852863676,2,26,hcrd_robust,0.01,2,0.0
0.05842156956946711,11,26,hcrd_gaussian_guided,0.01,2,0.25
0.047845486982625654,9,26,hcrd_adaptive_guided,0.01,2,0.14285714285714285
0.05120813474972901,9,26,hcrd_quadratic_guided,0.01,2,0.7142857142857143
0.4655289275242653,111,26,hcrd_raw,0.01,3,0.10344827586206896
0.27276129336015964,2,26,hcrd_robust,0.01,3,0.0
0.06304382962125239,11,26,hcrd_gaussian_guided,0.01,3,0.125
0.044484562623912614,9,26,hcrd_adaptive_guided,0.01,3,0.14285714285714285
0.051415825016730525,9,26,hcrd_quadratic_guided,0.01,3,0.7142857142857143
0.46391000603197935,111,26,hcrd_raw,0.01,4,0.10344827586206896
0.2826060355155321,2,26,hcrd_robust,0.01,4,0.0
0.05851150930410519,11,26,hcrd_gaussian_guided,0.01,4,0.25
0.04106089944186134,9,26,hcrd_adaptive_guided,0.01,4,0.2857142857142857
0.051225396384826635,9,26,hcrd_quadratic_guided,0.01,4,0.7142857142857143
0.4638950362006203,108,26,hcrd_raw,0.01,5,0.08849557522123895
0.28082581906667275,2,26,hcrd_robust,0.01,5,0.0
0.06181051747256592,11,26,hcrd_gaussian_guided,0.01,5,0.25
0.04460722505951766,9,26,hcrd_adaptive_guided,0.01,5,0.2857142857142857
0.051755815613551956,9,26,hcrd_quadratic_guided,0.01,5,0.7142857142857143
0.4566906989027117,99,26,hcrd_raw,0.01,6,0.09615384615384615
0.2752161512990087,2,26,hcrd_robust,0.01,6,0.0
0.06325923235881653,11,26,hcrd_gaussian_guided,0.01,6,0.125
0.044862643575284654,9,26,hcrd_adaptive_guided,0.01,6,0.14285714285714285
0.05160887664892862,9,26,hcrd_quadratic_guided,0.01,6,0.7142857142857143
0.46244594163365765,112,26,hcrd_raw,0.01,7,0.11965811965811964
0.2831369460136289,2,26,hcrd_robust,0.01,7,0.0
0.06321790510850328,11,26,hcrd_gaussian_guided,0.01,7,0.125
0.045715760713166236,9,26,hcrd_adaptive_guided,0.01,7,0.14285714285714285
0.05188090003080309,9,26,hcrd_quadratic_guided,0.01,7,0.7142857142857143
0.4667653553833262,114,26,hcrd_raw,0.01,8,0.11764705882352941
0.2837668840103425,2,26,hcrd_robust,0.01,8,0.0
0.05905522441954082,11,26,hcrd_gaussian_guided,0.01,8,0.25
0.0415820515354833,9,26,hcrd_adaptive_guided,0.01,8,0.2857142857142857
0.05148779171102399,9,26,hcrd_quadratic_guided,0.01,8,0.7142857142857143
0.46206052885538934,106,26,hcrd_raw,0.01,9,0.12612612612612611
0.305184630968254,3,26,hcrd_robust,0.01,9,0.25
0.06630160397941928,11,26,hcrd_gaussian_guided,0.01,9,0.125
0.046002255714259276,9,26,hcrd_adaptive_guided,0.01,9,0.14285714285714285
0.05145440738476482,9,26,hcrd_quadratic_guided,0.01,9,0.7142857142857143
0.6758008663641163,105,27,hcrd_raw,0.01,0,0.12727272727272726
0.07108263285181185,2,27,hcrd_robust,0.01,0,0.0
0.08369524444990627,11,27,hcrd_gaussian_guided,0.01,0,0.25
0.08372785644480037,11,27,hcrd_adaptive_guided,0.01,0,0.25
0.06611086715883235,9,27,hcrd_quadratic_guided,0.01,0,0.8571428571428571
0.679667595915227,106,27,hcrd_raw,0.01,1,0.12612612612612611
0.07202983074680884,2,27,hcrd_robust,0.01,1,0.0
0.0831584047612495,11,27,hcrd_gaussian_guided,0.01,1,0.25
0.08315587149833188,11,27,hcrd_adaptive_guided,0.01,1,0.25
0.06766049789784546,9,27,hcrd_quadratic_guided,0.01,1,0.8571428571428571
0.6832355523908136,102,27,hcrd_raw,0.01,2,0.13084112149532712
0.07280797530862126,2,27,hcrd_robust,0.01,2,0.0
0.08395343645664996,11,27,hcrd_gaussian_guided,0.01,2,0.25
0.08397218124287562,11,27,hcrd_adaptive_guided,0.01,2,0.25
0.06638534339722074,9,27,hcrd_quadratic_guided,0.01,2,0.8571428571428571
0.6850992128948967,108,27,hcrd_raw,0.01,3,0.10619469026548672
0.076869042679826,2,27,hcrd_robust,0.01,3,0.0
0.07957079801794043,11,27,hcrd_gaussian_guided,0.01,3,0.25
0.07958258244950936,11,27,hcrd_adaptive_guided,0.01,3,0.25
0.06823109696640363,9,27,hcrd_quadratic_guided,0.01,3,0.8571428571428571
0.6923686503911879,112,27,hcrd_raw,0.01,4,0.10256410256410256
0.07404350349640805,2,27,hcrd_robust,0.01,4,0.0
0.08183369697146974,11,27,hcrd_gaussian_guided,0.01,4,0.375
0.08184440066435619,11,27,hcrd_adaptive_guided,0.01,4,0.375
0.06786401767334636,9,27,hcrd_quadratic_guided,0.01,4,0.8571428571428571
0.6877452287595162,109,27,hcrd_raw,0.01,5,0.12280701754385964
0.04557309544916286,3,27,hcrd_robust,0.01,5,0.25
0.08266947022994162,11,27,hcrd_gaussian_guided,0.01,5,0.375
0.08269849983656472,11,27,hcrd_adaptive_guided,0.01,5,0.375
0.06776725831455198,9,27,hcrd_quadratic_guided,0.01,5,0.8571428571428571
0.6872028190791613,110,27,hcrd_raw,0.01,6,0.1217391304347826
0.04638978657783353,3,27,hcrd_robust,0.01,6,0.25
0.08426068039124414,11,27,hcrd_gaussian_guided,0.01,6,0.25
0.08428129742868394,11,27,hcrd_adaptive_guided,0.01,6,0.25
0.06715728580525848,9,27,hcrd_quadratic_guided,0.01,6,0.8571428571428571
0.6866293670403995,109,27,hcrd_raw,0.01,7,0.12280701754385964
0.07001133679389673,2,27,hcrd_robust,0.01,7,0.0
0.0801912477948584,11,27,hcrd_gaussian_guided,0.01,7,0.25
0.08024952014792834,11,27,hcrd_adaptive_guided,0.01,7,0.25
0.0684423438101009,9,27,hcrd_quadratic_guided,0.01,7,0.8571428571428571
0.6860143159473204,105,27,hcrd_raw,0.01,8,0.12727272727272726
0.0720611530292824,2,27,hcrd_robust,0.01,8,0.0
0.0789260295986405,11,27,hcrd_gaussian_guided,0.01,8,0.25
0.07891639859329763,11,27,hcrd_adaptive_guided,0.01,8,0.25
0.06629951012221337,9,27,hcrd_quadratic_guided,0.01,8,0.8571428571428571
0.6904591215770158,107,27,hcrd_raw,0.01,9,0.125
0.07356194400790965,2,27,hcrd_robust,0.01,9,0.0
0.07929101838198659,11,27,hcrd_gaussian_guided,0.01,9,0.25
0.08449797888658767,11,27,hcrd_adaptive_guided,0.01,9,0.25
0.0684277216432613,9,27,hcrd_quadratic_guided,0.01,9,0.7142857142857143
0.8907364362946514,100,28,hcrd_raw,0.01,0,0.13333333333333333
0.18093321868990858,2,28,hcrd_robust,0.01,0,0.0
0.1307623992120473,11,28,hcrd_gaussian_guided,0.01,0,0.25
0.09188620229140394,9,28,hcrd_adaptive_guided,0.01,0,0.2857142857142857
0.12832460812730578,9,28,hcrd_quadratic_guided,0.01,0,0.5714285714285714
0.887925146877181,100,28,hcrd_raw,0.01,1,0.13333333333333333
0.07438906179315542,3,28,hcrd_robust,0.01,1,0.25
0.12512027481996993,11,28,hcrd_gaussian_guided,0.01,1,0.25
0.09962304109974753,9,28,hcrd_adaptive_guided,0.01,1,0.2857142857142857
0.12925645970027055,9,28,hcrd_quadratic_guided,0.01,1,0.5714285714285714
0.8729499486267611,99,28,hcrd_raw,0.01,2,0.1346153846153846
0.022060357704337223,3,28,hcrd_robust,0.01,2,0.25
0.1374036588706129,11,28,hcrd_gaussian_guided,0.01,2,0.125
0.09854215056268768,9,28,hcrd_adaptive_guided,0.01,2,0.14285714285714285
0.1288193237723596,9,28,hcrd_quadratic_guided,0.01,2,0.5714285714285714
0.8787041630380534,93,28,hcrd_raw,0.01,3,0.1020408163265306
0.07943566169567827,3,28,hcrd_robust,0.01,3,0.25
0.1344792394542114,11,28,hcrd_gaussian_guided,0.01,3,0.25
0.10007962484056179,9,28,hcrd_adaptive_guided,0.01,3,0.2857142857142857
0.11985667666277629,9,28,hcrd_quadratic_guided,0.01,3,0.7142857142857143
0.8865760736529886,96,28,hcrd_raw,0.01,4,0.1188118811881188
0.02241718351836172,3,28,hcrd_robust,0.01,4,0.25
0.1372742729527402,11,28,hcrd_gaussian_guided,0.01,4,0.25
0.09797207699428695,9,28,hcrd_adaptive_guided,0.01,4,0.2857142857142857
0.12861626215215913,9,28,hcrd_quadratic_guided,0.01,4,0.5714285714285714
0.8976141056726548,112,28,hcrd_raw,0.01,5,0.11965811965811964
0.18466296760662834,2,28,hcrd_robust,0.01,5,0.0
0.1336362276703457,11,28,hcrd_gaussian_guided,0.01,5,0.25
0.1010805050612434,9,28,hcrd_adaptive_guided,0.01,5,0.2857142857142857
0.12897249463874033,9,28,hcrd_quadratic_guided,0.01,5,0.5714285714285714
0.8894002997595307,99,28,hcrd_raw,0.01,6,0.11538461538461539
0.18125503425528358,2,28,hcrd_robust,0.01,6,0.0
0.1338882745229561,11,28,hcrd_gaussian_guided,0.01,6,0.25
0.09988674128238105,9,28,hcrd_adaptive_guided,0.01,6,0.2857142857142857
0.128852171983287,9,28,hcrd_quadratic_guided,0.01,6,0.5714285714285714
0.8825655405185894,97,28,hcrd_raw,0.01,7,0.11764705882352942
0.18534338843612988,2,28,hcrd_robust,0.01,7,0.0
0.12678770287184152,11,28,hcrd_gaussian_guided,0.01,7,0.25
0.10092006436343598,9,28,hcrd_adaptive_guided,0.01,7,0.2857142857142857
0.12912568335824604,9,28,hcrd_quadratic_guided,0.01,7,0.5714285714285714
0.8586154830014442,93,28,hcrd_raw,0.01,8,0.14285714285714288
0.08225823117024247,3,28,hcrd_robust,0.01,8,0.25
0.1402568618840012,11,28,hcrd_gaussian_guided,0.01,8,0.25
0.10005813725015845,9,28,hcrd_adaptive_guided,0.01,8,0.2857142857142857
0.12943971192657575,9,28,hcrd_quadratic_guided,0.01,8,0.5714285714285714
0.8745491463764857,92,28,hcrd_raw,0.01,9,0.1443298969072165
0.02361422812633933,3,28,hcrd_robust,0.01,9,0.25
0.1354142839692793,11,28,hcrd_gaussian_guided,0.01,9,0.125
0.10067412628229633,9,28,hcrd_adaptive_guided,0.01,9,0.14285714285714285
0.1191916872301404,9,28,hcrd_quadratic_guided,0.01,9,0.7142857142857143
0.6626010498315101,104,29,hcrd_raw,0.01,0,0.12844036697247707
0.11424557523592851,2,29,hcrd_robust,0.01,0,0.0
0.04200774733269163,11,29,hcrd_gaussian_guided,0.01,0,0.6250000000000001
0.01961999479343359,9,29,hcrd_adaptive_guided,0.01,0,0.7142857142857143
0.03722783204761602,9,29,hcrd_quadratic_guided,0.01,0,0.8571428571428571
0.6747720026442101,106,29,hcrd_raw,0.01,1,0.12612612612612611
0.11271473095390143,2,29,hcrd_robust,0.01,1,0.0
0.047067737162192154,11,29,hcrd_gaussian_guided,0.01,1,0.5
0.024588754015362216,9,29,hcrd_adaptive_guided,0.01,1,0.5714285714285714
0.037099294531611135,9,29,hcrd_quadratic_guided,0.01,1,0.8571428571428571
0.666020943455619,108,29,hcrd_raw,0.01,2,0.1238938053097345
0.11477820340091557,2,29,hcrd_robust,0.01,2,0.0
0.04992015169188872,11,29,hcrd_gaussian_guided,0.01,2,0.5
0.04096042118140512,10,29,hcrd_adaptive_guided,0.01,2,0.6666666666666666
0.036906926781411574,9,29,hcrd_quadratic_guided,0.01,2,0.8571428571428571
0.6682216605451771,102,29,hcrd_raw,0.01,3,0.13084112149532712
0.11599211471053089,2,29,hcrd_robust,0.01,3,0.0
0.049982309793109136,11,29,hcrd_gaussian_guided,0.01,3,0.5
0.02813755165409511,9,29,hcrd_adaptive_guided,0.01,3,0.5714285714285714
0.036961881112635014,9,29,hcrd_quadratic_guided,0.01,3,0.8571428571428571
0.6757599420863715,109,29,hcrd_raw,0.01,4,0.12280701754385964
0.1162569924090741,2,29,hcrd_robust,0.01,4,0.0
0.04649003114890134,11,29,hcrd_gaussian_guided,0.01,4,0.5
0.01868625901062101,9,29,hcrd_adaptive_guided,0.01,4,0.7142857142857143
0.03719930855356786,9,29,hcrd_quadratic_guided,0.01,4,0.8571428571428571
0.6635562929279805,107,29,hcrd_raw,0.01,5,0.125
0.1116206494009163,2,29,hcrd_robust,0.01,5,0.0
0.04633477963178235,11,29,hcrd_gaussian_guided,0.01,5,0.5
0.02429476722223338,9,29,hcrd_adaptive_guided,0.01,5,0.5714285714285714
0.03709265758522677,9,29,hcrd_quadratic_guided,0.01,5,0.8571428571428571
0.6779328070090886,104,29,hcrd_raw,0.01,6,0.12844036697247707
0.11505274704026307,2,29,hcrd_robust,0.01,6,0.0
0.05057348291782613,11,29,hcrd_gaussian_guided,0.01,6,0.5
0.027505312615092474,9,29,hcrd_adaptive_guided,0.01,6,0.5714285714285714
0.03731451998243905,9,29,hcrd_quadratic_guided,0.01,6,0.8571428571428571
0.670422899356297,107,29,hcrd_raw,0.01,7,0.125
0.11724220916960705,2,29,hcrd_robust,0.01,7,0.0
0.05014955690690577,11,29,hcrd_gaussian_guided,0.01,7,0.5
0.026908437415037963,9,29,hcrd_adaptive_guided,0.01,7,0.5714285714285714
0.03703371468288998,9,29,hcrd_quadratic_guided,0.01,7,0.8571428571428571
0.671519680463151,106,29,hcrd_raw,0.01,8,0.12612612612612611
0.11231294383951561,2,29,hcrd_robust,0.01,8,0.0
0.05082841271410652,11,29,hcrd_gaussian_guided,0.01,8,0.5
0.02809497648350652,9,29,hcrd_adaptive_guided,0.01,8,0.5714285714285714
0.0370294467487041,9,29,hcrd_quadratic_guided,0.01,8,0.8571428571428571
0.6760086939856015,113,29,hcrd_raw,0.01,9,0.11864406779661016
0.10885852866373094,2,29,hcrd_robust,0.01,9,0.0
0.051076438120346596,11,29,hcrd_gaussian_guided,0.01,9,0.5
0.04960086315464259,11,29,hcrd_adaptive_guided,0.01,9,0.6250000000000001
0.03708061165214192,9,29,hcrd_quadratic_guided,0.01,9,0.8571428571428571
0.7354586261918694,118,0,hcrd_raw,0.03,0,0.11382113821138212
0.29437739071295455,3,0,hcrd_robust,0.03,0,0.0
0.056595612085242955,11,0,hcrd_gaussian_guided,0.03,0,0.5
0.044509782581079356,9,0,hcrd_adaptive_guided,0.03,0,0.5714285714285714
0.04316016662072691,9,0,hcrd_quadratic_guided,0.03,0,0.7142857142857143
0.7348758824697481,121,0,hcrd_raw,0.03,1,0.1111111111111111
0.03231168701957396,2,0,hcrd_robust,0.03,1,0.0
0.07172618542556035,12,0,hcrd_gaussian_guided,0.03,1,0.588235294117647
0.04169556939598766,9,0,hcrd_adaptive_guided,0.03,1,0.7142857142857143
0.0422983412864944,9,0,hcrd_quadratic_guided,0.03,1,0.7142857142857143
0.7349085188455466,121,0,hcrd_raw,0.03,2,0.1111111111111111
0.03194735014735473,2,0,hcrd_robust,0.03,2,0.0
0.0662628758686665,11,0,hcrd_gaussian_guided,0.03,2,0.25
0.04288439009706373,9,0,hcrd_adaptive_guided,0.03,2,0.5714285714285714
0.0416055166973816,9,0,hcrd_quadratic_guided,0.03,2,0.7142857142857143
0.7324967513234956,121,0,hcrd_raw,0.03,3,0.1111111111111111
0.03258347443835034,2,0,hcrd_robust,0.03,3,0.0
0.05151165135928617,11,0,hcrd_gaussian_guided,0.03,3,0.5
0.04125667678716883,9,0,hcrd_adaptive_guided,0.03,3,0.7142857142857143
0.03919351315316956,9,0,hcrd_quadratic_guided,0.03,3,0.7142857142857143
0.742406699780454,121,0,hcrd_raw,0.03,4,0.1111111111111111
0.03458659546055325,2,0,hcrd_robust,0.03,4,0.0
0.05620324156030899,12,0,hcrd_gaussian_guided,0.03,4,0.47058823529411764
0.04181287248873423,9,0,hcrd_adaptive_guided,0.03,4,0.5714285714285714
0.04232695372068044,9,0,hcrd_quadratic_guided,0.03,4,0.7142857142857143
0.7375837792351131,119,0,hcrd_raw,0.03,5,0.11290322580645161
0.035803330654220665,2,0,hcrd_robust,0.03,5,0.0
0.053072636505687464,12,0,hcrd_gaussian_guided,0.03,5,0.3529411764705882
0.0396928851667185,9,0,hcrd_adaptive_guided,0.03,5,0.7142857142857143
0.04208119105312837,9,0,hcrd_quadratic_guided,0.03,5,0.7142857142857143
0.7376723926023969,121,0,hcrd_raw,0.03,6,0.1111111111111111
0.045692021240143085,2,0,hcrd_robust,0.03,6,0.0
0.04027652663124266,11,0,hcrd_gaussian_guided,0.03,6,0.75
0.04477351904238024,9,0,hcrd_adaptive_guided,0.03,6,0.7142857142857143
0.04335720771015192,9,0,hcrd_quadratic_guided,0.03,6,0.7142857142857143
0.7477295070784198,120,0,hcrd_raw,0.03,7,0.112
0.037348045236323686,2,0,hcrd_robust,0.03,7,0.0
0.05913976230598121,11,0,hcrd_gaussian_guided,0.03,7,0.6250000000000001
0.04127237267268634,9,0,hcrd_adaptive_guided,0.03,7,0.7142857142857143
0.0432000502773141,9,0,hcrd_quadratic_guided,0.03,7,0.7142857142857143
0.7348101448552471,118,0,hcrd_raw,0.03,8,0.11382113821138212
0.03320345396684322,2,0,hcrd_robust,0.03,8,0.0
0.053950515232697824,11,0,hcrd_gaussian_guided,0.03,8,0.5
0.044650176960558265,9,0,hcrd_adaptive_guided,0.03,8,0.7142857142857143
0.04168745376307432,9,0,hcrd_quadratic_guided,0.03,8,0.7142857142857143
0.7414392002184891,125,0,hcrd_raw,0.03,9,0.10769230769230768
0.042384019331183805,2,0,hcrd_robust,0.03,9,0.0
0.0511064798162718,11,0,hcrd_gaussian_guided,0.03,9,0.5
0.04218627995788252,9,0,hcrd_adaptive_guided,0.03,9,0.7142857142857143
0.042726099137228225,9,0,hcrd_quadratic_guided,0.03,9,0.7142857142857143
1.0078712256109932,122,1,hcrd_raw,0.03,0,0.11023622047244094
0.3011997153494616,2,1,hcrd_robust,0.03,0,0.0
0.12012682952816665,11,1,hcrd_gaussian_guided,0.03,0,0.25
0.12129191083958137,9,1,hcrd_adaptive_guided,0.03,0,0.2857142857142857
0.09342043068530247,9,1,hcrd_quadratic_guided,0.03,0,0.5714285714285714
1.0008914157702722,120,1,hcrd_raw,0.03,1,0.112
0.30781541497042525,2,1,hcrd_robust,0.03,1,0.0
0.09394939222564754,10,1,hcrd_gaussian_guided,0.03,1,0.39999999999999997
0.11808812517687076,9,1,hcrd_adaptive_guided,0.03,1,0.42857142857142855
0.09483620435611885,9,1,hcrd_quadratic_guided,0.03,1,0.5714285714285714
1.0038796696409762,120,1,hcrd_raw,0.03,2,0.112
0.29438927817639504,2,1,hcrd_robust,0.03,2,0.0
0.11928527185339677,11,1,hcrd_gaussian_guided,0.03,2,0.25
0.11065153455753496,9,1,hcrd_adaptive_guided,0.03,2,0.42857142857142855
0.09477330847461161,9,1,hcrd_quadratic_guided,0.03,2,0.5714285714285714
1.00286691913018,120,1,hcrd_raw,0.03,3,0.112
0.30166016731439405,2,1,hcrd_robust,0.03,3,0.0
0.10093901681562815,11,1,hcrd_gaussian_guided,0.03,3,0.375
0.09805784700232256,9,1,hcrd_adaptive_guided,0.03,3,0.42857142857142855
0.08492566918538288,9,1,hcrd_quadratic_guided,0.03,3,0.7142857142857143
1.0051414654052129,120,1,hcrd_raw,0.03,4,0.09600000000000002
0.2926528273292534,2,1,hcrd_robust,0.03,4,0.0
0.10011608314471555,11,1,hcrd_gaussian_guided,0.03,4,0.375
0.10025515917178579,9,1,hcrd_adaptive_guided,0.03,4,0.42857142857142855
0.08659368695261727,9,1,hcrd_quadratic_guided,0.03,4,0.7142857142857143
1.0089451175968696,120,1,hcrd_raw,0.03,5,0.112
0.3000561867912386,2,1,hcrd_robust,0.03,5,0.0
0.10830081415956579,11,1,hcrd_gaussian_guided,0.03,5,0.5
0.11344135273963066,9,1,hcrd_adaptive_guided,0.03,5,0.5714285714285714
0.09112439526835833,9,1,hcrd_quadratic_guided,0.03,5,0.5714285714285714
1.0051454715631076,118,1,hcrd_raw,0.03,6,0.09756097560975609
0.27521055000330924,2,1,hcrd_robust,0.03,6,0.0
0.11636635010322599,11,1,hcrd_gaussian_guided,0.03,6,0.25
0.10666390096797626,9,1,hcrd_adaptive_guided,0.03,6,0.42857142857142855
0.08496284878030513,9,1,hcrd_quadratic_guided,0.03,6,0.7142857142857143
0.9970255044125806,113,1,hcrd_raw,0.03,7,0.1016949152542373
0.3089702860191317,2,1,hcrd_robust,0.03,7,0.0
0.10014518094492081,11,1,hcrd_gaussian_guided,0.03,7,0.375
0.0909063860396652,9,1,hcrd_adaptive_guided,0.03,7,0.5714285714285714
0.09176636463436356,9,1,hcrd_quadratic_guided,0.03,7,0.5714285714285714
1.000466442333305,118,1,hcrd_raw,0.03,8,0.11382113821138212
0.2944595368031016,2,1,hcrd_robust,0.03,8,0.0
0.09845177334736217,11,1,hcrd_gaussian_guided,0.03,8,0.375
0.09669926465141652,9,1,hcrd_adaptive_guided,0.03,8,0.42857142857142855
0.09415216800487185,9,1,hcrd_quadratic_guided,0.03,8,0.5714285714285714
1.0003124596728967,119,1,hcrd_raw,0.03,9,0.11290322580645161
0.30638049908110987,2,1,hcrd_robust,0.03,9,0.0
0.11519447605821334,11,1,hcrd_gaussian_guided,0.03,9,0.375
0.10219618605015227,9,1,hcrd_adaptive_guided,0.03,9,0.42857142857142855
0.08490950257341895,9,1,hcrd_quadratic_guided,0.03,9,0.8571428571428571
0.7759400772160193,122,2,hcrd_raw,0.03,0,0.11023622047244094
0.28206820010856815,2,2,hcrd_robust,0.03,0,0.0
0.08224976735780808,10,2,hcrd_gaussian_guided,0.03,0,0.26666666666666666
0.10735849918249242,9,2,hcrd_adaptive_guided,0.03,0,0.2857142857142857
0.06487904303250641,9,2,hcrd_quadratic_guided,0.03,0,0.8571428571428571
0.7721275517547932,121,2,hcrd_raw,0.03,1,0.1111111111111111
0.3069259844621271,2,2,hcrd_robust,0.03,1,0.0
0.08388286615042673,11,2,hcrd_gaussian_guided,0.03,1,0.25
0.10340781232045651,9,2,hcrd_adaptive_guided,0.03,1,0.2857142857142857
0.0626213886579627,9,2,hcrd_quadratic_guided,0.03,1,0.8571428571428571
0.78519839846362,121,2,hcrd_raw,0.03,2,0.1111111111111111
0.30813794530118943,2,2,hcrd_robust,0.03,2,0.0
0.10910390048607942,12,2,hcrd_gaussian_guided,0.03,2,0.3529411764705882
0.10485981023215318,9,2,hcrd_adaptive_guided,0.03,2,0.2857142857142857
0.06429237743742708,9,2,hcrd_quadratic_guided,0.03,2,0.8571428571428571
0.7761280337358147,122,2,hcrd_raw,0.03,3,0.11023622047244094
0.34590151608092207,3,2,hcrd_robust,0.03,3,0.0
0.11086406993055291,11,2,hcrd_gaussian_guided,0.03,3,0.0
0.10193897455469363,9,2,hcrd_adaptive_guided,0.03,3,0.2857142857142857
0.06210493213812226,9,2,hcrd_quadratic_guided,0.03,3,0.8571428571428571
0.7809304906691241,121,2,hcrd_raw,0.03,4,0.1111111111111111
0.30314737182220874,2,2,hcrd_robust,0.03,4,0.0
0.08050969581741271,11,2,hcrd_gaussian_guided,0.03,4,0.125
0.09286605218041818,9,2,hcrd_adaptive_guided,0.03,4,0.2857142857142857
0.0643683509311837,9,2,hcrd_quadratic_guided,0.03,4,0.8571428571428571
0.7737553868789621,119,2,hcrd_raw,0.03,5,0.0967741935483871
0.35213270439995986,2,2,hcrd_robust,0.03,5,0.0
0.07049485144436067,11,2,hcrd_gaussian_guided,0.03,5,0.25
0.10879737381423932,9,2,hcrd_adaptive_guided,0.03,5,0.14285714285714285
0.06170677245015764,9,2,hcrd_quadratic_guided,0.03,5,0.8571428571428571
0.7728275436170347,122,2,hcrd_raw,0.03,6,0.07874015748031496
0.3065712591063096,2,2,hcrd_robust,0.03,6,0.0
0.10128592266385428,11,2,hcrd_gaussian_guided,0.03,6,0.125
0.1036772067789751,9,2,hcrd_adaptive_guided,0.03,6,0.2857142857142857
0.0638969168384484,9,2,hcrd_quadratic_guided,0.03,6,0.8571428571428571
0.7737054773936336,119,2,hcrd_raw,0.03,7,0.11290322580645161
0.3054274652381415,2,2,hcrd_robust,0.03,7,0.0
0.08223259878951876,10,2,hcrd_gaussian_guided,0.03,7,0.26666666666666666
0.1032090673791489,9,2,hcrd_adaptive_guided,0.03,7,0.42857142857142855
0.06376059280405708,9,2,hcrd_quadratic_guided,0.03,7,0.8571428571428571
0.7763349340778534,119,2,hcrd_raw,0.03,8,0.11290322580645161
0.3416755868804851,2,2,hcrd_robust,0.03,8,0.0
0.06966526571007192,11,2,hcrd_gaussian_guided,0.03,8,0.375
0.1050305736981658,9,2,hcrd_adaptive_guided,0.03,8,0.2857142857142857
0.06333534532355034,9,2,hcrd_quadratic_guided,0.03,8,0.8571428571428571
0.7792446535054282,121,2,hcrd_raw,0.03,9,0.1111111111111111
0.3079080260971857,2,2,hcrd_robust,0.03,9,0.0
0.09283600247344541,11,2,hcrd_gaussian_guided,0.03,9,0.125
0.10456565117381243,9,2,hcrd_adaptive_guided,0.03,9,0.2857142857142857
0.06356710254563107,9,2,hcrd_quadratic_guided,0.03,9,0.8571428571428571
0.7060051040669948,116,3,hcrd_raw,0.03,0,0.08264462809917354
0.1073759421760743,2,3,hcrd_robust,0.03,0,0.0
0.09538609347522892,11,3,hcrd_gaussian_guided,0.03,0,0.25
0.10726678504921659,9,3,hcrd_adaptive_guided,0.03,0,0.42857142857142855
0.08200641906120662,9,3,hcrd_quadratic_guided,0.03,0,0.5714285714285714
0.7164426620178719,120,3,hcrd_raw,0.03,1,0.112
0.09139443055168081,2,3,hcrd_robust,0.03,1,0.0
0.10063089537564829,11,3,hcrd_gaussian_guided,0.03,1,0.375
0.10631406423544017,9,3,hcrd_adaptive_guided,0.03,1,0.42857142857142855
0.0831232463197123,9,3,hcrd_quadratic_guided,0.03,1,0.5714285714285714
0.7085062173379927,122,3,hcrd_raw,0.03,2,0.11023622047244094
0.09446545883346191,2,3,hcrd_robust,0.03,2,0.0
0.08662301443766163,10,3,hcrd_gaussian_guided,0.03,2,0.39999999999999997
0.11400411596629935,9,3,hcrd_adaptive_guided,0.03,2,0.42857142857142855
0.08088961173355565,9,3,hcrd_quadratic_guided,0.03,2,0.5714285714285714
0.7081184263324639,120,3,hcrd_raw,0.03,3,0.112
0.10178251289787184,2,3,hcrd_robust,0.03,3,0.0
0.08805690719465513,11,3,hcrd_gaussian_guided,0.03,3,0.5
0.10536608841537987,9,3,hcrd_adaptive_guided,0.03,3,0.42857142857142855
0.08123055798798894,9,3,hcrd_quadratic_guided,0.03,3,0.5714285714285714
0.7084611591237762,122,3,hcrd_raw,0.03,4,0.11023622047244094
0.09607277579808617,2,3,hcrd_robust,0.03,4,0.0
0.10912259403870807,11,3,hcrd_gaussian_guided,0.03,4,0.375
0.11144943221899908,9,3,hcrd_adaptive_guided,0.03,4,0.42857142857142855
0.08106745776281546,9,3,hcrd_quadratic_guided,0.03,4,0.5714285714285714
0.7148467630515178,123,3,hcrd_raw,0.03,5,0.109375
0.10147658511215227,2,3,hcrd_robust,0.03,5,0.0
0.09695231667416564,11,3,hcrd_gaussian_guided,0.03,5,0.5
0.10621571726018379,9,3,hcrd_adaptive_guided,0.03,5,0.42857142857142855
0.08307319214378338,9,3,hcrd_quadratic_guided,0.03,5,0.5714285714285714
0.7029682044413231,122,3,hcrd_raw,0.03,6,0.11023622047244094
0.09626929646494277,2,3,hcrd_robust,0.03,6,0.0
0.10296518160265739,11,3,hcrd_gaussian_guided,0.03,6,0.25
0.1127953052595174,9,3,hcrd_adaptive_guided,0.03,6,0.42857142857142855
0.08186240573033808,9,3,hcrd_quadratic_guided,0.03,6,0.5714285714285714
0.7102565647019631,116,3,hcrd_raw,0.03,7,0.11570247933884298
0.1041932444352926,2,3,hcrd_robust,0.03,7,0.0
0.10849878451452974,12,3,hcrd_gaussian_guided,0.03,7,0.23529411764705882
0.11279581416120163,9,3,hcrd_adaptive_guided,0.03,7,0.42857142857142855
0.0872797909712444,9,3,hcrd_quadratic_guided,0.03,7,0.42857142857142855
0.7067596696323173,118,3,hcrd_raw,0.03,8,0.09756097560975609
0.09306961135291232,2,3,hcrd_robust,0.03,8,0.0
0.08665163934680757,10,3,hcrd_gaussian_guided,0.03,8,0.39999999999999997
0.11035634149273849,9,3,hcrd_adaptive_guided,0.03,8,0.42857142857142855
0.08516830444484423,9,3,hcrd_quadratic_guided,0.03,8,0.42857142857142855
0.705956735020067,121,3,hcrd_raw,0.03,9,0.1111111111111111
0.08373624265020277,2,3,hcrd_robust,0.03,9,0.0
0.10377527126175481,11,3,hcrd_gaussian_guided,0.03,9,0.25
0.10366680876570922,9,3,hcrd_adaptive_guided,0.03,9,0.42857142857142855
0.0810946635719891,9,3,hcrd_quadratic_guided,0.03,9,0.5714285714285714
1.0257542506256034,121,4,hcrd_raw,0.03,0,0.1111111111111111
0.07018511277057402,2,4,hcrd_robust,0.03,0,0.0
0.06600191924512244,11,4,hcrd_gaussian_guided,0.03,0,0.6250000000000001
0.05551871403880282,9,4,hcrd_adaptive_guided,0.03,0,0.5714285714285714
0.06317293812944369,9,4,hcrd_quadratic_guided,0.03,0,0.7142857142857143
1.015887991863062,120,4,hcrd_raw,0.03,1,0.09600000000000002
0.06772959847173196,2,4,hcrd_robust,0.03,1,0.0
0.06557475879482998,11,4,hcrd_gaussian_guided,0.03,1,0.6250000000000001
0.057799442505857404,9,4,hcrd_adaptive_guided,0.03,1,0.42857142857142855
0.062365097166303216,9,4,hcrd_quadratic_guided,0.03,1,0.7142857142857143
1.0081748608890122,115,4,hcrd_raw,0.03,2,0.11666666666666665
0.06815196992930155,2,4,hcrd_robust,0.03,2,0.0
0.08298973963180059,11,4,hcrd_gaussian_guided,0.03,2,0.375
0.05362793352414296,9,4,hcrd_adaptive_guided,0.03,2,0.5714285714285714
0.06306192967759262,9,4,hcrd_quadratic_guided,0.03,2,0.7142857142857143
1.028235823641118,122,4,hcrd_raw,0.03,3,0.11023622047244094
0.06848038946747426,2,4,hcrd_robust,0.03,3,0.0
0.06424848338239353,11,4,hcrd_gaussian_guided,0.03,3,0.6250000000000001
0.05111944661789952,9,4,hcrd_adaptive_guided,0.03,3,0.5714285714285714
0.06330856265913848,9,4,hcrd_quadratic_guided,0.03,3,0.7142857142857143
1.0172152341157357,122,4,hcrd_raw,0.03,4,0.11023622047244094
0.06774920428992166,2,4,hcrd_robust,0.03,4,0.0
0.07168123424410854,10,4,hcrd_gaussian_guided,0.03,4,0.5333333333333333
0.05348685338941632,9,4,hcrd_adaptive_guided,0.03,4,0.7142857142857143
0.06392277694318882,9,4,hcrd_quadratic_guided,0.03,4,0.7142857142857143
1.0044213045031292,119,4,hcrd_raw,0.03,5,0.11290322580645161
0.0691828808084986,2,4,hcrd_robust,0.03,5,0.0
0.07811923247850502,11,4,hcrd_gaussian_guided,0.03,5,0.5
0.05260080771280455,9,4,hcrd_adaptive_guided,0.03,5,0.5714285714285714
0.06468488840712384,9,4,hcrd_quadratic_guided,0.03,5,0.7142857142857143
1.016070100919145,120,4,hcrd_raw,0.03,6,0.112
0.06774523523566726,2,4,hcrd_robust,0.03,6,0.0
0.10547513928496849,12,4,hcrd_gaussian_guided,0.03,6,0.47058823529411764
0.05170417685342132,9,4,hcrd_adaptive_guided,0.03,6,0.5714285714285714
0.062244611458797505,9,4,hcrd_quadratic_guided,0.03,6,0.7142857142857143
1.0204775085007927,121,4,hcrd_raw,0.03,7,0.1111111111111111
0.06904278922989904,2,4,hcrd_robust,0.03,7,0.0
0.06763803083591541,11,4,hcrd_gaussian_guided,0.03,7,0.6250000000000001
0.0581085881282097,9,4,hcrd_adaptive_guided,0.03,7,0.5714285714285714
0.06393229764617107,9,4,hcrd_quadratic_guided,0.03,7,0.7142857142857143
1.016270721383509,119,4,hcrd_raw,0.03,8,0.11290322580645161
0.06806866723643287,2,4,hcrd_robust,0.03,8,0.0
0.07065402991685123,11,4,hcrd_gaussian_guided,0.03,8,0.6250000000000001
0.049796466474531294,9,4,hcrd_adaptive_guided,0.03,8,0.7142857142857143
0.06202377103956274,9,4,hcrd_quadratic_guided,0.03,8,0.7142857142857143
1.0217483972089427,122,4,hcrd_raw,0.03,9,0.11023622047244094
0.0676907755297174,2,4,hcrd_robust,0.03,9,0.0
0.06664866266436906,11,4,hcrd_gaussian_guided,0.03,9,0.75
0.05580917317667569,9,4,hcrd_adaptive_guided,0.03,9,0.5714285714285714
0.06327233761983675,9,4,hcrd_quadratic_guided,0.03,9,0.7142857142857143
0.8374581190265958,120,5,hcrd_raw,0.03,0,0.112
0.48343024011460634,2,5,hcrd_robust,0.03,0,0.0
0.035764445677861335,11,5,hcrd_gaussian_guided,0.03,0,0.6250000000000001
0.028689773266357868,9,5,hcrd_adaptive_guided,0.03,0,0.8571428571428571
0.025683953101809487,9,5,hcrd_quadratic_guided,0.03,0,1.0
0.8328855529045048,120,5,hcrd_raw,0.03,1,0.112
0.46368446281593156,2,5,hcrd_robust,0.03,1,0.0
0.04024910289572889,11,5,hcrd_gaussian_guided,0.03,1,0.6250000000000001
0.026309722445204364,9,5,hcrd_adaptive_guided,0.03,1,0.8571428571428571
0.022953358326014795,9,5,hcrd_quadratic_guided,0.03,1,1.0
0.837729876555899,121,5,hcrd_raw,0.03,2,0.1111111111111111
0.5684860486941141,2,5,hcrd_robust,0.03,2,0.0
0.03234029711805909,11,5,hcrd_gaussian_guided,0.03,2,0.6250000000000001
0.03246541439187305,9,5,hcrd_adaptive_guided,0.03,2,0.7142857142857143
0.02472249278686999,9,5,hcrd_quadratic_guided,0.03,2,1.0
0.8330021101587057,120,5,hcrd_raw,0.03,3,0.112
0.5001707982079523,2,5,hcrd_robust,0.03,3,0.0
0.040955943709854115,11,5,hcrd_gaussian_guided,0.03,3,0.6250000000000001
0.027610642264519696,9,5,hcrd_adaptive_guided,0.03,3,0.8571428571428571
0.02379711177389538,9,5,hcrd_quadratic_guided,0.03,3,1.0
0.8396803394498962,125,5,hcrd_raw,0.03,4,0.10769230769230768
0.5162390863524668,2,5,hcrd_robust,0.03,4,0.0
0.06379489287402901,12,5,hcrd_gaussian_guided,0.03,4,0.47058823529411764
0.030220040361383135,9,5,hcrd_adaptive_guided,0.03,4,0.7142857142857143
0.024974832806708366,9,5,hcrd_quadratic_guided,0.03,4,1.0
0.8371635224379812,122,5,hcrd_raw,0.03,5,0.11023622047244094
0.5119082841002716,2,5,hcrd_robust,0.03,5,0.0
0.0407680780960419,11,5,hcrd_gaussian_guided,0.03,5,0.5
0.02879891134865372,9,5,hcrd_adaptive_guided,0.03,5,0.7142857142857143
0.023673333182671476,9,5,hcrd_quadratic_guided,0.03,5,1.0
0.8251637420951528,116,5,hcrd_raw,0.03,6,0.11570247933884298
0.5227709280684721,2,5,hcrd_robust,0.03,6,0.0
0.032372135830524965,11,5,hcrd_gaussian_guided,0.03,6,0.75
0.025950811126496835,9,5,hcrd_adaptive_guided,0.03,6,0.8571428571428571
0.0242569117785496,9,5,hcrd_quadratic_guided,0.03,6,1.0
0.8345173132841368,122,5,hcrd_raw,0.03,7,0.11023622047244094
0.13431376041466506,3,5,hcrd_robust,0.03,7,0.0
0.03455672850778233,11,5,hcrd_gaussian_guided,0.03,7,0.75
0.028262633826145266,9,5,hcrd_adaptive_guided,0.03,7,0.8571428571428571
0.02567321261760985,9,5,hcrd_quadratic_guided,0.03,7,1.0
0.8378282754611044,122,5,hcrd_raw,0.03,8,0.11023622047244094
0.4886714007426718,2,5,hcrd_robust,0.03,8,0.0
0.040695854238623944,10,5,hcrd_gaussian_guided,0.03,8,0.5333333333333333
0.0242505410855217,9,5,hcrd_adaptive_guided,0.03,8,0.8571428571428571
0.024446885746718817,9,5,hcrd_quadratic_guided,0.03,8,1.0
0.8387942261852818,120,5,hcrd_raw,0.03,9,0.112
0.49142433455578644,2,5,hcrd_robust,0.03,9,0.0
0.03650129014030184,11,5,hcrd_gaussian_guided,0.03,9,0.6250000000000001
0.028901580448306145,9,5,hcrd_adaptive_guided,0.03,9,0.7142857142857143
0.0245623463119582,9,5,hcrd_quadratic_guided,0.03,9,1.0
0.8163548729751163,118,6,hcrd_raw,0.03,0,0.11382113821138212
0.7349407957464288,3,6,hcrd_robust,0.03,0,0.0
0.15471216164849275,11,6,hcrd_gaussian_guided,0.03,0,0.25
0.16529819594660317,9,6,hcrd_adaptive_guided,0.03,0,0.2857142857142857
0.13926019498045433,9,6,hcrd_quadratic_guided,0.03,0,0.42857142857142855
0.8110471934533876,122,6,hcrd_raw,0.03,1,0.11023622047244094
0.3427966651829011,2,6,hcrd_robust,0.03,1,0.0
0.12384275015504773,11,6,hcrd_gaussian_guided,0.03,1,0.25
0.1896286836426949,9,6,hcrd_adaptive_guided,0.03,1,0.2857142857142857
0.13922745019431562,9,6,hcrd_quadratic_guided,0.03,1,0.42857142857142855
0.8211623639876295,123,6,hcrd_raw,0.03,2,0.109375
0.34570072122380985,2,6,hcrd_robust,0.03,2,0.0
0.14352281749990853,11,6,hcrd_gaussian_guided,0.03,2,0.375
0.1921709999753341,9,6,hcrd_adaptive_guided,0.03,2,0.42857142857142855
0.1423068796846526,9,6,hcrd_quadratic_guided,0.03,2,0.42857142857142855
0.8192689959403612,120,6,hcrd_raw,0.03,3,0.112
0.3554325750764614,2,6,hcrd_robust,0.03,3,0.0
0.16700571807999617,11,6,hcrd_gaussian_guided,0.03,3,0.25
0.20230143348778187,9,6,hcrd_adaptive_guided,0.03,3,0.42857142857142855
0.14039592075216342,9,6,hcrd_quadratic_guided,0.03,3,0.42857142857142855
0.8114835225270357,121,6,hcrd_raw,0.03,4,0.09523809523809523
0.35034838799405604,2,6,hcrd_robust,0.03,4,0.0
0.1259851967878337,11,6,hcrd_gaussian_guided,0.03,4,0.375
0.18672494671324882,9,6,hcrd_adaptive_guided,0.03,4,0.42857142857142855
0.1493066698978317,9,6,hcrd_quadratic_guided,0.03,4,0.42857142857142855
0.8148852618551545,117,6,hcrd_raw,0.03,5,0.08196721311475409
0.3445244075331037,2,6,hcrd_robust,0.03,5,0.0
0.16368294710426395,11,6,hcrd_gaussian_guided,0.03,5,0.25
0.186755309763685,9,6,hcrd_adaptive_guided,0.03,5,0.2857142857142857
0.15435459028694615,9,6,hcrd_quadratic_guided,0.03,5,0.42857142857142855
0.8222867280511486,120,6,hcrd_raw,0.03,6,0.112
0.3419971733894272,2,6,hcrd_robust,0.03,6,0.0
0.16535935446926547,11,6,hcrd_gaussian_guided,0.03,6,0.25
0.18757409562214944,9,6,hcrd_adaptive_guided,0.03,6,0.2857142857142857
0.13614427707391732,9,6,hcrd_quadratic_guided,0.03,6,0.42857142857142855
0.8219706608150323,120,6,hcrd_raw,0.03,7,0.112
0.33826319299607793,2,6,hcrd_robust,0.03,7,0.0
0.1317996470803594,11,6,hcrd_gaussian_guided,0.03,7,0.25
0.18747395770804315,9,6,hcrd_adaptive_guided,0.03,7,0.2857142857142857
0.13564148205258478,9,6,hcrd_quadratic_guided,0.03,7,0.42857142857142855
0.8120158022812911,121,6,hcrd_raw,0.03,8,0.1111111111111111
0.3473350053479431,2,6,hcrd_robust,0.03,8,0.0
0.1529304644348272,11,6,hcrd_gaussian_guided,0.03,8,0.375
0.18549472197277914,9,6,hcrd_adaptive_guided,0.03,8,0.42857142857142855
0.1549558528610154,9,6,hcrd_quadratic_guided,0.03,8,0.42857142857142855
0.8135937204471418,119,6,hcrd_raw,0.03,9,0.11290322580645161
0.3565287376968892,2,6,hcrd_robust,0.03,9,0.0
0.12528034771511648,11,6,hcrd_gaussian_guided,0.03,9,0.25
0.18900319813493363,9,6,hcrd_adaptive_guided,0.03,9,0.2857142857142857
0.13282854453259932,9,6,hcrd_quadratic_guided,0.03,9,0.42857142857142855
0.8362151263120576,119,7,hcrd_raw,0.03,0,0.11290322580645161
0.16466291550639153,2,7,hcrd_robust,0.03,0,0.0
0.10833743372793245,11,7,hcrd_gaussian_guided,0.03,0,0.125
0.1701808308228496,9,7,hcrd_adaptive_guided,0.03,0,0.14285714285714285
0.12004472545052901,9,7,hcrd_quadratic_guided,0.03,0,0.42857142857142855
0.8481395032363848,121,7,hcrd_raw,0.03,1,0.09523809523809523
0.1793866940528267,2,7,hcrd_robust,0.03,1,0.0
0.1475461272255634,11,7,hcrd_gaussian_guided,0.03,1,0.0
0.17356075924136363,9,7,hcrd_adaptive_guided,0.03,1,0.14285714285714285
0.1253256473869418,9,7,hcrd_quadratic_guided,0.03,1,0.42857142857142855
0.8386354261991389,119,7,hcrd_raw,0.03,2,0.0967741935483871
0.15699620085026214,2,7,hcrd_robust,0.03,2,0.0
0.1323989121665596,11,7,hcrd_gaussian_guided,0.03,2,0.0
0.166363698873059,9,7,hcrd_adaptive_guided,0.03,2,0.14285714285714285
0.12365520676596531,9,7,hcrd_quadratic_guided,0.03,2,0.42857142857142855
0.8403127340299585,119,7,hcrd_raw,0.03,3,0.11290322580645161
0.1672661170556412,2,7,hcrd_robust,0.03,3,0.0
0.1339395316477061,11,7,hcrd_gaussian_guided,0.03,3,0.125
0.17791409706210182,9,7,hcrd_adaptive_guided,0.03,3,0.14285714285714285
0.11883462871585171,9,7,hcrd_quadratic_guided,0.03,3,0.42857142857142855
0.8413158866076692,121,7,hcrd_raw,0.03,4,0.1111111111111111
0.17884905969868034,2,7,hcrd_robust,0.03,4,0.0
0.11850401371597083,11,7,hcrd_gaussian_guided,0.03,4,0.125
0.1715392904635442,9,7,hcrd_adaptive_guided,0.03,4,0.14285714285714285
0.1261925079364224,9,7,hcrd_quadratic_guided,0.03,4,0.42857142857142855
0.8357932244580134,121,7,hcrd_raw,0.03,5,0.1111111111111111
0.15710611017792914,2,7,hcrd_robust,0.03,5,0.0
0.15252757518666243,11,7,hcrd_gaussian_guided,0.03,5,0.0
0.15950723368247086,9,7,hcrd_adaptive_guided,0.03,5,0.14285714285714285
0.12488279784635536,9,7,hcrd_quadratic_guided,0.03,5,0.42857142857142855
0.8519705835282362,121,7,hcrd_raw,0.03,6,0.1111111111111111
0.9424823520434822,3,7,hcrd_robust,0.03,6,0.0
0.13821287485158165,11,7,hcrd_gaussian_guided,0.03,6,0.125
0.16550141222535197,9,7,hcrd_adaptive_guided,0.03,6,0.14285714285714285
0.11826585584607612,9,7,hcrd_quadratic_guided,0.03,6,0.42857142857142855
0.8421364945927545,119,7,hcrd_raw,0.03,7,0.11290322580645161
0.1613517437370375,2,7,hcrd_robust,0.03,7,0.0
0.1307842638671715,11,7,hcrd_gaussian_guided,0.03,7,0.125
0.16636795395164272,9,7,hcrd_adaptive_guided,0.03,7,0.14285714285714285
0.12305443725629793,9,7,hcrd_quadratic_guided,0.03,7,0.42857142857142855
0.8438178833736144,120,7,hcrd_raw,0.03,8,0.112
0.17819101503585405,2,7,hcrd_robust,0.03,8,0.0
0.09823315428724498,11,7,hcrd_gaussian_guided,0.03,8,0.125
0.16946014988156585,9,7,hcrd_adaptive_guided,0.03,8,0.14285714285714285
0.12274935486152914,9,7,hcrd_quadratic_guided,0.03,8,0.42857142857142855
0.8389834602559727,117,7,hcrd_raw,0.03,9,0.11475409836065573
0.1699229513152906,2,7,hcrd_robust,0.03,9,0.0
0.14128002996489633,11,7,hcrd_gaussian_guided,0.03,9,0.125
0.16317110233186982,9,7,hcrd_adaptive_guided,0.03,9,0.14285714285714285
0.11877125357992448,9,7,hcrd_quadratic_guided,0.03,9,0.42857142857142855
0.973780029203115,119,8,hcrd_raw,0.03,0,0.11290322580645161
0.1126305364130286,2,8,hcrd_robust,0.03,0,0.0
0.1183785775391906,11,8,hcrd_gaussian_guided,0.03,0,0.25
0.1399660123092294,9,8,hcrd_adaptive_guided,0.03,0,0.42857142857142855
0.10446694788082637,9,8,hcrd_quadratic_guided,0.03,0,0.7142857142857143
0.976413205423219,123,8,hcrd_raw,0.03,1,0.109375
0.12085075917273591,2,8,hcrd_robust,0.03,1,0.0
0.11042414489338336,12,8,hcrd_gaussian_guided,0.03,1,0.3529411764705882
0.1467153423342667,9,8,hcrd_adaptive_guided,0.03,1,0.42857142857142855
0.10465220216113826,9,8,hcrd_quadratic_guided,0.03,1,0.7142857142857143
0.9799461108273447,125,8,hcrd_raw,0.03,2,0.10769230769230768
0.11826983256527533,2,8,hcrd_robust,0.03,2,0.0
0.11469833634268484,11,8,hcrd_gaussian_guided,0.03,2,0.375
0.1301963738370966,9,8,hcrd_adaptive_guided,0.03,2,0.42857142857142855
0.1057532023058193,9,8,hcrd_quadratic_guided,0.03,2,0.7142857142857143
0.9687149139485877,119,8,hcrd_raw,0.03,3,0.11290322580645161
0.11265675309423855,2,8,hcrd_robust,0.03,3,0.0
0.11818972200028095,11,8,hcrd_gaussian_guided,0.03,3,0.375
0.13580224266021862,9,8,hcrd_adaptive_guided,0.03,3,0.42857142857142855
0.10550439566350958,9,8,hcrd_quadratic_guided,0.03,3,0.7142857142857143
0.9623069247742935,120,8,hcrd_raw,0.03,4,0.112
0.11244305964749568,2,8,hcrd_robust,0.03,4,0.0
0.1047306310979466,11,8,hcrd_gaussian_guided,0.03,4,0.375
0.1271839301613245,9,8,hcrd_adaptive_guided,0.03,4,0.42857142857142855
0.10415187175223974,9,8,hcrd_quadratic_guided,0.03,4,0.7142857142857143
0.9738840634509828,119,8,hcrd_raw,0.03,5,0.11290322580645161
0.10895409687621738,2,8,hcrd_robust,0.03,5,0.0
0.10588176639705076,10,8,hcrd_gaussian_guided,0.03,5,0.39999999999999997
0.13358996215640415,9,8,hcrd_adaptive_guided,0.03,5,0.42857142857142855
0.10762914030755624,9,8,hcrd_quadratic_guided,0.03,5,0.7142857142857143
0.9712906860260319,120,8,hcrd_raw,0.03,6,0.112
0.1089479639086055,2,8,hcrd_robust,0.03,6,0.0
0.09902839692658662,11,8,hcrd_gaussian_guided,0.03,6,0.375
0.12587253007184399,9,8,hcrd_adaptive_guided,0.03,6,0.42857142857142855
0.10210865110726536,9,8,hcrd_quadratic_guided,0.03,6,0.7142857142857143
0.9807905668810443,122,8,hcrd_raw,0.03,7,0.09448818897637795
0.12035180569412393,2,8,hcrd_robust,0.03,7,0.0
0.13990593611996643,11,8,hcrd_gaussian_guided,0.03,7,0.25
0.13140405526015075,9,8,hcrd_adaptive_guided,0.03,7,0.42857142857142855
0.10285758834980173,9,8,hcrd_quadratic_guided,0.03,7,0.7142857142857143
0.9723342517585147,122,8,hcrd_raw,0.03,8,0.11023622047244094
0.12856196537126255,2,8,hcrd_robust,0.03,8,0.0
0.13597881948554968,11,8,hcrd_gaussian_guided,0.03,8,0.25
0.14629332434579356,9,8,hcrd_adaptive_guided,0.03,8,0.42857142857142855
0.1042863245485285,9,8,hcrd_quadratic_guided,0.03,8,0.7142857142857143
0.9744033712311949,113,8,hcrd_raw,0.03,9,0.11864406779661016
0.09565194501469866,2,8,hcrd_robust,0.03,9,0.0
0.1015226597058885,11,8,hcrd_gaussian_guided,0.03,9,0.375
0.13048946511251913,9,8,hcrd_adaptive_guided,0.03,9,0.42857142857142855
0.10475117519142826,9,8,hcrd_quadratic_guided,0.03,9,0.7142857142857143
0.8490297706624187,120,9,hcrd_raw,0.03,0,0.112
1.4417515695676595,2,9,hcrd_robust,0.03,0,0.0
0.05108611874442591,11,9,hcrd_gaussian_guided,0.03,0,0.6250000000000001
0.034123198153997905,9,9,hcrd_adaptive_guided,0.03,0,0.8571428571428571
0.041021945045653506,9,9,hcrd_quadratic_guided,0.03,0,0.8571428571428571
0.8442833440172205,116,9,hcrd_raw,0.03,1,0.11570247933884298
1.3687534928859149,2,9,hcrd_robust,0.03,1,0.0
0.04678193827705945,11,9,hcrd_gaussian_guided,0.03,1,0.75
0.03308024943853245,9,9,hcrd_adaptive_guided,0.03,1,0.8571428571428571
0.0408522923299509,9,9,hcrd_quadratic_guided,0.03,1,0.8571428571428571
0.8451864579510412,118,9,hcrd_raw,0.03,2,0.09756097560975609
1.4722342535763469,2,9,hcrd_robust,0.03,2,0.0
0.04428393601181235,11,9,hcrd_gaussian_guided,0.03,2,0.75
0.042219436814311305,9,9,hcrd_adaptive_guided,0.03,2,0.7142857142857143
0.04130833187719327,9,9,hcrd_quadratic_guided,0.03,2,0.8571428571428571
0.8508937666063471,121,9,hcrd_raw,0.03,3,0.1111111111111111
1.4281572681543366,2,9,hcrd_robust,0.03,3,0.0
0.0475894602712352,11,9,hcrd_gaussian_guided,0.03,3,0.6250000000000001
0.03534821633953372,9,9,hcrd_adaptive_guided,0.03,3,0.8571428571428571
0.043178129361792945,9,9,hcrd_quadratic_guided,0.03,3,0.8571428571428571
0.8433975876799004,119,9,hcrd_raw,0.03,4,0.0967741935483871
1.3492254157413535,2,9,hcrd_robust,0.03,4,0.0
0.05077343916585488,11,9,hcrd_gaussian_guided,0.03,4,0.6250000000000001
0.030490340589659503,9,9,hcrd_adaptive_guided,0.03,4,0.8571428571428571
0.040050348281118225,9,9,hcrd_quadratic_guided,0.03,4,0.8571428571428571
0.8582575574888436,124,9,hcrd_raw,0.03,5,0.10852713178294575
1.4352315772852031,2,9,hcrd_robust,0.03,5,0.0
0.068004258431475,11,9,hcrd_gaussian_guided,0.03,5,0.6250000000000001
0.03785520567606502,9,9,hcrd_adaptive_guided,0.03,5,0.8571428571428571
0.04572709141309395,9,9,hcrd_quadratic_guided,0.03,5,0.8571428571428571
0.8517623185213553,118,9,hcrd_raw,0.03,6,0.11382113821138212
1.2971060828972936,2,9,hcrd_robust,0.03,6,0.0
0.06796198935051372,11,9,hcrd_gaussian_guided,0.03,6,0.5
0.05219665943573774,9,9,hcrd_adaptive_guided,0.03,6,0.7142857142857143
0.043709559655376554,9,9,hcrd_quadratic_guided,0.03,6,0.8571428571428571
0.8444003232973771,122,9,hcrd_raw,0.03,7,0.11023622047244094
1.4214447317571173,2,9,hcrd_robust,0.03,7,0.0
0.046691408337574174,11,9,hcrd_gaussian_guided,0.03,7,0.75
0.031667795733889,9,9,hcrd_adaptive_guided,0.03,7,0.8571428571428571
0.04380632929179274,9,9,hcrd_quadratic_guided,0.03,7,0.8571428571428571
0.8387705695446533,118,9,hcrd_raw,0.03,8,0.11382113821138212
1.4418411923984507,2,9,hcrd_robust,0.03,8,0.0
0.05141684660024771,11,9,hcrd_gaussian_guided,0.03,8,0.75
0.03075240407501369,9,9,hcrd_adaptive_guided,0.03,8,0.8571428571428571
0.04146122178285055,9,9,hcrd_quadratic_guided,0.03,8,0.8571428571428571
0.8561426083072234,123,9,hcrd_raw,0.03,9,0.109375
1.4208497066735943,2,9,hcrd_robust,0.03,9,0.0
0.0400038258118036,11,9,hcrd_gaussian_guided,0.03,9,0.75
0.035917534381833226,9,9,hcrd_adaptive_guided,0.03,9,0.8571428571428571
0.04415526557999013,9,9,hcrd_quadratic_guided,0.03,9,0.8571428571428571
0.7721004188093555,116,10,hcrd_raw,0.03,0,0.11570247933884298
0.17014525763469177,2,10,hcrd_robust,0.03,0,0.0
0.06775791756313128,11,10,hcrd_gaussian_guided,0.03,0,0.25
0.07272572123513696,9,10,hcrd_adaptive_guided,0.03,0,0.2857142857142857
0.06328459814073238,9,10,hcrd_quadratic_guided,0.03,0,0.42857142857142855
0.762371427976437,119,10,hcrd_raw,0.03,1,0.11290322580645161
0.1761138802315915,2,10,hcrd_robust,0.03,1,0.0
0.07013348551242393,11,10,hcrd_gaussian_guided,0.03,1,0.25
0.07172895149463365,9,10,hcrd_adaptive_guided,0.03,1,0.2857142857142857
0.05869274311453217,9,10,hcrd_quadratic_guided,0.03,1,0.5714285714285714
0.7689986369728619,123,10,hcrd_raw,0.03,2,0.109375
0.15546329274131185,3,10,hcrd_robust,0.03,2,0.25
0.07032022790948599,11,10,hcrd_gaussian_guided,0.03,2,0.25
0.07032573468838157,9,10,hcrd_adaptive_guided,0.03,2,0.2857142857142857
0.05885093567601227,9,10,hcrd_quadratic_guided,0.03,2,0.5714285714285714
0.7732542236043576,123,10,hcrd_raw,0.03,3,0.109375
0.16585210886423643,2,10,hcrd_robust,0.03,3,0.0
0.06799359257332441,11,10,hcrd_gaussian_guided,0.03,3,0.25
0.07510727220488356,9,10,hcrd_adaptive_guided,0.03,3,0.2857142857142857
0.06912949136343867,9,10,hcrd_quadratic_guided,0.03,3,0.2857142857142857
0.7734747758538009,122,10,hcrd_raw,0.03,4,0.11023622047244094
0.1751442343524248,2,10,hcrd_robust,0.03,4,0.0
0.05593061997194702,11,10,hcrd_gaussian_guided,0.03,4,0.25
0.07289843191986432,9,10,hcrd_adaptive_guided,0.03,4,0.2857142857142857
0.05831482908123698,9,10,hcrd_quadratic_guided,0.03,4,0.5714285714285714
0.7658935814326218,116,10,hcrd_raw,0.03,5,0.11570247933884298
0.1676643522944204,2,10,hcrd_robust,0.03,5,0.0
0.05166061515443852,11,10,hcrd_gaussian_guided,0.03,5,0.375
0.07535282467504546,9,10,hcrd_adaptive_guided,0.03,5,0.2857142857142857
0.06165586297143693,9,10,hcrd_quadratic_guided,0.03,5,0.42857142857142855
0.777790927932235,122,10,hcrd_raw,0.03,6,0.11023622047244094
0.16956187215777163,2,10,hcrd_robust,0.03,6,0.0
0.07762534567534186,11,10,hcrd_gaussian_guided,0.03,6,0.25
0.06787968454598951,9,10,hcrd_adaptive_guided,0.03,6,0.2857142857142857
0.059138874344771504,9,10,hcrd_quadratic_guided,0.03,6,0.5714285714285714
0.7660146011633396,116,10,hcrd_raw,0.03,7,0.11570247933884298
0.177649865801483,2,10,hcrd_robust,0.03,7,0.0
0.06311084046897156,11,10,hcrd_gaussian_guided,0.03,7,0.25
0.06657745919316867,9,10,hcrd_adaptive_guided,0.03,7,0.2857142857142857
0.06357090642488744,9,10,hcrd_quadratic_guided,0.03,7,0.42857142857142855
0.7798602088271962,122,10,hcrd_raw,0.03,8,0.11023622047244094
0.19400124664423674,2,10,hcrd_robust,0.03,8,0.0
0.06225983389228921,11,10,hcrd_gaussian_guided,0.03,8,0.25
0.07265018231826148,9,10,hcrd_adaptive_guided,0.03,8,0.2857142857142857
0.06392611479396543,9,10,hcrd_quadratic_guided,0.03,8,0.42857142857142855
0.7687696968278663,120,10,hcrd_raw,0.03,9,0.112
0.185411942450334,2,10,hcrd_robust,0.03,9,0.0
0.0718047525444623,12,10,hcrd_gaussian_guided,0.03,9,0.23529411764705882
0.0645738412056703,9,10,hcrd_adaptive_guided,0.03,9,0.2857142857142857
0.06209403387836969,9,10,hcrd_quadratic_guided,0.03,9,0.42857142857142855
0.8783477721445048,120,11,hcrd_raw,0.03,0,0.112
0.1558212473126813,2,11,hcrd_robust,0.03,0,0.0
0.07444744674767323,11,11,hcrd_gaussian_guided,0.03,0,0.5
0.06091634385570536,9,11,hcrd_adaptive_guided,0.03,0,0.7142857142857143
0.062362119649821766,9,11,hcrd_quadratic_guided,0.03,0,0.8571428571428571
0.878462678560197,122,11,hcrd_raw,0.03,1,0.11023622047244094
0.18698088625098044,2,11,hcrd_robust,0.03,1,0.0
0.0667439585360432,11,11,hcrd_gaussian_guided,0.03,1,0.5
0.06006382535778103,9,11,hcrd_adaptive_guided,0.03,1,0.5714285714285714
0.05729259317577067,9,11,hcrd_quadratic_guided,0.03,1,0.8571428571428571
0.8742598811665534,121,11,hcrd_raw,0.03,2,0.1111111111111111
0.19354352049956172,2,11,hcrd_robust,0.03,2,0.0
0.08126724463884148,12,11,hcrd_gaussian_guided,0.03,2,0.588235294117647
0.052743115205743096,9,11,hcrd_adaptive_guided,0.03,2,0.5714285714285714
0.05751652929932974,9,11,hcrd_quadratic_guided,0.03,2,0.8571428571428571
0.8712949041038346,122,11,hcrd_raw,0.03,3,0.11023622047244094
0.20280175280391904,2,11,hcrd_robust,0.03,3,0.0
0.06555419195920513,11,11,hcrd_gaussian_guided,0.03,3,0.6250000000000001
0.056630802738915575,9,11,hcrd_adaptive_guided,0.03,3,0.7142857142857143
0.057645713951127046,9,11,hcrd_quadratic_guided,0.03,3,0.8571428571428571
0.8705537112434614,116,11,hcrd_raw,0.03,4,0.11570247933884298
0.17411948307467226,2,11,hcrd_robust,0.03,4,0.0
0.05643108371926749,11,11,hcrd_gaussian_guided,0.03,4,0.75
0.05822993637939542,9,11,hcrd_adaptive_guided,0.03,4,0.5714285714285714
0.05810051209947567,9,11,hcrd_quadratic_guided,0.03,4,0.8571428571428571
0.8769395606776439,122,11,hcrd_raw,0.03,5,0.11023622047244094
0.1933376033074517,2,11,hcrd_robust,0.03,5,0.0
0.06811773560468555,11,11,hcrd_gaussian_guided,0.03,5,0.6250000000000001
0.054835864552542225,9,11,hcrd_adaptive_guided,0.03,5,0.7142857142857143
0.05782521400551012,9,11,hcrd_quadratic_guided,0.03,5,0.8571428571428571
0.8790232713519751,121,11,hcrd_raw,0.03,6,0.09523809523809523
0.1701705946168573,2,11,hcrd_robust,0.03,6,0.0
0.07361781153419289,11,11,hcrd_gaussian_guided,0.03,6,0.5
0.061628011455749795,9,11,hcrd_adaptive_guided,0.03,6,0.5714285714285714
0.05965944172838846,9,11,hcrd_quadratic_guided,0.03,6,0.8571428571428571
0.883695848053231,126,11,hcrd_raw,0.03,7,0.10687022900763359
0.18218821689664455,2,11,hcrd_robust,0.03,7,0.0
0.07958848017301583,12,11,hcrd_gaussian_guided,0.03,7,0.47058823529411764
0.06096648415380118,9,11,hcrd_adaptive_guided,0.03,7,0.5714285714285714
0.05726634446930598,9,11,hcrd_quadratic_guided,0.03,7,0.8571428571428571
0.8793185776266967,122,11,hcrd_raw,0.03,8,0.11023622047244094
0.19404249259888043,2,11,hcrd_robust,0.03,8,0.0
0.06822399510195835,11,11,hcrd_gaussian_guided,0.03,8,0.5
0.0616432916658262,9,11,hcrd_adaptive_guided,0.03,8,0.5714285714285714
0.05754087549485869,9,11,hcrd_quadratic_guided,0.03,8,0.8571428571428571
0.8728054790912175,120,11,hcrd_raw,0.03,9,0.112
0.18317067813893761,2,11,hcrd_robust,0.03,9,0.0
0.07605647966365509,12,11,hcrd_gaussian_guided,0.03,9,0.588235294117647
0.048584109206239345,9,11,hcrd_adaptive_guided,0.03,9,0.7142857142857143
0.05800833981862865,9,11,hcrd_quadratic_guided,0.03,9,0.8571428571428571
0.8813731030318838,117,12,hcrd_raw,0.03,0,0.09836065573770492
0.1615698915712536,2,12,hcrd_robust,0.03,0,0.0
0.07528641531843042,11,12,hcrd_gaussian_guided,0.03,0,0.25
0.07607248643846569,9,12,hcrd_adaptive_guided,0.03,0,0.2857142857142857
0.04854867542917316,9,12,hcrd_quadratic_guided,0.03,0,1.0
0.8917491110991795,121,12,hcrd_raw,0.03,1,0.1111111111111111
0.15370879048141967,2,12,hcrd_robust,0.03,1,0.0
0.062455770280568326,11,12,hcrd_gaussian_guided,0.03,1,0.6250000000000001
0.050638812986638,9,12,hcrd_adaptive_guided,0.03,1,0.7142857142857143
0.043603844477226796,9,12,hcrd_quadratic_guided,0.03,1,1.0
0.9001973342770451,121,12,hcrd_raw,0.03,2,0.1111111111111111
0.17218605666734663,2,12,hcrd_robust,0.03,2,0.0
0.09213230301579042,11,12,hcrd_gaussian_guided,0.03,2,0.25
0.07208602914810619,9,12,hcrd_adaptive_guided,0.03,2,0.42857142857142855
0.04575844026817493,9,12,hcrd_quadratic_guided,0.03,2,1.0
0.8913524470996852,123,12,hcrd_raw,0.03,3,0.109375
0.19268575483114195,3,12,hcrd_robust,0.03,3,0.0
0.06333059805681962,11,12,hcrd_gaussian_guided,0.03,3,0.5
0.07273236234625619,9,12,hcrd_adaptive_guided,0.03,3,0.42857142857142855
0.04293913312715514,9,12,hcrd_quadratic_guided,0.03,3,1.0
0.8889266730730706,123,12,hcrd_raw,0.03,4,0.109375
0.16872899344061446,2,12,hcrd_robust,0.03,4,0.0
0.10256885101053385,12,12,hcrd_gaussian_guided,0.03,4,0.0
0.06113073122061989,9,12,hcrd_adaptive_guided,0.03,4,0.7142857142857143
0.04209283093460018,9,12,hcrd_quadratic_guided,0.03,4,1.0
0.8829981630315284,121,12,hcrd_raw,0.03,5,0.1111111111111111
0.15308716491116167,2,12,hcrd_robust,0.03,5,0.0
0.08749152037860634,11,12,hcrd_gaussian_guided,0.03,5,0.125
0.05697075990770919,9,12,hcrd_adaptive_guided,0.03,5,0.5714285714285714
0.04100791666191603,9,12,hcrd_quadratic_guided,0.03,5,1.0
0.89205007553909,125,12,hcrd_raw,0.03,6,0.10769230769230768
0.151089730183212,2,12,hcrd_robust,0.03,6,0.0
0.078950820628106,11,12,hcrd_gaussian_guided,0.03,6,0.375
0.07797422447087422,9,12,hcrd_adaptive_guided,0.03,6,0.2857142857142857
0.04919874131830318,9,12,hcrd_quadratic_guided,0.03,6,1.0
0.8829026737376148,123,12,hcrd_raw,0.03,7,0.109375
0.16232365303771232,2,12,hcrd_robust,0.03,7,0.0
0.07001222985867818,11,12,hcrd_gaussian_guided,0.03,7,0.6250000000000001
0.06120341833640417,9,12,hcrd_adaptive_guided,0.03,7,0.7142857142857143
0.043370233853411,9,12,hcrd_quadratic_guided,0.03,7,1.0
0.887262741224423,118,12,hcrd_raw,0.03,8,0.11382113821138212
0.16829057535111913,2,12,hcrd_robust,0.03,8,0.0
0.06570029350811989,11,12,hcrd_gaussian_guided,0.03,8,0.5
0.06914164171909135,9,12,hcrd_adaptive_guided,0.03,8,0.5714285714285714
0.042484881596350846,9,12,hcrd_quadratic_guided,0.03,8,1.0
0.8920693945418662,119,12,hcrd_raw,0.03,9,0.11290322580645161
0.15780472193992165,2,12,hcrd_robust,0.03,9,0.0
0.07555481804334525,11,12,hcrd_gaussian_guided,0.03,9,0.375
0.05980447650955988,9,12,hcrd_adaptive_guided,0.03,9,0.7142857142857143
0.04403772609628487,9,12,hcrd_quadratic_guided,0.03,9,1.0
0.8932629579098765,121,13,hcrd_raw,0.03,0,0.1111111111111111
0.33358441355076074,2,13,hcrd_robust,0.03,0,0.0
0.10851093517869466,11,13,hcrd_gaussian_guided,0.03,0,0.375
0.10554859246581945,9,13,hcrd_adaptive_guided,0.03,0,0.42857142857142855
0.07452221066468441,9,13,hcrd_quadratic_guided,0.03,0,0.7142857142857143
0.8857053074235784,119,13,hcrd_raw,0.03,1,0.11290322580645161
0.3108933927708091,2,13,hcrd_robust,0.03,1,0.0
0.11543455513616277,11,13,hcrd_gaussian_guided,0.03,1,0.375
0.09929971118772479,9,13,hcrd_adaptive_guided,0.03,1,0.42857142857142855
0.07515620121019195,9,13,hcrd_quadratic_guided,0.03,1,0.7142857142857143
0.8939250369640243,119,13,hcrd_raw,0.03,2,0.11290322580645161
0.33761613984220856,2,13,hcrd_robust,0.03,2,0.0
0.07389949248964299,11,13,hcrd_gaussian_guided,0.03,2,0.5
0.09929292610365859,9,13,hcrd_adaptive_guided,0.03,2,0.42857142857142855
0.07116205886578078,9,13,hcrd_quadratic_guided,0.03,2,0.7142857142857143
0.8873718176465816,121,13,hcrd_raw,0.03,3,0.1111111111111111
0.3475714563794407,2,13,hcrd_robust,0.03,3,0.0
0.08376402600418234,11,13,hcrd_gaussian_guided,0.03,3,0.5
0.09364791789304493,9,13,hcrd_adaptive_guided,0.03,3,0.5714285714285714
0.07299691793862606,9,13,hcrd_quadratic_guided,0.03,3,0.7142857142857143
0.8857993500902475,118,13,hcrd_raw,0.03,4,0.09756097560975609
0.3193308750421561,2,13,hcrd_robust,0.03,4,0.0
0.11252196199250432,11,13,hcrd_gaussian_guided,0.03,4,0.375
0.09735638127703733,9,13,hcrd_adaptive_guided,0.03,4,0.42857142857142855
0.07002579102890132,9,13,hcrd_quadratic_guided,0.03,4,0.7142857142857143
0.8815066464613809,120,13,hcrd_raw,0.03,5,0.112
0.35724189521787725,2,13,hcrd_robust,0.03,5,0.0
0.09468552086234291,11,13,hcrd_gaussian_guided,0.03,5,0.5
0.10293656142523987,9,13,hcrd_adaptive_guided,0.03,5,0.42857142857142855
0.07770351141703066,9,13,hcrd_quadratic_guided,0.03,5,0.7142857142857143
0.8916385233253542,121,13,hcrd_raw,0.03,6,0.1111111111111111
0.3437971222258423,2,13,hcrd_robust,0.03,6,0.0
0.08870023414232044,11,13,hcrd_gaussian_guided,0.03,6,0.5
0.08917671645697135,9,13,hcrd_adaptive_guided,0.03,6,0.5714285714285714
0.06994400165218298,9,13,hcrd_quadratic_guided,0.03,6,0.7142857142857143
0.8967372406432931,124,13,hcrd_raw,0.03,7,0.10852713178294575
0.3262930208874993,2,13,hcrd_robust,0.03,7,0.0
0.09295582831401086,11,13,hcrd_gaussian_guided,0.03,7,0.5
0.10030200318945821,9,13,hcrd_adaptive_guided,0.03,7,0.42857142857142855
0.07761180308596546,9,13,hcrd_quadratic_guided,0.03,7,0.7142857142857143
0.888287994932701,123,13,hcrd_raw,0.03,8,0.109375
0.3519613092926951,2,13,hcrd_robust,0.03,8,0.0
0.10366706239455614,11,13,hcrd_gaussian_guided,0.03,8,0.5
0.10244202817227994,9,13,hcrd_adaptive_guided,0.03,8,0.42857142857142855
0.07230337857901323,9,13,hcrd_quadratic_guided,0.03,8,0.7142857142857143
0.8900661181865321,124,13,hcrd_raw,0.03,9,0.10852713178294575
0.32090221333269087,2,13,hcrd_robust,0.03,9,0.0
0.0992234925446652,11,13,hcrd_gaussian_guided,0.03,9,0.25
0.10606928667285935,9,13,hcrd_adaptive_guided,0.03,9,0.42857142857142855
0.07520274270681424,9,13,hcrd_quadratic_guided,0.03,9,0.7142857142857143
0.7760713410251522,121,14,hcrd_raw,0.03,0,0.1111111111111111
0.7101071719382369,2,14,hcrd_robust,0.03,0,0.0
0.04926025704670456,12,14,hcrd_gaussian_guided,0.03,0,0.588235294117647
0.03507521941411582,9,14,hcrd_adaptive_guided,0.03,0,0.8571428571428571
0.04421189615536716,9,14,hcrd_quadratic_guided,0.03,0,1.0
0.7819984317003804,118,14,hcrd_raw,0.03,1,0.11382113821138212
0.7054410526286309,2,14,hcrd_robust,0.03,1,0.0
0.047039826504797905,11,14,hcrd_gaussian_guided,0.03,1,0.6250000000000001
0.03590736490911315,9,14,hcrd_adaptive_guided,0.03,1,0.8571428571428571
0.044522309960054456,9,14,hcrd_quadratic_guided,0.03,1,1.0
0.7812253492919664,119,14,hcrd_raw,0.03,2,0.0967741935483871
0.7710928057407964,2,14,hcrd_robust,0.03,2,0.0
0.05559679646808143,11,14,hcrd_gaussian_guided,0.03,2,0.6250000000000001
0.033591329776335783,9,14,hcrd_adaptive_guided,0.03,2,0.8571428571428571
0.04353857183226915,9,14,hcrd_quadratic_guided,0.03,2,1.0
0.7783094508378527,122,14,hcrd_raw,0.03,3,0.11023622047244094
0.7672016940750918,2,14,hcrd_robust,0.03,3,0.0
0.05343843255047888,11,14,hcrd_gaussian_guided,0.03,3,0.75
0.03444575102738811,9,14,hcrd_adaptive_guided,0.03,3,0.8571428571428571
0.043005044821158175,9,14,hcrd_quadratic_guided,0.03,3,1.0
0.7945370636385606,124,14,hcrd_raw,0.03,4,0.10852713178294575
0.7099463396506764,2,14,hcrd_robust,0.03,4,0.0
0.04564897534879668,11,14,hcrd_gaussian_guided,0.03,4,0.75
0.034650639660437285,9,14,hcrd_adaptive_guided,0.03,4,0.8571428571428571
0.04373244616552572,9,14,hcrd_quadratic_guided,0.03,4,1.0
0.7800202076352533,120,14,hcrd_raw,0.03,5,0.112
0.6567497618583373,2,14,hcrd_robust,0.03,5,0.0
0.04110082366282419,10,14,hcrd_gaussian_guided,0.03,5,0.6666666666666666
0.034792356242063116,9,14,hcrd_adaptive_guided,0.03,5,0.8571428571428571
0.04349817404873266,9,14,hcrd_quadratic_guided,0.03,5,1.0
0.7749479911088784,121,14,hcrd_raw,0.03,6,0.09523809523809523
0.7236465592823432,2,14,hcrd_robust,0.03,6,0.0
0.05988895394758893,11,14,hcrd_gaussian_guided,0.03,6,0.6250000000000001
0.030402215776538653,9,14,hcrd_adaptive_guided,0.03,6,0.8571428571428571
0.04198315849837134,9,14,hcrd_quadratic_guided,0.03,6,1.0
0.7743231792942897,121,14,hcrd_raw,0.03,7,0.1111111111111111
0.7627959766783577,2,14,hcrd_robust,0.03,7,0.0
0.06497034144782728,11,14,hcrd_gaussian_guided,0.03,7,0.5
0.034463212379265196,9,14,hcrd_adaptive_guided,0.03,7,0.8571428571428571
0.04387823994660384,9,14,hcrd_quadratic_guided,0.03,7,1.0
0.7741526856513734,121,14,hcrd_raw,0.03,8,0.1111111111111111
0.7767567489833563,2,14,hcrd_robust,0.03,8,0.0
0.07215469294242277,11,14,hcrd_gaussian_guided,0.03,8,0.375
0.04120209383659013,9,14,hcrd_adaptive_guided,0.03,8,0.7142857142857143
0.04347047777694928,9,14,hcrd_quadratic_guided,0.03,8,1.0
0.775324528240923,119,14,hcrd_raw,0.03,9,0.11290322580645161
0.7746201202963283,2,14,hcrd_robust,0.03,9,0.0
0.05225649159569959,11,14,hcrd_gaussian_guided,0.03,9,0.75
0.03515953555953066,9,14,hcrd_adaptive_guided,0.03,9,0.8571428571428571
0.043274939420728464,9,14,hcrd_quadratic_guided,0.03,9,1.0
1.013716661660106,119,15,hcrd_raw,0.03,0,0.11290322580645161
0.30608622374041655,2,15,hcrd_robust,0.03,0,0.0
0.11522769035093877,11,15,hcrd_gaussian_guided,0.03,0,0.25
0.09818239100527469,9,15,hcrd_adaptive_guided,0.03,0,0.2857142857142857
0.07932948168057584,9,15,hcrd_quadratic_guided,0.03,0,0.7142857142857143
1.033080812929684,120,15,hcrd_raw,0.03,1,0.09600000000000002
0.3322272037534629,2,15,hcrd_robust,0.03,1,0.0
0.11240767767113176,11,15,hcrd_gaussian_guided,0.03,1,0.375
0.09676815862200958,9,15,hcrd_adaptive_guided,0.03,1,0.42857142857142855
0.07844336522584226,9,15,hcrd_quadratic_guided,0.03,1,0.7142857142857143
1.0394155768284794,121,15,hcrd_raw,0.03,2,0.1111111111111111
0.31841524147236866,2,15,hcrd_robust,0.03,2,0.0
0.10660703731580103,11,15,hcrd_gaussian_guided,0.03,2,0.25
0.0970085465296875,9,15,hcrd_adaptive_guided,0.03,2,0.42857142857142855
0.07570053435541906,9,15,hcrd_quadratic_guided,0.03,2,0.7142857142857143
1.0230156756788453,117,15,hcrd_raw,0.03,3,0.11475409836065573
0.3170542138498503,2,15,hcrd_robust,0.03,3,0.0
0.0872607404244341,12,15,hcrd_gaussian_guided,0.03,3,0.3529411764705882
0.10454918047614048,9,15,hcrd_adaptive_guided,0.03,3,0.2857142857142857
0.07777566667033121,9,15,hcrd_quadratic_guided,0.03,3,0.7142857142857143
1.0333204297622485,122,15,hcrd_raw,0.03,4,0.11023622047244094
0.31642482685546186,2,15,hcrd_robust,0.03,4,0.0
0.09735880606338145,10,15,hcrd_gaussian_guided,0.03,4,0.26666666666666666
0.10834596065160747,9,15,hcrd_adaptive_guided,0.03,4,0.2857142857142857
0.0718541744560924,9,15,hcrd_quadratic_guided,0.03,4,0.8571428571428571
1.018256406023313,119,15,hcrd_raw,0.03,5,0.11290322580645161
0.31741184714554105,2,15,hcrd_robust,0.03,5,0.0
0.09848215495517929,11,15,hcrd_gaussian_guided,0.03,5,0.25
0.10610840979757417,9,15,hcrd_adaptive_guided,0.03,5,0.2857142857142857
0.08282533761317079,9,15,hcrd_quadratic_guided,0.03,5,0.5714285714285714
1.0220025914051012,122,15,hcrd_raw,0.03,6,0.11023622047244094
0.31249206869410046,2,15,hcrd_robust,0.03,6,0.0
0.12105032549470685,12,15,hcrd_gaussian_guided,0.03,6,0.3529411764705882
0.09876419138555001,9,15,hcrd_adaptive_guided,0.03,6,0.42857142857142855
0.07983782685002513,9,15,hcrd_quadratic_guided,0.03,6,0.7142857142857143
1.0251308173613356,122,15,hcrd_raw,0.03,7,0.11023622047244094
0.30579250155313453,2,15,hcrd_robust,0.03,7,0.0
0.10933385899838863,11,15,hcrd_gaussian_guided,0.03,7,0.25
0.11560492958016204,9,15,hcrd_adaptive_guided,0.03,7,0.2857142857142857
0.07730579417620279,9,15,hcrd_quadratic_guided,0.03,7,0.7142857142857143
1.0285147740191845,118,15,hcrd_raw,0.03,8,0.09756097560975609
0.3119413985791739,2,15,hcrd_robust,0.03,8,0.0
0.09292238369114109,11,15,hcrd_gaussian_guided,0.03,8,0.25
0.0961253908806412,9,15,hcrd_adaptive_guided,0.03,8,0.42857142857142855
0.07761662695798144,9,15,hcrd_quadratic_guided,0.03,8,0.7142857142857143
1.0310914735790857,121,15,hcrd_raw,0.03,9,0.1111111111111111
0.3207210553259505,2,15,hcrd_robust,0.03,9,0.0
0.09295969955060823,11,15,hcrd_gaussian_guided,0.03,9,0.375
0.099806966771137,9,15,hcrd_adaptive_guided,0.03,9,0.42857142857142855
0.06712560247103412,9,15,hcrd_quadratic_guided,0.03,9,1.0
0.6976257300834716,121,16,hcrd_raw,0.03,0,0.1111111111111111
0.09743460994952004,2,16,hcrd_robust,0.03,0,0.0
0.03512021801573151,10,16,hcrd_gaussian_guided,0.03,0,0.5333333333333333
0.04140365882995316,9,16,hcrd_adaptive_guided,0.03,0,0.7142857142857143
0.038505848472232956,9,16,hcrd_quadratic_guided,0.03,0,0.8571428571428571
0.6940923659682781,120,16,hcrd_raw,0.03,1,0.09600000000000002
0.10279651189327206,2,16,hcrd_robust,0.03,1,0.0
0.048213976510463566,12,16,hcrd_gaussian_guided,0.03,1,0.47058823529411764
0.044260930878000745,9,16,hcrd_adaptive_guided,0.03,1,0.7142857142857143
0.038761939452099735,9,16,hcrd_quadratic_guided,0.03,1,0.8571428571428571
0.7037641422852041,122,16,hcrd_raw,0.03,2,0.11023622047244094
0.08921725105200305,2,16,hcrd_robust,0.03,2,0.0
0.049239431826376356,11,16,hcrd_gaussian_guided,0.03,2,0.5
0.04221405884278714,9,16,hcrd_adaptive_guided,0.03,2,0.7142857142857143
0.03999238193848817,9,16,hcrd_quadratic_guided,0.03,2,0.8571428571428571
0.7058370237479717,122,16,hcrd_raw,0.03,3,0.11023622047244094
0.10945202703733796,2,16,hcrd_robust,0.03,3,0.0
0.042225850186315625,11,16,hcrd_gaussian_guided,0.03,3,0.75
0.04789331052672169,9,16,hcrd_adaptive_guided,0.03,3,0.7142857142857143
0.037378535951328846,9,16,hcrd_quadratic_guided,0.03,3,0.8571428571428571
0.7010824817949637,120,16,hcrd_raw,0.03,4,0.112
0.09430944539552148,2,16,hcrd_robust,0.03,4,0.0
0.06829857308876904,12,16,hcrd_gaussian_guided,0.03,4,0.588235294117647
0.04057318332639328,9,16,hcrd_adaptive_guided,0.03,4,0.7142857142857143
0.03629323342548709,9,16,hcrd_quadratic_guided,0.03,4,0.8571428571428571
0.7021180798745507,115,16,hcrd_raw,0.03,5,0.11666666666666665
0.10903416580518017,2,16,hcrd_robust,0.03,5,0.0
0.04979363660198749,11,16,hcrd_gaussian_guided,0.03,5,0.6250000000000001
0.044544656818859336,9,16,hcrd_adaptive_guided,0.03,5,0.7142857142857143
0.03870808994616229,9,16,hcrd_quadratic_guided,0.03,5,0.8571428571428571
0.6994695354300394,120,16,hcrd_raw,0.03,6,0.112
0.0979923580589044,2,16,hcrd_robust,0.03,6,0.0
0.05025545081540774,11,16,hcrd_gaussian_guided,0.03,6,0.6250000000000001
0.03524381255575524,9,16,hcrd_adaptive_guided,0.03,6,0.5714285714285714
0.039176487006371795,9,16,hcrd_quadratic_guided,0.03,6,0.8571428571428571
0.6941080475546342,120,16,hcrd_raw,0.03,7,0.09600000000000002
0.10221155546097556,2,16,hcrd_robust,0.03,7,0.0
0.049838916811477396,11,16,hcrd_gaussian_guided,0.03,7,0.25
0.03958084967811364,9,16,hcrd_adaptive_guided,0.03,7,0.7142857142857143
0.03865804912159702,9,16,hcrd_quadratic_guided,0.03,7,0.8571428571428571
0.7010779630709862,121,16,hcrd_raw,0.03,8,0.1111111111111111
0.10878575611837302,2,16,hcrd_robust,0.03,8,0.0
0.04232437290290536,11,16,hcrd_gaussian_guided,0.03,8,0.6250000000000001
0.03783515809595786,9,16,hcrd_adaptive_guided,0.03,8,0.7142857142857143
0.03601252714703383,9,16,hcrd_quadratic_guided,0.03,8,0.8571428571428571
0.703292519044231,121,16,hcrd_raw,0.03,9,0.1111111111111111
0.07632402307145861,2,16,hcrd_robust,0.03,9,0.0
0.055229310403212335,11,16,hcrd_gaussian_guided,0.03,9,0.5
0.04608966932723091,9,16,hcrd_adaptive_guided,0.03,9,0.7142857142857143
0.039581005943657245,9,16,hcrd_quadratic_guided,0.03,9,0.8571428571428571
0.732648460563266,121,17,hcrd_raw,0.03,0,0.09523809523809523
0.2000213956104131,2,17,hcrd_robust,0.03,0,0.0
0.07391637778451714,11,17,hcrd_gaussian_guided,0.03,0,0.375
0.07119303580563671,9,17,hcrd_adaptive_guided,0.03,0,0.5714285714285714
0.05829154173104074,9,17,hcrd_quadratic_guided,0.03,0,0.5714285714285714
0.7282577797463856,120,17,hcrd_raw,0.03,1,0.112
0.2062755305896453,2,17,hcrd_robust,0.03,1,0.0
0.061402647260524496,11,17,hcrd_gaussian_guided,0.03,1,0.375
0.06970727348183553,9,17,hcrd_adaptive_guided,0.03,1,0.42857142857142855
0.056783173733228005,9,17,hcrd_quadratic_guided,0.03,1,0.5714285714285714
0.7345809975001435,121,17,hcrd_raw,0.03,2,0.1111111111111111
0.16841602420805654,2,17,hcrd_robust,0.03,2,0.0
0.047366219471693456,10,17,hcrd_gaussian_guided,0.03,2,0.6666666666666666
0.0508195715629062,9,17,hcrd_adaptive_guided,0.03,2,0.5714285714285714
0.05620885192678362,9,17,hcrd_quadratic_guided,0.03,2,0.5714285714285714
0.7338915039548537,121,17,hcrd_raw,0.03,3,0.1111111111111111
0.19056339937380595,2,17,hcrd_robust,0.03,3,0.0
0.05606195936954126,11,17,hcrd_gaussian_guided,0.03,3,0.5
0.07019843093095456,9,17,hcrd_adaptive_guided,0.03,3,0.5714285714285714
0.05650981725151602,9,17,hcrd_quadratic_guided,0.03,3,0.5714285714285714
0.7410281985187817,120,17,hcrd_raw,0.03,4,0.112
0.19422347427861128,2,17,hcrd_robust,0.03,4,0.0
0.05381503629457464,11,17,hcrd_gaussian_guided,0.03,4,0.5
0.07019646918037489,9,17,hcrd_adaptive_guided,0.03,4,0.5714285714285714
0.057981050225236815,9,17,hcrd_quadratic_guided,0.03,4,0.5714285714285714
0.7238500655030603,118,17,hcrd_raw,0.03,5,0.09756097560975609
0.1998163757818146,2,17,hcrd_robust,0.03,5,0.0
0.0750573553397214,11,17,hcrd_gaussian_guided,0.03,5,0.5
0.06545613203571558,9,17,hcrd_adaptive_guided,0.03,5,0.5714285714285714
0.05856814197570167,9,17,hcrd_quadratic_guided,0.03,5,0.5714285714285714
0.7344088131009117,119,17,hcrd_raw,0.03,6,0.11290322580645161
0.19215571129003425,2,17,hcrd_robust,0.03,6,0.0
0.0565909171696941,11,17,hcrd_gaussian_guided,0.03,6,0.375
0.06595881687185777,9,17,hcrd_adaptive_guided,0.03,6,0.5714285714285714
0.057809306099091545,9,17,hcrd_quadratic_guided,0.03,6,0.5714285714285714
0.7363306111243488,116,17,hcrd_raw,0.03,7,0.11570247933884298
0.19140544699106424,2,17,hcrd_robust,0.03,7,0.0
0.05659889048892097,10,17,hcrd_gaussian_guided,0.03,7,0.5333333333333333
0.06551599647980087,9,17,hcrd_adaptive_guided,0.03,7,0.5714285714285714
0.04867167123009018,9,17,hcrd_quadratic_guided,0.03,7,0.7142857142857143
0.7344402951105509,123,17,hcrd_raw,0.03,8,0.09375000000000001
0.1880251338707517,2,17,hcrd_robust,0.03,8,0.0
0.0704287634427091,11,17,hcrd_gaussian_guided,0.03,8,0.5
0.0649474638758153,9,17,hcrd_adaptive_guided,0.03,8,0.42857142857142855
0.05497092393805923,9,17,hcrd_quadratic_guided,0.03,8,0.5714285714285714
0.74329393853019,124,17,hcrd_raw,0.03,9,0.10852713178294575
0.19309271551015136,2,17,hcrd_robust,0.03,9,0.0
0.05710808149003058,11,17,hcrd_gaussian_guided,0.03,9,0.5
0.06356041380084798,9,17,hcrd_adaptive_guided,0.03,9,0.5714285714285714
0.05728108729481518,9,17,hcrd_quadratic_guided,0.03,9,0.5714285714285714
1.0021332383466626,120,18,hcrd_raw,0.03,0,0.09600000000000002
0.19269312278210174,2,18,hcrd_robust,0.03,0,0.0
0.1414517861347083,11,18,hcrd_gaussian_guided,0.03,0,0.375
0.17872381645084703,9,18,hcrd_adaptive_guided,0.03,0,0.42857142857142855
0.14701305647647175,9,18,hcrd_quadratic_guided,0.03,0,0.5714285714285714
1.0008104115324532,118,18,hcrd_raw,0.03,1,0.11382113821138212
0.19025373623148267,2,18,hcrd_robust,0.03,1,0.0
0.18465502258340355,11,18,hcrd_gaussian_guided,0.03,1,0.375
0.15839458586249,9,18,hcrd_adaptive_guided,0.03,1,0.42857142857142855
0.14535006512650409,9,18,hcrd_quadratic_guided,0.03,1,0.5714285714285714
1.0074545322097952,119,18,hcrd_raw,0.03,2,0.11290322580645161
0.1925643955800966,2,18,hcrd_robust,0.03,2,0.0
0.16437411270824465,11,18,hcrd_gaussian_guided,0.03,2,0.375
0.1848149367042795,9,18,hcrd_adaptive_guided,0.03,2,0.42857142857142855
0.15934958944692193,9,18,hcrd_quadratic_guided,0.03,2,0.5714285714285714
1.0070340804173366,116,18,hcrd_raw,0.03,3,0.11570247933884298
0.5715828080056089,3,18,hcrd_robust,0.03,3,0.0
0.16364491075063978,11,18,hcrd_gaussian_guided,0.03,3,0.375
0.1385898123097369,9,18,hcrd_adaptive_guided,0.03,3,0.42857142857142855
0.14630168341094643,9,18,hcrd_quadratic_guided,0.03,3,0.5714285714285714
1.009309140693761,123,18,hcrd_raw,0.03,4,0.109375
0.18482270592002537,2,18,hcrd_robust,0.03,4,0.0
0.12433522776112059,10,18,hcrd_gaussian_guided,0.03,4,0.26666666666666666
0.18442765405842212,9,18,hcrd_adaptive_guided,0.03,4,0.2857142857142857
0.14312764326140232,9,18,hcrd_quadratic_guided,0.03,4,0.5714285714285714
1.0023439545470916,119,18,hcrd_raw,0.03,5,0.0967741935483871
0.19038234474153143,2,18,hcrd_robust,0.03,5,0.0
0.1423702710982384,11,18,hcrd_gaussian_guided,0.03,5,0.375
0.1820389109152648,9,18,hcrd_adaptive_guided,0.03,5,0.42857142857142855
0.1587401120663915,9,18,hcrd_quadratic_guided,0.03,5,0.5714285714285714
1.0238286248695052,121,18,hcrd_raw,0.03,6,0.1111111111111111
0.19119523405891392,2,18,hcrd_robust,0.03,6,0.0
0.1431007693360036,11,18,hcrd_gaussian_guided,0.03,6,0.375
0.18654714734829897,9,18,hcrd_adaptive_guided,0.03,6,0.42857142857142855
0.15508266385635416,9,18,hcrd_quadratic_guided,0.03,6,0.5714285714285714
1.00724580126626,116,18,hcrd_raw,0.03,7,0.08264462809917354
0.18741120041784795,2,18,hcrd_robust,0.03,7,0.0
0.1878516138021205,11,18,hcrd_gaussian_guided,0.03,7,0.25
0.17550860956319156,9,18,hcrd_adaptive_guided,0.03,7,0.42857142857142855
0.16144746374876007,9,18,hcrd_quadratic_guided,0.03,7,0.5714285714285714
1.002553210751422,117,18,hcrd_raw,0.03,8,0.09836065573770492
0.18749492172234172,2,18,hcrd_robust,0.03,8,0.0
0.19986333838702705,11,18,hcrd_gaussian_guided,0.03,8,0.375
0.20065288525368807,9,18,hcrd_adaptive_guided,0.03,8,0.42857142857142855
0.1563552701416369,9,18,hcrd_quadratic_guided,0.03,8,0.5714285714285714
1.0070287879757234,120,18,hcrd_raw,0.03,9,0.112
1.7194363503470778,3,18,hcrd_robust,0.03,9,0.0
0.16900228098660605,11,18,hcrd_gaussian_guided,0.03,9,0.375
0.16949454744335649,9,18,hcrd_adaptive_guided,0.03,9,0.42857142857142855
0.1492503280130912,9,18,hcrd_quadratic_guided,0.03,9,0.5714285714285714
0.7901427876893451,121,19,hcrd_raw,0.03,0,0.09523809523809523
0.13739666257454325,2,19,hcrd_robust,0.03,0,0.0
0.06670742922866497,11,19,hcrd_gaussian_guided,0.03,0,0.375
0.06671969743480535,9,19,hcrd_adaptive_guided,0.03,0,0.42857142857142855
0.04979886666581639,9,19,hcrd_quadratic_guided,0.03,0,1.0
0.7873555609550307,122,19,hcrd_raw,0.03,1,0.11023622047244094
0.12286896757781439,2,19,hcrd_robust,0.03,1,0.0
0.062136055466160266,11,19,hcrd_gaussian_guided,0.03,1,0.5
0.06826356051401836,9,19,hcrd_adaptive_guided,0.03,1,0.42857142857142855
0.04934718228324394,9,19,hcrd_quadratic_guided,0.03,1,1.0
0.7912218554762117,120,19,hcrd_raw,0.03,2,0.112
0.12027727400521991,2,19,hcrd_robust,0.03,2,0.0
0.054036389319226455,10,19,hcrd_gaussian_guided,0.03,2,0.39999999999999997
0.06487735499878822,9,19,hcrd_adaptive_guided,0.03,2,0.42857142857142855
0.04991880678156774,9,19,hcrd_quadratic_guided,0.03,2,1.0
0.7969687112405085,124,19,hcrd_raw,0.03,3,0.10852713178294575
0.14255188298740976,2,19,hcrd_robust,0.03,3,0.0
0.08789483527312734,11,19,hcrd_gaussian_guided,0.03,3,0.125
0.06312543036330767,9,19,hcrd_adaptive_guided,0.03,3,0.42857142857142855
0.050194855216438676,9,19,hcrd_quadratic_guided,0.03,3,1.0
0.7925966259474314,120,19,hcrd_raw,0.03,4,0.112
0.15860067394943161,2,19,hcrd_robust,0.03,4,0.0
0.08211901443886234,11,19,hcrd_gaussian_guided,0.03,4,0.25
0.06576371240543502,9,19,hcrd_adaptive_guided,0.03,4,0.42857142857142855
0.05073620874967773,9,19,hcrd_quadratic_guided,0.03,4,1.0
0.7956040810003865,118,19,hcrd_raw,0.03,5,0.11382113821138212
0.13956942007713088,2,19,hcrd_robust,0.03,5,0.0
0.07589105272351791,11,19,hcrd_gaussian_guided,0.03,5,0.375
0.06645830300010815,9,19,hcrd_adaptive_guided,0.03,5,0.42857142857142855
0.04949576019257628,9,19,hcrd_quadratic_guided,0.03,5,1.0
0.7933006322521486,120,19,hcrd_raw,0.03,6,0.09600000000000002
0.16706374030139448,2,19,hcrd_robust,0.03,6,0.0
0.06589292804791459,10,19,hcrd_gaussian_guided,0.03,6,0.39999999999999997
0.06215217247104224,9,19,hcrd_adaptive_guided,0.03,6,0.42857142857142855
0.04973762300865545,9,19,hcrd_quadratic_guided,0.03,6,1.0
0.7942947608503576,122,19,hcrd_raw,0.03,7,0.11023622047244094
0.13755905414652658,2,19,hcrd_robust,0.03,7,0.0
0.06711289710745995,11,19,hcrd_gaussian_guided,0.03,7,0.5
0.06818687603604615,9,19,hcrd_adaptive_guided,0.03,7,0.42857142857142855
0.05134209088303996,9,19,hcrd_quadratic_guided,0.03,7,1.0
0.7917007612181876,117,19,hcrd_raw,0.03,8,0.09836065573770492
0.1442008288252929,2,19,hcrd_robust,0.03,8,0.0
0.06304843732979372,11,19,hcrd_gaussian_guided,0.03,8,0.5
0.06619270560428292,9,19,hcrd_adaptive_guided,0.03,8,0.42857142857142855
0.050612620533702295,9,19,hcrd_quadratic_guided,0.03,8,1.0
0.7925828034417667,123,19,hcrd_raw,0.03,9,0.109375
0.13272923152155264,2,19,hcrd_robust,0.03,9,0.0
0.09647189219426719,11,19,hcrd_gaussian_guided,0.03,9,0.375
0.07258347488505616,9,19,hcrd_adaptive_guided,0.03,9,0.42857142857142855
0.05128133315116704,9,19,hcrd_quadratic_guided,0.03,9,1.0
0.9648135868144518,120,20,hcrd_raw,0.03,0,0.112
0.42517001863894077,2,20,hcrd_robust,0.03,0,0.0
0.08586081366623163,11,20,hcrd_gaussian_guided,0.03,0,0.25
0.10301270923154013,10,20,hcrd_adaptive_guided,0.03,0,0.39999999999999997
0.07636666809726156,9,20,hcrd_quadratic_guided,0.03,0,0.5714285714285714
0.9687422659640794,122,20,hcrd_raw,0.03,1,0.11023622047244094
0.4773303646820519,2,20,hcrd_robust,0.03,1,0.0
0.06944264807071214,11,20,hcrd_gaussian_guided,0.03,1,0.375
0.0944871159875486,9,20,hcrd_adaptive_guided,0.03,1,0.42857142857142855
0.07840166444355047,9,20,hcrd_quadratic_guided,0.03,1,0.5714285714285714
0.9609002559709046,120,20,hcrd_raw,0.03,2,0.112
0.44816874013397934,2,20,hcrd_robust,0.03,2,0.0
0.0793928840180903,11,20,hcrd_gaussian_guided,0.03,2,0.5
0.0814391930955377,9,20,hcrd_adaptive_guided,0.03,2,0.5714285714285714
0.07528928778763966,9,20,hcrd_quadratic_guided,0.03,2,0.7142857142857143
0.9717231106152419,119,20,hcrd_raw,0.03,3,0.0967741935483871
0.4506895034792321,2,20,hcrd_robust,0.03,3,0.0
0.09354679370679349,11,20,hcrd_gaussian_guided,0.03,3,0.5
0.08291936174021693,9,20,hcrd_adaptive_guided,0.03,3,0.42857142857142855
0.07739300170905447,9,20,hcrd_quadratic_guided,0.03,3,0.5714285714285714
0.9644503429485483,123,20,hcrd_raw,0.03,4,0.09375000000000001
0.45052268576020754,2,20,hcrd_robust,0.03,4,0.0
0.08227263650714231,11,20,hcrd_gaussian_guided,0.03,4,0.5
0.06820193251540456,9,20,hcrd_adaptive_guided,0.03,4,0.42857142857142855
0.0755671415985297,9,20,hcrd_quadratic_guided,0.03,4,0.5714285714285714
0.9762012016017997,122,20,hcrd_raw,0.03,5,0.11023622047244094
0.4404024830480295,2,20,hcrd_robust,0.03,5,0.0
0.0734099759254305,11,20,hcrd_gaussian_guided,0.03,5,0.375
0.07403583166445302,9,20,hcrd_adaptive_guided,0.03,5,0.42857142857142855
0.07698451697870992,9,20,hcrd_quadratic_guided,0.03,5,0.5714285714285714
0.9488585852787348,121,20,hcrd_raw,0.03,6,0.1111111111111111
0.41261128048083434,2,20,hcrd_robust,0.03,6,0.0
0.08742329626901535,11,20,hcrd_gaussian_guided,0.03,6,0.375
0.09518752153396239,9,20,hcrd_adaptive_guided,0.03,6,0.42857142857142855
0.07773721462789059,9,20,hcrd_quadratic_guided,0.03,6,0.5714285714285714
0.9712985884437672,122,20,hcrd_raw,0.03,7,0.11023622047244094
0.5117699824509144,2,20,hcrd_robust,0.03,7,0.0
0.0753069124959635,12,20,hcrd_gaussian_guided,0.03,7,0.3529411764705882
0.07997588782856144,9,20,hcrd_adaptive_guided,0.03,7,0.42857142857142855
0.07554837938877997,9,20,hcrd_quadratic_guided,0.03,7,0.5714285714285714
0.9547722159858324,123,20,hcrd_raw,0.03,8,0.109375
0.47897976853424695,2,20,hcrd_robust,0.03,8,0.0
0.06623669682623239,11,20,hcrd_gaussian_guided,0.03,8,0.5
0.09596184693966683,9,20,hcrd_adaptive_guided,0.03,8,0.42857142857142855
0.07809593538345111,9,20,hcrd_quadratic_guided,0.03,8,0.5714285714285714
0.9656068093011908,122,20,hcrd_raw,0.03,9,0.11023622047244094
0.4610381081996742,2,20,hcrd_robust,0.03,9,0.0
0.1028620565949397,11,20,hcrd_gaussian_guided,0.03,9,0.25
0.09588312476829186,9,20,hcrd_adaptive_guided,0.03,9,0.2857142857142857
0.07769186222285906,9,20,hcrd_quadratic_guided,0.03,9,0.5714285714285714
1.0792766690146314,125,21,hcrd_raw,0.03,0,0.10769230769230768
0.19380630609138588,2,21,hcrd_robust,0.03,0,0.0
0.08638886726873243,11,21,hcrd_gaussian_guided,0.03,0,0.375
0.06688278494315596,9,21,hcrd_adaptive_guided,0.03,0,0.5714285714285714
0.07177217214901707,9,21,hcrd_quadratic_guided,0.03,0,0.7142857142857143
1.0684702944650062,121,21,hcrd_raw,0.03,1,0.1111111111111111
0.1964824951806472,2,21,hcrd_robust,0.03,1,0.0
0.07117021415571383,11,21,hcrd_gaussian_guided,0.03,1,0.5
0.05435079271414451,9,21,hcrd_adaptive_guided,0.03,1,0.5714285714285714
0.07022657411294633,9,21,hcrd_quadratic_guided,0.03,1,0.7142857142857143
1.0621042988970766,124,21,hcrd_raw,0.03,2,0.10852713178294575
0.19598168375751693,2,21,hcrd_robust,0.03,2,0.0
0.07879207222962861,11,21,hcrd_gaussian_guided,0.03,2,0.375
0.06923066423720059,9,21,hcrd_adaptive_guided,0.03,2,0.5714285714285714
0.06495654597271142,9,21,hcrd_quadratic_guided,0.03,2,0.7142857142857143
1.071981314833728,119,21,hcrd_raw,0.03,3,0.11290322580645161
0.1977916043904952,2,21,hcrd_robust,0.03,3,0.0
0.0675201713596456,11,21,hcrd_gaussian_guided,0.03,3,0.5
0.052208753510039174,9,21,hcrd_adaptive_guided,0.03,3,0.5714285714285714
0.0665165486309611,9,21,hcrd_quadratic_guided,0.03,3,0.7142857142857143
1.0717933955881134,120,21,hcrd_raw,0.03,4,0.112
0.21908196039801067,2,21,hcrd_robust,0.03,4,0.0
0.06753419533868546,11,21,hcrd_gaussian_guided,0.03,4,0.5
0.06892725319517191,9,21,hcrd_adaptive_guided,0.03,4,0.5714285714285714
0.07022590380491942,9,21,hcrd_quadratic_guided,0.03,4,0.7142857142857143
1.0683385690656986,123,21,hcrd_raw,0.03,5,0.109375
0.22386027557951665,2,21,hcrd_robust,0.03,5,0.0
0.07336949523553252,11,21,hcrd_gaussian_guided,0.03,5,0.5
0.06890024307042278,9,21,hcrd_adaptive_guided,0.03,5,0.5714285714285714
0.07082647920333268,9,21,hcrd_quadratic_guided,0.03,5,0.7142857142857143
1.06541234244043,118,21,hcrd_raw,0.03,6,0.11382113821138212
0.17176614808170548,2,21,hcrd_robust,0.03,6,0.0
0.07630533856712583,11,21,hcrd_gaussian_guided,0.03,6,0.375
0.0748181314807571,9,21,hcrd_adaptive_guided,0.03,6,0.5714285714285714
0.07060202246479243,9,21,hcrd_quadratic_guided,0.03,6,0.7142857142857143
1.0783221030520656,118,21,hcrd_raw,0.03,7,0.11382113821138212
0.21517300979745468,2,21,hcrd_robust,0.03,7,0.0
0.08155905568830492,12,21,hcrd_gaussian_guided,0.03,7,0.47058823529411764
0.06845162218801304,9,21,hcrd_adaptive_guided,0.03,7,0.5714285714285714
0.06698864351205636,9,21,hcrd_quadratic_guided,0.03,7,0.7142857142857143
1.065081561493335,116,21,hcrd_raw,0.03,8,0.11570247933884298
0.20118857577655114,2,21,hcrd_robust,0.03,8,0.0
0.06589383348718905,11,21,hcrd_gaussian_guided,0.03,8,0.5
0.0628007269212151,9,21,hcrd_adaptive_guided,0.03,8,0.5714285714285714
0.07068305614475043,9,21,hcrd_quadratic_guided,0.03,8,0.7142857142857143
1.0682003113818326,120,21,hcrd_raw,0.03,9,0.112
0.25692902779531884,2,21,hcrd_robust,0.03,9,0.0
0.08399373291605834,11,21,hcrd_gaussian_guided,0.03,9,0.5
0.06902018243424912,9,21,hcrd_adaptive_guided,0.03,9,0.5714285714285714
0.07116330206418778,9,21,hcrd_quadratic_guided,0.03,9,0.7142857142857143
1.0589515530682205,119,22,hcrd_raw,0.03,0,0.0967741935483871
0.6622929395014827,2,22,hcrd_robust,0.03,0,0.0
0.09530316615091046,11,22,hcrd_gaussian_guided,0.03,0,0.6250000000000001
0.08346135836045405,9,22,hcrd_adaptive_guided,0.03,0,0.5714285714285714
0.09187997196199513,9,22,hcrd_quadratic_guided,0.03,0,0.7142857142857143
1.0488252682930985,118,22,hcrd_raw,0.03,1,0.11382113821138212
0.7079771438741645,2,22,hcrd_robust,0.03,1,0.0
0.0857476067783052,11,22,hcrd_gaussian_guided,0.03,1,0.5
0.08512439627998791,9,22,hcrd_adaptive_guided,0.03,1,0.42857142857142855
0.09190547044253101,9,22,hcrd_quadratic_guided,0.03,1,0.7142857142857143
1.0510934074257288,121,22,hcrd_raw,0.03,2,0.1111111111111111
0.6778612540756987,2,22,hcrd_robust,0.03,2,0.0
0.11972966678084876,11,22,hcrd_gaussian_guided,0.03,2,0.375
0.12112250707773642,10,22,hcrd_adaptive_guided,0.03,2,0.39999999999999997
0.09535736259995842,9,22,hcrd_quadratic_guided,0.03,2,0.7142857142857143
1.0487948743878068,121,22,hcrd_raw,0.03,3,0.1111111111111111
0.6940783252636329,2,22,hcrd_robust,0.03,3,0.0
0.11533403419290832,11,22,hcrd_gaussian_guided,0.03,3,0.375
0.08179404351965966,9,22,hcrd_adaptive_guided,0.03,3,0.5714285714285714
0.09470482041425984,9,22,hcrd_quadratic_guided,0.03,3,0.7142857142857143
1.064270936383314,121,22,hcrd_raw,0.03,4,0.1111111111111111
0.7074292364344626,2,22,hcrd_robust,0.03,4,0.0
0.09193126277497729,11,22,hcrd_gaussian_guided,0.03,4,0.5
0.08427153258525523,9,22,hcrd_adaptive_guided,0.03,4,0.5714285714285714
0.09463996594078583,9,22,hcrd_quadratic_guided,0.03,4,0.7142857142857143
1.062001627490613,121,22,hcrd_raw,0.03,5,0.1111111111111111
0.6896946650044722,2,22,hcrd_robust,0.03,5,0.0
0.08857140693086143,11,22,hcrd_gaussian_guided,0.03,5,0.5
0.0830926153391263,9,22,hcrd_adaptive_guided,0.03,5,0.5714285714285714
0.09305840498108706,9,22,hcrd_quadratic_guided,0.03,5,0.7142857142857143
1.052765450805992,118,22,hcrd_raw,0.03,6,0.11382113821138212
0.689871269606791,2,22,hcrd_robust,0.03,6,0.0
0.10493983995695026,11,22,hcrd_gaussian_guided,0.03,6,0.6250000000000001
0.07720740043673574,9,22,hcrd_adaptive_guided,0.03,6,0.7142857142857143
0.09431917090957512,9,22,hcrd_quadratic_guided,0.03,6,0.7142857142857143
1.059123538799814,119,22,hcrd_raw,0.03,7,0.0967741935483871
0.6383941142494752,2,22,hcrd_robust,0.03,7,0.0
0.10752120356502731,11,22,hcrd_gaussian_guided,0.03,7,0.375
0.10511563968753,9,22,hcrd_adaptive_guided,0.03,7,0.5714285714285714
0.09140537137228938,9,22,hcrd_quadratic_guided,0.03,7,0.7142857142857143
1.0525721015353828,122,22,hcrd_raw,0.03,8,0.11023622047244094
0.6895857264128664,2,22,hcrd_robust,0.03,8,0.0
0.10765060152188993,11,22,hcrd_gaussian_guided,0.03,8,0.5
0.08658859089781602,9,22,hcrd_adaptive_guided,0.03,8,0.5714285714285714
0.09219202705854039,9,22,hcrd_quadratic_guided,0.03,8,0.7142857142857143
1.0532097688029916,118,22,hcrd_raw,0.03,9,0.11382113821138212
0.7362118211665089,2,22,hcrd_robust,0.03,9,0.0
0.08681741871445826,11,22,hcrd_gaussian_guided,0.03,9,0.375
0.08884930138160298,9,22,hcrd_adaptive_guided,0.03,9,0.42857142857142855
0.0929155869706563,9,22,hcrd_quadratic_guided,0.03,9,0.7142857142857143
0.7779637494511027,118,23,hcrd_raw,0.03,0,0.11382113821138212
0.13359729877111584,2,23,hcrd_robust,0.03,0,0.0
0.11269899357930624,10,23,hcrd_gaussian_guided,0.03,0,0.26666666666666666
0.11211141854736177,9,23,hcrd_adaptive_guided,0.03,0,0.42857142857142855
0.09570393030725491,9,23,hcrd_quadratic_guided,0.03,0,0.7142857142857143
0.7738963853963382,124,23,hcrd_raw,0.03,1,0.10852713178294575
0.12755656905145235,2,23,hcrd_robust,0.03,1,0.0
0.09883128168975135,10,23,hcrd_gaussian_guided,0.03,1,0.39999999999999997
0.11518412904299136,9,23,hcrd_adaptive_guided,0.03,1,0.2857142857142857
0.09891178297125225,9,23,hcrd_quadratic_guided,0.03,1,0.5714285714285714
0.7630319703591638,118,23,hcrd_raw,0.03,2,0.09756097560975609
0.13455243829828384,2,23,hcrd_robust,0.03,2,0.0
0.10547731802773534,11,23,hcrd_gaussian_guided,0.03,2,0.25
0.11952678167107575,9,23,hcrd_adaptive_guided,0.03,2,0.2857142857142857
0.09752260853712741,9,23,hcrd_quadratic_guided,0.03,2,0.5714285714285714
0.7779632843478235,123,23,hcrd_raw,0.03,3,0.109375
0.11373386576318016,2,23,hcrd_robust,0.03,3,0.0
0.09771650984276363,11,23,hcrd_gaussian_guided,0.03,3,0.375
0.10815281546862786,9,23,hcrd_adaptive_guided,0.03,3,0.5714285714285714
0.09745377949091251,9,23,hcrd_quadratic_guided,0.03,3,0.7142857142857143
0.7800129602815666,120,23,hcrd_raw,0.03,4,0.112
0.11800619172102905,2,23,hcrd_robust,0.03,4,0.0
0.10502510212136264,10,23,hcrd_gaussian_guided,0.03,4,0.26666666666666666
0.11481138351851386,9,23,hcrd_adaptive_guided,0.03,4,0.2857142857142857
0.09852508546310196,9,23,hcrd_quadratic_guided,0.03,4,0.5714285714285714
0.7645158680495938,116,23,hcrd_raw,0.03,5,0.09917355371900825
0.13847521510473557,2,23,hcrd_robust,0.03,5,0.0
0.12184791952846118,13,23,hcrd_gaussian_guided,0.03,5,0.2222222222222222
0.10942626111280301,9,23,hcrd_adaptive_guided,0.03,5,0.42857142857142855
0.09788199512463883,9,23,hcrd_quadratic_guided,0.03,5,0.5714285714285714
0.7753148386496085,120,23,hcrd_raw,0.03,6,0.112
0.14643526729596718,2,23,hcrd_robust,0.03,6,0.0
0.09979744972977592,11,23,hcrd_gaussian_guided,0.03,6,0.375
0.13023396703700318,9,23,hcrd_adaptive_guided,0.03,6,0.2857142857142857
0.0940879792134527,9,23,hcrd_quadratic_guided,0.03,6,0.7142857142857143
0.7719940131116344,117,23,hcrd_raw,0.03,7,0.11475409836065573
0.13108756000612848,2,23,hcrd_robust,0.03,7,0.0
0.11564738507147636,11,23,hcrd_gaussian_guided,0.03,7,0.25
0.12141672135360682,9,23,hcrd_adaptive_guided,0.03,7,0.5714285714285714
0.09557783171682278,9,23,hcrd_quadratic_guided,0.03,7,0.7142857142857143
0.7733394994577276,118,23,hcrd_raw,0.03,8,0.11382113821138212
0.12369922199124937,2,23,hcrd_robust,0.03,8,0.0
0.10047295832905191,12,23,hcrd_gaussian_guided,0.03,8,0.47058823529411764
0.10819958859107502,9,23,hcrd_adaptive_guided,0.03,8,0.42857142857142855
0.10039732660847103,9,23,hcrd_quadratic_guided,0.03,8,0.5714285714285714
0.7767007511022828,120,23,hcrd_raw,0.03,9,0.112
0.12995318342869716,2,23,hcrd_robust,0.03,9,0.0
0.0952249757119829,11,23,hcrd_gaussian_guided,0.03,9,0.5
0.11018300056721174,9,23,hcrd_adaptive_guided,0.03,9,0.5714285714285714
0.10008435042848748,9,23,hcrd_quadratic_guided,0.03,9,0.5714285714285714
0.5644921907872924,122,24,hcrd_raw,0.03,0,0.11023622047244094
0.7278980239096268,2,24,hcrd_robust,0.03,0,0.0
0.038447987450644074,10,24,hcrd_gaussian_guided,0.03,0,0.5333333333333333
0.04592235109778788,9,24,hcrd_adaptive_guided,0.03,0,0.42857142857142855
0.03790801377192499,9,24,hcrd_quadratic_guided,0.03,0,0.5714285714285714
0.5675424544987399,120,24,hcrd_raw,0.03,1,0.112
0.7230766151512579,2,24,hcrd_robust,0.03,1,0.0
0.03311716418537137,10,24,hcrd_gaussian_guided,0.03,1,0.6666666666666666
0.04676954545336126,9,24,hcrd_adaptive_guided,0.03,1,0.5714285714285714
0.039096209103524696,9,24,hcrd_quadratic_guided,0.03,1,0.5714285714285714
0.5653256016205798,121,24,hcrd_raw,0.03,2,0.1111111111111111
0.6918287299850276,2,24,hcrd_robust,0.03,2,0.0
0.03815170362177231,11,24,hcrd_gaussian_guided,0.03,2,0.6250000000000001
0.03419498514522414,9,24,hcrd_adaptive_guided,0.03,2,0.5714285714285714
0.03426170708616591,9,24,hcrd_quadratic_guided,0.03,2,0.5714285714285714
0.5594140620932788,123,24,hcrd_raw,0.03,3,0.109375
0.7288543406407436,2,24,hcrd_robust,0.03,3,0.0
0.05193085018238048,11,24,hcrd_gaussian_guided,0.03,3,0.5
0.0418511508078745,9,24,hcrd_adaptive_guided,0.03,3,0.5714285714285714
0.0385216916515041,9,24,hcrd_quadratic_guided,0.03,3,0.5714285714285714
0.5668523335906905,123,24,hcrd_raw,0.03,4,0.109375
0.7030505877704808,2,24,hcrd_robust,0.03,4,0.0
0.03671169964137127,11,24,hcrd_gaussian_guided,0.03,4,0.6250000000000001
0.037793637143649965,9,24,hcrd_adaptive_guided,0.03,4,0.5714285714285714
0.034659014437420255,9,24,hcrd_quadratic_guided,0.03,4,0.5714285714285714
0.5563893455967872,118,24,hcrd_raw,0.03,5,0.11382113821138212
0.7199859195551673,2,24,hcrd_robust,0.03,5,0.0
0.04160726553972159,10,24,hcrd_gaussian_guided,0.03,5,0.26666666666666666
0.035582993439472105,9,24,hcrd_adaptive_guided,0.03,5,0.42857142857142855
0.03788711915046193,9,24,hcrd_quadratic_guided,0.03,5,0.5714285714285714
0.5676174014997222,122,24,hcrd_raw,0.03,6,0.11023622047244094
0.7388124912085511,2,24,hcrd_robust,0.03,6,0.0
0.050250125627994885,12,24,hcrd_gaussian_guided,0.03,6,0.3529411764705882
0.04108404669714345,9,24,hcrd_adaptive_guided,0.03,6,0.5714285714285714
0.0372944992794156,9,24,hcrd_quadratic_guided,0.03,6,0.5714285714285714
0.566849641121321,121,24,hcrd_raw,0.03,7,0.09523809523809523
0.730470336380869,2,24,hcrd_robust,0.03,7,0.0
0.04874480173380093,12,24,hcrd_gaussian_guided,0.03,7,0.23529411764705882
0.034912803255460235,9,24,hcrd_adaptive_guided,0.03,7,0.7142857142857143
0.03705300902730461,9,24,hcrd_quadratic_guided,0.03,7,0.5714285714285714
0.5688626540090789,124,24,hcrd_raw,0.03,8,0.10852713178294575
0.7205212286638718,2,24,hcrd_robust,0.03,8,0.0
0.048981627133932705,11,24,hcrd_gaussian_guided,0.03,8,0.375
0.047612326576609354,9,24,hcrd_adaptive_guided,0.03,8,0.5714285714285714
0.03628477596457495,9,24,hcrd_quadratic_guided,0.03,8,0.5714285714285714
0.5588136978014876,117,24,hcrd_raw,0.03,9,0.09836065573770492
0.7278520336063767,2,24,hcrd_robust,0.03,9,0.0
0.04824854701651444,11,24,hcrd_gaussian_guided,0.03,9,0.5
0.04527467910323059,9,24,hcrd_adaptive_guided,0.03,9,0.2857142857142857
0.03743648006260546,9,24,hcrd_quadratic_guided,0.03,9,0.5714285714285714
0.9029423289491315,119,25,hcrd_raw,0.03,0,0.11290322580645161
0.6288025020859443,2,25,hcrd_robust,0.03,0,0.0
0.12148033827461027,11,25,hcrd_gaussian_guided,0.03,0,0.125
0.11933872757222,9,25,hcrd_adaptive_guided,0.03,0,0.14285714285714285
0.10939008296639613,9,25,hcrd_quadratic_guided,0.03,0,0.5714285714285714
0.9110930503655452,119,25,hcrd_raw,0.03,1,0.0967741935483871
0.5914865459780961,2,25,hcrd_robust,0.03,1,0.0
0.12102978410547444,11,25,hcrd_gaussian_guided,0.03,1,0.25
0.12918975720892648,9,25,hcrd_adaptive_guided,0.03,1,0.14285714285714285
0.10345027134984956,9,25,hcrd_quadratic_guided,0.03,1,0.7142857142857143
0.9094592790069932,119,25,hcrd_raw,0.03,2,0.11290322580645161
0.5773024946774383,2,25,hcrd_robust,0.03,2,0.0
0.1259609031186804,11,25,hcrd_gaussian_guided,0.03,2,0.125
0.12355944938381083,9,25,hcrd_adaptive_guided,0.03,2,0.14285714285714285
0.1005339532105519,9,25,hcrd_quadratic_guided,0.03,2,0.7142857142857143
0.9123859719995832,120,25,hcrd_raw,0.03,3,0.112
0.543864379968339,2,25,hcrd_robust,0.03,3,0.0
0.14821690729413053,12,25,hcrd_gaussian_guided,0.03,3,0.11764705882352941
0.11257318162582816,9,25,hcrd_adaptive_guided,0.03,3,0.14285714285714285
0.10800491454714659,9,25,hcrd_quadratic_guided,0.03,3,0.5714285714285714
0.8970329405413792,119,25,hcrd_raw,0.03,4,0.11290322580645161
0.5986339456440055,2,25,hcrd_robust,0.03,4,0.0
0.1329952478829448,11,25,hcrd_gaussian_guided,0.03,4,0.25
0.11126291238751077,9,25,hcrd_adaptive_guided,0.03,4,0.14285714285714285
0.10592246369609902,9,25,hcrd_quadratic_guided,0.03,4,0.7142857142857143
0.9130691156034874,120,25,hcrd_raw,0.03,5,0.09600000000000002
0.5709583201955609,2,25,hcrd_robust,0.03,5,0.0
0.13440838456251875,11,25,hcrd_gaussian_guided,0.03,5,0.125
0.12591925530101178,9,25,hcrd_adaptive_guided,0.03,5,0.14285714285714285
0.10809101252074275,9,25,hcrd_quadratic_guided,0.03,5,0.5714285714285714
0.900156637472588,121,25,hcrd_raw,0.03,6,0.1111111111111111
0.6231810373154232,2,25,hcrd_robust,0.03,6,0.0
0.1387040837239219,11,25,hcrd_gaussian_guided,0.03,6,0.125
0.11892044765959221,9,25,hcrd_adaptive_guided,0.03,6,0.14285714285714285
0.10263292727916104,9,25,hcrd_quadratic_guided,0.03,6,0.7142857142857143
0.9138951696664644,122,25,hcrd_raw,0.03,7,0.11023622047244094
0.5891969942526029,2,25,hcrd_robust,0.03,7,0.0
0.13321193069385173,11,25,hcrd_gaussian_guided,0.03,7,0.125
0.11224373325748598,9,25,hcrd_adaptive_guided,0.03,7,0.14285714285714285
0.10560267409950641,9,25,hcrd_quadratic_guided,0.03,7,0.7142857142857143
0.9097767528392389,118,25,hcrd_raw,0.03,8,0.11382113821138212
0.5773316505340187,2,25,hcrd_robust,0.03,8,0.0
0.1274383752242409,11,25,hcrd_gaussian_guided,0.03,8,0.25
0.11460087256128364,9,25,hcrd_adaptive_guided,0.03,8,0.14285714285714285
0.1047497503340105,9,25,hcrd_quadratic_guided,0.03,8,0.7142857142857143
0.9152298757022291,120,25,hcrd_raw,0.03,9,0.112
0.6573795605033372,2,25,hcrd_robust,0.03,9,0.0
0.11410270984071459,12,25,hcrd_gaussian_guided,0.03,9,0.11764705882352941
0.13073499778062392,9,25,hcrd_adaptive_guided,0.03,9,0.14285714285714285
0.10857220189559821,9,25,hcrd_quadratic_guided,0.03,9,0.5714285714285714
0.46612849948793883,120,26,hcrd_raw,0.03,0,0.09600000000000002
0.3002492253116671,2,26,hcrd_robust,0.03,0,0.0
0.056327738754738864,10,26,hcrd_gaussian_guided,0.03,0,0.39999999999999997
0.0631271519020864,9,26,hcrd_adaptive_guided,0.03,0,0.2857142857142857
0.05314591562513118,9,26,hcrd_quadratic_guided,0.03,0,0.7142857142857143
0.46072708692112535,119,26,hcrd_raw,0.03,1,0.11290322580645161
0.2721278752481558,2,26,hcrd_robust,0.03,1,0.0
0.09273286568914144,12,26,hcrd_gaussian_guided,0.03,1,0.11764705882352941
0.06193667062504157,9,26,hcrd_adaptive_guided,0.03,1,0.2857142857142857
0.051816229862608004,9,26,hcrd_quadratic_guided,0.03,1,0.7142857142857143
0.4718935002888577,125,26,hcrd_raw,0.03,2,0.10769230769230768
0.27403033953249833,2,26,hcrd_robust,0.03,2,0.0
0.0643349963662782,11,26,hcrd_gaussian_guided,0.03,2,0.25
0.07036764619625163,9,26,hcrd_adaptive_guided,0.03,2,0.14285714285714285
0.05092620180907257,9,26,hcrd_quadratic_guided,0.03,2,0.7142857142857143
0.4667121673105725,121,26,hcrd_raw,0.03,3,0.1111111111111111
0.297248746003391,2,26,hcrd_robust,0.03,3,0.0
0.0586963312526716,12,26,hcrd_gaussian_guided,0.03,3,0.23529411764705882
0.06664884437934614,9,26,hcrd_adaptive_guided,0.03,3,0.14285714285714285
0.053601126808109426,9,26,hcrd_quadratic_guided,0.03,3,0.7142857142857143
0.46844662686041316,119,26,hcrd_raw,0.03,4,0.11290322580645161
0.2572163421751043,2,26,hcrd_robust,0.03,4,0.0
0.06016039596895489,11,26,hcrd_gaussian_guided,0.03,4,0.375
0.07022998255177462,9,26,hcrd_adaptive_guided,0.03,4,0.14285714285714285
0.05193119082413061,9,26,hcrd_quadratic_guided,0.03,4,0.7142857142857143
0.4720272340433729,123,26,hcrd_raw,0.03,5,0.109375
0.31295987132702574,2,26,hcrd_robust,0.03,5,0.0
0.06315848489753066,11,26,hcrd_gaussian_guided,0.03,5,0.375
0.06399498116484506,9,26,hcrd_adaptive_guided,0.03,5,0.2857142857142857
0.05357504828280103,9,26,hcrd_quadratic_guided,0.03,5,0.7142857142857143
0.46923314857317266,123,26,hcrd_raw,0.03,6,0.109375
0.259224621611414,2,26,hcrd_robust,0.03,6,0.0
0.07011693646038485,11,26,hcrd_gaussian_guided,0.03,6,0.125
0.07097511962490437,9,26,hcrd_adaptive_guided,0.03,6,0.14285714285714285
0.051342578411568314,9,26,hcrd_quadratic_guided,0.03,6,0.7142857142857143
0.4623531855001573,124,26,hcrd_raw,0.03,7,0.10852713178294575
0.29699706461092445,2,26,hcrd_robust,0.03,7,0.0
0.11004191699448031,14,26,hcrd_gaussian_guided,0.03,7,0.0
0.0648957997283562,9,26,hcrd_adaptive_guided,0.03,7,0.14285714285714285
0.05239193154725835,9,26,hcrd_quadratic_guided,0.03,7,0.7142857142857143
0.4677102363707143,122,26,hcrd_raw,0.03,8,0.11023622047244094
0.28461115117124436,2,26,hcrd_robust,0.03,8,0.0
0.06336224662916684,11,26,hcrd_gaussian_guided,0.03,8,0.375
0.06791623708813535,9,26,hcrd_adaptive_guided,0.03,8,0.2857142857142857
0.05247667178869802,9,26,hcrd_quadratic_guided,0.03,8,0.7142857142857143
0.4746560336329859,119,26,hcrd_raw,0.03,9,0.0967741935483871
0.27400393340190915,2,26,hcrd_robust,0.03,9,0.0
0.066168332398253,11,26,hcrd_gaussian_guided,0.03,9,0.125
0.06660173992960941,9,26,hcrd_adaptive_guided,0.03,9,0.2857142857142857
0.05233617977450032,9,26,hcrd_quadratic_guided,0.03,9,0.7142857142857143
0.7054655231952939,122,27,hcrd_raw,0.03,0,0.11023622047244094
0.07592453811170265,2,27,hcrd_robust,0.03,0,0.0
0.10104577900484782,11,27,hcrd_gaussian_guided,0.03,0,0.25
0.09673965894726692,9,27,hcrd_adaptive_guided,0.03,0,0.42857142857142855
0.0676620873611504,9,27,hcrd_quadratic_guided,0.03,0,0.8571428571428571
0.7086716735723052,122,27,hcrd_raw,0.03,1,0.11023622047244094
0.07481166615865964,2,27,hcrd_robust,0.03,1,0.0
0.08634241414702615,12,27,hcrd_gaussian_guided,0.03,1,0.3529411764705882
0.09274529510558256,9,27,hcrd_adaptive_guided,0.03,1,0.2857142857142857
0.06731679038674154,9,27,hcrd_quadratic_guided,0.03,1,0.8571428571428571
0.6915448945263756,122,27,hcrd_raw,0.03,2,0.11023622047244094
0.06265488340502001,2,27,hcrd_robust,0.03,2,0.0
0.07258249754899111,12,27,hcrd_gaussian_guided,0.03,2,0.588235294117647
0.09289237403107724,9,27,hcrd_adaptive_guided,0.03,2,0.42857142857142855
0.06689167265684805,9,27,hcrd_quadratic_guided,0.03,2,0.8571428571428571
0.694557735144466,121,27,hcrd_raw,0.03,3,0.1111111111111111
0.06884586236677644,2,27,hcrd_robust,0.03,3,0.0
0.09460765005326668,11,27,hcrd_gaussian_guided,0.03,3,0.25
0.07523308164176683,9,27,hcrd_adaptive_guided,0.03,3,0.42857142857142855
0.06526843042519051,9,27,hcrd_quadratic_guided,0.03,3,0.8571428571428571
0.698142113731024,120,27,hcrd_raw,0.03,4,0.112
0.07546349309112313,2,27,hcrd_robust,0.03,4,0.0
0.07152100600792016,11,27,hcrd_gaussian_guided,0.03,4,0.25
0.07302009060833553,9,27,hcrd_adaptive_guided,0.03,4,0.2857142857142857
0.06549808052525258,9,27,hcrd_quadratic_guided,0.03,4,0.8571428571428571
0.7054909370196027,126,27,hcrd_raw,0.03,5,0.10687022900763359
0.08763248487915654,2,27,hcrd_robust,0.03,5,0.0
0.08731681599592626,11,27,hcrd_gaussian_guided,0.03,5,0.375
0.09295239957040334,9,27,hcrd_adaptive_guided,0.03,5,0.42857142857142855
0.06930560610055118,9,27,hcrd_quadratic_guided,0.03,5,0.8571428571428571
0.6925324694038928,118,27,hcrd_raw,0.03,6,0.09756097560975609
0.06908891561512115,2,27,hcrd_robust,0.03,6,0.0
0.07882627097939902,11,27,hcrd_gaussian_guided,0.03,6,0.375
0.07331509063727137,9,27,hcrd_adaptive_guided,0.03,6,0.42857142857142855
0.06879559789492645,9,27,hcrd_quadratic_guided,0.03,6,0.8571428571428571
0.6944698886573576,122,27,hcrd_raw,0.03,7,0.11023622047244094
0.07965850277177185,2,27,hcrd_robust,0.03,7,0.0
0.07072645860178872,11,27,hcrd_gaussian_guided,0.03,7,0.125
0.07543446040633946,9,27,hcrd_adaptive_guided,0.03,7,0.2857142857142857
0.06895828613356209,9,27,hcrd_quadratic_guided,0.03,7,0.7142857142857143
0.6986499357048296,119,27,hcrd_raw,0.03,8,0.0967741935483871
0.07056554209131032,2,27,hcrd_robust,0.03,8,0.0
0.07696305675233425,11,27,hcrd_gaussian_guided,0.03,8,0.5
0.09132454136823939,9,27,hcrd_adaptive_guided,0.03,8,0.2857142857142857
0.06695441749776483,9,27,hcrd_quadratic_guided,0.03,8,0.8571428571428571
0.6874518562978894,120,27,hcrd_raw,0.03,9,0.112
0.07803128527357965,2,27,hcrd_robust,0.03,9,0.0
0.08456512320429548,11,27,hcrd_gaussian_guided,0.03,9,0.25
0.07911735748077205,9,27,hcrd_adaptive_guided,0.03,9,0.2857142857142857
0.06668442062961166,9,27,hcrd_quadratic_guided,0.03,9,0.7142857142857143
0.8924064967305598,118,28,hcrd_raw,0.03,0,0.11382113821138212
0.16902896476290902,2,28,hcrd_robust,0.03,0,0.0
0.13643208342457835,11,28,hcrd_gaussian_guided,0.03,0,0.125
0.14566476302546477,9,28,hcrd_adaptive_guided,0.03,0,0.2857142857142857
0.11632456032058296,9,28,hcrd_quadratic_guided,0.03,0,0.7142857142857143
0.8987966087648737,120,28,hcrd_raw,0.03,1,0.112
0.18306488226393364,2,28,hcrd_robust,0.03,1,0.0
0.1341834604927727,12,28,hcrd_gaussian_guided,0.03,1,0.11764705882352941
0.14442641528595312,9,28,hcrd_adaptive_guided,0.03,1,0.14285714285714285
0.11912245048758155,9,28,hcrd_quadratic_guided,0.03,1,0.7142857142857143
0.8916928854747959,115,28,hcrd_raw,0.03,2,0.09999999999999999
0.18429420071059155,2,28,hcrd_robust,0.03,2,0.0
0.15651766562754377,11,28,hcrd_gaussian_guided,0.03,2,0.125
0.1304910092389096,9,28,hcrd_adaptive_guided,0.03,2,0.14285714285714285
0.12023889162898856,9,28,hcrd_quadratic_guided,0.03,2,0.7142857142857143
0.907250235292406,121,28,hcrd_raw,0.03,3,0.1111111111111111
0.1792948955713232,2,28,hcrd_robust,0.03,3,0.0
0.1328799344859338,11,28,hcrd_gaussian_guided,0.03,3,0.25
0.14807997441599224,9,28,hcrd_adaptive_guided,0.03,3,0.2857142857142857
0.12909081259719474,9,28,hcrd_quadratic_guided,0.03,3,0.5714285714285714
0.8990490439244412,115,28,hcrd_raw,0.03,4,0.11666666666666665
0.15550612204402647,2,28,hcrd_robust,0.03,4,0.0
0.11502460322760143,11,28,hcrd_gaussian_guided,0.03,4,0.125
0.14403495649523793,9,28,hcrd_adaptive_guided,0.03,4,0.14285714285714285
0.12995859270843768,9,28,hcrd_quadratic_guided,0.03,4,0.5714285714285714
0.9036720787248245,121,28,hcrd_raw,0.03,5,0.09523809523809523
0.17255601892651462,2,28,hcrd_robust,0.03,5,0.0
0.12247903439220466,10,28,hcrd_gaussian_guided,0.03,5,0.13333333333333333
0.1416563445368266,9,28,hcrd_adaptive_guided,0.03,5,0.14285714285714285
0.12695935483776766,9,28,hcrd_quadratic_guided,0.03,5,0.5714285714285714
0.9095831412177521,122,28,hcrd_raw,0.03,6,0.11023622047244094
0.17959796910902276,2,28,hcrd_robust,0.03,6,0.0
0.1320655410317307,11,28,hcrd_gaussian_guided,0.03,6,0.25
0.13909914037829835,9,28,hcrd_adaptive_guided,0.03,6,0.2857142857142857
0.12897111371539427,9,28,hcrd_quadratic_guided,0.03,6,0.5714285714285714
0.8979792916989361,118,28,hcrd_raw,0.03,7,0.11382113821138212
0.20436562713775666,2,28,hcrd_robust,0.03,7,0.0
0.12060685830651914,11,28,hcrd_gaussian_guided,0.03,7,0.25
0.14082984983550842,9,28,hcrd_adaptive_guided,0.03,7,0.2857142857142857
0.12884929081663557,9,28,hcrd_quadratic_guided,0.03,7,0.5714285714285714
0.9112544447620412,120,28,hcrd_raw,0.03,8,0.09600000000000002
0.17209031061631813,2,28,hcrd_robust,0.03,8,0.0
0.13112531853645484,11,28,hcrd_gaussian_guided,0.03,8,0.25
0.14515533327697655,9,28,hcrd_adaptive_guided,0.03,8,0.2857142857142857
0.12905945224675505,9,28,hcrd_quadratic_guided,0.03,8,0.5714285714285714
0.906561214952852,120,28,hcrd_raw,0.03,9,0.112
0.19893482464162449,2,28,hcrd_robust,0.03,9,0.0
0.14632017501773273,11,28,hcrd_gaussian_guided,0.03,9,0.25
0.1376823786343247,9,28,hcrd_adaptive_guided,0.03,9,0.2857142857142857
0.12773165419617413,9,28,hcrd_quadratic_guided,0.03,9,0.5714285714285714
0.6886013440825808,122,29,hcrd_raw,0.03,0,0.11023622047244094
0.1039562804911553,2,29,hcrd_robust,0.03,0,0.0
0.048482200888778415,11,29,hcrd_gaussian_guided,0.03,0,0.6250000000000001
0.03231787153332318,9,29,hcrd_adaptive_guided,0.03,0,0.5714285714285714
0.03890566461314213,9,29,hcrd_quadratic_guided,0.03,0,0.8571428571428571
0.6937158109460789,121,29,hcrd_raw,0.03,1,0.1111111111111111
0.11213788750263919,2,29,hcrd_robust,0.03,1,0.0
0.06900651587961446,13,29,hcrd_gaussian_guided,0.03,1,0.5555555555555556
0.03300607105620918,9,29,hcrd_adaptive_guided,0.03,1,0.5714285714285714
0.037772063520682415,9,29,hcrd_quadratic_guided,0.03,1,0.8571428571428571
0.6896927115395397,127,29,hcrd_raw,0.03,2,0.10606060606060606
0.11692652773588297,2,29,hcrd_robust,0.03,2,0.0
0.043586251193804215,11,29,hcrd_gaussian_guided,0.03,2,0.75
0.026839725656568378,9,29,hcrd_adaptive_guided,0.03,2,0.7142857142857143
0.0367638420598685,9,29,hcrd_quadratic_guided,0.03,2,0.8571428571428571
0.6785089528550043,123,29,hcrd_raw,0.03,3,0.109375
0.11423556179496269,2,29,hcrd_robust,0.03,3,0.0
0.048144485510201916,11,29,hcrd_gaussian_guided,0.03,3,0.75
0.03075203678315799,9,29,hcrd_adaptive_guided,0.03,3,0.8571428571428571
0.036539744230564684,9,29,hcrd_quadratic_guided,0.03,3,0.8571428571428571
0.6829673551807466,123,29,hcrd_raw,0.03,4,0.109375
0.12405507915460452,2,29,hcrd_robust,0.03,4,0.0
0.06371361054433936,12,29,hcrd_gaussian_guided,0.03,4,0.588235294117647
0.024887722215853204,9,29,hcrd_adaptive_guided,0.03,4,0.7142857142857143
0.03895367257585631,9,29,hcrd_quadratic_guided,0.03,4,0.8571428571428571
0.6847069256734976,121,29,hcrd_raw,0.03,5,0.1111111111111111
0.11981248523989102,2,29,hcrd_robust,0.03,5,0.0
0.057267171007014527,11,29,hcrd_gaussian_guided,0.03,5,0.5
0.027714630086041962,9,29,hcrd_adaptive_guided,0.03,5,0.5714285714285714
0.039192446031458196,9,29,hcrd_quadratic_guided,0.03,5,0.8571428571428571
0.6780974616554832,117,29,hcrd_raw,0.03,6,0.11475409836065573
0.11856685728961916,2,29,hcrd_robust,0.03,6,0.0
0.05133128251509753,10,29,hcrd_gaussian_guided,0.03,6,0.39999999999999997
0.02578417956202351,9,29,hcrd_adaptive_guided,0.03,6,0.7142857142857143
0.037273750466188506,9,29,hcrd_quadratic_guided,0.03,6,0.8571428571428571
0.6803448256087479,125,29,hcrd_raw,0.03,7,0.10769230769230768
0.11009605874834984,2,29,hcrd_robust,0.03,7,0.0
0.040997006462292616,11,29,hcrd_gaussian_guided,0.03,7,0.75
0.02651726087380061,9,29,hcrd_adaptive_guided,0.03,7,0.7142857142857143
0.04035843729254604,9,29,hcrd_quadratic_guided,0.03,7,0.8571428571428571
0.6830146472630777,121,29,hcrd_raw,0.03,8,0.1111111111111111
0.10297764000398343,2,29,hcrd_robust,0.03,8,0.0
0.043046306895407616,11,29,hcrd_gaussian_guided,0.03,8,0.6250000000000001
0.02392854172122627,9,29,hcrd_adaptive_guided,0.03,8,0.7142857142857143
0.03658732432179526,9,29,hcrd_quadratic_guided,0.03,8,0.8571428571428571
0.6802150368771416,122,29,hcrd_raw,0.03,9,0.11023622047244094
0.10760022463534481,2,29,hcrd_robust,0.03,9,0.0
0.04251878448318066,11,29,hcrd_gaussian_guided,0.03,9,0.6250000000000001
0.02371287809406933,9,29,hcrd_adaptive_guided,0.03,9,0.7142857142857143
0.03657179935736416,9,29,hcrd_quadratic_guided,0.03,9,0.8571428571428571
0.7498551709022987,124,0,hcrd_raw,0.05,0,0.10852713178294575
0.03690357743680105,2,0,hcrd_robust,0.05,0,0.0
0.08802134079033183,13,0,hcrd_gaussian_guided,0.05,0,0.5555555555555556
0.056088363861816086,9,0,hcrd_adaptive_guided,0.05,0,0.7142857142857143
0.04250644485216953,9,0,hcrd_quadratic_guided,0.05,0,0.7142857142857143
0.7304268894003373,122,0,hcrd_raw,0.05,1,0.11023622047244094
0.04006830583591804,2,0,hcrd_robust,0.05,1,0.0
0.14164654999744106,16,0,hcrd_gaussian_guided,0.05,1,0.38095238095238093
0.0498283904451651,9,0,hcrd_adaptive_guided,0.05,1,0.7142857142857143
0.04029499763718023,9,0,hcrd_quadratic_guided,0.05,1,0.7142857142857143
0.7559853412725323,126,0,hcrd_raw,0.05,2,0.10687022900763359
0.03579031824744694,2,0,hcrd_robust,0.05,2,0.0
0.16513059773419259,16,0,hcrd_gaussian_guided,0.05,2,0.38095238095238093
0.058900328423258964,9,0,hcrd_adaptive_guided,0.05,2,0.7142857142857143
0.045090716060029075,9,0,hcrd_quadratic_guided,0.05,2,0.7142857142857143
0.7463700504460522,123,0,hcrd_raw,0.05,3,0.109375
0.034099202611927656,2,0,hcrd_robust,0.05,3,0.0
0.052095980849336934,12,0,hcrd_gaussian_guided,0.05,3,0.588235294117647
0.05478649638881104,9,0,hcrd_adaptive_guided,0.05,3,0.7142857142857143
0.04250596620038405,9,0,hcrd_quadratic_guided,0.05,3,0.7142857142857143
0.735771234705334,124,0,hcrd_raw,0.05,4,0.10852713178294575
0.03401152643347514,2,0,hcrd_robust,0.05,4,0.0
0.07264571236436995,12,0,hcrd_gaussian_guided,0.05,4,0.3529411764705882
0.0531740161364213,9,0,hcrd_adaptive_guided,0.05,4,0.7142857142857143
0.04113476482018266,9,0,hcrd_quadratic_guided,0.05,4,0.7142857142857143
0.7343510780035456,122,0,hcrd_raw,0.05,5,0.11023622047244094
0.03070054035669926,2,0,hcrd_robust,0.05,5,0.0
0.08124567547540268,12,0,hcrd_gaussian_guided,0.05,5,0.3529411764705882
0.05192083462527851,9,0,hcrd_adaptive_guided,0.05,5,0.7142857142857143
0.03902013826065893,9,0,hcrd_quadratic_guided,0.05,5,0.7142857142857143
0.7331745656698503,122,0,hcrd_raw,0.05,6,0.11023622047244094
0.033246918763564885,2,0,hcrd_robust,0.05,6,0.0
0.1053927286900353,13,0,hcrd_gaussian_guided,0.05,6,0.33333333333333326
0.05675672072025177,9,0,hcrd_adaptive_guided,0.05,6,0.7142857142857143
0.04240219495201527,9,0,hcrd_quadratic_guided,0.05,6,0.7142857142857143
0.7419923850948449,122,0,hcrd_raw,0.05,7,0.09448818897637795
0.03409807809472243,2,0,hcrd_robust,0.05,7,0.0
0.12234476748797522,15,0,hcrd_gaussian_guided,0.05,7,0.4
0.05622716845100502,9,0,hcrd_adaptive_guided,0.05,7,0.7142857142857143
0.045222272067125285,9,0,hcrd_quadratic_guided,0.05,7,0.7142857142857143
0.7483594478071518,123,0,hcrd_raw,0.05,8,0.109375
0.02834909585588237,2,0,hcrd_robust,0.05,8,0.0
0.09822870705881448,13,0,hcrd_gaussian_guided,0.05,8,0.2222222222222222
0.0570746997221087,9,0,hcrd_adaptive_guided,0.05,8,0.7142857142857143
0.04027568576054796,9,0,hcrd_quadratic_guided,0.05,8,0.7142857142857143
0.7300674624550958,124,0,hcrd_raw,0.05,9,0.10852713178294575
0.037785686344497034,2,0,hcrd_robust,0.05,9,0.0
0.06915001004863078,11,0,hcrd_gaussian_guided,0.05,9,0.5
0.05328353711725288,9,0,hcrd_adaptive_guided,0.05,9,0.7142857142857143
0.0428984325621191,9,0,hcrd_quadratic_guided,0.05,9,0.7142857142857143
1.0140397873507074,121,1,hcrd_raw,0.05,0,0.1111111111111111
0.27351253752518734,2,1,hcrd_robust,0.05,0,0.0
0.11052165421450781,12,1,hcrd_gaussian_guided,0.05,0,0.3529411764705882
0.11338364253084644,9,1,hcrd_adaptive_guided,0.05,0,0.42857142857142855
0.08677437434885643,9,1,hcrd_quadratic_guided,0.05,0,0.7142857142857143
1.0123604274336604,118,1,hcrd_raw,0.05,1,0.11382113821138212
0.34718536251887727,2,1,hcrd_robust,0.05,1,0.0
0.15440498512264297,13,1,hcrd_gaussian_guided,0.05,1,0.1111111111111111
0.11780139320421806,9,1,hcrd_adaptive_guided,0.05,1,0.42857142857142855
0.08790285066431558,9,1,hcrd_quadratic_guided,0.05,1,0.7142857142857143
1.002016493902046,120,1,hcrd_raw,0.05,2,0.112
0.22893427163224458,2,1,hcrd_robust,0.05,2,0.0
0.09687458437951867,11,1,hcrd_gaussian_guided,0.05,2,0.5
0.11905670465988576,9,1,hcrd_adaptive_guided,0.05,2,0.42857142857142855
0.08586848383773281,9,1,hcrd_quadratic_guided,0.05,2,0.7142857142857143
1.0107807177815344,123,1,hcrd_raw,0.05,3,0.109375
0.3013308125121563,2,1,hcrd_robust,0.05,3,0.0
0.10207052073075978,11,1,hcrd_gaussian_guided,0.05,3,0.375
0.11727609886231856,9,1,hcrd_adaptive_guided,0.05,3,0.5714285714285714
0.08650420733831428,9,1,hcrd_quadratic_guided,0.05,3,0.7142857142857143
1.0178537766349376,119,1,hcrd_raw,0.05,4,0.11290322580645161
0.24016467701890212,2,1,hcrd_robust,0.05,4,0.0
0.1457631300317557,12,1,hcrd_gaussian_guided,0.05,4,0.3529411764705882
0.10916187193690115,9,1,hcrd_adaptive_guided,0.05,4,0.5714285714285714
0.09471886569771018,9,1,hcrd_quadratic_guided,0.05,4,0.5714285714285714
1.0012698307153054,124,1,hcrd_raw,0.05,5,0.10852713178294575
0.24250105170709882,2,1,hcrd_robust,0.05,5,0.0
0.12106569922505632,12,1,hcrd_gaussian_guided,0.05,5,0.3529411764705882
0.1163623427040347,9,1,hcrd_adaptive_guided,0.05,5,0.5714285714285714
0.0923596653905451,9,1,hcrd_quadratic_guided,0.05,5,0.5714285714285714
1.0099827110383015,122,1,hcrd_raw,0.05,6,0.09448818897637795
0.1066695646583775,3,1,hcrd_robust,0.05,6,0.25
0.19780006206145753,13,1,hcrd_gaussian_guided,0.05,6,0.1111111111111111
0.11613395434854795,9,1,hcrd_adaptive_guided,0.05,6,0.42857142857142855
0.09382409543373582,9,1,hcrd_quadratic_guided,0.05,6,0.5714285714285714
0.9928042375960326,119,1,hcrd_raw,0.05,7,0.11290322580645161
0.3039965868461085,2,1,hcrd_robust,0.05,7,0.0
0.15700907322898525,12,1,hcrd_gaussian_guided,0.05,7,0.11764705882352941
0.12167187908866163,9,1,hcrd_adaptive_guided,0.05,7,0.42857142857142855
0.08667931755691255,9,1,hcrd_quadratic_guided,0.05,7,0.7142857142857143
0.995213149757937,123,1,hcrd_raw,0.05,8,0.109375
0.2737185833029228,2,1,hcrd_robust,0.05,8,0.0
0.18132383822045622,12,1,hcrd_gaussian_guided,0.05,8,0.23529411764705882
0.12117899068854956,9,1,hcrd_adaptive_guided,0.05,8,0.42857142857142855
0.09576368468868057,9,1,hcrd_quadratic_guided,0.05,8,0.5714285714285714
1.0100884810032595,122,1,hcrd_raw,0.05,9,0.11023622047244094
0.26425982188809183,2,1,hcrd_robust,0.05,9,0.0
0.1335151281042418,11,1,hcrd_gaussian_guided,0.05,9,0.375
0.11852893462671071,9,1,hcrd_adaptive_guided,0.05,9,0.42857142857142855
0.09435644577033891,9,1,hcrd_quadratic_guided,0.05,9,0.5714285714285714
0.7835995648994586,121,2,hcrd_raw,0.05,0,0.1111111111111111
0.30679167743484687,2,2,hcrd_robust,0.05,0,0.0
0.13187077530917335,14,2,hcrd_gaussian_guided,0.05,0,0.10526315789473685
0.0927304620345427,9,2,hcrd_adaptive_guided,0.05,0,0.2857142857142857
0.06389220033086795,9,2,hcrd_quadratic_guided,0.05,0,0.8571428571428571
0.7925062659054756,120,2,hcrd_raw,0.05,1,0.112
0.3208018354093001,2,2,hcrd_robust,0.05,1,0.0
0.20327219107712088,16,2,hcrd_gaussian_guided,0.05,1,0.19047619047619047
0.09652155618176037,9,2,hcrd_adaptive_guided,0.05,1,0.2857142857142857
0.06268681283796058,9,2,hcrd_quadratic_guided,0.05,1,0.8571428571428571
0.783109189782977,125,2,hcrd_raw,0.05,2,0.10769230769230768
0.2968025073770221,2,2,hcrd_robust,0.05,2,0.0
0.12105946354374401,12,2,hcrd_gaussian_guided,0.05,2,0.0
0.08466590441516585,9,2,hcrd_adaptive_guided,0.05,2,0.2857142857142857
0.06482873113708522,9,2,hcrd_quadratic_guided,0.05,2,0.8571428571428571
0.7741982449617879,121,2,hcrd_raw,0.05,3,0.1111111111111111
0.3197808744396701,2,2,hcrd_robust,0.05,3,0.0
0.11774626489513576,14,2,hcrd_gaussian_guided,0.05,3,0.0
0.08988039463872075,9,2,hcrd_adaptive_guided,0.05,3,0.42857142857142855
0.06320598802873997,9,2,hcrd_quadratic_guided,0.05,3,0.8571428571428571
0.785770940235933,123,2,hcrd_raw,0.05,4,0.109375
0.3381567004714401,2,2,hcrd_robust,0.05,4,0.0
0.09129426986895019,12,2,hcrd_gaussian_guided,0.05,4,0.23529411764705882
0.09316466228166713,9,2,hcrd_adaptive_guided,0.05,4,0.42857142857142855
0.06539768414166709,9,2,hcrd_quadratic_guided,0.05,4,0.8571428571428571
0.7797814659987953,124,2,hcrd_raw,0.05,5,0.10852713178294575
0.31115837703216964,2,2,hcrd_robust,0.05,5,0.0
0.09308068936731051,12,2,hcrd_gaussian_guided,0.05,5,0.11764705882352941
0.09049807065611841,9,2,hcrd_adaptive_guided,0.05,5,0.2857142857142857
0.0613080059701224,9,2,hcrd_quadratic_guided,0.05,5,0.8571428571428571
0.7698899858821069,123,2,hcrd_raw,0.05,6,0.109375
0.2855279871893852,2,2,hcrd_robust,0.05,6,0.0
0.07036633573865123,10,2,hcrd_gaussian_guided,0.05,6,0.39999999999999997
0.09040900836440521,9,2,hcrd_adaptive_guided,0.05,6,0.42857142857142855
0.062300836586985514,9,2,hcrd_quadratic_guided,0.05,6,0.8571428571428571
0.7839222107962143,121,2,hcrd_raw,0.05,7,0.1111111111111111
0.34247408410661573,2,2,hcrd_robust,0.05,7,0.0
0.15675007519391745,15,2,hcrd_gaussian_guided,0.05,7,0.1
0.08125120985760088,9,2,hcrd_adaptive_guided,0.05,7,0.2857142857142857
0.06470061918781712,9,2,hcrd_quadratic_guided,0.05,7,0.8571428571428571
0.7748685153287328,125,2,hcrd_raw,0.05,8,0.10769230769230768
0.1622037521627483,3,2,hcrd_robust,0.05,8,0.0
0.1082941610778641,14,2,hcrd_gaussian_guided,0.05,8,0.3157894736842105
0.09803020582777631,9,2,hcrd_adaptive_guided,0.05,8,0.42857142857142855
0.06390781799636426,9,2,hcrd_quadratic_guided,0.05,8,0.8571428571428571
0.787753853294277,126,2,hcrd_raw,0.05,9,0.10687022900763359
0.3332693201776794,2,2,hcrd_robust,0.05,9,0.0
0.09074051777370155,12,2,hcrd_gaussian_guided,0.05,9,0.3529411764705882
0.09174438565428658,9,2,hcrd_adaptive_guided,0.05,9,0.42857142857142855
0.06433576487903543,9,2,hcrd_quadratic_guided,0.05,9,0.8571428571428571
0.722465419345174,119,3,hcrd_raw,0.05,0,0.11290322580645161
0.07962589151147945,2,3,hcrd_robust,0.05,0,0.0
0.12420046855743637,13,3,hcrd_gaussian_guided,0.05,0,0.1111111111111111
0.12189513171684181,9,3,hcrd_adaptive_guided,0.05,0,0.42857142857142855
0.08586696690667524,9,3,hcrd_quadratic_guided,0.05,0,0.42857142857142855
0.7303320187000213,122,3,hcrd_raw,0.05,1,0.09448818897637795
0.09966352559595909,2,3,hcrd_robust,0.05,1,0.0
0.10308554192161175,12,3,hcrd_gaussian_guided,0.05,1,0.3529411764705882
0.11771240260164179,9,3,hcrd_adaptive_guided,0.05,1,0.42857142857142855
0.08168347484472904,9,3,hcrd_quadratic_guided,0.05,1,0.5714285714285714
0.723862570695393,125,3,hcrd_raw,0.05,2,0.10769230769230768
0.10402261485007286,2,3,hcrd_robust,0.05,2,0.0
0.1559924865016379,14,3,hcrd_gaussian_guided,0.05,2,0.2105263157894737
0.1257544753407788,9,3,hcrd_adaptive_guided,0.05,2,0.42857142857142855
0.09080380579922785,9,3,hcrd_quadratic_guided,0.05,2,0.42857142857142855
0.7155089427006419,123,3,hcrd_raw,0.05,3,0.09375000000000001
0.12321738821414503,2,3,hcrd_robust,0.05,3,0.0
0.13391814573010072,14,3,hcrd_gaussian_guided,0.05,3,0.2105263157894737
0.11751364467158436,9,3,hcrd_adaptive_guided,0.05,3,0.42857142857142855
0.08356774827437559,9,3,hcrd_quadratic_guided,0.05,3,0.5714285714285714
0.7042052805732896,120,3,hcrd_raw,0.05,4,0.112
0.08730195781245241,2,3,hcrd_robust,0.05,4,0.0
0.10242627407207448,11,3,hcrd_gaussian_guided,0.05,4,0.25
0.12560596249445619,9,3,hcrd_adaptive_guided,0.05,4,0.42857142857142855
0.08930245536959426,9,3,hcrd_quadratic_guided,0.05,4,0.42857142857142855
0.721315564085268,122,3,hcrd_raw,0.05,5,0.11023622047244094
0.09714937803423954,2,3,hcrd_robust,0.05,5,0.0
0.1397831680990355,13,3,hcrd_gaussian_guided,0.05,5,0.33333333333333326
0.11774649629405863,9,3,hcrd_adaptive_guided,0.05,5,0.42857142857142855
0.08193369833705803,9,3,hcrd_quadratic_guided,0.05,5,0.5714285714285714
0.7183968326716814,120,3,hcrd_raw,0.05,6,0.112
0.0887249880973098,2,3,hcrd_robust,0.05,6,0.0
0.13467125976517433,15,3,hcrd_gaussian_guided,0.05,6,0.4
0.11824750229870595,9,3,hcrd_adaptive_guided,0.05,6,0.42857142857142855
0.08587307689230815,9,3,hcrd_quadratic_guided,0.05,6,0.42857142857142855
0.7154508963042973,121,3,hcrd_raw,0.05,7,0.1111111111111111
0.09092938002512603,2,3,hcrd_robust,0.05,7,0.0
0.09474458527637417,12,3,hcrd_gaussian_guided,0.05,7,0.3529411764705882
0.12197096332914942,9,3,hcrd_adaptive_guided,0.05,7,0.42857142857142855
0.08408547431111685,9,3,hcrd_quadratic_guided,0.05,7,0.5714285714285714
0.7186150391278763,122,3,hcrd_raw,0.05,8,0.11023622047244094
0.08180398194371903,2,3,hcrd_robust,0.05,8,0.0
0.13772188911455535,13,3,hcrd_gaussian_guided,0.05,8,0.1111111111111111
0.1150511694097631,9,3,hcrd_adaptive_guided,0.05,8,0.42857142857142855
0.08930491290947468,9,3,hcrd_quadratic_guided,0.05,8,0.42857142857142855
0.7110565844025023,123,3,hcrd_raw,0.05,9,0.109375
0.0856197928142061,2,3,hcrd_robust,0.05,9,0.0
0.18877674294669314,15,3,hcrd_gaussian_guided,0.05,9,0.2
0.11664763098353093,9,3,hcrd_adaptive_guided,0.05,9,0.42857142857142855
0.08002027682984156,9,3,hcrd_quadratic_guided,0.05,9,0.5714285714285714
1.0239433659544976,125,4,hcrd_raw,0.05,0,0.10769230769230768
0.06737373210347666,2,4,hcrd_robust,0.05,0,0.0
0.13033655249048814,13,4,hcrd_gaussian_guided,0.05,0,0.5555555555555556
0.06945022234285476,9,4,hcrd_adaptive_guided,0.05,0,0.7142857142857143
0.06549609359161325,9,4,hcrd_quadratic_guided,0.05,0,0.7142857142857143
1.013292162808818,126,4,hcrd_raw,0.05,1,0.10687022900763359
0.06742676779773772,2,4,hcrd_robust,0.05,1,0.0
0.13102098750354713,13,4,hcrd_gaussian_guided,0.05,1,0.4444444444444444
0.07408948589949535,9,4,hcrd_adaptive_guided,0.05,1,0.5714285714285714
0.06265177387794997,9,4,hcrd_quadratic_guided,0.05,1,0.7142857142857143
1.0270852113523143,123,4,hcrd_raw,0.05,2,0.109375
0.06754693888081144,2,4,hcrd_robust,0.05,2,0.0
0.13668654520549608,12,4,hcrd_gaussian_guided,0.05,2,0.588235294117647
0.06536608813616988,9,4,hcrd_adaptive_guided,0.05,2,0.5714285714285714
0.06292975041941061,9,4,hcrd_quadratic_guided,0.05,2,0.7142857142857143
1.023513616093949,123,4,hcrd_raw,0.05,3,0.109375
0.06986417957289882,2,4,hcrd_robust,0.05,3,0.0
0.15075433776460948,14,4,hcrd_gaussian_guided,0.05,3,0.4210526315789474
0.06926162356159382,9,4,hcrd_adaptive_guided,0.05,3,0.5714285714285714
0.0615259864309181,9,4,hcrd_quadratic_guided,0.05,3,0.7142857142857143
1.038385611627518,122,4,hcrd_raw,0.05,4,0.11023622047244094
0.06860469189356436,2,4,hcrd_robust,0.05,4,0.0
0.12747629926783793,12,4,hcrd_gaussian_guided,0.05,4,0.3529411764705882
0.07394027697692072,9,4,hcrd_adaptive_guided,0.05,4,0.42857142857142855
0.06339474816069897,9,4,hcrd_quadratic_guided,0.05,4,0.7142857142857143
1.0232547639004548,122,4,hcrd_raw,0.05,5,0.11023622047244094
0.06985739573578817,2,4,hcrd_robust,0.05,5,0.0
0.10777756759690377,12,4,hcrd_gaussian_guided,0.05,5,0.8235294117647058
0.07607130885785504,9,4,hcrd_adaptive_guided,0.05,5,0.5714285714285714
0.06362690955358422,9,4,hcrd_quadratic_guided,0.05,5,0.7142857142857143
1.0357420045644876,121,4,hcrd_raw,0.05,6,0.1111111111111111
0.06846171725277404,2,4,hcrd_robust,0.05,6,0.0
0.09697443358885352,12,4,hcrd_gaussian_guided,0.05,6,0.47058823529411764
0.07689481237953413,9,4,hcrd_adaptive_guided,0.05,6,0.5714285714285714
0.06368913432587257,9,4,hcrd_quadratic_guided,0.05,6,0.7142857142857143
1.012486518092273,125,4,hcrd_raw,0.05,7,0.10769230769230768
0.07263274870690496,2,4,hcrd_robust,0.05,7,0.0
0.0934805047749614,12,4,hcrd_gaussian_guided,0.05,7,0.3529411764705882
0.07900641419853577,9,4,hcrd_adaptive_guided,0.05,7,0.5714285714285714
0.06293312713512056,9,4,hcrd_quadratic_guided,0.05,7,0.7142857142857143
1.0283075175943615,124,4,hcrd_raw,0.05,8,0.10852713178294575
0.07031345784887051,2,4,hcrd_robust,0.05,8,0.0
0.12534483875087024,12,4,hcrd_gaussian_guided,0.05,8,0.47058823529411764
0.07522858672811059,9,4,hcrd_adaptive_guided,0.05,8,0.5714285714285714
0.06258444752898733,9,4,hcrd_quadratic_guided,0.05,8,0.7142857142857143
1.0569782182345546,123,4,hcrd_raw,0.05,9,0.109375
0.06746754653526577,2,4,hcrd_robust,0.05,9,0.0
0.18497028448857877,13,4,hcrd_gaussian_guided,0.05,9,0.6666666666666665
0.07129682387435253,9,4,hcrd_adaptive_guided,0.05,9,0.5714285714285714
0.06360652449102772,9,4,hcrd_quadratic_guided,0.05,9,0.7142857142857143
0.8298857515054986,120,5,hcrd_raw,0.05,0,0.112
0.4374147324244071,2,5,hcrd_robust,0.05,0,0.0
0.07248193408861353,12,5,hcrd_gaussian_guided,0.05,0,0.588235294117647
0.029262112527181708,9,5,hcrd_adaptive_guided,0.05,0,0.8571428571428571
0.024944019151603006,9,5,hcrd_quadratic_guided,0.05,0,1.0
0.8299022713249883,123,5,hcrd_raw,0.05,1,0.109375
0.7109016346204937,3,5,hcrd_robust,0.05,1,0.0
0.061011470091579895,12,5,hcrd_gaussian_guided,0.05,1,0.588235294117647
0.033211528695680684,9,5,hcrd_adaptive_guided,0.05,1,0.7142857142857143
0.024384955325834633,9,5,hcrd_quadratic_guided,0.05,1,1.0
0.839324418925656,124,5,hcrd_raw,0.05,2,0.10852713178294575
0.5216861162332913,2,5,hcrd_robust,0.05,2,0.0
0.07286193715804527,12,5,hcrd_gaussian_guided,0.05,2,0.47058823529411764
0.03140890000177901,9,5,hcrd_adaptive_guided,0.05,2,0.7142857142857143
0.024664822890013198,9,5,hcrd_quadratic_guided,0.05,2,1.0
0.8410883228821349,123,5,hcrd_raw,0.05,3,0.109375
0.5245039381895948,2,5,hcrd_robust,0.05,3,0.0
0.08670431712812267,14,5,hcrd_gaussian_guided,0.05,3,0.4210526315789474
0.030152697135835738,9,5,hcrd_adaptive_guided,0.05,3,0.7142857142857143
0.023360109092474164,9,5,hcrd_quadratic_guided,0.05,3,1.0
0.8377648713029934,125,5,hcrd_raw,0.05,4,0.10769230769230768
0.5477604303900748,2,5,hcrd_robust,0.05,4,0.0
0.08404068814492405,13,5,hcrd_gaussian_guided,0.05,4,0.4444444444444444
0.028699989885232643,9,5,hcrd_adaptive_guided,0.05,4,0.8571428571428571
0.02321559235685304,9,5,hcrd_quadratic_guided,0.05,4,1.0
0.8402953745381102,122,5,hcrd_raw,0.05,5,0.11023622047244094
0.49236849984665343,2,5,hcrd_robust,0.05,5,0.0
0.16646123182360748,14,5,hcrd_gaussian_guided,0.05,5,0.4210526315789474
0.03090433861706744,9,5,hcrd_adaptive_guided,0.05,5,0.8571428571428571
0.026068172828008516,9,5,hcrd_quadratic_guided,0.05,5,1.0
0.8309265087651736,124,5,hcrd_raw,0.05,6,0.10852713178294575
0.5075605593196327,2,5,hcrd_robust,0.05,6,0.0
0.1150783399610998,16,5,hcrd_gaussian_guided,0.05,6,0.38095238095238093
0.028930909393402836,9,5,hcrd_adaptive_guided,0.05,6,0.8571428571428571
0.023356017910266473,9,5,hcrd_quadratic_guided,0.05,6,1.0
0.8404605392038997,124,5,hcrd_raw,0.05,7,0.10852713178294575
0.49635073001614366,2,5,hcrd_robust,0.05,7,0.0
0.09086672202527787,14,5,hcrd_gaussian_guided,0.05,7,0.5263157894736842
0.028021155424185405,9,5,hcrd_adaptive_guided,0.05,7,0.8571428571428571
0.02469940553429093,9,5,hcrd_quadratic_guided,0.05,7,1.0
0.8407949349901337,121,5,hcrd_raw,0.05,8,0.1111111111111111
0.44840553028636904,2,5,hcrd_robust,0.05,8,0.0
0.03307985342600721,11,5,hcrd_gaussian_guided,0.05,8,0.6250000000000001
0.030272706908809736,9,5,hcrd_adaptive_guided,0.05,8,0.8571428571428571
0.023473058766160317,9,5,hcrd_quadratic_guided,0.05,8,1.0
0.8501669511203288,122,5,hcrd_raw,0.05,9,0.11023622047244094
0.5824572917355554,3,5,hcrd_robust,0.05,9,0.0
0.0835425463233209,13,5,hcrd_gaussian_guided,0.05,9,0.6666666666666665
0.030397087555733573,9,5,hcrd_adaptive_guided,0.05,9,0.7142857142857143
0.023773383037289653,9,5,hcrd_quadratic_guided,0.05,9,1.0
0.8178783691918202,121,6,hcrd_raw,0.05,0,0.1111111111111111
0.5664944560120795,3,6,hcrd_robust,0.05,0,0.0
0.11234006255223947,11,6,hcrd_gaussian_guided,0.05,0,0.375
0.18082118711747647,9,6,hcrd_adaptive_guided,0.05,0,0.42857142857142855
0.1408821136280348,9,6,hcrd_quadratic_guided,0.05,0,0.42857142857142855
0.8042278647938883,123,6,hcrd_raw,0.05,1,0.09375000000000001
0.35714758326787227,2,6,hcrd_robust,0.05,1,0.0
0.15977100926214355,12,6,hcrd_gaussian_guided,0.05,1,0.11764705882352941
0.2022781145203847,9,6,hcrd_adaptive_guided,0.05,1,0.2857142857142857
0.148579096407655,9,6,hcrd_quadratic_guided,0.05,1,0.42857142857142855
0.8259042212613195,121,6,hcrd_raw,0.05,2,0.1111111111111111
0.3419416015694915,2,6,hcrd_robust,0.05,2,0.0
0.2138641205725782,17,6,hcrd_gaussian_guided,0.05,2,0.18181818181818182
0.19254054933593856,9,6,hcrd_adaptive_guided,0.05,2,0.42857142857142855
0.15360304366626631,9,6,hcrd_quadratic_guided,0.05,2,0.42857142857142855
0.813092103708002,120,6,hcrd_raw,0.05,3,0.112
0.36259867365656956,2,6,hcrd_robust,0.05,3,0.0
0.1634404154555798,12,6,hcrd_gaussian_guided,0.05,3,0.3529411764705882
0.20404512138100664,9,6,hcrd_adaptive_guided,0.05,3,0.2857142857142857
0.15539570632016553,9,6,hcrd_quadratic_guided,0.05,3,0.42857142857142855
0.8265196068421369,124,6,hcrd_raw,0.05,4,0.10852713178294575
0.3540497176765811,2,6,hcrd_robust,0.05,4,0.0
0.17424055540188815,12,6,hcrd_gaussian_guided,0.05,4,0.23529411764705882
0.19640927101047725,9,6,hcrd_adaptive_guided,0.05,4,0.42857142857142855
0.13795976269846455,9,6,hcrd_quadratic_guided,0.05,4,0.42857142857142855
0.8213283940275569,122,6,hcrd_raw,0.05,5,0.11023622047244094
0.34720062891025,2,6,hcrd_robust,0.05,5,0.0
0.1978013706792044,12,6,hcrd_gaussian_guided,0.05,5,0.23529411764705882
0.20196160674735567,9,6,hcrd_adaptive_guided,0.05,5,0.42857142857142855
0.14243667903155624,9,6,hcrd_quadratic_guided,0.05,5,0.42857142857142855
0.836145773041772,121,6,hcrd_raw,0.05,6,0.1111111111111111
0.33587761926269083,2,6,hcrd_robust,0.05,6,0.0
0.13547303194045096,13,6,hcrd_gaussian_guided,0.05,6,0.2222222222222222
0.2086699658194284,9,6,hcrd_adaptive_guided,0.05,6,0.2857142857142857
0.1387902370464165,9,6,hcrd_quadratic_guided,0.05,6,0.42857142857142855
0.8181519519424872,123,6,hcrd_raw,0.05,7,0.09375000000000001
0.34183844336991326,2,6,hcrd_robust,0.05,7,0.0
0.15704864922791564,14,6,hcrd_gaussian_guided,0.05,7,0.3157894736842105
0.1856940767710016,9,6,hcrd_adaptive_guided,0.05,7,0.42857142857142855
0.14996549733626116,9,6,hcrd_quadratic_guided,0.05,7,0.42857142857142855
0.8351418728879793,120,6,hcrd_raw,0.05,8,0.112
0.602941515424358,3,6,hcrd_robust,0.05,8,0.0
0.22114106335405878,16,6,hcrd_gaussian_guided,0.05,8,0.19047619047619047
0.2040886401930108,9,6,hcrd_adaptive_guided,0.05,8,0.42857142857142855
0.14965728743060905,9,6,hcrd_quadratic_guided,0.05,8,0.42857142857142855
0.823332550640383,121,6,hcrd_raw,0.05,9,0.1111111111111111
0.3472377145087677,2,6,hcrd_robust,0.05,9,0.0
0.13147199099204496,12,6,hcrd_gaussian_guided,0.05,9,0.0
0.20016388011502131,9,6,hcrd_adaptive_guided,0.05,9,0.42857142857142855
0.142051156134867,9,6,hcrd_quadratic_guided,0.05,9,0.42857142857142855
0.8615844243038349,120,7,hcrd_raw,0.05,0,0.112
0.15342881602523953,2,7,hcrd_robust,0.05,0,0.0
0.1626240663833968,16,7,hcrd_gaussian_guided,0.05,0,0.09523809523809523
0.16345398999108385,9,7,hcrd_adaptive_guided,0.05,0,0.14285714285714285
0.12034003591188905,9,7,hcrd_quadratic_guided,0.05,0,0.42857142857142855
0.8435826712827484,126,7,hcrd_raw,0.05,1,0.10687022900763359
0.16085641372691153,2,7,hcrd_robust,0.05,1,0.0
0.1487963683720682,13,7,hcrd_gaussian_guided,0.05,1,0.1111111111111111
0.16090972142105633,9,7,hcrd_adaptive_guided,0.05,1,0.14285714285714285
0.11768958949069588,9,7,hcrd_quadratic_guided,0.05,1,0.42857142857142855
0.8376032672087821,124,7,hcrd_raw,0.05,2,0.10852713178294575
0.178829696682697,2,7,hcrd_robust,0.05,2,0.0
0.13223600946659475,14,7,hcrd_gaussian_guided,0.05,2,0.10526315789473685
0.16805405283476493,9,7,hcrd_adaptive_guided,0.05,2,0.14285714285714285
0.12213029439444534,9,7,hcrd_quadratic_guided,0.05,2,0.42857142857142855
0.8434915582836775,122,7,hcrd_raw,0.05,3,0.11023622047244094
0.17536027874458346,2,7,hcrd_robust,0.05,3,0.0
0.22496575917927544,14,7,hcrd_gaussian_guided,0.05,3,0.10526315789473685
0.16093657204627357,9,7,hcrd_adaptive_guided,0.05,3,0.14285714285714285
0.1224596830392592,9,7,hcrd_quadratic_guided,0.05,3,0.42857142857142855
0.8531027125540884,120,7,hcrd_raw,0.05,4,0.112
0.16453795335315421,2,7,hcrd_robust,0.05,4,0.0
0.11951669655518149,14,7,hcrd_gaussian_guided,0.05,4,0.0
0.16059454565095935,9,7,hcrd_adaptive_guided,0.05,4,0.14285714285714285
0.11769505006499374,9,7,hcrd_quadratic_guided,0.05,4,0.42857142857142855
0.8442444342344426,122,7,hcrd_raw,0.05,5,0.11023622047244094
0.16985599764667836,2,7,hcrd_robust,0.05,5,0.0
0.13383038896358132,13,7,hcrd_gaussian_guided,0.05,5,0.0
0.15895622843798346,9,7,hcrd_adaptive_guided,0.05,5,0.14285714285714285
0.11576471373373291,9,7,hcrd_quadratic_guided,0.05,5,0.42857142857142855
0.8450993796991035,123,7,hcrd_raw,0.05,6,0.109375
0.16555913840528866,2,7,hcrd_robust,0.05,6,0.0
0.11998662289803547,13,7,hcrd_gaussian_guided,0.05,6,0.1111111111111111
0.15987766701839573,9,7,hcrd_adaptive_guided,0.05,6,0.14285714285714285
0.12154038721686944,9,7,hcrd_quadratic_guided,0.05,6,0.42857142857142855
0.8331250206250937,123,7,hcrd_raw,0.05,7,0.109375
0.16610878262622303,2,7,hcrd_robust,0.05,7,0.0
0.13848061760106642,13,7,hcrd_gaussian_guided,0.05,7,0.1111111111111111
0.1683219982405907,9,7,hcrd_adaptive_guided,0.05,7,0.14285714285714285
0.12061703498800874,9,7,hcrd_quadratic_guided,0.05,7,0.42857142857142855
0.8429030133930492,125,7,hcrd_raw,0.05,8,0.10769230769230768
0.1550937459852065,2,7,hcrd_robust,0.05,8,0.0
0.13128515338129507,13,7,hcrd_gaussian_guided,0.05,8,0.0
0.15321320402654498,9,7,hcrd_adaptive_guided,0.05,8,0.14285714285714285
0.11925749260927403,9,7,hcrd_quadratic_guided,0.05,8,0.42857142857142855
0.8371317943478586,124,7,hcrd_raw,0.05,9,0.10852713178294575
0.16759507436941112,2,7,hcrd_robust,0.05,9,0.0
0.14978318943344585,12,7,hcrd_gaussian_guided,0.05,9,0.11764705882352941
0.15581075399351352,9,7,hcrd_adaptive_guided,0.05,9,0.14285714285714285
0.1157176636654143,9,7,hcrd_quadratic_guided,0.05,9,0.42857142857142855
0.9706164017374433,121,8,hcrd_raw,0.05,0,0.1111111111111111
0.12959569036857416,2,8,hcrd_robust,0.05,0,0.0
0.11917395009996005,12,8,hcrd_gaussian_guided,0.05,0,0.3529411764705882
0.13444304249480843,9,8,hcrd_adaptive_guided,0.05,0,0.5714285714285714
0.10377275692565884,9,8,hcrd_quadratic_guided,0.05,0,0.7142857142857143
0.976299054683298,123,8,hcrd_raw,0.05,1,0.109375
0.11183894536210054,2,8,hcrd_robust,0.05,1,0.0
0.12252926260592728,11,8,hcrd_gaussian_guided,0.05,1,0.25
0.1448135971555758,9,8,hcrd_adaptive_guided,0.05,1,0.42857142857142855
0.10626077751015894,9,8,hcrd_quadratic_guided,0.05,1,0.7142857142857143
0.9770261153964545,123,8,hcrd_raw,0.05,2,0.109375
0.12143567736221228,2,8,hcrd_robust,0.05,2,0.0
0.12012055215989526,13,8,hcrd_gaussian_guided,0.05,2,0.33333333333333326
0.14406298424391378,9,8,hcrd_adaptive_guided,0.05,2,0.42857142857142855
0.10460840493365135,9,8,hcrd_quadratic_guided,0.05,2,0.7142857142857143
0.9639245494296365,118,8,hcrd_raw,0.05,3,0.09756097560975609
0.1202749566284583,2,8,hcrd_robust,0.05,3,0.0
0.15389042155256583,13,8,hcrd_gaussian_guided,0.05,3,0.2222222222222222
0.135365570793634,9,8,hcrd_adaptive_guided,0.05,3,0.5714285714285714
0.10553703201148648,9,8,hcrd_quadratic_guided,0.05,3,0.7142857142857143
0.9631989722962978,115,8,hcrd_raw,0.05,4,0.11666666666666665
0.10374340759130207,2,8,hcrd_robust,0.05,4,0.0
0.17782416959268885,13,8,hcrd_gaussian_guided,0.05,4,0.33333333333333326
0.13688901452640218,9,8,hcrd_adaptive_guided,0.05,4,0.42857142857142855
0.10418118353389008,9,8,hcrd_quadratic_guided,0.05,4,0.7142857142857143
0.9778475421717399,120,8,hcrd_raw,0.05,5,0.112
0.128494116678821,2,8,hcrd_robust,0.05,5,0.0
0.1095195432923745,13,8,hcrd_gaussian_guided,0.05,5,0.33333333333333326
0.1300065262567022,9,8,hcrd_adaptive_guided,0.05,5,0.5714285714285714
0.09522507648095423,9,8,hcrd_quadratic_guided,0.05,5,0.7142857142857143
0.9946659725019799,122,8,hcrd_raw,0.05,6,0.09448818897637795
0.11309849998635554,2,8,hcrd_robust,0.05,6,0.0
0.19618425679252707,12,8,hcrd_gaussian_guided,0.05,6,0.3529411764705882
0.13415488748969018,9,8,hcrd_adaptive_guided,0.05,6,0.42857142857142855
0.10253097273870779,9,8,hcrd_quadratic_guided,0.05,6,0.7142857142857143
0.9804080381512026,121,8,hcrd_raw,0.05,7,0.1111111111111111
0.10528677055894392,2,8,hcrd_robust,0.05,7,0.0
0.10679528459652401,13,8,hcrd_gaussian_guided,0.05,7,0.33333333333333326
0.13981428901704548,9,8,hcrd_adaptive_guided,0.05,7,0.5714285714285714
0.10602491441715567,9,8,hcrd_quadratic_guided,0.05,7,0.7142857142857143
0.9710802224944939,117,8,hcrd_raw,0.05,8,0.11475409836065573
0.11137191319880543,2,8,hcrd_robust,0.05,8,0.0
0.11903990757502583,12,8,hcrd_gaussian_guided,0.05,8,0.23529411764705882
0.133797136279243,9,8,hcrd_adaptive_guided,0.05,8,0.5714285714285714
0.10669565956812985,9,8,hcrd_quadratic_guided,0.05,8,0.7142857142857143
0.9638654071088766,119,8,hcrd_raw,0.05,9,0.11290322580645161
0.12872646430020915,2,8,hcrd_robust,0.05,9,0.0
0.10392964562985964,13,8,hcrd_gaussian_guided,0.05,9,0.33333333333333326
0.1333065302344262,9,8,hcrd_adaptive_guided,0.05,9,0.42857142857142855
0.10170257500106837,9,8,hcrd_quadratic_guided,0.05,9,0.7142857142857143
0.8270751700392348,117,9,hcrd_raw,0.05,0,0.11475409836065573
1.3568602346196441,2,9,hcrd_robust,0.05,0,0.0
0.05212778679172632,11,9,hcrd_gaussian_guided,0.05,0,0.5
0.042440404547722604,9,9,hcrd_adaptive_guided,0.05,0,0.8571428571428571
0.0440227305704389,9,9,hcrd_quadratic_guided,0.05,0,0.8571428571428571
0.8557888578134446,123,9,hcrd_raw,0.05,1,0.109375
1.447343670664143,2,9,hcrd_robust,0.05,1,0.0
0.07182057774499975,11,9,hcrd_gaussian_guided,0.05,1,0.6250000000000001
0.049908482686521254,9,9,hcrd_adaptive_guided,0.05,1,0.8571428571428571
0.04531570288657031,9,9,hcrd_quadratic_guided,0.05,1,0.8571428571428571
0.8406695907516966,121,9,hcrd_raw,0.05,2,0.1111111111111111
1.3725397448660794,2,9,hcrd_robust,0.05,2,0.0
0.07954053638654239,12,9,hcrd_gaussian_guided,0.05,2,0.8235294117647058
0.040243027936031364,9,9,hcrd_adaptive_guided,0.05,2,0.8571428571428571
0.04038619998344109,9,9,hcrd_quadratic_guided,0.05,2,0.8571428571428571
0.8446137162593729,121,9,hcrd_raw,0.05,3,0.1111111111111111
1.3255691563264234,2,9,hcrd_robust,0.05,3,0.0
0.08973335224936525,11,9,hcrd_gaussian_guided,0.05,3,0.6250000000000001
0.04347789515973577,9,9,hcrd_adaptive_guided,0.05,3,0.8571428571428571
0.04095203529540989,9,9,hcrd_quadratic_guided,0.05,3,0.8571428571428571
0.8446055278629678,124,9,hcrd_raw,0.05,4,0.10852713178294575
1.4805339373935094,2,9,hcrd_robust,0.05,4,0.0
0.11489133459039474,13,9,hcrd_gaussian_guided,0.05,4,0.6666666666666665
0.04408106720384353,9,9,hcrd_adaptive_guided,0.05,4,0.8571428571428571
0.04139596096028682,9,9,hcrd_quadratic_guided,0.05,4,0.8571428571428571
0.8412912883430232,121,9,hcrd_raw,0.05,5,0.1111111111111111
1.3518712979692813,2,9,hcrd_robust,0.05,5,0.0
0.08875730324682082,11,9,hcrd_gaussian_guided,0.05,5,0.6250000000000001
0.0405067783558653,9,9,hcrd_adaptive_guided,0.05,5,0.8571428571428571
0.04356119791753364,9,9,hcrd_quadratic_guided,0.05,5,0.8571428571428571
0.8704454076036728,124,9,hcrd_raw,0.05,6,0.10852713178294575
1.3203217598703698,2,9,hcrd_robust,0.05,6,0.0
0.15555291612674632,13,9,hcrd_gaussian_guided,0.05,6,0.4444444444444444
0.05402205035028376,9,9,hcrd_adaptive_guided,0.05,6,0.7142857142857143
0.04444462048602884,9,9,hcrd_quadratic_guided,0.05,6,0.8571428571428571
0.8561262802640586,124,9,hcrd_raw,0.05,7,0.10852713178294575
1.2841846650365825,2,9,hcrd_robust,0.05,7,0.0
0.09442832812364732,12,9,hcrd_gaussian_guided,0.05,7,0.23529411764705882
0.04386723624791017,9,9,hcrd_adaptive_guided,0.05,7,0.8571428571428571
0.04413700893396361,9,9,hcrd_quadratic_guided,0.05,7,0.8571428571428571
0.8556306759510661,121,9,hcrd_raw,0.05,8,0.1111111111111111
0.3179792487351813,3,9,hcrd_robust,0.05,8,0.0
0.05613156678160725,11,9,hcrd_gaussian_guided,0.05,8,0.6250000000000001
0.0577813804778333,9,9,hcrd_adaptive_guided,0.05,8,0.7142857142857143
0.04475882737166806,9,9,hcrd_quadratic_guided,0.05,8,0.8571428571428571
0.8366678083607955,123,9,hcrd_raw,0.05,9,0.109375
1.34134442764961,2,9,hcrd_robust,0.05,9,0.0
0.1272210471125207,13,9,hcrd_gaussian_guided,0.05,9,0.4444444444444444
0.03824438745057239,9,9,hcrd_adaptive_guided,0.05,9,0.8571428571428571
0.04094708208930542,9,9,hcrd_quadratic_guided,0.05,9,0.8571428571428571
0.7775873850891831,122,10,hcrd_raw,0.05,0,0.11023622047244094
0.1824437917473942,2,10,hcrd_robust,0.05,0,0.0
0.07414280773449902,12,10,hcrd_gaussian_guided,0.05,0,0.23529411764705882
0.07224500215026404,9,10,hcrd_adaptive_guided,0.05,0,0.2857142857142857
0.060835327568980864,9,10,hcrd_quadratic_guided,0.05,0,0.42857142857142855
0.780360244686635,125,10,hcrd_raw,0.05,1,0.10769230769230768
0.20909119352568753,2,10,hcrd_robust,0.05,1,0.0
0.08322714480882619,12,10,hcrd_gaussian_guided,0.05,1,0.3529411764705882
0.08405039275798845,9,10,hcrd_adaptive_guided,0.05,1,0.2857142857142857
0.061615680642377255,9,10,hcrd_quadratic_guided,0.05,1,0.42857142857142855
0.7674839344977039,125,10,hcrd_raw,0.05,2,0.10769230769230768
0.23366130371502708,2,10,hcrd_robust,0.05,2,0.0
0.1068469227015014,14,10,hcrd_gaussian_guided,0.05,2,0.2105263157894737
0.07247729244604138,9,10,hcrd_adaptive_guided,0.05,2,0.2857142857142857
0.05613473042500174,9,10,hcrd_quadratic_guided,0.05,2,0.7142857142857143
0.7859758649368972,121,10,hcrd_raw,0.05,3,0.1111111111111111
0.2179501887783176,2,10,hcrd_robust,0.05,3,0.0
0.08700978223901606,14,10,hcrd_gaussian_guided,0.05,3,0.3157894736842105
0.06775826357910067,9,10,hcrd_adaptive_guided,0.05,3,0.2857142857142857
0.06227248037507094,9,10,hcrd_quadratic_guided,0.05,3,0.42857142857142855
0.7689284769151511,124,10,hcrd_raw,0.05,4,0.10852713178294575
0.1765758979589005,2,10,hcrd_robust,0.05,4,0.0
0.10463907513502632,13,10,hcrd_gaussian_guided,0.05,4,0.1111111111111111
0.07746720560679692,9,10,hcrd_adaptive_guided,0.05,4,0.2857142857142857
0.06193203921406075,9,10,hcrd_quadratic_guided,0.05,4,0.5714285714285714
0.7593235863707322,123,10,hcrd_raw,0.05,5,0.109375
0.18279280301474732,2,10,hcrd_robust,0.05,5,0.0
0.15834132335042417,13,10,hcrd_gaussian_guided,0.05,5,0.2222222222222222
0.08121145857102362,9,10,hcrd_adaptive_guided,0.05,5,0.2857142857142857
0.06340705419386082,9,10,hcrd_quadratic_guided,0.05,5,0.42857142857142855
0.7775203737607322,121,10,hcrd_raw,0.05,6,0.1111111111111111
0.15857877675083804,2,10,hcrd_robust,0.05,6,0.0
0.11079309146172575,15,10,hcrd_gaussian_guided,0.05,6,0.4
0.07469943175490265,9,10,hcrd_adaptive_guided,0.05,6,0.2857142857142857
0.05731524769983356,9,10,hcrd_quadratic_guided,0.05,6,0.5714285714285714
0.7797245927622659,122,10,hcrd_raw,0.05,7,0.11023622047244094
0.18973992084891336,2,10,hcrd_robust,0.05,7,0.0
0.07885247353444988,13,10,hcrd_gaussian_guided,0.05,7,0.33333333333333326
0.07745300948754384,9,10,hcrd_adaptive_guided,0.05,7,0.2857142857142857
0.06239544537424894,9,10,hcrd_quadratic_guided,0.05,7,0.42857142857142855
0.7659085285518699,123,10,hcrd_raw,0.05,8,0.109375
0.2054234273756281,2,10,hcrd_robust,0.05,8,0.0
0.07778050665885745,11,10,hcrd_gaussian_guided,0.05,8,0.25
0.07596192548062629,9,10,hcrd_adaptive_guided,0.05,8,0.2857142857142857
0.06385972837590201,9,10,hcrd_quadratic_guided,0.05,8,0.42857142857142855
0.7781721688538421,122,10,hcrd_raw,0.05,9,0.11023622047244094
0.22508785037040416,2,10,hcrd_robust,0.05,9,0.0
0.20132611776817994,17,10,hcrd_gaussian_guided,0.05,9,0.36363636363636365
0.08166611011418899,9,10,hcrd_adaptive_guided,0.05,9,0.2857142857142857
0.06024613783693856,9,10,hcrd_quadratic_guided,0.05,9,0.42857142857142855
0.8917027044310594,120,11,hcrd_raw,0.05,0,0.112
0.15723967449791293,2,11,hcrd_robust,0.05,0,0.0
0.09675949300147756,13,11,hcrd_gaussian_guided,0.05,0,0.6666666666666665
0.06703962657206897,9,11,hcrd_adaptive_guided,0.05,0,0.7142857142857143
0.0639321888030397,9,11,hcrd_quadratic_guided,0.05,0,0.8571428571428571
0.8694861262003631,121,11,hcrd_raw,0.05,1,0.1111111111111111
0.168091749961031,2,11,hcrd_robust,0.05,1,0.0
0.09824739001451377,14,11,hcrd_gaussian_guided,0.05,1,0.5263157894736842
0.07481346586280493,9,11,hcrd_adaptive_guided,0.05,1,0.8571428571428571
0.06115153901213484,9,11,hcrd_quadratic_guided,0.05,1,0.8571428571428571
0.89101469697361,122,11,hcrd_raw,0.05,2,0.11023622047244094
0.18877297107829927,2,11,hcrd_robust,0.05,2,0.0
0.09924551979926532,12,11,hcrd_gaussian_guided,0.05,2,0.23529411764705882
0.06438910806063501,9,11,hcrd_adaptive_guided,0.05,2,0.8571428571428571
0.057907538373736994,9,11,hcrd_quadratic_guided,0.05,2,0.8571428571428571
0.8802758140196456,121,11,hcrd_raw,0.05,3,0.1111111111111111
0.18617356469690668,2,11,hcrd_robust,0.05,3,0.0
0.10832297194457412,13,11,hcrd_gaussian_guided,0.05,3,0.33333333333333326
0.0673275007703251,9,11,hcrd_adaptive_guided,0.05,3,0.8571428571428571
0.057105058856951704,9,11,hcrd_quadratic_guided,0.05,3,0.8571428571428571
0.883541759863632,122,11,hcrd_raw,0.05,4,0.11023622047244094
0.1849380508406616,2,11,hcrd_robust,0.05,4,0.0
0.162844910726085,15,11,hcrd_gaussian_guided,0.05,4,0.3
0.08827702252178808,9,11,hcrd_adaptive_guided,0.05,4,0.5714285714285714
0.06190193926311491,9,11,hcrd_quadratic_guided,0.05,4,0.8571428571428571
0.8725878192966181,124,11,hcrd_raw,0.05,5,0.10852713178294575
0.23861815616681137,2,11,hcrd_robust,0.05,5,0.0
0.16640811337584518,15,11,hcrd_gaussian_guided,0.05,5,0.4
0.07057321142296322,9,11,hcrd_adaptive_guided,0.05,5,0.8571428571428571
0.05723041049872491,9,11,hcrd_quadratic_guided,0.05,5,0.8571428571428571
0.876712107251465,119,11,hcrd_raw,0.05,6,0.0967741935483871
0.18810686711425118,2,11,hcrd_robust,0.05,6,0.0
0.10738640344389437,14,11,hcrd_gaussian_guided,0.05,6,0.4210526315789474
0.07187157000649892,9,11,hcrd_adaptive_guided,0.05,6,0.8571428571428571
0.06349811272483943,9,11,hcrd_quadratic_guided,0.05,6,0.8571428571428571
0.8712473870450497,118,11,hcrd_raw,0.05,7,0.11382113821138212
0.1736747794585793,2,11,hcrd_robust,0.05,7,0.0
0.09702477336565382,12,11,hcrd_gaussian_guided,0.05,7,0.3529411764705882
0.07590137055100071,9,11,hcrd_adaptive_guided,0.05,7,0.7142857142857143
0.05973533501514794,9,11,hcrd_quadratic_guided,0.05,7,0.8571428571428571
0.8595603452007692,121,11,hcrd_raw,0.05,8,0.1111111111111111
0.18668954243902733,2,11,hcrd_robust,0.05,8,0.0
0.08454472785555253,12,11,hcrd_gaussian_guided,0.05,8,0.47058823529411764
0.0707106626732474,9,11,hcrd_adaptive_guided,0.05,8,0.7142857142857143
0.0590167630934894,9,11,hcrd_quadratic_guided,0.05,8,0.8571428571428571
0.8801641184295296,123,11,hcrd_raw,0.05,9,0.109375
0.19904421040745576,2,11,hcrd_robust,0.05,9,0.0
0.15545449148418616,14,11,hcrd_gaussian_guided,0.05,9,0.4210526315789474
0.07584646372983468,9,11,hcrd_adaptive_guided,0.05,9,0.7142857142857143
0.060639460611121195,9,11,hcrd_quadratic_guided,0.05,9,0.8571428571428571
0.8922097785855613,125,12,hcrd_raw,0.05,0,0.10769230769230768
0.1798930379986818,2,12,hcrd_robust,0.05,0,0.0
0.08201945600333123,12,12,hcrd_gaussian_guided,0.05,0,0.3529411764705882
0.05886653594565539,9,12,hcrd_adaptive_guided,0.05,0,0.8571428571428571
0.05093655919343379,9,12,hcrd_quadratic_guided,0.05,0,1.0
0.880981186256259,124,12,hcrd_raw,0.05,1,0.10852713178294575
0.1708010026487397,2,12,hcrd_robust,0.05,1,0.0
0.19000527059100303,14,12,hcrd_gaussian_guided,0.05,1,0.10526315789473685
0.05275840677716078,9,12,hcrd_adaptive_guided,0.05,1,0.8571428571428571
0.04379154398816953,9,12,hcrd_quadratic_guided,0.05,1,1.0
0.8964236782334498,122,12,hcrd_raw,0.05,2,0.11023622047244094
0.16047845623907228,2,12,hcrd_robust,0.05,2,0.0
0.09671041111248044,13,12,hcrd_gaussian_guided,0.05,2,0.33333333333333326
0.05463227495204767,9,12,hcrd_adaptive_guided,0.05,2,0.8571428571428571
0.0482150812739442,9,12,hcrd_quadratic_guided,0.05,2,1.0
0.8837346780755081,119,12,hcrd_raw,0.05,3,0.11290322580645161
0.1962156648972371,2,12,hcrd_robust,0.05,3,0.0
0.12068676223399488,12,12,hcrd_gaussian_guided,0.05,3,0.11764705882352941
0.06427098766918506,9,12,hcrd_adaptive_guided,0.05,3,0.8571428571428571
0.0468055479832166,9,12,hcrd_quadratic_guided,0.05,3,1.0
0.8894728188847386,124,12,hcrd_raw,0.05,4,0.10852713178294575
0.17737631594661651,2,12,hcrd_robust,0.05,4,0.0
0.13034421690779538,13,12,hcrd_gaussian_guided,0.05,4,0.4444444444444444
0.06377935214509381,9,12,hcrd_adaptive_guided,0.05,4,0.8571428571428571
0.051544180057634566,9,12,hcrd_quadratic_guided,0.05,4,0.8571428571428571
0.8894053352630891,123,12,hcrd_raw,0.05,5,0.109375
0.16101923295431222,2,12,hcrd_robust,0.05,5,0.0
0.11078067660003786,13,12,hcrd_gaussian_guided,0.05,5,0.2222222222222222
0.06554771360494044,9,12,hcrd_adaptive_guided,0.05,5,0.8571428571428571
0.04546555854633382,9,12,hcrd_quadratic_guided,0.05,5,1.0
0.8977863085785368,124,12,hcrd_raw,0.05,6,0.10852713178294575
0.159238614293846,2,12,hcrd_robust,0.05,6,0.0
0.1017699012642634,13,12,hcrd_gaussian_guided,0.05,6,0.1111111111111111
0.06567615696062168,9,12,hcrd_adaptive_guided,0.05,6,0.7142857142857143
0.04868894764727708,9,12,hcrd_quadratic_guided,0.05,6,1.0
0.904275563191797,122,12,hcrd_raw,0.05,7,0.11023622047244094
0.16964327586218433,2,12,hcrd_robust,0.05,7,0.0
0.1563849594532155,13,12,hcrd_gaussian_guided,0.05,7,0.2222222222222222
0.0694989295130053,9,12,hcrd_adaptive_guided,0.05,7,0.7142857142857143
0.05146671414412224,9,12,hcrd_quadratic_guided,0.05,7,1.0
0.8852467832086723,120,12,hcrd_raw,0.05,8,0.112
0.1802612461674813,2,12,hcrd_robust,0.05,8,0.0
0.08594095833538305,12,12,hcrd_gaussian_guided,0.05,8,0.23529411764705882
0.06175410093094735,9,12,hcrd_adaptive_guided,0.05,8,0.8571428571428571
0.042260117934721814,9,12,hcrd_quadratic_guided,0.05,8,1.0
0.8887560760844134,123,12,hcrd_raw,0.05,9,0.109375
0.1558982649807324,2,12,hcrd_robust,0.05,9,0.0
0.08132189732277416,12,12,hcrd_gaussian_guided,0.05,9,0.23529411764705882
0.05815154592290577,9,12,hcrd_adaptive_guided,0.05,9,0.8571428571428571
0.04383326090283068,9,12,hcrd_quadratic_guided,0.05,9,1.0
0.8757079178495001,121,13,hcrd_raw,0.05,0,0.09523809523809523
0.37627808039746263,2,13,hcrd_robust,0.05,0,0.0
0.11147825875811287,11,13,hcrd_gaussian_guided,0.05,0,0.375
0.09927304340589105,9,13,hcrd_adaptive_guided,0.05,0,0.5714285714285714
0.07128382884420648,9,13,hcrd_quadratic_guided,0.05,0,0.7142857142857143
0.8984471314314867,120,13,hcrd_raw,0.05,1,0.09600000000000002
0.38976648884756115,2,13,hcrd_robust,0.05,1,0.0
0.16121482461524503,17,13,hcrd_gaussian_guided,0.05,1,0.36363636363636365
0.08837648101806074,9,13,hcrd_adaptive_guided,0.05,1,0.7142857142857143
0.06833829740924412,9,13,hcrd_quadratic_guided,0.05,1,0.7142857142857143
0.8783435404258297,123,13,hcrd_raw,0.05,2,0.109375
0.3242404740877745,2,13,hcrd_robust,0.05,2,0.0
0.13738974677703628,13,13,hcrd_gaussian_guided,0.05,2,0.2222222222222222
0.09327755715302852,9,13,hcrd_adaptive_guided,0.05,2,0.7142857142857143
0.07307143295194177,9,13,hcrd_quadratic_guided,0.05,2,0.7142857142857143
0.8832826665892456,122,13,hcrd_raw,0.05,3,0.11023622047244094
0.3286958432003596,2,13,hcrd_robust,0.05,3,0.0
0.14018924364762603,13,13,hcrd_gaussian_guided,0.05,3,0.33333333333333326
0.10823305788772926,9,13,hcrd_adaptive_guided,0.05,3,0.42857142857142855
0.07195728184625994,9,13,hcrd_quadratic_guided,0.05,3,0.7142857142857143
0.8797382570009611,122,13,hcrd_raw,0.05,4,0.11023622047244094
0.3078965382686212,2,13,hcrd_robust,0.05,4,0.0
0.14805222548136854,14,13,hcrd_gaussian_guided,0.05,4,0.2105263157894737
0.09626738686248316,9,13,hcrd_adaptive_guided,0.05,4,0.5714285714285714
0.06837139893802614,9,13,hcrd_quadratic_guided,0.05,4,0.7142857142857143
0.8992655430065071,122,13,hcrd_raw,0.05,5,0.11023622047244094
0.3618269975556429,2,13,hcrd_robust,0.05,5,0.0
0.09591989630931111,13,13,hcrd_gaussian_guided,0.05,5,0.4444444444444444
0.09661133709195616,9,13,hcrd_adaptive_guided,0.05,5,0.7142857142857143
0.07262750684897322,9,13,hcrd_quadratic_guided,0.05,5,0.7142857142857143
0.8878695132569956,124,13,hcrd_raw,0.05,6,0.10852713178294575
0.30866604049285157,2,13,hcrd_robust,0.05,6,0.0
0.11635189263317892,11,13,hcrd_gaussian_guided,0.05,6,0.5
0.0922148054172524,9,13,hcrd_adaptive_guided,0.05,6,0.7142857142857143
0.0740785940378468,9,13,hcrd_quadratic_guided,0.05,6,0.7142857142857143
0.8915296128115542,125,13,hcrd_raw,0.05,7,0.10769230769230768
0.35183741540408364,2,13,hcrd_robust,0.05,7,0.0
0.08312221720459219,12,13,hcrd_gaussian_guided,0.05,7,0.47058823529411764
0.10237470588348675,9,13,hcrd_adaptive_guided,0.05,7,0.7142857142857143
0.07781931741982649,9,13,hcrd_quadratic_guided,0.05,7,0.7142857142857143
0.8826910837774673,122,13,hcrd_raw,0.05,8,0.11023622047244094
0.3320920713147769,2,13,hcrd_robust,0.05,8,0.0
0.10034483274654421,11,13,hcrd_gaussian_guided,0.05,8,0.375
0.08830898347089448,9,13,hcrd_adaptive_guided,0.05,8,0.7142857142857143
0.07017869625990225,9,13,hcrd_quadratic_guided,0.05,8,0.7142857142857143
0.8985321472949592,120,13,hcrd_raw,0.05,9,0.112
0.3307339329106365,2,13,hcrd_robust,0.05,9,0.0
0.12098981426131743,14,13,hcrd_gaussian_guided,0.05,9,0.3157894736842105
0.10609202190720403,9,13,hcrd_adaptive_guided,0.05,9,0.5714285714285714
0.07564897101605084,9,13,hcrd_quadratic_guided,0.05,9,0.7142857142857143
0.7779014301342412,124,14,hcrd_raw,0.05,0,0.10852713178294575
0.68896767327267,2,14,hcrd_robust,0.05,0,0.0
0.047978251624062246,11,14,hcrd_gaussian_guided,0.05,0,0.75
0.04792677532244225,9,14,hcrd_adaptive_guided,0.05,0,0.8571428571428571
0.04321040388193519,9,14,hcrd_quadratic_guided,0.05,0,1.0
0.7872881105684694,124,14,hcrd_raw,0.05,1,0.0930232558139535
0.6711554261108352,2,14,hcrd_robust,0.05,1,0.0
0.09885561359388116,13,14,hcrd_gaussian_guided,0.05,1,0.33333333333333326
0.03870385345422002,9,14,hcrd_adaptive_guided,0.05,1,0.8571428571428571
0.042775472036893934,9,14,hcrd_quadratic_guided,0.05,1,1.0
0.768631620378737,124,14,hcrd_raw,0.05,2,0.10852713178294575
0.6744347013873813,2,14,hcrd_robust,0.05,2,0.0
0.09466627614605605,13,14,hcrd_gaussian_guided,0.05,2,0.4444444444444444
0.04459050095383204,9,14,hcrd_adaptive_guided,0.05,2,0.8571428571428571
0.04432091901194342,9,14,hcrd_quadratic_guided,0.05,2,1.0
0.7664470334665987,123,14,hcrd_raw,0.05,3,0.109375
0.787178638787927,2,14,hcrd_robust,0.05,3,0.0
0.04053067031973229,11,14,hcrd_gaussian_guided,0.05,3,0.8750000000000001
0.05022600745848653,9,14,hcrd_adaptive_guided,0.05,3,0.8571428571428571
0.045661947570980146,9,14,hcrd_quadratic_guided,0.05,3,1.0
0.7827781402009268,122,14,hcrd_raw,0.05,4,0.11023622047244094
0.6603653617209778,2,14,hcrd_robust,0.05,4,0.0
0.07893629696020478,12,14,hcrd_gaussian_guided,0.05,4,0.47058823529411764
0.0489141989719624,9,14,hcrd_adaptive_guided,0.05,4,0.8571428571428571
0.04638054046271612,9,14,hcrd_quadratic_guided,0.05,4,1.0
0.7771054814486329,121,14,hcrd_raw,0.05,5,0.1111111111111111
0.8018522161630911,2,14,hcrd_robust,0.05,5,0.0
0.06192426790617185,12,14,hcrd_gaussian_guided,0.05,5,0.7058823529411764
0.03894590658062522,9,14,hcrd_adaptive_guided,0.05,5,0.8571428571428571
0.039616759703338486,9,14,hcrd_quadratic_guided,0.05,5,1.0
0.790432742446186,121,14,hcrd_raw,0.05,6,0.1111111111111111
0.75109226815103,2,14,hcrd_robust,0.05,6,0.0
0.09479387622151196,12,14,hcrd_gaussian_guided,0.05,6,0.588235294117647
0.04917812280002608,9,14,hcrd_adaptive_guided,0.05,6,0.8571428571428571
0.04421183079947266,9,14,hcrd_quadratic_guided,0.05,6,1.0
0.7830302572967205,122,14,hcrd_raw,0.05,7,0.11023622047244094
0.7072387162983028,2,14,hcrd_robust,0.05,7,0.0
0.14069487997855584,15,14,hcrd_gaussian_guided,0.05,7,0.4
0.05489721721971805,9,14,hcrd_adaptive_guided,0.05,7,0.8571428571428571
0.044964501375635395,9,14,hcrd_quadratic_guided,0.05,7,1.0
0.7859281874711389,122,14,hcrd_raw,0.05,8,0.11023622047244094
0.7280159955036611,2,14,hcrd_robust,0.05,8,0.0
0.06505568408950055,11,14,hcrd_gaussian_guided,0.05,8,0.6250000000000001
0.04854904221075669,9,14,hcrd_adaptive_guided,0.05,8,0.8571428571428571
0.04230567283899209,9,14,hcrd_quadratic_guided,0.05,8,1.0
0.7830221029161909,120,14,hcrd_raw,0.05,9,0.112
0.6666026312620361,2,14,hcrd_robust,0.05,9,0.0
0.10505626737018799,14,14,hcrd_gaussian_guided,0.05,9,0.4210526315789474
0.051934009517647074,9,14,hcrd_adaptive_guided,0.05,9,0.7142857142857143
0.04331261694791936,9,14,hcrd_quadratic_guided,0.05,9,1.0
1.0348831599697264,123,15,hcrd_raw,0.05,0,0.109375
0.31754144666847756,2,15,hcrd_robust,0.05,0,0.0
0.1463732878370983,12,15,hcrd_gaussian_guided,0.05,0,0.3529411764705882
0.09291467849418707,9,15,hcrd_adaptive_guided,0.05,0,0.5714285714285714
0.07827006619790033,9,15,hcrd_quadratic_guided,0.05,0,0.7142857142857143
1.0325735480562113,124,15,hcrd_raw,0.05,1,0.10852713178294575
0.301928381990496,2,15,hcrd_robust,0.05,1,0.0
0.14689838015642942,12,15,hcrd_gaussian_guided,0.05,1,0.3529411764705882
0.093091881055158,9,15,hcrd_adaptive_guided,0.05,1,0.5714285714285714
0.08166545088017589,9,15,hcrd_quadratic_guided,0.05,1,0.5714285714285714
1.0191262452322052,122,15,hcrd_raw,0.05,2,0.11023622047244094
0.3169318758762599,2,15,hcrd_robust,0.05,2,0.0
0.12316694592969897,13,15,hcrd_gaussian_guided,0.05,2,0.2222222222222222
0.09349718991008338,9,15,hcrd_adaptive_guided,0.05,2,0.42857142857142855
0.07868278303200892,9,15,hcrd_quadratic_guided,0.05,2,0.7142857142857143
1.0274984855885658,120,15,hcrd_raw,0.05,3,0.09600000000000002
0.33551285716454843,2,15,hcrd_robust,0.05,3,0.0
0.08722495623367739,11,15,hcrd_gaussian_guided,0.05,3,0.5
0.08535078476200587,9,15,hcrd_adaptive_guided,0.05,3,0.5714285714285714
0.07733518657635641,9,15,hcrd_quadratic_guided,0.05,3,0.7142857142857143
1.0436951353793107,122,15,hcrd_raw,0.05,4,0.11023622047244094
0.31090601322825184,2,15,hcrd_robust,0.05,4,0.0
0.10894519668917126,13,15,hcrd_gaussian_guided,0.05,4,0.4444444444444444
0.09736073962362339,9,15,hcrd_adaptive_guided,0.05,4,0.42857142857142855
0.08150510690573828,9,15,hcrd_quadratic_guided,0.05,4,0.7142857142857143
1.0255829283754636,123,15,hcrd_raw,0.05,5,0.109375
0.34438863887697685,2,15,hcrd_robust,0.05,5,0.0
0.08451780589321763,10,15,hcrd_gaussian_guided,0.05,5,0.13333333333333333
0.09442299928713466,9,15,hcrd_adaptive_guided,0.05,5,0.42857142857142855
0.07096099568062919,9,15,hcrd_quadratic_guided,0.05,5,0.8571428571428571
1.0172317666954378,121,15,hcrd_raw,0.05,6,0.09523809523809523
0.337573658048452,2,15,hcrd_robust,0.05,6,0.0
0.08579575924600777,11,15,hcrd_gaussian_guided,0.05,6,0.5
0.1049835190427815,9,15,hcrd_adaptive_guided,0.05,6,0.42857142857142855
0.08957840870358556,9,15,hcrd_quadratic_guided,0.05,6,0.5714285714285714
1.0278792103389351,125,15,hcrd_raw,0.05,7,0.10769230769230768
0.3136791591054501,2,15,hcrd_robust,0.05,7,0.0
0.1366298086210513,13,15,hcrd_gaussian_guided,0.05,7,0.2222222222222222
0.10375037533669333,9,15,hcrd_adaptive_guided,0.05,7,0.42857142857142855
0.07091661959694688,9,15,hcrd_quadratic_guided,0.05,7,0.8571428571428571
1.0197919988397233,119,15,hcrd_raw,0.05,8,0.11290322580645161
0.31632702320334694,2,15,hcrd_robust,0.05,8,0.0
0.07985154602186323,12,15,hcrd_gaussian_guided,0.05,8,0.3529411764705882
0.10331164963948039,9,15,hcrd_adaptive_guided,0.05,8,0.42857142857142855
0.07103436373308107,9,15,hcrd_quadratic_guided,0.05,8,0.8571428571428571
1.0254718032270747,123,15,hcrd_raw,0.05,9,0.109375
0.33625710635565453,2,15,hcrd_robust,0.05,9,0.0
0.1214108311237582,12,15,hcrd_gaussian_guided,0.05,9,0.11764705882352941
0.10714739489007245,9,15,hcrd_adaptive_guided,0.05,9,0.42857142857142855
0.07134443279303647,9,15,hcrd_quadratic_guided,0.05,9,0.8571428571428571
0.6989814047839868,122,16,hcrd_raw,0.05,0,0.09448818897637795
0.09622226856470435,2,16,hcrd_robust,0.05,0,0.0
0.06891056380445316,13,16,hcrd_gaussian_guided,0.05,0,0.6666666666666665
0.04697640578997682,9,16,hcrd_adaptive_guided,0.05,0,0.7142857142857143
0.03596022733292056,9,16,hcrd_quadratic_guided,0.05,0,0.8571428571428571
0.7076845105446571,123,16,hcrd_raw,0.05,1,0.109375
0.07672833923396659,2,16,hcrd_robust,0.05,1,0.0
0.14616071900822578,15,16,hcrd_gaussian_guided,0.05,1,0.5
0.05598465934108253,9,16,hcrd_adaptive_guided,0.05,1,0.7142857142857143
0.04059324005494077,9,16,hcrd_quadratic_guided,0.05,1,0.8571428571428571
0.6949852330488672,121,16,hcrd_raw,0.05,2,0.1111111111111111
0.08472858431820714,2,16,hcrd_robust,0.05,2,0.0
0.07929358443475776,12,16,hcrd_gaussian_guided,0.05,2,0.47058823529411764
0.05299879062923198,9,16,hcrd_adaptive_guided,0.05,2,0.8571428571428571
0.03547685766050973,9,16,hcrd_quadratic_guided,0.05,2,0.8571428571428571
0.705216960367982,124,16,hcrd_raw,0.05,3,0.10852713178294575
0.0879445861579318,2,16,hcrd_robust,0.05,3,0.0
0.04824595881021448,11,16,hcrd_gaussian_guided,0.05,3,0.375
0.05609619063808165,9,16,hcrd_adaptive_guided,0.05,3,0.7142857142857143
0.038637272355719385,9,16,hcrd_quadratic_guided,0.05,3,0.8571428571428571
0.7042730285095384,124,16,hcrd_raw,0.05,4,0.10852713178294575
0.15498980053547567,2,16,hcrd_robust,0.05,4,0.0
0.18673616754253136,18,16,hcrd_gaussian_guided,0.05,4,0.34782608695652173
0.05184324233553018,9,16,hcrd_adaptive_guided,0.05,4,0.8571428571428571
0.03488173044715405,9,16,hcrd_quadratic_guided,0.05,4,0.8571428571428571
0.6904294487357574,119,16,hcrd_raw,0.05,5,0.11290322580645161
0.10943087526114706,2,16,hcrd_robust,0.05,5,0.0
0.09058241125665274,14,16,hcrd_gaussian_guided,0.05,5,0.3157894736842105
0.05722489483692279,9,16,hcrd_adaptive_guided,0.05,5,0.7142857142857143
0.03916211572662269,9,16,hcrd_quadratic_guided,0.05,5,0.8571428571428571
0.7100047354863421,124,16,hcrd_raw,0.05,6,0.10852713178294575
0.11350248181023123,2,16,hcrd_robust,0.05,6,0.0
0.11488972249745975,12,16,hcrd_gaussian_guided,0.05,6,0.47058823529411764
0.0520909700953956,9,16,hcrd_adaptive_guided,0.05,6,0.8571428571428571
0.038192258831550314,9,16,hcrd_quadratic_guided,0.05,6,0.8571428571428571
0.6899949601120201,122,16,hcrd_raw,0.05,7,0.11023622047244094
0.07303664715322776,2,16,hcrd_robust,0.05,7,0.0
0.09796590827862972,14,16,hcrd_gaussian_guided,0.05,7,0.5263157894736842
0.051813216948480297,9,16,hcrd_adaptive_guided,0.05,7,0.7142857142857143
0.036336113060714624,9,16,hcrd_quadratic_guided,0.05,7,0.8571428571428571
0.7002661468621898,123,16,hcrd_raw,0.05,8,0.109375
0.8327095745546604,3,16,hcrd_robust,0.05,8,0.0
0.1023930574893113,14,16,hcrd_gaussian_guided,0.05,8,0.3157894736842105
0.05380002405829027,9,16,hcrd_adaptive_guided,0.05,8,0.7142857142857143
0.03804742766645069,9,16,hcrd_quadratic_guided,0.05,8,0.8571428571428571
0.7074598081767873,125,16,hcrd_raw,0.05,9,0.10769230769230768
0.11166835451790628,2,16,hcrd_robust,0.05,9,0.0
0.09300068980803557,14,16,hcrd_gaussian_guided,0.05,9,0.5263157894736842
0.04337473888087228,9,16,hcrd_adaptive_guided,0.05,9,0.8571428571428571
0.03541650840789355,9,16,hcrd_quadratic_guided,0.05,9,0.8571428571428571
0.7328286244320191,122,17,hcrd_raw,0.05,0,0.11023622047244094
0.17611040376121553,2,17,hcrd_robust,0.05,0,0.0
0.11649873614374914,13,17,hcrd_gaussian_guided,0.05,0,0.4444444444444444
0.05772052173623847,9,17,hcrd_adaptive_guided,0.05,0,0.42857142857142855
0.05417135985233916,9,17,hcrd_quadratic_guided,0.05,0,0.7142857142857143
0.7416777623304526,123,17,hcrd_raw,0.05,1,0.109375
0.23414480714731992,2,17,hcrd_robust,0.05,1,0.0
0.0987318962981976,12,17,hcrd_gaussian_guided,0.05,1,0.3529411764705882
0.06181530139767626,9,17,hcrd_adaptive_guided,0.05,1,0.42857142857142855
0.05765689350399287,9,17,hcrd_quadratic_guided,0.05,1,0.5714285714285714
0.7445584412537729,123,17,hcrd_raw,0.05,2,0.109375
0.20248779925998847,2,17,hcrd_robust,0.05,2,0.0
0.08706244593967162,10,17,hcrd_gaussian_guided,0.05,2,0.0
0.0600159143538756,9,17,hcrd_adaptive_guided,0.05,2,0.5714285714285714
0.058889844828738755,9,17,hcrd_quadratic_guided,0.05,2,0.5714285714285714
0.7487113845482156,123,17,hcrd_raw,0.05,3,0.109375
0.34791740398229726,3,17,hcrd_robust,0.05,3,0.0
0.12968625013015686,12,17,hcrd_gaussian_guided,0.05,3,0.23529411764705882
0.05967905580103737,9,17,hcrd_adaptive_guided,0.05,3,0.5714285714285714
0.05651255739564711,9,17,hcrd_quadratic_guided,0.05,3,0.5714285714285714
0.7275700499660246,123,17,hcrd_raw,0.05,4,0.109375
0.1999672866012405,2,17,hcrd_robust,0.05,4,0.0
0.1114905640190629,13,17,hcrd_gaussian_guided,0.05,4,0.33333333333333326
0.059737502451483376,9,17,hcrd_adaptive_guided,0.05,4,0.42857142857142855
0.05584092841961428,9,17,hcrd_quadratic_guided,0.05,4,0.5714285714285714
0.7422610416935823,123,17,hcrd_raw,0.05,5,0.09375000000000001
0.19581599700046998,2,17,hcrd_robust,0.05,5,0.0
0.10400583080451059,12,17,hcrd_gaussian_guided,0.05,5,0.3529411764705882
0.05729747761378312,9,17,hcrd_adaptive_guided,0.05,5,0.5714285714285714
0.055314545772811245,9,17,hcrd_quadratic_guided,0.05,5,0.5714285714285714
0.7413575058802141,123,17,hcrd_raw,0.05,6,0.109375
0.1959523484742031,2,17,hcrd_robust,0.05,6,0.0
0.08369182742683022,12,17,hcrd_gaussian_guided,0.05,6,0.47058823529411764
0.06374592811331314,9,17,hcrd_adaptive_guided,0.05,6,0.5714285714285714
0.0493311302491372,9,17,hcrd_quadratic_guided,0.05,6,0.7142857142857143
0.7398013648845098,120,17,hcrd_raw,0.05,7,0.112
0.22304939958240924,2,17,hcrd_robust,0.05,7,0.0
0.0915432270525601,11,17,hcrd_gaussian_guided,0.05,7,0.5
0.057603345228058336,9,17,hcrd_adaptive_guided,0.05,7,0.5714285714285714
0.05793743999101711,9,17,hcrd_quadratic_guided,0.05,7,0.5714285714285714
0.7424533757533005,124,17,hcrd_raw,0.05,8,0.10852713178294575
0.18385569841471538,2,17,hcrd_robust,0.05,8,0.0
0.19753472180348633,13,17,hcrd_gaussian_guided,0.05,8,0.33333333333333326
0.06445303887578872,9,17,hcrd_adaptive_guided,0.05,8,0.5714285714285714
0.05106594740419014,9,17,hcrd_quadratic_guided,0.05,8,0.7142857142857143
0.7361681398572963,123,17,hcrd_raw,0.05,9,0.109375
0.20225866068891024,2,17,hcrd_robust,0.05,9,0.0
0.11489465205560116,12,17,hcrd_gaussian_guided,0.05,9,0.23529411764705882
0.05662176586614214,9,17,hcrd_adaptive_guided,0.05,9,0.5714285714285714
0.05674075359165782,9,17,hcrd_quadratic_guided,0.05,9,0.5714285714285714
1.0314133218243793,124,18,hcrd_raw,0.05,0,0.10852713178294575
0.18720075351437399,2,18,hcrd_robust,0.05,0,0.0
0.12043447314546758,11,18,hcrd_gaussian_guided,0.05,0,0.25
0.1897119241833891,9,18,hcrd_adaptive_guided,0.05,0,0.2857142857142857
0.15072208079154367,9,18,hcrd_quadratic_guided,0.05,0,0.5714285714285714
1.0160070143626085,125,18,hcrd_raw,0.05,1,0.10769230769230768
0.19944519247775472,2,18,hcrd_robust,0.05,1,0.0
0.14959054096739946,13,18,hcrd_gaussian_guided,0.05,1,0.2222222222222222
0.1936657467635735,9,18,hcrd_adaptive_guided,0.05,1,0.2857142857142857
0.13911761357362804,9,18,hcrd_quadratic_guided,0.05,1,0.5714285714285714
1.0132698391350605,122,18,hcrd_raw,0.05,2,0.11023622047244094
0.19636758408364122,2,18,hcrd_robust,0.05,2,0.0
0.09430283058567207,12,18,hcrd_gaussian_guided,0.05,2,0.3529411764705882
0.1821143130137766,9,18,hcrd_adaptive_guided,0.05,2,0.42857142857142855
0.1577296128123602,9,18,hcrd_quadratic_guided,0.05,2,0.5714285714285714
1.021538202830999,123,18,hcrd_raw,0.05,3,0.109375
0.1770767096437629,2,18,hcrd_robust,0.05,3,0.0
0.13978879960962748,10,18,hcrd_gaussian_guided,0.05,3,0.39999999999999997
0.1955371589496958,9,18,hcrd_adaptive_guided,0.05,3,0.42857142857142855
0.16853162028957225,9,18,hcrd_quadratic_guided,0.05,3,0.5714285714285714
1.013800963368532,119,18,hcrd_raw,0.05,4,0.11290322580645161
0.17957784424348638,2,18,hcrd_robust,0.05,4,0.0
0.13885079021616048,12,18,hcrd_gaussian_guided,0.05,4,0.23529411764705882
0.18286862437824217,9,18,hcrd_adaptive_guided,0.05,4,0.42857142857142855
0.14685463723894668,9,18,hcrd_quadratic_guided,0.05,4,0.5714285714285714
1.0141706368045353,123,18,hcrd_raw,0.05,5,0.109375
0.19130473864444664,2,18,hcrd_robust,0.05,5,0.0
0.14542235964298364,12,18,hcrd_gaussian_guided,0.05,5,0.11764705882352941
0.18692344570914965,9,18,hcrd_adaptive_guided,0.05,5,0.2857142857142857
0.14621082480688283,9,18,hcrd_quadratic_guided,0.05,5,0.5714285714285714
1.0119604067710475,121,18,hcrd_raw,0.05,6,0.1111111111111111
0.17600220892331692,2,18,hcrd_robust,0.05,6,0.0
0.16720054373853596,11,18,hcrd_gaussian_guided,0.05,6,0.25
0.1799586581522455,9,18,hcrd_adaptive_guided,0.05,6,0.42857142857142855
0.1501609216861875,9,18,hcrd_quadratic_guided,0.05,6,0.5714285714285714
1.0245035257685529,120,18,hcrd_raw,0.05,7,0.09600000000000002
0.1853830710255131,2,18,hcrd_robust,0.05,7,0.0
0.1406322871485553,14,18,hcrd_gaussian_guided,0.05,7,0.3157894736842105
0.20025474141724775,9,18,hcrd_adaptive_guided,0.05,7,0.2857142857142857
0.15915308951674226,9,18,hcrd_quadratic_guided,0.05,7,0.5714285714285714
1.0168923182043152,119,18,hcrd_raw,0.05,8,0.11290322580645161
0.1837321442069915,2,18,hcrd_robust,0.05,8,0.0
0.17447634017608707,13,18,hcrd_gaussian_guided,0.05,8,0.4444444444444444
0.18296103117336415,9,18,hcrd_adaptive_guided,0.05,8,0.42857142857142855
0.16162610534815314,9,18,hcrd_quadratic_guided,0.05,8,0.5714285714285714
1.000141134040834,120,18,hcrd_raw,0.05,9,0.09600000000000002
0.19602165458837292,2,18,hcrd_robust,0.05,9,0.0
0.1170859841122992,13,18,hcrd_gaussian_guided,0.05,9,0.33333333333333326
0.19276620662470229,9,18,hcrd_adaptive_guided,0.05,9,0.2857142857142857
0.1544923975019657,9,18,hcrd_quadratic_guided,0.05,9,0.5714285714285714
0.7895884385201344,125,19,hcrd_raw,0.05,0,0.10769230769230768
0.13404866113848402,2,19,hcrd_robust,0.05,0,0.0
0.10333766696746968,12,19,hcrd_gaussian_guided,0.05,0,0.3529411764705882
0.06111543682366289,9,19,hcrd_adaptive_guided,0.05,0,0.5714285714285714
0.04811263087713827,9,19,hcrd_quadratic_guided,0.05,0,1.0
0.7801716067814914,122,19,hcrd_raw,0.05,1,0.11023622047244094
0.10792313654735292,2,19,hcrd_robust,0.05,1,0.0
0.07704534490839905,13,19,hcrd_gaussian_guided,0.05,1,0.4444444444444444
0.06341728727385576,9,19,hcrd_adaptive_guided,0.05,1,0.5714285714285714
0.04841226220516076,9,19,hcrd_quadratic_guided,0.05,1,1.0
0.7910994778165363,122,19,hcrd_raw,0.05,2,0.11023622047244094
0.17404389920539864,2,19,hcrd_robust,0.05,2,0.0
0.11551635915912162,12,19,hcrd_gaussian_guided,0.05,2,0.23529411764705882
0.06545709694350067,9,19,hcrd_adaptive_guided,0.05,2,0.7142857142857143
0.05320436672849292,9,19,hcrd_quadratic_guided,0.05,2,1.0
0.790595988869944,120,19,hcrd_raw,0.05,3,0.112
0.08765149887290644,2,19,hcrd_robust,0.05,3,0.0
0.08814560826135376,10,19,hcrd_gaussian_guided,0.05,3,0.13333333333333333
0.06562665560923352,9,19,hcrd_adaptive_guided,0.05,3,0.5714285714285714
0.051090709793914,9,19,hcrd_quadratic_guided,0.05,3,1.0
0.81583992868717,122,19,hcrd_raw,0.05,4,0.11023622047244094
0.1590686288780135,2,19,hcrd_robust,0.05,4,0.0
0.14526416017207028,13,19,hcrd_gaussian_guided,0.05,4,0.33333333333333326
0.06674385267608501,9,19,hcrd_adaptive_guided,0.05,4,0.7142857142857143
0.05161403921144154,9,19,hcrd_quadratic_guided,0.05,4,1.0
0.7940766329545694,124,19,hcrd_raw,0.05,5,0.10852713178294575
0.14511424720745567,2,19,hcrd_robust,0.05,5,0.0
0.1340291868638303,13,19,hcrd_gaussian_guided,0.05,5,0.5555555555555556
0.06656612552296702,9,19,hcrd_adaptive_guided,0.05,5,0.5714285714285714
0.050024321343243035,9,19,hcrd_quadratic_guided,0.05,5,1.0
0.8033952349005649,123,19,hcrd_raw,0.05,6,0.109375
0.1446153974285194,2,19,hcrd_robust,0.05,6,0.0
0.13729989665087744,13,19,hcrd_gaussian_guided,0.05,6,0.4444444444444444
0.06493796671465142,9,19,hcrd_adaptive_guided,0.05,6,0.5714285714285714
0.049232378455634176,9,19,hcrd_quadratic_guided,0.05,6,1.0
0.7872596578097733,122,19,hcrd_raw,0.05,7,0.11023622047244094
0.12464834101507756,2,19,hcrd_robust,0.05,7,0.0
0.15436427830819682,14,19,hcrd_gaussian_guided,0.05,7,0.3157894736842105
0.05579617210430139,9,19,hcrd_adaptive_guided,0.05,7,0.7142857142857143
0.047560221189039485,9,19,hcrd_quadratic_guided,0.05,7,1.0
0.7973350334355137,122,19,hcrd_raw,0.05,8,0.11023622047244094
0.12181272905966678,2,19,hcrd_robust,0.05,8,0.0
0.10417590416381008,14,19,hcrd_gaussian_guided,0.05,8,0.5263157894736842
0.07110392713518147,9,19,hcrd_adaptive_guided,0.05,8,0.5714285714285714
0.05207010299737207,9,19,hcrd_quadratic_guided,0.05,8,1.0
0.7984711263279894,119,19,hcrd_raw,0.05,9,0.11290322580645161
0.1296118134937152,2,19,hcrd_robust,0.05,9,0.0
0.08483069012145808,13,19,hcrd_gaussian_guided,0.05,9,0.33333333333333326
0.07121023533750868,9,19,hcrd_adaptive_guided,0.05,9,0.42857142857142855
0.04976401676946105,9,19,hcrd_quadratic_guided,0.05,9,1.0
0.9809358019493638,124,20,hcrd_raw,0.05,0,0.10852713178294575
0.45260459423835037,2,20,hcrd_robust,0.05,0,0.0
0.11293832590417575,12,20,hcrd_gaussian_guided,0.05,0,0.23529411764705882
0.08877256749185107,9,20,hcrd_adaptive_guided,0.05,0,0.42857142857142855
0.07686923000193796,9,20,hcrd_quadratic_guided,0.05,0,0.5714285714285714
0.9586118129898127,122,20,hcrd_raw,0.05,1,0.11023622047244094
0.4560443137587693,2,20,hcrd_robust,0.05,1,0.0
0.10616979371645725,13,20,hcrd_gaussian_guided,0.05,1,0.4444444444444444
0.0757428336710607,9,20,hcrd_adaptive_guided,0.05,1,0.5714285714285714
0.07531285246219599,9,20,hcrd_quadratic_guided,0.05,1,0.7142857142857143
0.9760873474695153,125,20,hcrd_raw,0.05,2,0.10769230769230768
0.4946375799186365,2,20,hcrd_robust,0.05,2,0.0
0.08010855942975424,12,20,hcrd_gaussian_guided,0.05,2,0.23529411764705882
0.07662053923655561,9,20,hcrd_adaptive_guided,0.05,2,0.42857142857142855
0.07360137349207803,9,20,hcrd_quadratic_guided,0.05,2,0.5714285714285714
0.9712672766060837,118,20,hcrd_raw,0.05,3,0.11382113821138212
0.427849015965723,2,20,hcrd_robust,0.05,3,0.0
0.1177313581488372,13,20,hcrd_gaussian_guided,0.05,3,0.33333333333333326
0.06614294334361907,9,20,hcrd_adaptive_guided,0.05,3,0.42857142857142855
0.06982503394966166,9,20,hcrd_quadratic_guided,0.05,3,0.7142857142857143
0.9466941638404378,125,20,hcrd_raw,0.05,4,0.10769230769230768
0.47422637446694277,2,20,hcrd_robust,0.05,4,0.0
0.11807650882259677,12,20,hcrd_gaussian_guided,0.05,4,0.3529411764705882
0.09754714867514526,9,20,hcrd_adaptive_guided,0.05,4,0.42857142857142855
0.07827735402827914,9,20,hcrd_quadratic_guided,0.05,4,0.5714285714285714
0.9530075320142594,125,20,hcrd_raw,0.05,5,0.10769230769230768
0.46150917621932475,2,20,hcrd_robust,0.05,5,0.0
0.13559568750897735,12,20,hcrd_gaussian_guided,0.05,5,0.11764705882352941
0.09093990927395824,9,20,hcrd_adaptive_guided,0.05,5,0.42857142857142855
0.07516388361133446,9,20,hcrd_quadratic_guided,0.05,5,0.7142857142857143
0.9694588376967389,122,20,hcrd_raw,0.05,6,0.11023622047244094
0.45008959926247954,2,20,hcrd_robust,0.05,6,0.0
0.14124174558075492,11,20,hcrd_gaussian_guided,0.05,6,0.25
0.10383938649940216,9,20,hcrd_adaptive_guided,0.05,6,0.42857142857142855
0.0764147077231911,9,20,hcrd_quadratic_guided,0.05,6,0.7142857142857143
0.9715379959806159,123,20,hcrd_raw,0.05,7,0.109375
0.5097439054730444,2,20,hcrd_robust,0.05,7,0.0
0.12694830219222422,12,20,hcrd_gaussian_guided,0.05,7,0.3529411764705882
0.07155936094259963,9,20,hcrd_adaptive_guided,0.05,7,0.42857142857142855
0.07247153862064422,9,20,hcrd_quadratic_guided,0.05,7,0.7142857142857143
0.9779364990135365,125,20,hcrd_raw,0.05,8,0.10769230769230768
0.3493032932852798,2,20,hcrd_robust,0.05,8,0.0
0.06452666145397065,12,20,hcrd_gaussian_guided,0.05,8,0.47058823529411764
0.08122821464050872,9,20,hcrd_adaptive_guided,0.05,8,0.42857142857142855
0.07767438504384024,9,20,hcrd_quadratic_guided,0.05,8,0.5714285714285714
0.9741296628344718,126,20,hcrd_raw,0.05,9,0.10687022900763359
0.4857116389973134,2,20,hcrd_robust,0.05,9,0.0
0.10961852947546903,12,20,hcrd_gaussian_guided,0.05,9,0.23529411764705882
0.09531849444292599,9,20,hcrd_adaptive_guided,0.05,9,0.42857142857142855
0.07097879264409718,9,20,hcrd_quadratic_guided,0.05,9,0.8571428571428571
1.0523172802275724,115,21,hcrd_raw,0.05,0,0.11666666666666665
0.1794304705110487,2,21,hcrd_robust,0.05,0,0.0
0.08005146872015487,11,21,hcrd_gaussian_guided,0.05,0,0.5
0.06484832472651046,9,21,hcrd_adaptive_guided,0.05,0,0.5714285714285714
0.07449487565906157,9,21,hcrd_quadratic_guided,0.05,0,0.7142857142857143
1.0724527147887508,126,21,hcrd_raw,0.05,1,0.10687022900763359
0.19353316085555503,2,21,hcrd_robust,0.05,1,0.0
0.08054641799436005,11,21,hcrd_gaussian_guided,0.05,1,0.5
0.07036432826341546,9,21,hcrd_adaptive_guided,0.05,1,0.5714285714285714
0.07018046207948718,9,21,hcrd_quadratic_guided,0.05,1,0.7142857142857143
1.0834381796310217,123,21,hcrd_raw,0.05,2,0.109375
0.18986878923969105,2,21,hcrd_robust,0.05,2,0.0
0.0858870128560296,12,21,hcrd_gaussian_guided,0.05,2,0.23529411764705882
0.08341788456407755,9,21,hcrd_adaptive_guided,0.05,2,0.5714285714285714
0.06705718370936198,9,21,hcrd_quadratic_guided,0.05,2,0.7142857142857143
1.0882487222025898,123,21,hcrd_raw,0.05,3,0.109375
0.1962076538062882,2,21,hcrd_robust,0.05,3,0.0
0.10455518316071294,12,21,hcrd_gaussian_guided,0.05,3,0.47058823529411764
0.08684654003843573,9,21,hcrd_adaptive_guided,0.05,3,0.5714285714285714
0.06784427387267661,9,21,hcrd_quadratic_guided,0.05,3,0.7142857142857143
1.0629438590371008,124,21,hcrd_raw,0.05,4,0.10852713178294575
0.2470227358166513,2,21,hcrd_robust,0.05,4,0.0
0.08989382005804411,12,21,hcrd_gaussian_guided,0.05,4,0.3529411764705882
0.08439223019587942,9,21,hcrd_adaptive_guided,0.05,4,0.5714285714285714
0.06957487923349902,9,21,hcrd_quadratic_guided,0.05,4,0.7142857142857143
1.0610844427210577,122,21,hcrd_raw,0.05,5,0.11023622047244094
0.2746429000872424,2,21,hcrd_robust,0.05,5,0.0
0.11413248809766445,13,21,hcrd_gaussian_guided,0.05,5,0.33333333333333326
0.08223349993686456,9,21,hcrd_adaptive_guided,0.05,5,0.5714285714285714
0.07362802388141483,9,21,hcrd_quadratic_guided,0.05,5,0.5714285714285714
1.0609615729407247,120,21,hcrd_raw,0.05,6,0.112
0.1901357882707151,2,21,hcrd_robust,0.05,6,0.0
0.10290868332416113,12,21,hcrd_gaussian_guided,0.05,6,0.3529411764705882
0.07795167123306287,9,21,hcrd_adaptive_guided,0.05,6,0.5714285714285714
0.06861609974244462,9,21,hcrd_quadratic_guided,0.05,6,0.7142857142857143
1.0611167104715404,121,21,hcrd_raw,0.05,7,0.1111111111111111
0.21337332512807275,2,21,hcrd_robust,0.05,7,0.0
0.0782878298051659,11,21,hcrd_gaussian_guided,0.05,7,0.5
0.08501744617391327,9,21,hcrd_adaptive_guided,0.05,7,0.5714285714285714
0.0726620599201497,9,21,hcrd_quadratic_guided,0.05,7,0.7142857142857143
1.0719797756394192,124,21,hcrd_raw,0.05,8,0.10852713178294575
0.16401636997177177,2,21,hcrd_robust,0.05,8,0.0
0.1433883026915887,14,21,hcrd_gaussian_guided,0.05,8,0.631578947368421
0.08599661728390309,9,21,hcrd_adaptive_guided,0.05,8,0.5714285714285714
0.06903096413723471,9,21,hcrd_quadratic_guided,0.05,8,0.7142857142857143
1.071735337424868,122,21,hcrd_raw,0.05,9,0.11023622047244094
0.19538436923321095,2,21,hcrd_robust,0.05,9,0.0
0.07922198747407783,11,21,hcrd_gaussian_guided,0.05,9,0.5
0.07036054670343182,9,21,hcrd_adaptive_guided,0.05,9,0.5714285714285714
0.06847725605043584,9,21,hcrd_quadratic_guided,0.05,9,0.7142857142857143
1.0507050681579169,124,22,hcrd_raw,0.05,0,0.10852713178294575
0.6447670630184417,2,22,hcrd_robust,0.05,0,0.0
0.1385006107449664,13,22,hcrd_gaussian_guided,0.05,0,0.4444444444444444
0.11086910395606646,9,22,hcrd_adaptive_guided,0.05,0,0.5714285714285714
0.09080909739523049,9,22,hcrd_quadratic_guided,0.05,0,0.7142857142857143
1.059363863454793,122,22,hcrd_raw,0.05,1,0.09448818897637795
0.6990814600386478,2,22,hcrd_robust,0.05,1,0.0
0.1913095278664143,12,22,hcrd_gaussian_guided,0.05,1,0.47058823529411764
0.09003274800863205,9,22,hcrd_adaptive_guided,0.05,1,0.5714285714285714
0.09619916898595864,9,22,hcrd_quadratic_guided,0.05,1,0.7142857142857143
1.061715622200318,123,22,hcrd_raw,0.05,2,0.09375000000000001
0.742833738273117,2,22,hcrd_robust,0.05,2,0.0
0.07508845533677831,12,22,hcrd_gaussian_guided,0.05,2,0.7058823529411764
0.11534005036489328,9,22,hcrd_adaptive_guided,0.05,2,0.7142857142857143
0.0971855365681304,9,22,hcrd_quadratic_guided,0.05,2,0.7142857142857143
1.0589156653915164,124,22,hcrd_raw,0.05,3,0.10852713178294575
0.6428995225768864,2,22,hcrd_robust,0.05,3,0.0
0.12933831764166903,13,22,hcrd_gaussian_guided,0.05,3,0.33333333333333326
0.10383309184906775,9,22,hcrd_adaptive_guided,0.05,3,0.7142857142857143
0.09039805634753925,9,22,hcrd_quadratic_guided,0.05,3,0.7142857142857143
1.050730207314879,126,22,hcrd_raw,0.05,4,0.10687022900763359
0.727144856761806,2,22,hcrd_robust,0.05,4,0.0
0.09572797672558432,12,22,hcrd_gaussian_guided,0.05,4,0.3529411764705882
0.1177540320657502,9,22,hcrd_adaptive_guided,0.05,4,0.42857142857142855
0.09112881063168665,9,22,hcrd_quadratic_guided,0.05,4,0.7142857142857143
1.0643867348281941,122,22,hcrd_raw,0.05,5,0.11023622047244094
0.7703208431610487,2,22,hcrd_robust,0.05,5,0.0
0.11125355226781582,11,22,hcrd_gaussian_guided,0.05,5,0.6250000000000001
0.10996754107674526,9,22,hcrd_adaptive_guided,0.05,5,0.5714285714285714
0.09141340494827768,9,22,hcrd_quadratic_guided,0.05,5,0.7142857142857143
1.0406689877668005,120,22,hcrd_raw,0.05,6,0.112
0.7706055448651686,2,22,hcrd_robust,0.05,6,0.0
0.1524880860948834,13,22,hcrd_gaussian_guided,0.05,6,0.4444444444444444
0.10054271689272123,9,22,hcrd_adaptive_guided,0.05,6,0.7142857142857143
0.09229775612057642,9,22,hcrd_quadratic_guided,0.05,6,0.7142857142857143
1.0471620428348618,121,22,hcrd_raw,0.05,7,0.1111111111111111
0.6717273894687854,2,22,hcrd_robust,0.05,7,0.0
0.13053218067101516,11,22,hcrd_gaussian_guided,0.05,7,0.375
0.10327214633770102,9,22,hcrd_adaptive_guided,0.05,7,0.7142857142857143
0.0940417086997911,9,22,hcrd_quadratic_guided,0.05,7,0.7142857142857143
1.0573482235638083,121,22,hcrd_raw,0.05,8,0.1111111111111111
0.7187150266263376,2,22,hcrd_robust,0.05,8,0.0
0.08941109160835804,13,22,hcrd_gaussian_guided,0.05,8,0.33333333333333326
0.10516676280608007,9,22,hcrd_adaptive_guided,0.05,8,0.7142857142857143
0.09420656009263115,9,22,hcrd_quadratic_guided,0.05,8,0.7142857142857143
1.0534996158056664,118,22,hcrd_raw,0.05,9,0.09756097560975609
0.6286869538560816,2,22,hcrd_robust,0.05,9,0.0
0.08066530596874764,12,22,hcrd_gaussian_guided,0.05,9,0.47058823529411764
0.11254576032277248,9,22,hcrd_adaptive_guided,0.05,9,0.5714285714285714
0.09368998185101209,9,22,hcrd_quadratic_guided,0.05,9,0.7142857142857143
0.7650358885906303,121,23,hcrd_raw,0.05,0,0.09523809523809523
0.14250490462613968,2,23,hcrd_robust,0.05,0,0.0
0.12287533916583124,17,23,hcrd_gaussian_guided,0.05,0,0.4545454545454545
0.11920118439331248,9,23,hcrd_adaptive_guided,0.05,0,0.42857142857142855
0.09454320618608852,9,23,hcrd_quadratic_guided,0.05,0,0.5714285714285714
0.7837501811077523,119,23,hcrd_raw,0.05,1,0.11290322580645161
0.12149875909315604,2,23,hcrd_robust,0.05,1,0.0
0.14404021773228212,14,23,hcrd_gaussian_guided,0.05,1,0.2105263157894737
0.11934682679132462,9,23,hcrd_adaptive_guided,0.05,1,0.42857142857142855
0.0950169364135061,9,23,hcrd_quadratic_guided,0.05,1,0.5714285714285714
0.7727933166672395,124,23,hcrd_raw,0.05,2,0.0930232558139535
0.12561610480124968,2,23,hcrd_robust,0.05,2,0.0
0.14665577467422,14,23,hcrd_gaussian_guided,0.05,2,0.3157894736842105
0.12222658324744175,9,23,hcrd_adaptive_guided,0.05,2,0.5714285714285714
0.09623352920648662,9,23,hcrd_quadratic_guided,0.05,2,0.7142857142857143
0.7768489132035918,123,23,hcrd_raw,0.05,3,0.109375
0.16243053760708742,2,23,hcrd_robust,0.05,3,0.0
0.1609594891183919,15,23,hcrd_gaussian_guided,0.05,3,0.1
0.11845343236033674,9,23,hcrd_adaptive_guided,0.05,3,0.5714285714285714
0.09402459200920851,9,23,hcrd_quadratic_guided,0.05,3,0.7142857142857143
0.7849970052302655,122,23,hcrd_raw,0.05,4,0.11023622047244094
0.1420775092105218,2,23,hcrd_robust,0.05,4,0.0
0.09625506690707196,10,23,hcrd_gaussian_guided,0.05,4,0.13333333333333333
0.1235949766755723,9,23,hcrd_adaptive_guided,0.05,4,0.42857142857142855
0.09459761320512268,9,23,hcrd_quadratic_guided,0.05,4,0.7142857142857143
0.7733936879838427,124,23,hcrd_raw,0.05,5,0.10852713178294575
0.1274688756164489,2,23,hcrd_robust,0.05,5,0.0
0.11611608825695373,14,23,hcrd_gaussian_guided,0.05,5,0.4210526315789474
0.11892358960974549,9,23,hcrd_adaptive_guided,0.05,5,0.5714285714285714
0.09536880832058268,9,23,hcrd_quadratic_guided,0.05,5,0.7142857142857143
0.7766940628895388,125,23,hcrd_raw,0.05,6,0.10769230769230768
0.13051134904646366,2,23,hcrd_robust,0.05,6,0.0
0.12758538531503175,12,23,hcrd_gaussian_guided,0.05,6,0.47058823529411764
0.12322214400839841,9,23,hcrd_adaptive_guided,0.05,6,0.42857142857142855
0.09387705236286954,9,23,hcrd_quadratic_guided,0.05,6,0.7142857142857143
0.7730223275714398,122,23,hcrd_raw,0.05,7,0.11023622047244094
0.1571063181609082,2,23,hcrd_robust,0.05,7,0.0
0.17297676180819987,17,23,hcrd_gaussian_guided,0.05,7,0.27272727272727276
0.11780001601873104,9,23,hcrd_adaptive_guided,0.05,7,0.42857142857142855
0.09530920415718465,9,23,hcrd_quadratic_guided,0.05,7,0.5714285714285714
0.7652665152528259,118,23,hcrd_raw,0.05,8,0.11382113821138212
0.120482508289735,2,23,hcrd_robust,0.05,8,0.0
0.12229795026625513,14,23,hcrd_gaussian_guided,0.05,8,0.4210526315789474
0.11780276956439492,9,23,hcrd_adaptive_guided,0.05,8,0.42857142857142855
0.09724141710861255,9,23,hcrd_quadratic_guided,0.05,8,0.5714285714285714
0.7832558724543224,125,23,hcrd_raw,0.05,9,0.10769230769230768
0.1313354889708524,2,23,hcrd_robust,0.05,9,0.0
0.10475431615271825,12,23,hcrd_gaussian_guided,0.05,9,0.23529411764705882
0.1223258459635413,9,23,hcrd_adaptive_guided,0.05,9,0.42857142857142855
0.09561675418584804,9,23,hcrd_quadratic_guided,0.05,9,0.7142857142857143
0.5519820263718962,125,24,hcrd_raw,0.05,0,0.10769230769230768
0.7660804863535977,2,24,hcrd_robust,0.05,0,0.0
0.10284509666123973,14,24,hcrd_gaussian_guided,0.05,0,0.5263157894736842
0.05122722972503866,9,24,hcrd_adaptive_guided,0.05,0,0.5714285714285714
0.034734744798486115,9,24,hcrd_quadratic_guided,0.05,0,0.5714285714285714
0.5654030709402639,124,24,hcrd_raw,0.05,1,0.10852713178294575
0.6873078082639972,2,24,hcrd_robust,0.05,1,0.0
0.14582361557694076,18,24,hcrd_gaussian_guided,0.05,1,0.26086956521739124
0.0568967489390767,9,24,hcrd_adaptive_guided,0.05,1,0.5714285714285714
0.03512107050190544,9,24,hcrd_quadratic_guided,0.05,1,0.5714285714285714
0.5696661180783877,124,24,hcrd_raw,0.05,2,0.10852713178294575
0.7789729260982903,2,24,hcrd_robust,0.05,2,0.0
0.0893627372856252,13,24,hcrd_gaussian_guided,0.05,2,0.4444444444444444
0.05133718998479301,9,24,hcrd_adaptive_guided,0.05,2,0.5714285714285714
0.03479407656899933,9,24,hcrd_quadratic_guided,0.05,2,0.5714285714285714
0.5558463974966703,122,24,hcrd_raw,0.05,3,0.11023622047244094
0.7272207870827491,2,24,hcrd_robust,0.05,3,0.0
0.09773405112080213,14,24,hcrd_gaussian_guided,0.05,3,0.4210526315789474
0.04980342722199427,9,24,hcrd_adaptive_guided,0.05,3,0.7142857142857143
0.03798400557978619,9,24,hcrd_quadratic_guided,0.05,3,0.5714285714285714
0.5710771505594275,123,24,hcrd_raw,0.05,4,0.109375
0.704834757238772,2,24,hcrd_robust,0.05,4,0.0
0.07222824076099937,13,24,hcrd_gaussian_guided,0.05,4,0.4444444444444444
0.051229656459481784,9,24,hcrd_adaptive_guided,0.05,4,0.7142857142857143
0.03729352133022931,9,24,hcrd_quadratic_guided,0.05,4,0.5714285714285714
0.5589438105068335,120,24,hcrd_raw,0.05,5,0.112
0.44363344099287455,3,24,hcrd_robust,0.05,5,0.0
0.13164530403930033,17,24,hcrd_gaussian_guided,0.05,5,0.18181818181818182
0.04553457722796971,9,24,hcrd_adaptive_guided,0.05,5,0.42857142857142855
0.03458846126160671,9,24,hcrd_quadratic_guided,0.05,5,0.5714285714285714
0.5666586366845219,124,24,hcrd_raw,0.05,6,0.10852713178294575
0.6528002090495327,2,24,hcrd_robust,0.05,6,0.0
0.06371990200638286,14,24,hcrd_gaussian_guided,0.05,6,0.4210526315789474
0.05979246812378406,9,24,hcrd_adaptive_guided,0.05,6,0.5714285714285714
0.039020530250231195,9,24,hcrd_quadratic_guided,0.05,6,0.5714285714285714
0.5610758830126308,120,24,hcrd_raw,0.05,7,0.112
0.7622427975849316,2,24,hcrd_robust,0.05,7,0.0
0.13582018444747138,18,24,hcrd_gaussian_guided,0.05,7,0.34782608695652173
0.046052777286233644,9,24,hcrd_adaptive_guided,0.05,7,0.5714285714285714
0.03289972762370396,9,24,hcrd_quadratic_guided,0.05,7,0.5714285714285714
0.5463259447365654,123,24,hcrd_raw,0.05,8,0.109375
0.8165462214455732,2,24,hcrd_robust,0.05,8,0.0
0.09752457885286017,15,24,hcrd_gaussian_guided,0.05,8,0.4
0.052317994063146404,9,24,hcrd_adaptive_guided,0.05,8,0.5714285714285714
0.03811315909467707,9,24,hcrd_quadratic_guided,0.05,8,0.5714285714285714
0.5663787597648823,126,24,hcrd_raw,0.05,9,0.10687022900763359
0.7364167617793127,2,24,hcrd_robust,0.05,9,0.0
0.10870246450907284,15,24,hcrd_gaussian_guided,0.05,9,0.3
0.05738426999806574,9,24,hcrd_adaptive_guided,0.05,9,0.5714285714285714
0.03697567423605667,9,24,hcrd_quadratic_guided,0.05,9,0.5714285714285714
0.8935577232932075,116,25,hcrd_raw,0.05,0,0.09917355371900825
0.5238833355740379,2,25,hcrd_robust,0.05,0,0.0
0.1537026049048126,13,25,hcrd_gaussian_guided,0.05,0,0.0
0.12878334776171882,9,25,hcrd_adaptive_guided,0.05,0,0.14285714285714285
0.09824292600921067,9,25,hcrd_quadratic_guided,0.05,0,0.7142857142857143
0.915803652938954,123,25,hcrd_raw,0.05,1,0.109375
0.6288837321085207,2,25,hcrd_robust,0.05,1,0.0
0.15503918817366588,11,25,hcrd_gaussian_guided,0.05,1,0.125
0.13154145785971802,9,25,hcrd_adaptive_guided,0.05,1,0.14285714285714285
0.11050685046964971,9,25,hcrd_quadratic_guided,0.05,1,0.5714285714285714
0.9176105537000356,123,25,hcrd_raw,0.05,2,0.109375
0.5389437496087764,2,25,hcrd_robust,0.05,2,0.0
0.18029388101010396,16,25,hcrd_gaussian_guided,0.05,2,0.0
0.13398045417069004,9,25,hcrd_adaptive_guided,0.05,2,0.2857142857142857
0.10643725596238188,9,25,hcrd_quadratic_guided,0.05,2,0.5714285714285714
0.8913330278552792,122,25,hcrd_raw,0.05,3,0.11023622047244094
0.6200306413193395,2,25,hcrd_robust,0.05,3,0.0
0.1491748934663834,13,25,hcrd_gaussian_guided,0.05,3,0.2222222222222222
0.13096243854299158,9,25,hcrd_adaptive_guided,0.05,3,0.14285714285714285
0.10686684565114893,9,25,hcrd_quadratic_guided,0.05,3,0.5714285714285714
0.8982808677422374,123,25,hcrd_raw,0.05,4,0.109375
0.6001845599897836,2,25,hcrd_robust,0.05,4,0.0
0.18468691266889972,16,25,hcrd_gaussian_guided,0.05,4,0.19047619047619047
0.13104399653591706,9,25,hcrd_adaptive_guided,0.05,4,0.14285714285714285
0.09556171784723826,9,25,hcrd_quadratic_guided,0.05,4,0.8571428571428571
0.9201278976288987,125,25,hcrd_raw,0.05,5,0.10769230769230768
0.5699852779853862,2,25,hcrd_robust,0.05,5,0.0
0.12935239036643267,14,25,hcrd_gaussian_guided,0.05,5,0.5263157894736842
0.12136362604091017,9,25,hcrd_adaptive_guided,0.05,5,0.42857142857142855
0.09939128082391782,9,25,hcrd_quadratic_guided,0.05,5,0.7142857142857143
0.9165999926652306,126,25,hcrd_raw,0.05,6,0.10687022900763359
0.5632996693009013,2,25,hcrd_robust,0.05,6,0.0
0.15985928153322637,14,25,hcrd_gaussian_guided,0.05,6,0.0
0.1339381296071223,9,25,hcrd_adaptive_guided,0.05,6,0.14285714285714285
0.10637048305894505,9,25,hcrd_quadratic_guided,0.05,6,0.7142857142857143
0.9156114264884935,123,25,hcrd_raw,0.05,7,0.109375
0.6108244172309436,2,25,hcrd_robust,0.05,7,0.0
0.11993076588265544,11,25,hcrd_gaussian_guided,0.05,7,0.125
0.1277511758523559,9,25,hcrd_adaptive_guided,0.05,7,0.14285714285714285
0.1060285886581936,9,25,hcrd_quadratic_guided,0.05,7,0.5714285714285714
0.9050241882731728,120,25,hcrd_raw,0.05,8,0.112
0.6518766720801172,2,25,hcrd_robust,0.05,8,0.0
0.25072718808379996,17,25,hcrd_gaussian_guided,0.05,8,0.09090909090909091
0.13448543700474955,9,25,hcrd_adaptive_guided,0.05,8,0.14285714285714285
0.10960481444461043,9,25,hcrd_quadratic_guided,0.05,8,0.5714285714285714
0.9202388871737279,121,25,hcrd_raw,0.05,9,0.1111111111111111
0.6108234036344667,2,25,hcrd_robust,0.05,9,0.0
0.24473508220568527,16,25,hcrd_gaussian_guided,0.05,9,0.19047619047619047
0.1362361455245558,9,25,hcrd_adaptive_guided,0.05,9,0.14285714285714285
0.10946436780100335,9,25,hcrd_quadratic_guided,0.05,9,0.7142857142857143
0.4641864690456051,122,26,hcrd_raw,0.05,0,0.11023622047244094
0.3071325909783255,2,26,hcrd_robust,0.05,0,0.0
0.1883784958943707,16,26,hcrd_gaussian_guided,0.05,0,0.19047619047619047
0.06953195865266867,9,26,hcrd_adaptive_guided,0.05,0,0.2857142857142857
0.050556663656761175,9,26,hcrd_quadratic_guided,0.05,0,0.7142857142857143
0.45386720916813955,122,26,hcrd_raw,0.05,1,0.11023622047244094
0.31926570027811835,2,26,hcrd_robust,0.05,1,0.0
0.12085434669579607,14,26,hcrd_gaussian_guided,0.05,1,0.2105263157894737
0.061446663591594355,9,26,hcrd_adaptive_guided,0.05,1,0.42857142857142855
0.051194465458240065,9,26,hcrd_quadratic_guided,0.05,1,0.7142857142857143
0.46841524115325217,119,26,hcrd_raw,0.05,2,0.11290322580645161
0.25469934537403316,2,26,hcrd_robust,0.05,2,0.0
0.09938270552304365,14,26,hcrd_gaussian_guided,0.05,2,0.3157894736842105
0.06962146093694734,9,26,hcrd_adaptive_guided,0.05,2,0.42857142857142855
0.050294566296856,9,26,hcrd_quadratic_guided,0.05,2,0.7142857142857143
0.48554419794658743,125,26,hcrd_raw,0.05,3,0.10769230769230768
0.3056614755111497,2,26,hcrd_robust,0.05,3,0.0
0.10624734650856013,14,26,hcrd_gaussian_guided,0.05,3,0.2105263157894737
0.07250362829239608,9,26,hcrd_adaptive_guided,0.05,3,0.2857142857142857
0.053219048367144466,9,26,hcrd_quadratic_guided,0.05,3,0.7142857142857143
0.46974047650884293,121,26,hcrd_raw,0.05,4,0.1111111111111111
0.25416383241412366,2,26,hcrd_robust,0.05,4,0.0
0.14166286440879805,19,26,hcrd_gaussian_guided,0.05,4,0.3333333333333333
0.06280114635453128,9,26,hcrd_adaptive_guided,0.05,4,0.5714285714285714
0.05017809178104153,9,26,hcrd_quadratic_guided,0.05,4,0.7142857142857143
0.4596326057171701,121,26,hcrd_raw,0.05,5,0.1111111111111111
0.30071835105072364,2,26,hcrd_robust,0.05,5,0.0
0.13371877737686907,16,26,hcrd_gaussian_guided,0.05,5,0.09523809523809523
0.06582262336282534,9,26,hcrd_adaptive_guided,0.05,5,0.2857142857142857
0.05543911853511074,9,26,hcrd_quadratic_guided,0.05,5,0.5714285714285714
0.4657824475632118,120,26,hcrd_raw,0.05,6,0.112
0.3112752945909875,2,26,hcrd_robust,0.05,6,0.0
0.11692626837616041,16,26,hcrd_gaussian_guided,0.05,6,0.4761904761904762
0.07094741378005297,9,26,hcrd_adaptive_guided,0.05,6,0.14285714285714285
0.05191088191569104,9,26,hcrd_quadratic_guided,0.05,6,0.7142857142857143
0.4703117380460073,125,26,hcrd_raw,0.05,7,0.10769230769230768
0.24929120131723811,2,26,hcrd_robust,0.05,7,0.0
0.08752758719440158,13,26,hcrd_gaussian_guided,0.05,7,0.33333333333333326
0.06824228556738164,9,26,hcrd_adaptive_guided,0.05,7,0.2857142857142857
0.05139139197325748,9,26,hcrd_quadratic_guided,0.05,7,0.7142857142857143
0.46952597671446583,124,26,hcrd_raw,0.05,8,0.10852713178294575
0.28058499794142866,2,26,hcrd_robust,0.05,8,0.0
0.09255998198044539,16,26,hcrd_gaussian_guided,0.05,8,0.4761904761904762
0.0640795377277053,9,26,hcrd_adaptive_guided,0.05,8,0.5714285714285714
0.05220912303010563,9,26,hcrd_quadratic_guided,0.05,8,0.7142857142857143
0.4704076947896738,125,26,hcrd_raw,0.05,9,0.10769230769230768
0.2764422229116752,2,26,hcrd_robust,0.05,9,0.0
0.09942580571477853,15,26,hcrd_gaussian_guided,0.05,9,0.2
0.06173256079781595,9,26,hcrd_adaptive_guided,0.05,9,0.5714285714285714
0.050293383055151714,9,26,hcrd_quadratic_guided,0.05,9,0.7142857142857143
0.6978327649871428,123,27,hcrd_raw,0.05,0,0.09375000000000001
0.07161838159482992,2,27,hcrd_robust,0.05,0,0.0
0.10723652814405563,12,27,hcrd_gaussian_guided,0.05,0,0.23529411764705882
0.09567462446635083,9,27,hcrd_adaptive_guided,0.05,0,0.2857142857142857
0.06784385535720214,9,27,hcrd_quadratic_guided,0.05,0,0.7142857142857143
0.6956023963686009,118,27,hcrd_raw,0.05,1,0.11382113821138212
0.06527726010754839,2,27,hcrd_robust,0.05,1,0.0
0.15427994816998808,15,27,hcrd_gaussian_guided,0.05,1,0.1
0.08669138400727508,9,27,hcrd_adaptive_guided,0.05,1,0.42857142857142855
0.06741802178429855,9,27,hcrd_quadratic_guided,0.05,1,0.7142857142857143
0.7082604135357847,125,27,hcrd_raw,0.05,2,0.10769230769230768
0.08103534911423883,2,27,hcrd_robust,0.05,2,0.0
0.12477655549262387,13,27,hcrd_gaussian_guided,0.05,2,0.33333333333333326
0.08660634789781388,9,27,hcrd_adaptive_guided,0.05,2,0.5714285714285714
0.06871824461118906,9,27,hcrd_quadratic_guided,0.05,2,0.8571428571428571
0.7076348225609348,122,27,hcrd_raw,0.05,3,0.11023622047244094
0.07697213456725228,3,27,hcrd_robust,0.05,3,0.25
0.11136904800741222,14,27,hcrd_gaussian_guided,0.05,3,0.5263157894736842
0.09636377185206255,9,27,hcrd_adaptive_guided,0.05,3,0.42857142857142855
0.0687783877015226,9,27,hcrd_quadratic_guided,0.05,3,0.8571428571428571
0.7005594511297653,124,27,hcrd_raw,0.05,4,0.10852713178294575
0.07072161269371598,2,27,hcrd_robust,0.05,4,0.0
0.0872820306468815,12,27,hcrd_gaussian_guided,0.05,4,0.23529411764705882
0.09657310893789565,9,27,hcrd_adaptive_guided,0.05,4,0.42857142857142855
0.06820512673526466,9,27,hcrd_quadratic_guided,0.05,4,0.8571428571428571
0.6996221350640355,123,27,hcrd_raw,0.05,5,0.109375
0.08012690146232522,2,27,hcrd_robust,0.05,5,0.0
0.1258181639358791,14,27,hcrd_gaussian_guided,0.05,5,0.2105263157894737
0.07948403571041791,9,27,hcrd_adaptive_guided,0.05,5,0.5714285714285714
0.06653234860457508,9,27,hcrd_quadratic_guided,0.05,5,0.8571428571428571
0.7009076260283233,120,27,hcrd_raw,0.05,6,0.112
0.07154161833555657,2,27,hcrd_robust,0.05,6,0.0
0.1468437049016039,13,27,hcrd_gaussian_guided,0.05,6,0.33333333333333326
0.08996004670486149,9,27,hcrd_adaptive_guided,0.05,6,0.42857142857142855
0.06525475472928738,9,27,hcrd_quadratic_guided,0.05,6,0.8571428571428571
0.704040962273594,119,27,hcrd_raw,0.05,7,0.11290322580645161
0.08908787256407638,2,27,hcrd_robust,0.05,7,0.0
0.14236467196874628,17,27,hcrd_gaussian_guided,0.05,7,0.27272727272727276
0.10124719737798797,9,27,hcrd_adaptive_guided,0.05,7,0.2857142857142857
0.07300020281355778,9,27,hcrd_quadratic_guided,0.05,7,0.8571428571428571
0.6962733847152339,124,27,hcrd_raw,0.05,8,0.10852713178294575
0.08151917206488521,2,27,hcrd_robust,0.05,8,0.0
0.09189657590663337,12,27,hcrd_gaussian_guided,0.05,8,0.588235294117647
0.08459091852792304,9,27,hcrd_adaptive_guided,0.05,8,0.42857142857142855
0.06827737019665431,9,27,hcrd_quadratic_guided,0.05,8,0.8571428571428571
0.7035980809803686,122,27,hcrd_raw,0.05,9,0.11023622047244094
0.07145803706942445,2,27,hcrd_robust,0.05,9,0.0
0.14581761676389907,18,27,hcrd_gaussian_guided,0.05,9,0.34782608695652173
0.096847561157714,9,27,hcrd_adaptive_guided,0.05,9,0.42857142857142855
0.06911446897963038,9,27,hcrd_quadratic_guided,0.05,9,0.8571428571428571
0.8921311124594026,119,28,hcrd_raw,0.05,0,0.0967741935483871
0.19143931009496756,2,28,hcrd_robust,0.05,0,0.0
0.10759270826157201,11,28,hcrd_gaussian_guided,0.05,0,0.125
0.16122643770466097,9,28,hcrd_adaptive_guided,0.05,0,0.2857142857142857
0.12745433733205982,9,28,hcrd_quadratic_guided,0.05,0,0.5714285714285714
0.8947706891210649,125,28,hcrd_raw,0.05,1,0.10769230769230768
0.15074555256311858,2,28,hcrd_robust,0.05,1,0.0
0.1739884016077958,13,28,hcrd_gaussian_guided,0.05,1,0.2222222222222222
0.14495348866422703,9,28,hcrd_adaptive_guided,0.05,1,0.14285714285714285
0.12104930244927296,9,28,hcrd_quadratic_guided,0.05,1,0.7142857142857143
0.9074955042888825,122,28,hcrd_raw,0.05,2,0.09448818897637795
0.1747016503554626,2,28,hcrd_robust,0.05,2,0.0
0.1841476516600226,14,28,hcrd_gaussian_guided,0.05,2,0.2105263157894737
0.15144669544840422,9,28,hcrd_adaptive_guided,0.05,2,0.14285714285714285
0.11958142123907,9,28,hcrd_quadratic_guided,0.05,2,0.7142857142857143
0.9021715816557739,124,28,hcrd_raw,0.05,3,0.10852713178294575
0.24921782136602838,2,28,hcrd_robust,0.05,3,0.0
0.17173312618002665,14,28,hcrd_gaussian_guided,0.05,3,0.3157894736842105
0.1522401532403544,9,28,hcrd_adaptive_guided,0.05,3,0.42857142857142855
0.12724855184595574,9,28,hcrd_quadratic_guided,0.05,3,0.5714285714285714
0.899977480237925,126,28,hcrd_raw,0.05,4,0.10687022900763359
0.23579760236746117,2,28,hcrd_robust,0.05,4,0.0
0.1704386494873353,15,28,hcrd_gaussian_guided,0.05,4,0.1
0.15387745693450144,9,28,hcrd_adaptive_guided,0.05,4,0.2857142857142857
0.13056541740127392,9,28,hcrd_quadratic_guided,0.05,4,0.5714285714285714
0.9125723803006014,123,28,hcrd_raw,0.05,5,0.109375
0.1757765205788046,2,28,hcrd_robust,0.05,5,0.0
0.13323169753695802,13,28,hcrd_gaussian_guided,0.05,5,0.2222222222222222
0.15538489704850242,9,28,hcrd_adaptive_guided,0.05,5,0.2857142857142857
0.13071608269150692,9,28,hcrd_quadratic_guided,0.05,5,0.5714285714285714
0.9084358551800533,118,28,hcrd_raw,0.05,6,0.11382113821138212
0.1745318125426449,2,28,hcrd_robust,0.05,6,0.0
0.14809391182539713,13,28,hcrd_gaussian_guided,0.05,6,0.2222222222222222
0.14936249120803613,9,28,hcrd_adaptive_guided,0.05,6,0.2857142857142857
0.11884570689195237,9,28,hcrd_quadratic_guided,0.05,6,0.7142857142857143
0.9014820035719331,120,28,hcrd_raw,0.05,7,0.112
0.2261739646751656,2,28,hcrd_robust,0.05,7,0.0
0.12942258506950785,12,28,hcrd_gaussian_guided,0.05,7,0.23529411764705882
0.15994916116788704,9,28,hcrd_adaptive_guided,0.05,7,0.2857142857142857
0.1316875705537807,9,28,hcrd_quadratic_guided,0.05,7,0.5714285714285714
0.8995221861849215,114,28,hcrd_raw,0.05,8,0.11764705882352941
0.16690882447196262,2,28,hcrd_robust,0.05,8,0.0
0.18862367308864364,17,28,hcrd_gaussian_guided,0.05,8,0.18181818181818182
0.1493691226618652,9,28,hcrd_adaptive_guided,0.05,8,0.2857142857142857
0.129493244926511,9,28,hcrd_quadratic_guided,0.05,8,0.5714285714285714
0.9059822891725338,123,28,hcrd_raw,0.05,9,0.109375
0.16935706429543276,2,28,hcrd_robust,0.05,9,0.0
0.13806095735961965,11,28,hcrd_gaussian_guided,0.05,9,0.125
0.1530584128774635,9,28,hcrd_adaptive_guided,0.05,9,0.14285714285714285
0.11847877542239353,9,28,hcrd_quadratic_guided,0.05,9,0.7142857142857143
0.6874079049289533,122,29,hcrd_raw,0.05,0,0.09448818897637795
0.08826259482617971,2,29,hcrd_robust,0.05,0,0.0
0.11315528865661748,14,29,hcrd_gaussian_guided,0.05,0,0.3157894736842105
0.03649803729567517,9,29,hcrd_adaptive_guided,0.05,0,0.7142857142857143
0.03951024600528541,9,29,hcrd_quadratic_guided,0.05,0,0.8571428571428571
0.688382935978528,125,29,hcrd_raw,0.05,1,0.10769230769230768
0.13315495506345087,2,29,hcrd_robust,0.05,1,0.0
0.14487988644752287,16,29,hcrd_gaussian_guided,0.05,1,0.38095238095238093
0.04150210509528559,9,29,hcrd_adaptive_guided,0.05,1,0.7142857142857143
0.03571485394458669,9,29,hcrd_quadratic_guided,0.05,1,0.8571428571428571
0.6858298418961652,124,29,hcrd_raw,0.05,2,0.10852713178294575
0.09867477575096126,2,29,hcrd_robust,0.05,2,0.0
0.065308215832702,11,29,hcrd_gaussian_guided,0.05,2,0.6250000000000001
0.0324215179010019,9,29,hcrd_adaptive_guided,0.05,2,0.8571428571428571
0.03775448605431112,9,29,hcrd_quadratic_guided,0.05,2,0.8571428571428571
0.6829660895540718,120,29,hcrd_raw,0.05,3,0.112
0.11563400265716725,2,29,hcrd_robust,0.05,3,0.0
0.11000445459858707,14,29,hcrd_gaussian_guided,0.05,3,0.3157894736842105
0.03291251964008305,9,29,hcrd_adaptive_guided,0.05,3,0.5714285714285714
0.03940364286234242,9,29,hcrd_quadratic_guided,0.05,3,0.8571428571428571
0.6804861404368262,120,29,hcrd_raw,0.05,4,0.112
0.12669661123731665,2,29,hcrd_robust,0.05,4,0.0
0.11146999101871344,16,29,hcrd_gaussian_guided,0.05,4,0.4761904761904762
0.03417641428829472,9,29,hcrd_adaptive_guided,0.05,4,0.7142857142857143
0.03737840689178076,9,29,hcrd_quadratic_guided,0.05,4,0.8571428571428571
0.6896471785827597,125,29,hcrd_raw,0.05,5,0.10769230769230768
0.13466237495636876,2,29,hcrd_robust,0.05,5,0.0
0.11215774929136176,12,29,hcrd_gaussian_guided,0.05,5,0.23529411764705882
0.04283542587292774,9,29,hcrd_adaptive_guided,0.05,5,0.42857142857142855
0.03598058843914,9,29,hcrd_quadratic_guided,0.05,5,0.8571428571428571
0.6885090252077284,124,29,hcrd_raw,0.05,6,0.10852713178294575
0.10508953392689271,2,29,hcrd_robust,0.05,6,0.0
0.12529814153970267,14,29,hcrd_gaussian_guided,0.05,6,0.3157894736842105
0.036446377628910225,9,29,hcrd_adaptive_guided,0.05,6,0.5714285714285714
0.03826266721191965,9,29,hcrd_quadratic_guided,0.05,6,0.8571428571428571
0.6877599447332541,125,29,hcrd_raw,0.05,7,0.10769230769230768
0.11737636932568174,2,29,hcrd_robust,0.05,7,0.0
0.08858049144419898,13,29,hcrd_gaussian_guided,0.05,7,0.5555555555555556
0.035878074798966694,9,29,hcrd_adaptive_guided,0.05,7,0.7142857142857143
0.03940733247008435,9,29,hcrd_quadratic_guided,0.05,7,0.8571428571428571
0.6786899583121366,122,29,hcrd_raw,0.05,8,0.11023622047244094
0.13588096365234315,2,29,hcrd_robust,0.05,8,0.0
0.1540766864873298,19,29,hcrd_gaussian_guided,0.05,8,0.3333333333333333
0.03321750684830863,9,29,hcrd_adaptive_guided,0.05,8,0.7142857142857143
0.03651296477728142,9,29,hcrd_quadratic_guided,0.05,8,0.8571428571428571
0.6845039829128011,122,29,hcrd_raw,0.05,9,0.11023622047244094
0.10249731816111089,2,29,hcrd_robust,0.05,9,0.0
0.07009086518892893,14,29,hcrd_gaussian_guided,0.05,9,0.3157894736842105
0.03183705799656089,9,29,hcrd_adaptive_guided,0.05,9,0.7142857142857143
0.0371042598851705,9,29,hcrd_quadratic_guided,0.05,9,0.8571428571428571
0.7871493067977058,123,0,hcrd_raw,0.1,0,0.09375000000000001
0.03477638308521929,2,0,hcrd_robust,0.1,0,0.0
0.30481558639403106,20,0,hcrd_gaussian_guided,0.1,0,0.32
0.0697450622375821,9,0,hcrd_adaptive_guided,0.1,0,0.7142857142857143
0.043955893943306755,9,0,hcrd_quadratic_guided,0.1,0,0.7142857142857143
0.7461106148911614,125,0,hcrd_raw,0.1,1,0.10769230769230768
0.029257067265774053,2,0,hcrd_robust,0.1,1,0.0
0.27019193036506917,20,0,hcrd_gaussian_guided,0.1,1,0.4
0.0693629347618006,9,0,hcrd_adaptive_guided,0.1,1,0.7142857142857143
0.04012559343388367,9,0,hcrd_quadratic_guided,0.1,1,0.7142857142857143
0.7498214768542726,125,0,hcrd_raw,0.1,2,0.10769230769230768
0.029479923117509275,2,0,hcrd_robust,0.1,2,0.0
0.4640387277610393,27,0,hcrd_gaussian_guided,0.1,2,0.1875
0.07102021671190763,9,0,hcrd_adaptive_guided,0.1,2,0.7142857142857143
0.041359670288198674,9,0,hcrd_quadratic_guided,0.1,2,0.7142857142857143
0.7164561062458455,123,0,hcrd_raw,0.1,3,0.109375
0.0321594241331154,2,0,hcrd_robust,0.1,3,0.0
0.30876862702101904,21,0,hcrd_gaussian_guided,0.1,3,0.46153846153846156
0.06590309653432129,9,0,hcrd_adaptive_guided,0.1,3,0.7142857142857143
0.0421538500453749,9,0,hcrd_quadratic_guided,0.1,3,0.7142857142857143
0.7228912044708677,123,0,hcrd_raw,0.1,4,0.109375
0.036105006602290476,2,0,hcrd_robust,0.1,4,0.0
0.49762096515429766,28,0,hcrd_gaussian_guided,0.1,4,0.24242424242424246
0.06461926639408667,9,0,hcrd_adaptive_guided,0.1,4,0.7142857142857143
0.038016319115256374,9,0,hcrd_quadratic_guided,0.1,4,0.7142857142857143
0.7424922947397267,124,0,hcrd_raw,0.1,5,0.10852713178294575
0.04150823878139685,2,0,hcrd_robust,0.1,5,0.0
0.3261271526159035,25,0,hcrd_gaussian_guided,0.1,5,0.3333333333333333
0.06712541708630196,9,0,hcrd_adaptive_guided,0.1,5,0.7142857142857143
0.04293817456163557,9,0,hcrd_quadratic_guided,0.1,5,0.7142857142857143
0.7597888632766209,125,0,hcrd_raw,0.1,6,0.10769230769230768
0.051286656990016784,2,0,hcrd_robust,0.1,6,0.0
0.38522409322354695,24,0,hcrd_gaussian_guided,0.1,6,0.20689655172413793
0.06385632667733844,9,0,hcrd_adaptive_guided,0.1,6,0.7142857142857143
0.03441517532834925,9,0,hcrd_quadratic_guided,0.1,6,0.7142857142857143
0.7275280957101774,125,0,hcrd_raw,0.1,7,0.10769230769230768
0.037849442246453674,2,0,hcrd_robust,0.1,7,0.0
0.301495445396999,21,0,hcrd_gaussian_guided,0.1,7,0.23076923076923078
0.07349078333396984,9,0,hcrd_adaptive_guided,0.1,7,0.7142857142857143
0.04580485215574075,9,0,hcrd_quadratic_guided,0.1,7,0.7142857142857143
0.7326086792914754,123,0,hcrd_raw,0.1,8,0.109375
0.035224687164419274,2,0,hcrd_robust,0.1,8,0.0
0.37071788784216525,26,0,hcrd_gaussian_guided,0.1,8,0.3225806451612903
0.06651248315402751,9,0,hcrd_adaptive_guided,0.1,8,0.7142857142857143
0.04059453309765272,9,0,hcrd_quadratic_guided,0.1,8,0.7142857142857143
0.7542636907615494,124,0,hcrd_raw,0.1,9,0.10852713178294575
0.04039144173136877,2,0,hcrd_robust,0.1,9,0.0
0.3346105908951917,24,0,hcrd_gaussian_guided,0.1,9,0.20689655172413793
0.06875228836757039,9,0,hcrd_adaptive_guided,0.1,9,0.7142857142857143
0.04078066090978938,9,0,hcrd_quadratic_guided,0.1,9,0.7142857142857143
1.0149709013396175,126,1,hcrd_raw,0.1,0,0.10687022900763359
0.2576377442188602,2,1,hcrd_robust,0.1,0,0.0
0.5540674573368072,23,1,hcrd_gaussian_guided,0.1,0,0.21428571428571427
0.13140686134298263,9,1,hcrd_adaptive_guided,0.1,0,0.7142857142857143
0.08654948491091241,9,1,hcrd_quadratic_guided,0.1,0,0.7142857142857143
0.9924142811862837,124,1,hcrd_raw,0.1,1,0.10852713178294575
0.3466202359623677,2,1,hcrd_robust,0.1,1,0.0
0.28334903899161795,18,1,hcrd_gaussian_guided,0.1,1,0.17391304347826086
0.1370122134504956,9,1,hcrd_adaptive_guided,0.1,1,0.42857142857142855
0.08609157964538411,9,1,hcrd_quadratic_guided,0.1,1,0.5714285714285714
1.0014137361693884,124,1,hcrd_raw,0.1,2,0.10852713178294575
0.29673828523542284,2,1,hcrd_robust,0.1,2,0.0
0.501637197500476,24,1,hcrd_gaussian_guided,0.1,2,0.13793103448275862
0.13252670875834882,9,1,hcrd_adaptive_guided,0.1,2,0.5714285714285714
0.085462791053655,9,1,hcrd_quadratic_guided,0.1,2,0.5714285714285714
1.0309650459710014,123,1,hcrd_raw,0.1,3,0.109375
0.3761556346845143,2,1,hcrd_robust,0.1,3,0.0
0.35516309152081227,21,1,hcrd_gaussian_guided,0.1,3,0.23076923076923078
0.13842482834608447,9,1,hcrd_adaptive_guided,0.1,3,0.7142857142857143
0.10205955439971598,9,1,hcrd_quadratic_guided,0.1,3,0.5714285714285714
1.0100875298463992,125,1,hcrd_raw,0.1,4,0.10769230769230768
0.30287046810487467,2,1,hcrd_robust,0.1,4,0.0
0.42675869397839844,19,1,hcrd_gaussian_guided,0.1,4,0.25
0.13871690480108256,9,1,hcrd_adaptive_guided,0.1,4,0.42857142857142855
0.08407511065179823,9,1,hcrd_quadratic_guided,0.1,4,0.7142857142857143
1.0394532888775663,124,1,hcrd_raw,0.1,5,0.10852713178294575
0.4866319544129024,2,1,hcrd_robust,0.1,5,0.0
0.3137818518223482,22,1,hcrd_gaussian_guided,0.1,5,0.29629629629629634
0.13166903977961,9,1,hcrd_adaptive_guided,0.1,5,0.5714285714285714
0.08495245388389454,9,1,hcrd_quadratic_guided,0.1,5,0.5714285714285714
1.0297518910357504,122,1,hcrd_raw,0.1,6,0.11023622047244094
0.28437861628756333,2,1,hcrd_robust,0.1,6,0.0
0.26698490240378187,19,1,hcrd_gaussian_guided,0.1,6,0.3333333333333333
0.13262717779204333,9,1,hcrd_adaptive_guided,0.1,6,0.7142857142857143
0.08453539575240117,9,1,hcrd_quadratic_guided,0.1,6,0.7142857142857143
0.9969323995219631,120,1,hcrd_raw,0.1,7,0.112
0.3003260650767307,2,1,hcrd_robust,0.1,7,0.0
0.519739385991624,21,1,hcrd_gaussian_guided,0.1,7,0.3076923076923077
0.13318949497458354,9,1,hcrd_adaptive_guided,0.1,7,0.7142857142857143
0.08723389109199008,9,1,hcrd_quadratic_guided,0.1,7,0.5714285714285714
0.9955219499239099,124,1,hcrd_raw,0.1,8,0.10852713178294575
0.28634417816705926,2,1,hcrd_robust,0.1,8,0.0
0.5546088591717363,22,1,hcrd_gaussian_guided,0.1,8,0.14814814814814817
0.14152889519546005,9,1,hcrd_adaptive_guided,0.1,8,0.5714285714285714
0.09372455198502296,9,1,hcrd_quadratic_guided,0.1,8,0.5714285714285714
1.0000063290942651,122,1,hcrd_raw,0.1,9,0.11023622047244094
0.33994342539488687,2,1,hcrd_robust,0.1,9,0.0
0.28330012698087775,18,1,hcrd_gaussian_guided,0.1,9,0.34782608695652173
0.12036120240979548,9,1,hcrd_adaptive_guided,0.1,9,0.8571428571428571
0.08647923854136608,9,1,hcrd_quadratic_guided,0.1,9,0.7142857142857143
0.8040284388022065,123,2,hcrd_raw,0.1,0,0.109375
0.2933168990157959,2,2,hcrd_robust,0.1,0,0.0
0.2161283865404734,18,2,hcrd_gaussian_guided,0.1,0,0.34782608695652173
0.07888398687210024,9,2,hcrd_adaptive_guided,0.1,0,0.8571428571428571
0.05937092626839301,9,2,hcrd_quadratic_guided,0.1,0,0.8571428571428571
0.7728540368900805,126,2,hcrd_raw,0.1,1,0.10687022900763359
0.3279346365801447,2,2,hcrd_robust,0.1,1,0.0
0.20582723184251606,19,2,hcrd_gaussian_guided,0.1,1,0.16666666666666666
0.07139755311652894,9,2,hcrd_adaptive_guided,0.1,1,1.0
0.0694319289017216,9,2,hcrd_quadratic_guided,0.1,1,0.8571428571428571
0.7703887131066951,123,2,hcrd_raw,0.1,2,0.109375
0.22735647922273633,2,2,hcrd_robust,0.1,2,0.0
0.3918479868583485,23,2,hcrd_gaussian_guided,0.1,2,0.07142857142857142
0.07723157087577524,9,2,hcrd_adaptive_guided,0.1,2,0.8571428571428571
0.06434818482772814,9,2,hcrd_quadratic_guided,0.1,2,0.8571428571428571
0.7965745519593951,121,2,hcrd_raw,0.1,3,0.1111111111111111
0.4218722681141857,2,2,hcrd_robust,0.1,3,0.0
0.3275221174625797,22,2,hcrd_gaussian_guided,0.1,3,0.14814814814814817
0.07938313223558974,9,2,hcrd_adaptive_guided,0.1,3,0.8571428571428571
0.07214696335483499,9,2,hcrd_quadratic_guided,0.1,3,0.7142857142857143
0.8005715948736336,119,2,hcrd_raw,0.1,4,0.11290322580645161
0.2570653946429267,2,2,hcrd_robust,0.1,4,0.0
0.3755435647543398,26,2,hcrd_gaussian_guided,0.1,4,0.25806451612903225
0.08013138094911666,9,2,hcrd_adaptive_guided,0.1,4,0.8571428571428571
0.07139206830447238,9,2,hcrd_quadratic_guided,0.1,4,0.7142857142857143
0.7797382659953813,122,2,hcrd_raw,0.1,5,0.11023622047244094
0.18173614403015662,2,2,hcrd_robust,0.1,5,0.0
0.36528237658272605,28,2,hcrd_gaussian_guided,0.1,5,0.18181818181818182
0.07222068162288657,9,2,hcrd_adaptive_guided,0.1,5,1.0
0.06691329685319367,9,2,hcrd_quadratic_guided,0.1,5,0.8571428571428571
0.7832483194902305,121,2,hcrd_raw,0.1,6,0.1111111111111111
0.41453571499010333,2,2,hcrd_robust,0.1,6,0.0
0.41067873269613325,22,2,hcrd_gaussian_guided,0.1,6,0.07407407407407408
0.08110221908027927,9,2,hcrd_adaptive_guided,0.1,6,0.8571428571428571
0.06441447174450725,9,2,hcrd_quadratic_guided,0.1,6,0.8571428571428571
0.7789105940118626,120,2,hcrd_raw,0.1,7,0.112
0.2980323339425432,2,2,hcrd_robust,0.1,7,0.0
0.4024637908085688,26,2,hcrd_gaussian_guided,0.1,7,0.19354838709677416
0.07629424098219387,9,2,hcrd_adaptive_guided,0.1,7,0.8571428571428571
0.05945342309947871,9,2,hcrd_quadratic_guided,0.1,7,0.8571428571428571
0.7858950333848125,124,2,hcrd_raw,0.1,8,0.10852713178294575
0.4099268045039446,2,2,hcrd_robust,0.1,8,0.0
0.4523791790886206,26,2,hcrd_gaussian_guided,0.1,8,0.06451612903225806
0.08323108211912938,9,2,hcrd_adaptive_guided,0.1,8,0.8571428571428571
0.06702880839568973,9,2,hcrd_quadratic_guided,0.1,8,0.8571428571428571
0.7904946169582684,123,2,hcrd_raw,0.1,9,0.109375
0.32426995559201216,2,2,hcrd_robust,0.1,9,0.0
0.32719923947880236,22,2,hcrd_gaussian_guided,0.1,9,0.2222222222222222
0.07236724564462575,9,2,hcrd_adaptive_guided,0.1,9,0.8571428571428571
0.06236359600148405,9,2,hcrd_quadratic_guided,0.1,9,0.8571428571428571
0.723386630461061,121,3,hcrd_raw,0.1,0,0.1111111111111111
0.07294144809380036,2,3,hcrd_robust,0.1,0,0.0
0.39131271698888176,25,3,hcrd_gaussian_guided,0.1,0,0.06666666666666667
0.10629671660585138,9,3,hcrd_adaptive_guided,0.1,0,0.7142857142857143
0.07420351123661684,9,3,hcrd_quadratic_guided,0.1,0,0.5714285714285714
0.696508452463256,123,3,hcrd_raw,0.1,1,0.109375
0.09246582477384264,2,3,hcrd_robust,0.1,1,0.0
0.3604181319537313,24,3,hcrd_gaussian_guided,0.1,1,0.20689655172413793
0.10980106405030357,9,3,hcrd_adaptive_guided,0.1,1,0.7142857142857143
0.08642617409660391,9,3,hcrd_quadratic_guided,0.1,1,0.7142857142857143
0.7151939880322732,122,3,hcrd_raw,0.1,2,0.11023622047244094
0.10637704732464187,2,3,hcrd_robust,0.1,2,0.0
0.3338753540821972,25,3,hcrd_gaussian_guided,0.1,2,0.2
0.11123069310644533,9,3,hcrd_adaptive_guided,0.1,2,0.2857142857142857
0.07759871777925148,9,3,hcrd_quadratic_guided,0.1,2,0.2857142857142857
0.720515541797207,122,3,hcrd_raw,0.1,3,0.11023622047244094
0.07638403343174673,2,3,hcrd_robust,0.1,3,0.0
0.30662777026166893,22,3,hcrd_gaussian_guided,0.1,3,0.07407407407407408
0.10987768461653036,9,3,hcrd_adaptive_guided,0.1,3,0.5714285714285714
0.08529105646751002,9,3,hcrd_quadratic_guided,0.1,3,0.42857142857142855
0.7208404996260035,123,3,hcrd_raw,0.1,4,0.109375
0.07346921878030731,2,3,hcrd_robust,0.1,4,0.0
0.4006753383154845,25,3,hcrd_gaussian_guided,0.1,4,0.26666666666666666
0.10587452638308038,9,3,hcrd_adaptive_guided,0.1,4,0.42857142857142855
0.07150142178952751,9,3,hcrd_quadratic_guided,0.1,4,0.42857142857142855
0.72974289540739,122,3,hcrd_raw,0.1,5,0.11023622047244094
0.09276655936360104,2,3,hcrd_robust,0.1,5,0.0
0.37109624435406857,22,3,hcrd_gaussian_guided,0.1,5,0.14814814814814817
0.1146952618271281,9,3,hcrd_adaptive_guided,0.1,5,0.5714285714285714
0.08450544981001397,9,3,hcrd_quadratic_guided,0.1,5,0.5714285714285714
0.7102989893306505,123,3,hcrd_raw,0.1,6,0.109375
0.09246114480564817,2,3,hcrd_robust,0.1,6,0.0
0.30277229152297735,21,3,hcrd_gaussian_guided,0.1,6,0.3076923076923077
0.10277635325085505,9,3,hcrd_adaptive_guided,0.1,6,0.7142857142857143
0.0790579850610675,9,3,hcrd_quadratic_guided,0.1,6,0.42857142857142855
0.7211603111946914,122,3,hcrd_raw,0.1,7,0.11023622047244094
0.09473535652098157,2,3,hcrd_robust,0.1,7,0.0
0.31858560772984246,24,3,hcrd_gaussian_guided,0.1,7,0.13793103448275862
0.1147300337823738,9,3,hcrd_adaptive_guided,0.1,7,0.42857142857142855
0.08540672334948375,9,3,hcrd_quadratic_guided,0.1,7,0.5714285714285714
0.730531372737882,124,3,hcrd_raw,0.1,8,0.10852713178294575
0.0944925437712171,2,3,hcrd_robust,0.1,8,0.0
0.360150130657992,22,3,hcrd_gaussian_guided,0.1,8,0.14814814814814817
0.11267463439459428,9,3,hcrd_adaptive_guided,0.1,8,0.5714285714285714
0.07837245840873429,9,3,hcrd_quadratic_guided,0.1,8,0.5714285714285714
0.7099418648322285,121,3,hcrd_raw,0.1,9,0.1111111111111111
0.07520049225599378,2,3,hcrd_robust,0.1,9,0.0
0.4755924384793736,26,3,hcrd_gaussian_guided,0.1,9,0.06451612903225806
0.11272562088225198,9,3,hcrd_adaptive_guided,0.1,9,0.7142857142857143
0.08701213812988574,9,3,hcrd_quadratic_guided,0.1,9,0.5714285714285714
1.063890327418377,123,4,hcrd_raw,0.1,0,0.109375
0.06772305896935323,2,4,hcrd_robust,0.1,0,0.0
0.5026856801024303,21,4,hcrd_gaussian_guided,0.1,0,0.23076923076923078
0.0964787015051957,9,4,hcrd_adaptive_guided,0.1,0,0.7142857142857143
0.061912694591963566,9,4,hcrd_quadratic_guided,0.1,0,0.7142857142857143
0.9988743434399243,121,4,hcrd_raw,0.1,1,0.1111111111111111
0.2014189893935735,3,4,hcrd_robust,0.1,1,0.25
0.2043751994059777,19,4,hcrd_gaussian_guided,0.1,1,0.4166666666666667
0.09230070456245205,9,4,hcrd_adaptive_guided,0.1,1,0.5714285714285714
0.05894465335672591,9,4,hcrd_quadratic_guided,0.1,1,0.7142857142857143
1.0418188861369024,124,4,hcrd_raw,0.1,2,0.10852713178294575
0.09322477385989991,2,4,hcrd_robust,0.1,2,0.0
0.3776783500770466,23,4,hcrd_gaussian_guided,0.1,2,0.21428571428571427
0.09927812204334141,9,4,hcrd_adaptive_guided,0.1,2,0.7142857142857143
0.05888720897301641,9,4,hcrd_quadratic_guided,0.1,2,0.7142857142857143
1.083357192644302,119,4,hcrd_raw,0.1,3,0.11290322580645161
0.074390707185361,2,4,hcrd_robust,0.1,3,0.0
0.49703866065606406,22,4,hcrd_gaussian_guided,0.1,3,0.37037037037037035
0.1038524095287372,9,4,hcrd_adaptive_guided,0.1,3,0.7142857142857143
0.06707956530049887,9,4,hcrd_quadratic_guided,0.1,3,0.7142857142857143
1.026923425393112,127,4,hcrd_raw,0.1,4,0.10606060606060606
0.06770123866373916,2,4,hcrd_robust,0.1,4,0.0
0.3077237898821295,19,4,hcrd_gaussian_guided,0.1,4,0.3333333333333333
0.10443116862917487,9,4,hcrd_adaptive_guided,0.1,4,0.7142857142857143
0.06474242446219104,9,4,hcrd_quadratic_guided,0.1,4,0.7142857142857143
1.0354928345742382,125,4,hcrd_raw,0.1,5,0.10769230769230768
0.07169900684441247,2,4,hcrd_robust,0.1,5,0.0
0.26905008261489743,16,4,hcrd_gaussian_guided,0.1,5,0.5714285714285714
0.10561448400036463,9,4,hcrd_adaptive_guided,0.1,5,0.7142857142857143
0.06778919356482381,9,4,hcrd_quadratic_guided,0.1,5,0.7142857142857143
1.0615891286625527,124,4,hcrd_raw,0.1,6,0.10852713178294575
0.07569785783675126,2,4,hcrd_robust,0.1,6,0.0
0.6637269006514583,27,4,hcrd_gaussian_guided,0.1,6,0.25
0.1012124005271987,9,4,hcrd_adaptive_guided,0.1,6,0.7142857142857143
0.0642845054682459,9,4,hcrd_quadratic_guided,0.1,6,0.7142857142857143
1.0643347267971452,123,4,hcrd_raw,0.1,7,0.109375
0.07412393547006887,2,4,hcrd_robust,0.1,7,0.0
0.32039169687437596,19,4,hcrd_gaussian_guided,0.1,7,0.25
0.10227127389090232,9,4,hcrd_adaptive_guided,0.1,7,0.7142857142857143
0.06347684873393428,9,4,hcrd_quadratic_guided,0.1,7,0.7142857142857143
1.0227240633882997,124,4,hcrd_raw,0.1,8,0.10852713178294575
0.07684300887427695,2,4,hcrd_robust,0.1,8,0.0
0.4996834577590263,19,4,hcrd_gaussian_guided,0.1,8,0.4166666666666667
0.10156929489624567,9,4,hcrd_adaptive_guided,0.1,8,0.7142857142857143
0.06508046419488069,9,4,hcrd_quadratic_guided,0.1,8,0.7142857142857143
1.0340845692356,123,4,hcrd_raw,0.1,9,0.109375
0.07232890586624557,2,4,hcrd_robust,0.1,9,0.0
0.33648799504546295,19,4,hcrd_gaussian_guided,0.1,9,0.08333333333333333
0.0946529780410139,9,4,hcrd_adaptive_guided,0.1,9,0.7142857142857143
0.058833159433186726,9,4,hcrd_quadratic_guided,0.1,9,0.7142857142857143
0.8254918060592384,126,5,hcrd_raw,0.1,0,0.10687022900763359
0.6027085037243952,2,5,hcrd_robust,0.1,0,0.0
0.3275238128270376,24,5,hcrd_gaussian_guided,0.1,0,0.27586206896551724
0.03601954683984265,9,5,hcrd_adaptive_guided,0.1,0,1.0
0.026726766338917057,9,5,hcrd_quadratic_guided,0.1,0,1.0
0.8542612679543782,124,5,hcrd_raw,0.1,1,0.10852713178294575
0.6807083477226391,2,5,hcrd_robust,0.1,1,0.0
0.30711247046881707,22,5,hcrd_gaussian_guided,0.1,1,0.37037037037037035
0.03784408400064568,9,5,hcrd_adaptive_guided,0.1,1,1.0
0.024803363279305945,9,5,hcrd_quadratic_guided,0.1,1,1.0
0.8168252364368299,122,5,hcrd_raw,0.1,2,0.11023622047244094
0.5567748263451503,2,5,hcrd_robust,0.1,2,0.0
0.35809225484330975,24,5,hcrd_gaussian_guided,0.1,2,0.27586206896551724
0.033961636715885334,9,5,hcrd_adaptive_guided,0.1,2,1.0
0.024682730100773816,9,5,hcrd_quadratic_guided,0.1,2,1.0
0.837982373303416,123,5,hcrd_raw,0.1,3,0.109375
0.39023571870209367,2,5,hcrd_robust,0.1,3,0.0
0.3751004690306145,25,5,hcrd_gaussian_guided,0.1,3,0.3333333333333333
0.03791224805717384,9,5,hcrd_adaptive_guided,0.1,3,1.0
0.025843752462763405,9,5,hcrd_quadratic_guided,0.1,3,1.0
0.8589297784607254,125,5,hcrd_raw,0.1,4,0.10769230769230768
0.6391493588737146,4,5,hcrd_robust,0.1,4,0.0
0.36237109429646897,23,5,hcrd_gaussian_guided,0.1,4,0.2857142857142857
0.03485229575223605,9,5,hcrd_adaptive_guided,0.1,4,1.0
0.025147828637609577,9,5,hcrd_quadratic_guided,0.1,4,1.0
0.8209249954179902,124,5,hcrd_raw,0.1,5,0.10852713178294575
0.33043759197319883,2,5,hcrd_robust,0.1,5,0.0
0.43283053977277747,27,5,hcrd_gaussian_guided,0.1,5,0.25
0.029478645544241074,9,5,hcrd_adaptive_guided,0.1,5,1.0
0.019518660425283114,9,5,hcrd_quadratic_guided,0.1,5,1.0
0.8782888412181222,126,5,hcrd_raw,0.1,6,0.10687022900763359
0.5010917931215788,2,5,hcrd_robust,0.1,6,0.0
0.33441351291140914,22,5,hcrd_gaussian_guided,0.1,6,0.29629629629629634
0.03753539218035263,9,5,hcrd_adaptive_guided,0.1,6,0.8571428571428571
0.026713542746274088,9,5,hcrd_quadratic_guided,0.1,6,1.0
0.8448150929765981,122,5,hcrd_raw,0.1,7,0.11023622047244094
0.5230020555811111,2,5,hcrd_robust,0.1,7,0.0
0.18044840309511173,19,5,hcrd_gaussian_guided,0.1,7,0.4166666666666667
0.03659418460615684,9,5,hcrd_adaptive_guided,0.1,7,1.0
0.03168182897012422,9,5,hcrd_quadratic_guided,0.1,7,1.0
0.8234369996549692,124,5,hcrd_raw,0.1,8,0.10852713178294575
0.5009816418784941,2,5,hcrd_robust,0.1,8,0.0
0.30956300742370885,20,5,hcrd_gaussian_guided,0.1,8,0.32
0.03736801377420249,9,5,hcrd_adaptive_guided,0.1,8,0.8571428571428571
0.028812646084391342,9,5,hcrd_quadratic_guided,0.1,8,1.0
0.8373514882765978,125,5,hcrd_raw,0.1,9,0.10769230769230768
0.5889330627459548,2,5,hcrd_robust,0.1,9,0.0
0.23707882599278265,21,5,hcrd_gaussian_guided,0.1,9,0.15384615384615385
0.03478670017858724,9,5,hcrd_adaptive_guided,0.1,9,1.0
0.023129561744253818,9,5,hcrd_quadratic_guided,0.1,9,1.0
0.8429974381582808,121,6,hcrd_raw,0.1,0,0.09523809523809523
0.3488766845383852,2,6,hcrd_robust,0.1,0,0.0
0.4283527712917859,25,6,hcrd_gaussian_guided,0.1,0,0.06666666666666667
0.1742677576481206,9,6,hcrd_adaptive_guided,0.1,0,0.5714285714285714
0.13722462077105943,9,6,hcrd_quadratic_guided,0.1,0,0.42857142857142855
0.8409377776977991,124,6,hcrd_raw,0.1,1,0.10852713178294575
0.37473763268870575,2,6,hcrd_robust,0.1,1,0.0
0.23758914640113785,22,6,hcrd_gaussian_guided,0.1,1,0.2222222222222222
0.1815350036097094,9,6,hcrd_adaptive_guided,0.1,1,0.42857142857142855
0.14106749499940535,9,6,hcrd_quadratic_guided,0.1,1,0.42857142857142855
0.8426626454046776,123,6,hcrd_raw,0.1,2,0.109375
0.364024418040606,2,6,hcrd_robust,0.1,2,0.0
0.42153282666768344,26,6,hcrd_gaussian_guided,0.1,2,0.19354838709677416
0.1722262541181992,9,6,hcrd_adaptive_guided,0.1,2,0.7142857142857143
0.15224260597885914,9,6,hcrd_quadratic_guided,0.1,2,0.42857142857142855
0.8075069098752106,125,6,hcrd_raw,0.1,3,0.10769230769230768
0.34929651003997897,2,6,hcrd_robust,0.1,3,0.0
0.4422455209746199,25,6,hcrd_gaussian_guided,0.1,3,0.13333333333333333
0.16555385769262337,9,6,hcrd_adaptive_guided,0.1,3,0.7142857142857143
0.1359701208783496,9,6,hcrd_quadratic_guided,0.1,3,0.2857142857142857
0.8175083059021866,124,6,hcrd_raw,0.1,4,0.10852713178294575
0.32564968426780855,2,6,hcrd_robust,0.1,4,0.0
0.3980463699871157,22,6,hcrd_gaussian_guided,0.1,4,0.2222222222222222
0.17427667898739824,9,6,hcrd_adaptive_guided,0.1,4,0.7142857142857143
0.13546154689489684,9,6,hcrd_quadratic_guided,0.1,4,0.42857142857142855
0.7973530939505937,125,6,hcrd_raw,0.1,5,0.10769230769230768
0.35442109320554704,2,6,hcrd_robust,0.1,5,0.0
0.31113299933235405,22,6,hcrd_gaussian_guided,0.1,5,0.07407407407407408
0.17567151227141206,9,6,hcrd_adaptive_guided,0.1,5,0.42857142857142855
0.13144740747613382,9,6,hcrd_quadratic_guided,0.1,5,0.42857142857142855
0.8004946166935921,120,6,hcrd_raw,0.1,6,0.112
0.3546118879875095,2,6,hcrd_robust,0.1,6,0.0
0.3071662424482759,19,6,hcrd_gaussian_guided,0.1,6,0.16666666666666666
0.16861880333107457,9,6,hcrd_adaptive_guided,0.1,6,0.7142857142857143
0.14522727863227486,9,6,hcrd_quadratic_guided,0.1,6,0.42857142857142855
0.7912810224208274,123,6,hcrd_raw,0.1,7,0.109375
0.4083345829514915,2,6,hcrd_robust,0.1,7,0.0
0.2654900867660476,25,6,hcrd_gaussian_guided,0.1,7,0.2
0.166061422137597,9,6,hcrd_adaptive_guided,0.1,7,0.7142857142857143
0.14267008786517354,9,6,hcrd_quadratic_guided,0.1,7,0.42857142857142855
0.7876992364320614,124,6,hcrd_raw,0.1,8,0.10852713178294575
0.33581971284037554,2,6,hcrd_robust,0.1,8,0.0
0.2003845452852802,19,6,hcrd_gaussian_guided,0.1,8,0.4166666666666667
0.17426006802367128,9,6,hcrd_adaptive_guided,0.1,8,0.7142857142857143
0.15387762937040403,9,6,hcrd_quadratic_guided,0.1,8,0.42857142857142855
0.8334591237740444,123,6,hcrd_raw,0.1,9,0.109375
0.4720935756095305,3,6,hcrd_robust,0.1,9,0.0
0.3756703726086048,23,6,hcrd_gaussian_guided,0.1,9,0.14285714285714285
0.1912641248996857,9,6,hcrd_adaptive_guided,0.1,9,0.42857142857142855
0.14679399504552798,9,6,hcrd_quadratic_guided,0.1,9,0.42857142857142855
0.8498980868656152,122,7,hcrd_raw,0.1,0,0.11023622047244094
0.15851873030726915,2,7,hcrd_robust,0.1,0,0.0
0.5464774262765951,25,7,hcrd_gaussian_guided,0.1,0,0.06666666666666667
0.12386734435743366,9,7,hcrd_adaptive_guided,0.1,0,0.7142857142857143
0.11883250467829161,9,7,hcrd_quadratic_guided,0.1,0,0.42857142857142855
0.8805731497532898,124,7,hcrd_raw,0.1,1,0.10852713178294575
0.13274292675674676,2,7,hcrd_robust,0.1,1,0.0
0.5941416517624936,26,7,hcrd_gaussian_guided,0.1,1,0.25806451612903225
0.13444248773558592,9,7,hcrd_adaptive_guided,0.1,1,0.5714285714285714
0.11494200472578557,9,7,hcrd_quadratic_guided,0.1,1,0.42857142857142855
0.8547720713715194,122,7,hcrd_raw,0.1,2,0.11023622047244094
0.14460457185350215,2,7,hcrd_robust,0.1,2,0.0
0.3801946460115577,23,7,hcrd_gaussian_guided,0.1,2,0.07142857142857142
0.12474009247711193,9,7,hcrd_adaptive_guided,0.1,2,0.7142857142857143
0.10687791105454034,9,7,hcrd_quadratic_guided,0.1,2,0.42857142857142855
0.8261650813730067,122,7,hcrd_raw,0.1,3,0.11023622047244094
0.14534823918780146,2,7,hcrd_robust,0.1,3,0.0
0.22769827083318173,20,7,hcrd_gaussian_guided,0.1,3,0.08
0.1385696189797025,9,7,hcrd_adaptive_guided,0.1,3,0.42857142857142855
0.12311344824849932,9,7,hcrd_quadratic_guided,0.1,3,0.42857142857142855
0.8319005946103033,126,7,hcrd_raw,0.1,4,0.10687022900763359
0.21903786675888884,2,7,hcrd_robust,0.1,4,0.0
0.2721815535702283,21,7,hcrd_gaussian_guided,0.1,4,0.0
0.1387631694617255,9,7,hcrd_adaptive_guided,0.1,4,0.42857142857142855
0.12093141848959013,9,7,hcrd_quadratic_guided,0.1,4,0.42857142857142855
0.8129353399709006,121,7,hcrd_raw,0.1,5,0.1111111111111111
0.18719348342396513,2,7,hcrd_robust,0.1,5,0.0
0.39002307244502177,25,7,hcrd_gaussian_guided,0.1,5,0.26666666666666666
0.1366808703280489,9,7,hcrd_adaptive_guided,0.1,5,0.42857142857142855
0.1246114197180708,9,7,hcrd_quadratic_guided,0.1,5,0.42857142857142855
0.8521280513109294,119,7,hcrd_raw,0.1,6,0.11290322580645161
0.15347162486476673,2,7,hcrd_robust,0.1,6,0.0
0.545774027902647,29,7,hcrd_gaussian_guided,0.1,6,0.058823529411764705
0.1294298743289175,9,7,hcrd_adaptive_guided,0.1,6,0.7142857142857143
0.12013005297069386,9,7,hcrd_quadratic_guided,0.1,6,0.42857142857142855
0.861970227862613,126,7,hcrd_raw,0.1,7,0.10687022900763359
0.1488781148058883,2,7,hcrd_robust,0.1,7,0.0
0.2964904112440667,25,7,hcrd_gaussian_guided,0.1,7,0.13333333333333333
0.14157953266852108,9,7,hcrd_adaptive_guided,0.1,7,0.42857142857142855
0.11898069602794271,9,7,hcrd_quadratic_guided,0.1,7,0.5714285714285714
0.847663419293403,124,7,hcrd_raw,0.1,8,0.10852713178294575
0.16768041812170809,2,7,hcrd_robust,0.1,8,0.0
0.5692946681745777,26,7,hcrd_gaussian_guided,0.1,8,0.19354838709677416
0.12788960863096144,9,7,hcrd_adaptive_guided,0.1,8,0.5714285714285714
0.11248780874995627,9,7,hcrd_quadratic_guided,0.1,8,0.42857142857142855
0.8533723904593544,124,7,hcrd_raw,0.1,9,0.10852713178294575
0.14592352720664958,2,7,hcrd_robust,0.1,9,0.0
0.4830927159167859,26,7,hcrd_gaussian_guided,0.1,9,0.25806451612903225
0.14097336530808904,9,7,hcrd_adaptive_guided,0.1,9,0.5714285714285714
0.12603196370439895,9,7,hcrd_quadratic_guided,0.1,9,0.42857142857142855
0.9968782369860271,120,8,hcrd_raw,0.1,0,0.112
0.17018536466997466,2,8,hcrd_robust,0.1,0,0.0
0.5239734131933453,26,8,hcrd_gaussian_guided,0.1,0,0.12903225806451613
0.1380213899852976,9,8,hcrd_adaptive_guided,0.1,0,0.7142857142857143
0.10652626676040206,9,8,hcrd_quadratic_guided,0.1,0,0.7142857142857143
0.9728538294336345,120,8,hcrd_raw,0.1,1,0.09600000000000002
0.15339031214959245,2,8,hcrd_robust,0.1,1,0.0
0.33328683780312357,22,8,hcrd_gaussian_guided,0.1,1,0.14814814814814817
0.1412960755011384,9,8,hcrd_adaptive_guided,0.1,1,0.7142857142857143
0.11817218138244555,9,8,hcrd_quadratic_guided,0.1,1,0.7142857142857143
1.0139691019615023,125,8,hcrd_raw,0.1,2,0.10769230769230768
0.1586186845207784,2,8,hcrd_robust,0.1,2,0.0
0.4091840125740966,20,8,hcrd_gaussian_guided,0.1,2,0.24
0.13439703026492167,9,8,hcrd_adaptive_guided,0.1,2,0.7142857142857143
0.1103745327265153,9,8,hcrd_quadratic_guided,0.1,2,0.7142857142857143
1.012369917160052,125,8,hcrd_raw,0.1,3,0.10769230769230768
0.08881239191073548,2,8,hcrd_robust,0.1,3,0.0
0.30722592892253486,18,8,hcrd_gaussian_guided,0.1,3,0.17391304347826086
0.1188513565255718,9,8,hcrd_adaptive_guided,0.1,3,0.7142857142857143
0.08747429811239431,9,8,hcrd_quadratic_guided,0.1,3,0.7142857142857143
1.0058736450848547,124,8,hcrd_raw,0.1,4,0.10852713178294575
0.12393614577061102,2,8,hcrd_robust,0.1,4,0.0
0.35211853493980183,19,8,hcrd_gaussian_guided,0.1,4,0.25
0.13907130623223612,9,8,hcrd_adaptive_guided,0.1,4,0.7142857142857143
0.10821453074154462,9,8,hcrd_quadratic_guided,0.1,4,0.7142857142857143
0.9507522668087683,124,8,hcrd_raw,0.1,5,0.10852713178294575
0.15702847209759355,2,8,hcrd_robust,0.1,5,0.0
0.49088213509390805,20,8,hcrd_gaussian_guided,0.1,5,0.4
0.12803759286611777,9,8,hcrd_adaptive_guided,0.1,5,0.7142857142857143
0.10734553736438343,9,8,hcrd_quadratic_guided,0.1,5,0.7142857142857143
0.9950347953859251,123,8,hcrd_raw,0.1,6,0.109375
0.1858606234365208,2,8,hcrd_robust,0.1,6,0.0
0.37710186795800005,19,8,hcrd_gaussian_guided,0.1,6,0.16666666666666666
0.12227320737616319,9,8,hcrd_adaptive_guided,0.1,6,0.7142857142857143
0.10071061742918677,9,8,hcrd_quadratic_guided,0.1,6,0.7142857142857143
1.005192953146363,123,8,hcrd_raw,0.1,7,0.109375
0.0914303639658404,2,8,hcrd_robust,0.1,7,0.0
0.4593579888939644,21,8,hcrd_gaussian_guided,0.1,7,0.3076923076923077
0.13248329658471714,9,8,hcrd_adaptive_guided,0.1,7,0.7142857142857143
0.10977496365596871,9,8,hcrd_quadratic_guided,0.1,7,0.7142857142857143
0.9965996119175786,125,8,hcrd_raw,0.1,8,0.10769230769230768
0.09780023226874242,2,8,hcrd_robust,0.1,8,0.0
0.34992812214023555,19,8,hcrd_gaussian_guided,0.1,8,0.08333333333333333
0.12665521288453202,9,8,hcrd_adaptive_guided,0.1,8,0.7142857142857143
0.11073405214836206,9,8,hcrd_quadratic_guided,0.1,8,0.7142857142857143
0.9919597248427564,123,8,hcrd_raw,0.1,9,0.109375
0.11442167947635322,2,8,hcrd_robust,0.1,9,0.0
0.35394634357481286,17,8,hcrd_gaussian_guided,0.1,9,0.27272727272727276
0.13033742661947145,9,8,hcrd_adaptive_guided,0.1,9,0.7142857142857143
0.102875178104699,9,8,hcrd_quadratic_guided,0.1,9,0.7142857142857143
0.8663743831109623,126,9,hcrd_raw,0.1,0,0.10687022900763359
1.5395755919474439,2,9,hcrd_robust,0.1,0,0.0
0.49346051909698047,24,9,hcrd_gaussian_guided,0.1,0,0.3448275862068965
0.06580451202163805,9,9,hcrd_adaptive_guided,0.1,0,0.8571428571428571
0.0418219195230368,9,9,hcrd_quadratic_guided,0.1,0,0.8571428571428571
0.88933576163111,126,9,hcrd_raw,0.1,1,0.10687022900763359
1.5263312720952673,2,9,hcrd_robust,0.1,1,0.0
0.3017830631793521,19,9,hcrd_gaussian_guided,0.1,1,0.3333333333333333
0.07385377248313335,9,9,hcrd_adaptive_guided,0.1,1,0.8571428571428571
0.045219850471730785,9,9,hcrd_quadratic_guided,0.1,1,0.8571428571428571
0.852042482888061,128,9,hcrd_raw,0.1,2,0.10526315789473684
1.473609041969614,2,9,hcrd_robust,0.1,2,0.0
0.25981325840404407,17,9,hcrd_gaussian_guided,0.1,2,0.27272727272727276
0.06442232965350396,9,9,hcrd_adaptive_guided,0.1,2,0.8571428571428571
0.038163485641571196,9,9,hcrd_quadratic_guided,0.1,2,0.8571428571428571
0.8529047735241175,124,9,hcrd_raw,0.1,3,0.10852713178294575
1.5006767896832465,2,9,hcrd_robust,0.1,3,0.0
0.37634749217694924,22,9,hcrd_gaussian_guided,0.1,3,0.29629629629629634
0.07269592244478136,9,9,hcrd_adaptive_guided,0.1,3,1.0
0.03647762305541943,9,9,hcrd_quadratic_guided,0.1,3,1.0
0.8405378289319564,123,9,hcrd_raw,0.1,4,0.109375
1.5038612752603995,2,9,hcrd_robust,0.1,4,0.0
0.3068091043228389,19,9,hcrd_gaussian_guided,0.1,4,0.16666666666666666
0.07490052274767349,9,9,hcrd_adaptive_guided,0.1,4,0.8571428571428571
0.04018223312577828,9,9,hcrd_quadratic_guided,0.1,4,0.8571428571428571
0.8799683931373384,121,9,hcrd_raw,0.1,5,0.1111111111111111
1.4279652353043557,2,9,hcrd_robust,0.1,5,0.0
0.3576287900792596,20,9,hcrd_gaussian_guided,0.1,5,0.24
0.06606415588553051,9,9,hcrd_adaptive_guided,0.1,5,0.8571428571428571
0.045681437935050466,9,9,hcrd_quadratic_guided,0.1,5,0.8571428571428571
0.8580015037839188,126,9,hcrd_raw,0.1,6,0.10687022900763359
1.602348681864248,2,9,hcrd_robust,0.1,6,0.0
0.36434978290814796,23,9,hcrd_gaussian_guided,0.1,6,0.35714285714285715
0.07141816421405092,9,9,hcrd_adaptive_guided,0.1,6,0.8571428571428571
0.04557377957238912,9,9,hcrd_quadratic_guided,0.1,6,0.8571428571428571
0.8566057017096548,123,9,hcrd_raw,0.1,7,0.109375
1.6014896024024017,2,9,hcrd_robust,0.1,7,0.0
0.23573857781489693,16,9,hcrd_gaussian_guided,0.1,7,0.19047619047619047
0.07098247639040262,9,9,hcrd_adaptive_guided,0.1,7,0.8571428571428571
0.041285116606725875,9,9,hcrd_quadratic_guided,0.1,7,0.8571428571428571
0.8447759169800333,123,9,hcrd_raw,0.1,8,0.109375
1.3683763030439253,2,9,hcrd_robust,0.1,8,0.0
0.24503095084387766,19,9,hcrd_gaussian_guided,0.1,8,0.4166666666666667
0.06900332692251446,9,9,hcrd_adaptive_guided,0.1,8,0.8571428571428571
0.04232402314860812,9,9,hcrd_quadratic_guided,0.1,8,0.8571428571428571
0.8498073900029783,121,9,hcrd_raw,0.1,9,0.1111111111111111
1.41308933819568,2,9,hcrd_robust,0.1,9,0.0
0.38314915265636185,22,9,hcrd_gaussian_guided,0.1,9,0.29629629629629634
0.06983145571922973,9,9,hcrd_adaptive_guided,0.1,9,0.8571428571428571
0.042239117578296216,9,9,hcrd_quadratic_guided,0.1,9,0.8571428571428571
0.7957106029378924,124,10,hcrd_raw,0.1,0,0.10852713178294575
0.20305431399571833,2,10,hcrd_robust,0.1,0,0.0
0.448793815861778,27,10,hcrd_gaussian_guided,0.1,0,0.1875
0.08716285336514894,9,10,hcrd_adaptive_guided,0.1,0,0.2857142857142857
0.06448490669584138,9,10,hcrd_quadratic_guided,0.1,0,0.42857142857142855
0.7842716640805197,125,10,hcrd_raw,0.1,1,0.10769230769230768
0.17751809699794927,2,10,hcrd_robust,0.1,1,0.0
0.2914770256763556,21,10,hcrd_gaussian_guided,0.1,1,0.23076923076923078
0.08399480806341339,9,10,hcrd_adaptive_guided,0.1,1,0.5714285714285714
0.06501633595065823,9,10,hcrd_quadratic_guided,0.1,1,0.5714285714285714
0.783732631603158,122,10,hcrd_raw,0.1,2,0.11023622047244094
0.24315520573816962,2,10,hcrd_robust,0.1,2,0.0
0.41549584409041757,22,10,hcrd_gaussian_guided,0.1,2,0.29629629629629634
0.08787248245511922,9,10,hcrd_adaptive_guided,0.1,2,0.5714285714285714
0.062391071064318404,9,10,hcrd_quadratic_guided,0.1,2,0.7142857142857143
0.7721193222927265,125,10,hcrd_raw,0.1,3,0.10769230769230768
0.2510020637225034,2,10,hcrd_robust,0.1,3,0.0
0.37667570157805036,22,10,hcrd_gaussian_guided,0.1,3,0.07407407407407408
0.08419360464832372,9,10,hcrd_adaptive_guided,0.1,3,0.7142857142857143
0.06360475242551512,9,10,hcrd_quadratic_guided,0.1,3,0.5714285714285714
0.7972247442063358,122,10,hcrd_raw,0.1,4,0.11023622047244094
0.16710963202595325,2,10,hcrd_robust,0.1,4,0.0
0.35369668021171446,25,10,hcrd_gaussian_guided,0.1,4,0.26666666666666666
0.08273193555365664,9,10,hcrd_adaptive_guided,0.1,4,0.2857142857142857
0.05932344972343617,9,10,hcrd_quadratic_guided,0.1,4,0.7142857142857143
0.7827813269218705,124,10,hcrd_raw,0.1,5,0.10852713178294575
0.2883803896872582,2,10,hcrd_robust,0.1,5,0.0
0.4413216819471324,25,10,hcrd_gaussian_guided,0.1,5,0.13333333333333333
0.07628274575776099,9,10,hcrd_adaptive_guided,0.1,5,0.5714285714285714
0.06396293934638557,9,10,hcrd_quadratic_guided,0.1,5,0.2857142857142857
0.8085125487510968,121,10,hcrd_raw,0.1,6,0.1111111111111111
0.29562589183114485,2,10,hcrd_robust,0.1,6,0.0
0.354206895744788,25,10,hcrd_gaussian_guided,0.1,6,0.3333333333333333
0.08881947726783201,9,10,hcrd_adaptive_guided,0.1,6,0.2857142857142857
0.06871857942040821,9,10,hcrd_quadratic_guided,0.1,6,0.2857142857142857
0.7931117072336622,124,10,hcrd_raw,0.1,7,0.10852713178294575
0.16853612995881076,2,10,hcrd_robust,0.1,7,0.0
0.4234302969274215,22,10,hcrd_gaussian_guided,0.1,7,0.29629629629629634
0.08147597607712503,9,10,hcrd_adaptive_guided,0.1,7,0.5714285714285714
0.06209686543280835,9,10,hcrd_quadratic_guided,0.1,7,0.42857142857142855
0.7774721503884079,125,10,hcrd_raw,0.1,8,0.10769230769230768
0.1443971899150063,2,10,hcrd_robust,0.1,8,0.0
0.3871423851248933,24,10,hcrd_gaussian_guided,0.1,8,0.13793103448275862
0.08555572788682285,9,10,hcrd_adaptive_guided,0.1,8,0.42857142857142855
0.06284698819137739,9,10,hcrd_quadratic_guided,0.1,8,0.42857142857142855
0.7951769554622219,120,10,hcrd_raw,0.1,9,0.112
0.3750553780832513,3,10,hcrd_robust,0.1,9,0.0
0.28802528861616083,21,10,hcrd_gaussian_guided,0.1,9,0.3076923076923077
0.07563985488939114,9,10,hcrd_adaptive_guided,0.1,9,0.5714285714285714
0.05938437354003298,9,10,hcrd_quadratic_guided,0.1,9,0.5714285714285714
0.8881097176314029,121,11,hcrd_raw,0.1,0,0.1111111111111111
0.20483374689793962,2,11,hcrd_robust,0.1,0,0.0
0.5032000446055838,25,11,hcrd_gaussian_guided,0.1,0,0.26666666666666666
0.0956429970759339,9,11,hcrd_adaptive_guided,0.1,0,0.8571428571428571
0.055343984050732854,9,11,hcrd_quadratic_guided,0.1,0,0.8571428571428571
0.8676328093206184,123,11,hcrd_raw,0.1,1,0.109375
0.10316687293096455,2,11,hcrd_robust,0.1,1,0.0
0.30127023698032757,19,11,hcrd_gaussian_guided,0.1,1,0.25
0.10422581091557087,9,11,hcrd_adaptive_guided,0.1,1,0.8571428571428571
0.06120842137408874,9,11,hcrd_quadratic_guided,0.1,1,0.8571428571428571
0.8746956054419137,123,11,hcrd_raw,0.1,2,0.109375
0.2167963970023552,2,11,hcrd_robust,0.1,2,0.0
0.5122101485375705,23,11,hcrd_gaussian_guided,0.1,2,0.2857142857142857
0.09695816138367372,9,11,hcrd_adaptive_guided,0.1,2,0.8571428571428571
0.058703380312615586,9,11,hcrd_quadratic_guided,0.1,2,0.8571428571428571
0.913299769605086,120,11,hcrd_raw,0.1,3,0.112
0.16783685107662438,2,11,hcrd_robust,0.1,3,0.0
0.24019062444189654,22,11,hcrd_gaussian_guided,0.1,3,0.2222222222222222
0.10485736433774007,9,11,hcrd_adaptive_guided,0.1,3,0.8571428571428571
0.053921319385104194,9,11,hcrd_quadratic_guided,0.1,3,0.8571428571428571
0.8853559804056639,124,11,hcrd_raw,0.1,4,0.10852713178294575
0.18675323335533692,2,11,hcrd_robust,0.1,4,0.0
0.4981703230678168,24,11,hcrd_gaussian_guided,0.1,4,0.41379310344827586
0.1098186113776258,9,11,hcrd_adaptive_guided,0.1,4,0.8571428571428571
0.060211017709852044,9,11,hcrd_quadratic_guided,0.1,4,0.8571428571428571
0.8863456432882765,120,11,hcrd_raw,0.1,5,0.112
0.174580778576462,2,11,hcrd_robust,0.1,5,0.0
0.4260237705222499,23,11,hcrd_gaussian_guided,0.1,5,0.2857142857142857
0.10790238292012463,9,11,hcrd_adaptive_guided,0.1,5,0.7142857142857143
0.061611503305021034,9,11,hcrd_quadratic_guided,0.1,5,0.8571428571428571
0.9325229060806355,126,11,hcrd_raw,0.1,6,0.10687022900763359
0.20332151862867115,2,11,hcrd_robust,0.1,6,0.0
0.41588614754866093,23,11,hcrd_gaussian_guided,0.1,6,0.21428571428571427
0.10747576348792558,9,11,hcrd_adaptive_guided,0.1,6,0.7142857142857143
0.05807022885725196,9,11,hcrd_quadratic_guided,0.1,6,0.8571428571428571
0.8737013522310646,121,11,hcrd_raw,0.1,7,0.1111111111111111
0.19522311803313291,2,11,hcrd_robust,0.1,7,0.0
0.3398802446620096,23,11,hcrd_gaussian_guided,0.1,7,0.35714285714285715
0.0993373585288988,9,11,hcrd_adaptive_guided,0.1,7,0.8571428571428571
0.05998004773297257,9,11,hcrd_quadratic_guided,0.1,7,0.8571428571428571
0.8756884442572751,122,11,hcrd_raw,0.1,8,0.07874015748031496
0.16282023426373482,2,11,hcrd_robust,0.1,8,0.0
0.3943310311932932,26,11,hcrd_gaussian_guided,0.1,8,0.19354838709677416
0.10717349694814697,9,11,hcrd_adaptive_guided,0.1,8,0.8571428571428571
0.057947875443911556,9,11,hcrd_quadratic_guided,0.1,8,0.8571428571428571
0.8766843098121098,122,11,hcrd_raw,0.1,9,0.11023622047244094
0.20794247866378127,2,11,hcrd_robust,0.1,9,0.0
0.21887853558447198,19,11,hcrd_gaussian_guided,0.1,9,0.16666666666666666
0.0925075226566967,9,11,hcrd_adaptive_guided,0.1,9,0.8571428571428571
0.05679968623124024,9,11,hcrd_quadratic_guided,0.1,9,0.8571428571428571
0.8977883861747309,121,12,hcrd_raw,0.1,0,0.1111111111111111
0.1136690261093663,2,12,hcrd_robust,0.1,0,0.0
0.27374428841062204,20,12,hcrd_gaussian_guided,0.1,0,0.32
0.05243393586770426,9,12,hcrd_adaptive_guided,0.1,0,1.0
0.039660290018049334,9,12,hcrd_quadratic_guided,0.1,0,1.0
0.8749773548725757,123,12,hcrd_raw,0.1,1,0.109375
0.18112947798963375,2,12,hcrd_robust,0.1,1,0.0
0.4810343116262373,22,12,hcrd_gaussian_guided,0.1,1,0.29629629629629634
0.059018770544627376,9,12,hcrd_adaptive_guided,0.1,1,1.0
0.04774642684362343,9,12,hcrd_quadratic_guided,0.1,1,1.0
0.8828250152318695,123,12,hcrd_raw,0.1,2,0.109375
0.23544558805118063,2,12,hcrd_robust,0.1,2,0.0
0.27131688450955427,21,12,hcrd_gaussian_guided,0.1,2,0.15384615384615385
0.05666791132034153,9,12,hcrd_adaptive_guided,0.1,2,0.8571428571428571
0.044956686436039846,9,12,hcrd_quadratic_guided,0.1,2,1.0
0.8776681510195683,123,12,hcrd_raw,0.1,3,0.109375
0.22686819453199666,2,12,hcrd_robust,0.1,3,0.0
0.21241993989314104,18,12,hcrd_gaussian_guided,0.1,3,0.43478260869565216
0.05569947424938229,9,12,hcrd_adaptive_guided,0.1,3,1.0
0.04967514446721835,9,12,hcrd_quadratic_guided,0.1,3,0.8571428571428571
0.9008334500607246,125,12,hcrd_raw,0.1,4,0.10769230769230768
0.1690001214201522,2,12,hcrd_robust,0.1,4,0.0
0.2806990757602065,18,12,hcrd_gaussian_guided,0.1,4,0.34782608695652173
0.058606239737391326,9,12,hcrd_adaptive_guided,0.1,4,1.0
0.04578455922446735,9,12,hcrd_quadratic_guided,0.1,4,1.0
0.8775338009811742,122,12,hcrd_raw,0.1,5,0.11023622047244094
0.11350658729570923,2,12,hcrd_robust,0.1,5,0.0
0.455324018309642,27,12,hcrd_gaussian_guided,0.1,5,0.1875
0.056914611217471794,9,12,hcrd_adaptive_guided,0.1,5,1.0
0.05216869619419535,9,12,hcrd_quadratic_guided,0.1,5,1.0
0.9234404101172307,125,12,hcrd_raw,0.1,6,0.10769230769230768
0.12405200375376887,2,12,hcrd_robust,0.1,6,0.0
0.49115057862180383,23,12,hcrd_gaussian_guided,0.1,6,0.14285714285714285
0.05890298018924756,9,12,hcrd_adaptive_guided,0.1,6,1.0
0.04846419683476802,9,12,hcrd_quadratic_guided,0.1,6,1.0
0.8979572014599643,124,12,hcrd_raw,0.1,7,0.10852713178294575
0.16122333774706904,2,12,hcrd_robust,0.1,7,0.0
0.34589547876361293,19,12,hcrd_gaussian_guided,0.1,7,0.25
0.05855231581703877,9,12,hcrd_adaptive_guided,0.1,7,1.0
0.05414733341284572,9,12,hcrd_quadratic_guided,0.1,7,0.8571428571428571
0.8973389347776225,119,12,hcrd_raw,0.1,8,0.11290322580645161
0.21732393117891982,2,12,hcrd_robust,0.1,8,0.0
0.38621649003911884,23,12,hcrd_gaussian_guided,0.1,8,0.35714285714285715
0.06189114814804105,9,12,hcrd_adaptive_guided,0.1,8,1.0
0.050325583082770756,9,12,hcrd_quadratic_guided,0.1,8,1.0
0.8964255264865155,126,12,hcrd_raw,0.1,9,0.10687022900763359
0.17743009873110632,2,12,hcrd_robust,0.1,9,0.0
0.4050464536313359,23,12,hcrd_gaussian_guided,0.1,9,0.35714285714285715
0.05838303161229792,9,12,hcrd_adaptive_guided,0.1,9,1.0
0.04798730070192767,9,12,hcrd_quadratic_guided,0.1,9,1.0
0.8870428688415734,123,13,hcrd_raw,0.1,0,0.09375000000000001
0.3104967189279197,2,13,hcrd_robust,0.1,0,0.0
0.30878559008240086,22,13,hcrd_gaussian_guided,0.1,0,0.29629629629629634
0.09752824510105434,9,13,hcrd_adaptive_guided,0.1,0,0.7142857142857143
0.07255496043285653,9,13,hcrd_quadratic_guided,0.1,0,0.7142857142857143
0.8915669812217524,124,13,hcrd_raw,0.1,1,0.10852713178294575
0.48681365796422216,2,13,hcrd_robust,0.1,1,0.0
0.4565694237562175,22,13,hcrd_gaussian_guided,0.1,1,0.14814814814814817
0.09882797948082167,9,13,hcrd_adaptive_guided,0.1,1,0.7142857142857143
0.06826009319933925,9,13,hcrd_quadratic_guided,0.1,1,0.7142857142857143
0.8794204183135442,121,13,hcrd_raw,0.1,2,0.1111111111111111
0.36465078689545133,2,13,hcrd_robust,0.1,2,0.0
0.4892741361866993,25,13,hcrd_gaussian_guided,0.1,2,0.3333333333333333
0.0999666002038643,9,13,hcrd_adaptive_guided,0.1,2,0.7142857142857143
0.0664728262916703,9,13,hcrd_quadratic_guided,0.1,2,0.7142857142857143
0.9159540426788513,123,13,hcrd_raw,0.1,3,0.109375
0.3559170202053889,2,13,hcrd_robust,0.1,3,0.0
0.43081651504673923,23,13,hcrd_gaussian_guided,0.1,3,0.35714285714285715
0.09579274739163537,9,13,hcrd_adaptive_guided,0.1,3,0.7142857142857143
0.0693953651702022,9,13,hcrd_quadratic_guided,0.1,3,0.7142857142857143
0.896003316977371,125,13,hcrd_raw,0.1,4,0.10769230769230768
0.2827962075671831,2,13,hcrd_robust,0.1,4,0.0
0.33262661473865535,21,13,hcrd_gaussian_guided,0.1,4,0.3076923076923077
0.10600030810984977,9,13,hcrd_adaptive_guided,0.1,4,0.7142857142857143
0.07441163943490818,9,13,hcrd_quadratic_guided,0.1,4,0.7142857142857143
0.9174247716852442,125,13,hcrd_raw,0.1,5,0.10769230769230768
0.42977443707056795,2,13,hcrd_robust,0.1,5,0.0
0.33185560798993113,22,13,hcrd_gaussian_guided,0.1,5,0.2222222222222222
0.0983357435118641,9,13,hcrd_adaptive_guided,0.1,5,0.7142857142857143
0.07055283490462361,9,13,hcrd_quadratic_guided,0.1,5,0.7142857142857143
0.8966529464177079,124,13,hcrd_raw,0.1,6,0.10852713178294575
0.3445071956834682,2,13,hcrd_robust,0.1,6,0.0
0.3598024019042373,22,13,hcrd_gaussian_guided,0.1,6,0.37037037037037035
0.10220702774691318,9,13,hcrd_adaptive_guided,0.1,6,0.7142857142857143
0.07404713819927368,9,13,hcrd_quadratic_guided,0.1,6,0.7142857142857143
0.8924661710464685,125,13,hcrd_raw,0.1,7,0.10769230769230768
0.31294473208426155,2,13,hcrd_robust,0.1,7,0.0
0.39994928801585206,21,13,hcrd_gaussian_guided,0.1,7,0.3846153846153846
0.09541207627167157,9,13,hcrd_adaptive_guided,0.1,7,0.7142857142857143
0.061482430202247015,9,13,hcrd_quadratic_guided,0.1,7,0.7142857142857143
0.9070689452833837,125,13,hcrd_raw,0.1,8,0.10769230769230768
0.5081889475495124,2,13,hcrd_robust,0.1,8,0.0
0.428398225001777,19,13,hcrd_gaussian_guided,0.1,8,0.25
0.10561409419502475,9,13,hcrd_adaptive_guided,0.1,8,0.7142857142857143
0.07393556746836819,9,13,hcrd_quadratic_guided,0.1,8,0.7142857142857143
0.8918653858868998,123,13,hcrd_raw,0.1,9,0.109375
0.3229268642497731,2,13,hcrd_robust,0.1,9,0.0
0.3816078828469712,21,13,hcrd_gaussian_guided,0.1,9,0.3076923076923077
0.10003156248162645,9,13,hcrd_adaptive_guided,0.1,9,0.7142857142857143
0.07524966253578558,9,13,hcrd_quadratic_guided,0.1,9,0.7142857142857143
0.7851088834746397,122,14,hcrd_raw,0.1,0,0.11023622047244094
0.7693439785695677,2,14,hcrd_robust,0.1,0,0.0
0.3752744980172352,22,14,hcrd_gaussian_guided,0.1,0,0.37037037037037035
0.05985577432857574,9,14,hcrd_adaptive_guided,0.1,0,1.0
0.043422895515118326,9,14,hcrd_quadratic_guided,0.1,0,1.0
0.7883745772607864,122,14,hcrd_raw,0.1,1,0.11023622047244094
0.7097366648851644,2,14,hcrd_robust,0.1,1,0.0
0.40215816437728447,26,14,hcrd_gaussian_guided,0.1,1,0.06451612903225806
0.07165055317171223,9,14,hcrd_adaptive_guided,0.1,1,1.0
0.045678254920518725,9,14,hcrd_quadratic_guided,0.1,1,1.0
0.7622652849176095,125,14,hcrd_raw,0.1,2,0.10769230769230768
0.7562884167088403,2,14,hcrd_robust,0.1,2,0.0
0.36717214131894427,23,14,hcrd_gaussian_guided,0.1,2,0.35714285714285715
0.06641963977373345,9,14,hcrd_adaptive_guided,0.1,2,1.0
0.04235282368142534,9,14,hcrd_quadratic_guided,0.1,2,1.0
0.7734934125016032,125,14,hcrd_raw,0.1,3,0.10769230769230768
0.6559216218039209,2,14,hcrd_robust,0.1,3,0.0
0.448236407476074,27,14,hcrd_gaussian_guided,0.1,3,0.1875
0.07520976578761757,9,14,hcrd_adaptive_guided,0.1,3,0.8571428571428571
0.04599224307448445,9,14,hcrd_quadratic_guided,0.1,3,1.0
0.7625158826617352,123,14,hcrd_raw,0.1,4,0.109375
0.6624358412994688,2,14,hcrd_robust,0.1,4,0.0
0.42017339465639425,27,14,hcrd_gaussian_guided,0.1,4,0.1875
0.061765304324013566,9,14,hcrd_adaptive_guided,0.1,4,1.0
0.042810500160426784,9,14,hcrd_quadratic_guided,0.1,4,1.0
0.7687136725388818,123,14,hcrd_raw,0.1,5,0.109375
0.7765056519578446,2,14,hcrd_robust,0.1,5,0.0
0.49298393537050816,24,14,hcrd_gaussian_guided,0.1,5,0.27586206896551724
0.06687808490752371,9,14,hcrd_adaptive_guided,0.1,5,1.0
0.03968352528237565,9,14,hcrd_quadratic_guided,0.1,5,1.0
0.7528542696387187,124,14,hcrd_raw,0.1,6,0.10852713178294575
0.823962654162256,2,14,hcrd_robust,0.1,6,0.0
0.3817718022836535,24,14,hcrd_gaussian_guided,0.1,6,0.41379310344827586
0.07183312334200967,9,14,hcrd_adaptive_guided,0.1,6,1.0
0.04326611856475766,9,14,hcrd_quadratic_guided,0.1,6,1.0
0.8121284298668187,126,14,hcrd_raw,0.1,7,0.10687022900763359
0.6341402707728682,2,14,hcrd_robust,0.1,7,0.0
0.38792047505228955,23,14,hcrd_gaussian_guided,0.1,7,0.21428571428571427
0.05996096180488452,9,14,hcrd_adaptive_guided,0.1,7,1.0
0.037129578034047366,9,14,hcrd_quadratic_guided,0.1,7,1.0
0.7666299718316274,122,14,hcrd_raw,0.1,8,0.11023622047244094
0.7381316890329168,2,14,hcrd_robust,0.1,8,0.0
0.3981016616864094,23,14,hcrd_gaussian_guided,0.1,8,0.2857142857142857
0.07907843399794008,9,14,hcrd_adaptive_guided,0.1,8,1.0
0.04819775316171897,9,14,hcrd_quadratic_guided,0.1,8,1.0
0.7976400284941769,124,14,hcrd_raw,0.1,9,0.10852713178294575
0.6156740134329579,2,14,hcrd_robust,0.1,9,0.0
0.43011812113652265,25,14,hcrd_gaussian_guided,0.1,9,0.13333333333333333
0.06229151088585616,9,14,hcrd_adaptive_guided,0.1,9,1.0
0.04015443206611153,9,14,hcrd_quadratic_guided,0.1,9,1.0
1.0472578366794492,124,15,hcrd_raw,0.1,0,0.10852713178294575
0.3651033852846241,2,15,hcrd_robust,0.1,0,0.0
0.4732266307220363,22,15,hcrd_gaussian_guided,0.1,0,0.2222222222222222
0.08166085119886143,9,15,hcrd_adaptive_guided,0.1,0,0.7142857142857143
0.06439494628203626,9,15,hcrd_quadratic_guided,0.1,0,1.0
1.0258159140409049,124,15,hcrd_raw,0.1,1,0.10852713178294575
0.3022781424876054,2,15,hcrd_robust,0.1,1,0.0
0.5118617151725827,25,15,hcrd_gaussian_guided,0.1,1,0.13333333333333333
0.08386870599067546,9,15,hcrd_adaptive_guided,0.1,1,0.5714285714285714
0.06051342189384704,9,15,hcrd_quadratic_guided,0.1,1,1.0
1.046175932036228,122,15,hcrd_raw,0.1,2,0.11023622047244094
0.27630263036029573,2,15,hcrd_robust,0.1,2,0.0
0.4285876008779434,22,15,hcrd_gaussian_guided,0.1,2,0.14814814814814817
0.08653695990213833,9,15,hcrd_adaptive_guided,0.1,2,0.5714285714285714
0.06869492537784282,9,15,hcrd_quadratic_guided,0.1,2,0.7142857142857143
1.0408597561174373,123,15,hcrd_raw,0.1,3,0.109375
0.3320607644098072,2,15,hcrd_robust,0.1,3,0.0
0.36810809791332827,25,15,hcrd_gaussian_guided,0.1,3,0.2
0.09974038268087701,9,15,hcrd_adaptive_guided,0.1,3,0.5714285714285714
0.0770138930943652,9,15,hcrd_quadratic_guided,0.1,3,0.7142857142857143
1.0345110199664183,124,15,hcrd_raw,0.1,4,0.10852713178294575
0.2750128708535344,2,15,hcrd_robust,0.1,4,0.0
0.3418883700333737,22,15,hcrd_gaussian_guided,0.1,4,0.37037037037037035
0.09746575521690604,9,15,hcrd_adaptive_guided,0.1,4,0.5714285714285714
0.07295099095673384,9,15,hcrd_quadratic_guided,0.1,4,0.7142857142857143
1.0307184758360264,123,15,hcrd_raw,0.1,5,0.109375
0.3396389544366911,2,15,hcrd_robust,0.1,5,0.0
0.35275864727028683,20,15,hcrd_gaussian_guided,0.1,5,0.32
0.08097836543378756,9,15,hcrd_adaptive_guided,0.1,5,0.8571428571428571
0.07088024507527708,9,15,hcrd_quadratic_guided,0.1,5,0.8571428571428571
1.028274041553409,122,15,hcrd_raw,0.1,6,0.11023622047244094
0.3533063763874607,2,15,hcrd_robust,0.1,6,0.0
0.4348879642379898,21,15,hcrd_gaussian_guided,0.1,6,0.15384615384615385
0.07899489476666363,9,15,hcrd_adaptive_guided,0.1,6,0.8571428571428571
0.0709799146738291,9,15,hcrd_quadratic_guided,0.1,6,0.8571428571428571
1.0338064926071056,122,15,hcrd_raw,0.1,7,0.11023622047244094
0.3051367522495505,2,15,hcrd_robust,0.1,7,0.0
0.4320183704074185,21,15,hcrd_gaussian_guided,0.1,7,0.3076923076923077
0.1001960627244342,9,15,hcrd_adaptive_guided,0.1,7,0.5714285714285714
0.0807861802111009,9,15,hcrd_quadratic_guided,0.1,7,0.7142857142857143
1.0443749486339022,122,15,hcrd_raw,0.1,8,0.11023622047244094
0.3065216764849105,2,15,hcrd_robust,0.1,8,0.0
0.3840943701723524,21,15,hcrd_gaussian_guided,0.1,8,0.15384615384615385
0.09500307149467987,9,15,hcrd_adaptive_guided,0.1,8,0.5714285714285714
0.08150481461337547,9,15,hcrd_quadratic_guided,0.1,8,0.7142857142857143
1.0211302401776332,124,15,hcrd_raw,0.1,9,0.10852713178294575
0.3347978460253839,2,15,hcrd_robust,0.1,9,0.0
0.3730150482110254,20,15,hcrd_gaussian_guided,0.1,9,0.16
0.09279602275581142,9,15,hcrd_adaptive_guided,0.1,9,0.5714285714285714
0.07893026703937896,9,15,hcrd_quadratic_guided,0.1,9,0.7142857142857143
0.7241509989919656,124,16,hcrd_raw,0.1,0,0.10852713178294575
0.11830537134057881,2,16,hcrd_robust,0.1,0,0.0
0.28962550198858306,23,16,hcrd_gaussian_guided,0.1,0,0.42857142857142855
0.06386791364166577,9,16,hcrd_adaptive_guided,0.1,0,0.8571428571428571
0.03844236795442017,9,16,hcrd_quadratic_guided,0.1,0,0.8571428571428571
0.689184589856975,121,16,hcrd_raw,0.1,1,0.1111111111111111
0.1000893136205376,2,16,hcrd_robust,0.1,1,0.0
0.24697253680085882,25,16,hcrd_gaussian_guided,0.1,1,0.26666666666666666
0.06330367418474857,9,16,hcrd_adaptive_guided,0.1,1,0.8571428571428571
0.04282710037454873,9,16,hcrd_quadratic_guided,0.1,1,0.8571428571428571
0.7278500416938312,124,16,hcrd_raw,0.1,2,0.10852713178294575
0.09973854516690697,2,16,hcrd_robust,0.1,2,0.0
0.330328007179091,23,16,hcrd_gaussian_guided,0.1,2,0.21428571428571427
0.05922116749028341,9,16,hcrd_adaptive_guided,0.1,2,0.8571428571428571
0.04016094779098095,9,16,hcrd_quadratic_guided,0.1,2,0.8571428571428571
0.7214347757792501,126,16,hcrd_raw,0.1,3,0.10687022900763359
0.08436276913751568,2,16,hcrd_robust,0.1,3,0.0
0.3215806003814404,21,16,hcrd_gaussian_guided,0.1,3,0.15384615384615385
0.05420740358815107,9,16,hcrd_adaptive_guided,0.1,3,0.8571428571428571
0.033973340406859655,9,16,hcrd_quadratic_guided,0.1,3,0.8571428571428571
0.6882871444220083,123,16,hcrd_raw,0.1,4,0.109375
0.11356691278817788,2,16,hcrd_robust,0.1,4,0.0
0.2268862556717395,21,16,hcrd_gaussian_guided,0.1,4,0.15384615384615385
0.06228115223915335,9,16,hcrd_adaptive_guided,0.1,4,0.8571428571428571
0.03955588068195388,9,16,hcrd_quadratic_guided,0.1,4,0.8571428571428571
0.7117457084290361,125,16,hcrd_raw,0.1,5,0.10769230769230768
0.18286491662911494,2,16,hcrd_robust,0.1,5,0.0
0.35274130485449884,22,16,hcrd_gaussian_guided,0.1,5,0.29629629629629634
0.061749262695848114,9,16,hcrd_adaptive_guided,0.1,5,0.8571428571428571
0.03903189261413163,9,16,hcrd_quadratic_guided,0.1,5,0.8571428571428571
0.7078714318947872,125,16,hcrd_raw,0.1,6,0.10769230769230768
0.09610930353142172,2,16,hcrd_robust,0.1,6,0.0
0.4238918909834757,27,16,hcrd_gaussian_guided,0.1,6,0.1875
0.059183859924344155,9,16,hcrd_adaptive_guided,0.1,6,0.8571428571428571
0.037899151860580155,9,16,hcrd_quadratic_guided,0.1,6,0.8571428571428571
0.703755286873845,125,16,hcrd_raw,0.1,7,0.10769230769230768
0.055612773175077984,2,16,hcrd_robust,0.1,7,0.0
0.45010783906740964,28,16,hcrd_gaussian_guided,0.1,7,0.18181818181818182
0.05797526391392913,9,16,hcrd_adaptive_guided,0.1,7,0.8571428571428571
0.033280135589008955,9,16,hcrd_quadratic_guided,0.1,7,0.8571428571428571
0.7157415439361993,124,16,hcrd_raw,0.1,8,0.10852713178294575
0.1340681084374737,2,16,hcrd_robust,0.1,8,0.0
0.22475178766357362,23,16,hcrd_gaussian_guided,0.1,8,0.14285714285714285
0.057712730762138405,9,16,hcrd_adaptive_guided,0.1,8,0.8571428571428571
0.03782697917841977,9,16,hcrd_quadratic_guided,0.1,8,0.8571428571428571
0.7213500395121293,122,16,hcrd_raw,0.1,9,0.11023622047244094
0.1550114944866651,2,16,hcrd_robust,0.1,9,0.0
0.42270249338375643,26,16,hcrd_gaussian_guided,0.1,9,0.25806451612903225
0.06113316711363988,9,16,hcrd_adaptive_guided,0.1,9,0.8571428571428571
0.04494924480406988,9,16,hcrd_quadratic_guided,0.1,9,0.8571428571428571
0.7301689643072622,123,17,hcrd_raw,0.1,0,0.09375000000000001
0.2453833551170756,2,17,hcrd_robust,0.1,0,0.0
0.46501615457483514,27,17,hcrd_gaussian_guided,0.1,0,0.25
0.0548854971256098,9,17,hcrd_adaptive_guided,0.1,0,0.7142857142857143
0.055828301373340716,9,17,hcrd_quadratic_guided,0.1,0,0.5714285714285714
0.7485888528327689,123,17,hcrd_raw,0.1,1,0.109375
0.24583147163374566,2,17,hcrd_robust,0.1,1,0.0
0.324170962977451,24,17,hcrd_gaussian_guided,0.1,1,0.20689655172413793
0.0594447478430669,9,17,hcrd_adaptive_guided,0.1,1,0.7142857142857143
0.05163778745433148,9,17,hcrd_quadratic_guided,0.1,1,0.7142857142857143
0.7540864101511572,124,17,hcrd_raw,0.1,2,0.10852713178294575
0.2658275656201056,2,17,hcrd_robust,0.1,2,0.0
0.3000907710865343,22,17,hcrd_gaussian_guided,0.1,2,0.14814814814814817
0.06288012075141888,9,17,hcrd_adaptive_guided,0.1,2,0.5714285714285714
0.06004306720122669,9,17,hcrd_quadratic_guided,0.1,2,0.5714285714285714
0.762233682722258,121,17,hcrd_raw,0.1,3,0.1111111111111111
0.21234182599077092,2,17,hcrd_robust,0.1,3,0.0
0.2873125206777476,22,17,hcrd_gaussian_guided,0.1,3,0.2222222222222222
0.05898284579527401,9,17,hcrd_adaptive_guided,0.1,3,0.7142857142857143
0.052058400537218316,9,17,hcrd_quadratic_guided,0.1,3,0.7142857142857143
0.7549193712726141,125,17,hcrd_raw,0.1,4,0.10769230769230768
0.2105271172893937,2,17,hcrd_robust,0.1,4,0.0
0.3442635300449962,23,17,hcrd_gaussian_guided,0.1,4,0.35714285714285715
0.06793969424358975,9,17,hcrd_adaptive_guided,0.1,4,0.5714285714285714
0.06001446618000731,9,17,hcrd_quadratic_guided,0.1,4,0.7142857142857143
0.7520733434459965,124,17,hcrd_raw,0.1,5,0.10852713178294575
0.14669857669821706,2,17,hcrd_robust,0.1,5,0.0
0.36269340296751795,27,17,hcrd_gaussian_guided,0.1,5,0.125
0.0601618951252187,9,17,hcrd_adaptive_guided,0.1,5,0.7142857142857143
0.04687226662698034,9,17,hcrd_quadratic_guided,0.1,5,0.8571428571428571
0.7378639182095835,123,17,hcrd_raw,0.1,6,0.109375
0.23322199860534984,2,17,hcrd_robust,0.1,6,0.0
0.327965988632646,24,17,hcrd_gaussian_guided,0.1,6,0.27586206896551724
0.06362859903788201,9,17,hcrd_adaptive_guided,0.1,6,0.7142857142857143
0.05721674187627155,9,17,hcrd_quadratic_guided,0.1,6,0.7142857142857143
0.726108395065717,122,17,hcrd_raw,0.1,7,0.11023622047244094
0.24469502507695154,2,17,hcrd_robust,0.1,7,0.0
0.32411696747524177,24,17,hcrd_gaussian_guided,0.1,7,0.20689655172413793
0.0621149896384372,9,17,hcrd_adaptive_guided,0.1,7,0.7142857142857143
0.05918738502875183,9,17,hcrd_quadratic_guided,0.1,7,0.7142857142857143
0.7539972614568522,125,17,hcrd_raw,0.1,8,0.10769230769230768
0.2487457325855526,3,17,hcrd_robust,0.1,8,0.0
0.2964243360473209,25,17,hcrd_gaussian_guided,0.1,8,0.2
0.0639878701103075,9,17,hcrd_adaptive_guided,0.1,8,0.5714285714285714
0.05534753018734748,9,17,hcrd_quadratic_guided,0.1,8,0.7142857142857143
0.7379899069212352,124,17,hcrd_raw,0.1,9,0.10852713178294575
0.1680773474185082,2,17,hcrd_robust,0.1,9,0.0
0.37414752642583826,26,17,hcrd_gaussian_guided,0.1,9,0.19354838709677416
0.06219630611173681,9,17,hcrd_adaptive_guided,0.1,9,0.5714285714285714
0.06295772562150123,9,17,hcrd_quadratic_guided,0.1,9,0.42857142857142855
1.0029924098990857,122,18,hcrd_raw,0.1,0,0.11023622047244094
0.18757024726152308,2,18,hcrd_robust,0.1,0,0.0
0.3954052362694528,19,18,hcrd_gaussian_guided,0.1,0,0.3333333333333333
0.1914364644519547,9,18,hcrd_adaptive_guided,0.1,0,0.42857142857142855
0.15649897215855868,9,18,hcrd_quadratic_guided,0.1,0,0.5714285714285714
0.9917198264452051,122,18,hcrd_raw,0.1,1,0.11023622047244094
0.18901509276035294,2,18,hcrd_robust,0.1,1,0.0
0.31622541198937765,20,18,hcrd_gaussian_guided,0.1,1,0.24
0.17359246631484548,9,18,hcrd_adaptive_guided,0.1,1,0.5714285714285714
0.15600569542651058,9,18,hcrd_quadratic_guided,0.1,1,0.5714285714285714
1.0087758223950918,125,18,hcrd_raw,0.1,2,0.10769230769230768
0.18052970135975252,2,18,hcrd_robust,0.1,2,0.0
0.35177698719511574,19,18,hcrd_gaussian_guided,0.1,2,0.25
0.18569944916691142,9,18,hcrd_adaptive_guided,0.1,2,0.5714285714285714
0.15874453355340146,9,18,hcrd_quadratic_guided,0.1,2,0.5714285714285714
1.0182353746045574,124,18,hcrd_raw,0.1,3,0.10852713178294575
0.18738982602558849,2,18,hcrd_robust,0.1,3,0.0
0.6408496413800612,25,18,hcrd_gaussian_guided,0.1,3,0.13333333333333333
0.17390573899792458,9,18,hcrd_adaptive_guided,0.1,3,0.5714285714285714
0.14685057979714208,9,18,hcrd_quadratic_guided,0.1,3,0.5714285714285714
1.0055409956791186,125,18,hcrd_raw,0.1,4,0.10769230769230768
0.18170222069362213,2,18,hcrd_robust,0.1,4,0.0
0.41051910304546146,20,18,hcrd_gaussian_guided,0.1,4,0.32
0.16899438385436344,9,18,hcrd_adaptive_guided,0.1,4,0.5714285714285714
0.15096937503395547,9,18,hcrd_quadratic_guided,0.1,4,0.5714285714285714
1.0452119847335883,124,18,hcrd_raw,0.1,5,0.10852713178294575
0.17205994308499248,2,18,hcrd_robust,0.1,5,0.0
0.3879616827740761,25,18,hcrd_gaussian_guided,0.1,5,0.13333333333333333
0.19033894868550016,9,18,hcrd_adaptive_guided,0.1,5,0.5714285714285714
0.16091888107134444,9,18,hcrd_quadratic_guided,0.1,5,0.5714285714285714
1.021216612181994,122,18,hcrd_raw,0.1,6,0.11023622047244094
0.19166050266034323,2,18,hcrd_robust,0.1,6,0.0
0.334650131474637,22,18,hcrd_gaussian_guided,0.1,6,0.14814814814814817
0.17432720365594262,9,18,hcrd_adaptive_guided,0.1,6,0.42857142857142855
0.13940974774677511,9,18,hcrd_quadratic_guided,0.1,6,0.5714285714285714
1.013845022567136,123,18,hcrd_raw,0.1,7,0.109375
0.18768688620560767,2,18,hcrd_robust,0.1,7,0.0
0.5245237275201172,20,18,hcrd_gaussian_guided,0.1,7,0.16
0.172211784332088,9,18,hcrd_adaptive_guided,0.1,7,0.7142857142857143
0.1579379771500028,9,18,hcrd_quadratic_guided,0.1,7,0.5714285714285714
0.9925208558577423,125,18,hcrd_raw,0.1,8,0.10769230769230768
0.23557915292988224,2,18,hcrd_robust,0.1,8,0.0
0.3318780212129612,17,18,hcrd_gaussian_guided,0.1,8,0.09090909090909091
0.16423975239968874,9,18,hcrd_adaptive_guided,0.1,8,0.5714285714285714
0.15687164680441132,9,18,hcrd_quadratic_guided,0.1,8,0.5714285714285714
1.0289680425345777,123,18,hcrd_raw,0.1,9,0.109375
0.1939670483229082,2,18,hcrd_robust,0.1,9,0.0
0.386334221458132,19,18,hcrd_gaussian_guided,0.1,9,0.16666666666666666
0.19004867233130987,9,18,hcrd_adaptive_guided,0.1,9,0.5714285714285714
0.1533045966767028,9,18,hcrd_quadratic_guided,0.1,9,0.5714285714285714
0.8312311269133847,125,19,hcrd_raw,0.1,0,0.10769230769230768
0.13606022196816053,2,19,hcrd_robust,0.1,0,0.0
0.3457793135291541,21,19,hcrd_gaussian_guided,0.1,0,0.3846153846153846
0.05637259948194692,9,19,hcrd_adaptive_guided,0.1,0,1.0
0.048837653883765444,9,19,hcrd_quadratic_guided,0.1,0,1.0
0.7961647840261021,123,19,hcrd_raw,0.1,1,0.109375
0.10990573212157383,2,19,hcrd_robust,0.1,1,0.0
0.26892051988704824,22,19,hcrd_gaussian_guided,0.1,1,0.14814814814814817
0.05841743424590491,9,19,hcrd_adaptive_guided,0.1,1,1.0
0.05257903334731086,9,19,hcrd_quadratic_guided,0.1,1,1.0
0.7890811626901821,121,19,hcrd_raw,0.1,2,0.1111111111111111
0.11274412998853822,2,19,hcrd_robust,0.1,2,0.0
0.4289494668765787,25,19,hcrd_gaussian_guided,0.1,2,0.4
0.05703731337798229,9,19,hcrd_adaptive_guided,0.1,2,0.8571428571428571
0.04387348844697417,9,19,hcrd_quadratic_guided,0.1,2,1.0
0.7965187566448708,124,19,hcrd_raw,0.1,3,0.10852713178294575
0.10396300164433334,2,19,hcrd_robust,0.1,3,0.0
0.42805199313747255,25,19,hcrd_gaussian_guided,0.1,3,0.2
0.05839612154890947,9,19,hcrd_adaptive_guided,0.1,3,1.0
0.04678074680038553,9,19,hcrd_quadratic_guided,0.1,3,1.0
0.7821352061369036,121,19,hcrd_raw,0.1,4,0.1111111111111111
0.10583461730286339,2,19,hcrd_robust,0.1,4,0.0
0.5043421911499045,26,19,hcrd_gaussian_guided,0.1,4,0.3225806451612903
0.0655410524547644,9,19,hcrd_adaptive_guided,0.1,4,1.0
0.04799904660944819,9,19,hcrd_quadratic_guided,0.1,4,1.0
0.7881115334013018,123,19,hcrd_raw,0.1,5,0.109375
0.14017906311671885,2,19,hcrd_robust,0.1,5,0.0
0.23858807278969998,23,19,hcrd_gaussian_guided,0.1,5,0.21428571428571427
0.05767103318341213,9,19,hcrd_adaptive_guided,0.1,5,1.0
0.0475354309809303,9,19,hcrd_quadratic_guided,0.1,5,1.0
0.8078674857351185,124,19,hcrd_raw,0.1,6,0.10852713178294575
0.11398691610513789,2,19,hcrd_robust,0.1,6,0.0
0.36294399483850454,22,19,hcrd_gaussian_guided,0.1,6,0.2222222222222222
0.053743850585309706,9,19,hcrd_adaptive_guided,0.1,6,1.0
0.046600737212683395,9,19,hcrd_quadratic_guided,0.1,6,1.0
0.8017000495398827,123,19,hcrd_raw,0.1,7,0.109375
0.1244317970241528,2,19,hcrd_robust,0.1,7,0.0
0.18441453593883897,17,19,hcrd_gaussian_guided,0.1,7,0.27272727272727276
0.06098778089337497,9,19,hcrd_adaptive_guided,0.1,7,1.0
0.050307773664872935,9,19,hcrd_quadratic_guided,0.1,7,1.0
0.7993697783198053,125,19,hcrd_raw,0.1,8,0.10769230769230768
0.15715464679732263,2,19,hcrd_robust,0.1,8,0.0
0.37400510755162086,23,19,hcrd_gaussian_guided,0.1,8,0.2857142857142857
0.05761991033880214,9,19,hcrd_adaptive_guided,0.1,8,1.0
0.047767227813693094,9,19,hcrd_quadratic_guided,0.1,8,1.0
0.7764399883779772,125,19,hcrd_raw,0.1,9,0.10769230769230768
0.24002597547552434,2,19,hcrd_robust,0.1,9,0.0
0.4830831196289853,25,19,hcrd_gaussian_guided,0.1,9,0.06666666666666667
0.05647488757460967,9,19,hcrd_adaptive_guided,0.1,9,1.0
0.05150627670296025,9,19,hcrd_quadratic_guided,0.1,9,1.0
0.9919325782970753,120,20,hcrd_raw,0.1,0,0.112
0.3109565264077579,2,20,hcrd_robust,0.1,0,0.0
0.2525362473016324,20,20,hcrd_gaussian_guided,0.1,0,0.32
0.08776000005061355,9,20,hcrd_adaptive_guided,0.1,0,0.5714285714285714
0.07443133980007373,9,20,hcrd_quadratic_guided,0.1,0,0.7142857142857143
0.9746871710009546,124,20,hcrd_raw,0.1,1,0.10852713178294575
0.4368963351948206,2,20,hcrd_robust,0.1,1,0.0
0.3706084773714331,18,20,hcrd_gaussian_guided,0.1,1,0.26086956521739124
0.08764797793245649,9,20,hcrd_adaptive_guided,0.1,1,0.42857142857142855
0.06881847208299352,9,20,hcrd_quadratic_guided,0.1,1,0.7142857142857143
0.9818282892945307,122,20,hcrd_raw,0.1,2,0.11023622047244094
0.48185930286233947,2,20,hcrd_robust,0.1,2,0.0
0.397150866299183,20,20,hcrd_gaussian_guided,0.1,2,0.16
0.07812349934802229,9,20,hcrd_adaptive_guided,0.1,2,0.42857142857142855
0.0735827784954089,9,20,hcrd_quadratic_guided,0.1,2,0.5714285714285714
0.9531732582788457,125,20,hcrd_raw,0.1,3,0.10769230769230768
0.4420472501055493,2,20,hcrd_robust,0.1,3,0.0
0.45541054405862835,21,20,hcrd_gaussian_guided,0.1,3,0.3076923076923077
0.08481377908181538,9,20,hcrd_adaptive_guided,0.1,3,0.5714285714285714
0.07567147783121467,9,20,hcrd_quadratic_guided,0.1,3,0.5714285714285714
0.9971713881805401,122,20,hcrd_raw,0.1,4,0.09448818897637795
0.3197070784545319,2,20,hcrd_robust,0.1,4,0.0
0.4058539621278107,22,20,hcrd_gaussian_guided,0.1,4,0.2222222222222222
0.08845603934698015,9,20,hcrd_adaptive_guided,0.1,4,0.42857142857142855
0.07523603579485283,9,20,hcrd_quadratic_guided,0.1,4,0.5714285714285714
1.0087823302156034,126,20,hcrd_raw,0.1,5,0.10687022900763359
0.46091180864381043,2,20,hcrd_robust,0.1,5,0.0
0.41443765342693095,20,20,hcrd_gaussian_guided,0.1,5,0.4
0.09343411850204611,9,20,hcrd_adaptive_guided,0.1,5,0.42857142857142855
0.0771789893889065,9,20,hcrd_quadratic_guided,0.1,5,0.7142857142857143
0.9588739076682505,120,20,hcrd_raw,0.1,6,0.112
0.435160865152643,2,20,hcrd_robust,0.1,6,0.0
0.4394071237264872,23,20,hcrd_gaussian_guided,0.1,6,0.2857142857142857
0.09068120090103052,9,20,hcrd_adaptive_guided,0.1,6,0.42857142857142855
0.07218129361792372,9,20,hcrd_quadratic_guided,0.1,6,0.8571428571428571
0.9951522375050356,124,20,hcrd_raw,0.1,7,0.10852713178294575
0.3377223577836645,2,20,hcrd_robust,0.1,7,0.0
0.3557746000394601,20,20,hcrd_gaussian_guided,0.1,7,0.24
0.08527738337011764,9,20,hcrd_adaptive_guided,0.1,7,0.5714285714285714
0.06777465875772322,9,20,hcrd_quadratic_guided,0.1,7,0.8571428571428571
0.9526810283397456,120,20,hcrd_raw,0.1,8,0.112
0.5006882320308568,2,20,hcrd_robust,0.1,8,0.0
0.35552087303399627,21,20,hcrd_gaussian_guided,0.1,8,0.15384615384615385
0.08992830739132641,9,20,hcrd_adaptive_guided,0.1,8,0.2857142857142857
0.07706914109007237,9,20,hcrd_quadratic_guided,0.1,8,0.5714285714285714
0.9310849023088303,122,20,hcrd_raw,0.1,9,0.11023622047244094
0.35345266976849493,2,20,hcrd_robust,0.1,9,0.0
0.5172327093762198,25,20,hcrd_gaussian_guided,0.1,9,0.13333333333333333
0.08709810842685925,9,20,hcrd_adaptive_guided,0.1,9,0.42857142857142855
0.07423278736459916,9,20,hcrd_quadratic_guided,0.1,9,0.5714285714285714
1.0848383792432112,122,21,hcrd_raw,0.1,0,0.11023622047244094
0.2778585480912506,2,21,hcrd_robust,0.1,0,0.0
0.27557480274454677,21,21,hcrd_gaussian_guided,0.1,0,0.3846153846153846
0.0946673828596751,9,21,hcrd_adaptive_guided,0.1,0,0.7142857142857143
0.07323678849379552,9,21,hcrd_quadratic_guided,0.1,0,0.7142857142857143
1.0383551135810485,123,21,hcrd_raw,0.1,1,0.109375
0.2801326713953287,3,21,hcrd_robust,0.1,1,0.0
0.3298845827132923,20,21,hcrd_gaussian_guided,0.1,1,0.24
0.09450689980293744,9,21,hcrd_adaptive_guided,0.1,1,0.5714285714285714
0.06903928445149159,9,21,hcrd_quadratic_guided,0.1,1,0.7142857142857143
1.0662464149344382,123,21,hcrd_raw,0.1,2,0.109375
0.12553429839207267,2,21,hcrd_robust,0.1,2,0.0
0.35097984667162485,18,21,hcrd_gaussian_guided,0.1,2,0.34782608695652173
0.09827495733589907,9,21,hcrd_adaptive_guided,0.1,2,0.7142857142857143
0.06477977254735229,9,21,hcrd_quadratic_guided,0.1,2,0.7142857142857143
1.0850709167518597,121,21,hcrd_raw,0.1,3,0.1111111111111111
0.19407503911426938,2,21,hcrd_robust,0.1,3,0.0
0.4141863845199933,22,21,hcrd_gaussian_guided,0.1,3,0.29629629629629634
0.09698010720956447,9,21,hcrd_adaptive_guided,0.1,3,0.5714285714285714
0.06332208723369495,9,21,hcrd_quadratic_guided,0.1,3,0.7142857142857143
1.0835594171525147,123,21,hcrd_raw,0.1,4,0.109375
0.12302346721552823,2,21,hcrd_robust,0.1,4,0.0
0.48484688978848595,22,21,hcrd_gaussian_guided,0.1,4,0.4444444444444444
0.10052327078588544,9,21,hcrd_adaptive_guided,0.1,4,0.5714285714285714
0.07051717892169301,9,21,hcrd_quadratic_guided,0.1,4,0.5714285714285714
1.0393096817039047,118,21,hcrd_raw,0.1,5,0.11382113821138212
0.24668245269538053,2,21,hcrd_robust,0.1,5,0.0
0.4911795254184239,21,21,hcrd_gaussian_guided,0.1,5,0.23076923076923078
0.09672853381454634,9,21,hcrd_adaptive_guided,0.1,5,0.5714285714285714
0.06730973222048288,9,21,hcrd_quadratic_guided,0.1,5,0.7142857142857143
1.081538750380644,123,21,hcrd_raw,0.1,6,0.109375
0.21728553078661736,2,21,hcrd_robust,0.1,6,0.0
0.3060657913396421,19,21,hcrd_gaussian_guided,0.1,6,0.4166666666666667
0.10446146343640977,9,21,hcrd_adaptive_guided,0.1,6,0.5714285714285714
0.06490471277178654,9,21,hcrd_quadratic_guided,0.1,6,0.7142857142857143
1.051529729673099,125,21,hcrd_raw,0.1,7,0.10769230769230768
0.1826328358749645,2,21,hcrd_robust,0.1,7,0.0
0.42821863269841853,20,21,hcrd_gaussian_guided,0.1,7,0.24
0.10858364765591241,9,21,hcrd_adaptive_guided,0.1,7,0.5714285714285714
0.07656176118329712,9,21,hcrd_quadratic_guided,0.1,7,0.5714285714285714
1.0776680895383304,121,21,hcrd_raw,0.1,8,0.1111111111111111
0.1819589163476902,2,21,hcrd_robust,0.1,8,0.0
0.3414664828211087,19,21,hcrd_gaussian_guided,0.1,8,0.25
0.09479555707366583,9,21,hcrd_adaptive_guided,0.1,8,0.5714285714285714
0.06912074990451163,9,21,hcrd_quadratic_guided,0.1,8,0.7142857142857143
1.0555872716358286,126,21,hcrd_raw,0.1,9,0.10687022900763359
0.28578386050488586,2,21,hcrd_robust,0.1,9,0.0
0.5291233418887195,22,21,hcrd_gaussian_guided,0.1,9,0.2222222222222222
0.09813526308744833,9,21,hcrd_adaptive_guided,0.1,9,0.5714285714285714
0.0694564701807683,9,21,hcrd_quadratic_guided,0.1,9,0.7142857142857143
1.0422327611769775,125,22,hcrd_raw,0.1,0,0.10769230769230768
0.8046747319232613,2,22,hcrd_robust,0.1,0,0.0
0.5731352717404643,23,22,hcrd_gaussian_guided,0.1,0,0.14285714285714285
0.1311964957545514,9,22,hcrd_adaptive_guided,0.1,0,0.5714285714285714
0.09290823414963365,9,22,hcrd_quadratic_guided,0.1,0,0.7142857142857143
1.0499617183423653,120,22,hcrd_raw,0.1,1,0.112
0.8143273117892067,2,22,hcrd_robust,0.1,1,0.0
0.2551602329675914,16,22,hcrd_gaussian_guided,0.1,1,0.09523809523809523
0.1377226651146729,9,22,hcrd_adaptive_guided,0.1,1,0.7142857142857143
0.09816579378420119,9,22,hcrd_quadratic_guided,0.1,1,0.7142857142857143
1.0622611266396125,121,22,hcrd_raw,0.1,2,0.09523809523809523
0.7052339717652437,2,22,hcrd_robust,0.1,2,0.0
0.34572832875982246,18,22,hcrd_gaussian_guided,0.1,2,0.08695652173913043
0.13610886551833892,9,22,hcrd_adaptive_guided,0.1,2,0.5714285714285714
0.09468596050142232,9,22,hcrd_quadratic_guided,0.1,2,0.7142857142857143
1.0394749232072074,123,22,hcrd_raw,0.1,3,0.109375
0.7241723554843256,2,22,hcrd_robust,0.1,3,0.0
0.3829954704691309,22,22,hcrd_gaussian_guided,0.1,3,0.4444444444444444
0.1331725791956895,9,22,hcrd_adaptive_guided,0.1,3,0.7142857142857143
0.09537424648541759,9,22,hcrd_quadratic_guided,0.1,3,0.7142857142857143
1.1107904174061785,122,22,hcrd_raw,0.1,4,0.11023622047244094
0.5814685084895742,2,22,hcrd_robust,0.1,4,0.0
0.2956270745503403,18,22,hcrd_gaussian_guided,0.1,4,0.43478260869565216
0.13789463118996956,9,22,hcrd_adaptive_guided,0.1,4,0.7142857142857143
0.09196701630872736,9,22,hcrd_quadratic_guided,0.1,4,0.7142857142857143
1.0898757866362847,122,22,hcrd_raw,0.1,5,0.09448818897637795
0.6013470623745458,2,22,hcrd_robust,0.1,5,0.0
0.5209374019433625,23,22,hcrd_gaussian_guided,0.1,5,0.42857142857142855
0.12108473815998357,9,22,hcrd_adaptive_guided,0.1,5,0.7142857142857143
0.08512092695638765,9,22,hcrd_quadratic_guided,0.1,5,0.7142857142857143
1.0430661859596146,121,22,hcrd_raw,0.1,6,0.1111111111111111
0.7171708452129899,2,22,hcrd_robust,0.1,6,0.0
0.5018015371462973,23,22,hcrd_gaussian_guided,0.1,6,0.21428571428571427
0.12569385360002533,9,22,hcrd_adaptive_guided,0.1,6,0.5714285714285714
0.08582529843769857,9,22,hcrd_quadratic_guided,0.1,6,0.5714285714285714
1.040032275606201,123,22,hcrd_raw,0.1,7,0.109375
0.5189229730824663,2,22,hcrd_robust,0.1,7,0.0
0.49790819452725615,25,22,hcrd_gaussian_guided,0.1,7,0.2
0.12489106008674859,9,22,hcrd_adaptive_guided,0.1,7,0.7142857142857143
0.09535393901922308,9,22,hcrd_quadratic_guided,0.1,7,0.7142857142857143
1.080114499250073,124,22,hcrd_raw,0.1,8,0.10852713178294575
0.7605694386167434,2,22,hcrd_robust,0.1,8,0.0
0.2506421574992918,17,22,hcrd_gaussian_guided,0.1,8,0.09090909090909091
0.12335662264751868,9,22,hcrd_adaptive_guided,0.1,8,0.5714285714285714
0.09158999898766997,9,22,hcrd_quadratic_guided,0.1,8,0.7142857142857143
1.0749971293112734,125,22,hcrd_raw,0.1,9,0.10769230769230768
0.5075988967267183,2,22,hcrd_robust,0.1,9,0.0
0.5344587384210868,22,22,hcrd_gaussian_guided,0.1,9,0.14814814814814817
0.13761641154540913,9,22,hcrd_adaptive_guided,0.1,9,0.7142857142857143
0.08875592604299777,9,22,hcrd_quadratic_guided,0.1,9,0.7142857142857143
0.7664109472492856,126,23,hcrd_raw,0.1,0,0.10687022900763359
0.16257693490208305,2,23,hcrd_robust,0.1,0,0.0
0.28538225755245816,22,23,hcrd_gaussian_guided,0.1,0,0.14814814814814817
0.11351038675666442,9,23,hcrd_adaptive_guided,0.1,0,0.5714285714285714
0.08980532891960558,9,23,hcrd_quadratic_guided,0.1,0,0.5714285714285714
0.78892541680392,123,23,hcrd_raw,0.1,1,0.109375
0.40704524209361626,3,23,hcrd_robust,0.1,1,0.0
0.4406094183179416,24,23,hcrd_gaussian_guided,0.1,1,0.13793103448275862
0.12494994226557396,9,23,hcrd_adaptive_guided,0.1,1,0.42857142857142855
0.10830247480605465,9,23,hcrd_quadratic_guided,0.1,1,0.42857142857142855
0.7778500790236589,124,23,hcrd_raw,0.1,2,0.10852713178294575
0.14000919932614675,2,23,hcrd_robust,0.1,2,0.0
0.415475364106403,25,23,hcrd_gaussian_guided,0.1,2,0.13333333333333333
0.1207767432842935,9,23,hcrd_adaptive_guided,0.1,2,0.5714285714285714
0.10091340139526728,9,23,hcrd_quadratic_guided,0.1,2,0.5714285714285714
0.7794040524959297,125,23,hcrd_raw,0.1,3,0.10769230769230768
0.1527164057004775,2,23,hcrd_robust,0.1,3,0.0
0.3619077744438574,23,23,hcrd_gaussian_guided,0.1,3,0.35714285714285715
0.12076230818051129,9,23,hcrd_adaptive_guided,0.1,3,0.5714285714285714
0.09458657193269408,9,23,hcrd_quadratic_guided,0.1,3,0.5714285714285714
0.7790971955467174,120,23,hcrd_raw,0.1,4,0.112
0.18309443575686787,2,23,hcrd_robust,0.1,4,0.0
0.45625525223073204,27,23,hcrd_gaussian_guided,0.1,4,0.25
0.12079880122675123,9,23,hcrd_adaptive_guided,0.1,4,0.5714285714285714
0.1027499063274927,9,23,hcrd_quadratic_guided,0.1,4,0.5714285714285714
0.7810438978558166,124,23,hcrd_raw,0.1,5,0.10852713178294575
0.14875178985841042,2,23,hcrd_robust,0.1,5,0.0
0.3650418945526581,23,23,hcrd_gaussian_guided,0.1,5,0.07142857142857142
0.11970727809394953,9,23,hcrd_adaptive_guided,0.1,5,0.7142857142857143
0.0953859996541361,9,23,hcrd_quadratic_guided,0.1,5,0.7142857142857143
0.7892201889592613,121,23,hcrd_raw,0.1,6,0.1111111111111111
0.09368575542882762,2,23,hcrd_robust,0.1,6,0.0
0.31282038182254623,21,23,hcrd_gaussian_guided,0.1,6,0.15384615384615385
0.12338913885580391,9,23,hcrd_adaptive_guided,0.1,6,0.5714285714285714
0.1013496731397632,9,23,hcrd_quadratic_guided,0.1,6,0.7142857142857143
0.7651391528754069,121,23,hcrd_raw,0.1,7,0.09523809523809523
0.10467198659625282,2,23,hcrd_robust,0.1,7,0.0
0.2855457880276284,25,23,hcrd_gaussian_guided,0.1,7,0.13333333333333333
0.11675907606975638,9,23,hcrd_adaptive_guided,0.1,7,0.5714285714285714
0.0969311024718493,9,23,hcrd_quadratic_guided,0.1,7,0.5714285714285714
0.7963076903617385,124,23,hcrd_raw,0.1,8,0.10852713178294575
0.08434336654667886,2,23,hcrd_robust,0.1,8,0.0
0.3086926422690411,23,23,hcrd_gaussian_guided,0.1,8,0.21428571428571427
0.11988814189971725,9,23,hcrd_adaptive_guided,0.1,8,0.5714285714285714
0.09708314909349071,9,23,hcrd_quadratic_guided,0.1,8,0.5714285714285714
0.7688132986558976,126,23,hcrd_raw,0.1,9,0.10687022900763359
0.10979120940137523,2,23,hcrd_robust,0.1,9,0.0
0.2931919500603042,23,23,hcrd_gaussian_guided,0.1,9,0.14285714285714285
0.11731071574068848,9,23,hcrd_adaptive_guided,0.1,9,0.5714285714285714
0.0964292738672872,9,23,hcrd_quadratic_guided,0.1,9,0.5714285714285714
0.5728879466474728,123,24,hcrd_raw,0.1,0,0.109375
0.9061417743066856,2,24,hcrd_robust,0.1,0,0.0
0.26757828110710175,24,24,hcrd_gaussian_guided,0.1,0,0.20689655172413793
0.08039663640671373,9,24,hcrd_adaptive_guided,0.1,0,0.5714285714285714
0.03901486907302199,9,24,hcrd_quadratic_guided,0.1,0,0.5714285714285714
0.5534788778179672,123,24,hcrd_raw,0.1,1,0.109375
0.671855559197402,2,24,hcrd_robust,0.1,1,0.0
0.2989578730054866,25,24,hcrd_gaussian_guided,0.1,1,0.3333333333333333
0.07676454497621008,9,24,hcrd_adaptive_guided,0.1,1,0.5714285714285714
0.035396371608513486,9,24,hcrd_quadratic_guided,0.1,1,0.5714285714285714
0.5724831118026117,123,24,hcrd_raw,0.1,2,0.109375
0.7025331476537182,2,24,hcrd_robust,0.1,2,0.0
0.27594203350986496,26,24,hcrd_gaussian_guided,0.1,2,0.25806451612903225
0.07262881860681744,9,24,hcrd_adaptive_guided,0.1,2,0.5714285714285714
0.032382178808664765,9,24,hcrd_quadratic_guided,0.1,2,0.5714285714285714
0.5546153106521677,123,24,hcrd_raw,0.1,3,0.109375
0.8511127306528671,2,24,hcrd_robust,0.1,3,0.0
0.20131673205221678,22,24,hcrd_gaussian_guided,0.1,3,0.29629629629629634
0.07557933864688511,9,24,hcrd_adaptive_guided,0.1,3,0.5714285714285714
0.033215910802693725,9,24,hcrd_quadratic_guided,0.1,3,0.5714285714285714
0.5432365453658429,123,24,hcrd_raw,0.1,4,0.109375
0.6117485083944662,2,24,hcrd_robust,0.1,4,0.0
0.39506836738224743,30,24,hcrd_gaussian_guided,0.1,4,0.17142857142857143
0.0803525280006413,9,24,hcrd_adaptive_guided,0.1,4,0.5714285714285714
0.038945172511946104,9,24,hcrd_quadratic_guided,0.1,4,0.5714285714285714
0.5632114115580573,123,24,hcrd_raw,0.1,5,0.109375
0.6704148693023397,2,24,hcrd_robust,0.1,5,0.0
0.23064564335321192,22,24,hcrd_gaussian_guided,0.1,5,0.37037037037037035
0.07333135164699855,9,24,hcrd_adaptive_guided,0.1,5,0.5714285714285714
0.034005633023336305,9,24,hcrd_quadratic_guided,0.1,5,0.5714285714285714
0.5828736409715471,122,24,hcrd_raw,0.1,6,0.11023622047244094
0.6843449609060968,2,24,hcrd_robust,0.1,6,0.0
0.2868024583623077,24,24,hcrd_gaussian_guided,0.1,6,0.27586206896551724
0.08134029473533688,9,24,hcrd_adaptive_guided,0.1,6,0.5714285714285714
0.03913464962554505,9,24,hcrd_quadratic_guided,0.1,6,0.5714285714285714
0.583406908316589,124,24,hcrd_raw,0.1,7,0.10852713178294575
0.7230918788466009,2,24,hcrd_robust,0.1,7,0.0
0.4147669944537518,33,24,hcrd_gaussian_guided,0.1,7,0.2105263157894737
0.076277944733928,9,24,hcrd_adaptive_guided,0.1,7,0.5714285714285714
0.03425790459908591,9,24,hcrd_quadratic_guided,0.1,7,0.5714285714285714
0.5691194960856887,126,24,hcrd_raw,0.1,8,0.10687022900763359
0.7581887814448948,2,24,hcrd_robust,0.1,8,0.0
0.28166685508306016,24,24,hcrd_gaussian_guided,0.1,8,0.27586206896551724
0.0798635448196001,9,24,hcrd_adaptive_guided,0.1,8,0.5714285714285714
0.04156014491721495,9,24,hcrd_quadratic_guided,0.1,8,0.5714285714285714
0.5912011284429268,123,24,hcrd_raw,0.1,9,0.109375
0.7842414579920342,2,24,hcrd_robust,0.1,9,0.0
0.29457549515755,22,24,hcrd_gaussian_guided,0.1,9,0.14814814814814817
0.07524742218513826,9,24,hcrd_adaptive_guided,0.1,9,0.5714285714285714
0.03608900418978939,9,24,hcrd_quadratic_guided,0.1,9,0.5714285714285714
0.902848274747779,122,25,hcrd_raw,0.1,0,0.11023622047244094
0.5384080169424931,2,25,hcrd_robust,0.1,0,0.0
0.31876873967170466,23,25,hcrd_gaussian_guided,0.1,0,0.21428571428571427
0.12951789926459042,9,25,hcrd_adaptive_guided,0.1,0,0.7142857142857143
0.09740258837566938,9,25,hcrd_quadratic_guided,0.1,0,0.8571428571428571
0.9288777543864013,124,25,hcrd_raw,0.1,1,0.10852713178294575
0.6314320284381628,2,25,hcrd_robust,0.1,1,0.0
0.35023189392383614,20,25,hcrd_gaussian_guided,0.1,1,0.16
0.13438449499374758,9,25,hcrd_adaptive_guided,0.1,1,0.7142857142857143
0.10633045272749324,9,25,hcrd_quadratic_guided,0.1,1,0.5714285714285714
0.9208753496808381,121,25,hcrd_raw,0.1,2,0.1111111111111111
0.5324009541277126,2,25,hcrd_robust,0.1,2,0.0
0.42301438474296366,24,25,hcrd_gaussian_guided,0.1,2,0.27586206896551724
0.12985723720306985,9,25,hcrd_adaptive_guided,0.1,2,0.5714285714285714
0.1022699512895907,9,25,hcrd_quadratic_guided,0.1,2,0.7142857142857143
0.9213387627274013,125,25,hcrd_raw,0.1,3,0.10769230769230768
0.6092389749594636,2,25,hcrd_robust,0.1,3,0.0
0.33181629996700157,23,25,hcrd_gaussian_guided,0.1,3,0.14285714285714285
0.13379540706148757,9,25,hcrd_adaptive_guided,0.1,3,0.7142857142857143
0.1080713622482872,9,25,hcrd_quadratic_guided,0.1,3,0.7142857142857143
0.9154278388467161,124,25,hcrd_raw,0.1,4,0.10852713178294575
0.5552897153802668,2,25,hcrd_robust,0.1,4,0.0
0.3995978687063345,21,25,hcrd_gaussian_guided,0.1,4,0.3076923076923077
0.12627914622678862,9,25,hcrd_adaptive_guided,0.1,4,0.7142857142857143
0.08953141864531146,9,25,hcrd_quadratic_guided,0.1,4,0.8571428571428571
0.9151949640525521,123,25,hcrd_raw,0.1,5,0.109375
0.5000239511410153,2,25,hcrd_robust,0.1,5,0.0
0.3046052035724885,16,25,hcrd_gaussian_guided,0.1,5,0.19047619047619047
0.13622741920288703,9,25,hcrd_adaptive_guided,0.1,5,0.5714285714285714
0.10357544719289048,9,25,hcrd_quadratic_guided,0.1,5,0.7142857142857143
0.9209187373332113,123,25,hcrd_raw,0.1,6,0.109375
0.5924254445206392,2,25,hcrd_robust,0.1,6,0.0
0.41472317166373035,21,25,hcrd_gaussian_guided,0.1,6,0.3846153846153846
0.13242025807753227,9,25,hcrd_adaptive_guided,0.1,6,0.5714285714285714
0.10330650026754572,9,25,hcrd_quadratic_guided,0.1,6,0.7142857142857143
0.9255560877400475,122,25,hcrd_raw,0.1,7,0.11023622047244094
0.6985278704263088,2,25,hcrd_robust,0.1,7,0.0
0.3634959902089004,23,25,hcrd_gaussian_guided,0.1,7,0.21428571428571427
0.13921884903361229,9,25,hcrd_adaptive_guided,0.1,7,0.5714285714285714
0.10802274613624958,9,25,hcrd_quadratic_guided,0.1,7,0.7142857142857143
0.9279712961266489,125,25,hcrd_raw,0.1,8,0.10769230769230768
0.5331821577580189,2,25,hcrd_robust,0.1,8,0.0
0.21568022988553917,15,25,hcrd_gaussian_guided,0.1,8,0.2
0.13336967987401147,9,25,hcrd_adaptive_guided,0.1,8,0.7142857142857143
0.09777695813710197,9,25,hcrd_quadratic_guided,0.1,8,0.8571428571428571
0.930172155757337,123,25,hcrd_raw,0.1,9,0.109375
0.5642509525134413,2,25,hcrd_robust,0.1,9,0.0
0.47337124156840676,28,25,hcrd_gaussian_guided,0.1,9,0.18181818181818182
0.1335373163390038,9,25,hcrd_adaptive_guided,0.1,9,0.7142857142857143
0.10090299859639303,9,25,hcrd_quadratic_guided,0.1,9,0.8571428571428571
0.46901946330931615,123,26,hcrd_raw,0.1,0,0.109375
0.34923454803540294,2,26,hcrd_robust,0.1,0,0.0
0.31749997590175133,29,26,hcrd_gaussian_guided,0.1,0,0.2941176470588235
0.07143798884922231,9,26,hcrd_adaptive_guided,0.1,0,0.7142857142857143
0.05524305904969896,9,26,hcrd_quadratic_guided,0.1,0,0.5714285714285714
0.47643055000524775,121,26,hcrd_raw,0.1,1,0.1111111111111111
0.27388637158926193,2,26,hcrd_robust,0.1,1,0.0
0.2631067604555896,25,26,hcrd_gaussian_guided,0.1,1,0.2
0.06587434778236133,9,26,hcrd_adaptive_guided,0.1,1,0.8571428571428571
0.04834154038162082,9,26,hcrd_quadratic_guided,0.1,1,0.7142857142857143
0.47093362464941413,124,26,hcrd_raw,0.1,2,0.10852713178294575
0.3028443187628077,2,26,hcrd_robust,0.1,2,0.0
0.24808541030189535,29,26,hcrd_gaussian_guided,0.1,2,0.2941176470588235
0.0680804656630419,9,26,hcrd_adaptive_guided,0.1,2,0.7142857142857143
0.0450721125027923,9,26,hcrd_quadratic_guided,0.1,2,0.8571428571428571
0.4875331368766775,123,26,hcrd_raw,0.1,3,0.109375
0.283256300815351,2,26,hcrd_robust,0.1,3,0.0
0.35044435309599725,35,26,hcrd_gaussian_guided,0.1,3,0.15000000000000002
0.07106905069471114,9,26,hcrd_adaptive_guided,0.1,3,0.7142857142857143
0.0514341362743195,9,26,hcrd_quadratic_guided,0.1,3,0.7142857142857143
0.4558878276323238,120,26,hcrd_raw,0.1,4,0.112
0.2445645368876832,2,26,hcrd_robust,0.1,4,0.0
0.3277558182940246,30,26,hcrd_gaussian_guided,0.1,4,0.05714285714285715
0.0719573641593551,9,26,hcrd_adaptive_guided,0.1,4,0.7142857142857143
0.051721841445412316,9,26,hcrd_quadratic_guided,0.1,4,0.7142857142857143
0.4899302051003973,123,26,hcrd_raw,0.1,5,0.109375
0.3341694786411037,2,26,hcrd_robust,0.1,5,0.0
0.24318813503196626,25,26,hcrd_gaussian_guided,0.1,5,0.2
0.06792208742127887,9,26,hcrd_adaptive_guided,0.1,5,0.7142857142857143
0.052579579584697604,9,26,hcrd_quadratic_guided,0.1,5,0.7142857142857143
0.48576484952775506,124,26,hcrd_raw,0.1,6,0.10852713178294575
0.2937516590750739,2,26,hcrd_robust,0.1,6,0.0
0.25617360948265766,27,26,hcrd_gaussian_guided,0.1,6,0.125
0.0722660428596365,9,26,hcrd_adaptive_guided,0.1,6,0.8571428571428571
0.05772904855044955,9,26,hcrd_quadratic_guided,0.1,6,0.7142857142857143
0.46783522694305063,125,26,hcrd_raw,0.1,7,0.10769230769230768
0.27518705160659346,2,26,hcrd_robust,0.1,7,0.0
0.35057358411665196,32,26,hcrd_gaussian_guided,0.1,7,0.32432432432432434
0.06815740051393525,9,26,hcrd_adaptive_guided,0.1,7,0.7142857142857143
0.04945667409757839,9,26,hcrd_quadratic_guided,0.1,7,0.7142857142857143
0.46993621564652677,123,26,hcrd_raw,0.1,8,0.109375
0.24717897560818544,2,26,hcrd_robust,0.1,8,0.0
0.28202449236951815,27,26,hcrd_gaussian_guided,0.1,8,0.25
0.0746708813270678,9,26,hcrd_adaptive_guided,0.1,8,0.7142857142857143
0.057004092763694475,9,26,hcrd_quadratic_guided,0.1,8,0.7142857142857143
0.4905718181931914,125,26,hcrd_raw,0.1,9,0.10769230769230768
0.30459346733491344,2,26,hcrd_robust,0.1,9,0.0
0.31769113262701776,30,26,hcrd_gaussian_guided,0.1,9,0.0
0.07524291536116631,9,26,hcrd_adaptive_guided,0.1,9,0.8571428571428571
0.05868782633989488,9,26,hcrd_quadratic_guided,0.1,9,0.7142857142857143
0.7266308041154574,123,27,hcrd_raw,0.1,0,0.109375
0.08190534800038277,2,27,hcrd_robust,0.1,0,0.0
0.4304237667175775,24,27,hcrd_gaussian_guided,0.1,0,0.13793103448275862
0.06989580843738788,9,27,hcrd_adaptive_guided,0.1,0,0.7142857142857143
0.06666492338559261,9,27,hcrd_quadratic_guided,0.1,0,0.7142857142857143
0.7209214472198424,125,27,hcrd_raw,0.1,1,0.10769230769230768
0.055556549009831,2,27,hcrd_robust,0.1,1,0.0
0.3284629950954907,22,27,hcrd_gaussian_guided,0.1,1,0.29629629629629634
0.07639804347613675,9,27,hcrd_adaptive_guided,0.1,1,0.8571428571428571
0.07063329079402222,9,27,hcrd_quadratic_guided,0.1,1,0.8571428571428571
0.6871230105884902,123,27,hcrd_raw,0.1,2,0.109375
0.07278708784865597,2,27,hcrd_robust,0.1,2,0.0
0.28226497143877527,22,27,hcrd_gaussian_guided,0.1,2,0.07407407407407408
0.07365941550901615,9,27,hcrd_adaptive_guided,0.1,2,0.7142857142857143
0.06743640805082397,9,27,hcrd_quadratic_guided,0.1,2,0.5714285714285714
0.6883578979878112,122,27,hcrd_raw,0.1,3,0.11023622047244094
0.10041199211441214,2,27,hcrd_robust,0.1,3,0.0
0.35157232117105,22,27,hcrd_gaussian_guided,0.1,3,0.2222222222222222
0.07597499252265666,9,27,hcrd_adaptive_guided,0.1,3,0.5714285714285714
0.07158118268384568,9,27,hcrd_quadratic_guided,0.1,3,0.5714285714285714
0.7020042767239797,123,27,hcrd_raw,0.1,4,0.109375
0.05920682782051269,2,27,hcrd_robust,0.1,4,0.0
0.22586979765402582,20,27,hcrd_gaussian_guided,0.1,4,0.08
0.08272747671998976,9,27,hcrd_adaptive_guided,0.1,4,0.8571428571428571
0.07808590730312714,9,27,hcrd_quadratic_guided,0.1,4,0.8571428571428571
0.6932299348126579,124,27,hcrd_raw,0.1,5,0.10852713178294575
0.07535012723837613,2,27,hcrd_robust,0.1,5,0.0
0.3386069159565509,26,27,hcrd_gaussian_guided,0.1,5,0.19354838709677416
0.07736595081789036,9,27,hcrd_adaptive_guided,0.1,5,0.5714285714285714
0.07132874739130897,9,27,hcrd_quadratic_guided,0.1,5,0.5714285714285714
0.7064174596739184,124,27,hcrd_raw,0.1,6,0.10852713178294575
0.05604881883953069,2,27,hcrd_robust,0.1,6,0.0
0.3040248337377439,24,27,hcrd_gaussian_guided,0.1,6,0.13793103448275862
0.07071507104570562,9,27,hcrd_adaptive_guided,0.1,6,0.7142857142857143
0.06975789789274198,9,27,hcrd_quadratic_guided,0.1,6,0.5714285714285714
0.7247827626529728,126,27,hcrd_raw,0.1,7,0.10687022900763359
0.0924175165319012,2,27,hcrd_robust,0.1,7,0.0
0.36082390068120956,24,27,hcrd_gaussian_guided,0.1,7,0.13793103448275862
0.0734066282441201,9,27,hcrd_adaptive_guided,0.1,7,0.8571428571428571
0.0650258396468939,9,27,hcrd_quadratic_guided,0.1,7,0.8571428571428571
0.7264242481957766,123,27,hcrd_raw,0.1,8,0.109375
0.06395650520699592,2,27,hcrd_robust,0.1,8,0.0
0.5137686355740361,28,27,hcrd_gaussian_guided,0.1,8,0.12121212121212123
0.07540145547684608,9,27,hcrd_adaptive_guided,0.1,8,0.7142857142857143
0.07050602286078693,9,27,hcrd_quadratic_guided,0.1,8,0.7142857142857143
0.717915886529416,125,27,hcrd_raw,0.1,9,0.0923076923076923
0.11070429681823757,2,27,hcrd_robust,0.1,9,0.0
0.44708095244721424,28,27,hcrd_gaussian_guided,0.1,9,0.18181818181818182
0.07366082866339728,9,27,hcrd_adaptive_guided,0.1,9,0.7142857142857143
0.06810760825637208,9,27,hcrd_quadratic_guided,0.1,9,0.7142857142857143
0.9279177600861308,122,28,hcrd_raw,0.1,0,0.11023622047244094
0.18640240854102,2,28,hcrd_robust,0.1,0,0.0
0.5284436927592878,27,28,hcrd_gaussian_guided,0.1,0,0.125
0.16393278361711547,9,28,hcrd_adaptive_guided,0.1,0,0.7142857142857143
0.12278675603000874,9,28,hcrd_quadratic_guided,0.1,0,0.7142857142857143
0.9226155126474619,124,28,hcrd_raw,0.1,1,0.10852713178294575
0.27611121795420634,2,28,hcrd_robust,0.1,1,0.0
0.4131608892351038,25,28,hcrd_gaussian_guided,0.1,1,0.13333333333333333
0.16211596027538258,9,28,hcrd_adaptive_guided,0.1,1,0.7142857142857143
0.1117295225916054,9,28,hcrd_quadratic_guided,0.1,1,0.7142857142857143
0.9083841370817809,122,28,hcrd_raw,0.1,2,0.11023622047244094
0.14992787656009765,2,28,hcrd_robust,0.1,2,0.0
0.3493478089420821,22,28,hcrd_gaussian_guided,0.1,2,0.14814814814814817
0.1640655451766692,9,28,hcrd_adaptive_guided,0.1,2,0.7142857142857143
0.1295885312820418,9,28,hcrd_quadratic_guided,0.1,2,0.5714285714285714
0.8856012669466953,121,28,hcrd_raw,0.1,3,0.1111111111111111
0.201480207330441,2,28,hcrd_robust,0.1,3,0.0
0.4035321756040698,23,28,hcrd_gaussian_guided,0.1,3,0.07142857142857142
0.1539783029412591,9,28,hcrd_adaptive_guided,0.1,3,0.7142857142857143
0.12905629793622322,9,28,hcrd_quadratic_guided,0.1,3,0.5714285714285714
0.8941639539874509,126,28,hcrd_raw,0.1,4,0.10687022900763359
0.15966827750046675,2,28,hcrd_robust,0.1,4,0.0
0.5576792582915925,24,28,hcrd_gaussian_guided,0.1,4,0.13793103448275862
0.15616451183516045,9,28,hcrd_adaptive_guided,0.1,4,0.7142857142857143
0.11452290589862767,9,28,hcrd_quadratic_guided,0.1,4,0.5714285714285714
0.9199348528079482,123,28,hcrd_raw,0.1,5,0.109375
0.17492715359387123,2,28,hcrd_robust,0.1,5,0.0
0.4009602823555361,20,28,hcrd_gaussian_guided,0.1,5,0.08
0.16191249223760473,9,28,hcrd_adaptive_guided,0.1,5,0.7142857142857143
0.1301701491051342,9,28,hcrd_quadratic_guided,0.1,5,0.5714285714285714
0.9216562363766537,123,28,hcrd_raw,0.1,6,0.109375
0.1590376686472384,2,28,hcrd_robust,0.1,6,0.0
0.3413526181391144,22,28,hcrd_gaussian_guided,0.1,6,0.07407407407407408
0.16830933517634716,9,28,hcrd_adaptive_guided,0.1,6,0.5714285714285714
0.135611618248492,9,28,hcrd_quadratic_guided,0.1,6,0.5714285714285714
0.9048175399757777,121,28,hcrd_raw,0.1,7,0.1111111111111111
1.3458694203217016,3,28,hcrd_robust,0.1,7,0.0
0.5325980039214956,25,28,hcrd_gaussian_guided,0.1,7,0.13333333333333333
0.16009324568081404,9,28,hcrd_adaptive_guided,0.1,7,0.5714285714285714
0.12557621280304845,9,28,hcrd_quadratic_guided,0.1,7,0.5714285714285714
0.9213217443494854,124,28,hcrd_raw,0.1,8,0.10852713178294575
0.26414653342694705,2,28,hcrd_robust,0.1,8,0.0
0.5153400441295793,26,28,hcrd_gaussian_guided,0.1,8,0.12903225806451613
0.16528596182052463,9,28,hcrd_adaptive_guided,0.1,8,0.7142857142857143
0.1131280282462404,9,28,hcrd_quadratic_guided,0.1,8,0.7142857142857143
0.897801360819562,121,28,hcrd_raw,0.1,9,0.1111111111111111
0.20234841443949084,2,28,hcrd_robust,0.1,9,0.0
0.42271090900474834,23,28,hcrd_gaussian_guided,0.1,9,0.07142857142857142
0.1594682370665304,9,28,hcrd_adaptive_guided,0.1,9,0.5714285714285714
0.12567292618942627,9,28,hcrd_quadratic_guided,0.1,9,0.5714285714285714
0.6913654704412293,125,29,hcrd_raw,0.1,0,0.10769230769230768
0.11443671033252557,2,29,hcrd_robust,0.1,0,0.0
0.39658627899509025,29,29,hcrd_gaussian_guided,0.1,0,0.4117647058823529
0.04662854662900754,9,29,hcrd_adaptive_guided,0.1,0,0.7142857142857143
0.04104395862565891,9,29,hcrd_quadratic_guided,0.1,0,0.8571428571428571
0.6877884000422942,124,29,hcrd_raw,0.1,1,0.10852713178294575
0.11317493377126758,2,29,hcrd_robust,0.1,1,0.0
0.1838233803695779,22,29,hcrd_gaussian_guided,0.1,1,0.14814814814814817
0.04192087211163426,9,29,hcrd_adaptive_guided,0.1,1,0.7142857142857143
0.03640693765484809,9,29,hcrd_quadratic_guided,0.1,1,0.8571428571428571
0.7071278600474311,127,29,hcrd_raw,0.1,2,0.10606060606060606
0.11902083680630099,2,29,hcrd_robust,0.1,2,0.0
0.364150443202378,26,29,hcrd_gaussian_guided,0.1,2,0.19354838709677416
0.051677688001878365,9,29,hcrd_adaptive_guided,0.1,2,0.5714285714285714
0.037604439316251695,9,29,hcrd_quadratic_guided,0.1,2,0.7142857142857143
0.6820699270205981,119,29,hcrd_raw,0.1,3,0.11290322580645161
0.07456745286743449,2,29,hcrd_robust,0.1,3,0.0
0.21787213570370362,23,29,hcrd_gaussian_guided,0.1,3,0.35714285714285715
0.03848146858820592,9,29,hcrd_adaptive_guided,0.1,3,0.7142857142857143
0.03516892077419026,9,29,hcrd_quadratic_guided,0.1,3,0.8571428571428571
0.7004541253603477,125,29,hcrd_raw,0.1,4,0.10769230769230768
0.12301433704042485,2,29,hcrd_robust,0.1,4,0.0
0.3517300240231115,29,29,hcrd_gaussian_guided,0.1,4,0.23529411764705882
0.0500062485679699,9,29,hcrd_adaptive_guided,0.1,4,0.5714285714285714
0.038935102630231304,9,29,hcrd_quadratic_guided,0.1,4,0.8571428571428571
0.66834664061505,125,29,hcrd_raw,0.1,5,0.10769230769230768
0.12002103640394857,2,29,hcrd_robust,0.1,5,0.0
0.38557923281503376,23,29,hcrd_gaussian_guided,0.1,5,0.14285714285714285
0.04492792557592658,9,29,hcrd_adaptive_guided,0.1,5,0.7142857142857143
0.03312145762732154,9,29,hcrd_quadratic_guided,0.1,5,0.7142857142857143
0.6768485380788186,123,29,hcrd_raw,0.1,6,0.109375
0.09926388540861882,2,29,hcrd_robust,0.1,6,0.0
0.3503963605735966,29,29,hcrd_gaussian_guided,0.1,6,0.35294117647058826
0.0453010652146277,9,29,hcrd_adaptive_guided,0.1,6,0.7142857142857143
0.03544445754275937,9,29,hcrd_quadratic_guided,0.1,6,0.8571428571428571
0.7141845701971683,120,29,hcrd_raw,0.1,7,0.112
0.10026448912149306,2,29,hcrd_robust,0.1,7,0.0
0.5204717672162877,34,29,hcrd_gaussian_guided,0.1,7,0.25641025641025644
0.0439429029478727,9,29,hcrd_adaptive_guided,0.1,7,0.7142857142857143
0.03747397422230568,9,29,hcrd_quadratic_guided,0.1,7,0.8571428571428571
0.6985129399561771,123,29,hcrd_raw,0.1,8,0.109375
0.12727422879608663,2,29,hcrd_robust,0.1,8,0.0
0.3930104325039622,27,29,hcrd_gaussian_guided,0.1,8,0.125
0.05327131649148104,9,29,hcrd_adaptive_guided,0.1,8,0.5714285714285714
0.036156944318801496,9,29,hcrd_quadratic_guided,0.1,8,0.8571428571428571
0.7017010157515272,125,29,hcrd_raw,0.1,9,0.10769230769230768
0.09220626059001891,2,29,hcrd_robust,0.1,9,0.0
0.32943204440986934,28,29,hcrd_gaussian_guided,0.1,9,0.30303030303030304
0.04648037008904653,9,29,hcrd_adaptive_guided,0.1,9,0.7142857142857143
0.03852071352325689,9,29,hcrd_quadratic_guided,0.1,9,0.8571428571428571
